669.0,392.0,22.0,65.0
669.49786,393.49353,22.0,65.0
668.00433,392.9957,22.0,65.0
666.8427,392.82974,22.0,65.0
666.67676,392.6638,22.0,65.0
665.51514,392.49783,22.0,65.0
664.6854,393.65945,22.0,65.0
663.8557,391.834,22.0,65.0
663.35785,392.33185,22.0,65.0
661.5324,392.1659,22.0,65.0
660.7027,391.33615,22.0,65.0
659.20917,389.84262,22.0,65.0
657.41626,389.29575,22.48675,66.438126
655.5504,387.0907,22.48675,66.438126
653.6846,385.56412,22.48675,66.438126
651.8187,385.73373,22.48675,66.438126
649.61365,386.24258,22.48675,66.438126
648.0871,384.37677,22.48675,66.438126
646.22125,383.18942,22.48675,66.438126
644.6947,382.34134,22.48675,66.438126
642.82886,381.154,22.48675,66.438126
639.9453,380.64514,22.48675,66.438126
637.401,380.1363,22.48675,66.438126
635.53516,378.94894,22.48675,66.438126
633.6693,379.11856,22.48675,66.438126
631.125,379.28818,22.48675,66.438126
628.24146,379.11856,22.48675,66.438126
626.3756,378.94894,22.48675,66.438126
624.17053,378.10086,22.48675,66.438126
622.3047,378.6097,22.48675,66.438126
619.7604,376.7439,22.48675,66.438126
616.5376,375.55655,22.48675,66.438126
615.01105,374.02997,22.48675,66.438126
613.4845,372.84262,22.48675,66.438126
613.3149,371.31604,22.48675,66.438126
613.14526,371.48566,22.48675,66.438126
612.2972,370.63757,22.48675,66.438126
613.8237,370.46796,22.48675,66.438126
613.6541,369.61987,22.48675,66.438126
615.8592,369.45026,22.48675,66.438126
617.38574,367.92368,22.48675,66.438126
620.2693,366.3971,22.48675,66.438126
622.47437,364.53128,22.48675,66.438126
624.67944,363.0047,22.48675,66.438126
626.8845,360.79965,22.48675,66.438126
628.75037,358.93384,22.48675,66.438126
631.6339,358.08575,22.48675,66.438126
634.1782,357.91614,22.48675,66.438126
636.3833,358.425,22.48675,66.438126
638.24915,357.91614,22.48675,66.438126
640.4542,357.4073,22.48675,66.438126
642.99854,357.91614,22.48675,66.438126
645.2036,355.7111,22.48675,66.438126
647.4087,355.8807,22.48675,66.438126
649.953,353.33643,22.48675,66.438126
652.1581,352.48834,22.48675,66.438126
654.0239,351.301,22.48675,66.438126
655.8898,349.43518,22.48675,66.438126
657.7556,349.26556,22.48675,66.438126
659.9607,348.41748,22.48675,66.438126
661.82654,348.92633,22.48675,66.438126
663.01385,347.73898,22.48675,66.438126
664.8797,348.24783,22.48675,66.438126
666.40625,346.0428,22.48675,66.438126
668.95056,344.85544,22.48675,66.438126
670.8164,342.6504,22.48675,66.438126
672.34296,341.1238,22.48675,66.438126
674.54803,339.258,22.48675,66.438126
676.7531,338.4099,22.48675,66.438126
678.9582,338.57953,22.48675,66.438126
680.1455,338.07068,22.48675,66.438126
681.67206,337.90106,22.48675,66.438126
683.5379,337.05298,22.48675,66.438126
685.06445,337.2226,22.48675,66.438126
686.2518,336.71375,22.48675,66.438126
689.47455,336.2049,22.48675,66.438126
692.01886,333.99985,22.48675,66.438126
693.5454,332.13403,22.48675,66.438126
695.41125,330.60745,22.48675,66.438126
696.9378,330.43784,22.48675,66.438126
698.1251,328.57202,22.48675,66.438126
699.6517,328.4024,22.48675,66.438126
701.5175,327.55432,22.48675,66.438126
702.3656,327.3847,22.48675,66.438126
703.2137,325.85812,22.48675,66.438126
704.401,323.65308,22.48675,66.438126
706.26685,323.8227,22.48675,66.438126
707.1149,321.2784,22.48675,66.438126
706.9453,319.07336,22.48675,66.438126
708.1326,317.20755,22.48675,66.438126
709.31995,316.0202,22.48675,66.438126
708.8111,314.83286,22.48675,66.438126
708.6415,314.66324,22.48675,66.438126
710.5073,315.1721,22.48675,66.438126
709.65924,313.6455,22.48675,66.438126
711.1858,314.15436,22.48675,66.438126
710.67694,312.28854,22.48675,66.438126
712.2035,311.7797,22.48675,66.438126
713.0516,309.91388,22.48675,66.438126
713.2212,307.70883,22.48675,66.438126
713.73004,307.19998,22.48675,66.438126
714.91736,305.33417,22.48675,66.438126
714.74774,305.16455,22.48675,66.438126
716.2743,303.63797,22.48675,66.438126
715.76544,304.48605,22.48675,66.438126
714.5781,302.62024,22.48675,66.438126
716.1047,301.09366,22.48675,66.438126
715.93506,301.26328,22.48675,66.438126
717.3192,300.1733,22.007214,65.02131
718.6738,299.1066,21.537903,63.63471
720.626,296.4967,21.0786,62.27768
720.3909,295.16852,20.629093,60.94959
720.5465,294.7017,20.629093,60.94959
720.7021,294.23486,20.629093,60.94959
719.61285,294.07925,20.629093,60.94959
719.14606,291.74515,20.629093,60.94959
719.516,290.7452,20.18917,59.649822
718.9973,288.00522,19.75863,58.377773
720.9349,286.96194,19.75863,58.377773
721.97815,285.62057,19.75863,58.377773
722.5327,284.2016,20.195791,59.66938
723.59906,282.83057,20.195791,59.66938
724.9701,282.9829,20.195791,59.66938
725.12244,283.13525,20.195791,59.66938
727.2466,281.86267,19.76511,58.39691
728.8866,280.81903,19.76511,58.39691
729.0357,279.47723,19.76511,58.39691
728.58844,276.64453,19.76511,58.39691
730.22845,275.6009,19.76511,58.39691
731.0926,274.18146,20.202414,59.688942
731.54974,272.5052,20.202414,59.688942
732.0069,272.96234,20.202414,59.688942
730.9402,273.11472,20.202414,59.688942
730.7878,273.2671,20.202414,59.688942
732.46405,272.50516,20.202414,59.688942
733.8356,274.18143,20.202414,59.688942
734.9023,275.55292,20.202414,59.688942
734.4451,275.7053,20.202414,59.688942
735.64453,276.46793,20.649391,61.00956
737.0464,277.86978,20.649391,61.00956
738.0173,280.47202,20.209036,59.70851
739.5551,286.25116,19.778072,58.43521
741.49457,292.66626,19.778072,58.43521
743.73236,295.20245,19.778072,58.43521
745.81256,299.13278,19.356298,57.189064
748.0027,301.6149,19.356298,57.189064
750.6015,301.52106,18.94352,55.96949
753.60223,301.09238,18.94352,55.96949
756.03143,304.0931,18.94352,55.96949
758.2993,305.3785,18.539543,54.775925
762.07513,306.63712,18.539543,54.775925
764.2947,307.356,18.144182,53.60781
766.99457,309.6425,17.757252,52.464607
769.37866,311.62204,17.378572,51.345783
772.3937,312.27747,17.378572,51.345783
775.4087,313.45724,17.378572,51.345783
777.9946,315.14188,17.007969,50.25082
782.2566,317.2852,16.64527,49.179207
784.2494,319.3828,16.290304,48.130444
786.0926,318.7684,16.290304,48.130444
788.67303,321.10312,16.290304,48.130444
791.745,321.71753,16.290304,48.130444
794.0797,323.56073,16.290304,48.130444
795.6771,323.92938,16.290304,48.130444
798.50336,326.01834,16.290304,48.130444
801.3296,326.14124,16.290304,48.130444
803.4185,327.73868,16.290304,48.130444
805.2617,329.09036,16.290304,48.130444
806.85913,329.459,16.290304,48.130444
808.8094,332.2225,15.942908,47.104046
810.5045,332.82434,16.295645,48.14622
812.3483,333.9306,16.295645,48.14622
813.35144,335.51025,15.948135,47.119488
814.79694,337.75195,15.608037,46.11465
815.6211,338.3406,15.608037,46.11465
816.91614,340.57755,15.608037,46.11465
817.26935,340.69528,15.608037,46.11465
818.3289,342.2258,15.608037,46.11465
818.44666,343.75632,15.608037,46.11465
819.03534,344.81592,15.608037,46.11465
819.38855,346.5819,15.608037,46.11465
820.2127,347.40604,15.608037,46.11465
821.2723,349.4075,15.608037,46.11465
821.86096,350.70258,15.608037,46.11465
822.2142,350.8203,15.608037,46.11465
822.6522,352.38666,15.953364,47.134937
823.7353,354.1917,15.953364,47.134937
824.337,355.99677,15.953364,47.134937
824.698,356.3578,15.953364,47.134937
825.78107,358.16284,15.953364,47.134937
826.86414,359.9679,15.953364,47.134937
828.18787,361.2916,15.953364,47.134937
828.78955,362.856,15.953364,47.134937
829.8726,363.93903,15.953364,47.134937
830.9557,365.26273,15.953364,47.134937
831.9029,366.36435,16.306332,48.1778
833.1262,367.74557,16.667109,49.243732
834.7606,369.6314,16.667109,49.243732
836.395,371.26578,16.667109,49.243732
837.77795,372.90015,16.667109,49.243732
840.1667,374.53452,16.667109,49.243732
842.72144,375.9463,17.035868,50.33325
847.99005,377.61682,17.035868,50.33325
850.6886,379.80136,17.035868,50.33325
855.9663,381.24435,17.412786,51.446873
861.5957,386.2239,17.041454,50.349754
864.55225,387.895,17.041454,50.349754
870.3368,389.56607,17.041454,50.349754
875.86426,392.5226,17.041454,50.349754
881.3917,394.4508,17.041454,50.349754
887.43335,399.46408,17.041454,50.349754
893.475,401.39227,17.041454,50.349754
899.28796,403.10248,17.418497,51.46374
905.2005,405.59888,17.418497,51.46374
910.8502,410.1975,17.418497,51.46374
916.76276,412.6939,17.418497,51.46374
922.6753,417.02975,17.418497,51.46374
928.325,419.26337,17.418497,51.46374
930.8214,423.5992,17.418497,51.46374
936.73395,426.0956,17.418497,51.46374
942.90924,428.8548,17.418497,51.46374
948.5405,431.8097,17.047043,50.36626
951.49805,437.33896,17.047043,50.36626
954.19836,440.0393,17.047043,50.36626
959.7276,442.73965,17.047043,50.36626
964.9909,447.6146,16.68351,49.292187
967.63367,451.7675,16.68351,49.292187
971.0315,455.1653,16.68351,49.292187
974.1776,457.80807,16.68351,49.292187
977.072,460.9542,16.68351,49.292187
982.2317,463.84863,16.68351,49.292187
984.1194,467.74985,16.68351,49.292187
986.76215,470.6443,16.68351,49.292187
989.4049,473.53873,16.68351,49.292187
991.2926,476.1815,16.68351,49.292187
993.43195,480.33438,16.68351,49.292187
995.5713,483.9839,16.68351,49.292187
997.71063,487.13,16.68351,49.292187
999.3466,490.5278,16.68351,49.292187
1001.5865,493.84317,16.327728,48.241016
1003.7787,498.98724,15.979534,47.21226
1005.6917,503.09216,15.638765,46.205444
1006.42694,507.5644,15.3052635,45.2201
1008.1587,511.6051,15.3052635,45.2201
1009.54596,516.42706,14.978874,44.255768
1011.55707,520.92834,14.659445,43.312
1013.7384,526.3995,14.3468275,42.38836
1015.2474,529.87634,14.040877,41.484413
1017.3367,534.09576,13.741451,40.599747
1018.4769,538.76013,13.741451,40.599747
1020.52167,543.28925,13.448411,39.733944
1022.8548,545.41956,13.448411,39.733944
1024.5792,550.39026,13.448411,39.733944
998.61646,570.858,13.161619,38.886604
1000.19214,574.43036,12.880943,38.057335
1002.1089,579.42505,12.606254,37.24575
1003.9847,583.9466,12.337421,36.451473
1005.9999,588.551,12.074322,35.674133
1008.1477,593.5841,11.8168335,34.913372
1010.0779,597.82245,11.564836,34.168835
1013.48004,604.0161,11.564836,34.168835
1014.963,607.06934,11.564836,34.168835
1016.6205,610.9949,11.564836,34.168835
1018.10345,612.47784,11.564836,34.168835
1021.3311,612.914,11.564836,34.168835
1024.7332,613.52466,11.564836,34.168835
1028.3098,616.7523,11.564836,34.168835
1031.5306,620.6281,11.820707,34.92482
1033.5276,626.9949,12.08224,35.697533
1035.6238,630.7315,12.08224,35.697533
1039.1781,637.3845,12.08224,35.697533
1041.5974,643.5139,12.34956,36.48734
1044.6501,648.81244,12.622794,37.29462
1046.1898,654.821,12.902074,38.119762
1047.9656,661.16437,13.187532,38.96316
1052.464,668.6801,13.479306,39.825222
1053.4752,675.72925,13.777535,40.706356
1057.7291,682.8746,13.483726,39.83828
1050.7112,680.1284,13.483726,39.83828
1051.83,681.8575,13.483726,39.83828
1050.9146,687.0446,13.483726,39.83828
1044.1001,685.7224,13.483726,39.83828
1043.1847,687.6549,13.483726,39.83828
1042.0659,687.5532,13.483726,39.83828
1036.8788,688.8754,13.483726,39.83828
1032.5052,688.5703,13.483726,39.83828
1028.0297,686.9688,13.782053,40.7197
1026.2623,686.2411,13.782053,40.7197
1025.5347,685.9292,13.782053,40.7197
1020.3128,686.01807,14.086981,41.620625
1013.1934,686.9744,14.086981,41.620625
1008.8368,685.8056,14.086981,41.620625
1007.45544,686.54944,14.086981,41.620625
1001.6772,678.70264,14.398655,42.54148
999.8308,679.02844,14.398655,42.54148
996.0294,684.56757,14.398655,42.54148
990.4903,686.63116,14.398655,42.54148
985.93634,684.9211,14.717225,43.48271
983.1245,683.6338,15.042844,44.444767
980.74164,684.4281,15.042844,44.444767
972.2168,682.6415,15.375667,45.42811
966.39124,681.05597,15.715854,46.433205
963.38855,679.92737,16.063566,47.46054
961.3252,679.0252,16.418972,48.510605
959.2197,681.1307,16.418972,48.510605
954.0268,679.4376,16.782242,49.5839
952.1279,679.31104,16.782242,49.5839
946.93774,679.6908,16.782242,49.5839
938.7094,679.05786,16.782242,49.5839
935.5447,680.70355,16.782242,49.5839
936.4308,680.57697,16.782242,49.5839
938.43994,682.4478,16.424355,48.52651
944.75836,684.0584,16.424355,48.52651
946.2476,681.5935,16.787743,49.60016
910.9834,668.0382,17.159172,50.697563
908.783,673.6038,17.159172,50.697563
912.01886,679.94604,17.159172,50.697563
913.57416,681.35986,16.793247,49.61642
915.88544,667.80005,17.164799,50.714184
881.3154,633.23004,17.164799,50.714184
876.00696,641.9049,17.164799,50.714184
874.8417,647.47235,17.164799,50.714184
872.404,652.8802,16.798754,49.63269
874.0513,657.3152,16.798754,49.63269
875.95197,662.5105,16.798754,49.63269
877.3458,668.7195,16.798754,49.63269
879.2465,673.9148,16.798754,49.63269
889.00354,680.37726,16.798754,49.63269
882.28766,682.02454,16.798754,49.63269
880.38696,675.05524,16.798754,49.63269
883.048,679.99713,16.798754,49.63269
884.69525,684.4321,16.798754,49.63269
883.5891,685.85504,17.170425,50.730812
918.1705,683.9123,17.170425,50.730812
922.7228,685.5768,16.80426,49.648964
923.103,686.97107,16.80426,49.648964
933.66705,679.31476,16.445904,48.590183
935.87506,684.0178,16.09519,47.55398
939.6387,679.76855,16.09519,47.55398
925.434,666.53516,16.09519,47.55398
927.2551,673.94104,16.09519,47.55398
929.4161,678.54376,15.751955,46.53988
931.76,683.73553,15.416039,45.5474
934.4346,686.87524,15.416039,45.5474
931.76,686.0613,15.416039,45.5474
934.05396,679.93414,15.087288,44.576088
935.0782,677.77185,15.087288,44.576088
936.66504,678.3568,14.765547,43.62549
940.7945,681.72046,14.450667,42.69516
942.6475,680.3034,14.450667,42.69516
944.2826,684.5545,14.450667,42.69516
962.486,659.3749,14.450667,42.69516
964.55707,664.934,14.450667,42.69516
969.03394,670.2293,14.770389,43.63979
971.5965,677.0256,14.770389,43.63979
978.1699,681.1479,14.770389,43.63979
982.7379,686.6072,14.770389,43.63979
987.2983,691.4754,14.455405,42.709156
992.60223,694.76843,14.14714,41.79837
993.473,694.9055,13.845448,40.90701
983.1337,682.4775,13.845448,40.90701
990.02576,685.4302,13.550189,40.034657
997.16486,690.4873,13.261228,39.180904
1001.83777,697.17206,12.978428,38.34536
1001.1269,701.0722,12.701659,37.527634
999.89294,696.9791,12.982683,38.357933
1020.9842,669.427,13.269925,39.206604
1024.6953,674.18665,12.98694,38.37051
1028.9077,681.3378,12.98694,38.37051
1031.4067,687.12897,12.70999,37.552246
1036.4398,695.01434,12.438945,36.751434
1027.1509,690.2291,12.438945,36.751434
1031.534,694.8716,12.17368,35.967697
1038.2374,685.0461,12.17368,35.967697
1042.7041,687.6423,11.914073,35.200676
1049.2645,695.1014,11.914073,35.200676
1051.1517,698.60626,11.914073,35.200676
1050.1527,694.9104,11.660002,34.450012
1067.1469,696.5494,11.411348,33.715355
1087.2028,697.4962,11.411348,33.715355
1063.2322,677.02966,11.663824,34.461308
1064.5519,681.1648,11.663824,34.461308
1063.5841,688.1153,11.663824,34.461308
1069.4789,691.5466,11.663824,34.461308
1070.9746,693.2182,11.663824,34.461308
1061.4437,688.18164,11.921886,35.223763
1064.4114,692.9478,11.921886,35.223763
1045.4366,682.0665,11.921886,35.223763
1043.3683,680.5378,11.921886,35.223763
1044.5374,686.5629,11.921886,35.223763
1047.3251,690.25,11.921886,35.223763
1048.7523,691.05896,11.667648,34.472607
1051.3046,692.73114,11.667648,34.472607
1054.9193,690.7975,11.925795,35.235313
1056.4486,693.2263,11.925795,35.235313
1060.1368,691.51715,11.925795,35.235313
1058.2316,686.3675,12.189652,36.014896
1059.4269,689.76953,12.189652,36.014896
1058.9672,693.1716,12.189652,36.014896
1041.0374,688.66614,12.189652,36.014896
1045.3326,693.03827,11.929705,35.24687
1046.2405,693.8477,11.6753,34.495216
1047.2987,690.05615,11.42632,33.759594
1048.4192,691.17664,11.42632,33.759594
1049.634,693.75415,11.679128,34.506523
1031.2218,686.6183,11.679128,34.506523
1032.0146,689.70166,11.679128,34.506523
1032.9838,691.5517,11.679128,34.506523
1035.891,692.52075,11.679128,34.506523
1038.622,694.3708,11.679128,34.506523
1034.6576,690.40643,11.679128,34.506523
1035.098,692.96124,11.679128,34.506523
1043.9958,690.75885,11.679128,34.506523
1020.6503,693.666,11.679128,34.506523
1019.8575,695.33984,11.679128,34.506523
1033.5125,680.0991,11.679128,34.506523
1037.4768,685.12067,11.679128,34.506523
1039.8555,689.2612,11.679128,34.506523
1042.0579,693.4018,11.679128,34.506523
1043.7317,694.72327,11.679128,34.506523
1048.4008,685.4731,11.679128,34.506523
1050.2507,684.1516,11.679128,34.506523
1052.4531,688.99695,11.679128,34.506523
1054.8318,692.6089,11.679128,34.506523
1053.8627,693.0494,11.679128,34.506523
1042.4913,685.44696,11.937529,35.26998
1043.747,685.90985,11.682958,34.517838
1045.5975,687.23175,11.682958,34.517838
1048.8582,690.31616,11.682958,34.517838
1048.9463,687.93677,11.682958,34.517838
1050.9731,691.1974,11.682958,34.517838
1054.9388,694.6343,11.682958,34.517838
1061.1183,687.9437,11.941443,35.281544
1064.451,687.85364,11.941443,35.281544
1068.8647,691.90704,11.941443,35.281544
1070.2158,693.2582,11.941443,35.281544
1080.1538,670.62714,11.686789,34.529156
1083.5922,677.198,11.437564,33.792812
1085.9594,682.13196,11.193654,33.07217
1088.2391,688.46454,11.193654,33.07217
1091.3633,694.6283,11.193654,33.07217
1099.2157,695.55707,11.193654,33.07217
1105.0417,696.31696,11.193654,33.07217
1093.4742,693.36176,11.193654,33.07217
1092.3867,694.8355,11.441314,33.80389
1069.3439,685.7737,11.441314,33.80389
1073.2275,689.8299,11.441314,33.80389
1076.261,694.4327,11.197325,33.08301
1077.4387,698.61163,10.958538,32.377506
1081.1584,695.0572,10.958538,32.377506
1083.8862,696.62775,10.958538,32.377506
1074.8761,695.55316,10.958538,32.377506
1080.5797,691.9987,10.958538,32.377506
1083.3075,690.09753,10.958538,32.377506
1086.8502,691.3192,10.724844,31.687046
1093.5648,694.79785,10.724844,31.687046
1087.5192,694.7458,10.496134,31.01131
1086.4899,695.775,10.496134,31.01131
1069.7843,693.3207,10.496134,31.01131
1072.3789,691.41693,10.728361,31.697435
1075.535,695.38226,10.728361,31.697435
1078.8529,694.00653,10.728361,31.697435
1081.5048,695.5869,10.965726,32.398743
1083.4072,694.1808,10.965726,32.398743
1099.8679,696.35986,10.731878,31.70783
1103.8346,693.04083,10.731878,31.70783
1107.1536,698.9503,10.731878,31.70783
1113.225,697.08844,10.731878,31.70783
1135.5309,677.5046,10.969321,32.409367
1139.0889,682.0554,10.969321,32.409367
1143.9707,690.24695,10.969321,32.409367
1147.3632,694.4668,10.969321,32.409367
1148.4388,694.8805,10.969321,32.409367
1151.5004,696.6181,10.969321,32.409367
1152.3234,695.3153,11.212017,33.126423
1142.5974,690.66376,11.212017,33.126423
1143.3585,694.3004,11.212017,33.126423
1143.9506,698.2753,11.212017,33.126423
1140.6522,695.48444,11.212017,33.126423
1121.1158,699.45935,11.212017,33.126423
1120.553,695.67084,11.460083,33.859344
1122.7141,692.2995,11.460083,33.859344
1124.1838,691.34863,11.460083,33.859344
1125.4805,693.6826,11.460083,33.859344
1126.7771,694.11487,11.460083,33.859344
1149.8577,684.00085,11.460083,33.859344
1154.3049,688.20026,11.713637,34.608482
1157.7509,689.70233,11.713637,34.608482
1161.9037,696.1524,11.713637,34.608482
1168.5305,699.5983,11.713637,34.608482
1192.8768,691.4235,11.972801,35.374195
1194.4121,694.04254,11.972801,35.374195
1193.0574,693.04913,11.972801,35.374195
1195.7095,695.2543,11.717478,34.61983
1197.9191,693.7517,11.717478,34.61983
1204.2631,674.7824,11.467599,33.881554
1207.2906,679.36694,11.467599,33.881554
1210.8433,684.82556,11.721319,34.631184
1214.2915,689.1579,11.721319,34.631184
1217.5629,690.66095,11.721319,34.631184
1219.9888,694.52423,11.471358,33.892662
1218.1562,689.5708,11.7251625,34.642536
1219.219,694.1173,11.47512,33.903774
1223.2872,693.16516,11.47512,33.903774
1226.483,691.6227,11.729007,34.653896
1230.1167,690.5968,11.988511,35.420612
1233.6434,685.98486,11.988511,35.420612
1236.9894,687.3413,11.988511,35.420612
1240.5161,691.95325,11.988511,35.420612
1246.3094,695.7302,11.732853,34.665257
1243.1078,693.28485,11.482646,33.92601
1244.2338,689.0407,11.482646,33.92601
1248.4469,688.1502,11.237775,33.202526
1252.6005,692.1343,11.237775,33.202526
1258.2799,694.0839,11.237775,33.202526
1243.276,691.9647,11.237775,33.202526
1245.7343,695.4402,11.237775,33.202526
1245.48,672.97675,11.237775,33.202526
1249.1375,676.7429,11.48641,33.937134
1253.2097,683.24115,11.48641,33.937134
1259.5955,689.8664,11.241459,33.213413
1264.2592,695.3781,11.241459,33.213413
1267.5662,696.65,11.241459,33.213413
1249.231,672.7932,11.490176,33.94826
1253.1128,672.0692,11.245145,33.224304
1257.7781,678.2612,11.245145,33.224304
1262.6699,685.19806,11.493943,33.959393
1266.3981,689.09955,11.493943,33.959393
1269.4326,690.4,11.493943,33.959393
1270.4744,694.3554,11.248832,33.2352
1271.1667,696.1001,11.008947,32.526447
1272.6449,700.20886,10.7741785,31.832811
1272.4414,693.53284,11.012557,32.537113
1250.2621,671.35345,11.012557,32.537113
1227.1292,687.97174,11.25621,33.256996
1231.6292,693.49066,11.25621,33.256996
1238.816,688.8063,11.505254,33.992805
1243.5892,689.9345,11.505254,33.992805
1247.6434,694.3957,11.259901,33.2679
1252.1024,698.2706,11.01978,32.55845
1238.3871,694.69635,11.01978,32.55845
1241.7896,697.0465,10.7847805,31.86413
1235.5533,700.75793,10.554791,31.184618
1236.2699,697.81213,10.554791,31.184618
1227.3147,683.17706,10.788316,31.874578
1220.4489,696.6158,10.558251,31.194843
1228.5123,692.5524,10.791853,31.885029
1232.5314,693.6355,11.0306225,32.590485
1235.9427,694.71716,11.0306225,32.590485
1232.365,695.2996,11.0306225,32.590485
1233.7794,696.7141,11.0306225,32.590485
1219.2185,694.634,11.0306225,32.590485
1220.1338,695.71564,11.0306225,32.590485
1220.8827,696.9637,11.0306225,32.590485
1207.1538,677.74335,11.0306225,32.590485
1208.4019,680.6555,11.0306225,32.590485
1208.76,684.6119,10.795391,31.895483
1209.4246,688.64087,10.565176,31.215302
1209.0261,691.4302,10.565176,31.215302
1207.5037,692.9866,10.79893,31.905941
1206.5981,695.91766,10.56864,31.225536
1188.1827,689.1414,10.56864,31.225536
1186.3491,691.7722,10.56864,31.225536
1185.6316,692.8086,10.56864,31.225536
1184.7546,695.75824,10.56864,31.225536
1183.2537,698.7805,10.343261,30.559643
1182.3862,699.9336,10.122687,29.90795
1181.5375,701.0621,9.906818,29.270153
1176.3812,699.3433,9.906818,29.270153
1172.6277,698.3218,10.126007,29.917755
1168.7322,697.9399,10.126007,29.917755
1166.8226,698.6273,10.126007,29.917755
1168.2739,697.1761,10.126007,29.917755
1171.2528,692.05853,10.126007,29.917755
1170.9926,693.7763,9.910067,29.27975
1171.8909,697.47485,9.698731,28.655352
1172.2567,696.6701,9.698731,28.655352
1173.0614,695.71906,9.698731,28.655352
1174.1588,698.1333,9.698731,28.655352
1174.7559,699.0735,9.491903,28.044268
1173.8251,699.28827,9.491903,28.044268
1170.0304,699.64624,9.491903,28.044268
1153.348,693.1308,9.491903,28.044268
1154.0602,694.23193,9.701912,28.664747
1153.2551,697.3788,9.701912,28.664747
1153.1819,700.3793,9.701912,28.664747
1163.2079,697.2324,9.701912,28.664747
1165.9211,699.16046,9.495016,28.053463
1168.4169,699.8161,9.705093,28.674147
1188.5885,681.65027,9.919819,29.308561
1192.5543,680.8272,9.919819,29.308561
1195.4723,691.4491,10.139295,29.957014
1199.5658,690.2448,10.3636265,30.619814
1204.8035,693.13727,10.3636265,30.619814
1210.0411,696.4987,10.3636265,30.619814
1216.9987,698.2967,10.3636265,30.619814
1219.7463,697.1916,10.142619,29.966837
1225.3313,697.8801,10.142619,29.966837
1205.7505,690.3093,9.926325,29.327785
1209.4194,693.6787,9.926325,29.327785
1212.9386,698.9949,9.926325,29.327785
1216.4799,699.2142,10.145945,29.976664
1222.4155,698.2798,9.92958,29.337402
1225.3367,698.95386,9.92958,29.337402
1234.785,691.55786,10.149272,29.986492
1240.0675,695.7685,10.149272,29.986492
1243.8188,697.2231,10.149272,29.986492
1235.6273,698.52454,10.149272,29.986492
1231.4642,699.22534,10.373825,30.649942
1222.309,678.3324,10.373825,30.649942
1228.3342,683.7317,10.373825,30.649942
1231.699,689.60046,10.373825,30.649942
1236.0028,693.43475,10.373825,30.649942
1239.8661,696.26184,10.603346,31.328072
1241.1594,696.82806,10.837945,32.021206
1240.2601,691.0237,10.837945,32.021206
1243.7754,692.57697,10.837945,32.021206
1246.7937,695.1914,11.077735,32.729675
1250.2197,694.2722,11.077735,32.729675
1254.3142,694.3557,11.077735,32.729675
1250.8105,687.31824,11.32283,33.45382
1252.0917,690.82,11.32283,33.45382
1261.8024,689.1208,11.573348,34.193985
1268.1752,690.2557,11.573348,34.193985
1271.4117,694.57495,11.326543,33.464787
1272.6161,695.53436,11.577143,34.205196
1265.6929,685.6427,11.833287,34.961987
1267.3214,688.68243,12.0950985,35.73552
1268.8724,691.32825,12.0950985,35.73552
1262.5773,686.6753,12.0950985,35.73552
1264.242,687.1319,12.362702,36.52617
1265.2677,688.15765,12.362702,36.52617
1269.0847,689.1763,12.099064,35.74724
1270.5332,693.33997,11.841047,34.984917
1260.6721,671.3614,12.10303,35.758957
1265.3281,675.4696,12.10303,35.758957
1267.4279,677.75195,12.10303,35.758957
1269.5276,684.0513,12.10303,35.758957
1269.2537,686.6988,12.10303,35.758957
1267.1307,686.77673,12.37081,36.550125
1267.9706,687.6166,12.37081,36.550125
1269.8114,692.41345,12.106998,35.770683
1263.1398,688.133,12.374866,36.56211
1264.9811,688.97266,12.110968,35.782413
1267.0271,684.88043,12.378922,36.5741
1268.6145,689.08234,12.378922,36.5741
1266.8307,687.0308,12.652806,37.3833
1267.6897,688.0807,12.652806,37.3833
1268.7395,687.22174,12.652806,37.3833
1267.3123,687.69934,12.93275,38.210407
1267.068,685.15125,13.218886,39.055813
1266.37,684.25385,13.218886,39.055813
1269.4904,688.03406,12.93699,38.222935
1272.356,691.5455,12.661104,37.407818
1265.0022,666.04596,12.661104,37.407818
1266.7448,671.28,12.941231,38.235466
1268.99,678.6013,12.941231,38.235466
1270.4542,683.18933,12.941231,38.235466
1270.1614,689.3392,12.941231,38.235466
1268.8923,690.41296,12.941231,38.235466
1268.1835,691.85565,12.665256,37.420082
1268.9354,690.3514,12.945475,38.248
1270.0095,690.0584,12.945475,38.248
1269.3259,689.3749,12.945475,38.248
1268.9934,691.7592,12.669409,37.43235
1267.9421,685.9297,12.669409,37.43235
1265.9181,682.83856,12.949719,38.26054
1266.4841,682.7193,13.236232,39.107056
1268.5808,674.8318,13.236232,39.107056
1269.8788,680.3231,13.236232,39.107056
1269.0073,684.1375,13.529083,39.972298
1267.0577,689.0951,13.828414,40.856686
1268.2051,690.4511,13.828414,40.856686
1239.3737,680.5839,14.134368,41.76064
1243.1052,681.97,14.134368,41.76064
1248.1477,679.84875,14.447091,42.684593
1252.8495,680.3941,14.766733,43.62899
1260.3124,682.0649,14.766733,43.62899
1262.3447,683.31573,15.093447,44.59428
1261.5477,685.7066,15.093447,44.59428
1263.0278,687.6421,15.093447,44.59428
1262.2308,686.61743,15.093447,44.59428
1264.394,684.4543,15.093447,44.59428
1266.5573,682.7465,15.093447,44.59428
1268.5837,685.0875,14.771574,43.643295
1269.8094,684.5304,14.771574,43.643295
1268.8066,685.9789,14.771574,43.643295
1267.8038,685.6446,14.771574,43.643295
1265.9064,684.3526,15.098395,44.608902
1264.4396,682.5594,15.432447,45.595875
1267.1847,681.5869,15.103346,44.623528
1264.6005,668.9956,14.781262,43.671917
1265.2466,673.9493,15.108298,44.638157
1264.9047,677.938,15.108298,44.638157
1267.07,680.33124,15.108298,44.638157
1268.4393,685.96985,14.786109,43.686234
1237.3798,679.5851,15.113252,44.65279
1237.9497,681.9791,15.113252,44.65279
1239.8877,685.0571,15.113252,44.65279
1240.6857,686.9951,15.113252,44.65279
1261.5477,677.76105,15.113252,44.65279
1263.3912,678.33154,15.447633,45.64073
1265.8383,679.6133,15.447633,45.64073
1267.353,682.7594,15.447633,45.64073
1265.3722,684.9733,15.447633,45.64073
1264.5565,685.55597,15.447633,45.64073
1267.7537,683.4595,15.118207,44.66743
1267.3652,687.12335,14.795807,43.714886
1265.6912,686.1189,14.795807,43.714886
1263.7938,684.668,14.795807,43.714886
1264.5751,685.8957,14.795807,43.714886
1266.6956,686.67694,14.795807,43.714886
1257.1528,677.0458,15.123164,44.68208
1257.7233,678.3006,15.123164,44.68208
1261.2596,680.0117,15.123164,44.68208
1263.4271,684.917,15.123164,44.68208
1265.1383,686.85626,15.123164,44.68208
1266.8495,688.33923,15.123164,44.68208
1268.4401,687.6062,14.800658,43.72922
1266.7705,680.0568,15.128122,44.69673
1266.162,686.1428,14.8055105,43.74356
1266.6427,688.2239,14.4897785,42.810715
1268.1833,689.9048,14.810365,43.7579
1246.6222,678.62146,14.810365,43.7579
1250.9791,679.40344,14.810365,43.7579
1255.336,683.5369,14.810365,43.7579
1260.5867,684.7658,14.810365,43.7579
1264.9436,685.9947,14.810365,43.7579
1266.8428,690.5751,14.810365,43.7579
1260.8629,688.56506,14.494529,42.82475
1251.4277,690.8132,14.185429,41.9115
1266.3273,686.4128,13.88292,41.017723
1264.1093,682.59094,14.19008,41.92524
1264.0022,685.48096,14.19008,41.92524
1264.9656,688.585,14.19008,41.92524
1263.7882,687.19354,14.19008,41.92524
1264.4086,687.95135,14.504035,42.852837
1252.2645,658.7402,14.504035,42.852837
1256.3125,663.00696,14.504035,42.852837
1260.7981,667.05493,14.504035,42.852837
1265.5026,671.5405,14.504035,42.852837
1267.1437,676.46375,14.504035,42.852837
1268.7848,680.2929,14.504035,42.852837
1269.113,680.4023,14.504035,42.852837
1267.4719,680.73047,14.504035,42.852837
1266.4873,685.6537,14.504035,42.852837
1267.2532,687.0759,14.504035,42.852837
1266.2686,686.74774,14.504035,42.852837
1266.9504,689.4191,14.194732,41.938988
1265.5715,690.3993,14.50879,42.866886
1253.4236,681.0968,14.50879,42.866886
1254.9662,682.3258,14.829797,43.815315
1256.526,685.91974,14.513547,42.88094
1257.8414,688.38184,14.2040415,41.96649
1261.1628,690.20325,14.2040415,41.96649
1260.3849,691.9933,13.901136,41.071545
1263.2161,693.9856,13.901136,41.071545
1265.6888,694.1203,13.604691,40.195683
1267.7133,693.4609,13.314567,39.338497
1246.9236,678.6972,13.314567,39.338497
1247.2249,682.6141,13.314567,39.338497
1249.0573,683.1167,13.609152,40.208862
1250.8024,684.45123,13.609152,40.208862
1254.3953,686.4017,13.609152,40.208862
1258.3984,687.55444,13.9102545,41.098484
1261.0216,691.22687,13.9102545,41.098484
1267.0024,692.8008,13.9102545,41.098484
1268.7861,691.6466,13.9102545,41.098484
1266.5826,670.5564,13.9102545,41.098484
1266.6299,673.11847,13.613614,40.222046
1268.4576,679.1891,13.323299,39.3643
1270.0527,683.1928,13.039176,38.524845
1269.3385,684.6464,12.761111,37.703293
1267.7021,689.17053,12.761111,37.703293
1265.5188,692.81976,12.4889765,36.899258
1268.4392,686.8848,12.4889765,36.899258
1269.8523,685.0949,12.4889765,36.899258
1271.2654,686.508,12.4889765,36.899258
1270.7943,690.74725,12.4889765,36.899258
1266.4783,690.50507,12.222646,36.11237
1269.152,691.888,12.222646,36.11237
1256.8899,694.19293,12.222646,36.11237
1255.3198,691.2108,12.493072,36.911354
1265.2146,685.6509,12.493072,36.911354
1267.0737,687.9519,12.226653,36.124207
1269.3794,691.9176,12.226653,36.124207
1269.2871,693.8544,12.226653,36.124207
1268.0994,687.8093,12.497168,36.923454
1269.1364,690.166,12.497168,36.923454
1269.3604,692.286,12.230661,36.13605
1270.4694,691.982,12.501265,36.935562
1270.33,690.64886,12.234672,36.1479
1266.4604,691.1108,12.505363,36.947674
1265.2341,692.903,12.505363,36.947674
1266.3676,695.56995,12.238683,36.15975
1241.7188,697.324,12.238683,36.15975
1243.9779,687.25024,12.509463,36.959785
1243.5061,685.83484,12.509463,36.959785
1242.2753,688.6846,12.242695,36.171608
1243.7686,690.4881,12.513564,36.971905
1247.0577,694.8777,12.790426,37.78991
1264.5205,686.484,12.790426,37.78991
1266.7395,688.896,12.790426,37.78991
1268.9585,685.71216,12.790426,37.78991
1270.2128,682.5283,12.790426,37.78991
1271.0002,680.97845,12.517667,36.984028
1272.6055,682.5836,12.517667,36.984028
1258.9965,696.5383,12.250724,36.19533
1259.8281,698.8485,12.250724,36.19533
1263.4316,699.5027,12.521771,36.996155
1267.8988,697.42755,12.798816,37.814693
1265.8541,696.70874,13.081989,38.651344
1264.1738,695.97406,13.3714285,39.506504
1264.7584,693.96735,13.667272,40.380585
1266.0986,693.24567,13.667272,40.380585
1268.0574,694.9982,13.667272,40.380585
1269.9384,693.161,13.96966,41.274006
1269.4115,694.74164,13.96966,41.274006
1240.0669,687.3976,14.278739,42.187195
1234.8804,681.2319,14.594656,43.120586
1235.747,680.8691,14.9175625,44.07463
1238.335,681.4317,14.9175625,44.07463
1240.698,682.21936,14.9175625,44.07463
1244.4362,683.8823,14.599441,43.134727
1248.045,685.11896,14.922453,44.089085
1252.66,690.1842,14.922453,44.089085
1251.4219,692.548,14.922453,44.089085
1256.7123,692.4354,14.922453,44.089085
1258.1755,693.6736,14.922453,44.089085
1259.6388,694.2364,14.922453,44.089085
1258.1755,693.4485,14.922453,44.089085
1260.9896,694.68665,14.922453,44.089085
1263.427,696.56714,14.604227,43.148872
1269.323,694.3755,14.927345,44.103542
1271.6876,686.1558,14.927345,44.103542
1270.2374,657.9814,15.257613,45.079334
1262.7849,655.69165,15.595188,46.076714
1263.8436,653.2213,15.595188,46.076714
1235.2341,665.2824,15.940231,47.09616
1237.5187,668.5289,15.940231,47.09616
1242.9294,673.93964,15.940231,47.09616
1248.0828,677.80273,15.600301,46.09182
1253.1262,679.9955,15.26762,45.1089
1257.848,684.02625,15.26762,45.1089
1262.1091,686.9054,15.26762,45.1089
1263.376,689.0935,15.26762,45.1089
1265.1034,690.36035,15.26762,45.1089
1266.8308,688.6329,15.26762,45.1089
1265.3285,690.33484,14.942034,44.14694
1267.9866,692.4351,14.62339,43.20549
1237.4976,689.7828,14.946933,44.16141
1238.7378,693.5034,14.946933,44.16141
1240.3271,694.30164,15.277634,45.13848
1266.5927,665.1258,14.951834,44.175888
1265.1265,659.5994,14.951834,44.175888
1255.5399,659.48663,14.951834,44.175888
1257.6827,653.7347,14.951834,44.175888
1260.5023,656.3287,14.951834,44.175888
1263.3219,660.27606,14.951834,44.175888
1265.9159,663.9979,14.951834,44.175888
1266.9309,668.622,14.951834,44.175888
1268.1715,674.5995,14.951834,44.175888
1267.8331,678.77246,14.951834,44.175888
1268.3971,680.68976,14.951834,44.175888
1268.7355,686.2161,14.951834,44.175888
1267.517,690.993,15.282643,45.15328
1266.2715,658.79913,15.620771,46.152294
1264.504,665.5154,15.620771,46.152294
1262.7421,668.7945,15.966381,47.173412
1265.9938,674.45496,15.966381,47.173412
1262.3333,691.09344,15.625894,46.167423
1261.2502,693.0626,15.292666,45.182888
1260.2433,686.6984,15.631017,46.18256
1261.6606,685.82056,15.976853,47.20435
1255.7554,687.8693,15.976853,47.20435
1260.4554,688.4719,15.976853,47.20435
1264.9236,691.18225,15.636142,46.197704
1267.8722,693.4232,15.636142,46.197704
1262.0929,661.93195,15.636142,46.197704
1261.5032,665.35236,15.636142,46.197704
1266.5748,661.93195,15.636142,46.197704
1265.0558,672.0669,15.982091,47.21983
1263.253,676.4225,16.335695,48.26457
1264.7336,680.8564,15.987331,47.235313
1258.426,673.7027,16.341051,48.280396
1259.7819,675.3051,16.341051,48.280396
1264.5895,677.8396,15.992574,47.2508
1266.2716,679.855,15.651527,46.243164
1267.5703,680.6814,15.651527,46.243164
1268.6328,677.72986,15.651527,46.243164
1260.9479,680.6126,15.317754,45.257015
1260.7771,681.8747,14.991098,44.291897
1263.1517,680.40466,14.991098,44.291897
1263.2026,682.72974,14.671409,43.34736
1260.8588,678.6909,14.996014,44.30642
1262.2185,679.4917,15.327801,45.286697
1263.9528,680.99475,15.327801,45.286697
1265.7878,682.25775,15.000931,44.320946
1261.1486,678.07104,15.000931,44.320946
1262.3932,676.14746,15.000931,44.320946
1264.9957,678.07104,15.000931,44.320946
1266.4667,679.0894,15.000931,44.320946
1265.0094,679.4209,15.332827,45.301548
1266.7443,679.7679,15.332827,45.301548
1268.2478,681.2714,15.332827,45.301548
1267.2069,682.3123,15.332827,45.301548
1251.8751,684.0216,15.00585,44.33548
1256.516,681.19183,15.00585,44.33548
1260.9304,681.30505,15.00585,44.33548
1263.9866,681.87103,15.00585,44.33548
1267.461,679.38416,15.337854,45.316402
1266.6512,680.8882,15.337854,45.316402
1250.5697,680.0783,15.337854,45.316402
1251.2402,680.41724,15.677204,46.319027
1257.9807,678.1704,15.677204,46.319027
1262.8375,676.063,16.024063,47.343834
1265.043,675.6647,16.378595,48.391315
1266.649,676.2824,16.378595,48.391315
1268.008,677.6414,16.378595,48.391315
1246.8818,675.54114,16.378595,48.391315
1251.1869,675.3904,16.740973,49.461975
1255.6067,675.76917,16.740973,49.461975
1258.5111,676.1481,16.740973,49.461975
1261.3392,674.6838,17.111366,50.55632
1263.7916,675.5873,17.111366,50.55632
1266.4144,676.7688,17.489956,51.674877
1267.1791,678.7978,17.87692,52.818184
1231.4446,672.45996,17.87692,52.818184
1234.8158,673.4039,17.87692,52.818184
1238.5157,675.13684,17.49569,51.691822
1241.5511,677.1164,17.49569,51.691822
1246.962,679.3599,17.49569,51.691822
1249.9974,681.60345,17.49569,51.691822
1255.1437,680.347,17.882782,52.835503
1256.7653,669.5461,18.278439,54.00449
1259.567,667.08905,18.68285,55.19934
1261.9628,668.35736,18.68285,55.19934
1262.3855,669.90753,18.68285,55.19934
1262.5264,671.17584,18.68285,55.19934
1264.9221,673.0079,18.68285,55.19934
1266.3439,678.3506,18.284433,54.022198
1257.379,681.52277,18.284433,54.022198
1257.2411,682.2124,18.284433,54.022198
1255.751,680.32697,18.688976,55.217438
1254.4822,679.90405,18.688976,55.217438
1257.7246,678.35333,18.688976,55.217438
1259.4192,678.4738,19.10247,56.439125
1261.2924,679.1943,19.10247,56.439125
1264.0302,680.7793,19.10247,56.439125
1266.1915,681.49976,19.10247,56.439125
1235.5,643.0273,19.10247,56.439125
1237.787,640.99023,18.695105,55.235542
1240.0674,640.8181,19.108734,56.45763
1244.824,641.25055,19.108734,56.45763
1247.5626,643.1243,19.108734,56.45763
1253.4723,644.70984,19.108734,56.45763
1256.4012,646.02936,19.531515,57.706757
1259.4951,648.23926,19.531515,57.706757
1262.489,649.8937,19.96365,58.983517
1265.049,652.15247,19.96365,58.983517
1264.6719,663.53,20.405346,60.28853
1265.8833,668.13293,20.856813,61.622414
1222.0717,658.14746,21.31827,62.98581
1223.8406,658.3083,21.31827,62.98581
1226.8959,658.4691,21.31827,62.98581
1232.2025,659.27313,21.31827,62.98581
1236.6146,661.6497,20.863651,61.642616
1240.2343,662.4366,20.863651,61.642616
1245.7424,663.22345,20.863651,61.642616
1249.9916,664.0103,20.863651,61.642616
1255.2198,666.0327,20.418728,60.328068
1258.555,667.4183,19.983292,59.041553
1261.7205,669.07635,19.983292,59.041553
1265.1874,670.433,19.983292,59.041553
1249.0586,674.20135,19.983292,59.041553
1255.2388,664.705,19.983292,59.041553
1261.1174,662.444,19.983292,59.041553
1265.2533,663.7999,19.557142,57.782475
1257.2313,622.2955,19.989843,59.060913
1262.5088,612.49445,19.989843,59.060913
1250.0778,586.2372,19.563555,57.801422
1257.0135,586.0896,19.563555,57.801422
1263.064,585.35175,19.563555,57.801422
1265.4061,582.6966,19.146357,56.56879
1253.9967,575.90875,19.146357,56.56879
1260.8271,567.0419,19.56997,57.820374
1254.1843,564.53235,19.56997,57.820374
1258.17,566.4513,19.56997,57.820374
1263.9271,568.9608,19.56997,57.820374
1261.1224,543.1277,19.56997,57.820374
1248.1942,583.38007,20.002954,59.099648
1255.2858,586.54865,20.002954,59.099648
1258.1526,590.019,20.002954,59.099648
1259.8123,604.0512,20.002954,59.099648
1257.8507,577.94824,20.002954,59.099648
1256.191,574.17615,20.002954,59.099648
1256.6437,571.61115,20.002954,59.099648
1258.3033,568.7443,20.002954,59.099648
1261.7737,568.8952,20.002954,59.099648
1263.8776,561.2358,19.576385,57.83933
1265.652,560.00226,19.158913,56.60589
1239.7833,543.9608,19.158913,56.60589
1242.8182,545.55054,19.158913,56.60589
1249.2908,548.24347,18.750343,55.39875
1252.2609,550.365,18.750343,55.39875
1256.3625,552.7694,18.750343,55.39875
1259.3326,554.6081,18.750343,55.39875
1262.0199,552.4866,18.750343,55.39875
1264.99,553.1937,18.750343,55.39875
1263.4342,551.9208,18.750343,55.39875
1253.1017,544.99817,19.165195,56.624447
1254.4027,543.9862,19.165195,56.624447
1256.2821,544.99817,19.165195,56.624447
1257.5831,544.8536,19.165195,56.624447
1258.8842,545.5764,19.165195,56.624447
1260.4744,544.2753,19.165195,56.624447
1258.3059,542.1069,19.165195,56.624447
1260.1853,540.51666,19.165195,56.624447
1262.3538,539.7938,19.165195,56.624447
1263.6548,538.78186,19.165195,56.624447
1265.6705,541.7544,18.756493,55.416912
1266.6609,543.5937,18.756493,55.416912
1267.0853,542.8863,18.756493,55.416912
1267.9054,542.42,19.17148,56.643013
1268.9177,543.7215,19.17148,56.643013
1267.0552,503.03552,19.59565,57.89624
1265.4581,500.09476,20.029203,59.177193
1264.4005,499.33932,20.029203,59.177193
1261.5143,490.06357,20.47235,60.48649
1263.213,488.98257,20.47235,60.48649
1265.3898,489.43497,20.9253,61.824753
1264.9163,489.90848,20.9253,61.824753
1266.8129,492.2412,20.479063,60.50632
1266.2867,494.2264,20.042341,59.216007
1267.6473,493.77286,20.042341,59.216007
1267.7985,493.01694,20.042341,59.216007
1266.7402,533.0799,20.042341,59.216007
1266.5891,535.0452,20.042341,59.216007
1267.6473,534.5917,20.042341,59.216007
1267.1938,538.3712,20.042341,59.216007
1267.2617,540.897,19.614933,57.95321
1266.4727,541.6576,19.196638,56.71734
1266.2585,543.2393,18.787264,55.507824
1268.2345,543.4214,18.38662,54.324104
1267.541,542.17316,18.38662,54.324104
1266.8475,542.3118,18.38662,54.324104
1259.2195,541.341,18.38662,54.324104
1260.3513,540.1824,17.99452,53.165627
1267.3344,535.5103,18.392649,54.341915
1266.0594,531.14197,18.00042,53.183056
1267.2815,529.37683,18.00042,53.183056
1265.788,534.9438,18.00042,53.183056
1267.1384,535.0598,18.39868,54.35973
1268.3875,531.8678,18.39868,54.35973
1267.416,533.672,18.39868,54.35973
1267.2109,537.3283,18.006323,53.200493
1267.6184,538.00745,18.006323,53.200493
1268.9886,533.7309,17.622334,52.065975
1268.8557,535.99066,17.622334,52.065975
1268.2471,536.9317,18.012228,53.217934
1270.1415,539.7254,17.62811,52.083046
1234.6384,504.22226,17.62811,52.083046
1236.3671,504.6212,17.62811,52.083046
1237.7085,505.81735,17.252186,50.97236
1237.2653,506.73712,16.884277,49.885357
1238.1567,506.8645,16.884277,49.885357
1239.8124,506.22772,16.884277,49.885357
1240.6062,506.6369,16.524216,48.821537
1241.4788,507.75867,16.524216,48.821537
1243.3484,508.13257,16.524216,48.821537
1243.9716,508.2572,16.524216,48.821537
1245.5919,508.6311,16.524216,48.821537
1248.9573,510.50073,16.524216,48.821537
1250.8269,508.6311,16.524216,48.821537
1252.6965,509.25433,16.524216,48.821537
1252.7526,511.33673,16.171831,47.780403
1255.0703,510.97076,16.171831,47.780403
1254.5118,511.075,16.529633,48.837543
1256.3821,512.19714,16.529633,48.837543
1257.5043,514.0674,16.529633,48.837543
1259.3745,511.94775,16.529633,48.837543
1259.8385,510.50195,16.895351,49.918076
1260.9855,509.86475,16.895351,49.918076
1261.8776,508.97266,16.895351,49.918076
1264.0441,507.5708,16.895351,49.918076
1266.2106,511.77643,16.895351,49.918076
1265.5734,512.41364,16.895351,49.918076
1267.8417,513.31445,16.535053,48.853558
1266.7191,514.18756,16.535053,48.853558
1268.0911,516.0585,16.535053,48.853558
1265.7084,480.9675,16.900892,49.934444
1263.7961,478.5453,16.900892,49.934444
1265.8195,477.97183,16.540476,48.869576
1264.946,475.6013,16.540476,48.869576
1266.568,472.48212,16.540476,48.869576
1268.19,477.59753,16.540476,48.869576
1269.3129,483.212,16.540476,48.869576
1269.0005,484.3542,16.906433,49.950813
1270.287,494.84308,16.545898,48.885597
1269.4133,499.71057,16.545898,48.885597
1270.7863,502.33154,16.545898,48.885597
1265.9188,531.162,16.545898,48.885597
1267.7909,533.5333,16.545898,48.885597
1266.9172,531.6612,16.545898,48.885597
1269.1945,532.02686,16.911976,49.96719
1259.0809,531.8711,17.286154,51.072716
1259.6423,534.55225,16.91752,49.983574
1260.6467,534.926,17.29182,51.089462
1260.9568,536.09937,16.923067,49.999966
1268.0537,536.7382,17.29749,51.106216
1269.7499,537.65155,17.29749,51.106216
1268.8365,536.99915,17.29749,51.106216
1269.7499,538.6953,17.29749,51.106216
1269.694,540.4312,17.680197,52.236942
1269.6367,542.48224,18.071371,53.392685
1270.2235,545.8107,17.685993,52.25407
1270.4431,550.9075,18.077295,53.41019
1232.4701,526.69073,18.477255,54.591892
1228.234,526.8698,18.083221,53.427704
1230.28,527.279,18.083221,53.427704
1236.6521,529.2949,17.697592,52.28834
1239.9895,530.2294,17.697592,52.28834
1242.7928,530.6299,17.697592,52.28834
1246.3972,531.29736,17.697592,52.28834
1251.3365,532.7658,17.697592,52.28834
1256.8098,533.4333,17.697592,52.28834
1258.5453,533.8338,17.697592,52.28834
1260.5477,535.83624,17.697592,52.28834
1261.8945,536.52246,17.320185,51.173275
1261.2413,536.1305,17.320185,51.173275
1260.0408,536.04645,16.950827,50.08199
1259.6572,535.66284,16.950827,50.08199
1261.9902,563.09937,17.325863,51.190052
1264.7347,565.3211,17.325863,51.190052
1267.061,568.00836,16.956383,50.098408
1254.0508,559.2965,16.594782,49.030045
1255.4277,557.91956,16.594782,49.030045
1256.8047,559.2965,16.594782,49.030045
1259.183,560.67346,16.594782,49.030045
1261.8116,558.5455,16.594782,49.030045
1264.19,557.66925,16.594782,49.030045
1266.4739,555.1788,16.96194,50.114834
1248.5265,522.78644,16.600222,49.04612
1249.6534,515.8995,16.600222,49.04612
1255.2616,514.85345,16.246218,48.000195
1256.8547,516.69165,16.246218,48.000195
1260.4086,518.77496,16.246218,48.000195
1261.8812,517.0426,15.899762,46.976578
1263.6802,516.20306,15.899762,46.976578
1261.8812,514.40405,15.899762,46.976578
1261.332,515.25305,16.251545,48.015934
1260.2288,513.6594,16.251545,48.015934
1261.332,515.25305,16.251545,48.015934
1260.4739,516.8467,16.251545,48.015934
1259.4038,515.1709,16.61111,49.078285
1260.2809,514.0432,16.61111,49.078285
1260.4061,515.6721,16.61111,49.078285
1261.0326,516.5492,16.61111,49.078285
1262.1603,517.1757,16.61111,49.078285
1264.2904,516.29865,16.61111,49.078285
1266.5206,517.9088,16.256874,48.031677
1265.9075,516.55994,16.256874,48.031677
1267.6173,514.58997,15.910192,47.00739
1266.5145,513.81885,15.570902,46.004944
1264.3032,515.3282,15.238848,45.023876
1262.8088,516.8225,15.238848,45.023876
1261.531,521.18036,14.913875,44.06373
1262.449,522.6261,14.595832,43.124058
1261.8984,530.8834,14.595832,43.124058
1262.8893,532.5349,14.595832,43.124058
1263.2196,532.2046,14.595832,43.124058
1263.9059,532.1338,14.284572,42.204426
1265.0912,531.59503,14.284572,42.204426
1266.923,531.0563,14.284572,42.204426
1268.8408,526.8328,13.979949,41.304405
1246.3795,554.9885,13.979949,41.304405
1247.5394,553.6177,13.979949,41.304405
1247.434,552.8795,13.979949,41.304405
1248.8048,552.35223,13.979949,41.304405
1249.332,551.40314,13.979949,41.304405
1250.2811,551.0868,13.979949,41.304405
1251.33,548.76996,14.289255,42.218266
1253.2484,548.2851,13.984532,41.317947
1254.6198,548.60156,13.984532,41.317947
1253.6704,547.2302,13.984532,41.317947
1254.8308,545.8589,13.984532,41.317947
1256.4131,544.9095,13.984532,41.317947
1258.2063,543.74915,13.984532,41.317947
1259.3667,544.0656,13.984532,41.317947
1260.6348,542.4047,14.293941,42.232105
1261.9304,541.29614,13.989118,41.331493
1261.1918,540.13544,13.989118,41.331493
1262.6631,539.8642,13.690796,40.45009
1263.2616,537.381,13.993705,41.345047
1264.2115,536.43097,13.993705,41.345047
1264.9504,535.0587,13.993705,41.345047
1265.9004,533.4754,13.993705,41.345047
1267.3722,534.6284,13.695285,40.463352
1266.0292,533.69867,13.695285,40.463352
1267.9141,532.28644,13.998293,41.358604
1266.335,528.43286,14.308005,42.273663
1265.3636,528.75665,14.308005,42.273663
1242.5912,499.94025,14.308005,42.273663
1243.8887,498.2409,14.62457,43.20897
1242.4679,496.0461,14.948138,44.164967
1244.0574,492.86694,15.278866,45.142117
1245.921,491.05225,15.616911,46.140884
1213.1163,511.9298,15.962435,47.16175
1214.2,512.53186,15.962435,47.16175
1215.2836,510.00336,15.962435,47.16175
1216.8489,509.64215,15.962435,47.16175
1217.9325,507.11365,15.962435,47.16175
1219.0161,506.99323,15.962435,47.16175
1218.8381,505.5232,15.622031,46.156013
1220.1344,504.227,15.622031,46.156013
1220.9592,504.34485,15.622031,46.156013
1222.2555,502.81293,15.622031,46.156013
1221.902,500.8097,15.622031,46.156013
1223.6696,500.22052,15.622031,46.156013
1225.4371,499.15997,15.622031,46.156013
1224.3544,498.1756,15.288887,45.171722
1225.6229,495.98444,15.288887,45.171722
1224.585,494.48523,15.288887,45.171722
1226.7761,495.06183,15.288887,45.171722
1226.6608,493.10132,15.288887,45.171722
1227.9293,490.6795,15.288887,45.171722
1226.8914,491.2561,15.288887,45.171722
1228.1599,489.06494,15.288887,45.171722
1227.5833,487.10437,15.288887,45.171722
1228.8518,485.83582,15.288887,45.171722
1227.792,484.42776,14.962847,44.208424
1227.6251,483.48492,14.64376,43.265667
1226.8519,481.82803,14.64376,43.265667
1226.4757,481.33118,14.331477,42.343014
1227.6648,479.27722,14.331477,42.343014
1226.6919,478.3043,14.331477,42.343014
1225.9352,476.68274,14.331477,42.343014
1226.4757,474.84497,14.331477,42.343014
1225.9352,473.0072,14.331477,42.343014
1225.7754,473.97968,14.025854,41.440037
1226.0928,471.54633,14.025854,41.440037
1224.929,469.53616,14.025854,41.440037
1225.8811,467.526,14.025854,41.440037
1224.2942,465.72742,14.025854,41.440037
1225.2463,464.56363,14.025854,41.440037
1224.0825,462.55347,14.025854,41.440037
1223.3419,460.5433,14.025854,41.440037
1224.2941,459.16794,14.025854,41.440037
1224.1882,457.36935,14.025854,41.440037
1223.2361,455.994,14.025854,41.440037
1222.2839,453.98383,14.025854,41.440037
1222.6013,452.82004,14.025854,41.440037
1221.6492,451.02145,14.025854,41.440037
1222.5126,449.72977,13.726748,40.556316
1221.5807,449.21207,13.726748,40.556316
1221.0284,448.3471,13.434021,39.69144
1222.1431,446.62442,13.434021,39.69144
1221.4337,444.69907,13.434021,39.69144
1220.927,442.97638,13.434021,39.69144
1219.996,442.12988,13.147536,38.84501
1221.0869,440.84064,13.147536,38.84501
1221.5828,439.1547,13.147536,38.84501
1221.245,438.32626,12.867161,38.01663
1222.5067,437.84097,12.867161,38.01663
1222.0214,436.57922,12.867161,38.01663
1223.089,434.54102,12.867161,38.01663
1224.1566,433.08514,12.867161,38.01663
1225.2242,432.59985,12.867161,38.01663
1226.0978,431.92044,12.867161,38.01663
1227.264,431.48383,12.592765,37.205914
1228.8788,429.86902,12.592765,37.205914
1230.1136,430.34396,12.592765,37.205914
1232.1084,428.91913,12.592765,37.205914
1234.1031,428.06424,12.592765,37.205914
1235.908,428.72916,12.592765,37.205914
1239.2325,426.7344,12.592765,37.205914
1241.0374,425.49954,12.592765,37.205914
1242.8422,426.16446,12.592765,37.205914
1246.1667,425.8795,12.592765,37.205914
1248.1615,424.26468,12.592765,37.205914
1252.436,424.73962,12.592765,37.205914
1254.0508,423.12482,12.592765,37.205914
1255.7415,424.34555,12.324221,36.412487
1260.524,422.1102,12.596894,37.218113
1262.3984,423.69766,12.328261,36.424427
1264.3513,422.48874,12.328261,36.424427
1265.5602,421.27982,12.328261,36.424427
1267.327,419.69894,12.328261,36.424427
1269.52,421.61108,12.065357,35.647667
1269.2101,423.48242,11.80806,34.88747
1265.3801,424.4622,11.80806,34.88747
1261.7283,425.6201,11.80806,34.88747
1258.6108,427.66867,11.80806,34.88747
1260.0511,427.1903,12.069313,35.659355
1261.5989,426.37094,12.069313,35.659355
1263.1466,425.55157,12.069313,35.659355
1263.2377,424.55014,12.069313,35.659355
1264.4211,423.73077,12.069313,35.659355
1265.8661,423.32126,11.811932,34.89891
1265.777,421.98477,11.811932,34.89891
1266.0443,420.2919,11.811932,34.89891
1266.8462,419.1336,11.811932,34.89891
1266.4008,417.26254,11.811932,34.89891
1265.7771,416.10425,11.811932,34.89891
1266.0444,414.2332,11.811932,34.89891
1266.3118,412.5403,11.811932,34.89891
1265.3317,411.38202,11.811932,34.89891
1264.708,409.33276,11.811932,34.89891
1264.7971,407.6399,11.811932,34.89891
1264.3517,405.59064,11.811932,34.89891
1263.8765,404.3311,11.560039,34.154682
1263.4404,402.15112,11.560039,34.154682
1262.3174,399.87344,11.8158045,34.910355
1261.6935,398.18002,11.8158045,34.910355
1260.8914,396.8431,11.8158045,34.910355
1259.3762,394.43668,11.8158045,34.910355
1258.2175,393.09976,11.8158045,34.910355
1258.2577,390.9807,11.563828,34.165882
1257.6243,390.25208,11.317226,33.437283
1257.539,388.1179,11.317226,33.437283
1257.4127,387.07562,11.075883,32.724224
1257.1283,386.0556,10.839686,32.02637
1256.883,384.33853,10.839686,32.02637
1257.1283,382.785,10.839686,32.02637
1256.2289,382.5397,10.839686,32.02637
1255.8201,380.65912,10.839686,32.02637
1255.5748,379.43265,10.839686,32.02637
1256.8013,377.55206,10.839686,32.02637
1256.3925,376.3256,10.839686,32.02637
1256.4291,376.43066,10.608527,31.3434
1257.8534,374.83664,10.3822975,30.674992
1258.3416,374.3334,10.160892,30.020838
1260.0013,373.98865,9.944207,29.380634
1262.9268,373.16354,9.944207,29.380634
1264.652,373.5386,9.944207,29.380634
1266.5272,372.26343,9.944207,29.380634
1267.8024,371.43832,9.944207,29.380634
1269.3776,370.4632,9.944207,29.380634
1272.5924,370.99335,9.732144,28.754084
1259.6061,366.98376,9.524604,28.140894
1260.3964,365.6187,9.524604,28.140894
1263.6294,365.83426,9.524604,28.140894
1266.5751,365.9061,9.524604,28.140894
1269.2333,366.26532,9.524604,28.140894
1272.3226,367.0556,9.524604,28.140894
1258.0255,375.60516,9.524604,28.140894
1260.8275,376.25177,9.524604,28.140894
1263.7683,375.7901,9.321488,27.540781
1267.324,376.4226,9.1227045,26.953466
1270.0077,376.62906,9.1227045,26.953466
1272.5591,376.1869,8.92816,26.378675
1273.704,375.58078,8.92816,26.378675
1261.9185,363.79523,8.92816,26.378675
1243.1641,382.1591,9.125695,26.962303
1246.124,382.50327,9.125695,26.962303
1249.3593,381.88373,9.125695,26.962303
1252.4569,381.4019,9.125695,26.962303
1255.8298,380.36935,9.125695,26.962303
1258.7898,379.19916,9.125695,26.962303
1261.612,378.02896,9.125695,26.962303
1264.4343,377.68478,9.125695,26.962303
1267.2566,377.20294,9.125695,26.962303
1269.5282,376.30807,9.125695,26.962303
1271.1115,375.9639,9.125695,26.962303
1272.2816,375.2067,9.125695,26.962303
1273.3142,367.56592,9.125695,26.962303
1272.97,364.4683,9.125695,26.962303
1271.6549,361.38474,9.327601,27.558844
1270.881,360.47006,9.327601,27.558844
1270.1208,366.51596,9.533975,28.168583
1271.6311,367.73853,9.533975,28.168583
1270.6962,368.81726,9.533975,28.168583
1271.7098,371.1171,9.744914,28.791813
1270.4602,388.3912,9.744914,28.791813
1271.4158,392.28708,9.744914,28.791813
1270.6072,393.68372,9.744914,28.791813
1271.8568,393.90424,9.744914,28.791813
1271.2152,394.2721,9.960521,29.428831
1267.5972,414.75934,10.180898,30.079945
1268.1348,416.06485,10.180898,30.079945
1269.5939,412.91623,10.180898,30.079945
1270.7458,409.614,10.180898,30.079945
1272.0514,408.4621,10.180898,30.079945
1269.0564,402.85602,10.180898,30.079945
1267.4437,400.32178,10.180898,30.079945
1267.9813,399.32343,10.180898,30.079945
1269.0521,398.53387,9.963787,29.43848
1270.1116,397.19452,10.184236,30.089808
1270.8756,393.2751,10.409562,30.755545
1269.2267,387.38608,10.409562,30.755545
1268.2059,379.2985,10.409562,30.755545
1267.7872,378.64258,10.187575,30.099674
1269.2473,377.6436,10.187575,30.099674
1270.9683,376.59305,10.412975,30.765629
1272.4607,375.88614,10.412975,30.765629
1265.7448,397.30405,10.643362,31.446318
1266.949,398.34775,10.643362,31.446318
1267.9136,397.67706,10.416389,30.775715
1269.4636,397.32364,10.194257,30.119413
1270.9806,397.2742,9.976861,29.477108
1272.0299,394.0342,9.764101,28.8485
1272.063,381.91867,9.555879,28.233295
1271.5585,380.2608,9.555879,28.233295
1270.7656,381.19785,9.555879,28.233295
1271.5585,375.21512,9.555879,28.233295
1272.2072,373.84558,9.555879,28.233295
1271.4143,371.46692,9.555879,28.233295
1268.8066,373.22693,9.352097,27.631212
1270.3342,370.05386,9.15266,27.041967
1272.0236,359.51187,9.355163,27.64027
1271.554,355.76508,9.562145,28.251812
1273.116,357.80435,9.35823,27.649334
1267.3982,363.66333,9.35823,27.649334
1270.8833,362.55188,9.565281,28.261076
1272.5428,364.06708,9.565281,28.261076
1274.5225,357.76175,9.361299,27.6584
1274.1459,361.52774,9.161666,27.068577
1254.901,342.08472,9.3643675,27.667469
1268.675,342.57916,9.3643675,27.667469
1271.8386,342.53375,9.16467,27.077452
1270.94,337.07248,9.16467,27.077452
1267.611,341.86523,9.367438,27.67654
1270.932,347.02338,9.367438,27.67654
1272.5983,354.60577,9.167675,27.08633
1271.9946,348.06424,9.37051,27.685616
1266.2693,349.97266,9.37051,27.685616
1271.9946,351.59836,9.37051,27.685616
1271.4999,356.75818,9.37051,27.685616
1274.1151,358.38388,9.37051,27.685616
1270.5103,354.6377,9.37051,27.685616
1271.5704,353.8602,9.37051,27.685616
1272.2065,353.36542,9.37051,27.685616
1271.7118,362.0594,9.37051,27.685616
1272.772,363.40234,9.37051,27.685616
1269.2217,371.0894,9.577832,28.29816
1266.404,365.9599,9.577832,28.29816
1269.6711,361.3744,9.7897415,28.924257
1268.4158,364.10666,9.7897415,28.924257
1271.8654,365.62506,9.580973,28.307438
1269.8849,363.8873,9.792952,28.93374
1271.5839,364.99533,9.792952,28.93374
1272.4714,380.75406,9.584114,28.31672
1266.3264,361.4516,9.584114,28.31672
1269.7242,360.51178,9.584114,28.31672
1271.9653,361.4516,9.584114,28.31672
1268.8567,358.19836,9.584114,28.31672
1269.941,358.9936,9.584114,28.31672
1271.6038,359.49963,9.584114,28.31672
1270.3821,372.69254,9.37973,27.712856
1271.8679,374.31982,9.37973,27.712856
1268.967,375.80563,9.37973,27.712856
1268.1887,374.88586,9.37973,27.712856
1270.099,374.5321,9.37973,27.712856
1271.1603,376.1594,9.37973,27.712856
1270.099,376.79617,9.37973,27.712856
1269.7452,376.3009,9.37973,27.712856
1268.684,374.9566,9.37973,27.712856
1270.1698,373.6123,9.37973,27.712856
1271.514,374.24908,9.37973,27.712856
1272.8583,375.31036,9.37973,27.712856
1273.8556,377.13254,9.587256,28.326004
1270.746,364.33234,9.587256,28.326004
1270.0951,364.83856,9.587256,28.326004
1271.3822,366.04675,9.382805,27.721943
1271.205,365.96036,9.5904,28.33529
1270.5402,368.9818,9.385881,27.731031
1258.8584,368.20303,9.385881,27.731031
1266.1506,368.9818,9.385881,27.731031
1271.2322,371.93884,9.185724,27.139658
1272.2715,373.53247,9.185724,27.139658
1269.7078,374.15607,9.185724,27.139658
1270.6844,374.93414,9.388958,27.740124
1256.3076,386.61975,9.388958,27.740124
1261.7146,388.29675,9.596688,28.353874
1269.1707,389.81693,9.596688,28.353874
1263.2815,379.81494,9.809015,28.981203
1268.9788,380.77682,9.809015,28.981203
1269.7146,384.21768,10.02604,29.622412
1272.6644,385.0438,9.812232,28.990705
1270.074,382.15723,9.812232,28.990705
1271.0361,384.89575,9.812232,28.990705
1269.1615,392.17728,10.029327,29.632124
1270.145,394.06857,10.029327,29.632124
1271.2114,392.56345,10.251226,30.287735
1249.6777,380.11432,10.478035,30.957851
1254.0248,380.98373,10.478035,30.957851
1242.2483,385.01462,10.478035,30.957851
1248.2258,388.62042,10.254588,30.297667
1256.0383,391.63712,10.254588,30.297667
1262.3038,393.2615,10.254588,30.297667
1271.818,395.19528,10.254588,30.297667
1260.7101,390.60675,10.481471,30.968002
1257.3104,391.1602,10.481471,30.968002
1263.1825,392.37613,10.713373,31.65317
1269.3522,395.96655,10.950407,32.353497
1271.3002,397.3465,10.7168865,31.66355
1268.6874,401.9695,10.488346,30.988316
1269.8741,403.78915,10.488346,30.988316
1269.3203,404.18472,10.488346,30.988316
1267.5007,399.83344,10.488346,30.988316
1269.795,398.64673,10.488346,30.988316
1268.1194,400.5201,10.720401,31.673931
1270.3383,405.30054,10.491785,30.998474
1267.9329,408.45343,10.268044,30.337421
1268.9397,411.31918,10.268044,30.337421
1261.6743,412.67108,10.495225,31.008636
1268.0868,414.0169,10.495225,31.008636
1268.9576,411.2461,10.495225,31.008636
1246.9114,388.97296,10.727432,31.694702
1250.5527,392.45242,10.727432,31.694702
1244.9736,393.96027,10.498667,31.018803
1248.5548,395.67117,10.730949,31.705093
1256.8921,398.50424,10.730949,31.705093
1266.0952,401.26077,10.968371,32.40657
1269.1564,404.15652,10.968371,32.40657
1271.1074,413.35373,10.7344675,31.71549
1267.8658,419.23306,10.505551,31.039148
1272.2242,421.37265,10.505551,31.039148
1268.1827,400.3729,10.505551,31.039148
1272.954,401.08572,10.281517,30.37723
1256.2445,397.4478,10.062261,29.729425
1262.3925,398.4345,10.062261,29.729425
1270.5138,401.54642,10.062261,29.729425
1272.8667,409.51596,10.062261,29.729425
1274.7642,410.65448,10.062261,29.729425
1257.2311,390.38904,10.062261,29.729425
1263.4104,394.2907,9.84768,29.095436
1271.4626,397.39325,9.637675,28.474968
1270.3756,376.94003,9.850909,29.104977
1272.0846,379.24353,9.850909,29.104977
1271.5901,370.8268,10.068861,29.748924
1270.6118,369.15814,10.291635,30.40712
1271.621,369.8568,10.291635,30.40712
1272.3197,370.40024,10.291635,30.40712
1271.8032,368.37247,10.519337,31.079878
1269.3434,365.11917,10.519337,31.079878
1271.6445,364.56372,10.519337,31.079878
1272.2921,368.64264,10.295009,30.41709
1273.5245,370.08972,10.075464,29.768436
1270.2565,366.82172,10.075464,29.768436
1271.3162,368.38443,9.860602,29.133615
1269.7408,367.05893,10.078768,29.778196
1271.1853,366.52676,10.078768,29.778196
1272.1736,366.45074,10.078768,29.778196
1270.7291,364.39807,10.078768,29.778196
1273.9875,363.61642,9.863835,29.143167
1273.0203,361.4587,9.863835,29.143167
1274.3778,359.20648,10.082072,29.78796
1274.0295,357.06223,10.305138,30.44702
1273.4855,355.42984,10.305138,30.44702
1269.5211,356.90677,10.305138,30.44702
1271.0546,359.25433,10.085378,29.797728
1272.127,353.63654,10.3085165,30.457003
1270.9606,354.6474,10.3085165,30.457003
1271.6604,356.43582,10.3085165,30.457003
1272.9178,352.9526,10.5365925,31.130863
1274.3324,349.9905,10.311896,30.466988
1273.788,345.55685,10.311896,30.466988
1266.0874,341.1232,10.311896,30.466988
1269.7433,342.28995,10.311896,30.466988
1273.088,345.32352,10.311896,30.466988
1272.0768,346.49026,10.311896,30.466988
1270.4434,334.9005,10.311896,30.466988
1271.299,336.3784,10.311896,30.466988
1272.1545,336.92288,10.311896,30.466988
1273.6324,339.48975,10.311896,30.466988
1271.6879,342.21216,10.311896,30.466988
1271.9773,334.2086,10.540047,31.14107
1272.6929,333.65207,10.540047,31.14107
1258.6206,321.32886,10.540047,31.14107
1262.5164,323.15747,10.540047,31.14107
1266.7301,324.35004,10.540047,31.14107
1269.6718,325.5426,10.540047,31.14107
1272.1364,326.41714,10.540047,31.14107
1272.3749,332.22098,10.540047,31.14107
1273.2494,331.98245,10.540047,31.14107
1271.7388,327.92773,10.540047,31.14107
1271.3412,327.0532,10.540047,31.14107
1272.3748,328.40475,10.540047,31.14107
1273.2493,329.91534,10.540047,31.14107
1271.8977,328.24576,10.540047,31.14107
1271.0232,329.27933,10.540047,31.14107
1271.8253,330.45428,10.315277,30.476976
1271.2604,331.15424,10.095301,29.827045
1272.098,332.4488,10.095301,29.827045
1270.9558,325.82376,10.095301,29.827045
1270.1182,324.2246,10.095301,29.827045
1270.9558,325.06226,10.095301,29.827045
1271.4889,325.8999,10.095301,29.827045
1272.1742,326.28064,10.095301,29.827045
1273.0118,327.42288,10.095301,29.827045
1273.6971,328.71744,10.095301,29.827045
1257.7819,316.9142,10.095301,29.827045
1258.4672,315.92426,10.095301,29.827045
1259.7617,316.9142,10.095301,29.827045
1265.4729,319.88406,10.095301,29.827045
1269.0519,323.0062,10.095301,29.827045
1270.1252,323.38727,10.318659,30.486969
1270.67,322.37543,10.318659,30.486969
1271.2827,322.76495,10.546959,31.161493
1272.9534,324.27652,10.546959,31.161493
1250.7985,306.6809,10.780311,31.85094
1251.0424,305.7864,10.780311,31.85094
1255.5148,306.84354,10.780311,31.85094
1258.5234,307.57538,10.780311,31.85094
1267.0618,311.072,10.780311,31.85094
1270.2332,312.617,10.780311,31.85094
1270.965,313.5115,10.780311,31.85094
1270.3958,317.00812,10.780311,31.85094
1271.4529,321.6432,10.780311,31.85094
1272.1847,304.3227,10.780311,31.85094
1271.4374,305.21097,10.550417,31.17171
1269.7661,294.4673,10.550417,31.17171
1269.3682,295.02435,10.550417,31.17171
1270.4027,294.62643,10.550417,31.17171
1270.864,297.0063,10.783845,31.861383
1271.5961,301.15482,10.783845,31.861383
1272.103,304.55228,10.553876,31.18193
1273.886,304.7855,10.78738,31.87183
1274.6183,304.37863,10.78738,31.87183
1273.5604,303.6463,10.78738,31.87183
1272.499,304.69202,10.557336,31.192154
1268.9948,301.12473,10.790916,31.88228
1267.611,300.88052,10.790916,31.88228
1269.8444,302.7111,10.560797,31.202381
1256.0594,315.86633,10.335585,30.536982
1257.3202,316.09473,10.56426,31.212612
1257.9473,314.1786,10.797994,31.90319
1266.4626,321.81985,10.567723,31.222845
1270.0498,323.175,10.567723,31.222845
1259.5951,344.91116,10.801534,31.91365
1263.4486,348.53113,11.040518,32.61974
1267.2146,351.8856,11.284789,33.34145
1270.1807,353.0181,11.534465,34.07913
1270.3239,355.61993,11.789665,34.83313
1269.8792,359.6218,11.789665,34.83313
1271.2131,361.31146,11.789665,34.83313
1269.8832,367.29242,12.050511,35.603813
1269.2231,370.38806,11.79353,34.84455
1269.668,372.61206,11.79353,34.84455
1271.5361,373.76852,11.79353,34.84455
1272.8705,375.28085,11.79353,34.84455
1273.768,377.11002,11.54203,34.101482
1272.9844,376.6747,11.54203,34.101482
1273.2456,375.02054,11.54203,34.101482
1265.1488,398.09213,11.54203,34.101482
1268.3701,401.1393,11.54203,34.101482
1269.752,403.09732,11.295893,33.374256
1268.8147,405.90912,11.295893,33.374256
1270.1671,409.4679,11.055004,32.66254
1266.9149,413.05362,11.055004,32.66254
1266.3093,415.08975,10.819253,31.966002
1267.6046,417.2398,10.58853,31.284317
1270.2579,419.344,10.362726,30.61717
1271.5868,420.5165,10.362726,30.61717
1273.0131,423.66504,10.592002,31.294575
1271.8182,426.71744,10.82635,31.986967
1271.4099,429.90234,10.82635,31.986967
1272.6349,432.10727,10.82635,31.986967
1273.6162,432.99933,10.595475,31.304836
1272.5869,434.56018,10.8299,31.997456
1264.0764,434.969,11.069511,32.7054
1262.824,436.05447,11.069511,32.7054
1265.5603,437.51187,11.3144245,33.429005
1268.7114,438.64734,11.564756,34.16862
1271.3892,439.44592,11.820626,34.924603
1253.9594,463.75912,12.082158,35.697308
1258.0605,467.31348,12.082158,35.697308
1261.9667,470.76862,11.824502,34.93605
1262.8538,470.65976,12.086119,35.70901
1265.1329,474.21527,12.086119,35.70901
1266.5005,475.7651,12.086119,35.70901
1268.2327,477.86194,12.086119,35.70901
1242.8447,452.21255,12.353524,36.499073
1244.6152,453.7967,12.353524,36.499073
1248.8085,457.61722,12.353524,36.499073
1252.8154,461.8105,12.353524,36.499073
1254.5156,462.6635,12.626846,37.306614
1256.7617,464.43835,12.357575,36.51104
1260.7836,467.4193,12.630987,37.318848
1263.9277,468.6579,12.630987,37.318848
1267.2625,472.18314,12.630987,37.318848
1268.9584,474.32587,12.361628,36.52301
1270.73,477.02997,12.361628,36.52301
1271.6575,477.4966,12.635129,37.33108
1272.4075,477.97354,12.914681,38.157032
1272.5679,482.09955,13.200418,39.001255
1271.6987,488.58963,13.492477,39.86416
1273.3445,488.67657,13.790998,40.746155
1261.5895,511.87454,13.790998,40.746155
1263.566,515.7235,13.790998,40.746155
1262.658,515.16486,14.096125,41.647663
1263.2743,517.2414,14.408001,42.56912
1263.8177,518.65424,14.408001,42.56912
1264.8987,520.10016,14.726778,43.51096
1263.2324,524.2103,14.726778,43.51096
1264.8987,526.7653,14.726778,43.51096
1265.3121,528.01276,15.052608,44.47364
1264.5173,532.21387,15.052608,44.47364
1266.1177,533.0177,15.385647,45.45762
1265.4987,537.865,15.057543,44.48822
1264.7429,539.61176,15.390691,45.472523
1266.7166,541.121,15.390691,45.472523
1267.7614,543.09454,15.390691,45.472523
1268.1096,545.0681,15.390691,45.472523
1266.8326,551.45325,15.390691,45.472523
1266.02,555.0521,15.390691,45.472523
1266.6005,556.56134,15.390691,45.472523
1267.5479,559.39606,15.06248,44.502808
1267.207,562.0093,15.06248,44.502808
1266.6389,566.44037,15.06248,44.502808
1265.6163,569.0536,15.06248,44.502808
1267.775,572.3485,15.06248,44.502808
1267.2069,572.6894,15.06248,44.502808
1266.6388,575.7571,15.06248,44.502808
1266.298,580.4154,15.06248,44.502808
1265.0704,581.927,15.395738,45.48743
1266.3479,584.1335,15.395738,45.48743
1267.3931,587.03674,15.395738,45.48743
1266.1384,589.3047,15.736368,46.49384
1265.2765,593.1184,15.400785,45.502346
1266.7867,596.02264,15.400785,45.502346
1265.7728,598.2914,15.741528,46.509087
1266.8414,601.0224,15.741528,46.509087
1265.8049,603.3413,16.08981,47.5381
1264.4698,606.86096,16.08981,47.5381
1262.6493,609.40967,16.08981,47.5381
1263.8564,611.27625,16.445797,48.58988
1262.74,614.8738,16.445797,48.58988
1264.6008,617.9751,16.445797,48.58988
1266.7097,621.57263,16.445797,48.58988
1266.0895,625.4183,16.445797,48.58988
1267.2059,629.512,16.445797,48.58988
1260.7175,594.6105,16.80966,49.664932
1261.7522,596.7288,16.451189,48.605812
1263.004,601.91174,16.100363,47.56928
1264.4633,605.5795,15.757018,46.554848
1263.6312,608.55096,15.757018,46.554848
1266.3649,612.71094,15.757018,46.554848
1264.3444,617.3464,15.757018,46.554848
1265.5435,622.3106,15.420995,45.56205
1266.5903,627.7778,15.420995,45.56205
1268.4365,633.30884,15.092137,44.590424
1267.8673,634.5611,15.092137,44.590424
1268.8918,646.9698,15.092137,44.590424
1268.0652,635.04614,14.770293,43.63952
1267.9537,636.27167,14.770293,43.63952
1267.1738,640.6168,14.770293,43.63952
1266.3939,645.4076,14.770293,43.63952
1256.9237,625.2417,14.770293,43.63952
1259.0405,629.364,14.770293,43.63952
1261.603,634.60046,14.770293,43.63952
1263.4971,639.8369,14.770293,43.63952
1264.9454,643.7364,14.770293,43.63952
1267.0623,648.52716,14.770293,43.63952
1268.9563,653.98645,14.770293,43.63952
1269.0677,656.54895,14.770293,43.63952
1244.891,664.90497,14.770293,43.63952
1245.8937,667.02185,14.770293,43.63952
1247.2329,672.2031,15.097086,44.60504
1248.3656,677.2627,15.431109,45.591927
1249.4132,680.17267,15.431109,45.591927
1251.054,684.6196,15.772523,46.600647
1252.8385,687.35596,15.772523,46.600647
1258.4653,675.11414,16.12149,47.631687
1260.2894,677.4246,16.12149,47.631687
1261.6271,680.708,16.12149,47.631687
1261.019,683.9914,16.12149,47.631687
1262.1135,687.2748,16.12149,47.631687
1260.5326,689.58527,16.12149,47.631687
1258.7141,687.67053,16.478178,48.68554
1255.8553,685.3089,16.478178,48.68554
1253.9908,686.42755,16.478178,48.68554
1255.3582,688.5406,16.478178,48.68554
1256.7255,687.17334,16.478178,48.68554
1257.7399,686.3746,16.126776,47.647305
1258.1049,689.4157,16.126776,47.647305
1257.5477,687.5003,16.483582,48.7015
1266.7118,656.26117,16.132065,47.662926
1265.3733,653.21906,16.132065,47.662926
1265.0082,657.2347,16.132065,47.662926
1266.2357,649.88464,15.788044,46.6465
1265.164,644.76373,15.788044,46.6465
1265.8541,646.101,16.137354,47.678555
1265.2455,646.95306,16.137354,47.678555
1267.0714,652.6742,16.137354,47.678555
1266.9497,658.63873,16.137354,47.678555
1265.8541,659.0039,16.137354,47.678555
1265.4396,652.35547,15.79322,46.661797
1266.6245,655.17633,16.142645,47.694187
1266.2592,656.7593,16.142645,47.694187
1266.868,656.6375,16.142645,47.694187
1265.5286,651.64514,16.142645,47.694187
1265.1632,654.44574,16.142645,47.694187
1267.2333,657.24634,16.142645,47.694187
1261.3698,660.1297,16.499802,48.74942
1229.5161,679.72327,16.147938,47.709824
1229.1508,683.74286,16.147938,47.709824
1227.8348,686.8799,16.50521,48.765404
1222.4813,689.9924,16.50521,48.765404
1239.2198,687.7737,16.870388,49.844337
1241.6377,685.35583,16.870388,49.844337
1246.3461,687.7737,16.870388,49.844337
1262.5938,686.22003,16.510622,48.78139
1265.2091,688.3372,16.510622,48.78139
1267.1858,690.65796,16.158527,47.74111
1269.2578,685.9044,16.158527,47.74111
1268.4047,688.70776,16.158527,47.74111
1266.8202,688.3421,16.158527,47.74111
1261.8229,690.9017,16.158527,47.74111
1263.288,689.48834,16.516035,48.797382
1264.6583,690.60956,16.516035,48.797382
1262.0199,687.8724,16.881453,49.877026
1233.3688,687.49036,16.881453,49.877026
1236.8069,690.1645,16.881453,49.877026
1250.4321,679.34076,16.881453,49.877026
1251.8329,677.43066,16.881453,49.877026
1253.9977,679.34076,16.881453,49.877026
1256.0569,685.2626,17.254955,50.980556
1258.2695,687.99585,17.254955,50.980556
1261.5234,686.56415,17.254955,50.980556
1262.5856,688.4877,16.886988,49.89338
1260.6749,689.6341,16.886988,49.89338
1263.0951,688.74243,16.886988,49.89338
1259.9106,688.3603,16.886988,49.89338
1257.2129,687.1476,17.260612,50.99727
1256.3015,688.3194,17.260612,50.99727
1257.4733,687.9288,17.260612,50.99727
1258.645,687.0174,17.260612,50.99727
1259.9584,689.19257,16.892525,49.909737
1260.8503,690.33936,16.892525,49.909737
1260.1708,691.24,16.532286,48.845398
1260.5449,690.61646,16.532286,48.845398
1260.3606,690.5363,16.17973,47.803757
1259.2953,689.1211,16.537706,48.861416
1259.5918,691.20514,16.185036,47.81943
1260.4464,689.8622,16.185036,47.81943
1260.0802,689.98425,16.185036,47.81943
1258.9814,691.81555,16.185036,47.81943
1258.1268,691.6935,16.185036,47.81943
1256.2955,691.3272,16.185036,47.81943
1258.7039,686.77716,15.839885,46.799667
1258.7576,689.4643,15.502094,45.80165
1253.4956,691.2183,15.502094,45.80165
1252.8721,693.6227,15.171508,44.824917
1253.6731,693.50824,15.171508,44.824917
1229.8989,693.21405,14.847971,43.86901
1227.7593,686.33777,15.176482,44.83961
1229.9343,688.05493,15.176482,44.83961
1232.3384,690.23,15.176482,44.83961
1231.0791,680.27045,15.176482,44.83961
1232.8961,681.7416,14.852839,43.883392
1234.4583,687.069,14.5360985,42.947567
1234.2963,689.53485,14.226111,42.031696
1229.7935,691.5345,13.922735,41.135357
1224.982,682.9641,13.625829,40.258133
1224.2626,682.2446,13.625829,40.258133
1222.2991,683.18555,13.9273,41.148846
1223.7639,687.97833,13.630297,40.271336
1221.6049,687.2586,13.630297,40.271336
1215.5071,670.3458,13.339626,39.412537
1217.8214,674.06885,13.339626,39.412537
1219.7333,680.81055,13.339626,39.412537
1221.2426,681.91736,13.339626,39.412537
1225.5552,689.0296,13.055155,38.572052
1226.9282,692.3833,12.77675,37.749493
1228.1812,692.4797,12.77675,37.749493
1229.525,692.4177,12.504282,36.944473
1220.1873,691.7575,12.504282,36.944473
1219.1682,691.251,12.780939,37.76187
1217.3531,688.21545,12.508382,36.95659
1218.391,682.0826,12.508382,36.95659
1221.7073,681.47626,12.241637,36.16848
1223.7069,684.26495,11.98058,35.397175
1224.6185,686.82,11.725091,34.64232
1223.6456,675.23395,11.725091,34.64232
1224.9723,676.91437,11.725091,34.64232
1227.2285,680.94934,11.47505,33.90356
1229.9117,685.0175,11.47505,33.90356
1231.5563,688.22015,11.47505,33.90356
1234.0664,686.74866,11.47505,33.90356
1238.2769,681.8541,11.230341,33.180557
1239.8864,686.6827,11.230341,33.180557
1241.8839,687.1181,10.99085,32.472973
1245.597,690.9004,10.756467,31.780478
1246.165,677.3505,10.756467,31.780478
1247.6091,679.8009,10.527082,31.102749
1250.8595,686.4851,10.302589,30.439474
1253.7408,689.28156,10.082884,29.790342
1255.338,690.11816,10.082884,29.790342
1254.639,696.08044,9.867864,29.155054
1257.0953,697.19696,9.867864,29.155054
1256.9854,698.7275,9.657429,28.533314
1254.8379,678.3835,9.871099,29.164614
1256.8483,679.35144,9.871099,29.164614
1260.0499,687.0207,9.871099,29.164614
1264.443,691.1159,9.871099,29.164614
1267.6342,696.37885,9.660595,28.54267
1270.6271,695.3827,9.874335,29.174175
1271.8315,693.2826,10.092805,29.819654
1270.851,693.66364,10.316108,30.479414
1269.5359,696.31366,10.096113,29.829432
1269.0028,695.47595,10.096113,29.829432
1271.059,694.3336,10.096113,29.829432
1271.8273,693.4038,9.880811,29.19331
1274.3032,692.92487,9.670099,28.570753
1271.6044,694.1649,9.670099,28.570753
1270.3623,696.0435,9.88405,29.20288
1266.9268,697.03546,10.102735,29.848995
1271.1636,680.49725,10.326258,30.509405
1271.8646,681.35406,10.326258,30.509405
1273.2858,689.17865,10.554727,31.184425
1273.6838,692.4429,10.554727,31.184425
1272.9888,693.1717,10.78825,31.87438
1272.2786,670.27673,11.02694,32.5796
1269.1361,671.55597,11.270911,33.300426
1270.9215,673.6814,11.270911,33.300426
1271.6866,679.0375,11.270911,33.300426
1270.9215,687.62427,11.270911,33.300426
1269.8163,692.30023,11.270911,33.300426
1268.3685,686.9041,11.52028,34.037197
1269.672,688.729,11.52028,34.037197
1269.2085,691.5209,11.274607,33.311344
1269.7014,689.82886,11.524057,34.04836
1269.4054,691.44867,11.278303,33.322266
1265.3088,692.5805,11.527836,34.05952
1266.7871,691.624,11.527836,34.05952
1270.178,686.64624,11.782889,34.813087
1271.6152,686.5377,12.043586,35.58333
1270.4342,685.35675,12.043586,35.58333
1269.0715,687.2645,12.043586,35.58333
1268.4357,689.53564,12.043586,35.58333
1270.0526,691.0534,11.786753,34.824505
1269.5785,693.2243,11.535397,34.081863
1270.6245,688.2432,11.790617,34.835926
1269.479,687.0274,12.051484,35.60667
1267.9336,690.5727,12.051484,35.60667
1268.9336,692.2999,12.051484,35.60667
1270.479,690.2091,12.051484,35.60667
1271.8425,686.6638,12.051484,35.60667
1272.2339,686.6054,11.794482,34.847347
1271.6111,687.58405,11.794482,34.847347
1270.4506,690.09937,11.542961,34.104218
1269.5099,687.8251,11.798349,34.858772
1268.1749,686.13416,11.798349,34.858772
1269.2444,689.85126,11.546746,34.1154
1268.1082,692.4817,11.3005085,33.38788
1266.1476,693.9308,11.3005085,33.38788
1264.8713,695.0262,11.059522,32.675873
1265.528,694.0589,11.304214,33.398827
1266.553,690.41614,11.554319,34.137775
1267.7682,692.7123,11.30792,33.40978
1269.1218,694.1373,11.066775,32.697304
1270.2859,693.27905,10.830773,32.000023
1271.74,691.80914,10.599804,31.317614
1272.7794,691.24945,10.599804,31.317614
1272.353,692.4311,10.37376,30.649755
1273.1425,693.4367,10.152536,29.99614
1266.9766,685.56323,9.93603,29.356462
1265.1321,685.80396,9.724141,28.730427
1262.4785,686.4638,9.516771,28.117743
1260.6838,685.9613,9.516771,28.117743
1258.8892,685.0281,9.516771,28.117743
1256.9509,683.9513,9.516771,28.117743
1253.1462,682.8745,9.516771,28.117743
1248.9109,682.372,9.516771,28.117743
1245.1062,680.00305,9.516771,28.117743
1239.5787,676.91626,9.516771,28.117743
1234.0513,675.40875,9.516771,28.117743
1228.5238,671.6041,9.516771,28.117743
1220.8428,667.6559,9.516771,28.117743
1213.5924,664.2819,9.516771,28.117743
1208.2279,661.05304,9.313824,27.518124
1202.2562,657.47003,9.313824,27.518124
1194.9745,654.1745,9.115204,26.931292
1187.6176,649.7053,9.115204,26.931292
1182.8733,647.57385,9.115204,26.931292
1176.012,644.08356,8.920819,26.356974
1171.2428,640.92706,8.73058,25.794903
1166.4353,637.96356,8.73058,25.794903
1159.2571,633.94635,8.73058,25.794903
1154.0544,630.85114,8.73058,25.794903
1148.8518,627.6242,8.73058,25.794903
1143.7809,624.13385,8.73058,25.794903
1138.8417,620.24835,8.73058,25.794903
1133.3756,616.8897,8.73058,25.794903
1128.6998,614.5848,8.73058,25.794903
1127.4486,619.2605,8.73058,25.794903
1127.2242,625.6926,8.544398,25.24482
1124.4529,625.7571,8.544398,25.24482
1126.322,632.7822,8.544398,25.24482
1125.4841,631.94434,8.544398,25.24482
1124.0221,630.1636,8.362186,24.706467
1120.9313,626.0636,8.362186,24.706467
1117.9667,624.61285,8.362186,24.706467
1114.1041,621.5325,8.18386,24.179594
1111.3262,617.273,8.18386,24.179594
1108.617,615.3293,8.009336,23.663958
1105.5358,612.6106,8.009336,23.663958
1103.0007,610.35895,7.838535,23.159317
1100.2218,606.16095,7.838535,23.159317
1097.4429,603.382,7.838535,23.159317
1094.9004,600.2483,7.838535,23.159317
1091.7667,596.2868,7.838535,23.159317
1089.2242,593.6261,7.838535,23.159317
1086.5636,589.3098,7.838535,23.159317
1083.7847,585.3483,7.838535,23.159317
1080.8875,582.80585,7.838535,23.159317
1078.2268,580.0269,7.838535,23.159317
1075.6843,575.5924,7.838535,23.159317
1071.6046,571.6309,7.838535,23.159317
1069.6534,568.37897,7.838535,23.159317
1067.0586,564.6936,7.6713758,22.665438
1066.0748,561.74243,7.6713758,22.665438
1064.9854,558.2472,7.5077815,22.18209
1062.4369,554.6794,7.5077815,22.18209
1059.9514,551.58624,7.347676,21.709051
1057.9008,547.98364,7.347676,21.709051
1056.2668,544.8109,7.510243,22.189363
1054.1708,540.3355,7.510243,22.189363
1051.8481,537.10645,7.510243,22.189363
1049.5803,533.57544,7.350085,21.71617
1047.6399,529.52814,7.350085,21.71617
1046.2754,526.9275,7.193342,21.253065
1044.919,523.18353,7.193342,21.253065
1041.8262,518.1373,7.193342,21.253065
1039.276,514.3934,7.193342,21.253065
1036.9429,509.13013,7.193342,21.253065
1033.8501,506.36285,7.193342,21.253065
1030.9744,502.72742,7.193342,21.253065
1025.978,496.73044,7.039942,20.799837
1022.95123,492.6415,7.039942,20.799837
1018.8623,488.55258,7.039942,20.799837
1014.7734,484.35745,7.039942,20.799837
1010.7026,480.33102,6.889813,20.356274
1003.58264,474.66623,6.889813,20.356274
998.64545,470.87238,6.889813,20.356274
993.50037,465.41547,6.889813,20.356274
989.70654,461.72556,6.889813,20.356274
983.9378,457.9317,6.889813,20.356274
972.5563,468.79352,6.889813,20.356274
968.76245,466.55878,6.889813,20.356274
964.9686,462.55704,6.889813,20.356274
965.95605,461.15384,6.889813,20.356274
963.82526,458.81516,6.889813,20.356274
949.94916,448.36908,6.889813,20.356274
948.1302,446.23828,6.889813,20.356274
945.37573,443.06808,6.889813,20.356274
941.0622,438.8585,6.889813,20.356274
937.5791,435.41882,6.7428856,19.92217
923.9989,428.14554,6.7428856,19.92217
923.54114,425.85675,6.7428856,19.92217
921.505,423.07874,6.5990915,19.497324
918.16895,419.9761,6.458364,19.081537
914.00354,415.3678,6.6012554,19.503716
905.4064,409.72763,6.7473083,19.935236
901.691,406.21585,6.7473083,19.935236
896.4487,402.80585,6.7473083,19.935236
891.2065,398.7851,6.7473083,19.935236
887.89355,396.00525,6.60342,19.51011
882.46423,391.57214,6.60342,19.51011
875.9391,387.13904,6.60342,19.51011
873.39874,384.89758,6.60342,19.51011
868.06903,380.9626,6.60342,19.51011
863.0382,377.2268,6.60342,19.51011
857.9078,373.59067,6.60342,19.51011
852.87695,369.55603,6.60342,19.51011
849.15454,366.54742,6.4625998,19.094051
844.3285,363.0863,6.4625998,19.094051
839.20996,359.62518,6.4625998,19.094051
833.79895,355.6766,6.4625998,19.094051
827.6187,352.35623,6.324783,18.686865
822.7048,349.06436,6.324783,18.686865
817.8862,345.67706,6.324783,18.686865
812.5201,342.649,6.464719,19.100311
804.474,337.91888,6.464719,19.100311
799.4513,335.72455,6.464719,19.100311
793.9664,332.22473,6.607751,19.522905
788.8326,329.48337,6.607751,19.522905
783.3298,325.69928,6.7539473,19.95485
774.2167,320.98575,6.9033785,20.39635
770.41534,318.6425,6.9033785,20.39635
764.9904,316.09378,7.0561156,20.84762
759.335,312.38422,7.212232,21.308874
754.6834,309.72147,7.371803,21.780333
748.1981,306.07675,7.534904,22.262222
743.2204,303.41278,7.701614,22.754774
735.8422,319.25378,7.872012,23.258223
732.20605,317.04077,7.704139,22.762234
728.7774,314.65814,7.704139,22.762234
723.83777,310.29965,7.704139,22.762234
719.36304,308.14948,7.704139,22.762234
716.5155,305.76685,7.704139,22.762234
712.62195,303.03552,7.704139,22.762234
710.00684,300.53665,7.704139,22.762234
706.00006,298.37082,7.539846,22.276823
702.07574,295.47025,7.539846,22.276823
699.85767,292.79718,7.539846,22.276823
697.1846,290.69284,7.539846,22.276823
694.62524,288.5885,7.539846,22.276823
691.83844,285.46045,7.539846,22.276823
688.93787,282.90112,7.539846,22.276823
686.606,281.0243,7.539846,22.276823
684.2742,279.37494,7.539846,22.276823
682.0561,276.47437,7.539846,22.276823
679.0418,273.8013,7.539846,22.276823
676.3687,271.81073,7.539846,22.276823
673.6956,269.4789,7.539846,22.276823
671.3638,267.37457,7.539846,22.276823
668.9182,265.27023,7.539846,22.276823
664.6527,263.73465,7.539846,22.276823
662.0934,261.2891,7.539846,22.276823
658.28284,259.86725,7.539846,22.276823
655.6771,257.85724,7.3790565,21.801764
651.83655,255.79779,7.3790565,21.801764
647.328,253.51569,7.3790565,21.801764
642.9308,251.45624,7.3790565,21.801764
638.86755,249.28546,7.3790565,21.801764
634.58167,247.44864,7.3790565,21.801764
629.99286,245.91069,7.221696,21.336834
622.7478,243.45937,7.221696,21.336834
618.3618,242.58427,7.067691,20.881819
612.5279,240.80289,6.9169703,20.436508
607.0495,238.6637,6.9169703,20.436508
601.25806,237.77673,6.9169703,20.436508
593.3796,235.53317,6.9169703,20.436508
587.2751,233.60269,6.9169703,20.436508
580.4401,232.61136,6.9169703,20.436508
574.5443,230.57654,6.9169703,20.436508
567.18756,229.5852,6.9169703,20.436508
558.26556,227.44601,6.9169703,20.436508
552.5561,226.50725,6.769464,20.000694
545.2949,224.7026,6.625103,19.574173
538.54846,223.75311,6.625103,19.574173
532.8872,222.6613,6.483821,19.156748
523.38684,221.30992,6.3455515,18.748224
516.76495,220.54099,6.210231,18.348413
510.53467,218.71405,6.210231,18.348413
504.02332,217.63663,6.210231,18.348413
497.51196,216.5592,6.210231,18.348413
487.8152,214.63858,6.210231,18.348413
482.24072,214.0296,6.210231,18.348413
476.01044,213.32693,6.210231,18.348413
470.81073,211.40631,6.210231,18.348413
464.23972,211.1053,6.077796,17.957129
454.9331,209.13396,6.077796,17.957129
449.93597,208.35458,6.077796,17.957129
443.56348,207.75859,6.077796,17.957129
437.46603,207.1626,6.077796,17.957129
431.4603,206.10815,6.077796,17.957129
423.8958,204.50357,6.077796,17.957129
418.89868,203.90758,6.077796,17.957129
413.90155,203.31158,6.077796,17.957129
408.9961,202.44052,6.077796,17.957129
402.6236,201.66115,6.077796,17.957129
396.61786,200.6067,6.077796,17.957129
391.8041,199.73564,6.077796,17.957129
386.89865,198.95627,6.077796,17.957129
383.18518,198.45197,6.077796,17.957129
378.64648,197.48921,6.077796,17.957129
373.9244,196.06801,6.077796,17.957129
370.5777,194.83018,6.077796,17.957129
367.231,194.41757,6.077796,17.957129
363.88428,193.17975,6.077796,17.957129
361.63785,192.217,6.077796,17.957129
356.8241,190.79579,6.077796,17.957129
353.294,190.84164,6.077796,17.957129
348.57193,190.24565,6.077796,17.957129
344.95013,189.00783,6.077796,17.957129
340.96158,188.7786,6.077796,17.957129
333.3971,187.81584,6.077796,17.957129
328.8584,187.49492,6.077796,17.957129
324.13632,186.71555,6.077796,17.957129
319.0475,186.11955,6.077796,17.957129
313.95865,185.52356,6.077796,17.957129
307.2194,185.29433,6.077796,17.957129
300.48013,184.69833,6.077796,17.957129
294.10764,184.83588,6.077796,17.957129
287.55176,184.88173,6.077796,17.957129
281.36264,185.01927,6.077796,17.957129
271.73492,184.5828,6.2122674,18.35443
263.81564,183.97362,6.2122674,18.35443
255.70892,184.1142,6.2122674,18.35443
247.50848,184.53593,6.2122674,18.35443
238.93317,184.39536,6.2122674,18.35443
226.42163,184.72337,6.2122674,18.35443
215.8782,185.33255,6.2122674,18.35443
206.55313,185.66057,6.2122674,18.35443
195.82227,186.45718,6.2122674,18.35443
186.21603,186.7852,6.2122674,18.35443
173.16661,187.6031,6.349714,18.76052
162.00673,188.60893,6.349714,18.76052
151.23003,189.32738,6.349714,18.76052
142.36418,189.56708,6.490201,19.175598
131.98161,190.21841,6.6337967,19.599857
118.72119,190.86893,6.6337967,19.599857
109.96431,191.91975,6.6337967,19.599857
101.20743,192.3701,6.6337967,19.599857
92.55063,192.6203,6.6337967,19.599857
83.79375,193.47096,6.6337967,19.599857
70.533325,193.92131,6.6337967,19.599857
63.577854,194.97214,6.6337967,19.599857
56.42223,195.62265,6.6337967,19.599857
48.065662,196.17308,6.6337967,19.599857
39.508938,196.92368,6.6337967,19.599857
29.250877,197.4741,6.6337967,19.599857
22.39549,197.92445,6.6337967,19.599857
14.939632,198.57497,6.6337967,19.599857
6.583066,199.1254,6.6337967,19.599857
1.0287013,201.177,6.6337967,19.599857
-1.7962223,201.63509,6.7805696,20.033504
-2.461126,203.93668,6.7805696,20.033504
-2.2053938,204.49928,6.7805696,20.033504
-2.0519545,204.24355,6.7805696,20.033504
-1.6939294,203.16946,6.7805696,20.033504
-2.358833,202.81143,6.7805696,20.033504
-0.3641219,202.14653,6.7805696,20.033504
-1.2284808,201.52208,6.635972,19.606283
-1.977018,202.29192,6.782793,20.040071
-1.4142227,202.54773,6.782793,20.040071
-0.8514273,200.24539,6.782793,20.040071
-1.7160696,199.71936,6.638148,19.61271
-1.7375543,198.82704,6.785017,20.046642
-1.4409188,198.65837,6.9351354,20.490173
-2.4402976,198.59453,7.0885754,20.943518
-1.7975417,197.30882,7.24541,21.406893
-1.8209918,197.35551,7.4057145,21.88052
-1.4972198,198.09872,7.569566,22.364626
-1.1662846,197.6736,7.7370424,22.859444
-0.64103365,195.51424,7.7370424,22.859444
1.6348155,195.9274,7.9082246,23.36521
2.4102972,195.50983,7.9082246,23.36521
4.8560476,193.7799,7.9082246,23.36521
2.4786544,192.84064,8.083194,23.882164
2.1994581,191.24802,8.262034,24.410557
1.2663856,188.56494,8.085844,23.889994
2.913176,186.30823,8.085844,23.889994
2.352728,183.91751,7.913411,23.380533
-0.81092525,183.02214,7.913411,23.380533
-2.3950343,181.14268,7.744655,22.881937
-2.4813771,179.3033,7.579498,22.393972
-2.5059085,163.21799,7.7471943,22.889439
-2.817582,165.5461,7.581983,22.401314
-2.0114136,164.17088,7.7497344,22.896942
-1.719129,163.17711,7.7497344,22.896942
-2.0114136,158.559,7.7497344,22.896942
-3.1220956,154.6424,7.7497344,22.896942
-2.7577424,153.816,7.584469,22.408657
-2.78229,151.13452,7.752275,22.90445
-2.5305426,150.64603,7.5869555,22.416006
-2.0800967,149.38867,7.754817,22.91196
-1.983818,147.49661,7.9263926,23.418888
-1.8854089,145.8108,8.101764,23.93703
-1.9465212,144.52745,8.101764,23.93703
-1.8854089,143.12187,8.101764,23.93703
-2.1909704,141.83852,8.101764,23.93703
-1.7631841,141.16628,8.101764,23.93703
-1.3353977,140.61626,8.101764,23.93703
-2.129858,139.3329,8.101764,23.93703
-1.5798471,138.78288,8.101764,23.93703
-1.0298362,137.25508,8.101764,23.93703
-0.47982526,136.21617,8.101764,23.93703
-1.5187349,136.27728,8.101764,23.93703
-0.84649944,136.46062,8.101764,23.93703
-0.052038908,135.54393,8.101764,23.93703
-1.3353977,134.74947,8.101764,23.93703
-0.90761137,134.68835,8.101764,23.93703
-0.23537588,133.89389,8.101764,23.93703
0.80353403,132.61053,8.101764,23.93703
1.7202187,131.32718,8.101764,23.93703
1.2924323,131.14384,8.101764,23.93703
2.2091174,130.59383,8.101764,23.93703
1.2924323,129.67714,8.101764,23.93703
0.75897837,129.72935,8.281015,24.466637
-0.9528017,127.96814,8.464232,25.007961
-2.0317872,124.480934,8.2837305,24.474659
0.6550646,121.91906,8.2837305,24.474659
-0.7979641,120.67588,8.467008,25.016161
-2.0180917,102.70707,8.65434,25.569643
1.0500903,102.90291,8.65434,25.569643
2.647564,84.53654,8.845817,26.135372
-0.22160244,83.53567,8.845817,26.135372
-2.023172,82.5348,8.845817,26.135372
0.7125449,82.067726,8.845817,26.135372
-0.6886761,68.92294,8.845817,26.135372
-2.356796,67.52172,8.845817,26.135372
-2.96992,67.22157,8.657177,25.578028
-0.031335592,66.76446,8.657177,25.578028
-2.447505,67.22157,8.657177,25.578028
-1.798017,61.721813,8.848717,26.143942
-2.6657238,60.720615,8.848717,26.143942
-2.1984973,59.318935,8.848717,26.143942
-1.7312703,60.720615,8.848717,26.143942
-2.7324705,61.855312,8.848717,26.143942
2.9173636,69.11431,9.044495,26.722376
-0.016244411,70.27411,9.044495,26.722376
-1.9947243,71.02457,9.044495,26.722376
-1.5694983,71.11223,8.851618,26.152514
-2.4294155,67.98275,9.04746,26.731138
-1.9516947,66.003624,9.04746,26.731138
-3.2483652,66.89082,9.04746,26.731138
-0.72866654,67.23235,9.247635,27.322565
0.59669304,67.1626,9.247635,27.322565
-0.31013203,66.81382,9.247635,27.322565
-1.6354914,66.32553,9.247635,27.322565
-1.1472011,84.95032,9.247635,27.322565
-2.1935372,84.32252,9.247635,27.322565
-2.1237817,84.671295,9.247635,27.322565
-2.0540257,83.06691,9.247635,27.322565
-1.8447585,83.27618,9.247635,27.322565
-1.6354914,82.508865,9.247635,27.322565
-1.5657353,80.90448,9.247635,27.322565
-2.6120718,81.53228,9.247635,27.322565
-2.9608505,80.067406,9.247635,27.322565
-2.8460379,78.82432,9.452239,27.927076
-2.4016418,78.50359,9.250668,27.331524
-2.3318634,77.59647,9.250668,27.331524
-2.1225276,77.80581,9.250668,27.331524
-2.0527487,77.31736,9.250668,27.331524
-2.5411992,77.108025,9.250668,27.331524
-2.4714205,76.06135,9.250668,27.331524
-2.1225274,76.96847,9.250668,27.331524
-1.9131913,75.782234,9.250668,27.331524
-1.7038555,74.73556,9.250668,27.331524
-1.6340768,73.967995,9.250668,27.331524
-1.5642982,73.33999,9.250668,27.331524
-2.6109776,72.153755,9.250668,27.331524
-2.8203135,72.50265,9.250668,27.331524
-2.0527487,71.316414,9.250668,27.331524
-1.8434126,71.94442,9.250668,27.331524
-1.773634,70.89774,9.250668,27.331524
-1.2851834,70.26974,9.250668,27.331524
-0.79673314,71.0373,9.250668,27.331524
-0.30828285,69.85107,9.250668,27.331524
-1.9131913,68.66483,9.250668,27.331524
-1.5642982,67.75771,9.250668,27.331524
-2.7505345,67.40882,9.250668,27.331524
-2.1225271,66.22259,9.250668,27.331524
-1.9131911,67.12971,9.250668,27.331524
-2.4016414,66.08303,9.250668,27.331524
-2.1923056,66.01325,9.250668,27.331524
-1.5642979,65.5248,9.250668,27.331524
-2.7505345,64.33857,9.250668,27.331524
-1.703855,63.43145,9.250668,27.331524
-1.2154047,64.19901,9.250668,27.331524
-2.262084,63.43145,9.250668,27.331524
-2.0527482,63.082558,9.250668,27.331524
-2.262084,60.500748,9.250668,27.331524
-1.6340766,59.45407,9.250668,27.331524
-1.4247406,58.407394,9.250668,27.331524
-1.1650994,59.04618,9.4553385,27.936234
-2.7828941,58.1754,9.2537,27.340485
-2.0886533,56.931503,9.458438,27.945393
-2.302691,55.861313,9.458438,27.945393
-2.2313452,54.791122,9.458438,27.945393
-2.873458,52.864784,9.458438,27.945393
-3.052113,51.445316,9.667706,28.563684
-2.8333397,50.059753,9.667706,28.563684
-2.8646297,49.214153,9.881603,29.195656
-2.641016,47.350708,9.881603,29.195656
-2.8948708,45.72223,9.670876,28.57305
-2.6760259,44.48211,9.670876,28.57305
-3.0407674,43.096092,9.670876,28.57305
-3.1137156,41.710075,9.670876,28.57305
-3.0407674,40.32406,9.670876,28.57305
-3.5514054,39.229836,9.670876,28.57305
-2.1653876,36.384853,9.670876,28.57305
-3.1048944,36.295815,9.884844,29.205229
-3.4777057,35.475628,9.884844,29.205229
-2.736115,33.837452,10.103546,29.851395
-3.436415,33.347717,9.888085,29.214806
-3.8093486,33.12396,9.888085,29.214806
-3.2006798,32.357105,9.677219,28.591791
-2.9816914,31.408154,9.677219,28.591791
-2.762703,31.773136,9.677219,28.591791
-2.5437145,31.116169,9.677219,28.591791
-3.1809034,30.572672,9.891328,29.224384
-2.9570699,30.050394,9.891328,29.224384
-2.8824587,29.22967,9.891328,29.224384
-2.6586251,28.707392,9.891328,29.224384
-3.0565581,28.659428,9.680392,28.601166
-2.8374977,28.002247,9.680392,28.601166
-3.6264124,28.36767,9.894571,29.233967
-3.0173445,27.456436,9.683567,28.610544
-2.9844956,26.987059,9.477062,28.000416
-2.9523478,26.665497,9.274961,27.4033
-2.4626148,25.755993,9.274961,27.4033
-3.2321954,26.38565,9.274961,27.4033
-2.7424622,25.336224,9.274961,27.4033
-2.392653,24.706566,9.274961,27.4033
-3.3021572,25.336224,9.274961,27.4033
-2.8124242,24.146873,9.274961,27.4033
-2.9876142,24.787334,9.48017,28.009598
-2.8699145,23.809757,9.689919,28.62931
-2.358271,22.713379,9.689919,28.62931
-2.7237306,21.763184,9.689919,28.62931
-3.235374,22.567196,9.689919,28.62931
-3.202504,21.956608,9.483279,28.018782
-3.170335,21.49694,9.281046,27.421272
-2.8202963,21.846981,9.281046,27.421272
-3.140867,20.74467,9.486389,28.027967
-3.2466278,20.14691,9.284089,27.430264
-2.8964744,21.05731,9.284089,27.430264
-2.7812088,19.37338,9.489499,28.037159
-2.1369874,18.15652,9.489499,28.037159
-3.3559308,18.36621,9.699454,28.65748
-2.6974564,17.268753,9.699454,28.65748
-3.487924,17.483082,9.914055,29.291527
-2.8776567,17.002533,9.702635,28.666876
-2.365342,16.197464,9.702635,28.666876
-2.8776567,15.246022,9.702635,28.666876
-2.4534655,14.701098,9.917306,29.30113
-2.9512377,13.057545,10.136726,29.949417
-2.5689266,12.369385,10.136726,29.949417
-2.4924643,12.904621,10.136726,29.949417
-3.3185678,13.763249,10.361001,30.612047
-2.615182,12.5909395,10.361001,30.612047
-2.1622076,13.144225,10.590239,31.28934
-1.3676963,11.554906,10.824548,31.981615
-2.7475643,8.197049,10.593711,31.299597
0.8660078,8.596951,10.828096,31.9921
-1.5417631,6.294014,11.067668,32.699924
-0.9573722,4.540842,11.067668,32.699924
-2.5435758,5.1252327,11.067668,32.699924
-1.6252475,3.53903,11.067668,32.699924
-1.0408566,2.7876701,11.067668,32.699924
-2.6270602,0.36662292,11.067668,32.699924
-2.0426693,-0.384737,11.067668,32.699924
-1.2913098,-0.96912766,11.067668,32.699924
-2.8775134,-2.8892689,11.067668,32.699924
-2.2931228,-4.642441,11.067668,32.699924
-3.3821154,-5.5007772,10.831647,32.00259
-3.1370034,-6.0727053,10.831647,32.00259
-2.565075,-5.1739607,10.831647,32.00259
-1.9931464,-6.399522,10.831647,32.00259
-2.901414,-7.0820513,10.600658,31.320126
-2.5016055,-7.3219366,10.600658,31.320126
-2.311503,-7.2191954,10.374597,30.652214
-2.1254544,-7.420357,10.153356,29.998547
-1.8404775,-7.037079,10.377998,30.662264
-2.5450168,-7.585054,10.377998,30.662264
-2.3589075,-6.88085,10.156685,30.008383
-2.9152029,-7.520848,9.94009,29.368444
-2.540308,-8.0457,9.94009,29.368444
-2.165413,-7.6708055,9.94009,29.368444
-2.9754915,-7.917903,10.160015,30.01822
-3.0083752,-8.329492,10.384806,30.682375
-2.6167076,-7.154489,10.384806,30.682375
-3.487506,11.066679,10.163346,30.028065
-4.177473,11.143341,10.163346,30.028065
-3.108508,16.11872,9.9466095,29.387707
-2.5179672,16.494192,10.166678,30.03791
-3.0282555,17.991867,10.391616,30.7025
-3.3871858,15.781764,10.621531,31.381792
-2.9865901,14.099261,10.621531,31.381792
-3.519709,10.344032,10.856532,32.076115
-3.9291677,9.607006,10.856532,32.076115
-3.4187493,8.607182,10.625013,31.392082
-3.338604,7.725582,10.625013,31.392082
-3.0981677,6.3631096,10.625013,31.392082
-2.8577313,5.000637,10.625013,31.392082
-2.7258182,3.572401,10.860092,32.08663
-3.626923,2.671297,10.860092,32.08663
-3.3811674,3.4085655,10.860092,32.08663
-2.9715743,4.473507,10.860092,32.08663
-2.7258182,2.097866,10.860092,32.08663
-2.7609673,-0.04189396,11.100371,32.796547
-2.1748497,-0.46054935,11.100371,32.796547
-1.0863457,0.2930298,11.100371,32.796547
-2.509774,-3.1399431,11.100371,32.796547
-2.0911186,15.86701,11.100371,32.796547
-1.8399253,15.448355,11.100371,32.796547
-3.9005914,12.004934,10.863652,32.09715
-4.1464276,11.103535,10.863652,32.09715
-3.8415146,11.683664,11.104011,32.807297
-4.126772,10.0152,10.867214,32.10767
-3.9318893,9.014392,10.635468,31.422964
-3.7411623,10.045365,10.408663,30.75286
-3.705854,9.54084,10.186695,30.097046
-4.2171474,8.968729,10.412076,30.762943
-3.2730334,1.3763008,10.642443,31.443573
-4.140351,-0.72057724,10.877907,32.139263
-4.0052977,-1.6720285,11.118581,32.850346
-4.089166,-1.9236336,11.118581,32.850346
-3.603071,-1.8519735,11.364579,33.57716
-4.2031393,-2.4520416,11.364579,33.57716
-3.774519,-3.2235575,11.364579,33.57716
-3.901219,-3.7744179,11.122226,32.86112
-4.3206987,-2.5159788,11.122226,32.86112
-4.1826124,-1.5738735,11.368305,33.58817
-4.1440487,-2.2902193,11.125873,32.87189
-3.6576345,-3.9599237,11.372032,33.599182
-4.258096,-4.9035063,11.372032,33.599182
-3.486074,-5.6755285,11.372032,33.599182
-3.571854,-6.619111,11.372032,33.599182
-4.0007553,-5.847089,11.372032,33.599182
-3.7968197,-6.7290297,11.12952,32.88267
-3.544967,-5.9734707,11.12952,32.88267
-3.4610162,-6.2253237,11.12952,32.88267
-3.3770652,-6.4771767,11.12952,32.88267
-3.2931142,-6.5611277,11.12952,32.88267
-3.2091632,-7.1487846,11.12952,32.88267
-2.9573104,-6.3932257,11.12952,32.88267
-2.9933317,-7.0182867,11.375761,33.6102
-3.5643072,-6.7669163,11.62745,34.353825
-4.0028415,-7.7316914,11.62745,34.353825
-3.6252518,-7.2808523,11.379491,33.62122
-3.367742,-7.881708,11.379491,33.62122
-3.2819057,-7.2808523,11.379491,33.62122
-4.0311785,-7.0294,11.631262,34.36509
-4.160852,-6.916671,11.383222,33.632244
-4.0749874,-6.1438894,11.383222,33.632244
-4.160852,-6.916671,11.383222,33.632244
-4.2467165,-5.8004303,11.383222,33.632244
-3.9272208,-6.7960796,11.635076,34.376358
-3.8394563,-5.304085,11.635076,34.376358
-3.576163,-6.620551,11.635076,34.376358
-3.6138206,-6.18134,11.892502,35.136936
-3.1652899,-6.091634,11.892502,35.136936
-3.2037804,-5.828845,12.155623,35.91434
-4.028999,-6.8374453,12.155623,35.91434
-3.753926,-6.7457542,12.155623,35.91434
-3.1120896,-7.0208273,12.155623,35.91434
-3.1514316,-6.371707,12.424566,36.708946
-4.3697863,-7.2151833,12.424566,36.708946
-4.088628,-6.746585,12.424566,36.708946
-3.807469,-8.152379,12.424566,36.708946
-3.52631,-7.4963417,12.424566,36.708946
-4.7446647,-7.0277433,12.424566,36.708946
-4.5904093,-6.55873,12.69946,37.521133
-5.452548,-5.121833,12.69946,37.521133
-5.0961084,-3.4498167,12.980435,38.351288
-5.194021,-2.9602537,12.980435,38.351288
-4.704458,-4.233117,12.980435,38.351288
-5.762313,-4.149457,13.267628,39.19981
-5.6622343,-3.6490622,13.267628,39.19981
-5.7051754,-2.9405594,13.561174,40.067104
-5.536809,-2.0041237,13.861216,40.95359
-5.22314,-1.6904545,13.861216,40.95359
-4.700358,-2.2132359,13.861216,40.95359
-5.22314,-3.3633556,13.861216,40.95359
-5.1185837,-4.5134754,13.861216,40.95359
-4.729537,-1.8206844,14.167895,41.859688
-5.6624107,-3.0598984,14.48136,42.785835
-5.4826193,-3.4198856,14.801761,43.73247
-5.8175726,-5.764556,14.801761,43.73247
-5.4826193,-7.6626225,14.801761,43.73247
-5.1476665,-7.550971,14.801761,43.73247
-4.8127136,-8.779132,14.801761,43.73247
-5.370969,-8.66748,14.801761,43.73247
-4.8127136,-8.555829,14.801761,43.73247
-4.254459,-9.114084,14.801761,43.73247
-3.696204,-10.342245,14.801761,43.73247
-4.9243646,-11.570406,14.801761,43.73247
-4.142808,-11.012151,14.801761,43.73247
-4.254459,-10.453896,14.801761,43.73247
-4.142808,-10.118942,14.801761,43.73247
-4.477761,-10.677197,14.801761,43.73247
-5.0360155,-10.118942,14.801761,43.73247
-4.9243646,-9.783989,14.801761,43.73247
-5.0360155,-9.002432,14.801761,43.73247
-5.147667,-9.783989,14.801761,43.73247
-5.2593174,-9.002432,14.801761,43.73247
-5.370969,-8.667479,14.801761,43.73247
-5.0360155,-9.895639,14.801761,43.73247
-4.924365,-8.89078,14.801761,43.73247
-4.5894117,-9.895639,14.801761,43.73247
-5.5942707,-8.444177,14.801761,43.73247
-5.0360155,-7.8859215,14.801761,43.73247
-4.7010627,-9.783988,14.801761,43.73247
-5.2593174,-9.225733,14.801761,43.73247
-5.147667,-10.00729,14.801761,43.73247
-5.48262,-9.225733,14.801761,43.73247
-6.0408745,-7.997572,14.801761,43.73247
-5.2593174,-9.449035,14.801761,43.73247
-5.5942707,-7.997572,14.801761,43.73247
-6.3758273,-6.769411,14.801761,43.73247
-5.5942707,-9.783987,14.801761,43.73247
-5.642177,-9.688589,15.12925,44.700054
-6.2127833,-4.32489,15.12925,44.700054
-6.326905,-7.406164,15.12925,44.700054
-6.7155685,-8.579489,14.806614,43.74681
6.5752535,9.848963,14.806614,43.74681
3.3363132,10.184025,14.806614,43.74681
-2.8065038,12.082714,14.806614,43.74681
-4.4818172,7.9502735,14.806614,43.74681
-4.37013,6.72171,14.806614,43.74681
4.2298136,12.194401,14.806614,43.74681
3.2246256,16.550217,14.806614,43.74681
-2.248066,17.778782,14.806614,43.74681
-3.7049482,13.831562,14.490858,42.813896
-4.2514772,14.815315,14.490858,42.813896
5.47674,-14.369337,14.490858,42.813896
3.399929,-13.604197,14.490858,42.813896
1.7603416,-12.401833,14.490858,42.813896
0.33936596,-14.04142,14.490858,42.813896
1.9789534,-12.620443,14.490858,42.813896
0.34242916,-13.112128,14.181836,41.900875
1.3052025,-14.716751,14.181836,41.900875
-0.72731924,-16.535322,14.181836,41.900875
0.8773031,-18.995743,14.181836,41.900875
-0.51336956,-18.24692,14.181836,41.900875
0.8773031,-19.851543,14.181836,41.900875
2.2679763,-21.028265,14.181836,41.900875
1.5191522,-20.065493,14.181836,41.900875
2.2679763,-20.600367,14.181836,41.900875
2.8028502,-21.99104,14.181836,41.900875
1.1982279,-21.242214,14.181836,41.900875
0.44940424,-21.13524,14.181836,41.900875
-1.1552181,-20.814316,14.181836,41.900875
-0.69467735,-22.532816,13.879404,41.007328
0.7651367,-21.389204,13.583422,40.132835
-1.1922846,-22.789902,13.883955,41.020775
-2.9621532,-20.63649,13.587875,40.145996
-1.834713,-20.124016,13.587875,40.145996
14.666906,-18.5866,13.587875,40.145996
15.589357,-19.919027,13.587875,40.145996
9.7471695,-19.201567,13.587875,40.145996
14.359423,-18.074125,13.587875,40.145996
6.0573654,-16.741697,13.587875,40.145996
4.109969,-18.484104,13.587875,40.145996
4.6224422,-18.996576,13.587875,40.145996
5.216493,-18.270973,13.888507,41.034225
0.7117176,-16.909063,13.888507,41.034225
-1.6978135,-15.547155,13.888507,41.034225
-3.6882958,-16.490015,13.888507,41.034225
1.8641019,-19.318596,13.888507,41.034225
10.349842,-20.890028,13.888507,41.034225
5.006969,-19.52812,13.888507,41.034225
5.5307803,-20.47098,13.888507,41.034225
1.6545777,-19.737644,13.888507,41.034225
-0.964478,-18.16621,13.888507,41.034225
-2.7349267,-17.6277,13.59233,40.159157
-1.402061,-19.37068,13.59233,40.159157
0.13586092,-20.293432,13.59233,40.159157
1.2636704,-20.39596,13.59233,40.159157
3.2117047,-21.113657,13.59233,40.159157
2.4940076,-20.601017,13.59233,40.159157
3.0066485,-21.113657,13.59233,40.159157
1.6737828,-19.780792,13.59233,40.159157
0.3409171,-20.49849,13.59233,40.159157
-2.01723,-19.575735,13.59233,40.159157
-1.0944767,-20.703545,13.59233,40.159157
-2.431881,-19.583586,13.302469,39.30275
2.4848623,-20.085293,13.302469,39.30275
2.5852041,-20.185635,13.302469,39.30275
1.5011048,-20.0999,13.5967865,40.17232
0.16780186,-19.792213,13.5967865,40.17232
-1.7808714,-20.305021,13.5967865,40.17232
-0.037321568,-19.792213,13.5967865,40.17232
1.834012,-19.70458,13.897615,41.061134
1.9388437,-19.390087,13.897615,41.061134
4.0691047,-21.04071,14.2051,41.969612
3.104752,-20.076357,14.2051,41.969612
1.9260983,-20.397808,14.2051,41.969612
-0.1097579,-20.93356,14.2051,41.969612
-2.1456141,-19.754906,14.2051,41.969612
-1.2712078,-20.85656,13.902172,41.074596
-0.2132988,-19.913221,13.605704,40.19867
1.9419103,-20.426367,13.605704,40.19867
2.7496958,-20.551632,13.906731,41.088066
2.015398,-20.446732,13.906731,41.088066
0.44190264,-20.341831,13.906731,41.088066
0.9664011,-21.705528,13.906731,41.088066
-1.2364926,-20.76143,13.906731,41.088066
-3.0092647,-22.04216,13.610166,40.21185
-1.2639995,-21.734173,13.610166,40.21185
0.27594042,-21.63151,13.610166,40.21185
-1.0586743,-22.35015,13.610166,40.21185
0.27594042,-21.015533,13.610166,40.21185
-1.4693251,-22.144823,13.610166,40.21185
0.27594042,-20.604883,13.610166,40.21185
1.9053407,-21.264591,13.319924,39.35432
-0.20459986,-19.958437,13.319924,39.35432
-1.5107536,-20.66175,13.319924,39.35432
0.4712658,-20.72634,13.035873,38.51508
-1.3970184,-20.234686,13.035873,38.51508
-3.24833,-19.160576,12.757879,37.693733
-2.3822258,-19.641745,12.757879,37.693733
2.33323,-18.96811,12.757879,37.693733
1.2746587,-18.871874,12.757879,37.693733
-0.3613162,-18.96811,12.757879,37.693733
-2.382226,-19.449278,12.757879,37.693733
-1.967927,-18.583586,12.485814,36.889904
-0.9319296,-17.924314,12.485814,36.889904
2.154488,-19.21183,12.762063,37.706093
1.4806304,-18.730503,12.762063,37.706093
0.22918081,-17.864115,12.762063,37.706093
-1.5998607,-16.612665,12.762063,37.706093
-3.4289026,-15.168684,12.762063,37.706093
0.5248046,-17.88294,13.044424,38.54034
4.9743276,-17.594698,13.333032,39.393047
6.4829106,-18.499847,13.333032,39.393047
3.9686055,-17.795843,13.333032,39.393047
3.2646003,-17.091837,13.333032,39.393047
1.7560167,-18.399277,13.333032,39.393047
0.44857788,-17.69527,13.333032,39.393047
-1.2611499,-19.203854,13.333032,39.393047
-2.5685887,-17.292982,13.333032,39.393047
-1.8645835,-16.588976,13.333032,39.393047
-1.3617225,-17.69527,13.333032,39.393047
-2.8703055,-17.19241,13.333032,39.393047
-1.9651556,-18.499847,13.333032,39.393047
-3.473739,-17.594698,13.333032,39.393047
-2.7697334,-19.103281,13.333032,39.393047
-2.4680169,-17.996986,13.333032,39.393047
-1.9651561,-19.50557,13.333032,39.393047
-1.382247,-18.793575,13.628025,40.264618
-2.7186127,-19.924347,13.628025,40.264618
-1.793436,-21.466307,13.628025,40.264618
-3.335397,-19.924347,13.628025,40.264618
-1.9990311,-21.260712,13.628025,40.264618
-0.6626649,-20.129942,13.628025,40.264618
-2.2046256,-21.671902,13.628025,40.264618
-1.0738544,-20.54113,13.628025,40.264618
-0.14867783,-20.232738,13.628025,40.264618
0.7764988,-20.129942,13.628025,40.264618
2.2255235,-22.60176,13.929545,41.15547
0.85959005,-20.815542,13.929545,41.15547
-1.3469172,-20.71047,13.929545,41.15547
-0.6114149,-20.605398,13.929545,41.15547
-2.397635,-20.290182,13.929545,41.15547
-1.4519892,-21.235828,13.929545,41.15547
-0.08605623,-20.290182,13.929545,41.15547
-1.6621327,-19.974968,13.929545,41.15547
-3.4483528,-20.920612,13.929545,41.15547
-2.922994,-20.18511,13.929545,41.15547
-1.7672043,-21.3409,13.929545,41.15547
-1.031702,-20.395254,13.929545,41.15547
-2.817922,-19.449608,13.929545,41.15547
-1.2418456,-21.235828,13.929545,41.15547
16.591034,-21.146051,14.237737,42.066036
15.19488,-21.683033,14.237737,42.066036
13.583933,-20.716465,14.237737,42.066036
11.309374,-21.73894,14.552747,42.996746
5.7109694,-20.53144,14.552747,42.996746
3.8448348,-19.982576,14.552747,42.996746
2.417791,-19.65326,14.552747,42.996746
0.32068634,-20.470577,14.874726,43.948048
-1.1243634,-20.14189,15.20383,44.9204
-3.0739884,-18.192265,15.20383,44.9204
-2.0418339,-19.22442,15.20383,44.9204
-4.220826,-18.88037,15.20383,44.9204
-3.188672,-19.453787,15.20383,44.9204
-2.3858857,-20.256575,15.20383,44.9204
-3.6474073,-20.14189,15.20383,44.9204
-3.0739884,-19.339104,15.20383,44.9204
-4.5648775,-19.22442,15.20383,44.9204
-3.7620912,-20.256575,15.20383,44.9204
-3.188672,-19.683155,15.20383,44.9204
-2.8446207,-21.403412,15.20383,44.9204
-2.179922,-20.829483,15.540215,45.91426
1.219492,-22.118916,15.540215,45.91426
3.115068,-21.775524,15.884042,46.930115
4.6726594,-22.614227,15.884042,46.930115
3.8339562,-21.296265,15.884042,46.930115
2.2763648,-20.697191,15.884042,46.930115
1.1980319,-19.61886,15.884042,46.930115
-0.3450699,-19.26787,16.235476,47.968445
1.2469835,-19.635267,16.235476,47.968445
-0.100138664,-19.512802,16.235476,47.968445
-1.9371228,-18.900475,16.235476,47.968445
-3.774107,-17.798283,16.235476,47.968445
-2.9168477,-16.696093,16.235476,47.968445
-2.5494509,-18.533077,16.235476,47.968445
-2.182054,-16.20623,16.235476,47.968445
-3.5434494,-15.8127985,15.889249,46.945503
-2.704471,-14.254697,15.889249,46.945503
-4.0228653,-13.415719,15.889249,46.945503
-3.5768976,-11.821129,16.240799,47.984173
-5.9045076,-9.738531,16.240799,47.984173
-5.7820015,-11.086095,16.240799,47.984173
-4.9244614,-5.5733356,16.240799,47.984173
3.4115572,-10.044251,16.600126,49.045822
36.84428,-8.666873,16.600126,49.045822
36.46863,-6.5381985,16.600126,49.045822
35.341686,-8.166009,16.600126,49.045822
33.96431,-10.294684,16.600126,49.045822
34.59039,-8.666874,16.600126,49.045822
35.129463,-8.505986,16.246124,47.999905
33.29471,-6.6948986,15.899671,46.97629
31.735586,-8.014156,15.899671,46.97629
29.708761,-6.010494,15.560605,45.974506
30.214075,-6.764743,15.22877,44.994087
28.72074,-7.109359,15.22877,44.994087
26.308428,-5.616024,15.22877,44.994087
26.802969,-6.354187,14.904012,44.034576
25.116636,-7.141143,14.904012,44.034576
23.43345,-5.2629538,14.586179,43.095528
21.78308,-6.2531776,14.586179,43.095528
20.352757,-4.602806,14.586179,43.095528
18.922434,-5.813078,14.586179,43.095528
17.052011,-3.7226067,14.586179,43.095528
16.721937,-4.7128296,14.586179,43.095528
15.291615,-4.822855,14.586179,43.095528
13.8564205,-4.8935823,14.275125,42.176502
12.241243,-3.9244747,14.275125,42.176502
10.184145,-5.173068,14.590961,43.109657
8.313109,-3.9623985,14.590961,43.109657
6.662196,-4.512703,14.590961,43.109657
5.2314043,-4.18252,14.590961,43.109657
2.7000036,-4.2925797,14.590961,43.109657
1.7094555,-3.5221539,14.590961,43.109657
0.058541775,-4.2925797,14.590961,43.109657
0.38872433,-4.842884,14.590961,43.109657
-1.2621894,-6.0535545,14.590961,43.109657
-0.711885,-6.8239813,14.590961,43.109657
-2.8030422,-7.8145294,14.590961,43.109657
-2.252738,-9.905686,14.590961,43.109657
-3.4634078,-10.8962345,14.590961,43.109657
16.457615,-3.3020325,14.590961,43.109657
16.127432,-3.412094,14.590961,43.109657
17.11798,-4.182522,14.590961,43.109657
15.687187,-4.07246,14.590961,43.109657
14.036274,-2.8617897,14.590961,43.109657
12.385361,-3.852337,14.590961,43.109657
11.17469,-4.6227646,14.590961,43.109657
10.184141,-3.852337,14.590961,43.109657
8.973473,-4.4026413,14.590961,43.109657
7.762803,-2.9718494,14.590961,43.109657
6.5521336,-3.5221539,14.590961,43.109657
5.341464,-2.751728,14.590961,43.109657
3.9106722,-3.5221539,14.590961,43.109657
2.920124,-2.751728,14.590961,43.109657
2.1496983,-3.7422752,14.590961,43.109657
1.3792715,-4.2925797,14.590961,43.109657
0.8289671,-4.6227627,14.590961,43.109657
-0.3817029,-3.4120922,14.590961,43.109657
-0.2716422,-4.842884,14.590961,43.109657
-1.9225559,-5.833432,14.590961,43.109657
-1.5923729,-6.163615,14.590961,43.109657
-3.2432864,-6.273676,14.590961,43.109657
-2.9131036,-6.603859,14.590961,43.109657
-2.3627992,-7.1541634,14.590961,43.109657
-3.7935908,-8.1447115,14.590961,43.109657
-3.6835299,-13.097452,14.590961,43.109657
-2.5888724,-6.6088734,14.913787,44.063457
-1.4699955,-6.7461815,15.243754,45.03836
0.7147188,-5.481346,15.243754,45.03836
1.7495837,-4.6764526,15.243754,45.03836
1.6345983,-3.6415882,15.243754,45.03836
25.66646,-6.0562725,15.243754,45.03836
23.251774,-8.470957,15.243754,45.03836
22.446878,-8.815911,15.243754,45.03836
18.422405,-9.620806,15.243754,45.03836
19.68724,-8.126001,15.243754,45.03836
18.444935,-8.266348,15.581022,46.034836
17.622234,-9.089051,15.581022,46.034836
16.094357,-8.501406,15.581022,46.034836
14.801536,-9.324109,15.581022,46.034836
16.329414,-8.971522,15.581022,46.034836
22.323395,-7.6787033,15.581022,46.034836
24.641867,-8.43394,15.248753,45.053127
30.680317,-8.729611,14.923569,44.092358
0.62418604,-7.0410643,14.923569,44.092358
3.6635704,-6.027936,14.923569,44.092358
10.755466,-7.0410643,14.923569,44.092358
15.821106,-7.3787737,14.923569,44.092358
25.164398,-7.0410643,14.923569,44.092358
34.50769,-8.504472,14.923569,44.092358
43.672398,-7.708828,14.605319,43.152077
53.697796,-8.92069,14.605319,43.152077
61.180443,-8.99151,14.293857,42.231846
70.99204,-9.961888,14.293857,42.231846
79.72545,-11.363545,14.293857,42.231846
92.55601,-12.980843,14.293857,42.231846
101.12616,-11.595234,13.989036,41.331238
112.36133,-12.476719,13.690715,40.449837
120.17171,-12.941254,13.398756,39.58723
130.15347,-11.642416,13.113024,38.743023
140.87576,-12.659375,12.8333845,37.916817
150.24973,-13.654649,12.559709,37.10823
159.24118,-12.254515,12.291869,36.316887
168.7912,-13.830732,12.291869,36.316887
175.7451,-14.665199,12.291869,36.316887
185.6172,-13.294926,12.029741,35.54242
191.7918,-15.665142,12.295899,36.328796
198.62764,-14.294416,12.033686,35.554073
202.69301,-14.177787,11.777063,34.79587
207.04594,-16.221,11.777063,34.79587
213.17558,-15.243812,11.777063,34.79587
216.98302,-15.643416,11.525914,34.05384
220.19296,-15.569131,11.780925,34.80728
222.73634,-17.521534,12.041577,35.577393
225.22852,-16.004066,11.784787,34.818695
228.162,-15.915173,11.784787,34.818695
229.4015,-14.772787,11.533473,34.076176
228.44452,-15.207777,11.533473,34.076176
229.05351,-14.598791,11.533473,34.076176
230.26659,-14.48701,11.2875185,33.34949
229.4842,-13.721088,11.046809,32.6383
228.07602,-13.614023,10.811233,31.94228
227.66827,-14.021773,10.811233,31.94228
226.29008,-12.502147,10.58068,31.2611
224.9333,-13.060823,10.58068,31.2611
224.6615,-11.727456,10.355043,30.594448
223.64262,-10.874238,10.134219,29.942013
222.95464,-10.339135,10.134219,29.942013
222.39958,-9.504111,9.918104,29.30349
221.27739,-10.327056,9.918104,29.30349
220.60406,-10.701121,9.918104,29.30349
219.33006,-11.258147,10.137542,29.95183
218.3326,-9.980624,9.921355,29.313099
217.06035,-10.654163,9.921355,29.313099
216.51694,-9.403883,9.70978,28.687988
216.2675,-8.462643,9.502716,28.076208
213.61534,-8.821042,9.502716,28.076208
212.11006,-9.322801,9.502716,28.076208
213.0419,-8.534323,9.502716,28.076208
210.18518,-9.960432,9.712964,28.697393
209.51195,-8.312708,9.505832,28.085413
208.86662,-8.527819,9.505832,28.085413
208.20775,-8.712134,9.303117,27.486483
208.37459,-7.6750402,9.104725,26.900326
207.06258,-8.043879,9.306167,27.495495
206.28223,-6.4651637,9.10771,26.909145
203.05331,-6.9460654,9.10771,26.909145
202.73872,-7.742684,9.309218,27.50451
203.23027,-8.234226,9.309218,27.50451
200.63213,-8.866208,9.309218,27.50451
199.87344,-8.223381,9.515184,28.113049
199.22748,-7.577417,9.515184,28.113049
198.43797,-8.36693,9.515184,28.113049
