362.21,34.967,66.86,97.193
360.60223,33.35922,66.86,97.193
360.9238,33.037663,66.86,97.193
361.24536,32.716106,66.86,97.193
360.2807,33.037663,66.86,97.193
360.60226,32.072994,66.86,97.193
360.2807,31.751438,66.86,97.193
359.31604,32.716106,66.86,97.193
358.99448,31.751438,66.86,97.193
359.95914,32.716106,66.86,97.193
358.35135,31.751438,66.86,97.193
357.3867,31.429882,66.86,97.193
357.06512,31.108326,66.86,97.193
357.3867,30.78677,66.86,97.193
356.42203,32.39455,66.86,97.193
356.10046,32.072994,66.86,97.193
355.1358,31.751438,66.86,97.193
356.10046,32.716106,66.86,97.193
355.7789,33.037663,66.86,97.193
357.3867,32.716106,66.86,97.193
356.42203,33.680775,66.86,97.193
358.6729,33.35922,66.86,97.193
358.35135,33.680775,66.86,97.193
359.316,34.00233,66.86,97.193
358.99445,33.680775,66.86,97.193
360.60223,34.00233,66.86,97.193
359.63757,33.680775,66.86,97.193
360.60223,34.645443,66.86,97.193
360.28067,34.967,66.86,97.193
359.9591,34.00233,66.86,97.193
361.5669,34.967,66.86,97.193
360.60223,35.288555,66.86,97.193
362.85312,36.253223,66.86,97.193
362.53156,36.57478,66.86,97.193
362.21,36.896336,66.86,97.193
363.17465,37.861004,66.86,97.193
362.8531,38.825672,66.86,97.193
365.10397,38.504116,66.86,97.193
363.4962,38.18256,66.86,97.193
365.10397,37.861004,66.86,97.193
364.1393,38.825672,66.86,97.193
365.7471,39.14723,66.86,97.193
367.3549,38.825672,66.86,97.193
367.03333,39.79034,66.86,97.193
367.998,39.468784,66.86,97.193
369.60577,39.79034,66.86,97.193
369.92734,40.75501,66.86,97.193
371.53513,41.719677,66.86,97.193
372.4998,41.39812,66.86,97.193
371.53513,41.076565,66.86,97.193
373.786,40.111897,66.86,97.193
372.0455,38.03585,68.33928,99.3434
372.3125,37.27786,69.85129,101.541374
371.97656,37.613804,69.85129,101.541374
372.98438,37.27786,69.85129,101.541374
373.9922,37.613804,69.85129,101.541374
373.65625,38.62163,69.85129,101.541374
372.64844,38.285686,69.85129,101.541374
370.9687,38.62163,69.85129,101.541374
372.64844,38.957577,69.85129,101.541374
369.62494,39.29352,69.85129,101.541374
368.61713,37.61381,69.85129,101.541374
366.26556,39.29352,69.85129,101.541374
364.58582,37.61381,69.85129,101.541374
364.92175,38.62164,69.85129,101.541374
362.5702,38.285694,69.85129,101.541374
360.21857,39.29352,69.85129,101.541374
357.19513,37.61381,69.85129,101.541374
353.49976,39.965405,69.85129,101.541374
353.16382,38.285694,69.85129,101.541374
348.79657,39.965405,69.85129,101.541374
345.77307,38.957577,69.85129,101.541374
340.73395,37.277866,69.85129,101.541374
335.02295,35.598156,69.85129,101.541374
332.67133,37.94975,69.85129,101.541374
329.6479,35.598156,69.85129,101.541374
326.6244,35.9341,69.85129,101.541374
324.9447,38.285694,69.85129,101.541374
326.6244,35.9341,69.85129,101.541374
324.9447,38.285694,69.85129,101.541374
326.6244,39.29352,69.85129,101.541374
326.28845,40.30135,69.85129,101.541374
327.29626,38.62164,69.85129,101.541374
326.28845,43.66077,69.85129,101.541374
324.60876,46.012363,69.85129,101.541374
324.9447,49.70773,69.85129,101.541374
323.12634,51.72129,71.39674,103.78798
324.84323,49.317665,71.39674,103.78798
323.8131,53.094788,71.39674,103.78798
324.1565,52.06466,71.39674,103.78798
324.49988,53.094788,71.39674,103.78798
326.9035,51.377914,71.39674,103.78798
324.49988,53.78154,71.39674,103.78798
324.84326,50.691162,71.39674,103.78798
323.12637,53.094788,71.39674,103.78798
323.46976,52.75141,71.39674,103.78798
321.75287,52.408035,71.39674,103.78798
320.03598,54.12491,71.39674,103.78798
278.1029,41.00012,69.87418,101.57467
275.285,41.759266,68.384094,99.40856
276.33115,41.234234,66.92578,97.28864
277.29675,41.556103,66.92578,97.28864
277.61862,41.234234,66.92578,97.28864
279.88342,41.961346,65.498566,95.213936
278.30835,41.646336,65.498566,95.213936
279.88342,44.48141,65.498566,95.213936
281.45844,43.53639,65.498566,95.213936
284.88943,47.89147,64.10179,93.18347
295.3788,53.34227,62.734802,91.196304
315.5938,40.9719,62.734802,91.196304
328.18597,27.694561,61.396965,89.25152
332.6152,29.76154,61.396965,89.25152
338.22556,31.23795,61.396965,89.25152
342.1417,31.16967,62.75537,91.22621
344.2544,27.8497,62.75537,91.22621
347.57437,30.56604,62.75537,91.22621
352.6071,28.920597,61.417095,89.280785
356.9631,26.740837,60.107357,87.37685
355.5177,28.186234,60.107357,87.37685
358.109,27.167484,58.82555,85.51351
362.82657,26.170456,57.57108,83.68991
366.37604,25.194695,56.343357,81.9052
369.32745,25.284466,55.14182,80.15855
370.68228,26.394783,53.965904,78.44914
371.00754,27.481419,52.815063,76.77619
373.77414,26.586266,51.688766,75.138916
372.64804,29.064693,50.586487,73.53655
375.2979,27.269325,49.507713,71.96836
374.2193,29.64317,48.451946,70.43362
374.96054,28.821968,47.418694,68.931595
373.92746,30.656021,46.407475,67.46161
373.7769,30.729965,45.41782,66.02297
373.2085,33.328777,44.449272,64.61501
373.0643,32.98751,43.501377,63.23708
372.5199,34.266747,42.573696,61.88853
373.54367,33.242973,42.573696,61.88853
371.7009,33.85723,42.573696,61.88853
369.85812,34.06199,42.573696,61.88853
367.60583,32.219208,42.573696,61.88853
368.2201,33.242973,42.573696,61.88853
311.0298,89.27766,43.51564,63.257816
302.4164,87.73324,42.587658,61.908825
299.3441,89.57662,42.587658,61.908825
296.27176,87.73324,42.587658,61.908825
298.11514,89.166985,42.587658,61.908825
294.63318,87.73324,42.587658,61.908825
291.97052,88.3477,42.587658,61.908825
288.8982,87.3236,42.587658,61.908825
286.23553,88.3477,42.587658,61.908825
288.07892,86.913956,42.587658,61.908825
285.41626,88.3477,42.587658,61.908825
282.34393,87.3236,42.587658,61.908825
280.0909,89.57663,42.587658,61.908825
278.3734,92.80318,41.679462,60.5886
276.97025,91.40001,41.679462,60.5886
275.16617,93.60498,41.679462,60.5886
272.96118,94.607254,41.679462,60.5886
270.3553,94.80771,41.679462,60.5886
268.95212,95.80997,41.679462,60.5886
270.7562,96.81224,41.679462,60.5886
266.9476,95.80997,41.679462,60.5886
264.7426,96.81224,41.679462,60.5886
261.7358,95.40907,41.679462,60.5886
259.93173,96.41133,41.679462,60.5886
259.33038,94.20636,41.679462,60.5886
258.32812,94.406815,41.679462,60.5886
256.92496,93.00365,41.679462,60.5886
256.3236,93.604996,41.679462,60.5886
256.52405,91.80092,41.679462,60.5886
257.5263,93.604996,41.679462,60.5886
255.3213,90.598206,41.679462,60.5886
257.92722,92.00137,41.679462,60.5886
255.72221,90.197296,41.679462,60.5886
257.92722,91.600464,41.679462,60.5886
256.92496,89.39548,41.679462,60.5886
259.53085,91.199554,41.679462,60.5886
261.73584,92.60272,41.679462,60.5886
259.93176,90.798645,41.679462,60.5886
262.93857,93.00363,41.679462,60.5886
261.5354,92.00136,41.679462,60.5886
264.1413,92.20181,41.679462,60.5886
264.34174,91.199554,41.679462,60.5886
264.94308,92.60272,41.679462,60.5886
263.94083,90.798645,41.679462,60.5886
265.344,91.399994,41.679462,60.5886
267.9499,92.80316,41.679462,60.5886
270.5558,94.60724,41.679462,60.5886
269.15262,91.60045,41.679462,60.5886
272.56033,93.404526,41.679462,60.5886
271.95898,94.80769,41.679462,60.5886
271.35764,96.61177,41.679462,60.5886
275.56714,98.81676,41.679462,60.5886
277.77213,101.42264,41.679462,60.5886
277.17078,104.83034,41.679462,60.5886
276.97034,105.832596,41.679462,60.5886
277.9726,109.240295,41.679462,60.5886
277.77216,112.647995,41.679462,60.5886
279.97714,116.055695,41.679462,60.5886
281.3803,119.463394,41.679462,60.5886
281.58075,120.06476,41.679462,60.5886
283.38483,122.67064,41.679462,60.5886
283.1844,122.87109,41.679462,60.5886
282.98395,121.06702,41.679462,60.5886
283.9862,120.86656,41.679462,60.5886
283.78577,120.66611,41.679462,60.5886
283.9862,119.26294,41.679462,60.5886
286.1912,120.66611,41.679462,60.5886
287.99527,122.87109,41.679462,60.5886
287.79483,123.47246,41.679462,60.5886
287.5944,122.87109,41.679462,60.5886
290.2003,124.27426,41.679462,60.5886
292.00436,122.87109,41.679462,60.5886
290.91937,124.90444,42.60162,61.929123
293.9927,127.567986,42.60162,61.929123
294.60736,129.0022,42.60162,61.929123
292.64807,125.97883,43.54418,63.299305
293.27634,127.44477,43.54418,63.299305
290.40463,124.35451,44.507595,64.6998
288.47815,124.99667,44.507595,64.6998
288.65204,124.947174,45.492325,66.13128
287.1205,125.603546,45.492325,66.13128
284.1203,123.28301,46.498844,67.59444
283.37387,124.15936,47.52763,69.089966
284.0596,126.21657,47.52763,69.089966
283.83102,127.35947,47.52763,69.089966
282.1195,123.986496,48.579178,70.61858
282.79407,124.902054,49.65399,72.18102
283.5105,126.096085,49.65399,72.18102
285.65976,127.76773,49.65399,72.18102
283.5105,124.66325,49.65399,72.18102
285.65976,125.857285,49.65399,72.18102
284.94333,122.75281,49.65399,72.18102
285.65976,122.99161,49.65399,72.18102
286.8538,123.70802,49.65399,72.18102
288.07376,126.08889,48.595104,70.64174
289.24234,123.51804,48.595104,70.64174
289.53522,122.24388,47.5588,69.135284
292.05124,120.18532,47.5588,69.135284
295.86523,119.820175,46.544594,67.66096
296.0471,120.69739,47.574394,69.15796
297.6487,118.18054,47.574394,69.15796
300.14078,120.02063,46.559856,67.68314
299.3934,117.180984,47.589993,69.18063
300.99554,117.867615,47.589993,69.18063
301.22443,118.0965,47.589993,69.18063
301.4533,118.78313,47.589993,69.18063
300.3089,116.72322,47.589993,69.18063
301.91934,118.563896,46.575123,67.70534
301.69534,118.787895,46.575123,67.70534
301.02335,117.2199,46.575123,67.70534
349.5441,54.420643,47.6056,69.203316
349.77304,46.407253,47.6056,69.203316
350.00198,45.262486,47.6056,69.203316
351.14676,44.575626,47.6056,69.203316
350.91782,46.63621,47.6056,69.203316
351.60468,45.491444,47.6056,69.203316
352.7408,44.013268,48.65887,70.734436
352.03876,44.247284,48.65887,70.734436
353.20886,44.013268,48.65887,70.734436
352.97485,44.247284,48.65887,70.734436
353.20886,44.013268,48.65887,70.734436
353.91092,43.77925,48.65887,70.734436
353.6769,44.481308,48.65887,70.734436
353.91092,44.715324,48.65887,70.734436
354.61298,44.013268,48.65887,70.734436
355.31503,44.247284,48.65887,70.734436
354.04834,42.736397,49.735447,72.29944
354.76593,43.453987,49.735447,72.29944
354.52673,42.736397,49.735447,72.29944
355.72272,43.453987,49.735447,72.29944
354.52673,42.736397,49.735447,72.29944
355.2174,41.688416,50.835842,73.89906
354.40137,41.12456,51.960587,75.53408
354.65128,42.374058,51.960587,75.53408
354.90118,40.624767,51.960587,75.53408
355.65088,42.374058,51.960587,75.53408
354.90118,40.624767,51.960587,75.53408
354.58563,42.1226,53.110214,77.20527
354.84106,39.82375,53.110214,77.20527
355.0965,39.568325,53.110214,77.20527
355.35193,40.334606,53.110214,77.20527
355.60736,41.100887,53.110214,77.20527
355.35193,39.82375,53.110214,77.20527
356.11823,39.568325,53.110214,77.20527
355.35193,39.82375,53.110214,77.20527
284.00766,53.54502,54.28528,78.91344
264.94888,48.58452,54.28528,78.91344
260.51053,44.14617,54.28528,78.91344
255.3052,39.751884,55.48634,80.65939
250.23495,41.619873,55.48634,80.65939
248.36697,37.08333,55.48634,80.65939
244.36414,33.08049,55.48634,80.65939
245.68835,28.588982,56.713974,82.443985
252.13567,24.564075,57.96877,84.26806
255.83313,25.656609,59.251328,86.13249
253.83838,21.382164,59.251328,86.13249
271.79105,96.89736,59.251328,86.13249
272.64594,92.052986,59.251328,86.13249
275.74966,88.302124,57.987774,84.29569
273.79745,85.234375,57.987774,84.29569
274.63412,82.166626,57.987774,84.29569
274.35522,78.54111,57.987774,84.29569
275.74966,74.35782,57.987774,84.29569
274.913,70.17453,57.987774,84.29569
275.1919,71.568954,57.987774,84.29569
275.4708,68.501205,57.987774,84.29569
276.30746,67.10678,57.987774,84.29569
277.14413,66.827896,57.987774,84.29569
276.86523,65.99124,57.987774,84.29569
276.58633,66.27013,57.987774,84.29569
277.423,66.54901,57.987774,84.29569
279.3752,65.15457,57.987774,84.29569
279.6541,65.99123,57.987774,84.29569
281.04855,65.71234,57.987774,84.29569
280.76965,64.87569,57.987774,84.29569
283.27963,66.27013,57.987774,84.29569
286.34738,67.10678,57.987774,84.29569
288.85736,66.827896,57.987774,84.29569
290.2518,67.10678,57.987774,84.29569
291.67654,68.81201,56.751167,82.49806
293.04123,67.44732,56.751167,82.49806
294.4059,68.266136,56.751167,82.49806
295.22473,66.35557,56.751167,82.49806
296.58942,67.174385,56.751167,82.49806
296.86237,67.44733,56.751167,82.49806
299.31882,64.990875,56.751167,82.49806
300.6835,65.26382,56.751167,82.49806
304.1824,64.828094,55.54093,80.73877
306.58646,66.16369,55.54093,80.73877
306.85358,65.89657,55.54093,80.73877
308.72342,67.766396,55.54093,80.73877
312.19595,69.63622,55.54093,80.73877
315.62027,72.814285,54.356506,79.01699
317.96368,76.42851,53.19734,77.33193
317.19614,77.196045,53.19734,77.33193
320.47595,80.7332,52.06289,75.68281
322.2287,82.986725,52.06289,75.68281
321.9783,85.74103,52.06289,75.68281
324.7326,88.99611,52.06289,75.68281
322.97986,89.24649,52.06289,75.68281
326.23495,92.00079,52.06289,75.68281
323.98145,93.25275,52.06289,75.68281
325.2334,94.5047,52.06289,75.68281
324.48224,96.758224,52.06289,75.68281
327.23654,98.510956,52.06289,75.68281
324.98303,99.26213,52.06289,75.68281
324.33145,102.24118,50.952633,74.06885
325.5567,105.42685,50.952633,74.06885
323.84134,107.14221,50.952633,74.06885
325.5567,108.857574,50.952633,74.06885
322.86115,107.14221,50.952633,74.06885
322.12598,108.857574,50.952633,74.06885
320.4106,109.59273,50.952633,74.06885
318.20514,107.38727,50.952633,74.06885
318.9403,109.59273,50.952633,74.06885
318.20514,108.36748,50.952633,74.06885
318.4502,110.57294,50.952633,74.06885
321.59164,113.48846,49.866055,72.4893
317.99426,110.37072,49.866055,72.4893
319.67303,112.52915,49.866055,72.4893
315.596,108.93177,49.866055,72.4893
315.83585,111.56985,49.866055,72.4893
312.7181,108.45211,49.866055,72.4893
310.08002,106.77334,49.866055,72.4893
309.84018,107.01316,49.866055,72.4893
308.64105,107.73264,49.866055,72.4893
306.00296,108.452126,49.866055,72.4893
303.36487,108.69195,49.866055,72.4893
299.28784,109.891075,49.866055,72.4893
298.0887,108.2123,49.866055,72.4893
294.49133,109.891075,49.866055,72.4893
290.89395,111.56985,49.866055,72.4893
286.33728,114.207924,49.866055,72.4893
280.34164,116.846,49.866055,72.4893
278.18323,114.68757,49.866055,72.4893
273.14688,118.764595,49.866055,72.4893
267.15125,122.84162,49.866055,72.4893
259.71664,125.4797,49.866055,72.4893
252.44688,126.41951,50.96934,74.09313
250.2407,125.19385,50.96934,74.09313
243.8274,126.154465,52.09704,75.732445
238.06464,126.405014,52.09704,75.732445
233.30408,125.15224,52.09704,75.732445
229.54575,123.89946,52.09704,75.732445
229.22937,122.80173,53.249683,77.40803
225.90009,121.00903,53.249683,77.40803
222.5708,118.19194,53.249683,77.40803
220.7781,115.37485,53.249683,77.40803
224.10739,109.99678,53.249683,77.40803
223.85129,108.20409,53.249683,77.40803
221.5464,105.8992,53.249683,77.40803
219.75371,104.61871,53.249683,77.40803
221.0342,103.85042,53.249683,77.40803
222.82689,105.130905,53.249683,77.40803
222.0586,103.85042,53.249683,77.40803
224.36348,106.66751,53.249683,77.40803
224.61958,104.87482,53.249683,77.40803
224.94054,103.478615,52.114117,75.75728
225.69244,105.73435,52.114117,75.75728
224.43925,104.48116,52.114117,75.75728
226.19371,107.23817,52.114117,75.75728
224.94052,105.48371,52.114117,75.75728
224.68988,105.23307,52.114117,75.75728
224.03766,103.86664,51.002766,74.14173
223.79237,105.093094,51.002766,74.14173
223.54709,106.810135,51.002766,74.14173
224.77354,106.56485,51.002766,74.14173
229.33661,110.901794,49.915115,72.56064
232.45743,112.1021,49.915115,72.56064
231.73724,112.82228,49.915115,72.56064
233.41766,114.982834,49.915115,72.56064
231.73721,118.10364,49.915115,72.56064
230.0568,122.66481,49.915115,72.56064
226.45587,127.22598,49.915115,72.56064
224.77542,129.38654,49.915115,72.56064
225.4956,127.22598,49.915115,72.56064
221.20746,123.185455,51.019485,74.166046
219.48987,119.50487,51.019485,74.166046
217.14345,116.393234,52.148293,75.80697
219.40067,116.64404,52.148293,75.80697
216.14024,118.90126,52.148293,75.80697
226.42311,185.86531,52.148293,75.80697
231.57216,189.33272,51.036213,74.19036
234.76305,188.59636,51.036213,74.19036
236.48122,186.38728,51.036213,74.19036
239.1812,189.08727,51.036213,74.19036
241.88118,186.87819,51.036213,74.19036
245.07207,187.12364,51.036213,74.19036
247.28114,186.87819,51.036213,74.19036
248.99931,185.65092,51.036213,74.19036
250.71748,183.93275,51.036213,74.19036
252.92656,185.65092,51.036213,74.19036
254.15382,186.87819,51.036213,74.19036
254.89018,187.12364,51.036213,74.19036
255.62654,187.3691,51.036213,74.19036
256.85382,188.10545,51.036213,74.19036
258.572,188.3509,51.036213,74.19036
259.79926,189.08727,51.036213,74.19036
261.51743,189.33272,51.036213,74.19036
262.7447,189.08727,51.036213,74.19036
263.48105,189.82362,51.036213,74.19036
264.2174,189.57817,51.036213,74.19036
264.95377,189.82362,51.036213,74.19036
265.19922,190.55998,51.036213,74.19036
265.93558,189.82362,51.036213,74.19036
264.7083,191.05089,51.036213,74.19036
265.93558,192.27815,51.036213,74.19036
266.67194,193.01451,51.036213,74.19036
267.4083,192.76906,51.036213,74.19036
267.65375,193.01451,51.036213,74.19036
267.8992,193.25996,51.036213,74.19036
268.14465,193.01451,51.036213,74.19036
268.3901,192.76906,51.036213,74.19036
266.18103,194.48723,51.036213,74.19036
266.9174,193.25996,51.036213,74.19036
267.65375,193.50542,51.036213,74.19036
267.8992,193.25996,51.036213,74.19036
265.69012,195.46904,51.036213,74.19036
266.42648,194.73268,51.036213,74.19036
264.7083,195.46904,51.036213,74.19036
265.93558,194.24178,51.036213,74.19036
263.7265,196.94176,51.036213,74.19036
264.95377,194.73268,51.036213,74.19036
261.76288,197.43266,51.036213,74.19036
263.48105,195.22359,51.036213,74.19036
260.29016,197.92357,51.036213,74.19036
260.5356,196.6963,51.036213,74.19036
257.34473,199.39629,51.036213,74.19036
258.0811,200.13264,51.036213,74.19036
256.3629,199.39629,51.036213,74.19036
256.60837,202.09627,51.036213,74.19036
253.90837,200.869,51.036213,74.19036
251.20839,203.56898,51.036213,74.19036
250.47203,201.85081,51.036213,74.19036
250.67142,202.30338,52.16539,75.831825
247.40991,203.5578,52.16539,75.831825
245.15195,205.314,52.16539,75.831825
243.39575,206.06665,52.16539,75.831825
241.63956,205.314,52.16539,75.831825
239.88336,207.07019,52.16539,75.831825
240.13425,207.82285,52.16539,75.831825
236.87274,209.07727,52.16539,75.831825
234.113,211.33522,52.16539,75.831825
233.86212,213.09142,52.16539,75.831825
233.10947,211.83699,52.16539,75.831825
230.8515,214.59671,52.16539,75.831825
229.09534,217.35643,52.16539,75.831825
227.84091,220.11617,52.16539,75.831825
226.58649,222.8759,52.16539,75.831825
227.33914,224.13033,52.16539,75.831825
227.08826,227.39183,52.16539,75.831825
227.84091,231.65685,52.16539,75.831825
228.0918,235.92186,52.16539,75.831825
226.3356,239.6851,52.16539,75.831825
227.59003,239.93599,52.16539,75.831825
225.33206,242.69572,52.16539,75.831825
228.0918,243.95015,52.16539,75.831825
229.84799,244.20103,52.16539,75.831825
230.09888,243.44838,52.16539,75.831825
230.34976,244.20103,52.16539,75.831825
232.10593,241.94307,52.16539,75.831825
232.85858,239.6851,52.16539,75.831825
234.113,236.92537,52.16539,75.831825
236.37097,233.66386,52.16539,75.831825
236.20177,233.747,51.052948,74.21469
237.92052,231.04613,51.052948,74.21469
240.13033,226.87206,51.052948,74.21469
242.34013,223.18904,51.052948,74.21469
244.54994,219.01497,51.052948,74.21469
246.26869,216.80516,51.052948,74.21469
247.98744,213.12215,51.052948,74.21469
249.2151,208.457,51.052948,74.21469
251.91597,204.77399,51.052948,74.21469
254.12578,201.58205,51.052948,74.21469
251.91597,199.37224,51.052948,74.21469
254.61684,197.16243,51.052948,74.21469
254.86238,193.97049,51.052948,74.21469
253.14363,192.25175,51.052948,74.21469
254.37129,190.04195,51.052948,74.21469
252.65254,190.77855,51.052948,74.21469
253.38914,188.56874,51.052948,74.21469
250.19722,189.30534,51.052948,74.21469
247.49635,191.02408,51.052948,74.21469
246.26869,193.72495,51.052948,74.21469
248.943,190.96638,49.96423,72.63204
245.81912,192.64847,49.96423,72.63204
243.65643,195.77234,49.96423,72.63204
240.3613,199.20709,51.069687,74.23903
238.15076,199.45273,51.069687,74.23903
238.39636,200.68079,51.069687,74.23903
288.89233,229.64403,49.98061,72.65586
288.1712,231.80742,49.98061,72.65586
287.93082,230.12477,49.98061,72.65586
289.6222,231.13116,48.914757,71.10645
288.91644,231.36642,48.914757,71.10645
290.09268,230.66068,48.914757,71.10645
288.91644,231.83691,48.914757,71.10645
290.5632,232.07217,48.914757,71.10645
290.32794,230.89594,48.914757,71.10645
289.6222,232.07217,48.914757,71.10645
291.26895,231.83691,48.914757,71.10645
291.0337,233.01315,48.914757,71.10645
293.62146,231.3664,48.914757,71.10645
292.44522,233.01315,48.914757,71.10645
293.15097,231.83691,48.914757,71.10645
292.44522,233.48367,48.914757,71.10645
294.09198,232.30743,48.914757,71.10645
293.38623,232.5427,48.914757,71.10645
295.495,232.16714,47.871635,69.59009
294.34384,233.3183,47.871635,69.59009
295.03455,233.08807,47.871635,69.59009
296.21072,233.60817,46.850758,68.10606
296.43604,233.83348,46.850758,68.10606
297.112,234.50945,46.850758,68.10606
296.8867,232.93217,46.850758,68.10606
298.0133,234.05879,46.850758,68.10606
299.13992,234.73476,46.850758,68.10606
298.0133,234.50945,46.850758,68.10606
299.13992,234.28413,46.850758,68.10606
298.0133,234.9601,46.850758,68.10606
299.59058,235.18541,46.850758,68.10606
299.87296,234.39133,45.85165,66.65367
300.09348,233.28873,45.85165,66.65367
299.43192,234.83237,45.85165,66.65367
300.09348,232.84769,45.85165,66.65367
299.43192,234.39133,45.85165,66.65367
300.53452,234.61185,45.85165,66.65367
301.19608,233.95029,45.85165,66.65367
300.53452,232.84769,45.85165,66.65367
301.19608,233.50925,45.85165,66.65367
299.65244,234.1708,45.85165,66.65367
299.07858,234.24388,44.87385,65.23226
297.26886,233.89937,43.916904,63.841164
295.36795,234.11058,43.916904,63.841164
295.15674,233.05452,43.916904,63.841164
293.25583,234.533,43.916904,63.841164
291.77734,233.05452,43.916904,63.841164
290.29886,234.11058,43.916904,63.841164
289.74927,233.36624,42.980362,62.479733
290.0083,235.02863,42.063793,61.147335
287.3784,235.63553,42.063793,61.147335
285.68204,233.36269,41.16677,59.84335
282.55627,230.44115,42.077587,61.167385
276.42197,237.53288,43.008553,62.520714
221.19434,286.96887,43.008553,62.520714
219.33273,286.34833,43.008553,62.520714
217.47113,287.79623,43.008553,62.520714
215.19583,287.5894,43.008553,62.520714
211.67946,285.3141,43.008553,62.520714
210.64523,286.762,43.008553,62.520714
210.43839,289.0373,43.008553,62.520714
211.05891,291.7263,43.008553,62.520714
205.88779,289.0373,43.008553,62.520714
202.37141,286.762,43.008553,62.520714
201.33719,286.55515,43.008553,62.520714
201.13034,288.83044,43.008553,62.520714
199.68242,289.86465,43.008553,62.520714
198.6482,292.13995,43.008553,62.520714
198.02766,293.58786,43.008553,62.520714
199.06189,292.55365,43.008553,62.520714
197.61397,293.58786,43.008553,62.520714
195.75237,295.03577,43.008553,62.520714
195.13184,293.58786,43.008553,62.520714
192.72464,290.10638,43.960117,63.903984
192.93607,292.85486,43.960117,63.903984
190.9143,289.29636,44.932735,65.31786
190.69821,292.53784,44.932735,65.31786
187.45673,297.50812,44.932735,65.31786
185.07964,301.1818,44.932735,65.31786
185.72794,300.1013,44.932735,65.31786
185.94403,297.292,44.932735,65.31786
184.32594,293.6548,45.926872,66.76302
182.67207,291.31204,46.943005,68.24016
182.4463,288.8286,46.943005,68.24016
183.56662,290.65027,47.981617,69.74997
179.92342,286.2874,49.04321,71.29319
177.8006,283.69287,49.04321,71.29319
175.67778,279.6831,49.04321,71.29319
176.42805,280.21594,47.99735,69.77284
178.04391,281.37015,47.99735,69.77284
180.11316,285.8965,46.97379,68.28491
179.52528,290.76184,45.972057,66.82871
176.65102,293.6361,45.972057,66.82871
174.21895,292.9728,45.972057,66.82871
174.06981,296.02957,44.991688,65.40357
175.14359,293.73456,45.98713,66.850624
174.9944,292.95517,45.00644,65.42501
176.07668,294.47034,45.00644,65.42501
176.29314,294.25388,45.00644,65.42501
175.12155,294.65295,46.002205,66.872536
177.11273,296.20166,46.002205,66.872536
180.43137,296.4229,46.002205,66.872536
182.86504,297.08664,46.002205,66.872536
185.2987,295.98044,46.002205,66.872536
186.85565,295.9293,47.020004,68.35209
187.97781,293.53082,48.06032,69.86438
189.5958,294.22424,48.06032,69.86438
189.36465,293.53082,48.06032,69.86438
186.98088,295.38968,47.03542,68.374504
184.81769,294.86798,48.076077,69.88729
183.19917,295.56165,48.076077,69.88729
181.58066,296.2553,48.076077,69.88729
180.08754,298.56052,47.05084,68.39693
177.31763,300.81656,46.047466,66.93834
178.86784,301.03802,46.047466,66.93834
175.54594,301.7024,46.047466,66.93834
171.55435,304.33725,45.06549,65.51086
167.23007,304.40906,44.104454,64.113815
160.13574,306.52383,43.163914,62.74657
157.99483,306.99277,42.24343,61.40848
154.54102,306.7896,42.24343,61.40848
146.21124,306.58646,42.24343,61.40848
137.06639,307.0454,41.34258,60.098927
122.94927,306.8466,41.34258,60.098927
113.999435,307.29575,40.460938,58.8173
104.86534,308.11047,39.598095,57.563004
113.816154,307.53915,39.598095,57.563004
110.95951,309.25314,39.598095,57.563004
110.0073,308.30093,39.598095,57.563004
106.605484,305.88586,40.4742,58.836586
93.174194,304.52325,40.4742,58.836586
78.185646,307.0538,40.4742,58.836586
58.136032,310.7523,40.4742,58.836586
55.216187,312.5042,40.4742,58.836586
44.89939,315.42407,40.4742,58.836586
70.7887,299.6569,40.4742,58.836586
62.02916,296.34772,40.4742,58.836586
48.59787,297.321,40.4742,58.836586
43.10122,292.83298,41.369694,60.138344
32.15825,295.02158,41.369694,60.138344
14.567377,292.08563,42.285,61.468906
0.38515472,292.4606,43.220554,62.828907
-2.0339088,295.8631,44.176807,64.218994
-3.1839085,297.57742,45.15422,65.63984
28.73927,295.1886,45.15422,65.63984
39.81466,285.4162,45.15422,65.63984
33.951218,283.46173,45.15422,65.63984
31.562408,285.85056,45.15422,65.63984
29.60793,284.3304,45.15422,65.63984
6.8056583,284.11325,45.15422,65.63984
3.9825191,283.46176,45.15422,65.63984
-0.14360619,289.3252,45.15422,65.63984
-3.4010735,289.10803,45.15422,65.63984
-4.4868965,288.02222,45.15422,65.63984
-6.4413767,290.41104,45.15422,65.63984
-8.681009,292.57614,44.19129,64.24005
-7.1853456,300.90613,45.169025,65.66136
0.85237503,264.62778,45.169025,65.66136
1.4796028,262.32373,46.16839,67.11412
-0.51877594,261.21353,46.16839,67.11412
1.0355186,260.5474,46.16839,67.11412
1.2575607,261.6576,46.16839,67.11412
1.4796028,261.87964,46.16839,67.11412
-0.9628601,262.54578,46.16839,67.11412
1.0355186,261.43558,46.16839,67.11412
0.3693924,262.1017,46.16839,67.11412
0.5914345,261.43558,46.16839,67.11412
-0.9628601,261.65762,46.16839,67.11412
0.14735031,261.43558,46.16839,67.11412
0.81347656,260.32538,46.16839,67.11412
-1.6289864,260.10333,46.16839,67.11412
-0.51877594,260.32538,46.16839,67.11412
-2.0730705,260.99152,46.16839,67.11412
-1.7948093,260.6371,45.183834,65.68289
-2.0121155,262.1582,45.183834,65.68289
-3.5332642,261.94092,45.183834,65.68289
-2.4467297,261.72357,45.183834,65.68289
-3.9678783,261.07166,45.183834,65.68289
-5.054413,262.1582,45.183834,65.68289
-6.1409473,261.07166,45.183834,65.68289
-8.096709,263.46204,45.183834,65.68289
-3.09865,264.98322,45.183834,65.68289
-4.1851845,264.3313,45.183834,65.68289
-4.4024906,261.94092,45.183834,65.68289
-7.227481,264.3313,45.183834,65.68289
-8.314015,261.5063,45.183834,65.68289
-9.835164,256.50824,45.183834,65.68289
-13.529382,248.90251,45.183834,65.68289
-12.008233,246.51213,45.183834,65.68289
-14.398609,245.86021,45.183834,65.68289
-10.7043915,248.6852,45.183834,65.68289
-7.3714867,244.57675,46.183525,67.13612
53.646194,233.46405,47.205334,68.62151
59.321922,231.87485,47.205334,68.62151
57.278664,236.18842,47.205334,68.62151
55.235405,235.05328,47.205334,68.62151
53.192146,233.01001,47.205334,68.62151
51.602943,234.14514,47.205334,68.62151
54.100266,236.18842,47.205334,68.62151
52.511063,234.14514,47.205334,68.62151
53.192146,235.28027,47.205334,68.62151
55.68947,235.5073,47.205334,68.62151
57.27867,235.73431,47.205334,68.62151
56.597588,236.4154,47.205334,68.62151
59.09491,233.91809,47.205334,68.62151
62.500343,233.69107,47.205334,68.62151
66.35984,232.10187,47.205334,68.62151
70.21934,234.59918,47.205334,68.62151
69.53825,231.6478,47.205334,68.62151
74.759926,233.237,47.205334,68.62151
80.88971,233.91809,47.205334,68.62151
86.11138,235.05322,47.205334,68.62151
91.21001,233.37787,46.198666,67.15814
90.987816,234.9332,46.198666,67.15814
96.09813,232.9335,46.198666,67.15814
100.76407,231.37817,46.198666,67.15814
105.87439,232.9335,46.198666,67.15814
110.984695,230.9338,46.198666,67.15814
110.31813,232.04474,46.198666,67.15814
114.98407,233.15567,46.198666,67.15814
119.65001,233.37787,46.198666,67.15814
125.2047,235.37756,46.198666,67.15814
130.62291,232.45299,45.213467,65.725975
131.27525,233.54024,45.213467,65.725975
135.4068,231.5832,45.213467,65.725975
140.40814,232.67046,45.213467,65.725975
145.84438,230.27852,45.213467,65.725975
151.71552,231.36577,45.213467,65.725975
153.23766,231.5832,45.213467,65.725975
158.239,232.23555,45.213467,65.725975
165.41483,229.84361,45.213467,65.725975
173.89536,231.36577,45.213467,65.725975
183.24568,229.40874,45.213467,65.725975
185.20273,227.88658,45.213467,65.725975
193.68326,226.79933,45.213467,65.725975
203.03358,226.5819,45.213467,65.725975
174.3827,212.40184,44.249275,64.32435
173.00844,212.47235,43.305645,62.952614
174.4739,214.14731,42.382137,61.61013
173.15762,214.21484,41.478325,60.296276
174.94583,216.20369,40.59379,59.01044
173.57921,215.22754,40.59379,59.01044
174.95291,215.66858,39.728115,57.752026
175.14398,216.62392,39.728115,57.752026
173.42436,216.0507,39.728115,57.752026
175.50543,215.74568,38.8809,56.520447
175.31844,215.93268,38.8809,56.520447
174.75746,216.49365,38.8809,56.520447
175.35226,216.19514,38.051754,55.315132
174.80325,218.57422,38.051754,55.315132
176.08429,216.92717,38.051754,55.315132
174.07123,218.57422,38.051754,55.315132
175.35226,216.92717,38.051754,55.315132
174.80325,218.2082,38.051754,55.315132
175.71828,216.56116,38.051754,55.315132
174.43724,216.01215,38.051754,55.315132
175.35226,218.0252,38.051754,55.315132
175.16927,216.74417,38.051754,55.315132
175.35226,217.6592,38.051754,55.315132
175.90128,216.37816,38.051754,55.315132
175.71828,215.82915,38.051754,55.315132
175.90128,217.84221,38.051754,55.315132
176.45029,216.56117,38.051754,55.315132
174.80324,216.01216,38.051754,55.315132
176.08427,217.65921,38.051754,55.315132
174.80324,216.37817,38.051754,55.315132
176.08427,215.82916,38.051754,55.315132
174.90248,219.06483,37.240288,54.13552
176.5144,217.0947,37.240288,54.13552
174.54427,218.70662,37.240288,54.13552
175.79799,217.0947,37.240288,54.13552
175.61888,218.34842,37.240288,54.13552
175.79799,216.7365,37.240288,54.13552
175.26068,219.06483,37.240288,54.13552
176.8726,217.45291,37.240288,54.13552
175.26068,219.42305,37.240288,54.13552
176.8726,217.81113,37.240288,54.13552
175.26068,219.78127,37.240288,54.13552
176.8726,218.16934,37.240288,54.13552
175.61888,216.91562,37.240288,54.13552
175.43977,219.24396,37.240288,54.13552
175.97708,217.63203,37.240288,54.13552
175.43977,216.02011,37.240288,54.13552
174.90247,217.99025,37.240288,54.13552
176.15619,216.37833,37.240288,54.13552
175.26067,218.34846,37.240288,54.13552
176.15619,216.73654,37.240288,54.13552
174.90247,218.34846,37.240288,54.13552
175.79799,216.37833,37.240288,54.13552
175.57184,217.45183,38.064228,55.33327
175.38878,215.4381,38.064228,55.33327
174.47345,216.35342,38.064228,55.33327
175.38878,214.70583,38.064228,55.33327
174.47345,216.71956,38.064228,55.33327
175.02264,215.4381,38.064228,55.33327
174.83958,217.0857,38.064228,55.33327
175.75491,216.17036,38.064228,55.33327
175.93797,217.81796,38.064228,55.33327
175.75491,216.17036,38.064228,55.33327
175.57185,216.35342,38.064228,55.33327
175.75491,215.4381,38.064228,55.33327
175.93797,216.71956,38.064228,55.33327
176.12103,216.90262,38.064228,55.33327
175.51003,215.34084,38.9064,56.557518
176.07138,217.02489,38.9064,56.557518
175.88426,216.08931,38.9064,56.557518
175.69714,217.02489,38.9064,56.557518
175.88426,215.71507,38.9064,56.557518
176.44562,217.39912,38.9064,56.557518
176.6801,216.0183,38.07671,55.351414
177.96198,217.66643,38.07671,55.351414
177.04634,216.38455,38.07671,55.351414
177.96198,217.30019,38.07671,55.351414
177.04634,217.4833,38.07671,55.351414
177.96198,216.20143,38.07671,55.351414
177.04634,218.58206,38.07671,55.351414
177.96198,216.93393,38.07671,55.351414
178.1451,218.94832,38.07671,55.351414
178.72762,217.24393,37.264713,54.17103
179.98866,220.75816,36.47003,53.015816
181.56725,218.82878,36.47003,53.015816
182.8014,221.92996,35.6923,51.88524
186.14656,219.39693,36.48199,53.0332
187.01723,216.80786,37.289154,54.20656
186.83789,219.13925,37.289154,54.20656
187.3759,216.44916,37.289154,54.20656
187.55524,216.26984,37.289154,54.20656
189.16928,215.73181,37.289154,54.20656
190.06598,215.91116,37.289154,54.20656
190.24532,215.37314,37.289154,54.20656
191.85936,216.98718,37.289154,54.20656
191.39267,219.46658,36.49395,53.050587
194.65768,217.15637,35.715706,51.919266
194.48592,216.98459,35.715706,51.919266
195.34477,218.53055,35.715706,51.919266
196.20363,219.73294,35.715706,51.919266
197.74338,223.10109,34.954056,50.812073
199.2503,225.42523,34.20865,49.72849
200.07292,223.61548,34.20865,49.72849
201.22458,222.79286,34.20865,49.72849
203.03433,220.98311,34.20865,49.72849
204.18599,224.76714,34.20865,49.72849
205.66078,229.89609,33.479137,48.668015
205.49977,231.34521,33.479137,48.668015
207.87427,231.70894,32.765186,47.630154
211.717,233.28,32.06646,46.614426
209.40369,233.74265,32.06646,46.614426
235.16408,209.4158,31.382633,45.620358
236.22609,210.04771,30.713388,44.64749
237.26009,213.44511,30.713388,44.64749
240.65749,219.50134,30.713388,44.64749
241.69147,222.30789,30.713388,44.64749
243.0209,224.52359,30.713388,44.64749
244.0549,226.73929,30.713388,44.64749
241.54376,223.04646,30.713388,44.64749
241.6915,221.71704,30.713388,44.64749
242.7255,222.45561,30.713388,44.64749
242.57779,221.12619,30.713388,44.64749
243.9072,221.56934,30.713388,44.64749
245.53204,222.01248,30.713388,44.64749
256.3151,232.20467,30.713388,44.64749
281.84274,237.66382,30.058416,43.69537
284.35992,238.53029,30.72346,44.66213
283.62112,239.56462,30.72346,44.66213
282.29126,240.30342,30.72346,44.66213
280.6659,238.38252,30.72346,44.66213
282.31894,233.7493,31.403215,45.650276
289.02277,229.64034,32.09801,46.66029
289.79462,230.4122,32.09801,46.66029
283.15662,225.00919,32.09801,46.66029
262.00766,227.94226,32.09801,46.66029
260.85178,229.82849,32.808178,47.69265
266.05878,236.29778,32.808178,47.69265
267.16916,237.2435,33.534058,48.74785
259.91162,234.1792,33.534058,48.74785
260.71802,232.40512,33.534058,48.74785
273.7816,245.14615,33.534058,48.74785
279.26898,254.83745,32.818935,47.708286
279.42682,256.258,32.818935,47.708286
257.2839,243.7759,33.545055,48.763832
251.6373,240.71059,33.545055,48.763832
249.86264,234.74132,33.545055,48.763832
248.98941,231.35637,34.28724,49.84273
248.43903,229.94957,35.045845,50.945503
246.58499,233.15201,35.045845,50.945503
245.74225,235.00604,35.045845,50.945503
244.82996,236.36604,35.821236,52.072674
248.1872,233.82385,36.61378,53.22478
248.36328,233.2956,36.61378,53.22478
249.24374,231.35861,36.61378,53.22478
251.8851,230.12598,36.61378,53.22478
251.70901,231.71078,36.61378,53.22478
252.94823,229.47777,37.423862,54.402378
253.48817,227.85788,37.423862,54.402378
253.66817,229.83772,37.423862,54.402378
255.9755,228.85648,36.625786,53.24223
257.20853,231.14641,36.625786,53.24223
257.73697,228.85649,36.625786,53.24223
257.91312,230.08952,36.625786,53.24223
259.49213,229.80832,35.84473,52.106823
261.04364,227.91202,35.84473,52.106823
261.21603,227.05006,35.84473,52.106823
260.76743,226.44254,35.08033,50.99563
261.611,225.59895,35.08033,50.99563
262.45456,225.0928,35.08033,50.99563
262.99124,225.47394,34.33223,49.90813
264.14706,227.29022,34.33223,49.90813
264.3122,227.1251,34.33223,49.90813
264.47733,226.62976,34.33223,49.90813
265.29666,227.61943,35.09183,51.01235
266.83456,225.82942,35.868237,52.140995
267.69058,226.14748,36.66182,53.294613
275.15112,226.83844,37.47296,54.473755
279.19858,225.50848,36.67384,53.312084
278.66943,228.50693,36.67384,53.312084
276.6168,227.73416,37.48525,54.491615
275.7154,226.83275,37.48525,54.491615
276.61,226.0429,38.31461,55.697243
277.5244,227.52972,39.16232,56.929543
275.4526,226.21129,39.16232,56.929543
276.39435,224.51616,39.16232,56.929543
276.93814,221.73686,40.028786,58.18911
285.21625,220.38927,40.028786,58.18911
287.3339,220.19675,40.028786,58.18911
285.21625,221.15932,40.028786,58.18911
275.398,210.57103,40.028786,58.18911
273.28036,202.29291,40.028786,58.18911
276.1681,195.16988,40.028786,58.18911
278.3218,192.72856,40.91442,59.476543
279.29828,191.45815,41.819653,60.79246
275.07462,188.84349,41.819653,60.79246
270.04645,191.8604,41.819653,60.79246
268.9578,192.23123,42.74491,62.137493
268.27167,192.61026,43.690643,63.512283
268.48175,192.40015,43.690643,63.512283
268.6919,191.34952,43.690643,63.512283
268.48175,193.24063,43.690643,63.512283
269.08847,191.884,44.6573,64.917496
269.30325,192.52832,44.6573,64.917496
269.51804,193.17264,44.6573,64.917496
270.13815,191.78601,45.64534,66.3538
269.91864,192.88364,45.64534,66.3538
270.5525,193.74391,46.655243,67.82188
271.22565,194.41707,46.655243,67.82188
271.45,193.74391,46.655243,67.82188
272.56348,191.82965,47.68749,69.32243
272.2739,192.2525,48.742573,70.85619
274.85254,193.89346,48.742573,70.85619
274.14926,194.12788,48.742573,70.85619
274.3397,191.64154,49.821003,72.42389
276.02588,192.5805,50.923294,74.02627
277.7494,193.03207,52.049973,75.6641
278.9916,193.49362,53.20158,77.338165
280.27094,196.8199,53.20158,77.338165
282.062,202.19312,53.20158,77.338165
284.3648,207.56633,53.20158,77.338165
286.69635,210.69272,54.378666,79.04927
282.7734,214.09259,54.378666,79.04927
285.6502,210.69272,54.378666,79.04927
281.72726,214.61563,54.378666,79.04927
284.08102,212.26187,54.378666,79.04927
277.7814,215.45743,55.581795,80.79823
278.58334,212.51697,55.581795,80.79823
279.38528,210.11115,55.581795,80.79823
275.37555,214.12085,55.581795,80.79823
276.1775,210.11115,55.581795,80.79823
276.97943,207.17068,55.581795,80.79823
277.78137,205.29947,55.581795,80.79823
280.17758,208.47987,54.396496,79.07519
275.73013,206.64857,54.396496,79.07519
275.55368,207.74388,53.236473,77.388885
258.1063,184.63129,52.10119,75.73854
247.8327,181.87497,52.10119,75.73854
244.57523,182.62668,52.10119,75.73854
222.27402,179.3692,52.10119,75.73854
216.00963,177.11404,52.10119,75.73854
216.76135,175.36002,52.10119,75.73854
206.48776,154.56226,52.10119,75.73854
204.73373,151.30478,52.10119,75.73854
199.73784,157.48618,53.25393,77.41425
182.06561,176.69511,53.25393,77.41425
172.5892,194.87958,53.25393,77.41425
208.70203,126.49573,53.25393,77.41425
207.42143,123.16618,53.25393,77.41425
205.6286,120.861115,53.25393,77.41425
205.88472,119.58052,53.25393,77.41425
204.60413,121.88559,53.25393,77.41425
202.8113,120.09276,53.25393,77.41425
205.11636,123.4223,53.25393,77.41425
202.8113,121.11723,53.25393,77.41425
202.04294,123.4223,53.25393,77.41425
201.27458,119.58052,53.25393,77.41425
202.04294,122.39783,53.25393,77.41425
200.12521,119.681366,54.43217,79.127045
198.81628,122.037445,54.43217,79.127045
198.03093,120.20494,54.43217,79.127045
197.76915,122.56102,54.43217,79.127045
199.07808,118.63423,54.43217,79.127045
197.24557,121.51387,54.43217,79.127045
198.03093,119.15779,54.43217,79.127045
197.24557,123.08458,54.43217,79.127045
198.03093,120.7285,54.43217,79.127045
197.76915,124.131714,54.43217,79.127045
199.60165,121.252075,54.43217,79.127045
198.8163,123.608154,54.43217,79.127045
200.12523,120.728516,54.43217,79.127045
201.95773,118.89601,54.43217,79.127045
202.21951,117.06351,54.43217,79.127045
202.4813,120.46672,54.43217,79.127045
274.3971,101.93719,55.636482,80.87773
276.8053,98.99383,55.636482,80.87773
277.07288,95.51531,55.636482,80.87773
276.8053,92.57195,55.636482,80.87773
276.53772,91.76922,55.636482,80.87773
276.27014,88.82586,55.636482,80.87773
276.53772,85.8825,55.636482,80.87773
278.41077,82.93914,55.636482,80.87773
277.60803,79.460625,55.636482,80.87773
278.41077,80.26336,55.636482,80.87773
279.74866,77.32,55.636482,80.87773
280.5514,73.841484,55.636482,80.87773
281.35413,70.36297,55.636482,80.87773
283.22717,67.41961,55.636482,80.87773
282.42444,67.68719,55.636482,80.87773
285.90295,64.20867,55.636482,80.87773
290.45178,61.265312,55.636482,80.87773
296.07092,59.392265,55.636482,80.87773
302.76038,60.195,55.636482,80.87773
304.64313,60.799465,54.450016,79.15299
311.71365,60.01385,54.450016,79.15299
317.7367,61.84695,54.450016,79.15299
323.75974,59.49011,54.450016,79.15299
329.78278,57.65701,54.450016,79.15299
328.47342,59.49011,54.450016,79.15299
333.97272,57.65701,54.450016,79.15299
338.42453,60.01385,54.450016,79.15299
341.82886,58.18075,54.450016,79.15299
345.2332,59.49011,54.450016,79.15299
342.87634,57.133266,54.450016,79.15299
340.5195,61.061344,54.450016,79.15299
344.9713,61.84696,54.450016,79.15299
341.567,65.77504,54.450016,79.15299
338.16266,70.750595,54.450016,79.15299
336.20184,72.3202,55.654724,80.90425
331.1162,76.870514,55.654724,80.90425
321.2126,86.238815,55.654724,80.90425
309.70297,92.39512,55.654724,80.90425
304.61734,95.87478,55.654724,80.90425
300.60236,97.21311,55.654724,80.90425
295.51672,95.87478,55.654724,80.90425
285.07776,94.00112,55.654724,80.90425
279.99213,91.0568,55.654724,80.90425
274.37115,87.57715,55.654724,80.90425
270.8915,87.30949,55.654724,80.90425
265.27054,85.43583,55.654724,80.90425
258.5789,84.632835,55.654724,80.90425
251.35193,84.9005,55.654724,80.90425
243.05429,86.774155,55.654724,80.90425
242.25128,85.97116,55.654724,80.90425
233.95364,87.30949,55.654724,80.90425
226.72667,87.041824,55.654724,80.90425
218.96437,85.16817,55.654724,80.90425
212.80806,82.75918,55.654724,80.90425
211.46973,81.42085,55.654724,80.90425
206.38408,80.08253,55.654724,80.90425
200.7631,77.67354,55.654724,80.90425
196.21278,75.26455,55.654724,80.90425
191.66246,73.92622,55.654724,80.90425
193.53612,74.72922,55.654724,80.90425
189.52113,73.92622,55.654724,80.90425
189.7888,75.79988,55.654724,80.90425
187.91515,75.53222,55.654724,80.90425
189.7888,79.01187,55.654724,80.90425
189.52113,77.673546,55.654724,80.90425
191.39479,79.01187,55.654724,80.90425
192.73312,80.3502,55.654724,80.90425
195.14212,82.759186,55.654724,80.90425
197.55112,84.63284,55.654724,80.90425
196.74812,83.29452,55.654724,80.90425
199.15712,86.23884,55.654724,80.90425
201.56612,88.112495,55.654724,80.90425
203.43977,88.38015,55.654724,80.90425
205.31343,90.78915,55.654724,80.90425
204.51044,89.45081,55.654724,80.90425
206.3841,91.32447,55.654724,80.90425
207.18709,92.127464,55.654724,80.90425
208.52542,91.32447,55.654724,80.90425
210.39908,92.6628,55.654724,80.90425
210.13141,91.85981,55.654724,80.90425
211.46974,92.12748,55.654724,80.90425
210.66675,92.39515,55.654724,80.90425
212.00508,93.73348,55.654724,80.90425
212.27275,92.93049,55.654724,80.90425
210.93442,92.66282,55.654724,80.90425
214.41408,92.39515,55.654724,80.90425
214.14641,92.12748,55.654724,80.90425
217.09073,91.324486,55.654724,80.90425
217.89372,91.056816,55.654724,80.90425
217.09073,90.25382,55.654724,80.90425
220.57039,92.66282,55.654724,80.90425
220.30272,91.324486,55.654724,80.90425
222.17638,92.66282,55.654724,80.90425
224.05003,91.324486,55.654724,80.90425
223.78236,92.12748,55.654724,80.90425
225.1207,91.85981,55.654724,80.90425
226.99435,91.056816,55.654724,80.90425
227.26202,91.85981,55.654724,80.90425
226.45903,90.52148,55.654724,80.90425
227.79736,92.395134,55.654724,80.90425
226.99437,91.0568,55.654724,80.90425
229.40335,92.395134,55.654724,80.90425
228.60037,91.59214,55.654724,80.90425
229.93869,90.78915,55.654724,80.90425
230.7417,92.12748,55.654724,80.90425
230.47403,91.324486,55.654724,80.90425
229.13571,91.592155,55.654724,80.90425
230.47403,92.39515,55.654724,80.90425
229.67105,94.26881,55.654724,80.90425
228.3327,92.39515,55.654724,80.90425
228.06503,94.26881,55.654724,80.90425
228.3327,94.00114,55.654724,80.90425
228.06503,95.33947,55.654724,80.90425
228.3327,96.14246,55.654724,80.90425
227.52971,95.33947,55.654724,80.90425
229.40335,97.74847,55.654724,80.90425
230.7417,98.016136,55.654724,80.90425
232.61536,99.35447,55.654724,80.90425
233.95367,100.6928,55.654724,80.90425
233.686,98.819145,55.654724,80.90425
235.02432,100.6928,55.654724,80.90425
236.36264,100.42513,55.654724,80.90425
237.70096,101.22813,55.654724,80.90425
239.57462,100.96046,55.654724,80.90425
239.84229,101.22813,55.654724,80.90425
241.71594,100.42513,55.654724,80.90425
243.05426,100.6928,55.654724,80.90425
245.46326,99.35447,55.654724,80.90425
247.33691,100.6928,55.654724,80.90425
247.60458,99.35447,55.654724,80.90425
248.9429,98.551476,55.654724,80.90425
251.3519,97.21314,55.654724,80.90425
253.22556,96.94547,55.654724,80.90425
254.56387,95.60714,55.654724,80.90425
255.36688,96.41013,55.654724,80.90425
256.7052,95.60714,55.654724,80.90425
258.57886,93.19814,55.654724,80.90425
260.98785,92.39515,55.654724,80.90425
262.8615,91.056816,55.654724,80.90425
262.59384,92.39515,55.654724,80.90425
263.93216,91.056816,55.654724,80.90425
264.73517,90.25382,55.654724,80.90425
263.93216,91.056816,55.654724,80.90425
264.73517,89.71848,55.654724,80.90425
263.39685,89.45081,55.654724,80.90425
264.19986,89.71848,55.654724,80.90425
262.3262,87.844826,55.654724,80.90425
262.59387,87.57716,55.654724,80.90425
262.86154,86.77417,55.654724,80.90425
263.66455,87.04183,55.654724,80.90425
261.7909,86.77417,55.654724,80.90425
263.66455,86.50651,55.654724,80.90425
261.7909,86.77417,55.654724,80.90425
263.66455,85.971176,55.654724,80.90425
263.93222,87.3095,55.654724,80.90425
264.73523,88.112495,55.654724,80.90425
262.32623,87.3095,55.654724,80.90425
263.12924,88.112495,55.654724,80.90425
263.3969,89.45083,55.654724,80.90425
261.52325,89.7185,55.654724,80.90425
261.79092,89.45083,55.654724,80.90425
258.31128,91.324486,55.654724,80.90425
258.0436,93.19814,55.654724,80.90425
256.7053,92.93047,55.654724,80.90425
257.5083,93.19814,55.654724,80.90425
253.49332,94.00114,55.654724,80.90425
252.155,92.6628,55.654724,80.90425
251.88733,94.53646,55.654724,80.90425
248.943,95.874794,55.654724,80.90425
250.28131,95.607124,55.654724,80.90425
246.80167,96.41012,55.654724,80.90425
248.13998,98.283775,55.654724,80.90425
248.943,98.551445,55.654724,80.90425
247.06934,96.14245,55.654724,80.90425
248.943,98.016106,55.654724,80.90425
249.746,97.21311,55.654724,80.90425
251.61966,96.94544,55.654724,80.90425
254.02866,96.14245,55.654724,80.90425
256.973,96.94544,55.654724,80.90425
257.776,96.67777,55.654724,80.90425
260.72034,95.33944,55.654724,80.90425
263.12933,96.67777,55.654724,80.90425
266.07367,94.804115,55.654724,80.90425
269.5533,95.60711,55.654724,80.90425
269.82098,95.33944,55.654724,80.90425
272.76532,95.07177,55.654724,80.90425
275.70966,94.268776,55.654724,80.90425
278.654,95.07177,55.654724,80.90425
281.59833,93.73344,55.654724,80.90425
279.72467,94.53643,55.654724,80.90425
282.669,94.8041,55.654724,80.90425
284.54266,95.07177,55.654724,80.90425
282.669,93.73344,55.654724,80.90425
285.078,94.53643,55.654724,80.90425
285.34567,95.339424,55.654724,80.90425
282.40134,93.46577,55.654724,80.90425
285.34567,94.26876,55.654724,80.90425
282.40134,95.071754,55.654724,80.90425
285.34567,94.804085,55.654724,80.90425
283.47202,95.071754,55.654724,80.90425
285.881,95.339424,55.654724,80.90425
283.47202,96.14242,55.654724,80.90425
285.881,94.804085,55.654724,80.90425
287.21933,95.071754,55.654724,80.90425
283.7397,95.339424,55.654724,80.90425
286.68402,95.60709,55.654724,80.90425
287.48703,94.26876,55.654724,80.90425
285.61337,95.60709,55.654724,80.90425
288.5577,94.26876,55.654724,80.90425
286.1487,95.071754,55.654724,80.90425
289.09305,94.26876,55.654724,80.90425
289.89606,94.00109,55.654724,80.90425
289.6284,93.73342,55.654724,80.90425
291.50204,93.46575,55.654724,80.90425
288.5577,94.268745,55.654724,80.90425
292.03735,92.93041,55.654724,80.90425
294.44635,93.19808,55.654724,80.90425
292.03735,92.93041,55.654724,80.90425
293.911,91.59208,55.654724,80.90425
292.5727,91.85975,55.654724,80.90425
294.44635,91.056755,55.654724,80.90425
292.03735,91.85975,55.654724,80.90425
293.911,91.056755,55.654724,80.90425
291.502,91.85975,55.654724,80.90425
293.37567,90.521416,55.654724,80.90425
290.43134,91.85975,55.654724,80.90425
291.76965,89.98609,55.654724,80.90425
288.82532,90.25376,55.654724,80.90425
288.0223,88.91543,55.654724,80.90425
289.89597,88.64777,55.654724,80.90425
286.41632,89.45077,55.654724,80.90425
285.078,89.71844,55.654724,80.90425
286.95166,89.45077,55.654724,80.90425
283.47202,90.7891,55.654724,80.90425
285.881,89.98611,55.654724,80.90425
282.40137,90.7891,55.654724,80.90425
285.3958,87.95017,56.886086,82.69426
282.38635,88.77094,56.886086,82.69426
281.0184,89.04453,56.886086,82.69426
282.9335,88.22376,56.886086,82.69426
280.47122,89.04453,56.886086,82.69426
282.9335,88.22376,56.886086,82.69426
279.37686,88.49735,56.886086,82.69426
282.38632,88.22376,56.886086,82.69426
279.37686,88.49735,56.886086,82.69426
281.83914,88.77094,56.886086,82.69426
278.2825,89.59171,56.886086,82.69426
281.83914,89.8653,56.886086,82.69426
278.82968,89.04453,56.886086,82.69426
281.83914,89.31812,56.886086,82.69426
278.82968,90.13889,56.886086,82.69426
280.74478,90.41248,56.886086,82.69426
278.2825,88.49737,56.886086,82.69426
281.83914,88.22378,56.886086,82.69426
278.82968,88.49737,56.886086,82.69426
281.29196,87.12943,56.886086,82.69426
278.82968,87.9502,56.886086,82.69426
281.29196,86.58226,56.886086,82.69426
278.82968,87.9502,56.886086,82.69426
280.74478,87.12943,56.886086,82.69426
278.2825,87.9502,56.886086,82.69426
281.29196,85.48791,56.886086,82.69426
278.82968,86.85584,56.886086,82.69426
281.29196,83.846375,56.886086,82.69426
279.924,85.21431,56.886086,82.69426
282.3863,83.299194,56.886086,82.69426
281.56552,84.66713,56.886086,82.69426
282.3863,81.65766,56.886086,82.69426
283.75424,83.0256,56.886086,82.69426
281.29196,84.39353,56.886086,82.69426
284.8486,85.214294,56.886086,82.69426
282.9335,86.58223,56.886086,82.69426
285.39578,82.47842,56.886086,82.69426
284.02783,84.940704,56.886086,82.69426
285.94293,81.38406,56.886086,82.69426
283.48065,83.84635,56.886086,82.69426
287.58447,80.83688,56.886086,82.69426
285.1222,82.752,56.886086,82.69426
288.67883,80.83688,56.886086,82.69426
286.21655,82.752,56.886086,82.69426
288.67883,81.38406,56.886086,82.69426
286.21655,83.29918,56.886086,82.69426
287.03732,81.931244,56.886086,82.69426
284.57504,82.75201,56.886086,82.69426
285.943,81.38407,56.886086,82.69426
284.0279,83.29919,56.886086,82.69426
285.943,81.38407,56.886086,82.69426
282.93353,82.75201,56.886086,82.69426
284.30148,80.28972,56.886086,82.69426
282.38638,82.204834,56.886086,82.69426
283.20715,79.742546,56.886086,82.69426
279.6505,80.016136,56.886086,82.69426
277.7354,80.28973,56.886086,82.69426
275.8203,81.65766,56.886086,82.69426
278.2826,79.19537,56.886086,82.69426
275.27313,81.65766,56.886086,82.69426
272.81085,82.478424,56.886086,82.69426
270.34857,81.65766,56.886086,82.69426
268.98062,80.28973,56.886086,82.69426
267.61267,82.20484,56.886086,82.69426
266.24472,81.38408,56.886086,82.69426
267.0655,83.299194,56.886086,82.69426
266.7919,83.572784,56.886086,82.69426
265.97113,84.94072,56.886086,82.69426
267.33908,83.025604,56.886086,82.69426
267.61267,84.39354,56.886086,82.69426
265.69757,84.66713,56.886086,82.69426
267.06552,83.299194,56.886086,82.69426
267.8863,84.66713,56.886086,82.69426
267.06552,82.752014,56.886086,82.69426
268.98062,84.66713,56.886086,82.69426
269.77057,84.60387,58.14469,84.52387
270.57797,84.5392,59.43114,86.39397
269.14883,85.96833,59.43114,86.39397
270.00632,85.6825,59.43114,86.39397
270.8638,87.11166,59.43114,86.39397
271.14963,89.684105,59.43114,86.39397
272.57877,91.6849,59.43114,86.39397
272.8646,91.970726,59.43114,86.39397
270.29214,92.82821,59.43114,86.39397
273.43625,92.54238,59.43114,86.39397
273.72208,90.54159,59.43114,86.39397
275.1512,88.540794,59.43114,86.39397
273.72208,86.54,59.43114,86.39397
275.1512,87.397484,59.43114,86.39397
276.0087,84.25338,59.43114,86.39397
274.57956,85.11086,59.43114,86.39397
277.152,82.538414,59.43114,86.39397
277.43784,81.68093,59.43114,86.39397
276.58035,83.11007,59.43114,86.39397
279.1528,80.53762,59.43114,86.39397
276.58035,80.82345,59.43114,86.39397
280.2961,78.251,59.43114,86.39397
277.72366,79.68014,59.43114,86.39397
280.86777,77.10769,59.43114,86.39397
280.01028,77.39352,59.43114,86.39397
283.1544,74.24941,59.43114,86.39397
284.58353,75.106895,59.43114,86.39397
286.58432,74.82107,59.43114,86.39397
285.15518,75.106895,59.43114,86.39397
286.58432,72.53445,59.43114,86.39397
288.01346,72.820274,59.43114,86.39397
289.4426,71.96279,59.43114,86.39397
290.30008,70.53365,59.43114,86.39397
290.01425,70.247826,59.43114,86.39397
290.30008,71.10531,59.43114,86.39397
292.87253,71.391136,59.43114,86.39397
314.30963,65.9604,59.43114,86.39397
315.72803,64.70812,60.746056,88.305435
315.96533,62.82192,62.09006,90.25919
315.5883,60.893982,63.463802,92.25618
316.50397,60.58876,63.463802,92.25618
315.5883,60.28354,63.463802,92.25618
316.46957,60.21296,64.867935,94.29735
316.1576,59.900986,64.867935,94.29735
315.76364,58.534145,66.30314,96.383675
314.807,59.49078,66.30314,96.383675
315.1259,59.809658,66.30314,96.383675
313.3999,55.76589,67.770096,98.51617
313.72583,58.69929,67.770096,98.51617
314.05176,57.069622,67.770096,98.51617
314.3777,58.69929,67.770096,98.51617
316.00735,57.721493,67.770096,98.51617
317.62473,57.646122,69.26951,100.69584
315.959,54.647823,69.26951,100.69584
318.30347,55.262062,70.80209,102.92374
319.28665,53.77018,72.36859,105.20093
320.3308,55.51043,72.36859,105.20093
319.28665,54.466278,72.36859,105.20093
320.3308,56.206528,72.36859,105.20093
318.59058,55.162376,72.36859,105.20093
318.93863,56.902626,72.36859,105.20093
317.1984,55.162376,72.36859,105.20093
318.20334,55.804096,73.96975,107.528496
316.4246,55.448345,73.96975,107.528496
317.49185,57.938595,73.96975,107.528496
316.4246,59.717342,73.96975,107.528496
314.49902,61.849625,75.60633,109.90756
311.95367,62.94049,75.60633,109.90756
313.04453,66.21308,75.60633,109.90756
308.31744,62.94049,75.60633,109.90756
302.1359,61.849625,75.60633,109.90756
296.68158,56.39531,75.60633,109.90756
294.13623,55.304443,75.60633,109.90756
295.95435,54.213577,75.60633,109.90756
293.409,53.12271,75.60633,109.90756
293.7726,52.759087,75.60633,109.90756
294.86346,53.12271,75.60633,109.90756
295.9543,52.759087,75.60633,109.90756
294.86346,53.12271,75.60633,109.90756
296.68158,52.031845,75.60633,109.90756
299.95416,53.849953,75.60633,109.90756
305.40848,57.122543,75.60633,109.90756
310.8628,53.12271,75.60633,109.90756
312.6809,54.94082,75.60633,109.90756
315.23984,51.838684,77.27912,112.339264
319.32816,52.953682,77.27912,112.339264
322.67316,54.81201,77.27912,112.339264
323.78815,57.413673,77.27912,112.339264
323.31885,52.700493,78.98892,114.82477
325.21826,53.080383,78.98892,114.82477
326.35797,51.94072,78.98892,114.82477
325.21826,50.041275,78.98892,114.82477
324.0786,51.94072,78.98892,114.82477
323.69873,51.56083,78.98892,114.82477
320.06595,49.108177,80.73655,117.365265
320.45425,51.826233,80.73655,117.365265
319.28937,54.54429,80.73655,117.365265
322.78403,58.038933,80.73655,117.365265
323.9489,56.874054,80.73655,117.365265
325.1138,58.81552,80.73655,117.365265
323.9489,61.533577,80.73655,117.365265
323.5606,64.25163,80.73655,117.365265
322.39572,66.96969,80.73655,117.365265
322.78403,66.5814,80.73655,117.365265
320.84256,69.29945,80.73655,117.365265
317.3479,66.5814,80.73655,117.365265
312.30008,70.85263,80.73655,117.365265
306.47568,69.68775,80.73655,117.365265
309.19373,73.958984,80.73655,117.365265
304.9225,71.24092,80.73655,117.365265
307.64053,69.29945,80.73655,117.365265
311.1352,74.347275,80.73655,117.365265
315.40643,79.395096,80.73655,117.365265
315.79474,79.006805,80.73655,117.365265
321.61914,82.50145,80.73655,117.365265
331.3265,82.11316,80.73655,117.365265
338.7041,82.50145,80.73655,117.365265
347.63486,85.21951,80.73655,117.365265
350.3529,87.93758,80.73655,117.365265
357.7305,88.32587,80.73655,117.365265
365.1081,93.37369,80.73655,117.365265
370.9325,97.64493,80.73655,117.365265
379.08667,101.91617,80.73655,117.365265
381.80472,103.081055,80.73655,117.365265
388.40573,107.352295,80.73655,117.365265
392.74973,111.29106,82.52284,119.961975
391.55908,116.45056,82.52284,119.961975
396.7186,122.40384,82.52284,119.961975
393.74683,119.84145,84.34866,122.616135
396.5865,125.11512,84.34866,122.616135
392.9355,127.95478,84.34866,122.616135
388.47314,125.926445,84.34866,122.616135
384.0108,124.70945,84.34866,122.616135
386.03912,126.737785,84.34866,122.616135
380.7655,123.086784,84.34866,122.616135
374.68048,118.62446,84.34866,122.616135
367.78418,110.10546,84.34866,122.616135
360.07648,102.397804,84.34866,122.616135
357.23682,99.55814,84.34866,122.616135
348.71783,92.66181,84.34866,122.616135
334.51953,78.46349,84.34866,122.616135
317.8872,71.56716,84.34866,122.616135
299.63226,66.2935,84.34866,122.616135
295.98126,63.453842,84.34866,122.616135
285.8396,58.991516,84.34866,122.616135
277.32062,56.151855,84.34866,122.616135
271.2356,54.123528,84.34866,122.616135
269.20728,55.340523,84.34866,122.616135
271.2356,53.312195,84.34866,122.616135
274.07526,56.96319,84.34866,122.616135
278.5376,60.61418,84.34866,122.616135
284.62262,65.07651,84.34866,122.616135
289.89624,68.7275,84.34866,122.616135
291.11328,69.13317,84.34866,122.616135
295.57562,71.97283,84.34866,122.616135
299.22662,74.00117,84.34866,122.616135
302.87762,76.0295,84.34866,122.616135
305.7173,77.2465,84.34866,122.616135
305.31158,76.84083,84.34866,122.616135
307.3399,76.43516,84.34866,122.616135
307.7456,71.97283,84.34866,122.616135
308.9626,73.18983,84.34866,122.616135
311.80225,75.21816,84.34866,122.616135
310.58527,75.62383,84.34866,122.616135
315.1236,77.21355,86.214874,125.32902
319.68463,81.7746,86.214874,125.32902
324.24573,86.33565,86.214874,125.32902
327.1482,90.8967,86.214874,125.32902
325.9043,91.31134,86.214874,125.32902
329.68262,94.65698,88.122375,128.10193
333.49695,97.62369,88.122375,128.10193
338.1589,100.59039,88.122375,128.10193
343.66852,104.40474,88.122375,128.10193
344.93997,107.371445,88.122375,128.10193
348.7543,112.88104,88.122375,128.10193
355.2545,117.18013,90.07208,130.93619
363.48514,121.94525,90.07208,130.93619
371.7158,128.44315,90.07208,130.93619
374.74814,128.87634,90.07208,130.93619
382.1124,135.37424,90.07208,130.93619
388.6103,141.00574,90.07208,130.93619
395.1082,149.23639,90.07208,130.93619
401.60608,156.60066,90.07208,130.93619
402.03928,159.63301,90.07208,130.93619
406.80438,166.1309,90.07208,130.93619
411.5695,170.02963,90.07208,130.93619
416.3346,173.06198,90.07208,130.93619
421.0997,171.7624,90.07208,130.93619
416.3346,174.79475,90.07208,130.93619
420.23334,175.22795,90.07208,130.93619
416.3346,171.32922,90.07208,130.93619
433.2291,205.55144,90.07208,130.93619
437.94733,219.05609,88.15127,128.14394
438.37128,222.87167,88.15127,128.14394
439.64313,224.14352,88.15127,128.14394
442.6262,224.28398,86.271416,125.411224
485.36227,214.74098,86.271416,125.411224
491.72595,211.20125,88.18017,128.18594
490.31046,211.98317,90.13116,131.02206
489.87698,209.81578,90.13116,131.02206
488.4302,207.01717,92.125305,133.92093
488.7901,207.83408,94.163574,136.88393
484.7143,204.66397,94.163574,136.88393
484.2614,205.11685,94.163574,136.88393
482.90283,204.66397,94.163574,136.88393
479.73273,205.11685,94.163574,136.88393
475.65692,208.28696,94.163574,136.88393
451.65482,215.08002,94.163574,136.88393
443.95602,220.06158,94.163574,136.88393
441.5048,224.6554,96.24694,139.91249
442.89346,221.41516,96.24694,139.91249
443.35635,218.17493,96.24694,139.91249
445.6708,213.08313,96.24694,139.91249
448.91104,209.8429,96.24694,139.91249
468.8153,201.04797,96.24694,139.91249
476.68445,201.51086,96.24694,139.91249
482.70203,205.67688,96.24694,139.91249
487.79382,209.8429,96.24694,139.91249
487.33093,205.67688,96.24694,139.91249
491.49695,213.54602,96.24694,139.91249
498.4403,207.52844,96.24694,139.91249
505.53983,197.81644,98.3764,143.00806
510.8329,198.68878,100.55298,146.1721
509.2188,193.55962,102.77771,149.40616
508.59467,188.31696,105.05167,152.71178
508.08942,185.79077,105.05167,152.71178
513.64703,188.31696,105.05167,152.71178
513.00903,192.39359,107.37593,156.09053
516.6239,194.97565,107.37593,156.09053
508.87772,190.32791,107.37593,156.09053
502.86783,184.8507,109.751625,159.54404
501.1061,178.15703,112.17988,163.07394
498.40854,174.3804,112.17988,163.07394
502.20526,174.25565,114.66186,166.68196
500.5509,170.39545,114.66186,166.68196
502.14313,165.69086,117.19875,170.3698
506.10974,165.56053,119.79178,174.13922
508.99036,163.83215,119.79178,174.13922
510.71875,164.40828,119.79178,174.13922
506.68585,169.59341,119.79178,174.13922
504.076,182.00095,117.23718,170.42564
502.38446,187.0755,117.23718,170.42564
499.56525,177.4902,117.23718,170.42564
494.1734,169.17004,119.831055,174.1963
499.36023,177.81479,119.831055,174.1963
504.61182,183.66077,122.482315,178.0504
507.55713,183.07169,122.482315,178.0504
509.32434,178.94821,122.482315,178.0504
512.3336,182.55005,119.870346,174.25342
514.0631,181.97354,119.870346,174.25342
513.48663,182.55005,119.870346,174.25342
514.0631,180.82053,119.870346,174.25342
512.3336,181.39703,119.870346,174.25342
511.75714,178.51453,119.870346,174.25342
512.3336,182.55005,119.870346,174.25342
512.9101,178.51453,119.870346,174.25342
512.3336,182.55005,119.870346,174.25342
512.9101,178.51453,119.870346,174.25342
512.3336,181.39703,119.870346,174.25342
511.75714,177.36151,119.870346,174.25342
512.3336,182.55005,119.870346,174.25342
512.9101,177.36151,119.870346,174.25342
513.4866,182.55005,119.870346,174.25342
512.9101,177.36151,119.870346,174.25342
512.3336,182.55005,119.870346,174.25342
512.9101,177.36151,119.870346,174.25342
512.3336,182.55005,119.870346,174.25342
511.75714,177.36151,119.870346,174.25342
511.18066,181.39703,119.870346,174.25342
512.91016,177.36151,119.870346,174.25342
511.18066,182.55005,119.870346,174.25342
512.91016,178.51453,119.870346,174.25342
511.18066,181.39703,119.870346,174.25342
511.75714,177.36151,119.870346,174.25342
511.18066,182.55005,119.870346,174.25342
511.75714,178.51453,119.870346,174.25342
510.02765,180.24405,119.870346,174.25342
511.75714,180.82056,119.870346,174.25342
510.02765,177.93805,119.870346,174.25342
511.75714,181.97357,119.870346,174.25342
510.02765,177.93805,119.870346,174.25342
511.75714,181.97357,119.870346,174.25342
508.87463,177.93805,119.870346,174.25342
511.75714,183.12659,119.870346,174.25342
510.02765,177.93805,119.870346,174.25342
511.75714,181.97357,119.870346,174.25342
510.02765,177.93805,119.870346,174.25342
511.75714,183.12659,119.870346,174.25342
510.02765,177.93805,119.870346,174.25342
511.75714,181.97357,119.870346,174.25342
508.87463,176.78503,119.870346,174.25342
511.75714,183.12659,119.870346,174.25342
510.02765,177.93805,119.870346,174.25342
511.75714,181.97357,119.870346,174.25342
508.87463,176.78503,119.870346,174.25342
511.75714,181.97357,119.870346,174.25342
508.87463,176.78503,119.870346,174.25342
511.75714,181.97357,119.870346,174.25342
510.02765,176.78503,119.870346,174.25342
511.75714,181.97357,119.870346,174.25342
510.02765,177.93805,119.870346,174.25342
511.75714,181.97357,119.870346,174.25342
510.02765,177.93805,119.870346,174.25342
511.75714,181.97357,119.870346,174.25342
510.02765,177.93805,119.870346,174.25342
511.75714,181.97357,119.870346,174.25342
510.02765,177.93805,119.870346,174.25342
511.75714,180.82056,119.870346,174.25342
508.87463,177.93805,119.870346,174.25342
511.75714,181.97357,119.870346,174.25342
510.02765,177.93805,119.870346,174.25342
511.75714,180.82056,119.870346,174.25342
510.02765,176.78503,119.870346,174.25342
511.75714,181.97357,119.870346,174.25342
510.02765,176.78503,119.870346,174.25342
510.60413,180.82056,119.870346,174.25342
511.1806,177.93805,119.870346,174.25342
511.75708,180.82056,119.870346,174.25342
508.87457,176.78503,119.870346,174.25342
511.75708,181.97357,119.870346,174.25342
510.0276,177.93805,119.870346,174.25342
511.75708,180.82056,119.870346,174.25342
510.0276,176.78503,119.870346,174.25342
511.75708,180.82056,119.870346,174.25342
510.0276,176.78503,119.870346,174.25342
511.75708,181.97357,119.870346,174.25342
510.0276,177.93805,119.870346,174.25342
511.75708,180.82056,119.870346,174.25342
508.87457,176.78503,119.870346,174.25342
511.75708,181.97357,119.870346,174.25342
508.87457,177.93805,119.870346,174.25342
511.75708,181.97357,119.870346,174.25342
510.0276,177.93805,119.870346,174.25342
511.75708,180.82056,119.870346,174.25342
510.0276,177.93805,119.870346,174.25342
511.75708,181.97357,119.870346,174.25342
508.87457,177.93805,119.870346,174.25342
511.75708,181.97357,119.870346,174.25342
508.87457,177.93805,119.870346,174.25342
510.60406,181.97357,119.870346,174.25342
508.87457,177.93805,119.870346,174.25342
510.60406,180.82056,119.870346,174.25342
507.72156,176.78503,119.870346,174.25342
509.45105,181.97357,119.870346,174.25342
510.02753,177.93805,119.870346,174.25342
466.29663,217.02573,117.31407,170.53741
458.30264,222.65085,114.81232,166.90065
454.73688,222.8338,112.36391,163.34145
454.37234,226.13806,109.96771,159.85814
460.13278,228.35236,107.62262,156.44911
459.78366,229.5216,105.32754,153.1128
460.41846,231.64246,103.0814,149.84761
461.03973,232.76237,100.883156,146.65207
464.45367,234.79373,98.73179,143.52467
463.21805,234.95102,96.626305,140.46397
467.38376,236.89665,94.56572,137.46854
467.07703,237.92407,92.54908,134.53697
470.19275,239.2594,92.54908,134.53697
467.07703,236.14368,92.54908,134.53697
470.20892,239.7233,90.57544,131.66792
469.9151,239.0279,88.64389,128.86006
468.63617,240.30685,88.64389,128.86006
470.76776,240.73318,88.64389,128.86006
470.48022,240.0526,86.75353,126.11208
470.89746,242.13875,86.75353,126.11208
472.14917,241.72151,86.75353,126.11208
470.06305,240.4698,86.75353,126.11208
472.14917,240.88704,86.75353,126.11208
470.06305,241.30428,86.75353,126.11208
472.14917,242.55598,86.75353,126.11208
471.06345,241.08562,84.90349,123.42271
473.93665,244.36949,83.092896,120.79068
475.1355,243.17061,83.092896,120.79068
473.1374,243.57024,83.092896,120.79068
473.63818,242.1619,81.320915,118.21478
474.81152,244.11743,81.320915,118.21478
474.5477,242.73915,79.58672,115.69382
477.22702,244.65297,79.58672,115.69382
475.4931,242.5662,77.88951,113.22661
476.61688,245.93762,77.88951,113.22661
474.7439,242.5662,77.88951,113.22661
476.61688,245.18842,77.88951,113.22661
476.3642,243.14618,76.22849,110.81202
478.19727,245.71246,76.22849,110.81202
476.3642,243.14618,76.22849,110.81202
478.19727,245.71246,76.22849,110.81202
477.0974,243.8794,76.22849,110.81202
478.93048,247.17892,76.22849,110.81202
477.0974,243.8794,76.22849,110.81202
479.6637,246.44568,76.22849,110.81202
477.83063,243.8794,76.22849,110.81202
480.3969,247.17892,76.22849,110.81202
477.83063,243.8794,76.22849,110.81202
480.3969,247.17892,76.22849,110.81202
478.56384,243.8794,76.22849,110.81202
479.6637,245.71246,76.22849,110.81202
478.56384,243.14618,76.22849,110.81202
479.6637,244.97925,76.22849,110.81202
480.76355,246.0791,76.22849,110.81202
478.93048,243.51282,76.22849,110.81202
481.49677,246.81235,76.22849,110.81202
480.3969,244.24606,76.22849,110.81202
482.22998,246.07913,76.22849,110.81202
480.3969,244.24606,76.22849,110.81202
481.49677,246.07913,76.22849,110.81202
479.6637,244.24606,76.22849,110.81202
482.22998,246.81235,76.22849,110.81202
481.13013,243.51282,76.22849,110.81202
482.22998,246.81235,76.22849,110.81202
481.98273,244.81363,74.6029,108.44892
483.77667,247.3252,74.6029,108.44892
481.98273,245.53122,74.6029,108.44892
484.49426,247.3252,74.6029,108.44892
481.98273,244.09604,74.6029,108.44892
484.49426,246.6076,74.6029,108.44892
482.70032,244.81363,74.6029,108.44892
485.21185,248.04279,74.6029,108.44892
483.4179,245.53122,74.6029,108.44892
484.49426,243.73724,74.6029,108.44892
486.2882,246.9664,74.6029,108.44892
485.92944,246.6076,74.6029,108.44892
488.44098,246.9664,74.6029,108.44892
486.64703,245.89001,74.6029,108.44892
489.87616,247.68399,74.6029,108.44892
490.9525,245.17242,74.6029,108.44892
492.74646,247.68399,74.6029,108.44892
493.10522,243.73724,74.6029,108.44892
493.464,245.53122,74.6029,108.44892
494.54034,243.01965,74.6029,108.44892
496.3343,244.09604,74.6029,108.44892
498.84583,245.17242,74.6029,108.44892
500.63977,242.66086,74.6029,108.44892
498.84583,241.58447,74.6029,108.44892
502.07495,242.66086,74.6029,108.44892
501.7162,240.14929,74.6029,108.44892
503.51013,242.66086,74.6029,108.44892
505.30408,241.58447,74.6029,108.44892
504.22772,240.50809,74.6029,108.44892
508.13562,243.39355,73.01197,106.136215
507.0822,240.93555,73.01197,106.136215
509.54022,242.69125,73.01197,106.136215
511.29596,240.93555,73.01197,106.136215
510.24255,242.69125,73.01197,106.136215
508.48682,240.93555,73.01197,106.136215
510.24255,243.39355,73.01197,106.136215
509.18915,241.63785,73.01197,106.136215
508.838,242.69128,73.01197,106.136215
509.89142,243.74472,73.01197,106.136215
507.4334,241.98901,73.01197,106.136215
505.67767,243.74472,73.01197,106.136215
503.21967,241.98901,73.01197,106.136215
501.46393,243.74472,73.01197,106.136215
502.51733,244.79816,73.01197,106.136215
499.35706,243.04245,73.01197,106.136215
497.60132,244.09589,73.01197,106.136215
495.84558,243.74475,73.01197,106.136215
493.38757,243.39362,73.01197,106.136215
493.7387,245.14932,73.01197,106.136215
491.2807,244.09589,73.01197,106.136215
488.8227,246.5539,73.01197,106.136215
485.6624,244.09589,73.01197,106.136215
484.609,246.5539,73.01197,106.136215
486.36475,248.3096,73.01197,106.136215
481.79987,244.44702,73.01197,106.136215
479.34186,241.98901,73.01197,106.136215
477.58612,244.44702,73.01197,106.136215
475.1281,242.69131,73.01197,106.136215
476.18152,244.44702,73.01197,106.136215
472.31897,242.69131,73.01197,106.136215
471.26553,244.44702,73.01197,106.136215
468.10526,241.28674,73.01197,106.136215
467.75412,243.74475,73.01197,106.136215
470.21213,244.79819,73.01197,106.136215
465.64725,242.34018,73.01197,106.136215
465.2961,244.09589,73.01197,106.136215
462.8381,243.04245,73.01197,106.136215
464.5938,244.79816,73.01197,106.136215
463.54037,245.8516,73.01197,106.136215
461.9497,244.61412,71.45497,103.872826
461.60605,247.0197,71.45497,103.872826
459.88776,248.73799,71.45497,103.872826
461.60605,250.45628,71.45497,103.872826
459.20047,245.98875,71.45497,103.872826
458.8568,247.70705,71.45497,103.872826
458.51315,248.73802,71.45497,103.872826
456.10757,245.64513,71.45497,103.872826
459.20047,248.0507,71.45497,103.872826
458.1695,245.64513,71.45497,103.872826
459.20047,248.0507,71.45497,103.872826
457.48218,244.95781,71.45497,103.872826
459.20047,247.36339,71.45497,103.872826
462.29337,249.08168,71.45497,103.872826
458.51315,245.30147,71.45497,103.872826
506.28125,183.78716,71.45497,103.872826
507.3122,181.38156,71.45497,103.872826
506.28125,183.09984,71.45497,103.872826
507.3122,182.06888,71.45497,103.872826
506.96857,183.09984,71.45497,103.872826
507.3122,182.06888,71.45497,103.872826
504.90662,181.72522,71.45497,103.872826
505.93756,183.4435,71.45497,103.872826
504.90662,179.66328,71.45497,103.872826
505.93756,183.4435,71.45497,103.872826
504.90662,179.66328,71.45497,103.872826
505.93756,183.4435,71.45497,103.872826
503.71838,178.92007,69.931175,101.65771
504.13986,178.38318,68.43987,99.48982
505.7856,180.68726,68.43987,99.48982
505.5636,178.89276,66.98037,97.36817
506.53003,181.1477,66.98037,97.36817
504.91937,178.89276,66.98037,97.36817
506.53003,181.1477,66.98037,97.36817
504.91937,178.89276,66.98037,97.36817
506.53003,181.1477,66.98037,97.36817
504.91937,178.89276,66.98037,97.36817
505.8858,181.1477,66.98037,97.36817
503.63086,178.89276,66.98037,97.36817
504.5973,180.50343,66.98037,97.36817
502.34235,178.24849,66.98037,97.36817
504.5973,179.21489,66.98037,97.36817
502.98663,180.18129,66.98037,97.36817
501.37598,178.57062,66.98037,97.36817
502.98663,178.24849,66.98037,97.36817
502.6645,179.21489,66.98037,97.36817
501.05383,179.53702,66.98037,97.36817
502.6645,178.57062,66.98037,97.36817
501.69806,179.53702,66.98037,97.36817
502.6645,178.57062,66.98037,97.36817
501.69806,179.53702,66.98037,97.36817
502.0202,178.57062,66.98037,97.36817
502.98663,180.18129,66.98037,97.36817
502.0202,180.50342,66.98037,97.36817
502.98663,178.24847,66.98037,97.36817
502.6645,180.50342,66.98037,97.36817
500.40955,178.24847,66.98037,97.36817
502.0202,180.50342,66.98037,97.36817
502.34235,178.24847,66.98037,97.36817
503.30878,180.50342,66.98037,97.36817
501.05383,178.24847,66.98037,97.36817
502.6645,180.50342,66.98037,97.36817
501.05383,177.6042,66.98037,97.36817
502.6645,179.85915,66.98037,97.36817
501.05383,178.89275,66.98037,97.36817
502.6645,180.50342,66.98037,97.36817
501.69806,178.24847,66.98037,97.36817
503.30872,179.85915,66.98037,97.36817
503.63086,178.24847,66.98037,97.36817
503.953,179.85915,66.98037,97.36817
501.69806,178.24847,66.98037,97.36817
503.30872,179.85915,66.98037,97.36817
503.63086,178.24847,66.98037,97.36817
502.66443,179.21487,66.98037,97.36817
502.98657,177.6042,66.98037,97.36817
503.953,176.6378,66.98037,97.36817
502.4937,179.84946,65.551994,95.29176
503.4395,178.90366,65.551994,95.29176
504.3853,179.84946,65.551994,95.29176
504.07007,179.53418,65.551994,95.29176
503.75482,179.21893,65.551994,95.29176
502.80902,177.64261,65.551994,95.29176
501.98865,180.78575,64.154076,93.259636
503.53137,178.62596,64.154076,93.259636
503.32327,181.70209,62.78597,91.27084
504.22916,179.58835,62.78597,91.27084
502.71933,181.70209,62.78597,91.27084
504.22916,179.58835,62.78597,91.27084
502.71933,181.70209,62.78597,91.27084
504.22916,179.58835,62.78597,91.27084
502.71933,181.70209,62.78597,91.27084
504.22916,179.58835,62.78597,91.27084
502.71933,181.70209,62.78597,91.27084
504.22916,179.58835,62.78597,91.27084
502.71933,181.70209,62.78597,91.27084
504.22916,179.58835,62.78597,91.27084
503.32327,181.70209,62.78597,91.27084
504.22916,179.58835,62.78597,91.27084
502.71933,181.70209,62.78597,91.27084
504.22916,179.58835,62.78597,91.27084
503.32327,181.70209,62.78597,91.27084
504.22916,178.98442,62.78597,91.27084
503.32327,181.09816,62.78597,91.27084
504.22916,178.3805,62.78597,91.27084
502.71933,181.09816,62.78597,91.27084
504.8331,178.98442,62.78597,91.27084
503.92722,181.09816,62.78597,91.27084
504.8331,178.3805,62.78597,91.27084
503.32327,180.49423,62.78597,91.27084
503.6252,178.3805,62.78597,91.27084
503.92715,180.49423,62.78597,91.27084
504.2291,178.3805,62.78597,91.27084
502.71927,180.49423,62.78597,91.27084
504.2291,179.58835,62.78597,91.27084
503.3232,181.70209,62.78597,91.27084
504.2291,178.98442,62.78597,91.27084
503.3232,180.49423,62.78597,91.27084
504.2291,178.98442,62.78597,91.27084
503.3232,181.09816,62.78597,91.27084
504.2291,178.3805,62.78597,91.27084
503.3232,180.49423,62.78597,91.27084
504.2291,178.98442,62.78597,91.27084
503.3232,181.09816,62.78597,91.27084
504.2291,178.98442,62.78597,91.27084
502.71927,181.09816,62.78597,91.27084
504.2291,179.58835,62.78597,91.27084
503.3232,181.70209,62.78597,91.27084
504.2291,179.58835,62.78597,91.27084
503.3232,181.09816,62.78597,91.27084
504.2291,178.3805,62.78597,91.27084
503.3232,181.09816,62.78597,91.27084
504.2291,178.3805,62.78597,91.27084
503.3232,180.49423,62.78597,91.27084
504.2291,178.98442,62.78597,91.27084
502.71927,178.68246,62.78597,91.27084
504.2291,181.40013,62.78597,91.27084
503.3232,178.07854,62.78597,91.27084
503.62515,180.19228,62.78597,91.27084
504.53104,177.47461,62.78597,91.27084
503.62515,180.19228,62.78597,91.27084
504.53104,177.47461,62.78597,91.27084
503.62515,179.58835,62.78597,91.27084
505.13498,177.47461,62.78597,91.27084
503.0212,178.98442,62.78597,91.27084
504.53104,176.26675,62.78597,91.27084
503.0212,178.98442,62.78597,91.27084
504.53104,176.26675,62.78597,91.27084
503.0212,177.77657,62.78597,91.27084
503.9271,178.07852,62.78597,91.27084
504.83298,175.96478,62.78597,91.27084
503.32315,178.07852,62.78597,91.27084
504.22903,175.96478,62.78597,91.27084
502.7192,177.4746,62.78597,91.27084
504.22903,177.17264,62.78597,91.27084
504.02533,178.43687,61.44704,89.32446
504.91193,175.77716,61.44704,89.32446
504.02533,177.84583,61.44704,89.32446
504.91193,178.14134,61.44704,89.32446
504.6164,176.66373,61.44704,89.32446
504.32086,178.73239,61.44704,89.32446
504.6164,175.48163,61.44704,89.32446
504.32086,177.5503,61.44704,89.32446
504.02533,175.48163,61.44704,89.32446
504.91193,177.5503,61.44704,89.32446
504.6164,175.48163,61.44704,89.32446
504.32086,177.5503,61.44704,89.32446
504.02533,175.48163,61.44704,89.32446
504.91193,177.5503,61.44704,89.32446
505.20746,176.07268,61.44704,89.32446
505.503,178.73239,61.44704,89.32446
504.0254,176.07268,61.44704,89.32446
505.503,178.73239,61.44704,89.32446
504.0254,176.07268,61.44704,89.32446
504.912,178.73239,61.44704,89.32446
504.61646,175.48163,61.44704,89.32446
503.72986,178.14134,61.44704,89.32446
505.20746,176.07268,61.44704,89.32446
504.91193,178.73239,61.44704,89.32446
505.20746,176.07268,61.44704,89.32446
504.91193,178.73239,61.44704,89.32446
505.20746,176.07268,61.44704,89.32446
504.91193,178.73239,61.44704,89.32446
504.6164,176.07268,61.44704,89.32446
504.32086,178.73239,61.44704,89.32446
504.02533,176.07268,61.44704,89.32446
504.91193,178.73239,61.44704,89.32446
481.56558,257.04605,61.44704,89.32446
481.27005,255.56842,61.44704,89.32446
482.15662,255.86395,61.44704,89.32446
481.86108,255.56842,61.44704,89.32446
480.97452,255.86395,61.44704,89.32446
482.45215,256.75052,61.44704,89.32446
480.38348,255.86395,61.44704,89.32446
480.08795,256.1595,61.44704,89.32446
480.97452,256.45502,61.44704,89.32446
481.27005,256.1595,61.44704,89.32446
479.79242,254.68185,61.44704,89.32446
479.4969,253.20422,61.44704,89.32446
478.61032,254.09079,61.44704,89.32446
480.08795,254.97736,61.44704,89.32446
479.2014,254.09079,61.44704,89.32446
478.90585,252.61316,61.44704,89.32446
478.0193,254.09079,61.44704,89.32446
477.13272,253.79526,61.44704,89.32446
478.61035,255.27289,61.44704,89.32446
476.5417,254.38632,61.44704,89.32446
476.24615,254.68185,61.44704,89.32446
476.5417,254.38632,61.44704,89.32446
474.47302,254.68185,61.44704,89.32446
475.95065,256.1595,61.44704,89.32446
474.47302,255.27292,61.44704,89.32446
474.1775,256.75055,61.44704,89.32446
475.06406,255.86398,61.44704,89.32446
475.3596,256.15952,61.44704,89.32446
474.47302,257.04608,61.44704,89.32446
472.9954,257.3416,61.44704,89.32446
473.88196,256.45505,61.44704,89.32446
472.9954,256.15952,61.44704,89.32446
474.47302,257.04608,61.44704,89.32446
475.3596,257.93265,61.44704,89.32446
476.24615,257.63712,61.44704,89.32446
478.90585,256.75055,61.44704,89.32446
479.2014,257.63712,61.44704,89.32446
480.67902,258.52368,61.44704,89.32446
479.2014,258.8192,61.44704,89.32446
478.31482,257.34158,61.44704,89.32446
476.8372,256.45502,61.44704,89.32446
476.54166,258.52368,61.44704,89.32446
474.473,260.59235,61.44704,89.32446
474.76852,262.661,61.44704,89.32446
471.51776,263.54758,61.44704,89.32446
465.90283,266.20728,61.44704,89.32446
460.87894,271.8222,61.44704,89.32446
448.76248,263.84308,61.44704,89.32446
450.2401,265.91174,61.44704,89.32446
442.85202,270.3446,61.44704,89.32446
430.73557,264.1386,61.44704,89.32446
420.39224,265.61624,61.44704,89.32446
413.5952,262.95654,61.44704,89.32446
411.52655,263.8431,61.44704,89.32446
406.50266,267.6849,61.44704,89.32446
402.0698,272.11777,61.44704,89.32446
399.4101,271.2312,61.44704,89.32446
397.34143,275.66406,61.44704,89.32446
396.45486,273.5954,61.44704,89.32446
393.62885,269.84778,62.806557,91.300766
392.72266,267.1292,62.806557,91.300766
394.23297,271.66013,62.806557,91.300766
390.91028,274.3787,62.806557,91.300766
393.02472,271.056,62.806557,91.300766
390.91028,268.94156,62.806557,91.300766
392.4092,266.3646,64.19615,93.32079
393.95294,270.37827,64.19615,93.32079
393.0267,266.9821,64.19615,93.32079
392.71796,264.20337,64.19615,93.32079
395.49667,269.45203,64.19615,93.32079
397.6579,266.6733,64.19615,93.32079
399.81912,263.8946,64.19615,93.32079
399.51038,269.76074,64.19615,93.32079
399.20163,269.452,64.19615,93.32079
401.36285,267.90826,64.19615,93.32079
433.889,253.13129,62.82715,91.330696
438.42142,249.80753,62.82715,91.330696
437.51492,247.08807,62.82715,91.330696
439.02573,243.76431,62.82715,91.330696
438.11923,248.29672,62.82715,91.330696
436.48373,248.22684,64.2172,93.35139
434.9395,251.00644,64.2172,93.35139
435.86606,255.02142,64.2172,93.35139
437.41028,254.09488,64.2172,93.35139
435.24835,255.02142,64.2172,93.35139
436.1401,255.59087,65.63801,95.41679
436.3965,256.82794,67.09025,97.527885
437.99768,258.76193,68.57462,99.68569
437.58124,252.52658,70.091835,101.891235
435.75662,254.54709,71.64262,104.14558
434.72296,250.75696,71.64262,104.14558
437.8627,240.66786,73.22771,106.4498
433.76416,229.62479,74.84787,108.805
429.80444,227.82492,74.84787,108.805
424.12128,224.75389,76.503876,111.21231
425.18365,221.61491,78.196526,113.67288
423.92844,221.52794,79.92662,116.1879
421.8478,223.0343,81.695,118.75855
422.98224,220.49763,83.5025,121.386086
419.36786,221.70244,83.5025,121.386086
418.16306,225.31682,83.5025,121.386086
417.76144,225.71843,83.5025,121.386086
414.14706,228.52962,83.5025,121.386086
412.94226,228.93123,83.5025,121.386086
411.73746,230.13603,83.5025,121.386086
412.94226,232.94722,83.5025,121.386086
409.32788,230.13603,83.5025,121.386086
412.13907,234.5536,83.5025,121.386086
408.5247,234.152,83.5025,121.386086
412.13907,236.96318,83.5025,121.386086
406.9183,236.56157,83.5025,121.386086
410.53268,240.97914,83.5025,121.386086
406.1151,238.16795,83.5025,121.386086
409.7295,242.58553,83.5025,121.386086
405.31192,240.57753,83.5025,121.386086
409.7295,244.19191,83.5025,121.386086
406.1151,240.57753,83.5025,121.386086
408.1231,244.19191,83.5025,121.386086
406.9183,241.38072,83.5025,121.386086
408.9263,243.38872,83.5025,121.386086
409.3279,241.38072,83.5025,121.386086
410.5327,242.58553,83.5025,121.386086
410.93433,240.57753,83.5025,121.386086
411.33594,242.58553,83.5025,121.386086
412.54074,240.57753,83.5025,121.386086
412.94235,238.56953,83.5025,121.386086
411.73755,238.16792,83.5025,121.386086
412.13916,234.55354,83.5025,121.386086
411.73755,238.16792,83.5025,121.386086
412.13916,233.75035,83.5025,121.386086
410.93436,235.75835,83.5025,121.386086
411.33597,231.34077,83.5025,121.386086
410.93436,230.13597,83.5025,121.386086
411.33597,231.34077,83.5025,121.386086
411.73758,229.33278,83.5025,121.386086
412.94238,230.53758,83.5025,121.386086
412.54077,229.33278,83.5025,121.386086
414.54877,229.73439,83.5025,121.386086
413.34396,228.52959,83.5025,121.386086
415.35196,230.53758,83.5025,121.386086
414.14716,227.7264,83.5025,121.386086
416.95834,228.9312,83.5025,121.386086
417.35995,226.12001,83.5025,121.386086
418.56476,227.32481,83.5025,121.386086
419.76956,226.12001,83.5025,121.386086
420.97437,227.32481,83.5025,121.386086
421.37598,225.31682,83.5025,121.386086
423.38397,227.32481,83.5025,121.386086
422.98236,226.12001,83.5025,121.386086
423.38397,226.52162,83.5025,121.386086
425.39197,227.72643,83.5025,121.386086
422.58078,224.91524,83.5025,121.386086
422.9824,222.90724,83.5025,121.386086
425.79358,225.71843,83.5025,121.386086
422.1792,223.71043,83.5025,121.386086
425.79358,225.71843,83.5025,121.386086
423.78558,222.90724,83.5025,121.386086
427.39996,224.91524,83.5025,121.386086
424.58878,222.10405,83.5025,121.386086
427.39996,224.91524,83.5025,121.386086
429.40796,223.71043,83.5025,121.386086
433.02234,226.52162,83.5025,121.386086
426.99838,222.90724,83.5025,121.386086
431.41595,225.71843,83.5025,121.386086
434.22714,227.72643,83.5025,121.386086
430.61276,223.30885,83.5025,121.386086
435.10556,226.54924,85.35,124.071754
438.7999,228.60164,85.35,124.071754
432.64267,224.08635,85.35,124.071754
438.0866,227.39844,87.238365,126.81684
434.31055,222.78323,87.238365,126.81684
439.7649,227.39844,87.238365,126.81684
441.0236,224.46149,87.238365,126.81684
443.1214,229.07669,87.238365,126.81684
438.5062,224.46149,87.238365,126.81684
443.96054,229.07669,87.238365,126.81684
441.0236,224.46149,87.238365,126.81684
444.84677,227.84683,89.16851,129.62267
442.70255,223.12952,89.16851,129.62267
446.56216,229.56223,89.16851,129.62267
443.56024,224.84491,89.16851,129.62267
448.27756,230.41992,89.16851,129.62267
451.27948,227.418,89.16851,129.62267
447.41986,224.41608,89.16851,129.62267
452.13718,230.84879,89.16851,129.62267
455.9968,233.85071,89.16851,129.62267
449.5641,228.2757,89.16851,129.62267
455.1391,233.85071,89.16851,129.62267
452.13718,229.13339,89.16851,129.62267
456.04498,232.59367,91.141365,132.49057
456.4833,229.52531,91.141365,132.49057
459.55167,234.347,91.141365,132.49057
453.8533,228.64864,91.141365,132.49057
457.84753,231.27591,93.15787,135.42192
455.60736,228.13968,93.15787,135.42192
459.63965,233.96411,93.15787,135.42192
455.60736,229.03574,93.15787,135.42192
460.53577,234.86017,93.15787,135.42192
454.7113,229.03574,93.15787,135.42192
458.7436,233.96411,93.15787,135.42192
460.98376,231.72394,93.15787,135.42192
457.84753,229.48376,93.15787,135.42192
460.0877,234.41214,93.15787,135.42192
457.84753,230.37985,93.15787,135.42192
453.81525,228.13968,93.15787,135.42192
458.74365,233.06805,93.15787,135.42192
455.60742,228.13968,93.15787,135.42192
459.6397,233.06805,93.15787,135.42192
456.50348,228.13968,93.15787,135.42192
459.6397,233.06805,93.15787,135.42192
455.60742,228.13968,93.15787,135.42192
460.53577,233.06805,93.15787,135.42192
454.71136,228.13968,93.15787,135.42192
459.6397,232.17197,93.15787,135.42192
454.71136,227.24359,93.15787,135.42192
458.79398,228.99933,95.21899,138.41814
453.75656,223.96191,95.21899,138.41814
456.0463,225.33575,95.21899,138.41814
455.58835,223.04602,95.21899,138.41814
456.9622,227.16754,95.21899,138.41814
453.75656,222.13013,95.21899,138.41814
457.87808,227.16754,95.21899,138.41814
454.67245,223.04602,95.21899,138.41814
457.87808,228.08344,95.21899,138.41814
452.84067,223.04602,95.21899,138.41814
456.0463,227.16754,95.21899,138.41814
452.84067,223.96191,95.21899,138.41814
454.2145,227.16754,95.21899,138.41814
455.58835,224.8778,95.21899,138.41814
451.46683,222.58807,95.21899,138.41814
453.75656,225.7937,95.21899,138.41814
451.46683,221.67218,95.21899,138.41814
452.84067,225.7937,95.21899,138.41814
452.38272,222.58807,95.21899,138.41814
452.84067,224.8778,95.21899,138.41814
449.63504,221.67218,95.21899,138.41814
452.84067,225.7937,95.21899,138.41814
450.55093,221.67218,95.21899,138.41814
451.92477,223.96191,95.21899,138.41814
450.55093,221.67218,95.21899,138.41814
451.92477,223.96191,95.21899,138.41814
449.63504,221.67218,95.21899,138.41814
451.92477,224.8778,95.21899,138.41814
448.71915,221.67218,95.21899,138.41814
451.00888,225.7937,95.21899,138.41814
449.63504,221.67218,95.21899,138.41814
450.093,224.8778,95.21899,138.41814
450.55093,222.58807,95.21899,138.41814
449.1771,223.96191,95.21899,138.41814
449.63504,223.50397,95.21899,138.41814
450.093,225.7937,95.21899,138.41814
449.63504,222.58807,95.21899,138.41814
450.093,225.7937,95.21899,138.41814
449.63504,222.58807,95.21899,138.41814
450.093,225.7937,95.21899,138.41814
447.80325,222.58807,95.21899,138.41814
449.1771,226.7096,95.21899,138.41814
447.80325,223.50397,95.21899,138.41814
449.1771,226.7096,95.21899,138.41814
448.71915,224.41986,95.21899,138.41814
449.1771,226.7096,95.21899,138.41814
449.63504,224.41986,95.21899,138.41814
448.2612,225.7937,95.21899,138.41814
449.63504,223.50397,95.21899,138.41814
450.093,226.7096,95.21899,138.41814
448.71915,224.41986,95.21899,138.41814
449.1771,225.7937,95.21899,138.41814
448.71915,223.50397,95.21899,138.41814
450.093,226.7096,95.21899,138.41814
448.71915,225.33575,95.21899,138.41814
450.093,226.7096,95.21899,138.41814
451.46683,227.16754,95.21899,138.41814
449.1771,224.8778,95.21899,138.41814
450.55093,225.33575,95.21899,138.41814
449.1771,224.8778,95.21899,138.41814
450.55093,224.41986,95.21899,138.41814
451.92477,225.7937,95.21899,138.41814
450.55093,224.41986,95.21899,138.41814
452.84067,226.7096,95.21899,138.41814
450.55093,224.41986,95.21899,138.41814
452.84067,225.7937,95.21899,138.41814
450.55093,223.50397,95.21899,138.41814
452.84067,226.7096,95.21899,138.41814
450.55093,224.41986,95.21899,138.41814
451.92477,224.8778,95.21899,138.41814
451.46683,223.50397,95.21899,138.41814
451.92477,223.96191,95.21899,138.41814
452.38272,222.58807,95.21899,138.41814
453.75656,225.7937,95.21899,138.41814
451.46683,222.58807,95.21899,138.41814
453.75656,225.7937,95.21899,138.41814
451.46683,222.58807,95.21899,138.41814
452.84067,225.7937,95.21899,138.41814
452.38272,223.50397,95.21899,138.41814
454.67245,225.7937,95.21899,138.41814
450.55093,222.58807,95.21899,138.41814
451.92477,225.7937,95.21899,138.41814
450.55093,222.58807,95.21899,138.41814
451.92477,225.7937,95.21899,138.41814
450.55093,222.58807,95.21899,138.41814
451.00888,225.7937,95.21899,138.41814
450.55093,222.58807,95.21899,138.41814
450.093,223.96191,95.21899,138.41814
448.71915,222.58807,95.21899,138.41814
451.00888,224.8778,95.21899,138.41814
448.71915,221.67218,95.21899,138.41814
450.093,224.8778,95.21899,138.41814
448.71915,222.58807,95.21899,138.41814
451.00888,224.8778,95.21899,138.41814
449.63504,222.58807,95.21899,138.41814
451.00888,224.8778,95.21899,138.41814
448.71915,221.67218,95.21899,138.41814
450.093,223.96191,95.21899,138.41814
449.63504,221.67218,95.21899,138.41814
451.00888,224.8778,95.21899,138.41814
448.71915,222.58807,95.21899,138.41814
451.00888,224.8778,95.21899,138.41814
447.80325,221.67218,95.21899,138.41814
451.00888,224.8778,95.21899,138.41814
449.63504,223.50397,95.21899,138.41814
452.84067,226.7096,95.21899,138.41814
449.63504,225.33575,95.21899,138.41814
450.093,223.96191,95.21899,138.41814
451.46683,223.50397,95.21899,138.41814
452.84067,227.62549,95.21899,138.41814
454.2145,226.25165,95.21899,138.41814
452.84067,225.7937,95.21899,138.41814
451.46683,226.25165,95.21899,138.41814
450.093,224.8778,95.21899,138.41814
452.38272,225.33575,95.21899,138.41814
453.75656,227.62549,95.21899,138.41814
451.46683,226.25165,95.21899,138.41814
452.84067,228.54138,95.21899,138.41814
452.38272,226.25165,95.21899,138.41814
454.67245,228.54138,95.21899,138.41814
451.46683,226.25165,95.21899,138.41814
453.75656,229.45728,95.21899,138.41814
452.38272,227.16754,95.21899,138.41814
455.58835,229.45728,95.21899,138.41814
453.2986,227.16754,95.21899,138.41814
456.50424,230.37317,95.21899,138.41814
453.2986,227.16754,95.21899,138.41814
456.50424,230.37317,95.21899,138.41814
453.2986,228.08344,95.21899,138.41814
454.67245,226.7096,95.21899,138.41814
456.0463,229.91522,95.21899,138.41814
455.58835,226.7096,95.21899,138.41814
456.0463,229.91522,95.21899,138.41814
456.50424,227.62549,95.21899,138.41814
454.2145,228.99933,95.21899,138.41814
456.50424,227.62549,95.21899,138.41814
455.1304,229.91522,95.21899,138.41814
455.58835,226.7096,95.21899,138.41814
456.0463,229.91522,95.21899,138.41814
454.67245,226.7096,95.21899,138.41814
456.0463,230.83112,95.21899,138.41814
456.50424,227.62549,95.21899,138.41814
454.2145,229.91522,95.21899,138.41814
454.67245,226.7096,95.21899,138.41814
456.0463,230.83112,95.21899,138.41814
456.50424,227.62549,95.21899,138.41814
453.2986,228.99933,95.21899,138.41814
455.58835,227.62549,95.21899,138.41814
457.87808,231.74701,95.21899,138.41814
454.67245,228.54138,95.21899,138.41814
452.38272,227.16754,95.21899,138.41814
456.50424,230.37317,95.21899,138.41814
454.2145,228.08344,95.21899,138.41814
454.67245,226.7096,95.21899,138.41814
456.0463,228.08344,95.21899,138.41814
453.75656,224.8778,95.21899,138.41814
456.9622,228.99933,95.21899,138.41814
455.58835,226.7096,95.21899,138.41814
456.9622,228.99933,95.21899,138.41814
455.58835,226.7096,95.21899,138.41814
456.9622,230.83112,95.21899,138.41814
453.75656,227.62549,95.21899,138.41814
456.9622,231.74701,95.21899,138.41814
455.58835,229.45728,95.21899,138.41814
457.87808,231.74701,95.21899,138.41814
457.42014,229.45728,95.21899,138.41814
456.0463,228.99933,95.21899,138.41814
459.25192,230.37317,95.21899,138.41814
455.1304,228.08344,95.21899,138.41814
458.33603,230.37317,95.21899,138.41814
456.0463,228.99933,95.21899,138.41814
459.25192,231.28906,95.21899,138.41814
456.9622,229.91522,95.21899,138.41814
460.16782,232.20496,95.21899,138.41814
456.9622,229.91522,95.21899,138.41814
459.25192,230.37317,95.21899,138.41814
456.0463,228.99933,95.21899,138.41814
459.25192,231.28906,95.21899,138.41814
456.9622,228.99933,95.21899,138.41814
460.16782,232.20496,95.21899,138.41814
457.87808,228.99933,95.21899,138.41814
456.50424,229.45728,95.21899,138.41814
458.79398,232.6629,95.21899,138.41814
457.42014,230.37317,95.21899,138.41814
457.87808,232.6629,95.21899,138.41814
459.25192,232.20496,95.21899,138.41814
456.9622,229.91522,95.21899,138.41814
461.0837,233.12085,95.21899,138.41814
456.9622,228.99933,95.21899,138.41814
461.0837,231.28906,95.21899,138.41814
458.79398,228.99933,95.21899,138.41814
461.9996,232.20496,95.21899,138.41814
458.79398,228.99933,95.21899,138.41814
461.9996,232.20496,95.21899,138.41814
458.79398,228.99933,95.21899,138.41814
461.0837,232.20496,95.21899,138.41814
459.70987,228.99933,95.21899,138.41814
457.42014,229.45728,95.21899,138.41814
460.62576,231.74701,95.21899,138.41814
459.25192,230.37317,95.21899,138.41814
461.54166,232.6629,95.21899,138.41814
459.25192,229.45728,95.21899,138.41814
461.54166,229.91522,95.21899,138.41814
458.33603,227.62549,95.21899,138.41814
459.70987,226.25165,95.21899,138.41814
457.42014,226.7096,95.21899,138.41814
456.9622,225.33575,95.21899,138.41814
458.33603,225.7937,95.21899,138.41814
458.79398,225.33575,95.21899,138.41814
458.33603,227.62549,95.21899,138.41814
459.70987,228.08344,95.21899,138.41814
458.33603,226.7096,95.21899,138.41814
459.70987,229.91522,95.21899,138.41814
457.42014,227.62549,95.21899,138.41814
458.79398,228.99933,95.21899,138.41814
457.42014,225.7937,95.21899,138.41814
458.79398,227.16754,95.21899,138.41814
458.33603,226.7096,95.21899,138.41814
459.70987,228.08344,95.21899,138.41814
457.42014,225.7937,95.21899,138.41814
456.9622,225.33575,95.21899,138.41814
458.33603,224.8778,95.21899,138.41814
458.79398,224.41986,95.21899,138.41814
457.42014,226.7096,95.21899,138.41814
456.9622,224.41986,95.21899,138.41814
458.33603,223.04602,95.21899,138.41814
458.79398,226.25165,95.21899,138.41814
459.25192,223.96191,95.21899,138.41814
459.70987,223.50397,95.21899,138.41814
458.33603,223.04602,95.21899,138.41814
459.70987,226.25165,95.21899,138.41814
458.33603,225.7937,95.21899,138.41814
459.70987,225.33575,95.21899,138.41814
459.25192,224.8778,95.21899,138.41814
460.62576,225.33575,95.21899,138.41814
459.25192,226.7096,95.21899,138.41814
459.70987,226.25165,95.21899,138.41814
459.25192,224.8778,95.21899,138.41814
460.62576,227.16754,95.21899,138.41814
460.16782,225.7937,95.21899,138.41814
460.62576,224.41986,95.21899,138.41814
459.25192,226.7096,95.21899,138.41814
460.62576,225.33575,95.21899,138.41814
458.33603,225.7937,95.21899,138.41814
460.62576,225.33575,95.21899,138.41814
459.25192,225.7937,95.21899,138.41814
460.62576,224.41986,95.21899,138.41814
459.25192,227.62549,95.21899,138.41814
460.62576,226.25165,95.21899,138.41814
460.16782,224.8778,95.21899,138.41814
462.45755,227.16754,95.21899,138.41814
460.16782,224.8778,95.21899,138.41814
462.45755,228.08344,95.21899,138.41814
460.16782,223.96191,95.21899,138.41814
462.45755,225.33575,95.21899,138.41814
461.0837,223.96191,95.21899,138.41814
462.45755,225.33575,95.21899,138.41814
461.0837,223.96191,95.21899,138.41814
462.45755,223.50397,95.21899,138.41814
460.16782,226.7096,95.21899,138.41814
462.45755,225.33575,95.21899,138.41814
461.0837,225.7937,95.21899,138.41814
462.45755,223.50397,95.21899,138.41814
461.0837,226.7096,95.21899,138.41814
462.45755,225.33575,95.21899,138.41814
461.0837,226.7096,95.21899,138.41814
462.45755,225.33575,95.21899,138.41814
461.0837,225.7937,95.21899,138.41814
463.37344,225.33575,95.21899,138.41814
462.9155,228.54138,95.21899,138.41814
463.37344,225.33575,95.21899,138.41814
463.8314,227.62549,95.21899,138.41814
463.37344,227.16754,95.21899,138.41814
464.74728,226.7096,95.21899,138.41814
463.37344,227.16754,95.21899,138.41814
464.74728,224.8778,95.21899,138.41814
464.28934,226.25165,95.21899,138.41814
464.74728,225.7937,95.21899,138.41814
463.37344,225.33575,95.21899,138.41814
464.74728,227.62549,95.21899,138.41814
463.37344,226.25165,95.21899,138.41814
464.74728,226.7096,95.21899,138.41814
462.45755,228.08344,95.21899,138.41814
463.8314,224.8778,95.21899,138.41814
465.2052,228.08344,95.21899,138.41814
464.74728,224.8778,95.21899,138.41814
464.28934,227.16754,95.21899,138.41814
464.74728,226.7096,95.21899,138.41814
464.28934,228.08344,95.21899,138.41814
464.74728,225.7937,95.21899,138.41814
465.2052,228.08344,95.21899,138.41814
464.74728,224.8778,95.21899,138.41814
466.1211,228.08344,95.21899,138.41814
465.66315,225.7937,95.21899,138.41814
465.2052,228.08344,95.21899,138.41814
465.66315,226.7096,95.21899,138.41814
464.2893,230.83112,95.21899,138.41814
465.66315,229.45728,95.21899,138.41814
464.2893,231.74701,95.21899,138.41814
465.66315,230.37317,95.21899,138.41814
464.2893,229.91522,95.21899,138.41814
469.32672,235.86853,95.21899,138.41814
473.44824,237.24237,95.21899,138.41814
468.41083,234.03674,95.21899,138.41814
474.36414,235.41058,95.21899,138.41814
477.56976,230.37317,95.21899,138.41814
479.8595,228.08344,95.21899,138.41814
482.14923,231.28906,95.21899,138.41814
478.9436,228.08344,95.21899,138.41814
484.8969,227.62549,95.21899,138.41814
486.27075,225.33575,95.21899,138.41814
462.8868,232.83176,97.32571,141.48064
455.86563,237.98062,97.32571,141.48064
449.44702,238.84366,99.479034,144.6109
455.66663,237.40836,99.479034,144.6109
460.92944,235.01617,99.479034,144.6109
456.62354,237.40836,99.479034,144.6109
465.52365,237.56686,97.35761,141.52702
461.30957,238.97156,97.35761,141.52702
469.11728,239.12671,95.28143,138.50891
465.90958,239.58496,95.28143,138.50891
473.55078,241.50351,93.24953,135.55516
472.20538,240.15808,93.24953,135.55516
470.86,241.50351,93.24953,135.55516
472.20538,240.15808,93.24953,135.55516
474.44775,239.7096,93.24953,135.55516
473.99927,240.15808,93.24953,135.55516
473.55078,241.50351,93.24953,135.55516
472.20538,241.952,93.24953,135.55516
477.95453,244.69415,91.260956,132.66441
476.63782,244.25525,91.260956,132.66441
477.95453,243.81635,91.260956,132.66441
477.51562,243.37744,91.260956,132.66441
477.95453,242.93854,91.260956,132.66441
476.63782,243.37744,91.260956,132.66441
480.588,242.0607,91.260956,132.66441
480.29193,246.43658,89.31479,129.83531
481.58057,245.14792,89.31479,129.83531
479.4328,245.57748,89.31479,129.83531
482.43964,245.14792,89.31479,129.83531
482.1499,247.77438,87.410126,127.066536
480.88873,247.354,87.410126,127.066536
482.22598,251.54523,85.54608,124.356804
481.81454,251.13379,85.54608,124.356804
480.5803,251.54523,85.54608,124.356804
483.4603,251.95667,85.54608,124.356804
482.22604,251.54523,85.54608,124.356804
481.8146,251.13379,85.54608,124.356804
481.40317,251.54523,85.54608,124.356804
481.8146,251.13379,85.54608,124.356804
481.40317,251.54523,85.54608,124.356804
480.99173,251.95667,85.54608,124.356804
480.5803,251.54523,85.54608,124.356804
483.4603,251.13379,85.54608,124.356804
482.22604,250.72235,85.54608,124.356804
481.8146,250.31091,85.54608,124.356804
481.40317,250.72235,85.54608,124.356804
521.3114,254.42517,85.54608,124.356804
528.1719,257.73392,83.72179,121.70486
530.9904,257.33127,83.72179,121.70486
532.27124,259.01703,81.93639,119.10947
532.6653,257.0467,81.93639,119.10947
533.8475,258.22888,81.93639,119.10947
534.2415,258.623,81.93639,119.10947
534.63556,259.01703,81.93639,119.10947
531.87714,257.83484,81.93639,119.10947
532.2712,259.01703,81.93639,119.10947
532.6652,257.0467,81.93639,119.10947
533.8474,257.4408,81.93639,119.10947
534.24146,257.83484,81.93639,119.10947
533.05927,259.01703,81.93639,119.10947
530.92633,255.65518,83.74924,121.74477
532.1347,256.86353,83.74924,121.74477
531.73193,257.2663,83.74924,121.74477
530.52356,254.44681,83.74924,121.74477
530.1208,256.46072,83.74924,121.74477
532.1347,256.05795,83.74924,121.74477
533.3431,256.46072,83.74924,121.74477
532.1347,256.05795,83.74924,121.74477
530.92633,257.2663,83.74924,121.74477
532.1347,254.44681,83.74924,121.74477
531.73193,256.46072,83.74924,121.74477
532.1347,256.8635,83.74924,121.74477
531.73193,257.26627,83.74924,121.74477
532.1347,255.25235,83.74924,121.74477
531.73193,255.65512,83.74924,121.74477
532.1347,256.0579,83.74924,121.74477
532.5375,256.46066,83.74924,121.74477
533.74585,255.25232,83.74924,121.74477
534.1486,255.65509,83.74924,121.74477
534.5514,256.05786,83.74924,121.74477
534.95416,256.46063,83.74924,121.74477
535.35693,255.25229,83.74924,121.74477
535.7597,255.65506,83.74924,121.74477
536.1625,256.05783,83.74924,121.74477
534.9541,257.26617,83.74924,121.74477
534.55133,254.44669,83.74924,121.74477
534.9541,255.65503,83.74924,121.74477
535.3569,256.0578,83.74924,121.74477
535.75964,256.46057,83.74924,121.74477
536.1624,255.25223,83.74924,121.74477
535.75964,255.655,83.74924,121.74477
536.1624,255.25223,83.74924,121.74477
535.75964,256.46057,83.74924,121.74477
536.968,256.0578,83.74924,121.74477
536.56525,257.26614,83.74924,121.74477
535.3569,256.0578,83.74924,121.74477
536.56525,256.46057,83.74924,121.74477
536.968,256.0578,83.74924,121.74477
537.3708,256.46057,83.74924,121.74477
536.1624,256.86334,83.74924,121.74477
534.95404,257.2661,83.74924,121.74477
536.1624,255.2522,83.74924,121.74477
536.5652,255.65497,83.74924,121.74477
536.96796,256.05774,83.74924,121.74477
537.3707,257.26608,83.74924,121.74477
536.16235,256.05774,83.74924,121.74477
538.1763,256.4605,83.74924,121.74477
538.57904,256.05774,83.74924,121.74477
538.1763,257.26608,83.74924,121.74477
537.7735,256.05774,83.74924,121.74477
538.9819,257.26608,83.74924,121.74477
540.19025,256.05774,83.74924,121.74477
540.593,256.4605,83.74924,121.74477
541.8014,255.25217,83.74924,121.74477
542.20416,255.65494,83.74924,121.74477
542.60693,255.25217,83.74924,121.74477
543.0097,254.8494,83.74924,121.74477
542.60693,256.05774,83.74924,121.74477
541.39856,256.4605,83.74924,121.74477
541.80133,256.05774,83.74924,121.74477
542.2041,256.4605,83.74924,121.74477
540.1902,255.25217,83.74924,121.74477
540.59296,255.65494,83.74924,121.74477
540.1902,256.86328,83.74924,121.74477
538.9818,256.4605,83.74924,121.74477
540.9957,256.05774,83.74924,121.74477
541.3985,256.4605,83.74924,121.74477
541.8013,255.25217,83.74924,121.74477
541.3985,255.65494,83.74924,121.74477
541.8013,256.86328,83.74924,121.74477
542.20404,257.26605,83.74924,121.74477
541.9324,258.9524,81.96326,119.14852
541.5382,258.5582,81.96326,119.14852
542.72076,258.9524,81.96326,119.14852
545.49445,259.84286,80.21536,116.60764
547.4234,260.22864,80.21536,116.60764
549.35236,259.0713,80.21536,116.60764
548.195,259.45706,80.21536,116.60764
550.8955,258.2997,80.21536,116.60764
548.195,258.6855,80.21536,116.60764
551.6671,257.52814,80.21536,116.60764
546.65186,259.45706,80.21536,116.60764
549.35236,258.2997,80.21536,116.60764
550.5097,257.91394,80.21536,116.60764
547.0376,259.84286,80.21536,116.60764
549.7381,258.68552,80.21536,116.60764
547.0376,259.84286,80.21536,116.60764
549.7381,257.91394,80.21536,116.60764
547.0376,259.0713,80.21536,116.60764
549.7381,258.68552,80.21536,116.60764
545.49445,259.84286,80.21536,116.60764
548.19495,259.4571,80.21536,116.60764
550.1239,258.29974,80.21536,116.60764
546.6518,259.4571,80.21536,116.60764
550.1239,258.29974,80.21536,116.60764
552.05286,257.1424,80.21536,116.60764
547.0376,259.8429,80.21536,116.60764
551.28125,257.91397,80.21536,116.60764
547.0376,259.8429,80.21536,116.60764
551.28125,257.91397,80.21536,116.60764
556.2268,258.04178,78.504745,114.12095
564.7061,256.71124,76.830605,111.68729
552.7385,258.92596,78.53048,114.15837
547.8286,260.8144,78.53048,114.15837
551.98315,259.68134,78.53048,114.15837
547.07324,261.56976,78.53048,114.15837
550.4724,260.4367,78.53048,114.15837
552.36084,259.30365,78.53048,114.15837
546.69556,261.19208,78.53048,114.15837
550.0947,260.05902,78.53048,114.15837
552.7385,258.1706,78.53048,114.15837
547.07324,260.05902,78.53048,114.15837
551.2278,258.92596,78.53048,114.15837
552.36084,258.54828,78.53048,114.15837
548.2063,260.4367,78.53048,114.15837
551.60547,259.30365,78.53048,114.15837
548.9617,260.4367,78.53048,114.15837
551.60547,259.30365,78.53048,114.15837
548.2063,260.4367,78.53048,114.15837
551.60547,258.54828,78.53048,114.15837
554.263,260.12958,76.8558,111.72391
548.71857,262.71698,76.8558,111.72391
551.30597,261.6081,76.8558,111.72391
553.1541,261.23846,76.8558,111.72391
549.82745,262.34735,76.8558,111.72391
552.41486,261.23846,76.8558,111.72391
555.00226,260.12958,76.8558,111.72391
549.4578,262.71698,76.8558,111.72391
552.7845,261.6081,76.8558,111.72391
553.8934,260.4992,76.8558,111.72391
549.0882,262.34735,76.8558,111.72391
552.41486,260.4992,76.8558,111.72391
553.52374,260.12958,76.8558,111.72391
551.6756,261.23846,76.8558,111.72391
552.7845,260.12958,76.8558,111.72391
550.1971,261.97772,76.8558,111.72391
552.0452,261.6081,76.8558,111.72391
553.8934,260.4992,76.8558,111.72391
549.0882,262.34735,76.8558,111.72391
551.6756,261.97772,76.8558,111.72391
552.7845,261.6081,76.8558,111.72391
549.4578,262.71698,76.8558,111.72391
552.0452,262.34735,76.8558,111.72391
553.1541,261.23846,76.8558,111.72391
549.0882,263.0866,76.8558,111.72391
551.6756,262.71698,76.8558,111.72391
553.52374,261.6081,76.8558,111.72391
550.93634,262.71698,76.8558,111.72391
552.7845,262.34735,76.8558,111.72391
550.1971,262.71698,76.8558,111.72391
551.30597,263.0866,76.8558,111.72391
551.6062,261.46716,78.55623,114.1958
551.984,261.08936,78.55623,114.1958
547.8281,262.22278,78.55623,114.1958
551.2284,261.84497,78.55623,114.1958
553.11743,260.71155,78.55623,114.1958
550.4728,261.84497,78.55623,114.1958
553.11743,260.71155,78.55623,114.1958
549.71716,261.84497,78.55623,114.1958
552.3618,261.46716,78.55623,114.1958
548.20593,262.6006,78.55623,114.1958
551.6062,261.46716,78.55623,114.1958
552.7396,260.33374,78.55623,114.1958
547.8281,261.46716,78.55623,114.1958
550.4728,261.08936,78.55623,114.1958
551.6062,259.95593,78.55623,114.1958
552.7396,259.57812,78.55623,114.1958
547.8281,262.22278,78.55623,114.1958
551.2284,261.08936,78.55623,114.1958
553.11743,259.20032,78.55623,114.1958
548.96155,261.08936,78.55623,114.1958
552.3618,259.95593,78.55623,114.1958
548.20593,261.08936,78.55623,114.1958
551.6062,260.71155,78.55623,114.1958
552.7396,259.57812,78.55623,114.1958
547.0725,262.22278,78.55623,114.1958
550.4728,261.84497,78.55623,114.1958
552.3618,260.71155,78.55623,114.1958
548.20593,261.08936,78.55623,114.1958
551.6062,259.95593,78.55623,114.1958
553.49524,258.0669,78.55623,114.1958
547.8281,260.71155,78.55623,114.1958
551.984,260.33374,78.55623,114.1958
548.58374,260.71155,78.55623,114.1958
552.7396,259.57812,78.55623,114.1958
547.8281,261.46716,78.55623,114.1958
551.984,260.33374,78.55623,114.1958
547.8281,260.71155,78.55623,114.1958
551.2284,260.33374,78.55623,114.1958
553.11743,259.20032,78.55623,114.1958
548.96155,261.08936,78.55623,114.1958
552.3618,259.20032,78.55623,114.1958
548.96155,260.33374,78.55623,114.1958
552.3618,259.20032,78.55623,114.1958
548.96155,260.33374,78.55623,114.1958
552.3618,259.20032,78.55623,114.1958
547.4503,260.33374,78.55623,114.1958
550.8506,259.95593,78.55623,114.1958
548.20593,260.33374,78.55623,114.1958
551.6062,259.20032,78.55623,114.1958
548.96155,260.33374,78.55623,114.1958
550.8506,259.20032,78.55623,114.1958
548.20593,260.33374,78.55623,114.1958
496.44626,256.17786,78.55623,114.1958
492.29037,256.55566,78.55623,114.1958
490.40134,256.93347,78.55623,114.1958
491.53476,255.80005,78.55623,114.1958
490.40134,256.93347,78.55623,114.1958
488.35638,254.49425,80.29429,116.72238
489.5149,254.10808,80.29429,116.72238
488.35638,256.03894,80.29429,116.72238
487.9702,255.65276,80.29429,116.72238
486.68134,253.15958,82.0708,119.30486
489.44434,252.76486,82.0708,119.30486
487.47076,253.15958,82.0708,119.30486
487.86548,253.55429,82.0708,119.30486
487.47076,253.15958,82.0708,119.30486
487.07605,253.55429,82.0708,119.30486
485.8919,253.15958,82.0708,119.30486
488.6549,252.76486,82.0708,119.30486
487.47076,252.37015,82.0708,119.30486
487.07605,251.97543,82.0708,119.30486
485.8919,253.94897,82.0708,119.30486
484.57452,250.58159,83.88662,121.94448
485.78485,249.37126,83.88662,121.94448
484.57452,250.58159,83.88662,121.94448
484.17108,250.17815,83.88662,121.94448
486.99518,249.7747,83.88662,121.94448
531.77747,254.2126,83.88662,121.94448
539.44293,252.19539,83.88662,121.94448
543.8808,251.79195,83.88662,121.94448
538.3485,252.5358,85.742615,124.6425
542.0598,251.29868,85.742615,124.6425
539.9979,251.71106,85.742615,124.6425
543.7092,249.6492,85.742615,124.6425
539.1732,253.36053,85.742615,124.6425
541.235,251.29868,85.742615,124.6425
538.3484,251.71106,85.742615,124.6425
541.235,250.47394,85.742615,124.6425
537.5237,253.36053,85.742615,124.6425
541.235,251.29868,85.742615,124.6425
538.3484,252.5358,85.742615,124.6425
542.0597,252.12341,85.742615,124.6425
539.9979,250.88629,85.742615,124.6425
543.7092,250.4739,85.742615,124.6425
539.1731,253.3605,85.742615,124.6425
542.8844,251.29865,85.742615,124.6425
539.1731,251.71103,85.742615,124.6425
541.235,250.4739,85.742615,124.6425
537.5237,254.18524,85.742615,124.6425
541.235,252.12338,85.742615,124.6425
538.3484,252.53577,85.742615,124.6425
542.0597,252.12338,85.742615,124.6425
539.9978,251.711,85.742615,124.6425
543.7091,252.12338,85.742615,124.6425
539.9978,252.53577,85.742615,124.6425
543.7091,252.12338,85.742615,124.6425
539.9978,252.53577,85.742615,124.6425
539.58545,253.77289,85.742615,124.6425
541.64734,251.71103,85.742615,124.6425
538.76074,252.12341,85.742615,124.6425
541.64734,251.71103,85.742615,124.6425
537.93604,252.94815,85.742615,124.6425
541.64734,251.71103,85.742615,124.6425
537.93604,252.94815,85.742615,124.6425
541.64734,251.71103,85.742615,124.6425
537.93604,252.94815,85.742615,124.6425
541.64734,251.71103,85.742615,124.6425
537.93604,253.77289,85.742615,124.6425
537.5237,252.53577,85.742615,124.6425
537.1113,254.59763,85.742615,124.6425
539.1731,253.3605,85.742615,124.6425
536.2865,254.59763,85.742615,124.6425
538.3484,253.3605,85.742615,124.6425
537.1112,253.77289,85.742615,124.6425
540.8225,251.71103,85.742615,124.6425
537.9359,253.77289,85.742615,124.6425
540.8225,252.53577,85.742615,124.6425
538.76074,255.42236,85.742615,124.6425
543.29675,253.3605,85.742615,124.6425
539.58545,255.42236,85.742615,124.6425
544.1216,253.3605,85.742615,124.6425
541.235,255.42236,85.742615,124.6425
547.3162,254.76405,83.91413,121.98447
544.4912,255.16762,83.91413,121.98447
548.1234,255.57118,83.91413,121.98447
545.2984,255.16762,83.91413,121.98447
544.89484,257.1855,83.91413,121.98447
544.4913,255.97478,83.91413,121.98447
543.2805,258.7998,83.91413,121.98447
542.87695,257.5891,83.91413,121.98447
541.6662,258.7998,83.91413,121.98447
545.2984,256.78192,83.91413,121.98447
541.6662,259.607,83.91413,121.98447
546.1055,255.97478,83.91413,121.98447
543.2805,258.7998,83.91413,121.98447
546.9127,256.78192,83.91413,121.98447
542.4734,257.99268,83.91413,121.98447
548.42505,258.90436,82.12463,119.38311
544.0804,259.29932,82.12463,119.38311
547.63513,259.69427,82.12463,119.38311
543.29047,259.29932,82.12463,119.38311
546.8452,259.69427,82.12463,119.38311
542.50055,258.50937,82.12463,119.38311
540.5257,260.48422,82.12463,119.38311
543.29047,257.71942,82.12463,119.38311
540.5257,259.69427,82.12463,119.38311
538.55084,257.71942,82.12463,119.38311
534.9961,259.69427,82.12463,119.38311
533.02124,257.71942,82.12463,119.38311
530.2565,259.69427,82.12463,119.38311
533.8112,257.71942,82.12463,119.38311
531.04645,260.48422,82.12463,119.38311
534.587,259.8537,80.3733,116.83723
529.5619,262.55954,80.3733,116.83723
530.72156,259.08063,80.3733,116.83723
528.01575,261.78647,80.3733,116.83723
531.4808,261.16937,78.65932,114.345634
529.58923,261.54767,78.65932,114.345634
531.4808,259.65616,78.65932,114.345634
527.31946,260.79108,78.65932,114.345634
529.211,259.65616,78.65932,114.345634
525.8063,260.79108,78.65932,114.345634
527.6978,260.41278,78.65932,114.345634
527.3195,259.27786,78.65932,114.345634
524.6714,261.16937,78.65932,114.345634
527.3195,259.27786,78.65932,114.345634
524.6714,261.16937,78.65932,114.345634
524.2931,259.27786,78.65932,114.345634
522.40155,260.41278,78.65932,114.345634
523.53644,259.27786,78.65932,114.345634
523.91473,260.41278,78.65932,114.345634
525.0496,257.76465,78.65932,114.345634
525.4279,258.89957,78.65932,114.345634
524.293,257.00806,78.65932,114.345634
525.4279,259.6562,78.65932,114.345634
525.0496,257.00806,78.65932,114.345634
525.4279,257.38635,78.65932,114.345634
522.7798,255.49484,78.65932,114.345634
523.9147,256.62976,78.65932,114.345634
524.29297,257.00806,78.65932,114.345634
522.4014,256.62976,78.65932,114.345634
523.5363,256.25146,78.65932,114.345634
523.158,258.14297,78.65932,114.345634
522.7797,256.25146,78.65932,114.345634
522.4014,258.14297,78.65932,114.345634
523.5363,258.52127,78.65932,114.345634
521.6448,255.87314,78.65932,114.345634
523.5363,259.27786,78.65932,114.345634
522.4014,257.38635,78.65932,114.345634
522.02313,255.49484,78.65932,114.345634
523.9147,258.14297,78.65932,114.345634
522.02313,257.00806,78.65932,114.345634
523.9147,257.38635,78.65932,114.345634
522.02313,256.25143,78.65932,114.345634
524.67126,257.38635,78.65932,114.345634
522.02313,255.49484,78.65932,114.345634
523.158,256.62976,78.65932,114.345634
522.02313,255.49484,78.65932,114.345634
523.158,255.87314,78.65932,114.345634
522.7797,257.00806,78.65932,114.345634
521.64484,256.62976,78.65932,114.345634
521.26654,255.49484,78.65932,114.345634
521.64484,255.11655,78.65932,114.345634
522.7797,257.00806,78.65932,114.345634
521.64484,255.87314,78.65932,114.345634
522.7797,255.49484,78.65932,114.345634
520.8882,255.11655,78.65932,114.345634
522.0231,255.49484,78.65932,114.345634
520.8882,254.35992,78.65932,114.345634
522.0231,255.49484,78.65932,114.345634
520.8882,254.35992,78.65932,114.345634
521.2665,255.49484,78.65932,114.345634
519.37494,255.11655,78.65932,114.345634
519.75323,256.25146,78.65932,114.345634
519.37494,255.11655,78.65932,114.345634
518.99664,254.73825,78.65932,114.345634
520.13153,255.11655,78.65932,114.345634
518.99664,253.98163,78.65932,114.345634
519.37494,254.35992,78.65932,114.345634
518.24005,253.225,78.65932,114.345634
518.61835,255.11652,78.65932,114.345634
518.99664,253.9816,78.65932,114.345634
520.13153,255.11652,78.65932,114.345634
519.75323,253.9816,78.65932,114.345634
519.37494,254.3599,78.65932,114.345634
518.99664,253.22498,78.65932,114.345634
520.13153,255.87311,78.65932,114.345634
519.75323,253.9816,78.65932,114.345634
519.37494,255.87311,78.65932,114.345634
518.99664,253.9816,78.65932,114.345634
519.37494,256.62973,78.65932,114.345634
518.24005,253.9816,78.65932,114.345634
519.37494,256.62973,78.65932,114.345634
519.75323,254.73822,78.65932,114.345634
520.8881,255.11652,78.65932,114.345634
521.2664,257.00803,78.65932,114.345634
520.8881,257.38632,78.65932,114.345634
521.2664,255.49481,78.65932,114.345634
521.6447,257.38632,78.65932,114.345634
522.7796,256.2514,78.65932,114.345634
523.1579,258.89954,78.65932,114.345634
523.5362,256.2514,78.65932,114.345634
523.1579,258.1429,78.65932,114.345634
524.2928,256.2514,78.65932,114.345634
522.40125,255.87311,78.65932,114.345634
523.53613,255.49481,78.65932,114.345634
519.9185,252.2674,80.39966,116.875534
523.39856,255.74747,80.39966,116.875534
523.0119,253.81409,80.39966,116.875534
524.17194,256.5208,80.39966,116.875534
524.5586,253.81409,80.39966,116.875534
520.86096,253.72469,82.1785,119.4614
523.62756,254.11992,82.1785,119.4614
520.0705,253.72469,82.1785,119.4614
522.04663,255.70082,82.1785,119.4614
520.86096,252.93422,82.1785,119.4614
522.04663,255.70082,82.1785,119.4614
519.28,252.93422,82.1785,119.4614
521.25616,256.49127,82.1785,119.4614
521.65137,253.72469,82.1785,119.4614
522.83704,255.70082,82.1785,119.4614
520.07043,252.93422,82.1785,119.4614
521.2561,257.28174,82.1785,119.4614
522.4418,254.51515,82.1785,119.4614
521.2561,257.28174,82.1785,119.4614
522.4418,254.51515,82.1785,119.4614
521.2561,256.49127,82.1785,119.4614
521.6513,254.51515,82.1785,119.4614
523.62744,258.0722,82.1785,119.4614
523.23224,256.09607,82.1785,119.4614
521.2561,257.28177,82.1785,119.4614
523.23224,255.30565,82.1785,119.4614
521.2561,254.91042,82.1785,119.4614
524.0227,258.46747,82.1785,119.4614
522.83704,255.70088,82.1785,119.4614
521.65137,257.677,82.1785,119.4614
524.41797,255.70088,82.1785,119.4614
523.2323,257.677,82.1785,119.4614
524.41797,255.70088,82.1785,119.4614
524.02277,257.677,82.1785,119.4614
522.8371,255.70088,82.1785,119.4614
524.81323,258.46747,82.1785,119.4614
522.8371,255.70088,82.1785,119.4614
524.81323,258.46747,82.1785,119.4614
523.62756,255.70088,82.1785,119.4614
524.81323,258.46747,82.1785,119.4614
523.62756,255.70088,82.1785,119.4614
524.81323,258.46747,82.1785,119.4614
524.418,255.70088,82.1785,119.4614
525.6037,257.677,82.1785,119.4614
525.2085,255.70088,82.1785,119.4614
523.23236,256.88657,82.1785,119.4614
525.2085,256.49133,82.1785,119.4614
524.0228,255.30565,82.1785,119.4614
525.2085,257.28177,82.1785,119.4614
525.6037,255.30565,82.1785,119.4614
526.78937,256.49133,82.1785,119.4614
527.97504,254.51521,82.1785,119.4614
525.9989,258.07227,82.1785,119.4614
527.97504,256.09613,82.1785,119.4614
525.20844,256.49136,82.1785,119.4614
527.97504,256.8866,82.1785,119.4614
529.1607,257.28183,82.1785,119.4614
527.97504,255.30571,82.1785,119.4614
525.9989,258.0723,82.1785,119.4614
527.97504,256.09616,82.1785,119.4614
526.78937,258.86276,82.1785,119.4614
528.7655,256.09616,82.1785,119.4614
527.57983,258.86276,82.1785,119.4614
527.18463,256.09616,82.1785,119.4614
527.57983,258.0723,82.1785,119.4614
526.39417,256.8866,82.1785,119.4614
527.57983,258.86273,82.1785,119.4614
524.81323,256.8866,82.1785,119.4614
527.57983,260.44366,82.1785,119.4614
524.81323,256.8866,82.1785,119.4614
527.57983,259.6532,82.1785,119.4614
524.81323,256.09613,82.1785,119.4614
525.9989,259.6532,82.1785,119.4614
523.2323,256.09613,82.1785,119.4614
525.9989,259.6532,82.1785,119.4614
524.02277,256.8866,82.1785,119.4614
525.9989,260.44366,82.1785,119.4614
524.02277,256.8866,82.1785,119.4614
525.9989,260.44366,82.1785,119.4614
525.6037,257.67706,82.1785,119.4614
525.9989,259.6532,82.1785,119.4614
524.02277,256.8866,82.1785,119.4614
525.9989,261.23413,82.1785,119.4614
524.02277,258.46753,82.1785,119.4614
525.20844,258.0723,82.1785,119.4614
523.2323,260.8389,82.1785,119.4614
525.9989,258.0723,82.1785,119.4614
524.81323,260.04843,82.1785,119.4614
526.78937,258.0723,82.1785,119.4614
524.81323,258.46753,82.1785,119.4614
527.57983,258.0723,82.1785,119.4614
525.6037,260.8389,82.1785,119.4614
525.2085,258.86276,82.1785,119.4614
524.8133,260.8389,82.1785,119.4614
526.7894,258.86276,82.1785,119.4614
524.8133,258.46753,82.1785,119.4614
527.5799,260.44366,82.1785,119.4614
524.8133,257.67706,82.1785,119.4614
527.5799,261.23413,82.1785,119.4614
525.60376,257.67706,82.1785,119.4614
527.5799,261.23413,82.1785,119.4614
525.60376,258.46753,82.1785,119.4614
527.5799,260.44366,82.1785,119.4614
525.60376,257.67706,82.1785,119.4614
528.37036,262.0246,82.1785,119.4614
526.3942,258.46753,82.1785,119.4614
527.5799,261.23413,82.1785,119.4614
526.3942,258.46753,82.1785,119.4614
528.37036,259.65323,82.1785,119.4614
525.60376,257.6771,82.1785,119.4614
528.37036,261.23416,82.1785,119.4614
526.3942,258.46756,82.1785,119.4614
528.37036,260.4437,82.1785,119.4614
527.1847,257.6771,82.1785,119.4614
528.37036,260.4437,82.1785,119.4614
526.3942,256.88663,82.1785,119.4614
528.37036,261.23416,82.1785,119.4614
525.60376,257.6771,82.1785,119.4614
529.1608,261.23416,82.1785,119.4614
525.60376,258.46756,82.1785,119.4614
527.5799,260.4437,82.1785,119.4614
524.8133,257.6771,82.1785,119.4614
528.37036,262.02463,82.1785,119.4614
525.60376,257.6771,82.1785,119.4614
527.5799,261.23416,82.1785,119.4614
524.8133,258.46756,82.1785,119.4614
527.5799,262.02463,82.1785,119.4614
524.8133,259.25803,82.1785,119.4614
527.5799,262.8151,82.1785,119.4614
525.60376,259.25803,82.1785,119.4614
527.5799,262.8151,82.1785,119.4614
526.3942,260.0485,82.1785,119.4614
526.7894,262.8151,82.1785,119.4614
527.18463,260.83896,82.1785,119.4614
524.418,259.65326,82.1785,119.4614
527.18463,263.21033,82.1785,119.4614
525.2085,260.44373,82.1785,119.4614
526.39417,262.41986,82.1785,119.4614
528.3703,260.44373,82.1785,119.4614
524.81323,259.25803,82.1785,119.4614
527.57983,263.60556,82.1785,119.4614
529.55597,260.0485,82.1785,119.4614
525.20844,263.60556,82.1785,119.4614
527.97504,260.83896,82.1785,119.4614
524.41797,262.02466,82.1785,119.4614
526.3941,261.62943,82.1785,119.4614
525.9989,262.02466,82.1785,119.4614
524.02277,261.62943,82.1785,119.4614
525.20844,261.2342,82.1785,119.4614
526.3941,264.79126,82.1785,119.4614
528.37024,262.02466,82.1785,119.4614
524.0227,260.83896,82.1785,119.4614
526.7893,264.39603,82.1785,119.4614
529.5559,261.62943,82.1785,119.4614
525.2084,260.44373,82.1785,119.4614
525.6036,264.0008,82.1785,119.4614
527.5797,262.02466,82.1785,119.4614
524.8131,261.62943,82.1785,119.4614
526.78925,262.02466,82.1785,119.4614
525.6036,264.0008,82.1785,119.4614
528.3702,262.02466,82.1785,119.4614
524.8131,263.21036,82.1785,119.4614
527.5797,262.02466,82.1785,119.4614
525.6036,264.79126,82.1785,119.4614
528.3702,262.02466,82.1785,119.4614
526.39404,264.0008,82.1785,119.4614
529.9511,262.02466,82.1785,119.4614
525.6036,263.21036,82.1785,119.4614
527.5797,262.02466,82.1785,119.4614
526.39404,264.79126,82.1785,119.4614
529.16064,262.02466,82.1785,119.4614
525.6036,263.21036,82.1785,119.4614
527.5797,261.23422,82.1785,119.4614
529.55585,264.7913,82.1785,119.4614
526.78925,261.23422,82.1785,119.4614
527.9749,265.58176,82.1785,119.4614
528.3701,262.0247,82.1785,119.4614
526.394,264.7913,82.1785,119.4614
529.1606,262.0247,82.1785,119.4614
526.394,264.7913,82.1785,119.4614
488.05676,250.9583,82.1785,119.4614
485.29016,249.7726,82.1785,119.4614
484.89496,248.5869,82.1785,119.4614
486.8711,248.19167,82.1785,119.4614
487.3664,253.6558,80.42602,116.91385
486.9796,250.9482,80.42602,116.91385
486.59283,250.56139,80.42602,116.91385
487.75323,250.17458,80.42602,116.91385
487.36646,250.56139,80.42602,116.91385
486.97968,250.17458,80.42602,116.91385
487.36646,251.33498,80.42602,116.91385
486.97968,250.17458,80.42602,116.91385
486.5929,249.78777,80.42602,116.91385
487.7533,249.40096,80.42602,116.91385
487.36652,250.56136,80.42602,116.91385
487.7533,248.62737,80.42602,116.91385
487.36652,249.01418,80.42602,116.91385
488.59686,254.3618,78.71091,114.42062
487.46118,251.71193,78.71091,114.42062
488.59686,250.57628,78.71091,114.42062
488.21832,252.46904,78.71091,114.42062
487.83978,250.57628,78.71091,114.42062
489.73254,252.46904,78.71091,114.42062
488.59686,251.33339,78.71091,114.42062
488.9754,250.95485,78.71091,114.42062
489.35394,253.60472,78.71091,114.42062
487.46118,251.71196,78.71091,114.42062
489.35394,250.57631,78.71091,114.42062
488.21826,253.22618,78.71091,114.42062
489.35394,252.09053,78.71091,114.42062
488.9754,251.71199,78.71091,114.42062
490.86816,251.33345,78.71091,114.42062
489.73248,250.95491,78.71091,114.42062
489.35394,253.60478,78.71091,114.42062
488.9754,251.71202,78.71091,114.42062
491.62524,251.33348,78.71091,114.42062
489.73248,250.19783,78.71091,114.42062
489.35394,253.60481,78.71091,114.42062
488.9754,251.71205,78.71091,114.42062
490.86816,250.5764,78.71091,114.42062
488.9754,253.22627,78.71091,114.42062
490.11108,251.33351,78.71091,114.42062
488.9754,250.95497,78.71091,114.42062
489.35394,253.60484,78.71091,114.42062
487.46118,251.71208,78.71091,114.42062
489.35394,250.57643,78.71091,114.42062
487.46118,253.2263,78.71091,114.42062
479.5116,248.30513,78.71091,114.42062
484.4328,207.80006,78.71091,114.42062
487.83978,190.00812,78.71091,114.42062
493.42236,185.75511,77.03237,111.98057
488.3421,187.20694,78.73671,114.45814
489.47815,188.34297,78.73671,114.45814
490.6142,184.93489,78.73671,114.45814
487.96344,187.58562,78.73671,114.45814
492.0879,184.79117,77.057625,112.01728
494.69553,187.05717,75.414345,109.62848
495.0582,187.41988,75.414345,109.62848
493.24472,187.78258,75.414345,109.62848
494.3328,188.14528,75.414345,109.62848
493.97012,187.05719,75.414345,109.62848
493.60745,187.41989,75.414345,109.62848
494.69553,188.50798,75.414345,109.62848
493.60745,187.41989,75.414345,109.62848
494.69553,188.50798,75.414345,109.62848
492.88205,187.41989,75.414345,109.62848
494.69553,189.23338,75.414345,109.62848
493.60745,186.6945,75.414345,109.62848
494.69553,187.7826,75.414345,109.62848
493.60745,185.9691,75.414345,109.62848
494.69553,187.7826,75.414345,109.62848
492.88205,185.9691,75.414345,109.62848
493.97012,187.7826,75.414345,109.62848
493.60745,188.1453,75.414345,109.62848
495.42093,188.508,75.414345,109.62848
493.60745,188.1453,75.414345,109.62848
495.42093,188.508,75.414345,109.62848
492.88205,187.4199,75.414345,109.62848
493.97012,188.508,75.414345,109.62848
494.3328,188.8707,75.414345,109.62848
493.24472,186.33182,75.414345,109.62848
495.0582,188.14531,75.414345,109.62848
493.97012,188.50801,75.414345,109.62848
494.3328,188.87071,75.414345,109.62848
494.69547,186.33183,75.414345,109.62848
495.05814,188.14532,75.414345,109.62848
493.24466,186.33183,75.414345,109.62848
494.33273,188.14532,75.414345,109.62848
494.6954,188.50803,75.414345,109.62848
495.05807,188.87073,75.414345,109.62848
492.5192,186.33185,75.414345,109.62848
495.05807,188.14534,75.414345,109.62848
493.2446,187.05725,75.414345,109.62848
494.33267,188.14534,75.414345,109.62848
493.97,187.05725,75.414345,109.62848
492.88193,188.14534,75.414345,109.62848
493.2446,188.50804,75.414345,109.62848
493.60727,188.87074,75.414345,109.62848
493.2446,186.33186,75.414345,109.62848
493.60727,188.14536,75.414345,109.62848
493.96994,188.50806,75.414345,109.62848
493.60727,188.14536,75.414345,109.62848
493.96994,187.78265,75.414345,109.62848
492.88187,185.96916,75.414345,109.62848
493.24454,187.05725,75.414345,109.62848
493.6072,188.14534,75.414345,109.62848
493.96988,188.50804,75.414345,109.62848
493.6072,188.87074,75.414345,109.62848
493.96988,187.78265,75.414345,109.62848
493.6072,188.14536,75.414345,109.62848
493.96988,189.23344,75.414345,109.62848
492.8818,188.14536,75.414345,109.62848
492.51913,189.23344,75.414345,109.62848
493.6072,189.59615,75.414345,109.62848
493.96988,189.95885,75.414345,109.62848
490.7056,187.41997,75.414345,109.62848
493.96988,189.95885,75.414345,109.62848
490.7056,187.41997,75.414345,109.62848
493.24448,189.95885,75.414345,109.62848
489.9802,187.41997,75.414345,109.62848
492.51907,189.95885,75.414345,109.62848
493.60715,190.32155,75.414345,109.62848
490.34286,187.78267,75.414345,109.62848
492.88174,189.59616,75.414345,109.62848
491.79367,189.95886,75.414345,109.62848
498.6849,256.33252,75.414345,109.62848
501.2238,261.77298,75.414345,109.62848
500.1357,261.41028,75.414345,109.62848
499.04764,261.77298,75.414345,109.62848
497.08447,259.4313,77.082886,112.05401
495.07788,257.8071,78.788345,114.5332
497.73035,257.42816,78.788345,114.5332
496.59357,257.04922,78.788345,114.5332
493.75626,255.38907,80.53154,117.06725
493.36893,256.551,80.53154,117.06725
496.0801,256.1637,80.53154,117.06725
494.91818,255.7764,80.53154,117.06725
493.75626,255.3891,80.53154,117.06725
492.59433,256.55103,80.53154,117.06725
495.3055,256.16373,80.53154,117.06725
494.1436,255.77643,80.53154,117.06725
493.75626,255.38913,80.53154,117.06725
491.65988,253.69226,82.3133,119.657364
490.47226,254.08813,82.3133,119.657364
490.86813,254.48401,82.3133,119.657364
490.47226,254.08813,82.3133,119.657364
491.65988,253.69226,82.3133,119.657364
491.264,254.08813,82.3133,119.657364
491.65988,254.48401,82.3133,119.657364
491.264,254.08813,82.3133,119.657364
491.65988,254.48401,82.3133,119.657364
490.47226,254.87988,82.3133,119.657364
490.0764,254.48401,82.3133,119.657364
492.05576,254.87988,82.3133,119.657364
490.86813,254.48401,82.3133,119.657364
487.90396,251.92812,84.13448,122.30479
489.1179,251.52348,84.13448,122.30479
487.0947,251.11885,84.13448,122.30479
485.88077,251.52348,84.13448,122.30479
483.69055,248.91106,85.99596,125.01078
480.59372,247.95723,87.89862,127.77664
484.39835,248.37996,87.89862,127.77664
481.43918,247.95723,87.89862,127.77664
479.32547,248.37996,87.89862,127.77664
481.43918,247.95723,87.89862,127.77664
480.171,249.22545,87.89862,127.77664
476.12848,246.49615,89.843376,130.6037
481.6677,248.3052,87.92744,127.818535
477.62384,245.575,89.87283,130.64651
479.78503,246.87169,89.87283,130.64651
477.62384,245.575,89.87283,130.64651
476.32715,246.00722,89.87283,130.64651
475.03046,245.575,89.87283,130.64651
477.19165,246.00722,89.87283,130.64651
473.05832,243.21661,91.86127,133.53706
472.61655,243.65842,91.86127,133.53706
473.05832,243.21661,91.86127,133.53706
472.61655,244.54199,91.86127,133.53706
472.17477,243.21661,91.86127,133.53706
473.50015,243.65842,91.86127,133.53706
479.1638,246.35977,89.9023,130.68935
476.13718,245.9274,89.9023,130.68935
481.68,247.73764,87.98511,127.90236
477.02527,247.31448,87.98511,127.90236
480.83368,247.73764,87.98511,127.90236
475.03107,245.00565,89.93178,130.7322
475.46356,243.7081,89.93178,130.7322
481.0082,246.35269,88.013954,127.94429
475.2037,245.37648,89.961266,130.77505
480.75012,247.18791,88.042816,127.98624
477.78607,247.61134,88.042816,127.98624
484.8468,248.56787,86.165276,125.25689
479.45953,248.15347,86.165276,125.25689
487.96735,252.285,84.327774,122.58575
481.88385,251.0683,84.327774,122.58575
490.99203,253.54813,82.52946,119.971565
488.2136,253.15121,82.52946,119.971565
485.43515,255.92963,82.52946,119.971565
482.6567,257.9142,82.52946,119.971565
484.64127,255.1358,82.52946,119.971565
481.86282,253.15121,82.52946,119.971565
485.4351,257.5173,82.52946,119.971565
483.45053,255.53271,82.52946,119.971565
484.64127,259.10498,82.52946,119.971565
481.069,255.53271,82.52946,119.971565
484.64127,257.5173,82.52946,119.971565
482.6567,254.73889,82.52946,119.971565
485.43515,259.10498,82.52946,119.971565
482.6567,255.53271,82.52946,119.971565
485.43515,259.10498,82.52946,119.971565
483.4506,255.53271,82.52946,119.971565
484.64133,258.31113,82.52946,119.971565
483.4506,253.94504,82.52946,119.971565
483.8475,258.31113,82.52946,119.971565
481.06906,253.94504,82.52946,119.971565
484.64133,258.31113,82.52946,119.971565
482.65677,253.94504,82.52946,119.971565
483.8475,259.10495,82.52946,119.971565
482.65677,254.73886,82.52946,119.971565
485.4352,259.89877,82.52946,119.971565
482.65677,255.53268,82.52946,119.971565
480.6722,253.5481,82.52946,119.971565
484.24448,257.91418,82.52946,119.971565
483.05374,253.5481,82.52946,119.971565
482.65683,257.12036,82.52946,119.971565
481.4661,253.5481,82.52946,119.971565
485.03836,257.91418,82.52946,119.971565
482.25992,253.5481,82.52946,119.971565
484.24448,257.91418,82.52946,119.971565
483.84756,254.34192,82.52946,119.971565
487.41983,257.91418,82.52946,119.971565
481.4661,253.5481,82.52946,119.971565
485.03836,258.708,82.52946,119.971565
480.67227,253.5481,82.52946,119.971565
485.03836,257.91418,82.52946,119.971565
481.4661,253.5481,82.52946,119.971565
485.03836,257.91418,82.52946,119.971565
481.4661,252.75427,82.52946,119.971565
484.24454,257.12036,82.52946,119.971565
481.4661,251.1666,82.52946,119.971565
483.45065,256.3265,82.52946,119.971565
482.25992,251.96042,82.52946,119.971565
485.03836,257.91418,82.52946,119.971565
482.25992,253.5481,82.52946,119.971565
485.03836,257.12036,82.52946,119.971565
482.25992,253.5481,82.52946,119.971565
485.03836,256.3265,82.52946,119.971565
482.25992,251.96042,82.52946,119.971565
485.83218,257.12033,82.52946,119.971565
480.67227,252.75424,82.52946,119.971565
484.24454,256.3265,82.52946,119.971565
482.25998,251.96042,82.52946,119.971565
486.62607,257.12033,82.52946,119.971565
482.25998,252.75424,82.52946,119.971565
485.83224,255.53265,82.52946,119.971565
480.67233,250.37274,82.52946,119.971565
485.03842,254.73883,82.52946,119.971565
479.8785,249.57892,82.52946,119.971565
484.2446,253.945,82.52946,119.971565
479.8785,249.57892,82.52946,119.971565
484.2446,253.945,82.52946,119.971565
479.0847,249.57892,82.52946,119.971565
483.45078,253.945,82.52946,119.971565
479.0847,248.7851,82.52946,119.971565
481.86313,253.945,82.52946,119.971565
478.29086,247.99124,82.52946,119.971565
481.0693,253.945,82.52946,119.971565
483.05386,251.1666,82.52946,119.971565
479.4816,247.59433,82.52946,119.971565
483.05386,254.34192,82.52946,119.971565
479.4816,249.182,82.52946,119.971565
483.8477,255.13577,82.52946,119.971565
479.4816,249.97586,82.52946,119.971565
483.8477,255.13577,82.52946,119.971565
479.4816,249.97586,82.52946,119.971565
483.8477,255.92963,82.52946,119.971565
480.27542,251.56354,82.52946,119.971565
485.43533,256.72345,82.52946,119.971565
481.06924,251.56354,82.52946,119.971565
486.22916,256.72345,82.52946,119.971565
481.86307,250.76968,82.52946,119.971565
485.43533,255.13577,82.52946,119.971565
480.27542,249.97586,82.52946,119.971565
484.6415,255.13577,82.52946,119.971565
481.06924,250.76968,82.52946,119.971565
485.43533,256.72345,82.52946,119.971565
481.06924,252.35736,82.52946,119.971565
484.6415,256.72345,82.52946,119.971565
482.65695,252.35736,82.52946,119.971565
485.4354,256.72345,82.52946,119.971565
481.0693,251.56354,82.52946,119.971565
485.4354,256.72345,82.52946,119.971565
481.0693,252.35736,82.52946,119.971565
485.4354,257.51727,82.52946,119.971565
481.0693,252.35736,82.52946,119.971565
485.4354,257.51727,82.52946,119.971565
481.86313,253.15118,82.52946,119.971565
484.64157,256.72345,82.52946,119.971565
481.0693,252.35736,82.52946,119.971565
485.4354,256.72345,82.52946,119.971565
481.86313,252.35736,82.52946,119.971565
485.4354,256.72345,82.52946,119.971565
481.0693,250.76968,82.52946,119.971565
484.64157,255.13577,82.52946,119.971565
480.27548,249.97586,82.52946,119.971565
485.4354,255.13577,82.52946,119.971565
480.27548,249.182,82.52946,119.971565
484.64157,254.34192,82.52946,119.971565
478.68784,248.38815,82.52946,119.971565
483.05392,253.54807,82.52946,119.971565
477.894,248.38815,82.52946,119.971565
483.05392,253.54807,82.52946,119.971565
477.894,248.38815,82.52946,119.971565
482.2601,253.54807,82.52946,119.971565
477.1002,248.38815,82.52946,119.971565
481.46628,252.75424,82.52946,119.971565
477.1002,247.59433,82.52946,119.971565
480.67245,252.75424,82.52946,119.971565
477.1002,248.38815,82.52946,119.971565
481.46628,252.75424,82.52946,119.971565
477.1002,248.38815,82.52946,119.971565
481.46628,253.54807,82.52946,119.971565
476.30637,248.38815,82.52946,119.971565
480.67245,254.34192,82.52946,119.971565
477.1002,249.182,82.52946,119.971565
482.2601,254.34192,82.52946,119.971565
477.894,249.182,82.52946,119.971565
475.11557,244.0221,82.52946,119.971565
478.68784,249.182,82.52946,119.971565
483.05392,254.34192,82.52946,119.971565
478.68784,249.182,82.52946,119.971565
476.70328,243.22824,82.52946,119.971565
480.27554,248.38815,82.52946,119.971565
478.291,252.75424,82.52946,119.971565
479.48172,249.18198,82.52946,119.971565
475.90945,243.22821,82.52946,119.971565
479.48172,248.38812,82.52946,119.971565
475.11563,243.22821,82.52946,119.971565
478.6879,248.38812,82.52946,119.971565
482.26016,254.34189,82.52946,119.971565
477.10025,249.18198,82.52946,119.971565
482.26016,254.34189,82.52946,119.971565
477.10025,249.18198,82.52946,119.971565
482.26016,254.34189,82.52946,119.971565
477.89407,249.18198,82.52946,119.971565
474.3218,243.22821,82.52946,119.971565
477.10025,248.38812,82.52946,119.971565
482.26016,255.13571,82.52946,119.971565
477.89407,249.9758,82.52946,119.971565
483.054,255.92957,82.52946,119.971565
478.6879,249.9758,82.52946,119.971565
483.8478,255.92957,82.52946,119.971565
478.6879,249.9758,82.52946,119.971565
483.054,255.92957,82.52946,119.971565
477.89407,249.9758,82.52946,119.971565
481.46634,255.92957,82.52946,119.971565
477.89407,250.76965,82.52946,119.971565
480.67252,256.72342,82.52946,119.971565
476.30643,251.5635,82.52946,119.971565
479.08487,257.51727,82.52946,119.971565
477.89413,253.15118,82.52946,119.971565
479.08487,249.57892,82.52946,119.971565
481.8633,256.3265,82.52946,119.971565
477.49722,252.75424,82.52946,119.971565
481.0695,257.91415,82.52946,119.971565
476.7034,253.54807,82.52946,119.971565
478.68796,249.9758,82.52946,119.971565
481.4664,255.92957,82.52946,119.971565
479.48184,251.56348,82.52946,119.971565
483.0541,256.7234,82.52946,119.971565
477.10037,251.56348,82.52946,119.971565
480.67264,257.51724,82.52946,119.971565
477.8942,253.15115,82.52946,119.971565
479.08493,249.57889,82.52946,119.971565
482.6572,255.53265,82.52946,119.971565
483.84793,251.96039,82.52946,119.971565
480.27567,255.53265,82.52946,119.971565
483.84793,251.16656,82.52946,119.971565
484.24484,256.32648,82.52946,119.971565
480.67258,251.16656,82.52946,119.971565
484.24484,256.32648,82.52946,119.971565
480.67258,251.16656,82.52946,119.971565
484.24484,256.32648,82.52946,119.971565
480.67258,251.16656,82.52946,119.971565
484.24484,256.32648,82.52946,119.971565
480.67258,251.16656,82.52946,119.971565
484.24484,255.53265,82.52946,119.971565
480.67258,250.37274,82.52946,119.971565
485.03867,255.53265,82.52946,119.971565
480.67258,250.37274,82.52946,119.971565
485.03867,255.53265,82.52946,119.971565
480.67258,249.57889,82.52946,119.971565
485.8325,255.53265,82.52946,119.971565
481.4664,250.37274,82.52946,119.971565
485.8325,256.3265,82.52946,119.971565
481.4664,251.1666,82.52946,119.971565
485.8325,257.12036,82.52946,119.971565
483.05405,252.75427,82.52946,119.971565
485.8325,256.32654,82.52946,119.971565
481.4664,251.16663,82.52946,119.971565
485.8325,257.1204,82.52946,119.971565
483.05405,252.7543,82.52946,119.971565
487.42014,256.32657,82.52946,119.971565
483.84787,251.96048,82.52946,119.971565
486.6263,256.32657,82.52946,119.971565
483.05405,251.96048,82.52946,119.971565
486.6263,257.1204,82.52946,119.971565
483.05405,252.7543,82.52946,119.971565
488.90744,252.8858,80.76949,117.41313
485.41135,250.94354,80.76949,117.41313
489.6843,255.21652,80.76949,117.41313
485.41135,250.16663,80.76949,117.41313
481.1384,246.67056,80.76949,117.41313
486.96518,252.49734,80.76949,117.41313
482.69223,248.22437,80.76949,117.41313
487.7421,253.27426,80.76949,117.41313
483.46915,249.00128,80.76949,117.41313
488.519,252.49734,80.76949,117.41313
484.24606,249.00128,80.76949,117.41313
488.519,253.27426,80.76949,117.41313
485.02292,251.332,80.76949,117.41313
489.29587,254.82806,80.76949,117.41313
484.246,249.77817,80.76949,117.41313
488.51895,254.05115,80.76949,117.41313
485.02286,250.55508,80.76949,117.41313
489.2958,254.05115,80.76949,117.41313
485.02286,250.55508,80.76949,117.41313
489.2958,254.05115,80.76949,117.41313
485.02286,249.77817,80.76949,117.41313
488.51895,252.49734,80.76949,117.41313
485.02286,250.55508,80.76949,117.41313
490.07272,254.05115,80.76949,117.41313
486.57663,250.55508,80.76949,117.41313
490.84958,254.82806,80.76949,117.41313
486.57663,250.55508,80.76949,117.41313
490.07272,254.82806,80.76949,117.41313
485.79977,250.55508,80.76949,117.41313
490.07272,254.82806,80.76949,117.41313
485.79977,250.55508,80.76949,117.41313
490.07272,254.82806,80.76949,117.41313
485.79977,250.55508,80.76949,117.41313
490.07272,254.82806,80.76949,117.41313
485.79977,250.55508,80.76949,117.41313
490.07272,254.82806,80.76949,117.41313
485.79977,250.55508,80.76949,117.41313
489.29587,254.05115,80.76949,117.41313
485.02292,249.77817,80.76949,117.41313
489.29587,251.72043,80.76949,117.41313
485.02292,247.44745,80.76949,117.41313
490.07278,252.49734,80.76949,117.41313
486.5767,249.00128,80.76949,117.41313
490.84964,253.27426,80.76949,117.41313
487.35355,249.7782,80.76949,117.41313
490.07272,253.27426,80.76949,117.41313
485.79977,249.00128,80.76949,117.41313
493.02597,253.62294,79.04706,114.90926
488.8441,249.44109,79.04706,114.90926
494.5466,254.38329,79.04706,114.90926
490.36472,250.96178,79.04706,114.90926
495.97113,256.2177,77.36136,112.458786
491.13434,252.86917,77.36136,112.458786
495.227,256.2177,77.36136,112.458786
491.13434,252.12503,77.36136,112.458786
495.227,255.47357,77.36136,112.458786
491.13434,252.12503,77.36136,112.458786
495.227,255.47357,77.36136,112.458786
491.13434,252.12503,77.36136,112.458786
495.227,255.47357,77.36136,112.458786
491.13434,251.38089,77.36136,112.458786
495.227,254.72943,77.36136,112.458786
491.13434,251.38089,77.36136,112.458786
495.97113,255.47357,77.36136,112.458786
491.87848,251.38089,77.36136,112.458786
495.22705,255.47357,77.36136,112.458786
492.62262,251.38089,77.36136,112.458786
496.71527,255.47357,77.36136,112.458786
493.3667,251.38089,77.36136,112.458786
496.71527,255.47357,77.36136,112.458786
494.11084,252.12503,77.36136,112.458786
497.4594,256.2177,77.36136,112.458786
494.85498,252.86917,77.36136,112.458786
498.20355,256.2177,77.36136,112.458786
494.85498,254.35739,77.36136,112.458786
498.20355,255.47357,77.36136,112.458786
494.85498,253.61325,77.36136,112.458786
498.20355,256.9618,77.36136,112.458786
494.85498,254.35736,77.36136,112.458786
498.20355,256.21768,77.36136,112.458786
495.59912,255.84561,77.36136,112.458786
498.9477,256.9618,77.36136,112.458786
494.85504,255.84561,77.36136,112.458786
498.9477,258.45004,77.36136,112.458786
495.59912,255.1015,77.36136,112.458786
499.69177,258.45004,77.36136,112.458786
496.3432,255.1015,77.36136,112.458786
501.11282,258.8109,75.7116,110.06057
497.10745,257.71854,75.7116,110.06057
500.3846,260.26743,75.7116,110.06057
496.37924,257.71854,75.7116,110.06057
495.28683,256.62616,75.7116,110.06057
500.65668,259.5545,74.09703,107.71349
496.7367,257.05997,74.09703,107.71349
499.94397,260.2672,74.09703,107.71349
496.024,256.34723,74.09703,107.71349
494.9549,258.12903,74.09703,107.71349
493.8858,256.34723,74.09703,107.71349
497.8058,257.41632,74.09703,107.71349
494.5985,256.34723,74.09703,107.71349
498.5185,258.84177,74.09703,107.71349
493.8858,255.63452,74.09703,107.71349
498.5185,258.84177,74.09703,107.71349
494.5985,257.05997,74.09703,107.71349
497.8058,260.2672,74.09703,107.71349
493.8858,255.63449,74.09703,107.71349
497.8058,258.12903,74.09703,107.71349
494.5985,256.34723,74.09703,107.71349
499.2312,259.55447,74.09703,107.71349
495.31122,257.05994,74.09703,107.71349
499.2312,260.97992,74.09703,107.71349
496.02393,257.77267,74.09703,107.71349
500.59232,261.32556,72.51689,105.41647
497.45346,258.1867,72.51689,105.41647
500.59232,262.02307,72.51689,105.41647
497.45346,258.88422,72.51689,105.41647
500.59232,262.72064,72.51689,105.41647
498.15097,260.2793,72.51689,105.41647
501.28983,263.41815,72.51689,105.41647
498.84848,261.67432,72.51689,105.41647
497.10464,260.62805,72.51689,105.41647
501.63858,263.7669,72.51689,105.41647
498.49973,262.02307,72.51689,105.41647
496.05838,260.2793,72.51689,105.41647
501.28983,264.11566,72.51689,105.41647
498.84848,261.67432,72.51689,105.41647
497.10464,261.32556,72.51689,105.41647
500.941,263.7669,72.51689,105.41647
498.49966,261.32556,72.51689,105.41647
496.05832,258.1867,72.51689,105.41647
501.28976,262.72064,72.51689,105.41647
498.1509,259.5818,72.51689,105.41647
496.40707,258.53546,72.51689,105.41647
499.54593,260.9768,72.51689,105.41647
497.10458,256.44293,72.51689,105.41647
500.24344,258.88428,72.51689,105.41647
497.8021,256.44293,72.51689,105.41647
497.45334,254.69911,72.51689,105.41647
497.10458,255.7454,72.51689,105.41647
500.24344,256.09418,72.51689,105.41647
497.10458,254.35036,72.51689,105.41647
499.54593,255.39665,72.51689,105.41647
497.10458,253.65285,72.51689,105.41647
496.75583,253.3041,72.51689,105.41647
496.40707,254.35039,72.51689,105.41647
494.66324,251.90904,72.51689,105.41647
497.8021,253.65285,72.51689,105.41647
494.66324,251.90904,72.51689,105.41647
494.31448,252.95534,72.51689,105.41647
493.26822,251.90904,72.51689,105.41647
496.40707,254.35039,72.51689,105.41647
493.96573,252.60658,72.51689,105.41647
497.10458,255.74544,72.51689,105.41647
493.96573,253.3041,72.51689,105.41647
496.40707,255.0479,72.51689,105.41647
493.26822,252.60655,72.51689,105.41647
495.70956,255.0479,72.51689,105.41647
492.5707,251.90904,72.51689,105.41647
496.40707,253.65285,72.51689,105.41647
492.5707,251.90904,72.51689,105.41647
491.52444,249.4677,72.51689,105.41647
495.3608,253.3041,72.51689,105.41647
492.91946,250.16524,72.51689,105.41647
491.8732,246.32884,72.51689,105.41647
496.40714,250.16524,72.51689,105.41647
493.26828,247.02638,72.51689,105.41647
489.20947,244.05101,74.12133,107.74881
493.13074,246.54637,74.12133,107.74881
487.5028,241.28607,75.76126,110.13275
490.7821,243.10791,75.76126,110.13275
486.04535,240.55734,75.76126,110.13275
484.2235,238.7355,75.76126,110.13275
488.23157,240.55734,75.76126,110.13275
484.2235,237.27805,75.76126,110.13275
486.03156,238.70592,77.43748,112.569435
482.6797,236.09892,77.43748,112.569435
485.28668,237.2162,77.43748,112.569435
481.9348,236.09892,77.43748,112.569435
485.28668,237.96107,77.43748,112.569435
480.9525,236.32939,79.15078,115.060036
483.6172,236.71007,79.15078,115.060036
481.71387,237.09074,79.15078,115.060036
479.81055,235.1874,79.15078,115.060036
484.75922,237.85207,79.15078,115.060036
482.09454,238.23274,79.15078,115.060036
479.42987,236.32939,79.15078,115.060036
484.37854,238.99406,79.15078,115.060036
482.47522,238.61339,79.15078,115.060036
486.66254,241.27806,79.15078,115.060036
483.99786,238.61339,79.15078,115.060036
487.4239,241.27806,79.15078,115.060036
484.75922,239.37471,79.15078,115.060036
488.94653,242.03938,79.15078,115.060036
485.5205,240.13603,79.15078,115.060036
488.18518,242.8007,79.15078,115.060036
485.5205,241.6587,79.15078,115.060036
488.94653,243.56206,79.15078,115.060036
487.0432,243.94273,79.15078,115.060036
489.7079,245.84608,79.15078,115.060036
487.80457,242.42009,79.15078,115.060036
490.46924,244.32344,79.15078,115.060036
488.56592,242.42009,79.15078,115.060036
489.70795,243.56209,79.15078,115.060036
487.04327,241.65874,79.15078,115.060036
490.4693,244.32341,79.15078,115.060036
487.80463,242.42006,79.15078,115.060036
491.23065,245.08473,79.15078,115.060036
490.08862,243.18138,79.15078,115.060036
492.7533,245.84605,79.15078,115.060036
490.84998,243.9427,79.15078,115.060036
491.992,245.84605,79.15078,115.060036
489.32733,243.18138,79.15078,115.060036
491.23065,245.08473,79.15078,115.060036
493.89532,245.46541,79.15078,115.060036
491.992,245.08473,79.15078,115.060036
490.84998,243.94273,79.15078,115.060036
493.51465,246.6074,79.15078,115.060036
491.61133,243.94273,79.15078,115.060036
495.03735,247.36873,79.15078,115.060036
491.61133,243.94273,79.15078,115.060036
494.276,247.36873,79.15078,115.060036
492.37268,245.46538,79.15078,115.060036
494.276,247.36873,79.15078,115.060036
492.37268,245.46538,79.15078,115.060036
494.276,248.13005,79.15078,115.060036
493.13397,246.2267,79.15078,115.060036
495.0373,248.89137,79.15078,115.060036
492.37262,246.98802,79.15078,115.060036
496.55994,248.89137,79.15078,115.060036
493.89526,246.2267,79.15078,115.060036
496.55994,248.89137,79.15078,115.060036
493.89526,246.98802,79.15078,115.060036
497.3213,248.89137,79.15078,115.060036
493.89526,246.2267,79.15078,115.060036
498.08258,249.6527,79.15078,115.060036
494.65656,246.2267,79.15078,115.060036
498.84387,249.6527,79.15078,115.060036
495.41785,246.2267,79.15078,115.060036
498.08252,249.6527,79.15078,115.060036
495.41785,246.98802,79.15078,115.060036
499.60516,251.17537,79.15078,115.060036
496.9405,246.98802,79.15078,115.060036
499.60516,250.41402,79.15078,115.060036
497.70184,249.27202,79.15078,115.060036
502.6505,252.69801,79.15078,115.060036
498.4632,248.51067,79.15078,115.060036
502.6505,252.69801,79.15078,115.060036
499.2245,249.27202,79.15078,115.060036
503.4118,253.45937,79.15078,115.060036
499.2245,249.27202,79.15078,115.060036
503.4118,252.69801,79.15078,115.060036
499.98578,249.27202,79.15078,115.060036
503.4118,253.45937,79.15078,115.060036
499.98578,249.27202,79.15078,115.060036
504.1731,253.45937,79.15078,115.060036
500.74707,250.03337,79.15078,115.060036
504.9344,253.45937,79.15078,115.060036
500.74707,250.7947,79.15078,115.060036
504.9344,254.98204,79.15078,115.060036
501.50836,251.55605,79.15078,115.060036
507.12213,256.08508,77.46287,112.606346
503.76917,253.47722,77.46287,112.606346
502.6515,254.59486,77.46287,112.606346
508.14554,257.59097,75.81095,110.20498
504.8641,255.03871,75.81095,110.20498
507.41635,258.32016,75.81095,110.20498
504.8641,255.7679,75.81095,110.20498
502.31186,254.67409,75.81095,110.20498
499.5818,251.56357,77.488266,112.643265
496.79135,249.93079,79.20269,115.1355
494.88675,251.83536,79.20269,115.1355
499.0768,250.6926,79.20269,115.1355
498.6959,249.54984,79.20269,115.1355
502.12418,249.16891,79.20269,115.1355
497.69116,249.08084,80.95505,117.68287
496.52313,248.6915,80.95505,117.68287
496.1338,248.30215,80.95505,117.68287
499.63788,247.91281,80.95505,117.68287
495.10684,246.207,82.74618,120.286606
493.913,248.19681,82.74618,120.286606
497.4946,247.00293,82.74618,120.286606
496.30075,246.60498,82.74618,120.286606
495.1069,246.20703,82.74618,120.286606
493.91306,246.60498,82.74618,120.286606
492.7192,246.20703,82.74618,120.286606
491.52536,245.80908,82.74618,120.286606
495.10696,247.00296,82.74618,120.286606
496.3008,246.60501,82.74618,120.286606
495.10696,246.20706,82.74618,120.286606
494.709,247.40094,82.74618,120.286606
497.49472,246.20706,82.74618,120.286606
496.30087,246.60501,82.74618,120.286606
495.90292,246.20706,82.74618,120.286606
501.77167,251.70897,80.98159,117.72146
499.82428,249.76161,80.98159,117.72146
498.65588,249.37215,80.98159,117.72146
502.94006,248.98268,80.98159,117.72146
501.92657,255.11804,79.25463,115.21101
506.8129,254.50955,77.5645,112.754105
504.94772,254.1365,77.5645,112.754105
506.85345,257.85562,75.910416,110.34959
505.75818,255.30006,75.910416,110.34959
503.93274,253.47466,75.910416,110.34959
