889.0,131.0,80.0,118.0
882.4046,140.69913,80.0,118.0
872.70544,145.74268,80.0,118.0
862.2304,151.56215,80.0,118.0
854.0831,146.5186,80.0,118.0
838.1766,148.45842,80.0,118.0
826.14966,152.72603,80.0,118.0
811.9817,152.62819,81.77,120.61075
795.8546,149.23683,83.579155,123.27926
781.66833,149.64215,83.579155,123.27926
769.914,151.66876,83.579155,123.27926
749.22485,147.36134,85.428345,126.00681
733.8961,149.4328,85.428345,126.00681
718.5674,148.18993,85.428345,126.00681
702.41003,149.4328,85.428345,126.00681
687.0813,150.67567,85.428345,126.00681
673.4097,153.5757,85.428345,126.00681
660.5667,158.96147,85.428345,126.00681
642.75226,154.40428,85.428345,126.00681
629.0807,158.13289,85.428345,126.00681
622.86633,163.51866,85.428345,126.00681
603.3947,161.4472,85.428345,126.00681
584.75165,150.26137,85.428345,126.00681
574.3944,142.38985,85.428345,126.00681
558.1347,129.75735,83.60656,123.31968
546.9114,120.52066,81.82362,120.68985
535.40393,111.39406,81.82362,120.68985
520.722,105.441925,81.82362,120.68985
509.21454,100.28342,81.82362,120.68985
498.50067,95.12491,81.82362,120.68985
486.7517,88.37998,80.07871,118.116104
480.49368,82.52752,78.37101,115.597244
473.63644,80.46314,76.69972,113.132095
463.5935,84.55471,76.69972,113.132095
457.59952,83.25139,75.06408,110.71952
453.5952,89.439865,75.06408,110.71952
448.1348,98.54057,75.06408,110.71952
442.67438,106.91322,75.06408,110.71952
441.5823,113.1017,75.06408,110.71952
438.30606,120.018234,75.06408,110.71952
436.48593,126.20671,75.06408,110.71952
433.93774,132.39519,75.06408,110.71952
432.1176,137.8556,75.06408,110.71952
428.84137,143.31602,75.06408,110.71952
422.6529,151.68867,75.06408,110.71952
426.73233,157.63974,76.72487,113.16919
437.95078,153.46692,75.088684,110.75582
444.14127,158.92912,75.088684,110.75582
451.06006,163.66304,75.088684,110.75582
457.97885,169.12524,75.088684,110.75582
464.16934,174.58745,75.088684,110.75582
470.23474,178.2253,73.4874,108.39392
476.17084,182.47256,71.92026,106.08239
480.70496,186.30916,71.92026,106.08239
487.3318,183.17012,71.92026,106.08239
499.53912,184.91403,71.92026,106.08239
511.74646,178.28717,71.92026,106.08239
522.9348,177.06506,70.386536,103.82015
530.78564,178.0891,70.386536,103.82015
541.3673,172.96893,70.386536,103.82015
550.343,169.79886,68.88552,101.606155
562.7034,171.46918,68.88552,101.606155
575.73193,166.45819,68.88552,101.606155
589.4286,163.45163,68.88552,101.606155
601.789,159.77692,68.88552,101.606155
615.48566,157.43845,68.88552,101.606155
627.4898,154.97995,67.41652,99.43938
643.0194,151.94363,65.97884,97.3188
656.1381,147.78406,65.97884,97.3188
664.55176,144.19568,64.57182,95.24345
681.14844,145.7614,64.57182,95.24345
692.1085,141.6905,64.57182,95.24345
704.32117,135.74075,64.57182,95.24345
715.90753,131.66986,64.57182,95.24345
720.60474,126.97269,64.57182,95.24345
726.5545,123.52809,64.57182,95.24345
733.13055,121.96237,64.57182,95.24345
735.99,116.035416,66.00047,97.35071
743.56177,110.64149,67.46073,99.50459
747.16046,106.388466,67.46073,99.50459
748.79626,100.17252,67.46073,99.50459
752.39496,94.61089,67.46073,99.50459
757.3023,89.70356,67.46073,99.50459
760.9685,80.11721,68.9533,101.70613
766.6532,72.42616,68.9533,101.70613
775.01306,70.754196,68.9533,101.70613
780.029,58.381638,68.9533,101.70613
795.9126,50.76381,67.48285,99.53722
802.1306,49.78202,67.48285,99.53722
803.76685,54.03643,67.48285,99.53722
801.32263,50.55855,68.97591,101.73948
790.28406,32.829884,68.97591,101.73948
782.5905,30.488361,68.97591,101.73948
777.573,32.160877,68.97591,101.73948
771.8865,39.185444,68.97591,101.73948
774.22797,43.533985,68.97591,101.73948
765.4829,39.979164,70.502,103.99046
761.03815,41.688683,70.502,103.99046
761.38007,37.927742,70.502,103.99046
756.9353,36.90203,70.502,103.99046
759.99384,36.363117,68.99852,101.772835
756.3131,36.028507,68.99852,101.772835
758.66144,41.306416,67.52711,99.6025
772.32275,47.734333,66.087074,97.47845
775.2072,51.25976,66.087074,97.47845
776.22076,58.78624,64.67775,95.39969
777.16174,66.62771,64.67775,95.39969
781.2393,75.723816,64.67775,95.39969
790.33545,84.19261,64.67775,95.39969
801.31354,95.17067,64.67775,95.39969
813.54626,108.030685,64.67775,95.39969
828.77637,121.61928,66.10874,97.51041
843.013,132.84755,67.571396,99.66782
847.9284,136.45216,67.571396,99.66782
848.2561,138.746,67.571396,99.66782
878.35046,141.38797,66.13042,97.54237
905.3301,138.40956,64.72017,95.46225
914.18823,142.75517,63.339993,93.42649
925.5536,145.51971,63.339993,93.42649
935.0759,144.5982,63.339993,93.42649
940.29785,143.06235,63.339993,93.42649
937.5333,139.06912,63.339993,93.42649
929.85406,129.54681,63.339993,93.42649
920.9461,116.95279,63.339993,93.42649
910.1951,105.58745,63.339993,93.42649
895.75806,92.99342,63.339993,93.42649
875.79193,78.556366,63.339993,93.42649
857.6688,63.50497,63.339993,93.42649
842.61743,45.996204,63.339993,93.42649
847.225,26.030064,63.339993,93.42649
861.66205,4.2208977,63.339993,93.42649
856.4401,-9.601814,63.339993,93.42649
851.8326,-21.581497,63.339993,93.42649
848.65906,-25.026356,61.989246,91.43414
852.5073,-26.659222,60.66731,89.48428
856.9205,-26.953432,60.66731,89.48428
852.7466,-25.148565,59.37356,87.576004
865.8684,-25.602417,58.107403,85.70842
878.16724,-42.343197,56.868244,83.88066
892.23236,-48.13471,56.868244,83.88066
914.57104,-49.51364,56.868244,83.88066
928.0846,-49.789425,56.868244,83.88066
930.56665,-53.92622,56.868244,83.88066
945.73486,-48.68628,56.868244,83.88066
951.9234,-44.867893,55.65551,82.09188
948.4146,-47.836845,55.65551,82.09188
962.79596,-44.620186,54.46864,80.34125
954.97485,-42.99973,53.30708,78.627945
958.78253,-43.407207,52.170288,76.95118
995.974,-42.142193,52.170288,76.95118
992.68494,-52.515324,52.170288,76.95118
992.43195,-52.26232,52.170288,76.95118
988.1309,-51.50331,52.170288,76.95118
984.84186,-52.26232,52.170288,76.95118
982.5648,-52.009315,52.170288,76.95118
973.7097,-51.756313,52.170288,76.95118
961.81854,-51.50331,52.170288,76.95118
950.4334,-49.73229,52.170288,76.95118
943.819,-52.945976,53.324554,78.653725
942.0088,-51.652973,53.324554,78.653725
933.355,-51.063572,52.187393,76.97641
929.0525,-51.316658,52.187393,76.97641
931.33026,-52.58209,52.187393,76.97641
934.62036,-52.329002,52.187393,76.97641
929.8117,-53.08826,52.187393,76.97641
931.5833,-51.82283,52.187393,76.97641
934.8734,-53.594433,52.187393,76.97641
938.6011,-51.06609,51.074482,75.33486
937.26514,-54.21228,52.204506,77.00165
932.96124,-56.4908,52.204506,77.00165
936.6901,-44.200893,51.09123,75.359566
932.2197,-33.128334,50.001694,73.7525
903.36383,-36.76563,50.001694,73.7525
870.6282,-42.342815,50.001694,73.7525
859.7163,-40.16044,50.001694,73.7525
859.5483,-37.270546,48.935394,72.17971
857.0965,-25.292774,47.89183,70.64046
840.8177,-20.286222,46.87052,69.134026
837.1548,-21.520844,45.870995,67.65972
831.8547,-18.869686,44.89278,66.21686
820.7921,-13.756971,43.93543,64.80476
842.7381,-9.708685,43.93543,64.80476
860.1578,1.2904701,44.9075,66.23857
802.01,-11.994221,44.9075,66.23857
825.3127,-6.549675,44.9075,66.23857
806.8012,-10.251966,44.9075,66.23857
818.77924,2.1615982,44.9075,66.23857
800.88434,-0.6047058,45.90108,67.7041
763.2649,-6.16971,45.90108,67.7041
734.10425,-5.947109,45.90108,67.7041
736.55286,-4.3889084,45.90108,67.7041
740.33704,-5.5019093,45.90108,67.7041
744.56647,-4.3889084,45.90108,67.7041
748.35065,-2.3855057,45.90108,67.7041
752.5801,-2.1629047,45.90108,67.7041
762.46497,-5.4523067,46.91664,69.20206
766.78796,-4.31468,46.91664,69.20206
776.1165,-1.8119049,46.91664,69.20206
767.69806,-5.224781,46.91664,69.20206
770.6559,-7.2725086,46.91664,69.20206
774.9789,-10.230337,46.91664,69.20206
790.6781,-15.918468,46.91664,69.20206
787.0116,-23.733349,45.91613,67.7263
762.74023,-39.543144,45.91613,67.7263
761.1815,-46.00067,45.91613,67.7263
759.5185,-48.367058,46.932026,69.22475
759.3608,-47.40956,45.931187,67.748505
760.06525,-46.0431,44.95169,66.30375
762.0558,-47.455097,45.946247,67.77072
770.56335,-47.048935,46.962807,69.27015
779.2591,-48.524105,48.001858,70.80275
788.07275,-47.09604,46.978203,69.29286
791.0345,-48.235157,46.978203,69.29286
791.3158,-46.837543,45.97638,67.81517
789.755,-47.06051,45.97638,67.81517
789.1707,-45.6927,44.99592,66.36899
791.1633,-46.653297,45.99145,67.8374
791.83246,-46.43026,45.99145,67.8374
789.379,-46.207222,45.99145,67.8374
790.9529,-48.114685,47.00901,69.3383
792.0928,-46.97482,47.00901,69.3383
789.9171,-48.45144,48.049084,70.87241
786.8879,-49.150494,48.049084,70.87241
783.697,-50.176277,49.11217,72.44047
781.55347,-50.414448,49.11217,72.44047
771.8674,-51.95713,50.198776,74.04321
762.86,-51.226807,50.198776,74.04321
752.45435,-52.803623,51.309425,75.68142
742.33484,-53.89901,52.444645,77.35587
732.5192,-54.49089,53.604984,79.067375
727.3411,-57.25354,54.790993,80.81674
726.13257,-55.62349,53.62256,79.0933
725.3524,-54.843353,53.62256,79.0933
720.41156,-54.583305,53.62256,79.0933
711.30994,-54.32326,53.62256,79.0933
705.5906,-57.086815,54.808956,80.84324
696.69586,-54.431465,53.64014,79.11923
687.1962,-56.65615,54.826927,80.86974
677.7861,-54.512486,53.657726,79.14517
667.2034,-57.27785,54.844902,80.896255
659.3283,-54.620758,53.67532,79.17112
656.46497,-52.798645,53.67532,79.17112
654.77924,-53.20894,52.530678,77.48277
651.46747,-53.97319,52.530678,77.48277
647.979,-55.09465,53.69292,79.19708
650.3567,-56.781223,54.88088,80.94932
646.8968,-54.918186,54.88088,80.94932
637.0493,-56.248924,54.88088,80.94932
616.5559,-53.321293,54.88088,80.94932
607.94104,-54.492924,56.09512,82.74032
606.17926,-53.872894,54.898872,80.97585
615.23285,-54.29254,53.728138,79.249016
616.53076,-54.898903,54.916874,81.0024
626.1007,-54.2919,53.745754,79.275
626.8582,-55.980133,54.93488,81.02896
631.50214,-57.70572,56.150314,82.821724
632.2936,-58.90445,57.39264,84.65415
634.2418,-57.512802,57.39264,84.65415
640.64343,-58.347786,57.39264,84.65415
643.18494,-58.417973,58.662453,86.52712
641.891,-58.866386,57.411457,84.68191
643.845,-56.621666,56.18714,82.87604
644.6624,-57.439117,56.18714,82.87604
645.45435,-58.638634,57.430283,84.70967
646.2638,-59.864693,58.700928,86.58387
646.5005,-61.708572,59.999687,88.499535
644.9311,-63.593246,61.32718,90.45759
642.84924,-61.511375,61.32718,90.45759
653.2586,-61.213966,61.32718,90.45759
664.8576,-62.106197,61.32718,90.45759
669.9136,-61.808784,61.32718,90.45759
679.41766,-63.73516,62.684044,92.45896
684.0859,-65.07338,64.07093,94.504616
687.5037,-66.00552,64.07093,94.504616
687.1173,-66.728615,65.4885,96.59553
688.0404,-68.785706,66.93744,98.732704
686.9631,-70.21472,68.41843,100.91717
689.9929,-71.67537,69.93218,103.14996
693.72345,-69.301384,69.93218,103.14996
695.4191,-70.997086,69.93218,103.14996
692.1825,-72.49004,71.47943,105.43216
691.75134,-74.73531,73.06091,107.76485
694.2515,-77.030266,74.67738,110.14915
696.7866,-75.2195,74.67738,110.14915
697.8392,-77.56523,76.32962,112.5862
698.94965,-78.67572,76.32962,112.5862
700.02545,-80.30525,78.01841,115.07716
701.22205,-77.25483,76.354645,112.62311
705.2952,-78.36569,76.354645,112.62311
708.67645,-80.7641,78.04399,115.11489
711.3326,-77.71267,76.37968,112.660034
713.18463,-78.8239,76.37968,112.660034
715.0297,-81.22309,78.06958,115.15263
717.68677,-78.9005,76.404724,112.69697
719.5728,-76.62744,74.77537,110.29367
722.13165,-79.7287,76.42977,112.73392
727.5909,-77.454895,74.79988,110.329834
728.7381,-74.530304,73.20475,107.97702
726.82324,-76.82977,74.8244,110.36601
729.3838,-76.92128,76.47989,112.80786
727.5293,-78.033966,76.47989,112.80786
724.7592,-79.6667,78.172005,115.303734
718.7813,-82.1222,79.90156,117.85483
722.3196,-83.82799,81.66938,120.462364
729.8447,-81.84768,81.66938,120.462364
731.825,-82.243744,81.66938,120.462364
736.9738,-77.09495,81.66938,120.462364
802.3597,-67.03036,79.92776,117.89347
823.6785,-35.633553,79.92776,117.89347
834.9194,-18.96611,79.92776,117.89347
818.25195,0.8022461,79.92776,117.89347
823.21387,44.27663,78.223274,115.37936
826.628,83.34956,78.223274,115.37936
831.5595,102.69635,78.223274,115.37936
834.97363,133.42361,78.223274,115.37936
842.1813,159.59868,78.223274,115.37936
852.15625,178.74516,76.55514,112.91885
868.3597,196.76765,74.92258,110.510826
886.16345,210.938,74.92258,110.510826
898.88043,219.29488,74.92258,110.510826
902.8772,226.19838,74.92258,110.510826
918.5009,230.92183,74.92258,110.510826
943.57153,236.37196,74.92258,110.510826
969.2353,238.60094,73.32483,108.15415
1007.28375,241.0901,73.32483,108.15415
1054.3356,249.44089,71.761154,105.84773
1095.0527,254.66104,71.761154,105.84773
1155.8602,268.20062,70.23083,103.5905
1206.3206,263.1677,71.78468,105.88244
1215.0237,170.21844,71.78468,105.88244
1126.1995,109.272224,70.25385,103.624466
1160.1156,97.57007,68.75567,101.41464
1214.4656,93.90228,68.75567,101.41464
1215.4347,0.41469193,70.276886,103.65844
1204.1879,-27.191109,70.276886,103.65844
1209.8645,-32.984207,68.77821,101.44789
1223.7789,-39.29674,67.3115,99.284485
1227.9576,-46.73319,65.87606,97.16721
1201.8707,36.51835,64.47124,95.09509
1222.1462,35.422817,63.096367,93.06716
1228.572,29.609005,63.096367,93.06716
1161.7059,62.158867,61.750816,91.08247
1174.7759,66.3051,60.43396,89.140114
1187.567,70.92787,59.145187,87.239174
1201.7444,66.605316,57.8839,85.37877
1231.2191,70.25457,57.8839,85.37877
1251.711,73.903824,57.8839,85.37877
1255.9218,71.37742,57.8839,85.37877
1260.1324,69.97386,57.8839,85.37877
1265.466,67.44746,57.8839,85.37877
1237.114,68.28959,57.8839,85.37877
1193.0791,72.296135,59.16458,87.26778
1197.9568,66.844604,59.16458,87.26778
1220.2238,53.67424,60.4736,89.19858
1221.6847,49.94907,61.811577,91.1721
1153.0398,44.253643,61.811577,91.1721
1175.5217,39.75725,61.811577,91.1721
1197.5409,33.46166,63.179157,93.18928
1227.4509,35.93189,61.831844,91.20199
1226.087,3.667122,60.51326,89.25708
1232.6721,-8.675388,59.222797,87.353645
1194.8251,-32.381294,57.959854,85.4908
1208.598,-34.911015,57.959854,85.4908
1216.1871,-39.127216,57.959854,85.4908
1220.9655,-35.473175,57.959854,85.4908
1226.306,-29.008333,57.959854,85.4908
1186.5569,-16.44719,56.723843,83.66768
1205.5378,-18.372791,56.723843,83.66768
1223.377,-15.094383,55.51419,81.88344
1229.9371,-17.075668,54.330334,80.13725
1226.1992,-15.459326,53.171722,78.4283
1232.13,-15.201466,53.171722,78.4283
1233.935,-14.427887,53.171722,78.4283
1190.3568,6.4587517,53.171722,78.4283
1202.992,11.358086,53.171722,78.4283
1222.3314,9.03735,53.171722,78.4283
1239.0923,-10.817848,53.171722,78.4283
1167.0736,-14.093227,54.34815,80.16353
1149.1083,-14.000587,53.18916,78.45402
1170.0017,-2.393097,53.18916,78.45402
1215.6578,-16.580032,53.18916,78.45402
1241.7102,-20.965084,53.18916,78.45402
1262.0878,-3.6828194,53.18916,78.45402
1268.5364,-0.32954407,53.18916,78.45402
1274.3246,-5.211296,52.054886,76.78096
1265.9939,-8.9979515,52.054886,76.78096
1264.7317,-7.735733,52.054886,76.78096
1260.6637,-12.026747,50.9448,75.143585
1266.5082,-10.03845,52.071957,76.80614
1202.0759,31.428112,50.961506,75.16822
1136.0892,-1.935936,50.961506,75.16822
1133.865,3.74831,50.961506,75.16822
1108.4094,-5.3959103,50.961506,75.16822
1109.6405,-3.4069595,52.089027,76.831314
1113.4297,-6.690878,52.089027,76.831314
1126.2197,-2.5612679,53.241497,78.531204
1121.8303,-7.983427,53.241497,78.531204
1111.199,-8.390406,52.106106,76.85651
1100.8386,0.9591942,52.106106,76.85651
1091.489,3.7388039,52.106106,76.85651
1088.7094,6.5184135,52.106106,76.85651
1080.8759,15.868015,52.106106,76.85651
1076.804,28.134754,50.994926,75.21752
1073.0944,44.20946,50.994926,75.21752
1068.8903,53.854282,50.994926,75.21752
1066.1699,64.982925,50.994926,75.21752
1047.8828,35.512653,49.907444,73.61349
1052.4813,39.143093,49.907444,73.61349
1051.7552,12.76189,49.907444,73.61349
1066.5205,14.709702,51.011646,75.24219
1086.0638,25.841995,51.011646,75.24219
1112.0392,30.542297,51.011646,75.24219
1144.4465,36.726906,51.011646,75.24219
1172.401,42.911514,51.011646,75.24219
1205.7979,42.169365,51.011646,75.24219
1231.7732,33.016144,51.011646,75.24219
1242.7587,43.73353,52.140278,76.90692
1260.2058,46.51496,52.140278,76.90692
1266.1875,48.025238,53.29388,78.60849
1267.4797,49.834404,53.29388,78.60849
1269.8058,50.092857,53.29388,78.60849
1274.1995,51.385117,53.29388,78.60849
1269.2888,52.160477,53.29388,78.60849
1273.6825,53.969643,53.29388,78.60849
1270.0159,56.05337,52.15737,76.93214
1270.3282,55.65468,51.0451,75.291534
1273.0513,56.397316,51.0451,75.291534
1270.4938,58.393116,49.95655,73.68592
1213.3868,-9.533167,51.06184,75.31622
1232.7867,-9.446129,49.97293,73.71008
1165.1007,0.047286987,51.078583,75.34092
1177.7339,2.2766685,51.078583,75.34092
1215.138,-1.9343834,51.078583,75.34092
1228.2665,-13.5767,51.078583,75.34092
1196.312,-9.861067,51.078583,75.34092
1200.6299,-12.493511,52.2087,77.007835
1212.3986,-17.811039,53.363815,78.71163
1216.3727,-24.3202,54.54449,80.453125
1217.1663,-28.287956,54.54449,80.453125
1216.3727,-31.726677,54.54449,80.453125
1204.9984,-36.223465,54.54449,80.453125
1196.6565,-39.699875,53.381313,78.737434
1170.5271,-32.622345,52.24294,77.058334
1166.9327,1.654438,51.12884,75.41504
1155.2789,2.8941994,51.12884,75.41504
1167.9246,-0.8250885,51.12884,75.41504
1232.2802,-6.951689,50.0385,73.80679
1213.595,-18.356941,50.0385,73.80679
1233.5417,-12.658194,48.971416,72.23284
1230.7825,-7.790163,50.05491,73.83099
1231.9917,-29.006561,51.162373,75.46451
1228.594,-11.049763,52.29434,77.13416
1231.3837,-6.2312717,52.29434,77.13416
1233.1635,-2.2311172,51.179146,75.48925
1231.8248,-4.868744,52.311485,77.15945
1234.6677,-5.459118,53.468876,78.8666
1231.2969,4.13501,53.468876,78.8666
1227.2081,6.759865,54.651875,80.61153
1227.5354,-3.365303,53.48641,78.89246
1225.7197,-7.25609,53.48641,78.89246
1228.0402,-9.165003,52.345795,77.21006
1230.8004,-11.522564,51.229504,75.56353
1239.2489,-9.04063,50.13702,73.95212
1230.7389,10.1676445,50.13702,73.95212
1231.9546,4.089077,50.13702,73.95212
1232.2548,-4.7309303,49.067833,72.37507
1230.255,-6.4821453,48.021446,70.83165
1228.6249,-9.509626,48.021446,70.83165
1226.4023,-11.018051,49.08392,72.3988
1231.8772,-10.303944,49.08392,72.3988
1233.5479,-8.843683,48.03719,70.85487
1230.9854,-6.7470474,48.03719,70.85487
1235.4116,-9.77552,48.03719,70.85487
1234.352,-11.040873,47.012783,69.34387
1224.1337,-13.463778,48.05294,70.878105
1162.3792,-16.493244,48.05294,70.878105
1187.7174,-48.949818,49.11611,72.44628
1180.2058,-49.784424,48.068695,70.901344
1179.0403,-51.88244,48.068695,70.901344
1180.2058,-54.44667,48.068695,70.901344
1170.182,-54.679787,48.068695,70.901344
1173.166,-50.10412,47.043617,69.38935
1176.1318,-51.701103,47.043617,69.38935
1174.428,-50.81185,48.084457,70.92459
1172.0188,-50.729885,47.05904,69.4121
1167.9465,-52.208076,48.10022,70.947845
1167.1724,-53.234947,49.164436,72.51756
1166.934,-53.473373,49.164436,72.51756
1164.1638,-55.512436,50.2522,74.12202
1163.3551,-56.58525,51.364033,75.76196
1166.1465,-56.131195,52.50046,77.438194
1167.9287,-55.87659,52.50046,77.438194
1172.257,-56.131195,52.50046,77.438194
1175.0254,-55.060097,51.380875,75.786804
1178.8518,-54.605896,52.517677,77.463585
1178.5972,-53.332455,52.517677,77.463585
1177.8331,-52.059013,52.517677,77.463585
1177.0691,-53.84183,52.517677,77.463585
1174.7769,-52.56839,52.517677,77.463585
1244.7476,1.2720718,53.67963,79.17747
1253.3383,-0.55019,53.67963,79.17747
1256.2556,1.5448456,54.86729,80.92927
1259.2373,4.2383537,56.08123,82.719826
1253.2557,-0.34492493,57.32203,84.55
1263.7806,3.503933,56.09962,82.74695
1230.8616,-46.826935,56.09962,82.74695
1224.6042,-18.804884,56.09962,82.74695
1230.8616,-7.1063576,56.09962,82.74695
1169.1042,-6.29018,56.09962,82.74695
1218.891,-14.724001,56.09962,82.74695
1195.2219,-1.9372406,56.09962,82.74695
1223.244,-14.724001,56.09962,82.74695
1225.7283,-26.083046,57.340824,84.57773
1228.2676,-3.0726929,58.60949,86.44901
1231.906,3.6021843,57.359623,84.60546
1233.8582,-0.053649902,56.136414,82.80122
1234.7192,-9.404263,54.93929,81.03546
1236.0754,-14.960251,53.767693,79.30736
1234.8894,-16.879202,52.62108,77.616104
1234.2206,-14.821779,51.498917,75.960915
1233.4713,-17.569,51.498917,75.960915
1235.2241,-13.629692,50.40069,74.34103
1236.4683,-16.841997,49.32588,72.755684
1185.0383,-10.861771,49.32588,72.755684
1184.7991,-14.449905,49.32588,72.755684
1188.8656,-16.602787,49.32588,72.755684
1192.0426,-18.152184,50.417213,74.3654
1196.1991,-16.440672,50.417213,74.3654
1205.9276,-13.055435,49.342052,72.77954
1223.8741,-14.251873,49.342052,72.77954
1233.8564,-13.245211,48.289818,71.22749
1237.3057,-10.905695,47.26002,69.70854
1239.3684,-10.2181225,47.26002,69.70854
1240.0933,-7.9284973,46.252186,68.221985
1237.7759,-7.417265,45.265842,66.76713
1237.6238,-8.609617,44.300533,65.3433
1229.2451,-10.113485,44.300533,65.3433
1192.2373,-10.452118,43.355812,63.949833
1183.6168,-7.7187786,43.355812,63.949833
1140.1025,-15.751163,42.431236,62.586082
1082.6313,-16.65701,43.370026,63.9708
1054.658,-29.06623,43.370026,63.9708
995.91534,-29.555695,44.329586,65.386154
949.6948,-32.350426,44.329586,65.386154
921.9625,-31.705488,44.329586,65.386154
911.88135,-31.7597,45.31038,66.832825
855.8157,-13.891819,44.34412,65.40759
886.7582,-14.230785,43.398468,64.01276
908.1151,-10.911104,42.472984,62.647667
928.5067,-8.233423,42.472984,62.647667
964.5524,4.7430344,42.472984,62.647667
969.70184,15.659737,42.472984,62.647667
939.10034,7.0598106,43.4127,64.033745
917.03876,36.35474,42.48691,62.668205
925.3333,38.012936,43.426933,64.05474
866.5136,60.246758,44.387753,65.471954
901.63617,42.894035,43.44117,64.075745
910.4247,32.815277,42.514774,62.70931
886.3018,35.49559,42.514774,62.70931
837.8499,39.41298,42.514774,62.70931
796.82043,44.155075,42.514774,62.70931
755.3426,47.80461,41.608135,61.372013
719.5025,57.383743,42.528717,62.72987
677.3059,73.16626,43.469666,64.11777
640.4144,78.01487,43.469666,64.11777
604.7205,84.96057,44.43143,65.53637
585.6741,91.165726,45.414474,66.98636
577.96564,94.46933,45.414474,66.98636
580.3883,98.213425,45.414474,66.98636
589.25433,115.98084,46.41927,68.46843
562.8162,157.49689,47.446297,69.98329
562.5861,175.67429,47.446297,69.98329
616.198,165.32007,47.446297,69.98329
677.63306,154.04547,47.446297,69.98329
726.18286,142.77087,47.446297,69.98329
776.50586,130.29927,48.496044,71.53167
818.1821,124.383865,49.56902,73.11431
858.80774,120.778046,49.56902,73.11431
892.4275,116.22818,50.665733,74.731964
921.1752,114.016815,50.665733,74.731964
954.3456,111.80545,50.665733,74.731964
986.53314,112.05116,50.665733,74.731964
1021.91644,112.49904,51.786713,76.38541
1056.8254,114.257034,51.786713,76.38541
1091.232,122.042465,51.786713,76.38541
1128.4404,124.58475,52.932495,78.07543
1173.363,134.59604,52.932495,78.07543
1221.6797,154.47998,51.80369,76.410446
1226.8328,188.95287,50.698963,74.78097
1239.8638,201.49213,50.698963,74.78097
1257.3204,220.42397,50.698963,74.78097
1261.4158,237.09908,49.617794,73.18624
1272.2439,247.44594,49.617794,73.18624
1269.9474,263.36276,50.715588,74.80549
1273.1448,272.46286,50.715588,74.80549
1266.8108,275.8681,49.634064,73.210236
1267.0515,279.4787,49.634064,73.210236
1268.255,280.2008,49.634064,73.210236
1268.9772,277.55304,49.634064,73.210236
1269.6768,272.99722,50.732216,74.83001
1272.8751,269.3068,50.732216,74.83001
1271.5481,269.75525,51.854668,76.48563
1270.7937,270.0067,51.854668,76.48563
1241.8744,320.55273,51.854668,76.48563
1231.564,284.59216,51.854668,76.48563
1199.3953,311.82745,50.74885,74.854546
1133.684,377.5388,50.74885,74.854546
1117.1946,367.9405,50.74885,74.854546
1120.4633,373.4959,51.87167,76.510704
1120.7739,372.61447,50.76549,74.87909
1112.5354,359.8872,49.682903,73.28227
1101.2213,344.18015,48.6234,71.719505
1085.6029,333.80817,47.586494,70.19006
1070.3175,326.32657,46.571697,68.69324
1053.8303,321.58368,46.571697,68.69324
1041.3647,321.99536,47.602097,70.21307
1025.8978,324.9964,47.602097,70.21307
1014.1144,329.2493,48.655293,71.76654
1003.96826,337.0359,48.655293,71.76654
987.68726,346.7101,48.655293,71.76654
977.0692,354.9686,48.655293,71.76654
961.2601,364.64282,48.655293,71.76654
950.642,377.62045,48.655293,71.76654
934.361,390.12616,48.655293,71.76654
932.59875,402.30692,49.731792,73.35438
928.4987,414.1246,49.731792,73.35438
910.89276,425.9423,49.731792,73.35438
884.06934,430.8859,50.832108,74.97734
855.6294,433.89282,51.956768,76.636215
826.56024,434.3521,53.10631,78.331795
789.36633,438.02798,54.28129,80.06489
761.1996,442.50308,54.28129,80.06489
732.4685,447.89896,55.48226,81.83633
735.48376,407.6328,56.70981,83.64696
690.6558,409.0079,56.70981,83.64696
650.9382,412.36255,57.96451,85.49764
602.17566,425.124,59.246975,87.389275
570.85754,436.32956,59.246975,87.389275
537.11334,438.64188,60.557816,89.32276
523.3417,434.30212,61.897655,91.29903
511.6348,437.60406,61.897655,91.29903
499.32755,442.10672,61.897655,91.29903
493.02383,446.60938,61.897655,91.29903
472.31165,448.7106,61.897655,91.29903
458.80368,443.00723,61.897655,91.29903
445.29572,434.3021,61.897655,91.29903
434.18918,427.39804,61.897655,91.29903
430.2869,415.0908,61.897655,91.29903
428.18567,407.58636,61.897655,91.29903
426.68478,397.68054,61.897655,91.29903
422.57425,385.1475,63.26714,93.319016
387.17706,380.6136,64.66692,95.3837
378.7097,382.80884,64.66692,95.3837
380.90494,385.0041,64.66692,95.3837
386.73306,391.15976,63.287884,93.34961
393.7922,390.85284,63.287884,93.34961
399.14224,388.86487,64.688126,95.41497
407.6124,384.78665,64.688126,95.41497
414.2003,381.96326,64.688126,95.41497
420.97058,388.39365,66.11935,97.526024
427.06293,402.1816,66.11935,97.526024
435.3137,416.07306,67.58224,99.683784
443.5073,432.13254,67.58224,99.683784
451.0454,448.19202,67.58224,99.683784
464.48294,457.0411,67.58224,99.683784
470.0546,466.5457,67.58224,99.683784
473.6598,481.29416,67.58224,99.683784
481.1979,487.52133,67.58224,99.683784
494.2385,503.43146,66.14103,97.558
501.61588,510.1673,66.14103,97.558
514.12537,513.6956,66.14103,97.558
525.3518,514.01636,66.14103,97.558
534.40436,520.3123,64.73055,95.47755
546.64703,518.74274,64.73055,95.47755
555.12274,517.17316,64.73055,95.47755
566.7376,516.2314,64.73055,95.47755
573.32983,514.6618,64.73055,95.47755
580.54987,511.20874,64.73055,95.47755
595.9317,506.5,64.73055,95.47755
611.31354,499.90778,64.73055,95.47755
624.8119,497.08252,64.73055,95.47755
636.42676,493.62946,64.73055,95.47755
648.0416,490.1764,64.73055,95.47755
660.2843,488.6068,64.73055,95.47755
666.8765,486.40942,64.73055,95.47755
675.35223,484.21204,64.73055,95.47755
680.8242,478.92188,66.16272,97.58999
689.4874,474.10895,66.16272,97.58999
696.2255,468.6543,66.16272,97.58999
703.15015,457.25504,67.62657,99.74917
706.8254,449.00613,69.12281,101.956116
709.1719,446.65964,69.12281,101.956116
711.5184,442.97226,69.12281,101.956116
708.7013,425.64273,67.64874,99.78187
709.0294,419.40945,67.64874,99.78187
709.3574,417.11298,67.64874,99.78187
711.02734,419.75797,66.206116,97.65399
710.0642,422.6476,66.206116,97.65399
708.45886,437.73795,66.206116,97.65399
707.3933,435.65833,67.67093,99.81458
703.127,441.89365,67.67093,99.81458
698.8607,446.81625,67.67093,99.81458
692.6254,451.08252,67.67093,99.81458
686.39014,456.00513,67.67093,99.81458
680.15485,453.05154,67.67093,99.81458
673.2632,450.09796,67.67093,99.81458
665.05884,447.80075,67.67093,99.81458
657.5108,456.66147,67.67093,99.81458
649.30646,470.11664,67.67093,99.81458
642.4148,474.38293,67.67093,99.81458
636.1795,477.3365,67.67093,99.81458
653.57275,473.0702,67.67093,99.81458
647.9938,471.42932,67.67093,99.81458
640.44574,467.8194,67.67093,99.81458
625.67786,464.86584,67.67093,99.81458
617.2263,464.3485,66.22783,97.686005
606.47845,463.22318,64.8155,95.60282
602.3922,457.8796,64.8155,95.60282
598.93463,452.53604,64.8155,95.60282
592.9624,446.56384,64.8155,95.60282
590.9269,444.85654,63.43329,93.564064
587.54297,442.08792,63.43329,93.564064
581.6981,436.8583,63.43329,93.564064
567.23987,434.0897,63.43329,93.564064
562.6255,431.9363,63.43329,93.564064
555.55005,427.9372,63.43329,93.564064
550.0609,414.45493,64.836754,95.63417
554.88947,399.36948,66.27127,97.75008
554.48975,397.2878,67.737526,99.912796
559.41724,400.90128,67.737526,99.912796
564.3447,406.48572,67.737526,99.912796
568.70764,405.0396,69.23622,102.12337
573.16705,404.25824,70.768074,104.38284
584.8464,419.8385,72.33382,106.692314
587.3019,427.90662,72.33382,106.692314
586.13776,423.45087,73.934204,109.05288
584.2039,418.89648,75.57,111.465675
583.74817,411.96002,77.24199,113.931854
582.50507,407.20193,78.950966,116.4526
580.43994,392.8049,80.697754,119.02911
584.82556,376.4652,82.48319,121.662636
589.22565,373.66516,82.48319,121.662636
595.22577,370.0651,82.48319,121.662636
600.5384,360.83405,84.308136,124.35442
606.81696,355.64066,86.173454,127.10577
613.9213,351.87952,86.173454,127.10577
621.20593,345.7041,88.08004,129.91798
628.65173,338.5057,90.02881,132.79242
635.20074,328.4639,90.02881,132.79242
633.01776,318.4221,90.02881,132.79242
635.20074,305.76068,90.02881,132.79242
635.6373,289.60648,90.02881,132.79242
637.8203,276.94507,90.02881,132.79242
638.1833,269.5874,92.0207,135.73045
634.16693,259.32343,92.0207,135.73045
628.98206,249.02501,94.056656,138.73349
584.7013,239.51309,92.05087,135.77496
574.43396,234.60263,92.05087,135.77496
565.5422,228.93228,94.0875,138.77899
552.6665,222.1897,96.16919,141.84947
536.34326,215.19403,96.16919,141.84947
519.0873,209.1311,96.16919,141.84947
511.15887,205.86646,96.16919,141.84947
503.23047,203.53458,96.16919,141.84947
494.36926,207.732,96.16919,141.84947
483.2576,207.89592,94.118355,138.8245
476.4111,209.26521,94.118355,138.8245
470.47745,210.6345,94.118355,138.8245
465.76184,213.43454,92.11125,135.86401
462.0079,218.75818,90.14695,132.96667
456.64853,225.65381,88.22454,130.13112
451.40344,231.5776,86.343124,127.35603
446.27023,237.37506,84.50183,124.64013
440.1233,239.42404,84.50183,124.64013
437.2547,243.11221,84.50183,124.64013
433.34375,245.55986,86.37144,127.39779
425.86972,241.97768,88.2824,130.21646
419.11868,238.31624,90.23565,133.0975
410.40222,232.75772,92.23211,136.04228
402.42102,234.50117,94.27274,139.05222
392.36594,224.89938,96.35853,142.12874
381.11874,224.78156,98.49046,145.27333
372.596,223.67001,100.66956,148.4875
364.8977,222.53386,102.89688,151.7728
354.9582,222.40804,105.17348,155.13077
345.85712,226.51279,107.50044,158.56303
336.5547,228.54486,109.87889,162.07124
324.83508,231.72755,112.30996,165.65707
316.24664,219.1585,114.794815,169.32224
309.77847,224.79391,117.33465,173.0685
305.79532,233.32925,117.33465,173.0685
310.99127,255.61945,119.93068,176.89764
298.1995,261.507,122.584145,180.81151
281.4241,257.65646,125.29632,184.81197
257.9734,257.50323,128.0685,188.90092
231.20343,250.53802,125.337395,184.87256
217.89331,256.6103,122.664536,180.9301
191.1242,261.9641,122.664536,180.9301
165.48383,270.20035,120.048676,177.07172
142.77866,282.4262,120.048676,177.07172
129.38843,292.32333,120.048676,177.07172
102.050285,312.72903,117.4886,173.29561
84.081924,342.58472,114.98312,169.60002
71.256714,377.71466,114.98312,169.60002
48.39438,416.1903,114.98312,169.60002
24.41681,454.66592,114.98312,169.60002
117.54903,563.42944,112.531075,165.98325
160.66142,535.5974,112.531075,165.98325
132.82938,549.2406,112.531075,165.98325
122.46057,548.6949,112.531075,165.98325
182.04662,558.35474,110.13132,162.4436
258.89423,553.3946,107.78273,158.97945
246.87213,592.59705,107.78273,158.97945
238.44905,582.7047,105.48423,155.58916
188.82846,597.53973,105.48423,155.58916
185.24759,597.0282,105.48423,155.58916
158.13531,575.03143,105.48423,155.58916
143.3003,567.35815,105.48423,155.58916
74.24071,545.3614,105.48423,155.58916
-10.920502,574.13885,103.23475,152.27116
16.614887,575.6408,103.23475,152.27116
25.34179,556.8155,105.518814,155.64017
26.829037,553.501,107.85342,159.08371
35.54109,539.56903,105.55341,155.69121
49.362064,546.2236,105.55341,155.69121
55.91479,557.25793,103.30245,152.37105
69.441025,557.7589,103.30245,152.37105
74.95172,559.26184,103.30245,152.37105
76.40773,553.9379,105.58802,155.74226
80.02098,550.6213,107.92416,159.18806
85.88623,547.23126,110.31198,162.7101
87.49112,546.6963,110.31198,162.7101
82.67644,549.3711,110.31198,162.7101
27.61858,549.2362,112.75263,166.31006
18.322964,553.06384,112.75263,166.31006
-63.21962,561.68866,110.348145,162.76344
-69.10616,561.1535,110.348145,162.76344
-66.44043,557.68726,112.7896,166.36458
-68.081375,559.3282,112.7896,166.36458
-71.031586,552.3804,115.285065,170.0454
-68.24659,552.23944,117.83575,173.80765
-73.389656,550.5251,117.83575,173.80765
-71.6753,553.3823,117.83575,173.80765
-77.12903,544.93787,120.44286,177.65314
-71.79544,548.4266,123.10766,181.58371
-71.299095,537.1268,125.83141,185.60124
-75.57069,538.95746,125.83141,185.60124
-71.299095,540.78815,125.83141,185.60124
-78.0116,543.8393,125.83141,185.60124
-73.740005,539.5677,125.83141,185.60124
-70.68887,545.05975,125.83141,185.60124
-75.817055,552.3323,123.14802,181.64323
-70.44212,545.76294,123.14802,181.64323
-68.65048,551.1379,123.14802,181.64323
-74.02541,549.34625,123.14802,181.64323
-79.40034,546.36017,123.14802,181.64323
-78.66288,553.4776,120.52185,177.76964
-88.599014,545.8794,120.52185,177.76964
-86.84558,546.46387,120.52185,177.76964
-83.93408,545.1037,123.1884,181.70279
2.096756,543.7134,125.91394,185.72296
0.4965515,555.6992,123.22879,181.76236
-27.565792,562.8213,120.6009,177.88622
-77.27904,545.8603,120.6009,177.88622
-86.70383,549.4482,118.029045,174.09274
-81.55232,551.16534,118.029045,174.09274
-77.5456,554.0273,118.029045,174.09274
-88.946815,544.3813,120.640434,177.94455
-86.021545,546.1365,120.640434,177.94455
-81.92617,547.89166,120.640434,177.94455
-82.33154,548.09735,118.06774,174.14983
-86.339584,547.5248,118.06774,174.14983
-83.4767,549.2425,118.06774,174.14983
-81.6659,554.9625,115.54991,170.43604
-88.1766,545.51917,118.10645,174.20694
-87.700424,542.99774,120.71956,178.06126
-83.59184,551.1034,118.14518,174.26405
-39.4745,556.25995,118.14518,174.26405
-66.34232,544.2267,120.75914,178.11964
-88.010605,545.9836,120.75914,178.11964
-82.739944,545.39795,120.75914,178.11964
-75.24325,548.99054,118.183914,174.32118
-88.425476,546.1248,118.183914,174.32118
-85.57046,544.791,120.79874,178.17804
-81.45919,552.902,118.222664,174.37834
-85.47249,550.03534,118.222664,174.37834
-82.60584,551.7553,118.222664,174.37834
-90.456795,542.09344,120.83834,178.23647
-97.265465,534.6498,123.51189,182.17995
-109.196304,528.2843,126.24459,186.21068
-35.11633,536.2433,126.24459,186.21068
-56.784218,545.90015,123.55238,182.23969
-92.341446,528.343,126.28598,186.27174
-90.50415,533.8549,126.28598,186.27174
-90.9285,543.5149,123.592896,182.29944
-86.732895,546.5118,123.592896,182.29944
-84.934784,543.5149,123.592896,182.29944
-81.883835,549.5026,120.95724,178.41185
-86.81337,548.578,118.377785,174.60716
-36.868355,550.30023,118.377785,174.60716
-29.405306,560.05963,118.377785,174.60716
-34.57203,554.8929,118.377785,174.60716
-36.07646,565.0547,115.85334,170.8836
-28.772566,565.61646,115.85334,170.8836
-31.581757,566.17834,115.85334,170.8836
-27.6388,570.708,113.38274,167.23946
1.6592331,563.48157,110.96481,163.67302
-0.12662506,554.41284,113.41991,167.29428
-1.7767372,556.0629,113.41991,167.29428
53.777016,409.203,113.41991,167.29428
38.55153,400.91385,111.00119,163.72668
25.595207,358.33258,113.45709,167.34914
2.9401093,323.52417,111.03758,163.78036
-18.060764,285.2918,111.03758,163.78036
58.942436,397.83496,111.03758,163.78036
34.808323,413.34216,113.494286,167.404
7.838825,438.11008,113.494286,167.404
-12.701683,468.01175,111.07398,163.83406
-21.85891,489.0195,111.07398,163.83406
-11.848324,504.78452,108.7053,160.34026
-13.59782,525.43536,111.110405,163.88779
-8.677502,564.43256,113.568726,167.51381
-3.648323,589.4358,116.081436,171.22005
-14.344265,611.3906,116.081436,171.22005
-21.66254,640.10077,116.081436,171.22005
74.600945,510.06064,116.081436,171.22005
55.762592,524.366,113.605965,167.56873
45.931828,543.6615,116.1195,171.27618
35.23238,546.4772,116.1195,171.27618
-18.349747,555.3595,113.64322,167.62367
-13.3896675,551.50165,113.64322,167.62367
-14.833931,561.25696,111.21974,164.04904
-18.6095,560.7176,111.21974,164.04904
-5.850033,548.27057,113.68048,167.67862
-18.52995,555.4375,113.68048,167.67862
-61.421875,564.13324,111.25621,164.10283
-84.48395,553.92114,113.71775,167.7336
-80.62358,554.4726,113.71775,167.7336
-78.96913,553.92114,113.71775,167.7336
-81.47744,559.4305,111.29269,164.15663
-76.61995,557.81134,111.29269,164.15663
-80.1152,565.28406,108.919334,160.65594
-73.24844,563.69934,108.919334,160.65594
-67.438126,566.34045,108.919334,160.65594
-66.90991,568.98145,108.919334,160.65594
-70.85493,560.07996,111.32918,164.21046
-68.10671,566.51434,108.95505,160.70863
-72.053024,561.99554,111.36568,164.26431
-68.262794,566.3498,108.99077,160.76132
-71.11365,560.7328,111.40219,164.31816
-68.412384,563.434,111.40219,164.31816
-71.32631,554.3296,113.86697,167.9537
-73.158875,554.19037,116.38628,171.66968
-76.20316,547.02094,118.96132,175.46786
-73.32936,549.26965,121.59334,179.3501
-78.957,539.33234,124.28359,183.31822
-74.70397,541.68164,127.03336,187.37413
-83.14002,531.29974,129.84398,191.51978
-76.08353,535.0607,132.71678,195.75716
-83.16333,530.5554,132.71678,195.75716
-75.9507,525.05115,135.65314,200.08829
-75.29285,530.97186,135.65314,200.08829
-82.936264,521.25055,138.65446,204.51524
-76.88454,528.6471,138.65446,204.51524
-78.90178,523.9402,138.65446,204.51524
-75.53971,529.9919,138.65446,204.51524
-82.936264,522.59534,138.65446,204.51524
-78.22937,527.30225,138.65446,204.51524
-81.856125,515.97064,141.7222,209.04015
-79.79425,520.7817,141.7222,209.04015
-86.3535,512.0516,144.8578,213.66516
-81.43602,518.374,144.8578,213.66516
-88.140396,506.53543,148.06277,218.3925
-81.67803,512.9978,148.06277,218.3925
-85.55088,502.38718,151.33867,223.22444
-84.816956,508.99252,151.33867,223.22444
-88.77548,498.1472,154.68704,228.16328
-85.024666,504.89865,154.68704,228.16328
-93.740555,492.2567,158.1095,233.2114
-91.51206,495.24542,161.60767,238.3712
-92.48673,483.66418,165.18324,243.64516
-90.083534,490.87378,165.18324,243.64516
-101.05304,477.37405,168.83792,249.03581
-95.32151,483.10556,168.83792,249.03581
-97.77788,479.01163,168.83792,249.03581
-97.09717,470.3102,172.57346,254.54573
-96.260254,476.16855,172.57346,254.54573
-100.77422,465.538,176.39165,260.17755
-98.207954,471.52597,176.39165,260.17755
-102.82179,458.88525,180.29431,265.934
-100.056625,470.991,176.44948,260.26288
-108.223145,456.5705,180.35342,266.0212
-107.34851,460.94366,180.35342,266.0212
-108.43623,458.90823,184.34375,271.90692
-112.90617,459.80222,184.34375,271.90692
-116.9723,458.39313,180.41257,266.10843
-124.324905,455.32745,176.56522,260.4336
-116.61853,454.4712,176.56522,260.4336
-114.049736,460.46503,176.56522,260.4336
-103.08862,473.971,172.79991,254.87978
-113.98267,461.40094,172.79991,254.87978
-153.36887,425.36676,172.79991,254.87978
-137.4468,451.3449,172.79991,254.87978
-150.01685,450.5069,172.79991,254.87978
-133.67044,446.81784,176.62311,260.51898
-115.18503,453.71118,180.5309,266.28296
-103.97772,465.83282,176.68103,260.6044
-99.693596,470.11694,176.68103,260.6044
-113.204575,455.67755,180.5901,266.37027
-107.07409,461.80804,180.5901,266.37027
-113.61499,452.50098,184.58566,272.2637
-103.5835,454.13266,188.66962,278.28754
-117.30798,445.89798,188.66962,278.28754
-105.15599,443.7687,192.84393,284.44464
-114.08128,433.8301,197.11061,290.73798
-105.47819,442.4332,197.11061,290.73798
-116.58444,428.30768,201.47168,297.17056
-113.65329,435.14703,201.47168,297.17056
-112.67624,441.9864,201.47168,297.17056
-113.65329,444.91754,201.47168,297.17056
-114.63034,436.12408,201.47168,297.17056
-115.60739,439.05524,201.47168,297.17056
-106.86702,450.69943,197.17523,290.8333
-115.472946,438.26865,197.17523,290.8333
-104.9546,450.69943,197.17523,290.8333
-109.735664,442.09354,197.17523,290.8333
-103.024994,453.48944,192.97041,284.6312
-106.130646,437.71884,197.23988,290.92865
-105.33543,435.4928,201.60382,297.36545
-96.53621,440.38123,201.60382,297.36545
-91.559525,446.37897,197.30457,291.02405
-97.75604,454.09332,193.09698,284.81787
11.806961,292.0899,193.09698,284.81787
-23.140251,335.7433,188.97913,278.74405
-39.675396,334.29874,184.9491,272.79974
11.573341,189.37743,181.005,266.9822
-16.109032,172.7646,177.14502,261.28873
-56.485596,190.80519,177.14502,261.28873
51.183556,30.156143,181.06435,267.06973
34.499977,22.253403,181.06435,267.06973
-6.6765137,12.921875,185.07039,272.97864
-20.139168,17.409424,185.07039,272.97864
-37.191868,25.487015,185.07039,272.97864
-52.449547,29.974564,185.07039,272.97864
-73.092285,27.282028,185.07039,272.97864
-88.34997,15.614395,185.07039,272.97864
-46.63245,-3.23526,189.16507,279.01828
-34.70667,-22.499985,189.16507,279.01828
-18.71569,-43.670242,193.35034,285.19156
42.379128,-30.287117,197.62822,291.50143
47.17118,-17.827782,197.62822,291.50143
40.01316,-12.103348,202.00075,297.9509
22.533264,-10.317673,206.47002,304.54306
9.516502,-21.331848,206.47002,304.54306
14.522949,-14.32283,206.47002,304.54306
-4.501549,-11.31897,206.47002,304.54306
-3.5002594,-4.309952,206.47002,304.54306
-14.514442,0.6964874,206.47002,304.54306
-21.523468,-0.3047943,206.47002,304.54306
-31.079407,-8.867981,211.03816,311.28107
-38.72313,-2.755127,215.70738,318.16815
-46.045734,-12.169907,215.70738,318.16815
-53.36834,-4.8473053,215.70738,318.16815
-62.78312,-1.7090454,215.70738,318.16815
-70.10573,-15.3081665,215.70738,318.16815
-48.13791,-24.722946,215.70738,318.16815
-61.737034,-29.95337,215.70738,318.16815
-21.79602,-34.55842,220.4799,325.2076
14.591377,-41.48401,225.35802,332.40283
26.474762,-47.42019,220.55219,325.31424
66.049286,-39.933113,220.55219,325.31424
109.10676,-33.544678,225.4319,332.5118
119.089584,-27.014893,230.41959,339.86862
110.74387,-38.89006,235.51762,347.3882
127.87624,-26.326324,235.51762,347.3882
116.97591,-33.724274,240.72845,355.0742
100.98958,-41.285904,246.05457,362.9302
126.04797,-44.865677,246.05457,362.9302
117.13598,-52.594604,251.49852,370.96002
105.496,-60.494537,257.06293,379.1675
99.26279,-69.22104,257.06293,379.1675
103.002716,-75.454254,257.06293,379.1675
93.691986,-86.115746,262.75046,387.55658
89.4633,-91.72509,268.5638,396.13126
98.653625,-102.86358,274.5058,404.89566
94.23575,-117.01082,280.57925,413.85397
89.72012,-106.06024,286.78708,423.0105
93.8925,-118.57737,286.78708,423.0105
89.27698,-130.47165,293.13223,432.3696
82.16916,-109.1482,293.13223,432.3696
77.904465,-119.099144,293.13223,432.3696
79.326035,-103.46195,293.13223,432.3696
75.06134,-110.56977,293.13223,432.3696
67.95352,-114.83446,293.13223,432.3696
72.218216,-96.35414,293.13223,432.3696
62.267273,-97.7757,293.13223,432.3696
58.00258,-87.82476,293.13223,432.3696
62.267273,-97.7757,293.13223,432.3696
63.688843,-99.197266,293.13223,432.3696
50.894775,-86.4032,293.13223,432.3696
52.316345,-90.667885,293.13223,432.3696
42.365402,-94.93257,293.13223,432.3696
35.257584,-79.29538,293.13223,432.3696
42.365402,-97.775696,293.13223,432.3696
46.861145,-86.31459,286.8811,423.1492
25.992432,-90.488335,286.8811,423.1492
8.93692,-73.90779,280.76328,414.12543
-14.209923,-67.0999,280.76328,414.12543
-10.125183,-52.122528,280.76328,414.12543
-25.94487,-24.21312,286.97516,423.28796
-44.037018,-6.1209717,286.97516,423.28796
-42.880005,-18.023056,293.3245,432.6532
-63.060753,-69.6241,287.06927,423.42673
-82.81114,-53.032684,280.94745,414.39703
62.505173,-53.376266,287.16342,423.56558
77.82396,-74.26552,287.16342,423.56558
54.149475,-64.5172,287.16342,423.56558
24.904526,-51.983643,287.16342,423.56558
-1.555191,-42.23532,287.16342,423.56558
-22.444443,-35.272232,287.16342,423.56558
-41.514427,-24.064697,293.5169,432.93698
-51.478424,-42.56926,293.5169,432.93698
-55.74871,-66.76755,293.5169,432.93698
-51.478424,-88.11897,293.5169,432.93698
-68.928444,-68.41095,287.25757,423.70447
-95.396835,-44.7287,287.25757,423.70447
-124.651375,-57.266357,287.25757,423.70447
-103.75528,-69.804016,287.25757,423.70447
-51.011658,-117.652336,281.1317,414.66885
-51.956314,-101.40409,275.1365,405.82593
-63.169334,-82.93021,269.26913,397.17157
-71.62595,-72.40211,263.5269,388.70175
-65.23601,-50.676285,263.5269,388.70175
-51.339943,-3.4187775,257.9071,380.41257
-35.080368,15.34227,257.9071,380.41257
-57.398056,38.38437,263.6133,388.8292
-74.01737,83.12868,263.6133,388.8292
-91.52344,80.15361,269.44577,397.43204
-77.14981,84.073685,269.44577,397.43204
-90.64984,-28.818771,263.69977,388.95667
-101.39676,-8.647598,258.0763,380.66205
-78.13754,8.680786,252.57274,372.5443
-88.431,18.55606,247.18655,364.5997
-70.774895,0.49072266,241.91522,356.8245
-78.37244,-8.143158,236.7563,349.21512
-85.80797,3.3270416,231.7074,341.768
-73.589775,12.386505,226.76617,334.4797
-92.28496,22.28395,226.76617,334.4797
-104.381836,29.981964,226.76617,334.4797
125.45889,202.63744,226.76617,334.4797
115.56145,203.73717,226.76617,334.4797
103.46457,198.23857,226.76617,334.4797
79.27781,193.39743,231.78337,341.88007
54.555916,190.78159,236.91158,349.44415
22.135048,188.10788,242.15324,357.1756
-1.256134,195.122,247.51088,365.0781
-22.674194,199.80063,252.98706,373.15546
-31.26233,215.75003,252.98706,373.15546
-27.382286,213.8162,247.59204,365.1978
-43.8244,223.47932,253.07,373.2778
-63.17691,286.83493,258.6692,381.53656
-82.95759,273.50385,264.39224,389.97806
-100.51537,289.14374,270.2419,398.60632
-80.857056,298.31763,270.2419,398.60632
-55.292892,162.01709,276.221,407.42548
-68.07707,133.88364,282.3324,416.43976
-80.399765,69.5318,282.3324,416.43976
-98.19921,79.11612,282.3324,416.43976
-80.01453,47.51915,288.579,425.65347
-94.47319,58.802216,282.425,416.5763
271.21994,-54.87767,282.425,416.5763
288.7528,-54.39627,276.4022,407.6927
290.40796,-56.50908,270.50784,398.9985
294.55673,-58.576843,264.7392,390.48975
303.56686,-58.12558,259.09357,382.16245
307.54056,-52.839645,253.56831,374.01273
313.80002,-42.925446,248.16089,366.0368
310.6462,-33.222656,242.86879,358.23096
314.17963,-27.333618,242.86879,358.23096
308.82257,-17.837753,237.68954,350.59158
323.57828,-10.766434,232.62074,343.1151
318.4473,-1.6712494,227.66003,335.79807
330.59186,-7.191498,227.66003,335.79807
325.5703,3.8380127,222.80511,328.6371
337.4559,-5.886551,222.80511,328.6371
332.54144,11.156464,218.05373,321.6288
337.82877,14.328857,218.05373,321.6288
337.09604,26.931458,213.40367,314.77
342.2513,13.785797,218.12523,321.73428
337.44006,30.47084,213.47365,314.8732
344.68683,37.717606,213.47365,314.8732
351.9336,26.329819,213.47365,314.8732
348.82782,33.576584,213.47365,314.8732
360.2156,36.682343,213.47365,314.8732
367.46237,37.71759,213.47365,314.8732
374.70914,40.82335,213.47365,314.8732
377.8149,43.929108,213.47365,314.8732
385.06168,49.105377,213.47365,314.8732
385.92236,40.25171,218.19675,321.83978
388.99774,42.180557,223.02435,328.96048
392.24246,41.098984,223.02435,328.96048
397.6503,48.669968,223.02435,328.96048
398.73187,47.588394,223.02435,328.96048
406.3029,57.322525,223.02435,328.96048
407.38443,64.89351,223.02435,328.96048
399.30658,48.910965,227.95877,336.23874
409.2561,61.071457,227.95877,336.23874
419.14554,80.63977,223.09749,329.06836
418.06363,79.557846,223.09749,329.06836
421.30942,84.96747,223.09749,329.06836
424.5552,90.37709,223.09749,329.06836
427.801,87.13132,223.09749,329.06836
435.37448,99.0325,223.09749,329.06836
438.62027,106.60599,223.09749,329.06836
446.2132,119.50011,218.33987,322.05087
453.64417,128.03693,213.68372,315.18304
456.753,133.21829,213.68372,315.18304
466.02313,145.56833,209.12685,308.46167
475.09555,153.74492,204.66716,301.88364
483.97458,161.74716,200.30257,295.44586
492.6642,173.32382,196.03105,289.1454
504.83377,182.821,191.85063,282.97928
516.7438,184.94154,187.75935,276.94467
524.8893,195.79324,183.75533,271.03876
520.8362,189.23508,179.83669,265.2588
528.63794,184.49799,176.00162,259.60205
524.7558,181.50726,172.24834,254.06596
527.3975,180.19061,168.57509,248.64793
523.6792,172.5983,164.98018,243.34544
526.07947,162.19724,164.98018,243.34544
523.6792,145.39554,164.98018,243.34544
529.2798,128.59384,164.98018,243.34544
520.4789,113.39231,164.98018,243.34544
526.07947,102.99125,164.98018,243.34544
519.35583,92.4762,161.46193,238.15604
526.3605,83.69482,158.0187,233.07729
520.9962,70.66735,158.0187,233.07729
523.29517,57.639885,158.0187,233.07729
519.8097,50.52301,154.64891,228.10684
525.0596,43.773193,154.64891,228.10684
525.98566,42.591064,151.35098,223.2424
529.6556,35.9852,151.35098,223.2424
528.9216,39.65512,151.35098,223.2424
534.07263,34.253464,148.12338,218.48169
541.9743,32.098465,148.12338,218.48169
549.876,27.07013,148.12338,218.48169
563.22565,27.322624,144.9646,213.8225
582.20703,23.807549,144.9646,213.8225
595.27203,18.63382,141.87318,209.26266
609.7205,20.697884,141.87318,209.26266
617.28876,14.505684,141.87318,209.26266
649.9697,26.68428,138.8477,204.80008
656.0299,19.277435,138.8477,204.80008
663.3515,11.72596,135.88673,200.43266
649.5127,-2.1128464,135.88673,200.43266
636.9919,3.8180695,135.88673,200.43266
624.47107,11.066971,135.88673,200.43266
611.31104,20.19101,132.9889,196.15837
596.4775,24.705574,132.9889,196.15837
604.8617,27.93026,132.9889,196.15837
608.08636,36.314445,132.9889,196.15837
606.15155,44.69863,132.9889,196.15837
609.3762,53.082817,132.9889,196.15837
611.31104,56.307503,132.9889,196.15837
613.24585,50.50306,132.9889,196.15837
610.3125,38.29722,130.15288,191.97523
617.1756,30.001892,127.37733,187.8813
615.55676,23.074257,124.660965,183.87468
615.1379,17.459755,122.00253,179.95349
614.72797,11.964981,119.400795,176.11594
616.4651,5.5955276,119.400795,176.11594
619.3603,7.332649,119.400795,176.11594
617.62317,11.385941,119.400795,176.11594
605.4633,0.38415527,119.400795,176.11594
579.389,-18.38813,116.85454,172.36021
593.5563,-31.42207,116.85454,172.36021
598.6565,-39.922462,116.85454,172.36021
589.0227,-49.556244,116.85454,172.36021
580.52234,-58.05664,116.85454,172.36021
584.4892,-83.55782,116.85454,172.36021
572.5886,-109.059006,116.85454,172.36021
610.55707,-123.22633,116.85454,172.36021
634.19763,-119.749886,114.36258,168.68459
641.29724,-117.4167,111.92376,165.08734
646.1527,-115.13327,109.53695,161.5668
650.9047,-112.89853,107.20104,158.12134
649.54236,-109.70928,104.91495,154.74936
519.7239,-95.79921,102.677605,151.44928
529.9376,-38.990887,100.487976,148.21957
542.1206,-14.137447,100.487976,148.21957
550.40515,-8.776901,100.487976,148.21957
551.00684,-40.545776,98.34504,145.05875
558.95087,-42.21691,96.2478,141.96533
558.62744,-43.852406,94.19529,138.93788
553.908,-31.363598,92.18655,135.97499
563.2964,-21.97525,92.18655,135.97499
570.7429,-16.647251,90.22064,133.07529
580.5609,-19.867188,88.29666,130.23741
590.4095,-19.438988,88.29666,130.23741
592.5505,-18.154388,88.29666,130.23741
586.1275,-18.582588,88.29666,130.23741
583.1301,-13.015991,88.29666,130.23741
586.98395,-6.5929947,88.29666,130.23741
592.55054,1.5428009,88.29666,130.23741
594.6915,12.247795,88.29666,130.23741
600.2581,13.532394,88.29666,130.23741
602.3991,17.386192,88.29666,130.23741
606.2529,19.527191,88.29666,130.23741
611.8195,25.093788,88.29666,130.23741
616.61804,16.989182,90.25022,133.11891
621.43243,18.3022,90.25022,133.11891
616.06696,37.861336,88.32561,130.2801
621.5502,57.003365,86.44204,127.50185
681.05963,-12.346531,84.59864,124.78283
686.39307,-2.9104118,84.59864,124.78283
681.8801,19.654224,84.59864,124.78283
685.5725,34.834072,84.59864,124.78283
680.2391,46.731785,84.59864,124.78283
676.0004,67.43872,82.79455,122.121796
675.7222,62.161793,81.02893,119.51751
675.2336,43.308945,82.82169,122.161835
668.9001,8.203983,84.65412,124.86466
670.9451,120.546036,86.52709,127.6273
663.4576,108.250305,88.441505,130.45105
652.2445,110.81206,90.39828,133.33728
624.4094,105.24352,92.39834,136.28737
599.6777,120.936935,94.44265,139.30273
575.4034,127.80701,94.44265,139.30273
547.2733,123.89007,96.532196,142.38481
515.908,129.03958,96.532196,142.38481
476.47034,127.95014,98.66797,145.53508
422.25977,129.81525,100.851,148.75505
368.94974,137.15149,100.851,148.75505
316.61786,150.35672,100.851,148.75505
260.37332,163.56195,100.851,148.75505
200.21613,173.83267,100.851,148.75505
134.18994,183.12524,100.851,148.75505
23.542267,218.18112,98.70032,145.58281
1.0657043,228.49911,96.595505,142.47821
-5.02409,235.52579,96.595505,142.47821
-13.924557,143.242,96.595505,142.47821
-11.591061,136.3197,98.73268,145.63054
-17.154182,95.46421,100.917145,148.85262
5.5939713,229.38843,103.14993,152.14598
-36.92572,95.82658,103.14993,152.14598
-45.95104,69.00194,100.950226,148.90143
7.4114456,-27.442184,100.950226,148.90143
-14.618938,-9.328308,100.950226,148.90143
33.847908,-13.73439,100.950226,148.90143
102.87645,-6.39093,100.950226,148.90143
156.10742,-0.41931152,103.18375,152.19588
207.40118,3.6077805,105.46669,155.56322
234.35875,6.662689,107.80014,159.00505
258.92957,6.139908,107.80014,159.00505
280.36365,8.753822,107.80014,159.00505
272.5219,4.0487747,107.80014,159.00505
267.8169,-3.7929688,107.80014,159.00505
259.97516,-12.680283,107.80014,159.00505
258.60513,-18.543182,105.50127,155.61423
257.26437,-21.322197,103.25142,152.2957
254.76074,-25.828712,103.25142,152.2957
252.48328,-28.548462,101.04955,149.04794
250.03305,-29.03851,101.04955,149.04794
246.60272,-29.528557,101.04955,149.04794
247.09277,-31.978786,101.04955,149.04794
242.97455,-30.86187,98.89464,145.86945
245.37253,-27.504704,98.89464,145.86945
239.80031,-27.62564,101.08268,149.0968
240.20782,-25.714901,103.31914,152.39557
233.69415,-24.211742,103.31914,152.39557
230.1868,-21.706482,103.31914,152.39557
235.69836,-18.199116,103.31914,152.39557
231.1889,-14.69175,103.31914,152.39557
223.28801,-13.778416,105.60507,155.76732
230.0899,-10.719505,107.94158,159.21367
225.09412,-9.765312,110.32979,162.73627
221.098,-6.569542,112.770836,166.3368
215.87871,-3.30307,115.26589,170.01701
209.38403,0.03567505,117.81615,173.77864
203.93123,3.448288,120.42283,177.62349
197.14598,3.3010254,123.08718,181.5534
187.7334,6.8663177,125.810486,185.57028
175.58054,9.244484,128.59404,189.67603
178.69864,16.104355,128.59404,189.67603
170.15897,23.71122,131.43918,193.8726
158.78503,30.163734,134.34727,198.16203
151.21521,23.23986,137.3197,202.54637
141.2261,35.892723,137.3197,202.54637
125.19784,24.670189,140.3579,207.02771
118.1655,61.649437,137.36472,202.61278
109.04336,54.570053,140.40392,207.09558
116.67375,58.63694,143.51035,211.67757
110.03174,52.68495,146.68552,216.36093
101.311066,61.162773,143.5574,211.74696
94.11842,68.117744,140.496,207.2314
67.54602,63.348335,140.496,207.2314
40.97361,61.3043,140.496,207.2314
30.753456,68.79908,140.496,207.2314
18.595802,60.14454,143.60448,211.81639
1.8339615,54.188652,146.78172,216.50282
-8.843437,70.56066,146.78172,216.50282
-19.520844,65.57787,146.78172,216.50282
-27.350937,62.018745,146.78172,216.50282
-38.02834,51.341347,146.78172,216.50282
-44.821754,20.14399,150.02927,221.29295
-33.90811,7.7752,150.02927,221.29295
-28.815079,-7.5038986,150.02927,221.29295
-19.35659,-27.148453,150.02927,221.29295
-11.445381,-49.33362,146.82985,216.57382
-2.1885986,-84.22456,146.82985,216.57382
4.21994,-137.62909,146.82985,216.57382
-103.30115,-15.866791,146.82985,216.57382
-115.40617,-23.699455,146.82985,216.57382
-126.634384,-25.356544,150.07846,221.36552
-115.71717,-31.906876,150.07846,221.36552
-123.72313,-25.356544,150.07846,221.36552
-112.80591,-24.62873,150.07846,221.36552
-122.77234,-20.281616,153.39894,226.26323
-113.10141,-22.513367,153.39894,226.26323
-118.30883,-29.208626,153.39894,226.26323
-114.6031,-40.201622,156.7929,231.2693
-119.92574,-33.35823,156.7929,231.2693
-111.40468,-38.283318,160.26193,236.38614
-74.48777,89.33828,156.8443,231.34514
-32.81965,52.845596,160.31448,236.46365
-46.03638,75.391785,160.31448,236.46365
-76.54922,83.1586,156.89572,231.42099
-85.8769,71.69206,153.54987,226.48587
-92.134735,38.938026,150.27538,221.65599
-84.21054,46.21846,147.07071,216.92911
-97.76188,6.990906,147.07071,216.92911
-106.50545,4.491806,143.93439,212.30302
-114.183655,-3.1863937,143.93439,212.30302
-126.63884,5.327919,147.11894,217.00023
-115.93691,-2.5201645,147.11894,217.00023
-125.7068,-1.2196426,150.37395,221.80136
-113.560074,-9.397987,147.16718,217.07138
-124.81409,-5.1352005,150.42325,221.87408
-114.069626,-11.909988,147.21542,217.14255
-125.327324,-20.978447,150.47256,221.94682
-114.57933,-13.688454,147.26369,217.21375
-122.876945,-12.38665,150.5219,222.01959
41.36519,70.099396,150.5219,222.01959
14.123344,112.57082,147.31197,217.28496
-83.74922,150.43393,147.31197,217.28496
-118.754745,121.14361,147.31197,217.28496
-129.47072,110.427635,147.31197,217.28496
-116.19417,-5.002144,144.17049,212.65129
-112.69835,-19.684578,144.17049,212.65129
-120.38915,-17.58709,144.17049,212.65129
-108.74353,-24.080269,141.09601,208.11644
-119.53327,-21.41317,144.21776,212.72102
-111.83995,-17.916206,144.21776,212.72102
-119.53327,-8.824097,144.21776,212.72102
-109.04238,-23.511345,144.21776,212.72102
-115.336914,-20.014381,144.21776,212.72102
-110.428604,-14.375641,141.14227,208.18468
-119.801605,-21.649704,144.26505,212.79076
-106.79967,-22.752464,141.18855,208.25293
-117.070206,-15.220734,141.18855,208.25293
-106.98535,2.1787415,138.17766,203.81187
-116.16147,-9.1139145,141.23483,208.32121
-103.43263,-22.076576,138.22296,203.8787
-96.059105,-14.703049,138.22296,203.8787
-90.026215,-26.098503,138.22296,203.8787
-82.737564,-32.323814,135.27531,199.53091
-87.32974,5.069664,135.27531,199.53091
-80.113464,26.718521,135.27531,199.53091
-94.47893,21.890594,132.39053,195.27586
15.309219,14.828201,132.39053,195.27586
-0.14370728,14.666298,135.31967,199.59634
-76.50098,11.10183,132.43394,195.33989
-93.84163,6.606102,132.43394,195.33989
-102.63632,9.109467,135.36404,199.66179
-15.774593,-23.561699,132.47737,195.40395
-32.31987,-19.620468,129.65225,191.2369
-63.057037,-13.339165,126.88738,187.1587
-77.210045,-7.801033,126.88738,187.1587
87.087875,-130.25528,126.88738,187.1587
256.14328,-64.014404,129.69476,191.29959
428.93903,108.099846,132.56425,195.53209
441.15372,135.74362,132.56425,195.53209
448.22537,151.81558,132.56425,195.53209
451.4398,169.17328,132.56425,195.53209
457.22568,183.95947,132.56425,195.53209
461.7258,198.74567,132.56425,195.53209
468.79745,212.24612,132.56425,195.53209
475.8691,225.74658,132.56425,195.53209
482.94077,237.96127,132.56425,195.53209
488.72665,248.8902,132.56425,195.53209
495.7983,258.5334,132.56425,195.53209
502.86996,266.8908,132.56425,195.53209
508.65585,273.96246,132.56425,195.53209
514.4418,279.74838,132.56425,195.53209
518.9419,284.24854,132.56425,195.53209
524.7278,287.46292,132.56425,195.53209
530.5137,288.1058,132.56425,195.53209
535.0138,291.3202,132.56425,195.53209
538.2282,295.82034,132.56425,195.53209
537.5853,293.8917,132.56425,195.53209
543.3712,299.6776,132.56425,195.53209
542.72833,296.46323,132.56425,195.53209
545.94275,298.39188,132.56425,195.53209
549.15717,297.749,132.56425,195.53209
549.80005,299.67764,132.56425,195.53209
550.44293,301.6063,132.56425,195.53209
551.0858,300.9634,132.56425,195.53209
553.01447,301.6063,132.56425,195.53209
552.3716,302.24918,132.56425,195.53209
551.7287,300.32053,132.56425,195.53209
551.0858,299.67764,132.56425,195.53209
550.44293,301.6063,132.56425,195.53209
544.65704,299.67764,132.56425,195.53209
545.2999,299.03476,132.56425,195.53209
536.9425,294.5346,132.56425,195.53209
538.87115,297.749,132.56425,195.53209
530.51373,291.96307,132.56425,195.53209
526.0136,291.3202,132.56425,195.53209
525.3707,289.39154,132.56425,195.53209
517.0133,287.4629,132.56425,195.53209
509.94162,282.96274,132.56425,195.53209
501.5842,278.4626,132.56425,195.53209
494.51254,273.96243,132.56425,195.53209
487.4409,269.46228,132.56425,195.53209
479.08347,264.96213,132.56425,195.53209
472.0118,259.1762,132.56425,195.53209
463.6544,259.8191,132.56425,195.53209
454.0112,255.31894,132.56425,195.53209
445.65378,253.39029,132.56425,195.53209
441.15363,255.31894,132.56425,195.53209
432.7962,250.81879,132.56425,195.53209
428.29605,252.74744,132.56425,195.53209
419.93863,250.81879,132.56425,195.53209
412.86697,254.03317,132.56425,195.53209
405.79532,252.10452,132.56425,195.53209
397.4379,256.60468,132.56425,195.53209
389.08047,254.67603,132.56425,195.53209
382.00882,256.60468,132.56425,195.53209
372.36563,253.39029,132.56425,195.53209
361.4367,247.60437,132.56425,195.53209
351.79352,241.81845,132.56425,195.53209
343.4361,242.46133,132.56425,195.53209
338.0335,242.68732,129.73729,191.3623
332.371,242.05814,129.73729,191.3623
326.7085,241.42896,129.73729,191.3623
319.78763,242.05814,129.73729,191.3623
312.86676,240.17062,129.73729,191.3623
307.20425,239.54144,129.73729,191.3623
301.54175,238.91226,129.73729,191.3623
297.13757,239.54144,129.73729,191.3623
291.47507,243.94562,129.73729,191.3623
289.58755,243.31644,129.73729,191.3623
283.92505,246.46228,129.73729,191.3623
278.26254,245.8331,129.73729,191.3623
275.1167,245.20392,129.73729,191.3623
270.71252,244.57474,129.73729,191.3623
267.56668,246.46225,129.73729,191.3623
266.9375,247.09143,129.73729,191.3623
262.53333,247.72061,129.73729,191.3623
264.42084,248.3498,129.73729,191.3623
258.75833,250.2373,129.73729,191.3623
260.64584,248.3498,129.73729,191.3623
257.5,254.0123,129.73729,191.3623
261.90417,255.89981,129.73729,191.3623
260.01666,260.304,129.73729,191.3623
263.1625,264.70816,129.73729,191.3623
260.01666,269.11234,129.73729,191.3623
261.90417,273.5165,129.73729,191.3623
258.75833,275.40402,129.73729,191.3623
263.1625,278.54987,129.73729,191.3623
258.75833,282.95404,129.73729,191.3623
268.02527,289.23947,126.970604,187.28145
272.33554,291.08673,126.970604,187.28145
277.87732,295.397,126.970604,187.28145
282.1876,299.70728,126.970604,187.28145
287.72937,306.48053,126.970604,187.28145
293.27115,313.25378,126.970604,187.28145
300.0444,316.33255,126.970604,187.28145
306.81766,323.1058,126.970604,187.28145
314.82242,322.49005,126.970604,187.28145
322.82718,321.8743,126.970604,187.28145
332.06345,316.33252,126.970604,187.28145
340.0682,309.55927,126.970604,187.28145
349.30447,297.86,126.970604,187.28145
358.54074,268.91965,126.970604,187.28145
369.0085,239.97931,126.970604,187.28145
380.7078,215.965,126.970604,187.28145
391.17557,203.03421,126.970604,187.28145
402.87485,187.64041,126.970604,187.28145
417.03714,173.47812,126.970604,187.28145
428.73642,160.54733,126.970604,187.28145
440.4357,148.84805,126.970604,187.28145
453.06592,156.18643,124.26292,183.28761
463.3105,148.35236,124.26292,183.28761
472.3498,154.9812,124.26292,183.28761
481.3891,149.55762,124.26292,183.28761
493.75003,156.7395,121.612976,179.37895
504.95566,152.61111,121.612976,179.37895
525.0113,157.36603,119.01955,175.55363
535.97797,152.1713,119.01955,175.55363
548.92993,160.1628,116.48142,171.8099
560.5168,156.00562,113.99742,168.14601
571.0207,154.3471,113.99742,168.14601
583.42615,155.60715,111.56639,164.56024
594.78815,149.65562,111.56639,164.56024
601.8218,144.7862,111.56639,164.56024
608.8554,142.08095,111.56639,164.56024
615.7814,139.14218,109.1872,161.05095
622.665,137.55365,109.1872,161.05095
627.43054,134.9061,109.1872,161.05095
630.1259,134.07147,106.85875,157.61649
631.68054,129.40752,106.85875,157.61649
629.0895,124.74356,106.85875,157.61649
626.7325,120.92982,104.579956,154.25526
623.44806,114.26439,102.349754,150.96573
618.9809,107.81183,102.349754,150.96573
619.5938,104.15901,100.167114,147.74634
619.25726,100.58408,98.03102,144.5956
619.8443,97.08539,95.94048,141.51205
620.3096,91.96742,95.94048,141.51205
617.0527,85.91893,95.94048,141.51205
612.86523,78.00935,95.94048,141.51205
612.39996,71.96086,95.94048,141.51205
612.0776,70.3306,93.89452,138.49426
613.4436,66.23247,93.89452,138.49426
613.8989,67.59851,93.89452,138.49426
614.4612,66.003006,91.8922,135.54083
617.5886,67.01869,89.93257,132.65039
618.0248,64.83803,89.93257,132.65039
621.0856,66.6728,88.01473,129.82158
623.2197,64.53864,88.01473,129.82158
627.038,63.04304,86.137794,127.05309
629.96967,61.57934,84.30088,124.34365
632.8314,66.89403,84.30088,124.34365
638.8529,74.13054,82.503136,121.691986
644.8545,78.53168,82.503136,121.691986
650.8561,82.932816,82.503136,121.691986
658.2917,86.158585,80.74373,119.09687
665.73157,88.89958,80.74373,119.09687
674.73773,92.42372,80.74373,119.09687
684.52704,96.731,80.74373,119.09687
696.6658,97.905716,80.74373,119.09687
704.10565,101.429855,80.74373,119.09687
717.81067,106.52028,80.74373,119.09687
726.0337,110.82756,80.74373,119.09687
740.52185,115.917984,80.74373,119.09687
747.34753,114.19422,82.53018,121.73189
757.3534,117.79633,82.53018,121.73189
765.7583,114.99468,82.53018,121.73189
777.3651,123.39962,82.53018,121.73189
790.5729,131.00409,82.53018,121.73189
801.3792,135.40668,82.53018,121.73189
814.587,139.80927,82.53018,121.73189
826.1938,142.6109,82.53018,121.73189
838.6011,147.01349,82.53018,121.73189
850.2079,149.01468,82.53018,121.73189
861.8147,152.61679,82.53018,121.73189
871.82056,155.41843,82.53018,121.73189
881.02594,158.2201,82.53018,121.73189
890.2313,161.8222,82.53018,121.73189
898.6362,162.22244,82.53018,121.73189
905.30273,164.67772,80.7702,119.13592
911.9617,169.76982,80.7702,119.13592
914.7035,172.51172,80.7702,119.13592
918.2289,176.82042,80.7702,119.13592
925.67114,181.91252,80.7702,119.13592
929.19653,183.87102,80.7702,119.13592
929.58826,187.39632,80.7702,119.13592
930.7633,190.92162,80.7702,119.13592
931.9385,195.23032,80.7702,119.13592
932.3302,197.18881,80.7702,119.13592
929.58826,199.93073,80.7702,119.13592
927.62976,202.67264,80.7702,119.13592
925.67126,203.06433,80.7702,119.13592
922.146,204.23944,80.7702,119.13592
917.8373,202.28094,80.7702,119.13592
912.7451,203.45605,80.7702,119.13592
907.6531,202.28094,80.7702,119.13592
902.5609,199.53903,80.7702,119.13592
896.6854,196.79713,80.7702,119.13592
890.80994,192.48843,80.7702,119.13592
884.1511,187.39633,80.7702,119.13592
876.70874,183.08763,80.7702,119.13592
870.0499,177.99553,80.7702,119.13592
865.7412,174.47023,80.7702,119.13592
859.0823,169.37813,80.7702,119.13592
852.42346,162.71922,80.7702,119.13592
844.19775,154.49353,80.7702,119.13592
835.1886,144.70103,80.7702,119.13592
827.74634,134.12514,80.7702,119.13592
821.87085,121.199036,80.7702,119.13592
813.64514,112.97334,80.7702,119.13592
799.93567,96.13025,80.7702,119.13592
788.5763,78.50375,80.7702,119.13592
778.00037,59.31046,80.7702,119.13592
769.77466,51.08476,80.7702,119.13592
764.6826,40.50886,80.7702,119.13592
757.24023,30.716366,80.7702,119.13592
750.5814,21.707264,80.7702,119.13592
744.70593,14.264965,80.7702,119.13592
735.2782,7.663975,82.55724,121.7718
729.2727,1.6584816,82.55724,121.7718
727.2709,3.6603127,82.55724,121.7718
719.66394,7.263607,82.55724,121.7718
711.2562,6.0625114,82.55724,121.7718
702.8485,2.4592133,82.55724,121.7718
696.0423,6.8632393,82.55724,121.7718
690.0368,10.466534,82.55724,121.7718
683.2306,14.069828,82.55724,121.7718
672.7636,8.153545,84.38382,124.465996
669.08057,11.836567,84.38382,124.465996
641.3991,3.2419662,86.25081,127.2198
623.5204,-2.9390068,88.15911,130.03455
613.68713,-6.786804,88.15911,130.03455
604.7089,-11.489666,88.15911,130.03455
596.5858,-16.192528,88.15911,130.03455
589.31775,-20.040325,88.15911,130.03455
582.9048,-24.743187,88.15911,130.03455
574.7817,-30.301113,88.15911,130.03455
565.37866,-34.844578,90.109634,132.91156
559.39465,-34.04802,92.10331,135.85223
556.05865,-33.233837,94.1411,138.85797
554.5436,-32.401638,96.22397,141.9302
558.8047,-27.677887,98.35292,145.07042
431.45413,99.672676,98.35292,145.07042
424.2996,98.24177,98.35292,145.07042
422.1302,114.04019,96.255516,141.97675
417.92902,121.97574,96.255516,141.97675
414.0062,130.23846,94.202835,138.94905
410.8083,135.26373,94.202835,138.94905
406.69672,137.54794,94.202835,138.94905
401.67145,137.0911,94.202835,138.94905
393.90512,130.23846,94.202835,138.94905
387.96616,120.64477,94.202835,138.94905
382.9409,109.22372,94.202835,138.94905
378.8293,93.23423,94.202835,138.94905
374.71774,82.72686,94.202835,138.94905
371.75922,65.27424,92.19393,135.98592
367.73532,45.15474,92.19393,135.98592
362.81723,18.77584,92.19393,135.98592
356.11072,-10.28566,92.19393,135.98592
348.1328,-29.880783,94.23372,138.9946
352.24573,-45.875504,94.23372,138.9946
317.9713,-90.203735,94.23372,138.9946
380.57922,-98.88659,94.23372,138.9946
252.94423,9.0996475,96.31864,142.06985
232.97855,-9.433678,98.44969,145.21315
143.6977,-77.70727,98.44969,145.21315
93.56675,-86.77859,98.44969,145.21315
51.07479,-91.07552,98.44969,145.21315
36.274223,-83.913956,98.44969,145.21315
-24.360365,-15.640369,98.44969,145.21315
-24.954123,-21.704865,100.62789,148.426
-26.573622,-2.588478,102.85429,151.70992
-26.074823,-16.056026,102.85429,151.70992
-23.580833,-14.559631,102.85429,151.70992
-26.271168,-14.685413,105.12994,155.0665
-68.58739,-8.057571,105.12994,155.0665
-61.07814,-18.689308,102.88801,151.75966
-57.58541,-23.179962,102.88801,151.75966
-27.148752,-18.689308,102.88801,151.75966
-27.647715,-21.184116,102.88801,151.75966
-22.222317,-33.512836,100.69389,148.52335
-20.757353,-25.21138,100.69389,148.52335
-31.012094,-23.746418,100.69389,148.52335
-51.11862,18.785606,98.54656,145.35603
80.17755,-41.826046,100.726906,148.57204
46.472347,-18.867432,100.726906,148.57204
12.767147,1.1602936,100.726906,148.57204
-7.0987167,18.268288,102.95549,151.85919
-11.294601,147.41672,100.75993,148.62074
9.390251,146.27954,102.98925,151.90898
29.496395,156.51724,105.26789,155.26997
34.090923,120.27152,105.26789,155.26997
27.454388,86.06783,105.26789,155.26997
20.817852,50.843132,105.26789,155.26997
11.708622,8.342659,107.59695,158.70532
5.9688454,-6.7894745,107.59695,158.70532
2.3162613,-15.660038,107.59695,158.70532
-1.3363228,-20.356216,107.59695,158.70532
2.3162613,-19.83442,107.59695,158.70532
9.099632,-20.356216,107.59695,158.70532
30.493343,-19.83442,107.59695,158.70532
67.540985,-23.487003,107.59695,158.70532
110.850204,-22.965206,107.59695,158.70532
169.81335,-27.661385,107.59695,158.70532
242.88072,-30.495602,105.30241,155.32088
330.20532,-35.091633,105.30241,155.32088
433.21606,-39.83426,103.0568,152.0086
527.67456,-46.331398,103.0568,152.0086
601.1422,-49.82986,103.0568,152.0086
598.4466,-25.066841,105.33693,155.3718
636.4978,-17.009304,103.09058,152.05844
674.99347,-12.509808,103.09058,152.05844
698.7408,-7.5153427,100.89214,148.81575
720.7585,-5.0689316,100.89214,148.81575
730.79456,-3.9537582,98.740585,145.64221
727.69354,1.7530365,96.63491,142.53635
712.2285,5.970764,96.63491,142.53635
694.73926,2.5218964,94.57414,139.49672
658.5065,7.566971,94.57414,139.49672
613.09796,12.148834,92.55732,136.52191
554.297,16.188599,92.55732,136.52191
492.8029,19.330635,92.55732,136.52191
572.25146,-42.163498,92.55732,136.52191
511.65506,-42.612362,92.55732,136.52191
435.79733,-37.674877,92.55732,136.52191
369.81458,-32.737392,92.55732,136.52191
307.78464,-30.056416,94.60515,139.54247
255.0234,-25.927277,94.60515,139.54247
203.99704,-26.994965,96.69829,142.62984
157.57156,-22.774467,96.69829,142.62984
122.89508,-20.801659,94.63617,139.58821
93.38163,-17.98621,92.61803,136.61145
67.65904,-18.099472,94.6672,139.63397
36.899723,-16.72219,94.6672,139.63397
14.404102,-12.590343,94.6672,139.63397
-3.500576,-10.294872,94.6672,139.63397
-7.6324234,-11.672153,94.6672,139.63397
-10.846085,-9.376682,94.6672,139.63397
-13.141556,-7.081211,94.6672,139.63397
-9.927895,-7.540306,94.6672,139.63397
-12.223366,-4.326645,94.6672,139.63397
-9.927895,-3.8675537,94.6672,139.63397
-6.6883583,-6.8411865,96.76171,142.72337
-6.219105,-3.556427,96.76171,142.72337
-5.828987,-3.674759,98.902565,145.88113
-3.4397545,-2.8004684,101.09078,149.10875
0.019599915,-1.9068298,103.327415,152.40778
4.5952606,-0.99342346,105.61353,155.7798
6.0838394,-7.4992065,107.95023,159.22643
-1.7688293,-2.7876053,107.95023,159.22643
3.9897919,0.876976,107.95023,159.22643
5.511307,-5.772751,110.33863,162.74931
-0.7057495,-3.6870499,112.77987,166.35014
-1.2526817,0.14147949,112.77987,166.35014
-1.9328651,-6.8057556,115.27512,170.03064
-3.7880936,-5.7867355,117.825584,173.79257
-4.498707,-7.1164856,120.43247,177.63773
-7.41893,-5.3643494,120.43247,177.63773
-6.9333725,-6.7235184,123.09704,181.56796
-6.3364067,-8.51442,123.09704,181.56796
-9.321239,-4.335655,123.09704,181.56796
-7.586235,-9.441017,125.82056,185.58516
-10.637108,-5.169792,125.82056,185.58516
-12.662056,-6.589775,128.60434,189.69124
-13.285732,-3.471405,128.60434,189.69124
-14.061352,-3.6286774,131.4497,193.88815
-14.854137,-5.1121902,134.35803,198.17793
-12.960415,-3.9244766,137.3307,202.56262
-19.316414,-5.4743576,140.36914,207.04433
-19.997143,-4.7936325,140.36914,207.04433
-20.677872,-2.7514496,140.36914,207.04433
-22.720058,2.013649,140.36914,207.04433
-20.677872,4.055832,140.36914,207.04433
-27.1745,2.4716568,143.47481,211.62518
-27.870289,7.342186,143.47481,211.62518
-29.957657,10.821136,143.47481,211.62518
-33.436607,10.125343,143.47481,211.62518
-38.307137,14.9958725,143.47481,211.62518
-46.391266,7.601593,146.64919,216.30739
-42.835342,11.1575165,146.64919,216.30739
-53.503105,14.71344,146.64919,216.30739
-61.326134,19.691727,146.64919,216.30739
-54.925476,21.82528,146.64919,216.30739
-67.01561,28.225945,146.64919,216.30739
-62.024544,33.959755,143.52185,211.69456
-72.46481,34.65577,143.52185,211.69456
-67.59269,40.91993,143.52185,211.69456
-72.100105,50.556625,140.4612,207.18011
-67.31965,67.86647,137.46582,202.76193
46.6649,-23.599213,140.50725,207.24805
48.7091,-20.192223,140.50725,207.24805
42.206085,-18.95015,143.61597,211.8334
35.55919,-17.680595,146.79347,216.52022
28.765228,-16.38295,150.04128,221.31073
21.820953,-16.566437,153.36093,226.20723
226.14783,18.740692,156.75404,231.21207
231.512,23.281174,160.22223,236.32764
226.07294,27.166214,160.22223,236.32764
219.07986,27.943222,160.22223,236.32764
211.6644,29.359581,163.76715,241.55638
204.5166,28.565376,163.76715,241.55638
198.58502,30.013062,167.3905,246.90082
194.52618,35.69545,167.3905,246.90082
188.84378,41.37784,167.3905,246.90082
179.41212,39.48871,171.09402,252.3635
171.49348,41.00116,174.87949,257.94705
167.25304,46.937775,174.87949,257.94705
155.63962,50.24347,178.74869,263.65414
141.97052,42.83,182.7035,269.4875
129.83754,42.606567,186.74582,275.4499
117.43611,40.498993,190.87756,281.54422
100.918755,36.424026,195.10072,287.77338
87.96248,36.18544,199.41733,294.14035
76.72626,35.941574,203.82944,300.6482
63.19033,33.641205,208.33916,307.30005
51.45141,29.19345,212.94865,314.09906
42.157036,34.356995,212.94865,314.09906
28.01551,29.810837,217.66014,321.0485
18.515503,35.088623,217.66014,321.0485
13.237724,40.36641,217.66014,321.0485
-3.4069595,29.148819,222.47588,328.1517
-13.703682,28.876755,227.39815,335.41205
-21.42315,36.596222,227.39815,335.41205
-29.142616,39.90457,227.39815,335.41205
-36.862083,38.80179,227.39815,335.41205
-44.58155,44.31569,227.39815,335.41205
-45.684334,54.240723,227.39815,335.41205
-46.448433,67.38341,222.54881,328.25928
-53.437763,80.245804,217.80289,321.25906
-67.16899,81.30205,217.80289,321.25906
-80.90022,90.80829,217.80289,321.25906
-92.51896,87.63954,217.80289,321.25906
-104.79113,69.83946,222.62178,328.3669
-99.393036,77.39679,222.62178,328.3669
26.92228,97.90953,222.62178,328.3669
51.7535,83.8745,222.62178,328.3669
52.833122,76.31717,222.62178,328.3669
40.95733,88.19296,222.62178,328.3669
29.081535,95.75029,222.62178,328.3669
24.171112,94.048584,217.8743,321.36438
10.435379,101.44476,217.8743,321.36438
1.5560455,109.96336,213.22806,314.5112
-5.140564,114.31355,208.68091,307.80417
-15.596092,118.571,204.23073,301.24014
-25.828651,130.3747,199.87544,294.8161
-33.974453,140.05814,195.61304,288.52905
-42.51219,146.69861,195.61304,288.52905
-47.25538,155.23636,195.61304,288.52905
-38.71764,165.67139,195.61304,288.52905
-24.150017,169.369,199.94098,294.91275
-9.260078,165.10056,204.36467,301.43768
1.6417923,162.12732,204.36467,301.43768
-2.8659363,147.19157,200.00653,295.00943
-9.147308,151.27203,195.74133,288.71826
-17.124626,158.92528,191.5671,282.56125
-6.9054413,157.99626,191.5671,282.56125
3.196106,169.06804,187.48187,276.53555
-6.8051453,175.43248,187.48187,276.53555
1.3283005,170.494,183.48376,270.63834
-5.3174133,153.65231,187.54335,276.62622
-4.561287,136.43799,191.69275,282.74658
-11.068665,120.63434,191.69275,282.74658
-11.998291,112.2677,191.69275,282.74658
195.30826,206.15991,191.69275,282.74658
166.48987,221.96356,191.69275,282.74658
132.09372,271.23373,191.69275,282.74658
99.192696,341.45044,187.60484,276.71692
30.099083,395.9683,191.7556,282.8393
-18.946457,493.0976,187.66635,276.80765
-55.95896,453.2105,191.81847,282.932
-76.41822,439.46423,196.06245,289.19186
-113.1137,427.38684,200.40033,295.59024
-129.63522,428.3587,200.40033,295.59024
-142.94342,428.11362,204.83418,302.1302
-148.30122,427.8631,209.36613,308.81482
-153.77756,429.71387,213.99837,315.64734
-155.0682,433.759,218.73308,322.63104
-154.18633,437.89368,223.57254,329.76926
4.199318,133.90065,228.51909,337.0654
-10.207512,79.59799,228.51909,337.0654
-22.397903,65.19116,228.51909,337.0654
-21.289688,79.59799,228.51909,337.0654
-31.263649,65.19116,228.51909,337.0654
-25.722565,81.81442,228.51909,337.0654
-22.397911,98.4377,228.51909,337.0654
-27.938995,84.03087,228.51909,337.0654
-24.614342,96.22127,228.51909,337.0654
-36.804733,81.81444,228.51909,337.0654
-31.263649,96.22127,228.51909,337.0654
-42.713127,94.47446,223.64584,329.87738
-33.010788,109.49103,218.87653,322.84265
-35.792435,116.002655,214.20892,315.95795
-26.499496,124.377945,209.64085,309.22006
-35.04328,126.69513,205.1702,302.62585
-29.978554,121.290726,200.79488,296.17227
-36.284683,121.632996,196.51286,289.85632
-37.237686,109.24397,196.51286,289.85632
-43.908695,100.66696,196.51286,289.85632
-58.203716,52.06389,196.51286,289.85632
-70.592735,39.674866,196.51286,289.85632
-54.391712,46.34587,196.51286,289.85632
-47.720703,54.922882,196.51286,289.85632
-31.519676,57.78189,196.51286,289.85632
-34.37868,72.076904,196.51286,289.85632
-38.713226,88.94588,192.32217,283.67505
-45.241974,86.14784,192.32217,283.67505
-51.77072,75.88838,192.32217,283.67505
-57.810757,67.22655,188.22084,277.62558
-67.24117,53.470642,184.20697,271.70514
-77.06773,23.990982,184.20697,271.70514
-69.02782,8.804489,184.20697,271.70514
-60.98791,-2.8087158,184.20697,271.70514
-35.08154,-19.78186,184.20697,271.70514
-26.924278,-40.397232,188.28255,277.7166
-15.054138,-55.91973,188.28255,277.7166
0.15472412,-73.200485,184.26736,271.79422
-0.7388916,-83.03026,184.26736,271.79422
-3.0807037,-75.82564,180.33781,265.99814
-0.31487274,-70.46055,176.49205,260.32565
-6.3062363,-74.7401,176.49205,260.32565
-3.7385101,-72.17236,176.49205,260.32565
-7.631447,-66.921684,172.7283,254.77412
-3.443161,-57.70746,172.7283,254.77412
-13.71212,-60.64255,169.04482,249.34099
-19.021114,-50.87245,165.43988,244.02371
-24.216892,-41.310707,161.91182,238.81984
-20.290886,-32.673492,161.91182,238.81984
-27.3577,-22.465874,161.91182,238.81984
-28.142902,-9.117447,161.91182,238.81984
-27.3577,7.371788,161.91182,238.81984
-20.333546,9.161423,158.459,233.72693
-27.249657,13.003708,158.459,233.72693
-26.300747,19.199257,155.07982,228.74263
-26.821842,22.363144,151.77269,223.86462
-29.029938,23.099182,151.77269,223.86462
-31.238033,19.419022,151.77269,223.86462
-33.44613,21.627121,151.77269,223.86462
-38.598347,20.891083,151.77269,223.86462
-31.974064,18.682983,151.77269,223.86462
-38.598347,19.419022,151.77269,223.86462
-42.278503,17.210938,151.77269,223.86462
-34.18216,16.4749,151.77269,223.86462
-40.806442,17.210938,151.77269,223.86462
-47.430725,15.002838,151.77269,223.86462
-37.862316,15.738869,151.77269,223.86462
-44.486595,12.058716,151.77269,223.86462
-40.806442,14.266808,151.77269,223.86462
-34.085472,11.026672,155.13066,228.81763
-36.34242,5.76046,155.13066,228.81763
-28.066944,-25.084496,155.13066,228.81763
-64.90683,-19.029984,158.56293,233.88022
-74.90332,-27.488556,158.56293,233.88022
-84.330124,-13.877266,155.18152,228.89265
-79.04867,16.852432,151.87222,224.01144
-68.20069,11.432175,148.6335,219.23433
-74.25817,10.2960205,145.46385,214.5591
-65.0875,5.357971,145.46385,214.5591
-51.977512,16.48494,142.36179,209.98357
-60.952614,28.221611,142.36179,209.98357
-51.977512,34.435143,142.36179,209.98357
-60.44114,45.32482,139.32588,205.5056
-50.489334,57.284775,136.35472,201.12314
-59.87055,60.066643,133.44691,196.83412
-28.159748,67.18539,133.44691,196.83412
-21.040997,105.367775,133.44691,196.83412
-29.902958,24.633263,136.39943,201.18907
-18.657837,-46.144844,136.39943,201.18907
-20.64227,-53.421097,136.39943,201.18907
-27.918522,-60.69735,136.39943,201.18907
-27.257046,85.489204,136.39943,201.18907
-32.815926,79.34602,133.49068,196.89865
-45.743927,87.06124,130.64395,192.69972
-55.24742,92.76333,130.64395,192.69972
-64.75091,88.32836,130.64395,192.69972
104.411224,19.269669,130.64395,192.69972
91.79146,29.627098,133.53445,196.96321
-16.355015,100.21372,133.53445,196.96321
-22.18327,89.204796,133.53445,196.96321
-27.62539,94.42583,130.6868,192.76291
-23.188972,87.454315,130.6868,192.76291
-30.160484,80.4828,130.6868,192.76291
22.442734,30.41468,130.6868,192.76291
-10.983177,7.42453,127.899864,188.65218
1.1158142,16.277367,130.72964,192.82611
-40.875984,40.942863,127.941795,188.71404
-5.598789,24.049446,130.7725,192.88933
-15.1116295,11.999847,130.7725,192.88933
-29.697987,17.70755,130.7725,192.88933
-93.751114,3.121193,130.7725,192.88933
-28.17371,3.344101,127.98374,188.77591
-22.506191,-12.266975,130.81538,192.95258
-7.9150505,-10.363785,130.81538,192.95258
-15.285881,31.60022,133.70967,197.22165
-10.746849,24.467453,133.70967,197.22165
-19.176483,9.553482,133.70967,197.22165
-11.909901,-2.7195282,136.668,201.58517
-0.87029266,10.289909,133.75351,197.28632
3.7067947,19.54792,136.7128,201.65128
0.69127655,14.668694,133.79736,197.351
-11.015614,-22.627594,130.94409,193.14243
-7.8523407,2.248001,133.84123,197.4157
-12.05574,-1.2775269,130.98703,193.20575
-35.253464,-30.435951,133.88512,197.48042
-30.708473,-11.606705,133.88512,197.48042
-21.145298,-33.907867,131.02998,193.26909
153.42947,37.132736,133.92902,197.54517
142.38802,46.8752,133.92902,197.54517
-31.027718,-40.806915,133.92902,197.54517
-32.976208,-33.662445,133.92902,197.54517
-33.625706,-38.208923,133.92902,197.54517
-34.275204,-38.85842,133.92902,197.54517
-34.9247,-35.610935,133.92902,197.54517
-19.55996,22.176666,136.8922,201.91585
-25.13892,-23.660774,133.97293,197.60992
-28.643223,-37.306095,136.93709,201.98204
-29.103355,-33.232185,134.01686,197.67471
-28.56303,-40.139027,136.98198,202.04826
-32.865063,-38.624947,134.06079,197.73952
-68.62255,-24.972084,134.06079,197.73952
-91.37732,-20.421127,134.06079,197.73952
-96.84089,-13.926239,131.2019,193.52266
-102.56734,-9.472336,131.2019,193.52266
-98.113434,-20.288956,131.2019,193.52266
-97.58446,-28.370987,134.10475,197.80435
-32.843433,-26.888718,131.24493,193.58612
-29.66103,-19.887436,131.24493,193.58612
-21.386784,27.848602,131.24493,193.58612
-20.750301,83.2224,131.24493,193.58612
-12.29697,31.55471,134.14873,197.86922
166.43298,140.73396,137.11678,202.24707
195.96126,128.14822,140.15048,206.72179
204.98817,113.8737,143.25131,211.2955
195.95699,127.07312,143.25131,211.2955
183.5609,115.36582,146.42075,215.97041
170.06944,130.27744,146.42075,215.97041
173.6066,119.78451,149.66031,220.74876
163.66794,127.13152,152.97154,225.63283
170.44199,114.62983,156.35603,230.62495
172.64578,117.585396,159.81541,235.72752
173.2901,115.78175,163.35133,240.943
173.94872,117.22578,166.96548,246.27385
177.99724,121.27433,166.96548,246.27385
176.99026,124.430435,170.65959,251.72266
179.39566,125.93906,174.43544,257.29202
183.60957,123.97041,178.29483,262.98462
193.12074,112.729935,178.29483,262.98462
201.01617,101.74698,182.23961,268.80316
207.25247,86.85333,186.27167,274.75043
217.18918,71.49663,186.27167,274.75043
232.5459,54.333252,186.27167,274.75043
242.669,29.737976,190.39293,280.82928
254.67218,10.348206,190.39293,280.82928
270.36865,-18.27478,190.39293,280.82928
289.30777,-33.96933,186.33275,274.8405
307.84302,-44.103363,182.35915,268.97946
322.87717,-53.831345,182.35915,268.97946
336.45773,-65.06466,186.39384,274.93063
354.99905,-69.97447,182.41895,269.06766
589.43176,-23.087929,182.41895,269.06766
592.0857,-16.895363,182.41895,269.06766
607.12476,-28.395836,182.41895,269.06766
622.1638,-22.20327,182.41895,269.06766
608.89404,-33.703743,182.41895,269.06766
622.1638,-31.04979,182.41895,269.06766
647.13116,-20.50673,178.52881,263.3297
670.5074,-38.68824,178.52881,263.3297
704.9562,-28.370003,174.72163,257.7141
725.6033,-18.271812,170.99564,252.21828
756.9999,-25.973145,167.3491,246.83965
778.3402,-19.43,163.78033,241.57571
799.22534,-16.088608,160.28767,236.42404
816.6683,-9.821556,156.86949,231.38223
826.558,0.06816864,156.86949,231.38223
817.2319,19.4001,153.5242,226.44794
816.716,36.884537,150.25024,221.61887
819.0204,42.759132,147.04611,216.89278
821.27563,47.13378,143.91031,212.26747
826.17346,51.415154,140.84138,207.7408
824.38354,55.60521,137.8379,203.31067
832.9405,62.28308,134.89847,198.975
829.96497,71.34076,132.02171,194.73181
835.7272,77.10298,132.02171,194.73181
834.0494,83.499084,129.20631,190.5791
838.4468,90.96668,126.45095,186.51494
842.75037,99.45717,123.75435,182.53745
844.64844,108.92351,121.11525,178.64478
846.5059,115.92347,118.53243,174.83513
843.8915,123.88226,116.00469,171.10672
839.16376,130.58685,113.53085,167.45782
834.5369,137.14847,111.10977,163.88673
837.2311,145.23099,111.10977,163.88673
836.8577,154.7688,108.740326,160.3918
837.5089,163.08667,106.4214,156.97139
837.1513,172.22205,104.15193,153.62393
834.62585,178.78822,104.15193,153.62393
833.3022,187.72879,101.93086,150.34785
830.83057,193.16632,101.93086,150.34785
825.39307,200.58112,101.93086,150.34785
820.9442,208.98456,101.93086,150.34785
813.5294,217.388,101.93086,150.34785
810.06915,224.8028,101.93086,150.34785
809.5748,232.21759,101.93086,150.34785
803.1487,237.65512,101.93086,150.34785
796.72253,242.104,101.93086,150.34785
789.7097,246.08936,99.75716,147.14165
782.45306,241.73535,99.75716,147.14165
775.1964,244.15424,99.75716,147.14165
768.9073,239.80023,99.75716,147.14165
761.65063,237.38135,99.75716,147.14165
755.3615,237.86511,99.75716,147.14165
750.04,232.54355,99.75716,147.14165
748.7722,240.17427,97.62981,144.00381
744.51105,236.86003,97.62981,144.00381
739.303,242.0681,97.62981,144.00381
735.0418,246.32927,97.62981,144.00381
727.9399,245.85582,97.62981,144.00381
721.78485,238.75389,97.62981,144.00381
715.6298,240.17427,97.62981,144.00381
708.5279,234.9662,97.62981,144.00381
705.2137,232.59889,97.62981,144.00381
701.8995,227.39082,97.62981,144.00381
699.53217,220.2889,97.62981,144.00381
695.271,212.24004,97.62981,144.00381
698.5852,197.56273,97.62981,144.00381
701.8994,187.62004,97.62981,144.00381
695.41595,166.86957,99.78986,147.1899
692.80585,151.68498,101.99771,150.44647
696.2962,134.11166,104.25441,153.7751
690.73474,115.404915,104.25441,153.7751
689.21796,94.675804,104.25441,153.7751
692.7571,72.93551,104.25441,153.7751
686.18445,53.217567,104.25441,153.7751
689.7236,33.499634,104.25441,153.7751
681.1286,15.804047,104.25441,153.7751
673.5448,-4.925064,104.25441,153.7751
666.97217,-20.598297,104.25441,153.7751
672.4696,-26.268356,102.03115,150.4958
673.08057,-29.909813,99.85531,147.28644
674.61206,-32.540108,97.72586,144.14551
677.93805,-32.373528,95.64183,141.07156
680.299,-33.104614,93.60224,138.06317
678.2344,-38.19533,91.60615,135.11893
677.0702,-40.608337,89.65262,132.23747
675.93085,-37.103027,87.740746,129.41747
673.1753,-37.77372,85.869644,126.6576
668.0702,-39.23286,84.038445,123.95659
661.14185,-43.715904,84.038445,123.95659
652.2174,-45.143932,82.2463,121.31318
635.8642,-45.542793,82.2463,121.31318
570.05255,-42.750782,82.2463,121.31318
563.272,-35.97019,82.2463,121.31318
553.30054,-29.189594,82.2463,121.31318
547.3177,-24.004433,82.2463,121.31318
542.1325,-19.61699,82.2463,121.31318
528.97015,-22.408997,82.2463,121.31318
517.40326,-18.819271,82.2463,121.31318
509.02725,-11.240959,82.2463,121.31318
502.24667,-2.864933,82.2463,121.31318
495.95724,4.4831734,84.066,123.99723
489.3876,8.555946,82.27327,121.35295
481.00882,10.550896,82.27327,121.35295
474.22598,18.929672,82.27327,121.35295
469.8371,28.904404,82.27327,121.35295
466.2462,40.47509,82.27327,121.35295
461.05933,47.257904,82.27327,121.35295
455.0745,53.242744,82.27327,121.35295
448.78296,54.797935,84.09357,124.03789
441.506,58.07998,85.95414,126.78223
434.06808,59.70475,87.85587,129.58728
425.9729,63.539314,87.85587,129.58728
415.32135,62.261124,87.85587,129.58728
404.18256,58.61737,89.79968,132.45439
392.7973,58.507553,91.7865,135.38495
383.00742,64.86073,93.817276,138.38034
373.0009,66.63415,95.89298,141.442
362.773,66.51688,98.01462,144.57141
352.79114,71.74548,98.01462,144.57141
341.35065,75.57085,100.18319,147.77005
323.60828,68.39145,102.39974,151.03946
311.6559,68.26623,104.66534,154.38121
299.43912,70.2447,106.98106,157.79689
289.1051,74.42,109.348015,161.28815
281.15076,81.31377,109.348015,161.28815
270.5881,87.78216,111.76734,164.85664
259.20563,87.240135,111.76734,164.85664
246.7391,85.61407,111.76734,164.85664
234.81804,82.1033,114.2402,168.50409
223.18373,76.00914,114.2402,168.50409
213.76549,71.02301,114.2402,168.50409
202.73029,60.53708,116.76776,172.23224
178.32253,22.529785,114.27766,168.55934
167.79279,10.891663,114.27766,168.55934
158.37144,3.687111,114.27766,168.55934
147.8417,-1.3006592,114.27766,168.55934
139.52876,-5.180031,114.27766,168.55934
130.10742,-10.167801,114.27766,168.55934
122.90286,-7.39682,114.27766,168.55934
114.58992,-11.276192,114.27766,168.55934
108.49376,-4.07164,114.27766,168.55934
100.18082,-10.167801,114.27766,168.55934
90.18185,-12.109673,111.84065,164.96477
82.04618,-7.2282715,111.84065,164.96477
72.82575,-12.109673,111.84065,164.96477
61.994465,-14.010124,109.45562,161.44684
52.97067,-7.1095734,109.45562,161.44684
42.88525,-10.825256,109.45562,161.44684
33.861454,-7.1095734,109.45562,161.44684
25.89928,-4.455513,109.45562,161.44684
20.833408,-1.2850647,111.87733,165.01884
11.609959,-6.168068,111.87733,165.01884
2.386509,-3.4552917,111.87733,165.01884
-2.7914467,-0.21469879,114.352615,168.66989
-2.236885,5.88546,114.352615,168.66989
1.6450348,14.203857,114.352615,168.66989
-5.5642433,15.867538,114.352615,168.66989
74.84695,140.64352,114.352615,168.66989
73.183266,141.19809,114.352615,168.66989
68.19223,143.97089,114.352615,168.66989
65.41943,143.41632,114.352615,168.66989
54.373356,143.27649,116.88267,172.40172
44.25906,144.30972,119.4687,176.21611
20.696846,150.17458,122.11194,180.1149
-0.029777527,164.97931,122.11194,180.1149
-7.728237,165.5715,122.11194,180.1149
-13.057941,163.79494,122.11194,180.1149
-13.794411,156.27284,124.81367,184.09995
-18.315113,149.8403,127.57517,188.17316
-20.368294,154.81937,130.39777,192.33649
-22.265408,166.83444,130.39777,192.33649
-21.739677,157.48978,133.28282,196.59193
-25.225925,134.52632,136.2317,200.94153
-30.160183,127.50534,139.24583,205.38736
-39.407234,118.92781,142.32664,209.93155
-35.968987,111.592705,145.47562,214.57628
-45.629745,102.63142,148.69426,219.32378
-43.53396,96.464424,151.98412,224.17632
-53.626938,103.925514,155.34677,229.13622
-45.18447,91.2297,158.78381,234.20586
-55.194885,98.15998,158.78381,234.20586
-48.264595,92.76975,158.78381,234.20586
-61.355137,91.99972,158.78381,234.20586
-51.344727,98.93,158.78381,234.20586
-62.895203,91.99972,158.78381,234.20586
-52.88479,102.010124,158.78381,234.20586
-44.41444,105.86028,158.78381,234.20586
-55.964916,102.010124,158.78381,234.20586
-47.494568,101.24009,158.78381,234.20586
-62.12517,95.84986,158.78381,234.20586
-56.734947,95.07983,158.78381,234.20586
-69.825485,88.14954,158.78381,234.20586
-64.435265,82.759315,158.78381,234.20586
-60.585106,77.36909,158.78381,234.20586
-70.02504,76.15534,155.3977,229.21135
-64.73624,80.77845,152.0838,224.32335
-61.048534,72.66552,152.0838,224.32335
-52.9356,61.602425,152.0838,224.32335
-43.140064,32.338943,155.44865,229.2865
-12.792496,-5.3932724,158.88795,234.35947
-12.151901,-13.581894,162.40335,239.54466
-12.939484,-20.670158,162.40335,239.54466
-12.151901,-27.758423,162.40335,239.54466
-6.638809,-33.271515,162.40335,239.54466
-4.2760544,-38.784607,162.40335,239.54466
1.2370377,-42.722534,162.40335,239.54466
8.325302,-45.08529,162.40335,239.54466
-1.9132996,-47.448044,162.40335,239.54466
6.7501373,-43.510117,162.40335,239.54466
-3.4884644,-45.87287,162.40335,239.54466
5.1749725,-38.784607,162.40335,239.54466
-5.063629,-34.84668,162.40335,239.54466
-4.2760468,-26.183243,162.40335,239.54466
-6.6388016,-17.519806,162.40335,239.54466
-9.001556,-7.281204,162.40335,239.54466
-13.249496,0.69138336,165.99652,244.84459
-15.921028,18.862747,169.66919,250.26178
-16.49115,77.83992,166.05095,244.92487
-20.51752,110.856155,166.05095,244.92487
-24.543892,147.0935,166.05095,244.92487
-23.549515,166.00458,162.50986,239.70177
-16.499416,202.74315,159.04428,234.59006
-26.526249,198.88667,159.04428,234.59006
-27.485462,166.68343,162.56314,239.78036
-33.373432,137.03937,166.15985,245.08551
-39.01405,128.17554,166.15985,245.08551
-48.37637,114.59602,169.83614,250.50803
-68.96713,110.477875,169.83614,250.50803
-63.20172,101.41794,169.83614,250.50803
-21.196556,126.950485,169.83614,250.50803
-15.431145,147.54124,169.83614,250.50803
-24.491081,169.77928,169.83614,250.50803
-10.772263,192.29689,166.21432,245.16586
-2.0075912,141.30273,162.66975,239.93762
-10.157822,155.26657,159.20078,234.82088
-12.181061,168.93262,155.80577,229.81325
-15.617714,186.67688,152.48317,224.91241
32.44825,150.44254,152.48317,224.91241
3.909172,171.73785,155.85686,229.8886
-9.577713,187.23088,159.30519,234.97488
-16.530754,200.3644,159.30519,234.97488
-15.758194,210.40767,159.30519,234.97488
-16.530754,212.72536,159.30519,234.97488
-20.393555,222.76863,159.30519,234.97488
-11.895393,225.08632,159.30519,234.97488
-15.758194,238.21983,159.30519,234.97488
-22.711235,257.5338,159.30519,234.97488
-14.053642,262.1482,162.82982,240.1737
-16.4226,267.67575,162.82982,240.1737
-22.320232,274.03073,166.43243,245.48755
-26.355854,286.1376,166.43243,245.48755
-36.84847,298.24448,166.43243,245.48755
-24.960491,315.6431,162.88321,240.25246
-17.8942,317.44348,159.40968,235.129
-9.390465,265.648,159.40968,235.129
-3.9789963,212.30638,159.40968,235.129
-7.84433,203.80266,159.40968,235.129
2.2055435,186.02211,159.40968,235.129
10.86882,169.78601,162.93661,240.33122
3.7572784,176.89755,162.93661,240.33122
-3.783821,168.50027,166.54158,245.64854
-14.283318,174.15384,166.54158,245.64854
-13.475662,168.50027,166.54158,245.64854
-6.2067795,148.30893,166.54158,245.64854
-5.399124,134.5788,166.54158,245.64854
-9.072578,128.63501,162.99004,240.41002
-5.12043,119.94027,162.99004,240.41002
-4.330002,111.24554,162.99004,240.41002
-9.863014,105.71253,162.99004,240.41002
-5.910866,98.598656,162.99004,240.41002
1.306839,65.59648,166.59619,245.7291
-13.10936,28.511284,170.28214,251.16585
-8.995781,26.589523,174.04962,256.7229
-14.904228,18.99295,174.04962,256.7229
-15.748291,24.901398,174.04962,256.7229
-17.960243,20.316734,170.33797,251.24821
-23.742695,24.44706,170.33797,251.24821
-27.873016,26.925255,170.33797,251.24821
-28.699081,31.05558,170.33797,251.24821
-29.525146,33.533775,170.33797,251.24821
-35.3076,32.70771,170.33797,251.24821
-32.829407,36.838036,170.33797,251.24821
181.574,175.66833,166.70546,245.89027
185.6892,183.74475,163.15042,240.64659
189.71664,190.12375,159.67119,235.51472
193.6582,196.3667,156.26616,230.49231
196.05487,193.71135,152.93373,225.577
198.40039,203.98001,149.67238,220.7665
204.89355,212.63043,146.48058,216.05858
212.61765,208.772,143.35683,211.45107
206.77524,219.73778,140.2997,206.9418
214.17339,214.73053,137.30777,202.5287
224.1616,224.71875,137.30777,202.5287
236.5365,231.37094,134.37964,198.20972
228.06464,241.14618,134.37964,198.20972
219.59277,250.92142,134.37964,198.20972
224.16624,237.33167,131.51395,193.98283
229.87167,228.94962,128.70937,189.84608
235.45541,226.76251,125.9646,185.79756
240.95328,222.48639,125.9646,185.79756
248.7731,217.99075,123.278366,181.83537
254.12125,221.65831,120.649414,177.95767
248.07635,218.48029,118.07653,174.16267
255.40651,221.99307,115.55851,170.44861
261.50003,216.78854,113.09419,166.81374
266.40634,221.21037,110.68243,163.25638
271.20804,220.36432,108.32209,159.77489
277.93265,222.57426,106.01209,156.36765
283.5879,227.20128,106.01209,156.36765
289.17804,225.39986,103.75135,153.03305
295.6189,231.39624,101.53882,149.76958
303.0052,235.828,101.53882,149.76958
309.40662,238.2901,101.53882,149.76958
314.8232,242.72186,101.53882,149.76958
320.2398,245.18396,101.53882,149.76958
323.68674,244.69153,101.53882,149.76958
330.08817,239.27493,101.53882,149.76958
334.51993,244.69153,101.53882,149.76958
340.92136,250.10812,101.53882,149.76958
346.2756,255.02744,99.373474,146.5757
349.64902,257.437,99.373474,146.5757
353.02243,257.9189,99.373474,146.5757
355.432,256.47318,99.373474,146.5757
361.69693,253.09976,99.373474,146.5757
364.1065,251.65402,99.373474,146.5757
366.51608,245.3891,99.373474,146.5757
369.8895,235.26883,99.373474,146.5757
372.29907,213.58252,99.373474,146.5757
377.60016,194.78772,99.373474,146.5757
380.97357,185.63129,99.373474,146.5757
388.07166,174.6527,97.2543,143.44992
395.14624,163.80496,97.2543,143.44992
400.3343,152.95723,97.2543,143.44992
405.52234,142.1095,97.2543,143.44992
406.93726,133.14833,97.2543,143.44992
410.23877,121.357315,97.2543,143.44992
411.6537,104.849884,97.2543,143.44992
415.89844,98.71855,97.2543,143.44992
419.1999,92.58722,97.2543,143.44992
424.38794,87.39917,97.2543,143.44992
426.74615,83.1544,97.2543,143.44992
430.04767,79.85292,97.2543,143.44992
431.4626,76.55144,97.2543,143.44992
431.9342,76.0798,97.2543,143.44992
436.17896,78.438,97.2543,143.44992
439.48047,77.02309,97.2543,143.44992
438.06555,79.38129,97.2543,143.44992
443.2536,77.96637,97.2543,143.44992
444.66852,83.15442,97.2543,143.44992
445.14014,82.682785,97.2543,143.44992
446.55505,83.15442,97.2543,143.44992
446.08344,85.51262,97.2543,143.44992
447.49835,86.927536,97.2543,143.44992
448.98993,89.82088,95.18033,140.39081
449.45148,91.20563,95.18033,140.39081
448.98993,93.513535,95.18033,140.39081
446.682,93.051956,95.18033,140.39081
445.29724,94.43671,95.18033,140.39081
445.75885,93.051956,95.18033,140.39081
445.29724,97.20621,95.18033,140.39081
443.91254,95.82146,95.18033,140.39081
443.45093,98.129364,95.18033,140.39081
438.37354,95.82146,95.18033,140.39081
440.68146,99.052536,95.18033,140.39081
436.52722,95.82146,95.18033,140.39081
437.91193,99.97571,95.18033,140.39081
434.68085,96.74463,95.18033,140.39081
433.29614,101.82204,95.18033,140.39081
435.60406,97.667786,95.18033,140.39081
431.44983,102.74519,95.18033,140.39081
430.06506,105.0531,95.18033,140.39081
426.83398,101.82202,95.18033,140.39081
423.6029,104.12993,95.18033,140.39081
418.5255,99.05252,95.18033,140.39081
412.5249,94.89827,95.18033,140.39081
408.37067,99.05252,95.18033,140.39081
405.1396,99.5141,95.18033,140.39081
400.0622,103.66835,95.18033,140.39081
395.90796,108.74576,95.18033,140.39081
393.60004,111.053665,95.18033,140.39081
389.4458,113.36157,95.18033,140.39081
383.4452,116.59265,95.18033,140.39081
377.44464,120.7469,95.18033,140.39081
372.3672,123.97798,95.18033,140.39081
370.2678,129.479,93.15058,137.39693
368.21313,135.73355,91.164116,134.46689
362.46576,139.71251,91.164116,134.46689
357.6026,143.69147,91.164116,134.46689
356.444,149.81264,89.22002,131.59933
352.5499,153.70674,89.22002,131.59933
355.58643,159.69737,87.317375,128.79294
350.92847,164.35533,87.317375,128.79294
348.81122,168.1664,87.317375,128.79294
353.41556,174.84557,85.45531,126.04639
349.68576,179.40419,85.45531,126.04639
348.59973,184.34315,83.63295,123.358406
353.79166,188.39494,81.84945,120.72775
353.5166,195.42102,80.10399,118.1532
353.90506,202.025,80.10399,118.1532
360.3756,210.39896,78.395744,115.633545
363.7766,217.86143,76.72393,113.167625
369.25687,223.01302,75.08777,110.754295
373.2163,227.35277,73.486496,108.392426
376.4237,228.42189,73.486496,108.392426
381.67273,232.6691,71.91937,106.080925
386.80978,236.15341,70.38567,103.81872
390.5645,239.22546,70.38567,103.81872
397.04996,239.5668,70.38567,103.81872
402.85272,241.95618,70.38567,103.81872
408.6555,240.93216,70.38567,103.81872
414.45825,243.32153,70.38567,103.81872
420.9437,245.02823,70.38567,103.81872
427.42914,245.36957,70.38567,103.81872
435.27994,247.07626,70.38567,103.81872
443.81342,248.78296,70.38567,103.81872
456.443,247.07626,70.38567,103.81872
463.6111,249.46564,70.38567,103.81872
476.2407,247.75894,70.38567,103.81872
488.1876,247.4176,70.38567,103.81872
499.4518,246.39359,70.38567,103.81872
508.668,247.4176,70.38567,103.81872
523.34564,245.7109,70.38567,103.81872
534.60986,246.05225,70.38567,103.81872
547.9221,247.07626,70.38567,103.81872
561.91705,245.36957,70.38567,103.81872
574.54663,245.02823,70.38567,103.81872
585.81085,242.63885,70.38567,103.81872
599.8058,240.93216,70.38567,103.81872
613.8007,237.8601,70.38567,103.81872
627.79565,237.51877,70.38567,103.81872
641.1079,233.76404,70.38567,103.81872
654.42017,230.69199,70.38567,103.81872
666.36707,226.93726,70.38567,103.81872
679.6793,223.18253,70.38567,103.81872
692.9916,220.11047,70.38567,103.81872
705.62115,217.03842,70.38567,103.81872
717.56805,213.96637,70.38567,103.81872
729.51495,210.21164,70.38567,103.81872
741.46185,207.82227,70.38567,103.81872
752.7261,205.43289,70.38567,103.81872
761.2596,200.3128,70.38567,103.81872
773.2065,197.24075,70.38567,103.81872
779.69196,193.48602,70.38567,103.81872
786.8601,190.41397,70.38567,103.81872
798.1243,187.34192,70.38567,103.81872
802.56177,181.53914,70.38567,103.81872
807.6819,178.46709,70.38567,103.81872
812.802,176.07771,70.38567,103.81872
817.9221,174.37102,70.38567,103.81872
821.6769,171.98164,70.38567,103.81872
825.43164,170.27495,70.38567,103.81872
828.5037,167.2029,70.38567,103.81872
830.8931,166.17888,70.38567,103.81872
832.59985,163.7895,70.38567,103.81872
830.21045,162.08281,70.38567,103.81872
832.59985,159.01076,70.38567,103.81872
826.79706,160.03477,70.38567,103.81872
822.3596,156.28004,70.38567,103.81872
817.9222,153.89067,70.38567,103.81872
814.1674,151.5013,70.38567,103.81872
809.73,149.11192,70.38567,103.81872
803.9272,147.40523,70.38567,103.81872
798.1244,145.01585,70.38567,103.81872
792.3216,142.62648,70.38567,103.81872
785.8361,143.6505,70.38567,103.81872
778.66797,139.21309,70.38567,103.81872
770.13446,137.5064,70.38567,103.81872
762.2836,135.11702,70.38567,103.81872
754.4328,133.41032,70.38567,103.81872
745.8993,135.7997,70.38567,103.81872
738.04846,130.67961,70.38567,103.81872
729.51495,129.6556,70.38567,103.81872
720.98145,128.63158,70.38567,103.81872
713.8133,128.29024,70.38567,103.81872
706.33875,130.38422,68.884674,101.60475
699.3235,129.38205,68.884674,101.60475
691.6401,131.72046,68.884674,101.60475
683.2886,134.0589,68.884674,101.60475
676.2733,136.39731,68.884674,101.60475
668.5899,134.72702,68.884674,101.60475
660.9065,128.37985,68.884674,101.60475
653.2231,124.70519,68.884674,101.60475
648.21216,126.375496,68.884674,101.60475
643.4729,128.42484,67.41569,99.437996
639.8766,128.0979,67.41569,99.437996
636.2803,130.38646,67.41569,99.437996
633.3378,132.02115,67.41569,99.437996
628.4338,133.65584,67.41569,99.437996
625.49133,134.63664,67.41569,99.437996
621.24115,136.27133,67.41569,99.437996
619.60645,138.55989,67.41569,99.437996
618.6256,138.23296,67.41569,99.437996
618.29865,139.86765,67.41569,99.437996
619.2795,139.54071,67.41569,99.437996
619.60645,137.90602,67.41569,99.437996
618.6256,138.88683,67.41569,99.437996
620.2603,141.17538,67.41569,99.437996
620.5873,141.50232,67.41569,99.437996
617.64484,141.17538,67.41569,99.437996
618.6257,141.50232,67.41569,99.437996
618.95264,139.86763,67.41569,99.437996
621.2412,142.15619,67.41569,99.437996
624.18365,141.17538,67.41569,99.437996
625.81836,140.19458,67.41569,99.437996
629.4147,139.21378,67.41569,99.437996
632.3571,137.57909,67.41569,99.437996
635.9534,135.29053,67.41569,99.437996
639.54974,133.00197,67.41569,99.437996
643.14606,134.63666,67.41569,99.437996
647.39624,133.65585,67.41569,99.437996
650.99255,133.98279,67.41569,99.437996
655.24274,134.9636,67.41569,99.437996
660.1468,136.59828,67.41569,99.437996
665.05084,138.23297,67.41569,99.437996
