721.0,227.0,33.0,100.0
719.73315,229.28033,33.0,100.0
719.4798,230.54718,33.0,100.0
717.70624,229.28033,33.0,100.0
717.4529,231.05392,33.0,100.0
716.18604,230.29382,33.0,100.0
714.50665,229.97618,33.730125,102.2125
713.72974,230.7531,33.730125,102.2125
712.4349,231.01207,33.730125,102.2125
712.1759,232.30696,33.730125,102.2125
711.399,233.08388,33.730125,102.2125
710.6221,233.34285,33.730125,102.2125
709.84515,234.63774,33.730125,102.2125
708.03235,234.37877,33.730125,102.2125
707.25543,236.1916,33.730125,102.2125
705.9606,235.93263,33.730125,102.2125
704.6657,236.70955,33.730125,102.2125
703.37085,236.96852,33.730125,102.2125
703.6298,236.70955,33.730125,102.2125
702.8529,236.45058,33.730125,102.2125
701.1363,235.58853,34.476406,104.47395
701.02954,234.15816,35.239197,106.78544
699.1356,234.42873,35.239197,106.78544
698.8651,235.2404,35.239197,106.78544
699.1356,234.96983,35.239197,106.78544
697.2417,235.2404,35.239197,106.78544
696.00977,233.77838,36.018864,109.14806
695.7332,235.16113,36.018864,109.14806
694.90356,234.33148,36.018864,109.14806
694.0739,234.60803,36.018864,109.14806
694.35046,234.88458,36.018864,109.14806
692.51746,232.81639,36.81578,111.562965
691.8169,231.28894,37.63033,114.031296
689.90186,230.92674,38.462902,116.55424
688.4253,231.22206,38.462902,116.55424
688.7206,231.51738,38.462902,116.55424
687.83466,232.99394,38.462902,116.55424
686.3581,232.69862,38.462902,116.55424
686.0628,234.17519,38.462902,116.55424
685.7675,233.28926,38.462902,116.55424
684.8816,234.76582,38.462902,116.55424
683.99567,233.28926,38.462902,116.55424
683.10974,234.17519,38.462902,116.55424
682.2238,235.06111,38.462902,116.55424
681.3379,233.58455,38.462902,116.55424
680.45197,235.65175,38.462902,116.55424
679.56604,237.12831,38.462902,116.55424
679.27075,236.24239,38.462902,116.55424
678.3848,237.12831,38.462902,116.55424
677.4989,236.833,38.462902,116.55424
676.613,237.12831,38.462902,116.55424
676.3177,239.19551,38.462902,116.55424
675.43176,238.30959,38.462902,116.55424
673.9552,239.78615,38.462902,116.55424
672.47864,238.90022,38.462902,116.55424
672.18335,240.37679,38.462902,116.55424
670.7068,241.26271,38.462902,116.55424
670.4115,242.14864,38.462902,116.55424
668.93494,241.85332,38.462902,116.55424
668.049,242.73924,38.462902,116.55424
667.1631,243.03456,38.462902,116.55424
666.8678,243.92049,38.462902,116.55424
665.39124,244.2158,38.462902,116.55424
666.27716,245.10173,38.462902,116.55424
664.8006,244.2158,38.462902,116.55424
663.9147,245.10173,38.462902,116.55424
663.02875,244.80641,38.462902,116.55424
662.73346,245.10173,38.462902,116.55424
662.4382,245.98766,38.462902,116.55424
661.55225,245.69234,38.462902,116.55424
660.6663,246.57826,38.462902,116.55424
660.37103,246.87358,38.462902,116.55424
658.41364,243.43948,39.313892,119.133
658.1118,244.34503,39.313892,119.133
656.6026,244.04318,39.313892,119.133
656.9044,244.94873,39.313892,119.133
655.3952,244.04318,39.313892,119.133
655.0934,245.55243,39.313892,119.133
653.58417,245.85428,39.313892,119.133
653.28235,247.36353,39.313892,119.133
652.37683,247.06168,39.313892,119.133
652.075,246.75983,39.313892,119.133
650.5658,247.06168,39.313892,119.133
651.4713,247.36353,39.313892,119.133
649.9621,247.66537,39.313892,119.133
648.4529,248.57092,39.313892,119.133
648.7547,248.87277,39.313892,119.133
647.8492,249.17462,39.313892,119.133
646.33997,248.26907,39.313892,119.133
646.6418,249.17462,39.313892,119.133
645.73627,248.87277,39.313892,119.133
644.83075,249.77832,39.313892,119.133
643.92523,250.08017,39.313892,119.133
641.8123,249.17462,39.313892,119.133
643.32153,250.08017,39.313892,119.133
640.6049,248.57092,39.313892,119.133
640.90674,250.08017,39.313892,119.133
639.3975,249.17462,39.313892,119.133
639.0957,249.47647,39.313892,119.133
638.1902,249.17462,39.313892,119.133
637.28467,249.47647,39.313892,119.133
636.98285,250.98572,39.313892,119.133
636.07733,250.08017,39.313892,119.133
635.7755,250.38202,39.313892,119.133
634.87,250.68387,39.313892,119.133
633.3608,251.58942,39.313892,119.133
633.6626,250.68387,39.313892,119.133
633.9644,250.98572,39.313892,119.133
632.4552,250.68387,39.313892,119.133
632.1534,251.58942,39.313892,119.133
631.85156,251.89127,39.313892,119.133
630.94604,252.79681,39.313892,119.133
630.6442,252.49496,39.313892,119.133
630.3424,253.40051,39.313892,119.133
629.4369,253.09866,39.313892,119.133
629.7387,253.40051,39.313892,119.133
630.0405,253.70236,39.313892,119.133
628.5313,254.60791,39.313892,119.133
629.4368,254.30606,39.313892,119.133
628.5313,255.21161,39.313892,119.133
628.8331,254.90976,39.313892,119.133
628.5313,255.8153,39.313892,119.133
627.6258,255.51346,39.313892,119.133
627.9276,254.60791,39.313892,119.133
626.4184,255.51346,39.313892,119.133
626.7202,254.60791,39.313892,119.133
627.02203,254.90976,39.313892,119.133
625.5128,255.21161,39.313892,119.133
626.41833,253.70236,39.313892,119.133
626.1165,254.60791,39.313892,119.133
625.211,254.30606,39.313892,119.133
625.5128,254.60791,39.313892,119.133
625.211,254.90976,39.313892,119.133
624.9092,255.21161,39.313892,119.133
624.00366,253.70236,39.313892,119.133
623.09814,254.00421,39.313892,119.133
623.39996,253.09866,39.313892,119.133
623.09814,253.40051,39.313892,119.133
622.1926,253.70236,39.313892,119.133
622.49445,254.00421,39.313892,119.133
623.39996,252.49496,39.313892,119.133
623.09814,252.19312,39.313892,119.133
623.39996,252.49496,39.313892,119.133
622.0255,250.23753,40.183712,121.76882
622.9511,249.929,40.183712,121.76882
623.46686,248.26184,41.072777,124.46296
622.5208,249.20789,41.072777,124.46296
624.0976,248.89255,41.072777,124.46296
622.5208,248.57721,41.072777,124.46296
623.46686,248.26187,41.072777,124.46296
623.1515,249.20792,41.072777,124.46296
622.20544,248.26187,41.072777,124.46296
622.5208,247.94653,41.072777,124.46296
621.57477,247.6312,41.072777,124.46296
622.5208,246.68515,41.072777,124.46296
620.94403,247.6312,41.072777,124.46296
621.8901,247.31586,41.072777,124.46296
620.3133,246.36981,41.072777,124.46296
619.36725,246.68515,41.072777,124.46296
618.4212,246.36981,41.072777,124.46296
618.7366,245.42377,41.072777,124.46296
617.7905,244.47772,41.072777,124.46296
618.1059,244.16238,41.072777,124.46296
617.15985,243.84705,41.072777,124.46296
616.8445,243.53171,41.072777,124.46296
617.15985,243.21637,41.072777,124.46296
615.58307,243.53171,41.072777,124.46296
615.89844,242.58566,41.072777,124.46296
614.9524,242.27032,41.072777,124.46296
614.637,242.58566,41.072777,124.46296
613.691,242.901,41.072777,124.46296
612.9094,241.8513,41.98151,127.216705
611.94244,242.17363,41.98151,127.216705
610.97546,243.14061,41.98151,127.216705
611.2978,244.10759,41.98151,127.216705
609.0415,244.42992,41.98151,127.216705
608.0745,244.10759,41.98151,127.216705
607.7522,245.07457,41.98151,127.216705
607.4299,244.75224,41.98151,127.216705
605.81824,244.42992,41.98151,127.216705
605.4959,243.46294,41.98151,127.216705
603.8843,243.14061,41.98151,127.216705
604.2066,242.81828,41.98151,127.216705
601.9503,243.14061,41.98151,127.216705
602.27264,242.81828,41.98151,127.216705
600.661,243.14061,41.98151,127.216705
601.628,243.46294,41.98151,127.216705
600.01636,243.14061,41.98151,127.216705
599.0494,244.75224,41.98151,127.216705
598.72705,245.07457,41.98151,127.216705
599.0494,245.3969,41.98151,127.216705
597.43774,245.71922,41.98151,127.216705
597.1154,246.04155,41.98151,127.216705
596.14844,246.36388,41.98151,127.216705
595.18146,246.04155,41.98151,127.216705
594.2145,245.71922,41.98151,127.216705
593.2475,246.04155,41.98151,127.216705
592.9252,246.36388,41.98151,127.216705
592.12634,244.62213,42.91035,130.03137
589.8201,242.97482,42.91035,130.03137
590.1496,244.62213,42.91035,130.03137
588.5023,243.63376,42.91035,130.03137
587.5139,245.93997,42.91035,130.03137
587.18445,246.92834,42.91035,130.03137
585.5372,246.59888,42.91035,130.03137
585.2077,246.26941,42.91035,130.03137
584.2193,248.57562,42.91035,130.03137
583.2309,247.58725,42.91035,130.03137
582.2425,247.91672,42.91035,130.03137
581.913,248.90509,42.91035,130.03137
581.09656,248.49207,43.85974,132.90831
579.4128,249.50232,43.85974,132.90831
579.7495,249.83908,43.85974,132.90831
578.06573,248.82883,43.85974,132.90831
579.076,249.83908,43.85974,132.90831
576.71875,249.50232,43.85974,132.90831
577.729,251.18607,43.85974,132.90831
576.71875,251.52283,43.85974,132.90831
575.7085,252.53308,43.85974,132.90831
575.37177,252.86984,43.85974,132.90831
573.688,252.53308,43.85974,132.90831
574.0247,253.54333,43.85974,132.90831
573.01447,253.8801,43.85974,132.90831
572.67773,253.54333,43.85974,132.90831
571.6675,254.55359,43.85974,132.90831
570.6572,254.21683,43.85974,132.90831
569.647,253.88007,43.85974,132.90831
569.31024,253.5433,43.85974,132.90831
568.3,254.55356,43.85974,132.90831
568.6367,254.2168,43.85974,132.90831
568.3,255.22705,43.85974,132.90831
567.96326,255.56381,43.85974,132.90831
569.64703,256.57407,43.85974,132.90831
569.3103,256.91083,43.85974,132.90831
568.9736,257.2476,43.85974,132.90831
571.3308,258.93134,43.85974,132.90831
570.32056,258.59457,43.85974,132.90831
572.00433,259.60483,43.85974,132.90831
574.3616,261.28857,43.85974,132.90831
574.6983,262.29883,43.85974,132.90831
577.72906,263.98257,43.85974,132.90831
578.7393,262.97232,43.85974,132.90831
581.09656,263.98257,43.85974,132.90831
580.0863,261.62534,43.85974,132.90831
583.11707,263.30908,43.85974,132.90831
583.4538,264.31934,43.85974,132.90831
585.81104,262.6356,43.85974,132.90831
588.1683,262.97235,43.85974,132.90831
589.1785,263.9826,43.85974,132.90831
590.1888,262.29886,43.85974,132.90831
593.57764,267.28638,42.92442,130.074
594.56635,264.97937,42.92442,130.074
596.2142,266.6272,42.92442,130.074
596.54376,263.66107,42.92442,130.074
599.5099,265.96808,42.92442,130.074
600.4986,264.97937,42.92442,130.074
602.1464,265.96808,42.92442,130.074
603.13513,266.2976,42.92442,130.074
604.78296,267.28632,42.92442,130.074
607.08997,268.27502,42.92442,130.074
608.0787,267.9455,42.92442,130.074
610.3857,266.9568,42.92442,130.074
612.0335,266.6272,42.92442,130.074
614.3405,265.6385,42.92442,130.074
613.3518,265.96808,42.92442,130.074
615.6588,266.2976,42.92442,130.074
617.30664,267.28632,42.92442,130.074
618.29535,267.6159,42.92442,130.074
619.9432,266.6272,42.92442,130.074
621.591,265.6385,42.92442,130.074
622.5797,265.96802,42.92442,130.074
623.5684,266.2976,42.92442,130.074
625.8754,265.3089,42.92442,130.074
626.42633,262.84415,43.874123,132.95189
628.78436,263.181,43.874123,132.95189
629.7949,264.1916,43.874123,132.95189
632.15295,265.20218,43.874123,132.95189
634.511,266.88647,43.874123,132.95189
636.1953,268.57077,43.874123,132.95189
637.2059,268.90762,43.874123,132.95189
638.21643,269.24448,43.874123,132.95189
639.90076,268.90762,43.874123,132.95189
640.9113,270.59192,43.874123,132.95189
641.9219,271.6025,43.874123,132.95189
643.6062,271.93936,43.874123,132.95189
644.61676,272.2762,43.874123,132.95189
645.6273,271.93936,43.874123,132.95189
646.6379,273.62366,43.874123,132.95189
647.64844,273.2868,43.874123,132.95189
650.0065,273.62366,43.874123,132.95189
651.6908,274.63425,43.874123,132.95189
652.02765,274.9711,43.874123,132.95189
654.3857,275.9817,43.874123,132.95189
656.07,276.31854,43.874123,132.95189
656.40686,275.30795,43.874123,132.95189
658.0912,276.31854,43.874123,132.95189
659.10175,276.6554,43.874123,132.95189
660.7861,276.99225,43.874123,132.95189
661.1229,277.3291,43.874123,132.95189
662.1335,278.3397,43.874123,132.95189
662.47034,278.00284,43.874123,132.95189
664.82837,279.01343,43.874123,132.95189
664.4915,278.00284,43.874123,132.95189
666.17584,278.3397,43.874123,132.95189
666.5127,277.3291,43.874123,132.95189
668.197,277.66595,43.874123,132.95189
669.2076,278.0028,43.874123,132.95189
670.21814,278.33966,43.874123,132.95189
671.2287,278.0028,43.874123,132.95189
671.56555,278.33966,43.874123,132.95189
671.2287,278.0028,43.874123,132.95189
672.913,278.33966,43.874123,132.95189
673.2499,280.02396,43.874123,132.95189
672.913,280.3608,43.874123,132.95189
672.5762,279.35022,43.874123,132.95189
673.58673,280.3608,43.874123,132.95189
672.5762,276.65533,43.874123,132.95189
674.2605,276.31848,43.874123,132.95189
674.59735,277.32907,43.874123,132.95189
674.2605,277.66592,43.874123,132.95189
675.27106,279.35022,43.874123,132.95189
674.9342,281.03452,43.874123,132.95189
675.27106,279.35022,43.874123,132.95189
676.9554,280.3608,43.874123,132.95189
679.9871,280.02396,43.874123,132.95189
680.9977,281.03455,43.874123,132.95189
682.00824,282.04514,43.874123,132.95189
683.69257,282.382,43.874123,132.95189
684.0294,283.39258,43.874123,132.95189
685.04,284.40317,43.874123,132.95189
685.37683,284.0663,43.874123,132.95189
686.3874,284.40317,43.874123,132.95189
687.39795,284.74002,43.874123,132.95189
688.4085,285.7506,43.874123,132.95189
688.74536,286.08746,43.874123,132.95189
689.0822,285.7506,43.874123,132.95189
690.76654,286.08746,43.874123,132.95189
691.1034,286.42432,43.874123,132.95189
691.44025,287.4349,43.874123,132.95189
692.4508,287.09805,43.874123,132.95189
692.78766,286.7612,43.874123,132.95189
692.4508,287.7718,43.874123,132.95189
693.46136,287.43494,43.874123,132.95189
693.1245,287.7718,43.874123,132.95189
693.46136,288.10864,43.874123,132.95189
692.6265,284.8904,44.844837,135.89345
691.59357,286.61197,44.844837,135.89345
691.24927,285.57904,44.844837,135.89345
690.39594,283.00403,45.83703,138.90009
692.1556,284.76367,45.83703,138.90009
690.39594,285.81946,45.83703,138.90009
691.7145,283.18747,46.851173,141.97325
691.35474,283.54718,46.851173,141.97325
692.4339,284.62634,46.851173,141.97325
692.07416,284.98605,46.851173,141.97325
691.7144,285.34576,46.851173,141.97325
691.3547,285.70547,46.851173,141.97325
693.15326,286.78464,46.851173,141.97325
692.7935,287.14435,46.851173,141.97325
692.4338,286.0652,46.851173,141.97325
694.23236,285.70547,46.851173,141.97325
693.1532,286.0652,46.851173,141.97325
694.23236,285.70547,46.851173,141.97325
694.5921,287.50406,46.851173,141.97325
694.23236,287.86377,46.851173,141.97325
695.3115,287.50406,46.851173,141.97325
694.9518,287.14435,46.851173,141.97325
694.59204,286.78464,46.851173,141.97325
694.2323,287.14435,46.851173,141.97325
696.7503,287.50406,46.851173,141.97325
694.9517,287.86377,46.851173,141.97325
694.592,288.22348,46.851173,141.97325
693.5128,287.86377,46.851173,141.97325
696.0308,288.22348,46.851173,141.97325
693.5128,287.86377,46.851173,141.97325
693.87256,288.94293,46.851173,141.97325
690.63513,290.0221,46.851173,141.97325
692.4337,289.66238,46.851173,141.97325
690.63513,290.74155,46.851173,141.97325
688.83655,291.10126,46.851173,141.97325
689.9157,291.46097,46.851173,141.97325
688.1171,291.82068,46.851173,141.97325
687.7574,292.89984,46.851173,141.97325
685.2394,292.54013,46.851173,141.97325
686.31854,292.89984,46.851173,141.97325
683.80054,292.54013,46.851173,141.97325
683.4408,292.89984,46.851173,141.97325
683.08105,293.25955,46.851173,141.97325
681.2825,292.1804,46.851173,141.97325
680.2033,291.82068,46.851173,141.97325
679.84357,292.89984,46.851173,141.97325
678.7644,293.979,46.851173,141.97325
677.68524,293.6193,46.851173,141.97325
677.3255,293.25958,46.851173,141.97325
676.96576,292.89987,46.851173,141.97325
676.606,294.69846,46.851173,141.97325
674.80743,295.05817,46.851173,141.97325
675.1672,295.41788,46.851173,141.97325
676.24634,295.7776,46.851173,141.97325
675.8866,297.57617,46.851173,141.97325
674.088,298.65533,46.851173,141.97325
673.00885,298.29562,46.851173,141.97325
672.6491,299.3748,46.851173,141.97325
672.28937,299.7345,46.851173,141.97325
672.6491,300.81366,46.851173,141.97325
671.56995,301.89282,46.851173,141.97325
673.3685,302.25253,46.851173,141.97325
671.56995,302.61224,46.851173,141.97325
671.9297,303.6914,46.851173,141.97325
670.1311,304.05112,46.851173,141.97325
671.21027,304.41083,46.851173,141.97325
668.69226,304.05112,46.851173,141.97325
666.8937,303.6914,46.851173,141.97325
665.8145,304.77057,46.851173,141.97325
664.73535,305.13028,46.851173,141.97325
663.6562,304.77057,46.851173,141.97325
661.8576,307.2886,46.851173,141.97325
660.96606,303.852,47.887756,145.11441
660.0549,301.1023,48.947273,148.32507
658.9274,302.98135,48.947273,148.32507
657.8,302.60553,48.947273,148.32507
657.4242,302.2297,48.947273,148.32507
657.0484,303.35715,48.947273,148.32507
655.1694,302.98132,48.947273,148.32507
654.04193,302.6055,48.947273,148.32507
652.1629,302.98132,48.947273,148.32507
650.45166,300.9506,50.03023,151.60677
650.0675,302.10297,50.03023,151.60677
648.14685,302.4871,50.03023,151.60677
649.29926,303.63947,50.03023,151.60677
647.3786,304.0236,50.03023,151.60677
646.99445,304.4077,50.03023,151.60677
644.30554,304.79184,50.03023,151.60677
645.45795,304.4077,50.03023,151.60677
643.70886,303.1291,51.13715,154.96106
642.531,304.30698,51.13715,154.96106
641.35315,303.91434,51.13715,154.96106
642.531,303.5217,51.13715,154.96106
640.5679,303.91434,51.13715,154.96106
641.4916,308.97253,50.046635,151.65646
640.3388,307.05127,50.046635,151.65646
642.2601,307.43555,50.046635,151.65646
640.3388,309.3568,50.046635,151.65646
642.2601,309.74103,50.046635,151.65646
641.8758,309.3568,50.046635,151.65646
640.723,309.74103,50.046635,151.65646
642.6443,310.1253,50.046635,151.65646
642.26,310.50952,50.046635,151.65646
644.1813,310.8938,50.046635,151.65646
645.33405,311.278,50.046635,151.65646
645.7183,311.6623,50.046635,151.65646
646.1026,312.0465,50.046635,151.65646
647.2554,313.19928,50.046635,151.65646
646.8711,313.5835,50.046635,151.65646
648.02386,314.73627,50.046635,151.65646
646.1026,315.12048,50.046635,151.65646
648.02386,317.04175,50.046635,151.65646
647.6396,317.42603,50.046635,151.65646
648.79236,318.57874,50.046635,151.65646
649.17664,318.963,50.046635,151.65646
651.0979,319.34723,50.046635,151.65646
651.4822,321.2685,50.046635,151.65646
651.86646,320.88428,50.046635,151.65646
654.10345,319.60522,51.153915,155.01186
655.28174,319.998,51.153915,155.01186
657.2455,320.39075,51.153915,155.01186
657.63824,321.569,51.153915,155.01186
657.2455,322.74725,51.153915,155.01186
657.9021,318.18005,52.285694,158.4415
659.9093,320.9901,52.285694,158.4415
661.9165,322.19446,52.285694,158.4415
662.31793,322.5959,52.285694,158.4415
665.12805,325.40594,52.285694,158.4415
667.9382,327.41315,52.285694,158.4415
670.7483,330.22327,52.285694,158.4415
675.96704,331.42755,52.285694,158.4415
679.58,332.6319,52.285694,158.4415
683.193,333.03333,52.285694,158.4415
685.2002,333.43475,52.285694,158.4415
688.0103,333.03333,52.285694,158.4415
689.21466,331.82898,52.285694,158.4415
690.419,330.6247,52.285694,158.4415
690.82043,329.42035,52.285694,158.4415
692.32446,327.2511,53.442516,161.94702
694.3761,328.4821,53.442516,161.94702
695.91345,327.11627,54.62493,165.5301
699.6881,328.37448,54.62493,165.5301
701.78516,328.79388,54.62493,165.5301
705.5598,329.2133,54.62493,165.5301
703.6501,328.6875,55.833508,169.19246
709.22296,331.6883,55.833508,169.19246
709.6517,332.97433,55.833508,169.19246
714.3672,335.11774,55.833508,169.19246
716.8628,331.91174,57.068825,172.93584
720.8063,333.22626,57.068825,172.93584
724.74976,334.54077,57.068825,172.93584
727.81696,335.8553,57.068825,172.93584
731.76044,338.0461,57.068825,172.93584
734.82764,340.23694,57.068825,172.93584
737.0185,341.55145,57.068825,172.93584
740.962,342.86597,57.068825,172.93584
743.15283,345.0568,57.068825,172.93584
744.79456,340.87073,58.331474,176.76204
748.8253,342.21432,58.331474,176.76204
748.64465,339.79422,59.62206,180.6729
750.93353,342.99863,59.62206,180.6729
754.13794,344.37195,59.62206,180.6729
757.34235,348.49188,59.62206,180.6729
758.71564,351.6963,59.62206,180.6729
759.1734,354.9007,59.62206,180.6729
762.01526,358.15082,58.3506,176.81999
762.46326,359.49484,58.3506,176.81999
763.8073,359.94284,58.3506,176.81999
765.725,361.3964,57.10626,173.04926
770.1373,341.6886,55.88845,169.35893
768.85004,335.25204,55.88845,169.35893
772.712,338.25577,55.88845,169.35893
777.0302,345.43832,54.696613,165.7473
779.6373,349.2295,53.530193,162.21269
779.2263,343.8865,53.530193,162.21269
785.7392,351.55826,52.388645,158.75346
789.01166,349.76175,51.271442,155.368
783.8941,354.87927,51.271442,155.368
788.2243,349.76175,51.271442,155.368
792.5545,355.6666,51.271442,155.368
796.0974,360.78412,51.271442,155.368
793.3418,357.2412,51.271442,155.368
797.672,359.9968,51.271442,155.368
795.8795,359.5033,52.405823,158.80551
794.6725,355.07727,52.405823,158.80551
791.85596,358.69855,52.405823,158.80551
792.2583,352.66302,52.405823,158.80551
790.24646,356.2843,52.405823,158.80551
787.3148,353.71155,51.288254,155.41893
779.04535,356.46805,51.288254,155.41893
771.62164,358.5048,50.194515,152.10457
764.2993,360.43173,50.194515,152.10457
756.2062,354.65094,50.194515,152.10457
747.3423,354.26556,50.194515,152.10457
742.3323,350.0263,50.194515,152.10457
734.3239,352.0196,49.124104,148.86089
727.94055,351.0621,48.07652,145.68639
721.6654,352.1695,48.07652,145.68639
714.65204,349.5856,48.07652,145.68639
700.9944,350.693,48.07652,145.68639
691.76624,347.37085,48.07652,145.68639
685.4911,345.5252,48.07652,145.68639
679.9542,342.9413,48.07652,145.68639
673.6791,342.57217,48.07652,145.68639
670.2781,340.21198,47.051273,142.57957
666.25323,341.38406,46.04789,139.53902
662.3642,338.9092,46.04789,139.53902
658.47516,342.09116,46.04789,139.53902
654.5861,342.4447,46.04789,139.53902
651.4042,339.26276,46.04789,139.53902
647.51514,339.6163,46.04789,139.53902
643.6261,338.55566,46.04789,139.53902
639.73706,338.9092,46.04789,139.53902
636.5551,338.55566,46.04789,139.53902
632.6661,338.20212,46.04789,139.53902
630.1912,339.26276,46.04789,139.53902
627.7164,338.9092,46.04789,139.53902
626.6557,339.26276,46.04789,139.53902
622.0596,337.495,46.04789,139.53902
617.43896,338.6421,45.065903,136.56331
615.0169,337.60406,45.065903,136.56331
609.8268,337.25806,45.065903,136.56331
604.63666,336.22003,45.065903,136.56331
599.44653,333.79797,45.065903,136.56331
595.64044,331.37592,45.065903,136.56331
590.4503,330.3379,45.065903,136.56331
586.6442,328.60785,45.065903,136.56331
580.07,327.56982,45.065903,136.56331
574.8799,327.22382,45.065903,136.56331
571.0738,324.80176,45.065903,136.56331
564.4996,322.3797,45.065903,136.56331
559.30945,319.95764,45.065903,136.56331
554.1441,315.21603,46.062984,139.58478
550.9611,314.15503,46.062984,139.58478
550.6075,313.80136,46.062984,139.58478
550.9611,309.91104,46.062984,139.58478
550.6075,304.60605,46.062984,139.58478
547.4245,309.2037,46.062984,139.58478
550.2173,305.8249,47.082127,142.6731
548.40985,306.18637,47.082127,142.6731
548.04834,304.3789,47.082127,142.6731
544.7949,306.18637,47.082127,142.6731
541.5415,305.1019,47.082127,142.6731
538.2881,302.57147,47.082127,142.6731
536.48065,300.04105,47.082127,142.6731
533.22723,300.40253,47.082127,142.6731
532.14276,297.1491,47.082127,142.6731
529.6123,293.8957,47.082127,142.6731
524.18994,297.1491,47.082127,142.6731
518.7676,293.8957,47.082127,142.6731
511.89923,297.1491,47.082127,142.6731
505.03088,300.40253,47.082127,142.6731
498.16254,302.93295,47.082127,142.6731
491.2942,300.40253,47.082127,142.6731
484.39755,300.69946,48.123817,145.82974
476.6383,303.2859,48.123817,145.82974
470.357,321.3908,48.123817,145.82974
464.07568,318.06543,48.123817,145.82974
454.83847,312.52307,48.123817,145.82974
448.55716,303.2859,48.123817,145.82974
443.01483,298.48254,48.123817,145.82974
438.95047,295.89612,48.123817,145.82974
440.05893,293.3097,48.123817,145.82974
438.95047,293.67914,48.123817,145.82974
440.05893,294.04865,48.123817,145.82974
440.4284,293.67914,48.123817,145.82974
441.53687,293.3097,48.123817,145.82974
439.68942,292.20123,48.123817,145.82974
441.53687,290.35376,48.123817,145.82974
439.0878,289.89056,49.188557,149.05623
439.46545,290.26822,49.188557,149.05623
438.33246,289.89056,49.188557,149.05623
437.9548,288.75757,49.188557,149.05623
434.55582,289.13522,49.188557,149.05623
432.6675,289.51288,49.188557,149.05623
430.02386,289.89053,49.188557,149.05623
428.13556,284.9809,49.188557,149.05623
425.3839,288.3903,48.139595,145.87756
422.79663,289.4991,48.139595,145.87756
421.6878,292.8256,48.139595,145.87756
418.36133,295.41287,48.139595,145.87756
415.77405,297.26093,48.139595,145.87756
415.40445,299.8482,48.139595,145.87756
411.33875,303.17468,48.139595,145.87756
409.4907,305.76196,48.139595,145.87756
407.64264,299.4786,48.139595,145.87756
405.05536,300.58743,48.139595,145.87756
401.72888,301.69626,48.139595,145.87756
402.09848,299.8482,48.139595,145.87756
399.5112,301.69626,48.139595,145.87756
400.62003,305.02274,48.139595,145.87756
401.72885,309.08844,48.139595,145.87756
405.44843,325.25015,47.113003,142.76668
407.25705,327.05878,47.113003,142.76668
411.23605,327.4205,47.113003,142.76668
412.78436,306.28027,46.108303,139.72214
415.9705,300.9701,46.108303,139.72214
419.86465,302.74017,46.108303,139.72214
427.29895,304.51025,46.108303,139.72214
433.3172,303.44818,46.108303,139.72214
441.4595,301.6781,46.108303,139.72214
449.6018,305.57227,46.108303,139.72214
459.1602,308.75842,46.108303,139.72214
466.59448,309.82043,46.108303,139.72214
476.86087,311.5905,46.108303,139.72214
484.29517,311.94452,46.108303,139.72214
491.72943,311.5905,46.108303,139.72214
501.28778,309.82043,46.108303,139.72214
509.4301,312.29852,46.108303,139.72214
516.8644,309.11243,46.108303,139.72214
527.1308,313.0066,46.108303,139.72214
533.85706,314.0686,46.108303,139.72214
541.9994,315.83868,46.108303,139.72214
549.43365,313.3606,46.108303,139.72214
558.10583,308.50934,47.12845,142.81349
566.4283,308.8712,47.12845,142.81349
574.02704,306.33826,47.12845,142.81349
580.9021,307.4238,47.12845,142.81349
589.22455,304.16718,47.12845,142.81349
596.0996,305.25272,47.12845,142.81349
602.9747,305.61456,47.12845,142.81349
609.84973,304.52902,47.12845,142.81349
616.0011,305.61456,47.12845,142.81349
622.15247,300.18686,47.12845,142.81349
627.58014,301.2724,47.12845,142.81349
632.2841,302.35794,47.12845,142.81349
638.4355,301.9961,47.12845,142.81349
643.86316,302.35794,47.12845,142.81349
648.56714,302.7198,47.12845,142.81349
652.5474,300.18686,47.12845,142.81349
656.5277,301.9961,47.12845,142.81349
660.508,302.35794,47.12845,142.81349
663.7646,303.44348,47.12845,142.81349
667.7449,305.25272,47.12845,142.81349
670.2778,306.33826,47.12845,142.81349
674.25806,307.4238,47.12845,142.81349
676.5044,309.99286,46.12342,139.76794
680.0682,313.87247,45.139824,136.78735
682.4942,335.70688,45.139824,136.78735
684.9202,340.90555,45.139824,136.78735
686.65314,339.17267,45.139824,136.78735
687.6929,336.7466,45.139824,136.78735
690.5125,325.17715,44.177204,133.87032
692.20844,325.51633,44.177204,133.87032
694.58276,327.21225,44.177204,133.87032
696.2787,328.90817,44.177204,133.87032
697.9746,330.6041,44.177204,133.87032
699.67053,324.15955,44.177204,133.87032
700.6881,326.53384,44.177204,133.87032
697.7361,319.07047,45.154625,136.8322
696.8769,317.91644,46.15367,139.8596
696.734,316.00162,47.17482,142.954
697.8206,316.36383,47.17482,142.954
698.1828,319.62366,47.17482,142.954
695.03046,318.41803,48.218563,146.11685
693.9198,316.56696,48.218563,146.11685
695.7709,313.9754,48.218563,146.11685
691.0123,314.2795,49.2854,149.34969
690.8597,309.09393,50.37584,152.65405
692.7936,311.8014,50.37584,152.65405
692.4068,307.5468,50.37584,152.65405
689.0406,304.65424,51.490406,156.03152
683.13885,299.23666,52.62963,159.48372
678.7835,293.69922,53.79406,163.0123
672.61774,285.46823,54.984253,166.61894
665.4396,274.4272,56.20078,170.30539
667.95166,292.68896,57.44422,174.0734
663.1979,284.81458,58.715176,177.92477
659.27435,283.31403,60.014248,181.86136
655.1273,283.77478,60.014248,181.86136
650.9803,284.2356,60.014248,181.86136
647.7548,283.77478,60.014248,181.86136
643.6078,280.54932,60.014248,181.86136
644.9901,281.01013,60.014248,181.86136
645.45087,281.4709,60.014248,181.86136
647.1773,280.89325,61.342064,185.88504
648.5902,281.3642,61.342064,185.88504
650.3548,278.8192,62.699257,189.99774
652.15845,276.2179,64.08648,194.20145
654.6187,276.70996,64.08648,194.20145
658.06305,272.2815,64.08648,194.20145
660.5233,273.75763,64.08648,194.20145
662.9836,274.2497,64.08648,194.20145
666.4279,274.7417,64.08648,194.20145
669.87225,267.36102,64.08648,194.20145
673.3166,261.9485,64.08648,194.20145
668.8882,281.13837,64.08648,194.20145
662.4916,316.07373,64.08648,194.20145
662.98364,323.45447,64.08648,194.20145
665.4439,320.01013,64.08648,194.20145
665.936,320.50214,64.08648,194.20145
666.42804,318.04193,64.08648,194.20145
665.936,316.5658,64.08648,194.20145
666.7585,311.86493,65.504395,198.49815
666.25555,306.33264,65.504395,198.49815
671.78784,294.76514,65.504395,198.49815
674.3025,286.21524,65.504395,198.49815
676.81714,277.66534,65.504395,198.49815
676.3142,280.18002,65.504395,198.49815
678.82886,273.64188,65.504395,198.49815
676.3142,279.17416,65.504395,198.49815
673.79956,277.66537,65.504395,198.49815
672.2908,280.18005,65.504395,198.49815
671.78784,276.65952,65.504395,198.49815
668.2673,281.1859,65.504395,198.49815
666.7585,281.68884,65.504395,198.49815
664.24384,284.20352,65.504395,198.49815
661.7292,285.7123,65.504395,198.49815
657.20276,288.227,65.504395,198.49815
655.694,282.6947,65.504395,198.49815
651.3167,284.15137,66.95368,202.88992
649.77454,275.41235,66.95368,202.88992
644.1199,283.1233,66.95368,202.88992
627.1558,301.11542,66.95368,202.88992
620.473,306.77014,66.95368,202.88992
615.84644,309.34045,66.95368,202.88992
616.3605,302.65765,66.95368,202.88992
609.6777,309.34045,66.95368,202.88992
612.248,299.57324,66.95368,202.88992
605.5652,302.14355,66.95368,202.88992
610.1918,294.43262,66.95368,202.88992
603.509,298.03107,66.95368,202.88992
607.1074,299.57324,66.95368,202.88992
613.7902,289.80603,66.95368,202.88992
609.16364,294.43262,66.95368,202.88992
604.53705,304.19977,66.95368,202.88992
613.2761,297.51697,66.95368,202.88992
626.1277,288.77795,66.95368,202.88992
633.8386,286.20764,66.95368,202.88992
629.21204,291.8623,66.95368,202.88992
622.6046,296.55127,68.435036,207.37886
631.115,287.17032,69.94916,211.96712
634.8744,280.18854,69.94916,211.96712
638.6338,272.13263,69.94916,211.96712
643.0031,268.6986,68.45747,207.44685
646.2661,267.36426,66.9976,203.02298
648.4679,268.04163,65.568855,198.69345
648.9713,267.5382,65.568855,198.69345
650.4816,267.0348,65.568855,198.69345
649.7251,267.6977,64.17058,194.45625
648.9846,272.1455,62.80212,190.30942
647.33044,275.56903,61.462845,186.251
645.7116,274.37103,60.15213,182.27914
640.63135,279.45123,60.15213,182.27914
638.32214,276.21838,60.15213,182.27914
635.08923,272.98547,60.15213,182.27914
630.9327,278.06573,60.15213,182.27914
628.6235,274.83282,60.15213,182.27914
627.9294,271.8798,58.86937,178.39198
623.86145,275.94772,58.86937,178.39198
624.05347,272.18634,57.613964,174.58772
619.9778,277.8852,56.38533,170.8646
617.65814,277.62067,55.182896,167.22086
614.6923,276.3496,55.182896,167.22086
609.1551,280.99127,54.006104,163.65482
608.532,278.33997,52.85441,160.16483
608.7044,276.52747,51.727272,156.74927
611.17,274.75363,50.624172,153.40654
613.8908,279.80655,50.624172,153.40654
615.5545,278.07056,49.544598,150.1351
617.4565,281.49414,49.544598,150.1351
620.88007,278.83136,49.544598,150.1351
618.9781,282.25494,49.544598,150.1351
622.4017,278.83136,49.544598,150.1351
625.06445,276.92938,49.544598,150.1351
625.4448,278.83136,49.544598,150.1351
626.586,277.69012,49.544598,150.1351
627.7272,278.07056,49.544598,150.1351
628.10754,281.49414,49.544598,150.1351
628.4879,278.07056,49.544598,150.1351
631.1507,276.92932,49.544598,150.1351
628.37915,281.83002,48.488045,146.93343
632.4743,278.47946,48.488045,146.93343
633.5912,276.61804,48.488045,146.93343
630.2406,280.71317,48.488045,146.93343
634.33575,277.3626,48.488045,146.93343
630.188,282.15875,47.45402,143.80003
633.8211,277.1659,48.50394,146.98161
635.68317,275.30386,48.50394,146.98161
632.2519,281.5374,47.469578,143.84718
636.261,278.25723,47.469578,143.84718
635.0107,277.33197,46.457275,140.7796
636.08075,282.68237,46.457275,140.7796
636.67706,276.3141,47.48514,143.89435
638.5,274.49115,47.48514,143.89435
638.6549,280.59375,46.472507,140.82576
640.1822,277.62445,45.48147,137.8226
638.31104,277.4111,44.511562,134.8835
638.6528,281.1704,44.511562,134.8835
639.67804,276.0441,44.511562,134.8835
636.52924,280.4469,43.56234,132.00706
637.53265,276.76776,43.56234,132.00706
635.0958,282.3662,42.633358,129.19197
636.0778,278.76553,42.633358,129.19197
633.0618,282.98257,41.72419,126.43691
634.6636,278.17728,41.72419,126.43691
631.7804,274.65338,41.72419,126.43691
630.81934,278.17728,41.72419,126.43691
629.2176,274.65338,41.72419,126.43691
625.6937,278.81796,41.72419,126.43691
626.0141,275.29407,41.72419,126.43691
623.1309,279.45865,41.72419,126.43691
622.16986,275.93475,41.72419,126.43691
619.2867,271.77017,41.72419,126.43691
618.3256,275.29407,41.72419,126.43691
616.7239,271.77017,41.72419,126.43691
615.12213,275.29407,41.72419,126.43691
615.4425,272.4109,41.72419,126.43691
613.84076,277.2162,41.72419,126.43691
615.4425,274.333,41.72419,126.43691
615.7629,279.1383,41.72419,126.43691
617.3646,276.25513,41.72419,126.43691
618.9664,279.77902,41.72419,126.43691
621.84955,276.25513,41.72419,126.43691
624.09204,280.4197,41.72419,126.43691
626.33453,278.17725,41.72419,126.43691
628.577,282.34183,41.72419,126.43691
630.1788,278.17725,41.72419,126.43691
631.13983,281.70114,41.72419,126.43691
632.7416,277.53656,41.72419,126.43691
634.3433,281.06046,41.72419,126.43691
635.94507,278.17728,41.72419,126.43691
637.5468,281.06046,41.72419,126.43691
639.14856,278.818,41.72419,126.43691
639.46893,282.3419,41.72419,126.43691
641.0707,280.7401,41.72419,126.43691
642.6724,284.264,41.72419,126.43691
642.9928,281.38083,41.72419,126.43691
643.95386,284.264,41.72419,126.43691
645.5556,282.02155,41.72419,126.43691
645.876,284.90472,41.72419,126.43691
646.83704,282.66226,41.72419,126.43691
647.7981,285.54544,41.72419,126.43691
648.11847,283.94366,41.72419,126.43691
649.0795,282.9826,41.72419,126.43691
649.3999,285.86578,41.72419,126.43691
649.7203,282.9826,41.72419,126.43691
649.3999,287.7879,41.72419,126.43691
649.7203,284.90472,41.72419,126.43691
649.3999,287.1472,41.72419,126.43691
648.43884,284.90472,41.72419,126.43691
646.19635,287.1472,41.72419,126.43691
645.876,286.18613,41.72419,126.43691
646.83704,287.1472,41.72419,126.43691
649.0795,288.74896,41.72419,126.43691
648.75916,292.91354,41.72419,126.43691
646.51666,290.03036,41.72419,126.43691
644.9149,292.91354,41.72419,126.43691
643.3132,291.31177,41.72419,126.43691
646.5371,291.73358,40.834408,123.74061
641.2072,293.92822,40.834408,123.74061
643.40186,293.61472,40.834408,123.74061
638.7,296.44507,39.9636,121.1018
640.2342,295.52457,39.9636,121.1018
636.2453,295.21774,39.9636,121.1018
636.5521,296.75192,39.9636,121.1018
638.69995,293.99042,39.9636,121.1018
635.32477,296.75192,39.9636,121.1018
639.31366,293.37674,39.9636,121.1018
642.993,292.0063,39.111362,118.519264
639.0892,292.30658,39.111362,118.519264
636.38654,289.60394,39.111362,118.519264
638.4886,291.706,39.111362,118.519264
634.5848,290.20453,39.111362,118.519264
637.2874,292.90717,39.111362,118.519264
633.3836,289.00336,39.111362,118.519264
634.8851,292.90717,39.111362,118.519264
635.78595,290.20453,39.111362,118.519264
634.2845,293.50775,39.111362,118.519264
635.40955,289.39267,39.9767,121.1415
636.9442,292.1551,39.9767,121.1415
639.70667,288.77878,39.9767,121.1415
641.8552,292.1551,39.9767,121.1415
644.6177,288.16492,39.9767,121.1415
646.15234,292.1551,39.9767,121.1415
648.3009,287.55106,39.9767,121.1415
649.22174,292.1551,39.9767,121.1415
651.3703,288.16492,39.9767,121.1415
652.90497,292.76895,39.9767,121.1415
655.6674,288.77878,39.9767,121.1415
658.7281,283.29883,40.861183,123.821754
660.9242,288.00473,40.861183,123.821754
664.3752,284.55374,40.861183,123.821754
665.31635,288.6322,40.861183,123.821754
669.3948,283.9263,40.861183,123.821754
670.96344,288.00476,40.861183,123.821754
674.4144,283.29886,40.861183,123.821754
675.9831,287.37732,40.861183,123.821754
680.0615,283.29886,40.861183,123.821754
681.6302,287.37732,40.861183,123.821754
684.45374,285.18124,40.861183,123.821754
685.3949,288.63223,40.861183,123.821754
688.21844,284.55377,40.861183,123.821754
687.4409,288.71735,41.765236,126.56131
690.96826,285.19,41.765236,126.56131
693.21295,290.00006,41.765236,126.56131
696.09894,285.19,41.765236,126.56131
698.9849,289.3587,41.765236,126.56131
701.2296,286.47272,41.765236,126.56131
702.1916,289.3587,41.765236,126.56131
705.0776,287.114,41.765236,126.56131
707.32227,290.64136,41.765236,126.56131
709.56696,287.75537,41.765236,126.56131
711.1703,289.3587,41.765236,126.56131
713.0371,287.62592,42.689293,129.36148
715.987,285.98706,42.689293,129.36148
716.9703,285.00378,42.689293,129.36148
719.92017,281.39838,42.689293,129.36148
722.2145,286.31482,42.689293,129.36148
724.5088,282.7094,42.689293,129.36148
726.1476,281.07062,42.689293,129.36148
728.4419,282.0539,42.689293,129.36148
730.0807,285.00372,42.689293,129.36148
734.3416,282.7094,42.689293,129.36148
735.3249,286.31482,42.689293,129.36148
738.9303,283.36493,42.689293,129.36148
741.2246,286.31482,42.689293,129.36148
742.2079,284.02045,42.689293,129.36148
743.19116,287.62585,42.689293,129.36148
745.4855,289.2647,42.689293,129.36148
747.12427,287.62585,42.689293,129.36148
750.07416,290.57574,42.689293,129.36148
752.36847,288.9369,42.689293,129.36148
754.6628,288.60913,42.689293,129.36148
758.2682,290.9035,42.689293,129.36148
761.2181,289.92023,42.689293,129.36148
763.5124,292.87006,42.689293,129.36148
766.4623,291.88678,42.689293,129.36148
768.1011,290.248,42.689293,129.36148
769.08435,291.23126,42.689293,129.36148
768.7566,288.28137,42.689293,129.36148
768.42883,286.64258,42.689293,129.36148
769.4121,285.00372,42.689293,129.36148
769.73987,284.02045,42.689293,129.36148
769.4121,285.00372,42.689293,129.36148
768.42883,282.7094,42.689293,129.36148
768.1011,285.65924,42.689293,129.36148
769.08435,282.7094,42.689293,129.36148
770.72314,281.07056,42.689293,129.36148
769.08435,278.12073,42.689293,129.36148
766.79004,281.07056,42.689293,129.36148
767.7733,277.46515,42.689293,129.36148
766.79004,275.82635,42.689293,129.36148
767.1178,274.1875,42.689293,129.36148
767.44556,277.1374,42.689293,129.36148
765.80676,278.12067,42.689293,129.36148
766.79004,280.41498,42.689293,129.36148
767.7733,276.80957,42.689293,129.36148
766.1345,278.44843,42.689293,129.36148
767.7733,274.84302,42.689293,129.36148
765.479,275.8263,42.689293,129.36148
766.4623,274.84302,42.689293,129.36148
764.8235,279.75946,42.689293,129.36148
765.80676,282.05377,42.689293,129.36148
766.1345,279.75946,42.689293,129.36148
763.8402,284.6759,42.689293,129.36148
764.8235,281.726,42.689293,129.36148
763.8402,284.6759,42.689293,129.36148
764.8235,281.0705,42.689293,129.36148
762.5292,279.43164,42.689293,129.36148
759.5793,281.726,42.689293,129.36148
759.2515,278.77612,42.689293,129.36148
754.9906,281.726,42.689293,129.36148
755.9739,276.80957,42.689293,129.36148
751.71295,280.41498,42.689293,129.36148
750.07416,275.49854,42.689293,129.36148
745.81323,280.41498,42.689293,129.36148
746.141,276.15405,42.689293,129.36148
741.88007,279.75946,42.689293,129.36148
739.58575,275.49854,42.689293,129.36148
735.98035,276.4818,42.689293,129.36148
737.61914,272.2209,42.689293,129.36148
734.01373,275.8263,42.689293,129.36148
736.9636,271.56537,42.689293,129.36148
737.9469,274.5152,42.689293,129.36148
737.61914,276.15405,42.689293,129.36148
740.56903,271.2376,42.689293,129.36148
738.2747,274.84302,42.689293,129.36148
741.2246,268.61548,42.689293,129.36148
738.9303,272.8764,42.689293,129.36148
742.5357,269.92657,42.689293,129.36148
743.76373,270.19574,43.633793,132.2236
742.75867,271.87085,43.633793,132.2236
745.10376,270.86578,43.633793,132.2236
747.44885,269.19073,43.633793,132.2236
745.7738,271.53583,43.633793,132.2236
748.1189,269.19073,43.633793,132.2236
745.10376,271.53583,43.633793,132.2236
747.44885,271.87085,43.633793,132.2236
749.1239,269.52576,43.633793,132.2236
744.76874,272.5409,43.633793,132.2236
746.4438,273.5459,43.633793,132.2236
748.11884,271.2008,43.633793,132.2236
745.8982,273.56146,44.59919,135.14905
746.9255,269.79477,44.59919,135.14905
746.07684,272.20764,45.585945,138.13922
745.72687,275.35767,45.585945,138.13922
746.77686,269.40762,45.585945,138.13922
744.32684,273.95767,45.585945,138.13922
746.07684,270.10764,45.585945,138.13922
745.02686,275.3577,45.585945,138.13922
746.07684,272.20767,45.585945,138.13922
746.4268,278.1577,45.585945,138.13922
746.7768,273.60767,45.585945,138.13922
745.0268,279.5577,45.585945,138.13922
746.0768,274.30765,45.585945,138.13922
745.7268,270.4576,45.585945,138.13922
743.9768,274.30765,45.585945,138.13922
745.0268,270.4576,45.585945,138.13922
743.2768,275.00766,45.585945,138.13922
744.3268,269.7576,45.585945,138.13922
743.4594,274.40262,46.594536,141.19556
744.79974,267.2732,47.62544,144.3195
741.5088,271.29547,47.62544,144.3195
744.0684,266.54187,47.62544,144.3195
742.2401,272.75812,47.62544,144.3195
738.94916,278.97437,47.62544,144.3195
740.77747,274.9521,47.62544,144.3195
740.4118,279.7057,47.62544,144.3195
739.3148,276.41473,47.62544,144.3195
740.4118,280.437,47.62544,144.3195
741.5088,277.87738,47.62544,144.3195
743.3371,278.24304,47.62544,144.3195
745.1654,279.34003,47.62544,144.3195
749.1877,277.51172,47.62544,144.3195
751.7473,279.34003,47.62544,144.3195
755.7696,277.51172,47.62544,144.3195
753.9413,285.1906,47.62544,144.3195
755.7696,282.63098,47.62544,144.3195
758.3292,280.80267,47.62544,144.3195
761.6202,278.97437,47.62544,144.3195
764.91113,277.14606,47.62544,144.3195
764.5455,281.16833,47.62544,144.3195
767.1051,277.87738,47.62544,144.3195
770.7849,277.654,46.609814,141.24185
774.0057,275.14893,46.609814,141.24185
777.22644,275.50677,46.609814,141.24185
771.14276,278.72754,46.609814,141.24185
774.3635,280.51685,46.609814,141.24185
776.5852,285.81708,45.615845,138.22983
778.33636,282.66498,45.615845,138.22983
776.5852,288.61896,45.615845,138.22983
778.33636,287.56824,45.615845,138.22983
779.3871,291.42084,45.615845,138.22983
781.13824,289.66968,45.615845,138.22983
783.58984,292.12128,45.615845,138.22983
786.74194,288.26874,45.615845,138.22983
791.6878,282.74252,46.625095,141.28816
792.7618,285.96436,46.625095,141.28816
795.26764,281.3106,46.625095,141.28816
798.4895,280.23666,46.625095,141.28816
799.5635,282.02658,46.625095,141.28816
799.92145,279.52072,46.625095,141.28816
797.4156,283.45853,46.625095,141.28816
799.2055,285.9644,46.625095,141.28816
800.9954,284.17447,46.625095,141.28816
801.3534,288.11227,46.625095,141.28816
803.1433,284.89044,46.625095,141.28816
804.9332,280.95264,46.625095,141.28816
806.0072,282.74255,46.625095,141.28816
805.64923,285.9644,46.625095,141.28816
808.1551,282.74255,46.625095,141.28816
809.22906,284.53247,46.625095,141.28816
811.019,283.45853,46.625095,141.28816
808.5131,286.68036,46.625095,141.28816
809.5871,282.0266,46.625095,141.28816
807.7972,288.1123,46.625095,141.28816
806.7232,292.76605,46.625095,141.28816
807.0812,290.2602,46.625095,141.28816
808.15515,293.48203,46.625095,141.28816
809.94507,286.68036,46.625095,141.28816
811.735,282.74255,46.625095,141.28816
812.09296,284.53247,46.625095,141.28816
813.8829,282.0266,46.625095,141.28816
814.95685,282.38458,46.625095,141.28816
816.74677,279.87872,46.625095,141.28816
815.8596,279.42993,47.656677,144.41417
817.6891,280.52765,47.656677,144.41417
818.05505,281.62537,47.656677,144.41417
819.1527,282.72308,47.656677,144.41417
820.2505,282.35718,47.656677,144.41417
819.1527,283.4549,47.656677,144.41417
820.2505,284.5526,47.656677,144.41417
819.8845,287.84573,47.656677,144.41417
820.9823,282.3572,47.656677,144.41417
820.07544,284.9355,48.711082,147.60933
821.19745,280.8215,48.711082,147.60933
820.07544,284.18747,48.711082,147.60933
821.94543,280.0735,48.711082,147.60933
820.8234,282.69147,48.711082,147.60933
821.94543,280.0735,48.711082,147.60933
820.8234,281.94348,48.711082,147.60933
821.19745,280.0735,48.711082,147.60933
821.5715,281.19547,48.711082,147.60933
821.9455,281.56946,48.711082,147.60933
819.3275,284.18744,48.711082,147.60933
820.4495,283.81345,48.711082,147.60933
820.82355,281.94345,48.711082,147.60933
818.95355,284.56143,48.711082,147.60933
820.07556,281.94345,48.711082,147.60933
818.95355,285.30942,48.711082,147.60933
820.07556,280.44745,48.711082,147.60933
818.95355,282.31744,48.711082,147.60933
819.3276,280.44745,48.711082,147.60933
817.4576,282.31744,48.711082,147.60933
817.08356,284.93542,48.711082,147.60933
815.21356,287.5534,48.711082,147.60933
816.3356,284.93542,48.711082,147.60933
817.4576,282.31744,48.711082,147.60933
815.5876,284.93542,48.711082,147.60933
816.7096,284.56143,48.711082,147.60933
812.59564,287.1794,48.711082,147.60933
812.2216,291.2934,48.711082,147.60933
813.3436,284.18744,48.711082,147.60933
813.71765,286.80542,48.711082,147.60933
809.6037,290.1714,48.711082,147.60933
809.2297,295.03336,48.711082,147.60933
809.6037,289.4234,48.711082,147.60933
808.4817,294.28537,48.711082,147.60933
808.8557,290.9194,48.711082,147.60933
807.57275,298.62146,47.672302,144.46152
806.6656,293.60562,48.72705,147.65773
807.03973,296.97272,48.72705,147.65773
808.1621,292.10916,48.72705,147.65773
810.0327,290.9868,48.72705,147.65773
807.4139,294.35388,48.72705,147.65773
809.2845,290.23856,48.72705,147.65773
809.6586,289.11618,48.72705,147.65773
810.781,287.9938,48.72705,147.65773
806.6657,289.11618,48.72705,147.65773
809.28455,286.49734,48.72705,147.65773
804.42096,291.3609,48.72705,147.65773
807.0398,285.74908,48.72705,147.65773
803.6727,290.61264,48.72705,147.65773
806.29156,283.50436,48.72705,147.65773
802.1763,286.87146,48.72705,147.65773
805.54333,282.0079,48.72705,147.65773
802.9245,285.375,48.72705,147.65773
805.54333,282.0079,48.72705,147.65773
802.9245,284.62674,48.72705,147.65773
805.54333,281.25964,48.72705,147.65773
802.9245,283.13025,48.72705,147.65773
804.0469,285.00085,48.72705,147.65773
805.9175,280.88553,48.72705,147.65773
801.8022,284.25262,48.72705,147.65773
804.421,282.38202,48.72705,147.65773
801.05396,285.7491,48.72705,147.65773
803.6728,282.38202,48.72705,147.65773
802.5504,286.49734,48.72705,147.65773
804.421,281.6338,48.72705,147.65773
801.8022,286.49734,48.72705,147.65773
803.6728,281.6338,48.72705,147.65773
802.5504,287.99384,48.72705,147.65773
803.6728,281.6338,48.72705,147.65773
802.5504,287.2456,48.72705,147.65773
802.92456,282.38205,48.72705,147.65773
802.5504,287.2456,48.72705,147.65773
802.92456,282.38205,48.72705,147.65773
802.5504,287.99387,48.72705,147.65773
802.1763,282.38205,48.72705,147.65773
801.0539,287.2456,48.72705,147.65773
802.1763,282.38205,48.72705,147.65773
799.55743,287.2456,48.72705,147.65773
801.42804,281.6338,48.72705,147.65773
798.8092,287.2456,48.72705,147.65773
800.6798,280.88556,48.72705,147.65773
798.061,285.7491,48.72705,147.65773
799.9316,280.1373,48.72705,147.65773
798.8092,285.00085,48.72705,147.65773
798.43506,281.63376,48.72705,147.65773
796.56445,287.24557,48.72705,147.65773
796.1903,283.13025,48.72705,147.65773
795.06793,285.00085,48.72705,147.65773
796.93854,281.63376,48.72705,147.65773
792.82324,287.24557,48.72705,147.65773
793.1974,283.13025,48.72705,147.65773
791.3268,281.25964,48.72705,147.65773
788.70795,285.37497,48.72705,147.65773
789.0821,281.25964,48.72705,147.65773
787.2115,284.62674,48.72705,147.65773
786.0891,281.25964,48.72705,147.65773
784.96674,284.62674,48.72705,147.65773
785.3409,281.25964,48.72705,147.65773
782.72205,280.13727,48.72705,147.65773
781.5997,284.2526,48.72705,147.65773
780.4773,280.13727,48.72705,147.65773
778.6067,284.2526,48.72705,147.65773
778.23254,280.13727,48.72705,147.65773
775.6137,283.50436,48.72705,147.65773
775.23956,280.13727,48.72705,147.65773
773.36896,282.7561,48.72705,147.65773
772.9948,279.389,48.72705,147.65773
771.87244,282.7561,48.72705,147.65773
769.2536,280.13727,48.72705,147.65773
767.383,282.7561,48.72705,147.65773
766.2606,279.389,48.72705,147.65773
765.13824,282.00784,48.72705,147.65773
763.26764,278.64075,48.72705,147.65773
762.8935,280.51135,48.72705,147.65773
761.7711,277.14426,48.72705,147.65773
759.9005,277.51837,48.72705,147.65773
758.77814,277.14426,48.72705,147.65773
756.90753,276.77014,48.72705,147.65773
755.78516,275.64777,48.72705,147.65773
753.1663,276.77014,48.72705,147.65773
750.5475,275.64777,48.72705,147.65773
750.17334,276.77014,48.72705,147.65773
747.5545,275.64777,48.72705,147.65773
744.93567,277.51837,48.72705,147.65773
744.5615,276.396,48.72705,147.65773
741.9427,278.2666,48.72705,147.65773
740.8203,277.14423,48.72705,147.65773
738.2015,278.2666,48.72705,147.65773
736.3309,278.64072,48.72705,147.65773
733.71204,279.7631,48.72705,147.65773
734.3374,276.96515,49.805138,150.92465
730.8958,278.11237,49.805138,150.92465
729.7486,276.96515,49.805138,150.92465
727.8366,278.87714,49.805138,150.92465
725.9246,277.72998,49.805138,150.92465
725.54224,278.87714,49.805138,150.92465
724.395,278.49475,49.805138,150.92465
723.2478,278.11237,49.805138,150.92465
721.3358,278.49475,49.805138,150.92465
720.1886,279.64197,49.805138,150.92465
719.0414,279.25958,49.805138,150.92465
717.89417,278.8772,49.805138,150.92465
715.9822,280.02435,49.805138,150.92465
714.83496,279.64197,49.805138,150.92465
712.923,279.25958,49.805138,150.92465
712.5406,278.8772,49.805138,150.92465
711.3934,280.0244,49.805138,150.92465
710.24615,280.4068,49.805138,150.92465
709.09894,280.0244,49.805138,150.92465
707.9517,281.17157,49.805138,150.92465
706.03973,281.55396,49.805138,150.92465
705.65735,281.17157,49.805138,150.92465
704.51013,281.55396,49.805138,150.92465
704.12775,281.17157,49.805138,150.92465
702.9805,281.55396,49.805138,150.92465
701.06854,281.93634,49.805138,150.92465
701.9682,284.65134,48.743027,147.70613
700.84546,283.5286,48.743027,147.70613
700.4712,285.3998,48.743027,147.70613
699.90875,287.33545,47.703568,144.55626
701.00757,286.96918,47.703568,144.55626
699.90875,288.06796,47.703568,144.55626
698.80994,288.43423,47.703568,144.55626
698.44366,287.33545,47.703568,144.55626
700.27496,286.96918,47.703568,144.55626
698.44366,287.33545,47.703568,144.55626
700.27496,287.70172,47.703568,144.55626
697.7111,288.068,47.703568,144.55626
699.5424,289.16678,47.703568,144.55626
701.3737,289.53305,47.703568,144.55626
703.205,288.43427,47.703568,144.55626
702.1062,285.87042,47.703568,144.55626
703.205,284.77164,47.703568,144.55626
702.1062,282.2078,47.703568,144.55626
700.2749,282.57407,47.703568,144.55626
701.3737,282.2078,47.703568,144.55626
700.2749,281.109,47.703568,144.55626
702.1062,278.54517,47.703568,144.55626
701.1985,278.086,48.75901,147.75456
702.3216,278.46036,48.75901,147.75456
704.94214,278.086,48.75901,147.75456
705.8229,278.57898,47.71921,144.60365
704.72375,279.67813,47.71921,144.60365
704.35736,279.31174,47.71921,144.60365
704.72375,279.67813,47.71921,144.60365
702.15906,280.77728,47.71921,144.60365
704.72375,281.14368,47.71921,144.60365
702.89185,280.04453,47.71921,144.60365
704.72375,280.41092,47.71921,144.60365
703.62463,278.579,47.71921,144.60365
706.18933,279.67816,47.71921,144.60365
704.3574,280.04456,47.71921,144.60365
704.7238,281.1437,47.71921,144.60365
703.6247,282.24286,47.71921,144.60365
706.9221,279.6782,47.71921,144.60365
705.823,280.77734,47.71921,144.60365
705.4566,280.41095,47.71921,144.60365
706.5557,280.04456,47.71921,144.60365
707.65485,279.67816,47.71921,144.60365
706.5557,280.7773,47.71921,144.60365
706.9221,281.1437,47.71921,144.60365
707.2885,281.5101,47.71921,144.60365
708.38763,281.8765,47.71921,144.60365
710.21954,282.2429,47.71921,144.60365
709.1204,281.8765,47.71921,144.60365
710.21954,282.97565,47.71921,144.60365
709.85315,282.60925,47.71921,144.60365
710.9523,280.77734,47.71921,144.60365
710.5859,281.14374,47.71921,144.60365
712.4178,280.77734,47.71921,144.60365
711.31866,280.41095,47.71921,144.60365
710.9523,279.3118,47.71921,144.60365
708.3876,279.6782,47.71921,144.60365
708.75397,279.3118,47.71921,144.60365
709.12036,278.21265,47.71921,144.60365
710.2195,277.1135,47.71921,144.60365
710.5859,276.7471,47.71921,144.60365
711.685,274.9152,47.71921,144.60365
711.3186,274.5488,47.71921,144.60365
714.616,271.98413,47.71921,144.60365
713.5169,273.81604,47.71921,144.60365
715.3488,273.44965,47.71921,144.60365
716.44794,273.08325,47.71921,144.60365
717.54706,274.1824,47.71921,144.60365
719.37897,275.28156,47.71921,144.60365
719.0126,274.1824,47.71921,144.60365
718.6462,276.0143,47.71921,144.60365
720.4781,274.91516,47.71921,144.60365
722.0464,275.39758,46.701584,141.51994
721.6878,275.75616,46.701584,141.51994
722.0464,273.96332,46.701584,141.51994
723.83923,275.03903,46.701584,141.51994
723.48065,275.3976,46.701584,141.51994
723.83923,276.47333,46.701584,141.51994
724.9149,274.68048,46.701584,141.51994
723.1221,277.19046,46.701584,141.51994
722.0464,277.54904,46.701584,141.51994
721.6878,277.90762,46.701584,141.51994
722.0464,276.8319,46.701584,141.51994
721.5075,280.06897,45.705658,138.50198
723.26215,279.01617,45.705658,138.50198
722.20935,278.66528,45.705658,138.50198
725.3677,277.6125,45.705658,138.50198
723.61304,275.8579,45.705658,138.50198
725.3677,274.8051,45.705658,138.50198
723.61304,273.75238,45.705658,138.50198
726.0695,274.8051,45.705658,138.50198
724.3149,273.05054,45.705658,138.50198
725.3677,273.40143,45.705658,138.50198
724.498,270.777,46.716896,141.56635
726.29144,268.98358,46.716896,141.56635
725.2154,270.05963,46.716896,141.56635
726.29144,268.98358,46.716896,141.56635
727.3675,268.6249,46.716896,141.56635
726.4786,268.17526,47.750507,144.6985
725.56995,264.67267,48.806988,147.89996
725.1952,265.79688,48.806988,147.89996
727.06885,264.67267,48.806988,147.89996
726.6941,264.29794,48.806988,147.89996
725.7654,262.273,49.88684,151.17226
725.3824,263.4221,49.88684,151.17226
726.53143,262.273,49.88684,151.17226
725.3824,263.4221,49.88684,151.17226
728.06354,261.50696,49.88684,151.17226
726.9145,261.88998,49.88684,151.17226
728.8296,261.50696,49.88684,151.17226
728.4466,261.88998,49.88684,151.17226
726.5315,263.8051,49.88684,151.17226
726.1485,264.9542,49.88684,151.17226
725.7655,266.86932,49.88684,151.17226
728.44666,266.4863,49.88684,151.17226
726.53156,265.33722,49.88684,151.17226
726.91455,267.25235,49.88684,151.17226
728.0636,267.63538,49.88684,151.17226
725.38245,267.25235,49.88684,151.17226
724.2334,267.63538,49.88684,151.17226
724.6164,265.72025,49.88684,151.17226
723.46735,265.33722,49.88684,151.17226
723.85034,265.72025,49.88684,151.17226
724.23334,266.10327,49.88684,151.17226
724.61633,262.65604,49.88684,151.17226
725.7654,259.97485,49.88684,151.17226
725.3824,259.59183,49.88684,151.17226
725.7654,259.97485,49.88684,151.17226
725.3824,260.35788,49.88684,151.17226
724.23334,259.2088,49.88684,151.17226
723.85034,258.82578,49.88684,151.17226
724.23334,258.44275,49.88684,151.17226
723.0843,257.29367,49.88684,151.17226
722.7013,259.97485,49.88684,151.17226
723.0843,258.82578,49.88684,151.17226
720.40314,259.97485,49.88684,151.17226
721.5522,261.88998,49.88684,151.17226
721.1692,260.7409,49.88684,151.17226
720.7862,261.88998,49.88684,151.17226
720.4032,262.273,49.88684,151.17226
719.25415,263.4221,49.88684,151.17226
719.63715,261.50696,49.88684,151.17226
720.02014,261.88998,49.88684,151.17226
720.40314,262.273,49.88684,151.17226
720.02014,261.88998,49.88684,151.17226
719.63715,262.273,49.88684,151.17226
719.25415,262.65604,49.88684,151.17226
718.1051,260.7409,49.88684,151.17226
716.95605,262.65604,49.88684,151.17226
718.5955,263.1604,48.82299,147.94846
716.5869,267.26706,47.781826,144.79341
718.4212,264.699,47.781826,144.79341
716.5869,266.53333,47.781826,144.79341
716.9538,264.699,47.781826,144.79341
715.8532,265.7996,47.781826,144.79341
715.4863,266.16644,47.781826,144.79341
716.5869,263.5984,47.781826,144.79341
716.9538,265.4327,47.781826,144.79341
717.3207,261.39722,47.781826,144.79341
716.9538,264.69897,47.781826,144.79341
718.7881,262.13092,47.781826,144.79341
717.6875,263.96524,47.781826,144.79341
717.3206,259.92975,47.781826,144.79341
716.22003,263.2315,47.781826,144.79341
715.66876,266.5434,46.762863,141.70564
716.7459,261.8759,46.762863,141.70564
716.38684,264.38916,46.762863,141.70564
715.3097,266.18436,46.762863,141.70564
714.41986,260.5192,47.797493,144.84088
714.78687,261.62015,47.797493,144.84088
713.6859,258.3173,47.797493,144.84088
713.3189,260.88617,47.797493,144.84088
715.1538,256.84937,47.797493,144.84088
714.6023,259.4549,46.7782,141.7521
716.3981,260.5324,46.7782,141.7521
716.7572,262.3282,46.7782,141.7521
717.83466,262.68732,46.7782,141.7521
716.7572,263.0465,46.7782,141.7521
716.3981,265.5606,46.7782,141.7521
716.03894,268.0747,46.7782,141.7521
717.57623,269.9323,45.78064,138.7292
718.4032,272.42792,44.804356,135.77077
717.3712,273.45993,44.804356,135.77077
718.4032,276.55594,44.804356,135.77077
718.7472,280.33997,44.804356,135.77077
718.4032,281.37198,44.804356,135.77077
719.4352,281.02798,44.804356,135.77077
721.1552,279.99597,44.804356,135.77077
723.56323,281.02798,44.804356,135.77077
693.635,341.91638,44.804356,135.77077
691.227,345.7004,44.804356,135.77077
693.635,344.6684,44.804356,135.77077
695.63763,342.8095,45.79565,138.77469
695.49585,342.3687,46.80888,141.84508
696.8424,338.18948,47.84453,144.9834
695.5822,345.75452,46.82423,141.89159
695.2227,345.39502,46.82423,141.89159
694.8632,347.9116,46.82423,141.89159
696.66077,347.5521,46.82423,141.89159
697.7393,347.9116,46.82423,141.89159
699.53687,348.9901,46.82423,141.89159
702.05347,348.6306,46.82423,141.89159
703.851,349.70914,46.82423,141.89159
706.68994,346.2745,47.860218,145.03094
705.5875,348.11182,47.860218,145.03094
707.7268,343.8387,48.919125,148.23976
704.4578,340.25043,50.00146,151.51956
708.6808,342.93774,50.00146,151.51956
706.93274,338.47345,51.107742,154.87193
708.1099,338.08105,51.107742,154.87193
706.14795,337.68866,51.107742,154.87193
708.8947,342.00504,51.107742,154.87193
707.92224,337.442,52.238503,158.29848
705.26373,331.9457,53.39428,161.80083
704.85376,337.27512,53.39428,161.80083
701.9841,335.22534,53.39428,161.80083
699.9343,339.73483,53.39428,161.80083
705.26373,336.04523,53.39428,161.80083
703.214,340.55472,53.39428,161.80083
701.98413,337.68503,53.39428,161.80083
699.2668,329.5152,54.575626,165.38068
696.4894,304.64453,55.78311,169.03972
694.5392,307.66248,57.01731,172.77972
691.4748,300.22037,57.01731,172.77972
686.75635,306.93857,58.27882,176.60248
681.8343,311.8606,58.27882,176.60248
684.4392,305.7288,59.568237,180.50981
678.4936,310.75974,59.568237,180.50981
681.69507,307.55823,59.568237,180.50981
678.4936,310.75974,59.568237,180.50981
679.86566,309.38766,59.568237,180.50981
681.23773,310.75974,59.568237,180.50981
678.03625,310.30237,59.568237,180.50981
682.15247,308.9303,59.568237,180.50981
682.6098,305.7288,59.568237,180.50981
680.323,299.78314,59.568237,180.50981
679.86566,302.98465,59.568237,180.50981
679.4083,297.039,59.568237,180.50981
678.27484,299.31268,60.886185,184.50359
677.8074,294.17044,60.886185,184.50359
677.61884,296.49445,62.23329,188.58572
680.96356,299.83917,62.23329,188.58572
675.7075,292.67188,62.23329,188.58572
680.96356,302.70605,62.23329,188.58572
676.80493,294.17526,63.610203,192.75818
677.6214,300.6569,65.01758,197.02295
676.3842,295.88776,66.45609,201.38208
674.0609,293.13058,67.92644,205.83766
672.7684,293.55896,69.429306,210.39182
673.30145,289.82745,69.429306,210.39182
673.0864,290.2653,70.96543,215.04674
670.3621,285.3615,70.96543,215.04674
668.72754,276.09882,70.96543,215.04674
670.769,285.5911,72.53554,219.80464
670.21204,272.78195,72.53554,219.80464
669.9874,283.63983,74.14039,224.66782
669.4182,272.82422,74.14039,224.66782
671.55096,285.10352,75.78075,229.6386
671.3163,280.75217,77.4574,234.71935
671.0764,277.53857,79.17114,239.9125
670.46857,275.71497,79.17114,239.9125
671.4847,274.95294,80.922806,245.22057
671.2341,270.30637,82.71323,250.64607
668.0588,267.13104,82.71323,250.64607
670.4382,262.38165,84.54326,256.19162
667.4825,257.52716,86.41378,261.85986
669.9683,260.82553,88.32568,267.6535
668.2876,252.93953,90.27989,273.57535
667.5944,249.47374,90.27989,273.57535
668.2876,246.00795,90.27989,273.57535
670.88464,253.76878,92.277336,279.6282
663.0912,247.39235,92.277336,279.6282
668.05066,243.84987,92.277336,279.6282
665.9252,237.47343,92.277336,279.6282
670.88464,250.9348,92.277336,279.6282
663.2483,241.22585,94.31897,285.81497
668.3175,236.15666,94.31897,285.81497
671.03076,248.77266,96.40578,292.13864
661.40826,240.63057,96.40578,292.13864
668.07,236.92961,96.40578,292.13864
659.9279,228.78752,96.40578,292.13864
668.07,245.81194,96.40578,292.13864
659.9279,237.66985,96.40578,292.13864
669.5504,245.81194,96.40578,292.13864
659.9279,237.66985,96.40578,292.13864
671.03076,248.77272,96.40578,292.13864
661.40826,242.11101,96.40578,292.13864
669.55035,236.92967,96.40578,292.13864
699.8982,258.3952,96.40578,292.13864
711.88684,260.53906,98.53876,298.6022
706.8721,254.88097,100.718925,305.20877
714.5832,255.51613,102.947334,311.96152
720.1161,259.4682,102.947334,311.96152
722.48737,263.4203,102.947334,311.96152
721.69696,265.79156,102.947334,311.96152
722.48737,266.58197,102.947334,311.96152
724.85864,267.37238,102.947334,311.96152
725.64905,268.16278,102.947334,311.96152
728.0203,270.534,102.947334,311.96152
728.3562,274.6222,100.75195,305.30884
727.58264,270.7544,100.75195,305.30884
729.9033,271.52795,100.75195,305.30884
729.12976,272.3015,100.75195,305.30884
729.9033,271.52795,100.75195,305.30884
732.224,272.3015,100.75195,305.30884
736.0918,274.6222,100.75195,305.30884
735.31824,269.20728,100.75195,305.30884
734.5447,268.43372,100.75195,305.30884
736.86536,264.56592,100.75195,305.30884
735.7028,262.6021,98.603386,298.79803
734.94574,260.33093,98.603386,298.79803
734.18866,256.54562,98.603386,298.79803
736.45984,264.87332,98.603386,298.79803
738.731,258.05975,98.603386,298.79803
741.0022,269.4157,98.603386,298.79803
738.731,262.60214,98.603386,298.79803
741.0022,257.3027,98.603386,298.79803
738.731,252.00327,98.603386,298.79803
737.97394,258.81683,98.603386,298.79803
737.21686,255.03152,98.603386,298.79803
734.9457,258.81683,98.603386,298.79803
735.70276,259.57388,98.603386,298.79803
736.45984,261.84506,98.603386,298.79803
736.1545,259.32507,100.78499,305.40894
736.9283,261.6465,100.78499,305.40894
737.7021,262.42032,100.78499,305.40894
736.9283,264.74176,100.78499,305.40894
737.7021,267.0632,100.78499,305.40894
735.3806,263.19412,100.78499,305.40894
737.7021,267.0632,100.78499,305.40894
739.5226,268.08212,98.63572,298.896
738.76526,267.3248,98.63572,298.896
739.5226,269.59674,98.63572,298.896
738.76526,268.83942,98.63572,298.896
737.6272,268.37677,96.53228,292.52194
736.88605,266.15326,96.53228,292.52194
739.10956,275.7884,96.53228,292.52194
737.27264,265.63177,98.66806,298.994
736.5151,260.32886,98.66806,298.994
732.7273,267.1469,98.66806,298.994
733.48486,260.32886,98.66806,298.994
735.2671,254.02457,96.563934,292.61786
733.04285,260.6972,96.563934,292.61786
733.78424,268.85266,96.563934,292.61786
733.4852,260.2311,98.70041,299.09204
732.7274,268.56702,98.70041,299.09204
730.454,264.77798,98.70041,299.09204
732.7274,267.05142,98.70041,299.09204
731.9696,263.2624,98.70041,299.09204
731.664,265.45728,100.884155,305.70944
730.8894,263.13354,100.884155,305.70944
730.1148,262.359,100.884155,305.70944
730.4439,261.88574,98.73277,299.1901
731.20197,267.19214,98.73277,299.1901
731.96,263.40186,98.73277,299.1901
729.68585,262.6438,98.73277,299.1901
730.4439,261.88574,98.73277,299.1901
732.7181,264.1599,98.73277,299.1901
730.4439,263.40186,98.73277,299.1901
734.2342,268.70825,98.73277,299.1901
731.96,263.40186,98.73277,299.1901
731.20197,268.70825,98.73277,299.1901
731.96,266.43408,98.73277,299.1901
734.2342,265.67603,98.73277,299.1901
734.99225,264.91797,98.73277,299.1901
737.2664,264.1599,98.73277,299.1901
738.0245,263.40186,98.73277,299.1901
737.2664,262.6438,98.73277,299.1901
739.5406,260.36963,98.73277,299.1901
741.81476,258.09546,98.73277,299.1901
744.0889,255.8213,98.73277,299.1901
746.3631,252.03102,98.73277,299.1901
751.06915,247.18394,96.627266,292.80978
750.3273,252.37718,96.627266,292.80978
753.5028,244.77318,94.56666,286.56552
755.21094,237.33131,92.549995,280.45444
757.3427,242.30544,92.549995,280.45444
759.01447,239.1317,90.57634,274.47366
760.6505,245.40982,88.644775,268.62042
760.9397,250.24205,86.7544,262.892
765.6023,245.57942,86.7544,262.892
771.0214,245.17247,84.904335,257.28574
771.2984,249.8008,83.09373,251.79904
773.21234,249.16283,83.09373,251.79904
772.57434,248.52486,83.09373,251.79904
773.21234,249.16283,83.09373,251.79904
776.4023,248.52486,83.09373,251.79904
779.13306,250.59477,81.32173,246.42935
781.00616,251.21916,81.32173,246.42935
780.3818,251.84355,81.32173,246.42935
783.50366,251.21916,81.32173,246.42935
786.62555,251.84355,81.32173,246.42935
789.74744,252.46794,81.32173,246.42935
792.8693,254.34108,81.32173,246.42935
795.9912,251.2192,81.32173,246.42935
800.3619,253.09233,81.32173,246.42935
798.4888,254.96547,81.32173,246.42935
802.85944,254.34108,81.32173,246.42935
807.2301,253.71669,81.32173,246.42935
811.60077,253.0923,81.32173,246.42935
814.72266,252.46791,81.32173,246.42935
819.0933,253.0923,81.32173,246.42935
822.2152,251.21916,81.32173,246.42935
825.3371,250.59477,81.32173,246.42935
828.459,249.97038,81.32173,246.42935
830.3321,249.346,81.32173,246.42935
834.70276,249.97038,81.32173,246.42935
837.82465,250.59477,81.32173,246.42935
843.44403,251.21916,81.32173,246.42935
846.5659,251.84355,81.32173,246.42935
850.9366,253.71669,81.32173,246.42935
855.30725,255.58983,81.32173,246.42935
859.6779,256.21423,81.32173,246.42935
862.7998,256.83862,81.32173,246.42935
868.4192,249.97044,81.32173,246.42935
874.0386,250.59483,81.32173,246.42935
878.40924,251.21922,81.32173,246.42935
884.0286,248.09734,81.32173,246.42935
889.648,246.2242,81.32173,246.42935
894.0187,243.10231,81.32173,246.42935
898.38934,242.47792,81.32173,246.42935
900.26245,243.10231,81.32173,246.42935
904.6331,242.47792,81.32173,246.42935
906.5062,241.85353,81.32173,246.42935
910.8769,237.4829,81.32173,246.42935
915.24756,239.35603,81.32173,246.42935
918.36945,238.73164,81.32173,246.42935
920.24255,236.8585,81.32173,246.42935
922.11566,236.23412,81.32173,246.42935
923.9888,235.60973,81.32173,246.42935
924.61316,238.73161,81.32173,246.42935
928.9838,238.10722,81.32173,246.42935
932.1057,237.48283,81.32173,246.42935
933.9788,238.10722,81.32173,246.42935
934.6032,237.48283,81.32173,246.42935
931.4813,238.10722,81.32173,246.42935
935.852,237.48283,81.32173,246.42935
932.7301,239.35597,81.32173,246.42935
938.3495,239.98036,81.32173,246.42935
931.4813,241.8535,81.32173,246.42935
940.847,237.48286,81.32173,246.42935
933.89056,243.1195,79.587524,241.17418
941.83435,243.73056,79.587524,241.17418
947.3339,244.34161,79.587524,241.17418
939.39014,247.39694,79.587524,241.17418
948.5561,244.34161,79.587524,241.17418
950.3893,246.1748,79.587524,241.17418
954.66675,246.78586,79.587524,241.17418
951.8844,246.01982,81.3484,246.51016
956.2565,241.64775,81.3484,246.51016
956.88104,244.77068,81.3484,246.51016
958.75476,247.8936,81.3484,246.51016
960.6285,241.02318,81.3484,246.51016
960.0039,244.1461,81.3484,246.51016
963.12683,237.27568,81.3484,246.51016
963.7514,239.14943,81.3484,246.51016
966.8743,234.77736,81.3484,246.51016
971.2464,230.40529,81.3484,246.51016
975.61847,228.53154,81.3484,246.51016
972.49554,226.65779,81.3484,246.51016
975.61847,224.78404,81.3484,246.51016
974.9939,224.15947,81.3484,246.51016
976.8676,226.03322,81.3484,246.51016
978.74133,224.15947,81.3484,246.51016
980.61505,223.5349,81.3484,246.51016
981.2396,224.15947,81.3484,246.51016
983.11334,223.5349,81.3484,246.51016
983.7379,222.91032,81.3484,246.51016
983.11334,218.53825,81.3484,246.51016
983.7379,219.16283,81.3484,246.51016
980.615,218.53825,81.3484,246.51016
981.23956,219.16283,81.3484,246.51016
983.1133,219.7874,81.3484,246.51016
983.73785,220.41197,81.3484,246.51016
984.3624,221.03654,81.3484,246.51016
983.73785,220.41197,81.3484,246.51016
986.8607,219.7874,81.3484,246.51016
982.48865,219.16283,81.3484,246.51016
986.8607,218.53825,81.3484,246.51016
981.2395,219.16283,81.3484,246.51016
986.8607,218.53825,81.3484,246.51016
979.9903,219.16283,81.3484,246.51016
986.8607,218.53825,81.3484,246.51016
978.74115,220.412,81.3484,246.51016
986.8607,218.53825,81.3484,246.51016
979.9903,220.412,81.3484,246.51016
985.6116,219.78743,81.3484,246.51016
978.74115,220.412,81.3484,246.51016
983.1132,218.53825,81.3484,246.51016
978.74115,220.412,81.3484,246.51016
980.61487,216.03993,81.3484,246.51016
976.2428,219.16286,81.3484,246.51016
979.3657,219.78743,81.3484,246.51016
976.2428,219.16286,81.3484,246.51016
979.3657,214.79079,81.3484,246.51016
973.7445,217.91371,81.3484,246.51016
978.1166,218.53828,81.3484,246.51016
974.99365,219.16286,81.3484,246.51016
975.6182,218.53828,81.3484,246.51016
974.99365,215.41536,81.3484,246.51016
978.1166,212.29243,81.3484,246.51016
974.99365,209.16951,81.3484,246.51016
976.8674,208.54494,81.3484,246.51016
974.99365,209.16951,81.3484,246.51016
975.6182,211.04326,81.3484,246.51016
977.0876,211.86568,79.61362,241.25327
976.4763,211.25441,79.61362,241.25327
974.6425,211.86568,79.61362,241.25327
971.5862,212.47694,79.61362,241.25327
972.19745,213.08821,79.61362,241.25327
971.5862,212.47694,79.61362,241.25327
972.19745,210.64314,79.61362,241.25327
971.5862,210.03188,79.61362,241.25327
973.0243,213.19345,77.91583,236.10846
971.2296,209.00586,77.91583,236.10846
970.63135,210.80054,77.91583,236.10846
966.4437,210.2023,77.91583,236.10846
965.8456,208.40762,77.91583,236.10846
965.2473,207.80939,77.91583,236.10846
967.042,206.01471,77.91583,236.10846
966.44385,206.61295,77.91583,236.10846
965.8456,208.40762,77.91583,236.10846
965.24744,209.00586,77.91583,236.10846
963.45276,209.6041,77.91583,236.10846
964.0509,209.00586,77.91583,236.10846
959.8633,209.6041,77.91583,236.10846
961.65796,210.20233,77.91583,236.10846
954.9929,214.4497,76.25426,231.07338
961.4331,215.03519,76.25426,231.07338
954.9929,215.62067,76.25426,231.07338
960.26215,211.52237,76.25426,231.07338
953.82196,213.27878,76.25426,231.07338
957.9202,215.03519,76.25426,231.07338
952.651,215.62067,76.25426,231.07338
956.74927,215.03519,76.25426,231.07338
952.651,215.62067,76.25426,231.07338
955.57837,213.86426,76.25426,231.07338
952.4413,219.14963,74.62811,226.14568
956.4523,215.13873,74.62811,226.14568
957.02527,216.8577,74.62811,226.14568
957.59827,216.2847,74.62811,226.14568
955.8793,219.14963,74.62811,226.14568
956.4523,218.57663,74.62811,226.14568
953.5874,220.2956,74.62811,226.14568
954.1604,220.86859,74.62811,226.14568
955.8793,218.00366,74.62811,226.14568
955.3063,218.57666,74.62811,226.14568
955.8793,218.00366,74.62811,226.14568
956.4523,217.43066,74.62811,226.14568
957.02527,214.56573,74.62811,226.14568
956.4523,215.13873,74.62811,226.14568
958.17126,215.71173,74.62811,226.14568
957.59827,215.13873,74.62811,226.14568
953.5873,216.8577,74.62811,226.14568
958.74414,215.13873,74.62811,226.14568
952.4413,216.8577,74.62811,226.14568
957.59814,215.13873,74.62811,226.14568
952.4413,215.71173,74.62811,226.14568
956.4523,213.99277,74.62811,226.14568
950.1494,211.12784,74.62811,226.14568
954.1603,210.55484,74.62811,226.14568
952.4414,208.83588,74.62811,226.14568
954.1603,209.40887,74.62811,226.14568
954.7333,208.83588,74.62811,226.14568
956.4523,205.97095,74.62811,226.14568
955.8793,206.54395,74.62811,226.14568
958.74414,203.67902,74.62811,226.14568
955.8793,204.25201,74.62811,226.14568
953.0143,203.67902,74.62811,226.14568
956.5714,205.53806,73.036644,221.32304
952.64606,207.22037,73.036644,221.32304
958.81445,202.17346,73.036644,221.32304
952.64606,204.9773,73.036644,221.32304
957.69293,203.29498,73.036644,221.32304
951.52454,204.9773,73.036644,221.32304
955.4499,205.53806,73.036644,221.32304
947.0384,207.22037,73.036644,221.32304
954.32837,202.17346,73.036644,221.32304
950.403,202.73422,73.036644,221.32304
957.693,199.93039,73.036644,221.32304
951.44525,202.83078,71.47912,216.60326
959.67737,200.08673,71.47912,216.60326
953.6405,201.73315,71.47912,216.60326
961.8726,197.89151,71.47912,216.60326
955.83575,200.63556,71.47912,216.60326
962.9703,195.69629,71.47912,216.60326
956.9334,199.53793,71.47912,216.60326
961.8727,194.59866,71.47912,216.60326
955.8358,198.4403,71.47912,216.60326
960.7751,193.50104,71.47912,216.60326
953.64056,196.24509,71.47912,216.60326
958.57983,192.40344,71.47912,216.60326
960.22626,192.95224,71.47912,216.60326
957.48224,194.59866,71.47912,216.60326
960.22626,190.75702,71.47912,216.60326
962.9703,192.40344,71.47912,216.60326
958.031,190.75702,71.47912,216.60326
960.775,194.59866,71.47912,216.60326
958.031,189.6594,71.47912,216.60326
959.6774,191.30582,71.47912,216.60326
960.96857,190.97052,69.9548,211.98413
959.35724,190.43341,69.9548,211.98413
961.65625,191.14066,68.463,207.4635
963.2332,188.51239,68.463,207.4635
962.7076,191.14066,68.463,207.4635
963.2332,186.40979,68.463,207.4635
963.75885,187.98676,68.463,207.4635
963.2332,185.35849,68.463,207.4635
963.45654,188.07726,67.003006,203.03928
964.6669,190.73804,65.57415,198.7094
964.1634,190.23456,65.57415,198.7094
962.65295,187.71722,65.57415,198.7094
961.1425,187.21375,65.57415,198.7094
959.6321,187.71722,65.57415,198.7094
961.1425,191.24152,65.57415,198.7094
957.6182,192.75192,65.57415,198.7094
961.1425,193.2554,65.57415,198.7094
954.5974,192.75192,65.57415,198.7094
958.1217,191.24152,65.57415,198.7094
952.58356,190.73804,65.57415,198.7094
956.10785,190.23456,65.57415,198.7094
951.5766,188.72415,65.57415,198.7094
956.10785,187.21375,65.57415,198.7094
948.5558,187.71722,65.57415,198.7094
953.08704,188.2207,65.57415,198.7094
946.54193,188.72418,65.57415,198.7094
952.0801,187.21378,65.57415,198.7094
947.5488,187.71725,65.57415,198.7094
955.1009,185.19992,65.57415,198.7094
949.56274,187.71725,65.57415,198.7094
952.0801,184.19296,65.57415,198.7094
946.54193,187.71725,65.57415,198.7094
952.0801,184.19296,65.57415,198.7094
946.4707,187.76755,64.17576,194.47186
948.9344,184.31842,64.17576,194.47186
941.5434,185.79663,64.17576,194.47186
944.0071,183.33298,64.17576,194.47186
940.4171,186.83133,62.80719,190.32469
943.7926,185.38464,62.80719,190.32469
941.3815,184.9024,62.80719,190.32469
943.7926,182.49127,62.80719,190.32469
940.2792,188.70381,61.467808,186.26596
942.63885,185.40022,61.467808,186.26596
938.39136,186.81606,61.467808,186.26596
940.75104,185.40022,61.467808,186.26596
937.44745,183.04051,61.467808,186.26596
939.46747,187.30103,60.15699,182.29378
936.2343,184.06787,60.15699,182.29378
936.69617,184.52975,60.15699,182.29378
935.31055,184.06787,60.15699,182.29378
933.9249,182.68225,60.15699,182.29378
932.5393,183.14413,60.15699,182.29378
933.9249,179.91098,60.15699,182.29378
931.61554,180.37286,60.15699,182.29378
933.00116,180.83475,60.15699,182.29378
930.6918,180.37286,60.15699,182.29378
930.2299,181.75848,60.15699,182.29378
927.92053,181.2966,60.15699,182.29378
927.4587,179.91098,60.15699,182.29378
924.9838,183.19025,58.874123,178.40631
923.62775,181.83417,58.874123,178.40631
922.077,185.04352,57.618614,174.60175
920.7499,184.60114,57.618614,174.60175
919.4227,184.15875,57.618614,174.60175
917.2108,182.83157,57.618614,174.60175
915.88367,182.38919,57.618614,174.60175
913.67175,183.71637,57.618614,174.60175
912.3446,183.27399,57.618614,174.60175
908.3631,185.48593,57.618614,174.60175
912.3446,183.27399,57.618614,174.60175
905.7088,185.48593,57.618614,174.60175
908.80554,185.04355,57.618614,174.60175
903.0545,186.37073,57.618614,174.60175
898.18823,187.6979,57.618614,174.60175
903.9393,186.37073,57.618614,174.60175
897.30347,187.6979,57.618614,174.60175
892.4372,188.14029,57.618614,174.60175
897.30347,185.04358,57.618614,174.60175
890.66766,187.25552,57.618614,174.60175
887.5709,187.6979,57.618614,174.60175
888.8981,187.25552,57.618614,174.60175
884.0318,187.6979,57.618614,174.60175
886.2437,184.6012,57.618614,174.60175
881.37744,185.04358,57.618614,174.60175
881.8198,183.7164,57.618614,174.60175
879.6079,184.15878,57.618614,174.60175
879.1655,184.60117,57.618614,174.60175
876.0688,185.92834,57.618614,174.60175
872.97205,184.60117,57.618614,174.60175
873.4144,185.04355,57.618614,174.60175
868.54816,183.71637,57.618614,174.60175
868.99054,182.38919,57.618614,174.60175
865.00903,183.71637,57.618614,174.60175
863.6819,183.27399,57.618614,174.60175
859.7004,183.71637,57.618614,174.60175
859.258,181.50443,57.618614,174.60175
856.16125,181.94681,57.618614,174.60175
856.60364,178.8501,57.618614,174.60175
853.38043,182.84381,56.38988,170.87831
852.7298,185.91774,55.18735,167.23428
851.4586,183.79912,55.18735,167.23428
848.3714,186.8075,54.010464,163.66797
847.7482,189.75172,52.858673,160.1777
844.09564,189.34587,52.858673,160.1777
842.0664,190.5634,52.858673,160.1777
842.4722,190.15755,52.858673,160.1777
838.008,190.5634,52.858673,160.1777
839.2255,186.91081,52.858673,160.1777
833.9496,188.12834,52.858673,160.1777
835.1671,189.34587,52.858673,160.1777
829.07947,191.37508,52.858673,160.1777
830.297,189.34587,52.858673,160.1777
828.1224,192.22731,51.731445,156.76187
825.22845,194.28165,50.628258,153.41888
821.73,194.67035,50.628258,153.41888
826.00586,195.05905,50.628258,153.41888
820.1751,196.22519,50.628258,153.41888
815.095,198.98503,49.548595,150.14719
821.56226,197.84373,49.548595,150.14719
815.85583,199.74586,49.548595,150.14719
810.9103,200.88716,49.548595,150.14719
816.6167,198.22417,49.548595,150.14719
812.432,200.1263,49.548595,150.14719
808.9269,202.8273,48.491955,146.94525
806.9319,206.18842,47.457848,143.8116
812.3975,203.63779,47.457848,143.8116
809.11816,204.73093,47.457848,143.8116
805.11005,205.82407,47.457848,143.8116
811.30444,201.81595,47.457848,143.8116
809.35205,206.51021,46.445793,140.74478
806.85583,208.29323,46.445793,140.74478
804.94507,211.51251,45.455322,137.74336
804.59607,211.16351,45.455322,137.74336
800.70776,210.9503,44.485973,134.80594
803.7818,207.19316,44.485973,134.80594
797.97534,207.53471,44.485973,134.80594
799.6831,206.51006,44.485973,134.80594
795.24286,204.80226,44.485973,134.80594
796.2675,203.7776,44.485973,134.80594
791.8273,202.06981,44.485973,134.80594
794.2182,201.04515,44.485973,134.80594
793.19354,199.33736,44.485973,134.80594
790.1195,197.62956,44.485973,134.80594
790.46106,200.02046,44.485973,134.80594
786.77966,195.33987,45.470226,137.78851
784.3359,194.99075,45.470226,137.78851
785.38324,195.33987,45.470226,137.78851
783.6377,194.99075,45.470226,137.78851
783.2886,194.64163,45.470226,137.78851
780.8448,194.29251,45.470226,137.78851
779.09924,195.33984,45.470226,137.78851
778.0519,196.38718,45.470226,137.78851
778.401,196.7363,45.470226,137.78851
774.5607,197.08542,45.470226,137.78851
776.3063,198.831,45.470226,137.78851
771.76776,199.87833,45.470226,137.78851
775.60803,200.22745,45.470226,137.78851
771.0454,203.3791,44.50056,134.85013
767.9704,205.08745,44.50056,134.85013
773.7788,203.3791,44.50056,134.85013
770.7038,204.4041,44.50056,134.85013
769.6788,204.74577,44.50056,134.85013
769.3371,204.4041,44.50056,134.85013
767.6287,205.4291,44.50056,134.85013
770.0204,202.35408,44.50056,134.85013
766.262,204.06242,44.50056,134.85013
770.70374,200.30406,44.50056,134.85013
767.5558,203.38852,43.551575,131.97441
765.2151,203.7229,43.551575,131.97441
769.562,200.04468,43.551575,131.97441
766.5526,202.38538,43.551575,131.97441
765.40546,204.11487,42.622826,129.16002
766.8062,203.91495,41.713882,126.40564
765.20483,201.03247,41.713882,126.40564
763.60345,201.99329,41.713882,126.40564
767.12646,199.11081,41.713882,126.40564
763.60345,200.71219,41.713882,126.40564
764.5643,199.11081,41.713882,126.40564
761.04126,199.43109,41.713882,126.40564
763.9237,197.82971,41.713882,126.40564
760.4007,197.50943,41.713882,126.40564
762.64264,195.90805,41.713882,126.40564
759.1196,194.94724,41.713882,126.40564
762.0021,194.62695,41.713882,126.40564
759.76013,194.30667,41.713882,126.40564
757.5182,193.98639,41.713882,126.40564
756.5574,193.66614,41.713882,126.40564
754.3154,194.62695,41.713882,126.40564
756.5574,193.66614,41.713882,126.40564
753.6749,193.98639,41.713882,126.40564
755.9169,191.10394,41.713882,126.40564
752.39386,192.06476,41.713882,126.40564
753.3547,189.82285,41.713882,126.40564
749.83167,190.78366,41.713882,126.40564
753.3547,191.74448,41.713882,126.40564
749.1911,192.70529,41.713882,126.40564
745.0275,193.6661,41.713882,126.40564
749.8316,193.98639,41.713882,126.40564
745.668,194.30664,41.713882,126.40564
742.09973,197.19795,40.82432,123.71
747.67096,197.00647,39.95373,121.071846
744.9101,198.54025,39.95373,121.071846
742.08374,201.30956,39.101707,118.48995
744.7857,198.60759,39.101707,118.48995
742.6842,200.10869,39.101707,118.48995
739.98224,201.60979,39.101707,118.48995
742.08374,198.90782,39.101707,118.48995
740.58264,199.80849,39.101707,118.48995
739.682,200.10872,39.101707,118.48995
740.58264,200.40895,39.101707,118.48995
740.2824,197.10655,39.101707,118.48995
738.7813,198.60765,39.101707,118.48995
737.2802,198.90788,39.101707,118.48995
735.7791,198.00722,39.101707,118.48995
734.7492,198.40256,38.267853,115.96312
733.86774,196.34586,38.267853,115.96312
732.2934,197.86552,37.45178,113.49017
733.73114,194.70247,37.45178,113.49017
731.71826,194.99002,37.45178,113.49017
728.55524,195.27757,37.45178,113.49017
727.69257,192.68962,37.45178,113.49017
725.6797,193.55228,37.45178,113.49017
728.26764,190.96432,37.45178,113.49017
725.1046,191.25188,37.45178,113.49017
725.9673,190.38922,37.45178,113.49017
723.9544,188.37637,37.45178,113.49017
721.9415,188.08882,37.45178,113.49017
722.22906,188.37637,37.45178,113.49017
720.2162,188.66393,37.45178,113.49017
718.2033,188.37637,37.45178,113.49017
718.49084,188.08882,37.45178,113.49017
715.9029,188.95148,37.45178,113.49017
715.0402,189.23903,37.45178,113.49017
715.32776,188.95148,37.45178,113.49017
711.5896,189.81413,37.45178,113.49017
711.87714,188.37639,37.45178,113.49017
709.2892,189.23904,37.45178,113.49017
709.00165,189.5266,37.45178,113.49017
707.5639,189.81415,37.45178,113.49017
705.551,190.1017,37.45178,113.49017
706.4137,190.38925,37.45178,113.49017
703.2507,189.5266,37.45178,113.49017
705.8386,189.23904,37.45178,113.49017
702.10046,190.67679,37.45178,113.49017
704.6884,189.23904,37.45178,113.49017
700.3752,191.25189,37.45178,113.49017
702.96313,189.81415,37.45178,113.49017
700.95026,191.25189,37.45178,113.49017
702.388,191.53944,37.45178,113.49017
699.1843,193.0267,36.653107,111.06996
700.38885,196.10974,35.871468,108.70136
698.3822,198.06517,35.1065,106.38327
699.7299,198.8738,35.1065,106.38327
697.84314,199.68242,35.1065,106.38327
698.6518,198.8738,35.1065,106.38327
697.2075,200.78752,34.35784,104.11462
698.5265,201.05132,34.35784,104.11462
696.6045,201.39867,33.62515,101.89434
697.8953,201.1405,33.62515,101.89434
696.6045,200.88234,33.62515,101.89434
699.2026,200.22694,32.90808,99.72141
696.9286,201.49026,32.90808,99.72141
698.69727,199.72162,32.90808,99.72141
696.9286,199.46895,32.90808,99.72141
698.1919,199.72162,32.90808,99.72141
696.4232,196.43698,32.90808,99.72141
696.17053,196.68965,32.90808,99.72141
694.40186,194.921,32.90808,99.72141
695.15985,196.18433,32.90808,99.72141
694.40186,195.93166,32.90808,99.72141
695.34845,195.09064,33.636173,101.92775
693.54065,193.79935,33.636173,101.92775
694.3154,193.0246,33.636173,101.92775
694.2113,191.62907,34.380375,104.1829
693.5571,190.20268,35.14104,106.487946
691.12885,191.55173,35.14104,106.487946
693.0175,191.82153,35.14104,106.487946
691.66846,192.63095,35.14104,106.487946
693.0175,193.44037,35.14104,106.487946
691.12885,195.32903,35.14104,106.487946
691.9383,196.67807,35.14104,106.487946
690.0496,198.02711,35.14104,106.487946
692.4779,198.83653,35.14104,106.487946
690.0496,199.64595,35.14104,106.487946
693.5571,200.995,35.14104,106.487946
690.58923,201.80441,35.14104,106.487946
695.17596,200.995,35.14104,106.487946
698.14386,201.80441,35.14104,106.487946
695.7156,203.15346,35.14104,106.487946
696.525,203.42326,35.14104,106.487946
692.9989,205.85901,34.391647,104.21706
696.9597,206.65118,34.391647,104.21706
694.58325,207.44336,34.391647,104.21706
699.0722,207.70743,34.391647,104.21706
696.1676,207.9715,34.391647,104.21706
693.263,209.29178,34.391647,104.21706
697.95636,211.16652,33.658234,101.9946
695.1137,211.94179,33.658234,101.9946
699.5069,209.61598,33.658234,101.9946
697.1811,210.39125,33.658234,101.9946
699.5069,210.64967,33.658234,101.9946
700.28217,207.80702,33.658234,101.9946
698.99005,207.5486,33.658234,101.9946
698.8858,206.68842,34.402924,104.25123
698.0934,205.896,34.402924,104.25123
698.35754,204.04701,34.402924,104.25123
699.14996,203.2546,34.402924,104.25123
699.4141,202.99045,34.402924,104.25123
700.7348,202.19803,34.402924,104.25123
697.8878,202.41498,35.16409,106.557785
698.69775,201.60504,35.16409,106.557785
698.5888,200.70634,35.942093,108.915375
697.7609,201.53423,35.942093,108.915375
699.14075,202.91402,35.942093,108.915375
695.5533,204.29381,35.942093,108.915375
699.14075,205.12169,35.942093,108.915375
696.1052,206.50148,35.942093,108.915375
699.6927,206.77745,35.942093,108.915375
696.65717,208.15724,35.942093,108.915375
699.6927,208.98512,35.942093,108.915375
695.5533,209.813,35.942093,108.915375
701.3484,209.53703,35.942093,108.915375
699.96857,212.02068,35.942093,108.915375
705.7637,209.53703,35.942093,108.915375
702.72815,212.02068,35.942093,108.915375
704.65985,212.29665,35.942093,108.915375
701.05334,214.7879,35.175617,106.59272
704.56433,215.05798,35.175617,106.59272
701.5935,215.32806,35.175617,106.59272
705.6446,213.97769,35.175617,106.59272
703.2139,215.32806,35.175617,106.59272
707.8052,215.59814,35.175617,106.59272
705.3745,216.40836,35.175617,106.59272
710.5059,213.43753,35.175617,106.59272
708.07526,214.24774,35.175617,106.59272
711.0461,212.89737,35.175617,106.59272
709.256,212.55879,35.953876,108.95108
711.18835,211.17854,35.953876,108.95108
710.9123,210.90248,35.953876,108.95108
711.18835,211.17854,35.953876,108.95108
712.0165,210.35039,35.953876,108.95108
712.4779,208.28592,36.749355,111.361626
713.3244,208.00375,36.749355,111.361626
713.60657,208.28592,36.749355,111.361626
715.01733,208.56808,36.749355,111.361626
716.99243,209.41455,36.749355,111.361626
713.36584,207.8899,37.562435,113.8255
715.38464,207.02469,37.562435,113.8255
716.2498,207.31308,37.562435,113.8255
716.5382,208.17828,37.562435,113.8255
717.9802,209.62027,37.562435,113.8255
715.38464,210.48547,37.562435,113.8255
718.55707,211.35068,37.562435,113.8255
717.11505,212.21588,37.562435,113.8255
720.2875,213.08109,37.562435,113.8255
718.2687,213.94629,37.562435,113.8255
722.59467,214.23468,37.562435,113.8255
719.3815,216.83823,36.761406,111.39814
724.1797,216.55597,36.761406,111.39814
723.33295,217.96722,36.761406,111.39814
727.5667,217.68497,36.761406,111.39814
726.15546,219.09622,36.761406,111.39814
725.3087,219.94296,36.761406,111.39814
726.72,220.22522,36.761406,111.39814
724.11945,222.77324,35.97746,109.022545
727.71045,223.04948,35.97746,109.022545
725.16534,223.94572,35.210228,106.69761
728.1391,223.13472,35.210228,106.69761
725.16534,224.4864,35.210228,106.69761
728.67975,223.6754,35.210228,106.69761
726.2467,224.4864,35.210228,106.69761
725.43567,225.29741,35.210228,106.69761
727.8687,225.02708,35.210228,106.69761
727.0577,225.29741,35.210228,106.69761
724.62463,225.56773,35.210228,106.69761
728.44226,223.54596,35.989254,109.0583
724.8501,224.92755,35.989254,109.0583
728.99493,223.54596,35.989254,109.0583
724.8501,223.26965,35.989254,109.0583
727.88965,221.88806,35.989254,109.0583
724.2975,224.92758,35.989254,109.0583
728.4423,223.54599,35.989254,109.0583
725.4028,224.37494,35.989254,109.0583
729.5476,223.54599,35.989254,109.0583
726.50806,222.71704,35.989254,109.0583
724.0212,224.65128,35.989254,109.0583
727.61334,222.1644,35.989254,109.0583
723.4685,224.09863,35.989254,109.0583
725.4028,223.82233,35.989254,109.0583
724.0212,225.75656,35.989254,109.0583
723.1922,226.58551,35.989254,109.0583
723.4685,226.86182,35.989254,109.0583
722.6395,227.69077,35.989254,109.0583
721.81055,227.41446,35.989254,109.0583
722.27246,227.06804,36.785515,111.471214
721.4252,227.35048,36.785515,111.471214
722.83734,228.76265,36.785515,111.471214
720.8603,229.60994,36.785515,111.471214
722.27246,230.45723,36.785515,111.471214
720.2954,230.73967,36.785515,111.471214
720.5778,231.58696,36.785515,111.471214
720.2954,232.99913,36.785515,111.471214
720.013,233.28157,36.785515,111.471214
721.4252,233.56401,36.785515,111.471214
719.5531,231.45178,37.599396,113.937515
720.4191,232.8952,37.599396,113.937515
719.5531,233.1839,37.599396,113.937515
719.8418,234.62732,37.599396,113.937515
718.3984,234.91602,37.599396,113.937515
719.2644,235.78207,37.599396,113.937515
717.821,236.64813,37.599396,113.937515
716.95496,237.51419,37.599396,113.937515
716.66626,238.38025,37.599396,113.937515
716.95496,239.2463,37.599396,113.937515
715.51154,240.11237,37.599396,113.937515
716.95496,240.40106,37.599396,113.937515
714.3568,239.535,37.599396,113.937515
716.95496,238.66895,37.599396,113.937515
714.93414,238.38025,37.599396,113.937515
715.22284,239.2463,37.599396,113.937515
715.51154,239.535,37.599396,113.937515
716.37756,239.2463,37.599396,113.937515
715.51154,239.535,37.599396,113.937515
715.80023,239.2463,37.599396,113.937515
715.51154,239.535,37.599396,113.937515
715.80023,238.66895,37.599396,113.937515
713.2021,238.38025,37.599396,113.937515
713.4908,239.2463,37.599396,113.937515
714.3568,239.535,37.599396,113.937515
712.336,239.2463,37.599396,113.937515
713.7794,240.11237,37.599396,113.937515
710.6039,240.97842,37.599396,113.937515
712.6247,240.68973,37.599396,113.937515
710.6039,240.97842,37.599396,113.937515
710.3152,241.26712,37.599396,113.937515
708.87177,242.71054,37.599396,113.937515
708.58307,242.99924,37.599396,113.937515
707.13965,243.8653,37.599396,113.937515
706.85095,244.15399,37.599396,113.937515
704.2528,244.44269,37.599396,113.937515
705.11884,244.15399,37.599396,113.937515
703.098,244.44269,37.599396,113.937515
703.96405,245.30875,37.599396,113.937515
700.2112,247.32953,37.599396,113.937515
702.5598,250.49216,36.797577,111.50777
698.8675,252.49808,36.01286,109.12983
700.803,250.00955,36.01286,109.12983
697.7615,250.83905,36.01286,109.12983
698.591,252.22156,36.01286,109.12983
696.6555,253.60406,36.01286,109.12983
694.72003,254.98657,36.01286,109.12983
694.44354,254.71008,36.01286,109.12983
694.16705,256.6456,36.01286,109.12983
692.78455,256.3691,36.01286,109.12983
690.84906,256.09262,36.01286,109.12983
690.01953,255.81613,36.01286,109.12983
688.08405,257.19864,36.01286,109.12983
686.70154,256.92215,36.01286,109.12983
685.872,259.41068,36.01286,109.12983
686.1485,258.02817,36.01286,109.12983
684.766,259.41068,36.01286,109.12983
685.5955,259.1342,36.01286,109.12983
682.554,260.5167,36.01286,109.12983
683.5899,260.17007,36.809643,111.54433
682.3031,260.4022,37.624058,114.012245
679.1255,260.69107,37.624058,114.012245
679.9921,262.13544,37.624058,114.012245
678.4443,261.95898,36.821712,111.5809
677.5961,259.41455,36.821712,111.5809
676.18256,261.95898,36.821712,111.5809
677.5961,261.11084,36.821712,111.5809
677.3134,260.82812,36.821712,111.5809
675.3344,260.5454,36.821712,111.5809
675.0517,263.08978,36.821712,111.5809
675.89984,261.6762,36.821712,111.5809
673.92084,261.95892,36.821712,111.5809
674.20355,262.24164,36.821712,111.5809
671.6591,263.08978,36.821712,111.5809
672.50726,262.24164,36.821712,111.5809
671.0937,263.08978,36.821712,111.5809
670.24554,262.80707,36.821712,111.5809
669.9628,262.52435,36.821712,111.5809
670.811,263.93793,36.821712,111.5809
669.3974,263.08978,36.821712,111.5809
669.6801,263.93793,36.821712,111.5809
670.52826,264.22064,36.821712,111.5809
670.24554,265.63422,36.821712,111.5809
670.52826,266.48236,36.821712,111.5809
671.94183,267.3305,36.821712,111.5809
672.22455,268.17865,36.821712,111.5809
670.24554,268.46136,36.821712,111.5809
671.0937,269.3095,36.821712,111.5809
671.3764,269.59222,36.821712,111.5809
671.6591,268.17865,36.821712,111.5809
671.94183,267.3305,36.821712,111.5809
673.3554,266.48236,36.821712,111.5809
671.3764,266.19965,36.821712,111.5809
672.79,266.48236,36.821712,111.5809
671.3764,266.76508,36.821712,111.5809
672.79,267.0478,36.821712,111.5809
670.811,267.89594,36.821712,111.5809
673.3554,268.74408,36.821712,111.5809
671.3764,269.59222,36.821712,111.5809
673.3554,271.57123,36.821712,111.5809
672.50726,270.15765,36.821712,111.5809
674.48627,270.44037,36.821712,111.5809
673.0727,271.2885,36.821712,111.5809
675.0517,271.57123,36.821712,111.5809
675.89984,272.41937,36.821712,111.5809
676.748,272.7021,36.821712,111.5809
677.5961,273.55023,36.821712,111.5809
678.4443,273.83295,36.821712,111.5809
676.4653,273.55023,36.821712,111.5809
677.87885,275.52917,36.821712,111.5809
678.727,276.37732,36.821712,111.5809
679.57513,276.66003,36.821712,111.5809
679.85785,275.8119,36.821712,111.5809
680.706,275.52917,36.821712,111.5809
681.55414,276.37732,36.821712,111.5809
682.4023,274.39838,36.821712,111.5809
682.685,275.24652,36.821712,111.5809
683.53314,274.39838,36.821712,111.5809
684.3813,274.6811,36.821712,111.5809
684.0986,273.83295,36.821712,111.5809
683.2504,272.41937,36.821712,111.5809
684.664,273.83295,36.821712,111.5809
684.9467,272.9848,36.821712,111.5809
686.9257,272.7021,36.821712,111.5809
688.3393,273.55023,36.821712,111.5809
686.9257,273.26752,36.821712,111.5809
689.47015,272.41937,36.821712,111.5809
690.3183,273.83295,36.821712,111.5809
691.16644,272.41937,36.821712,111.5809
692.0146,273.26752,36.821712,111.5809
693.9936,272.9848,36.821712,111.5809
695.40717,273.26752,36.821712,111.5809
696.82074,272.9848,36.821712,111.5809
698.79974,272.13666,36.821712,111.5809
701.3442,274.1156,36.821712,111.5809
703.3232,275.52917,36.821712,111.5809
705.8676,272.41937,36.821712,111.5809
707.2812,277.7909,36.821712,111.5809
709.2602,278.0736,36.821712,111.5809
711.2392,278.35632,36.821712,111.5809
713.7836,276.37732,36.821712,111.5809
717.1894,271.91653,37.636395,114.04963
719.7901,273.9393,37.636395,114.04963
722.6981,277.105,36.833786,111.617485
725.5182,274.99002,37.648735,114.08702
728.6979,275.27908,37.648735,114.08702
731.87756,275.56815,37.648735,114.08702
735.05725,276.43533,37.648735,114.08702
738.23694,276.7244,37.648735,114.08702
740.8385,277.01346,37.648735,114.08702
743.44006,276.14627,37.648735,114.08702
746.0416,275.27908,37.648735,114.08702
749.2213,274.4119,37.648735,114.08702
751.8229,274.12283,37.648735,114.08702
755.5807,272.0994,37.648735,114.08702
759.9166,271.2322,37.648735,114.08702
764.8307,273.25565,37.648735,114.08702
769.1666,267.18533,37.648735,114.08702
775.23694,270.94315,37.648735,114.08702
778.99475,271.81033,37.648735,114.08702
781.5963,274.4119,37.648735,114.08702
786.5104,272.96658,37.648735,114.08702
791.42444,273.25565,37.648735,114.08702
796.9166,274.12283,37.648735,114.08702
802.4088,274.4119,37.648735,114.08702
807.3229,275.27908,37.648735,114.08702
813.3932,275.56815,37.648735,114.08702
820.47424,274.00616,38.481712,116.6112
825.497,274.89255,38.481712,116.6112
833.47437,275.18802,38.481712,116.6112
842.04266,278.43805,38.481712,116.6112
850.02,279.91534,38.481712,116.6112
859.1792,280.80173,38.481712,116.6112
868.9293,280.50626,38.481712,116.6112
878.67944,281.98355,38.481712,116.6112
890.2023,281.09717,38.481712,116.6112
899.9524,280.8017,38.481712,116.6112
908.5207,282.279,38.481712,116.6112
917.6799,283.7563,38.481712,116.6112
925.0663,285.8245,38.481712,116.6112
933.1656,290.20044,37.66108,114.12443
941.55115,290.4896,37.66108,114.12443
950.0352,294.77225,36.857944,111.69069
958.8079,293.92328,36.857944,111.69069
967.50183,291.21967,37.673428,114.16184
973.5761,293.24442,37.673428,114.16184
983.1214,292.95517,37.673428,114.16184
990.9312,295.55844,37.673428,114.16184
998.741,295.8477,37.673428,114.16184
1006.55084,294.97992,37.673428,114.16184
1013.3649,298.14877,36.87003,111.72731
1022.14056,295.03485,36.87003,111.72731
1027.519,295.8841,36.87003,111.72731
1035.7285,296.73334,36.87003,111.72731
1041.107,294.75174,36.87003,111.72731
1048.1841,295.60098,36.87003,111.72731
1054.1288,296.45023,36.87003,111.72731
1059.8887,295.50793,37.68578,114.19928
1066.3763,292.14322,38.519577,116.72594
1072.3938,291.77246,39.371822,119.308495
1077.9172,290.76624,40.242924,121.9482
1082.5519,292.31113,40.242924,121.9482
1089.6584,292.00214,40.242924,121.9482
1095.529,293.54703,40.242924,121.9482
1101.3997,293.23804,40.242924,121.9482
1107.8882,293.54703,40.242924,121.9482
1121.2274,290.59512,41.133297,124.6463
1125.9646,291.54257,41.133297,124.6463
1131.3335,291.8584,41.133297,124.6463
1140.4922,293.43747,41.133297,124.6463
1146.4927,293.7533,41.133297,124.6463
1154.3881,294.70074,41.133297,124.6463
1163.5468,295.6482,41.133297,124.6463
1172.0737,297.85892,41.133297,124.6463
1178.7058,299.438,41.133297,124.6463
1187.2328,299.7538,41.133297,124.6463
1193.8649,300.06964,41.133297,124.6463
1201.1287,301.6487,41.133297,124.6463
1207.7607,300.06964,41.133297,124.6463
1214.3928,299.7538,41.133297,124.6463
1221.6566,300.06964,41.133297,124.6463
1228.2887,301.6487,41.133297,124.6463
1233.0259,302.59616,41.133297,124.6463
1237.7631,301.6487,41.133297,124.6463
1240.6053,300.70126,41.133297,124.6463
1243.4476,301.0171,41.133297,124.6463
1245.6583,302.59616,41.133297,124.6463
1247.6189,306.05603,40.25612,121.98818
1247.928,310.69226,40.25612,121.98818
1249.2509,305.14105,39.397644,119.38675
1249.9625,307.87183,38.557476,116.84079
1251.8003,316.25113,37.735226,114.34912
1251.5106,315.38196,37.735226,114.34912
1219.9304,345.22375,37.735226,114.34912
1215.5845,346.09293,37.735226,114.34912
1216.8246,346.47443,36.93051,111.91059
1219.1313,347.3944,36.142956,109.52406
1221.0739,346.56192,36.142956,109.52406
1220.2413,346.28442,36.142956,109.52406
1224.4038,346.00693,36.142956,109.52406
1223.5713,346.83942,36.142956,109.52406
1226.6238,346.00693,36.142956,109.52406
1230.2313,346.83942,36.142956,109.52406
1233.5743,346.49152,36.94262,111.94728
1236.1271,346.77515,36.94262,111.94728
1239.8145,346.49152,36.94262,111.94728
1245.4027,346.865,36.154808,109.559975
1250.1218,345.47702,36.154808,109.559975
1248.7339,342.9787,36.154808,109.559975
1247.346,342.7011,36.154808,109.559975
1251.2097,341.99643,35.383797,107.22357
1250.8015,342.87787,34.629227,104.937
1250.0039,344.20728,34.629227,104.937
1246.5475,345.0049,34.629227,104.937
1251.0674,345.80255,34.629227,104.937
1250.8015,347.13196,34.629227,104.937
1250.1425,342.93677,35.395397,107.25873
1249.469,336.95703,36.17852,109.63183
1248.2041,308.9425,36.97897,112.057434
1246.3223,318.60184,37.79713,114.536705
1245.6031,300.77515,38.633392,117.07083
1246.099,298.5568,39.488155,119.661026
1252.466,304.92368,39.488155,119.661026
1252.7692,293.09946,39.488155,119.661026
1250.7595,277.62076,40.36183,122.308525
1250.4496,276.69107,40.36183,122.308525
1250.1396,260.26675,40.36183,122.308525
1250.2712,261.8696,39.501102,119.70026
1249.9679,257.32034,39.501102,119.70026
1252.4354,263.56616,38.65873,117.14761
1253.9196,259.70752,38.65873,117.14761
1253.6227,256.44257,38.65873,117.14761
1253.1766,262.55515,37.83432,114.64941
1252.74,266.85748,37.027493,112.204475
1254.73,264.86743,37.027493,112.204475
1258.4258,260.03445,37.027493,112.204475
1254.1819,259.08813,37.846725,114.687
1252.1478,275.07016,37.846725,114.687
1252.2714,279.93405,37.03963,112.241264
1252.5558,279.64966,37.03963,112.241264
1253.4089,279.36526,37.03963,112.241264
1251.987,279.08087,37.03963,112.241264
1251.1339,279.36526,37.03963,112.241264
1249.839,279.00876,37.85913,114.7246
1252.4551,277.55536,37.85913,114.7246
1252.3379,269.9531,38.696766,117.262886
1251.4465,266.09067,38.696766,117.262886
1250.5552,266.982,38.696766,117.262886
1249.6638,266.09067,38.696766,117.262886
1248.9275,262.01917,39.552933,119.85733
1248.0165,261.7155,39.552933,119.85733
1247.894,259.44437,40.42804,122.50917
1250.6876,256.65076,40.42804,122.50917
1253.8113,261.8464,39.5659,119.89663
1254.3191,261.46558,40.441296,122.54934
1252.7666,267.36514,40.441296,122.54934
1252.456,267.05463,40.441296,122.54934
1251.9895,275.84332,39.578873,119.935936
1251.6857,274.93167,39.578873,119.935936
1251.9895,274.02002,39.578873,119.935936
1252.9011,272.5006,39.578873,119.935936
1252.5973,269.15793,39.578873,119.935936
1253.5089,268.24628,39.578873,119.935936
1252.7557,266.6042,40.454556,122.589516
1253.6875,262.5663,40.454556,122.589516
1255.2405,258.52844,40.454556,122.589516
1253.0663,250.76332,40.454556,122.589516
1250.2045,255.96236,39.59185,119.97526
1250.9196,262.2225,38.747543,117.41675
1251.417,256.91107,39.60483,120.014595
1252.5562,255.26791,40.481087,122.669914
1250.4961,256.16812,41.37673,125.38399
1235.3209,275.57098,40.49436,122.71014
1244.3373,274.63824,40.49436,122.71014
1248.0654,275.64697,39.630806,120.09331
1250.804,271.6913,39.630806,120.09331
1252.934,271.38702,39.630806,120.09331
1253.8468,270.47418,39.630806,120.09331
1252.4614,264.4103,40.507637,122.750374
1251.5284,263.47726,40.507637,122.750374
1251.6605,236.30786,39.6438,120.13268
1252.5736,236.00348,39.6438,120.13268
1252.8779,236.30786,39.6438,120.13268
1251.9648,220.17572,39.6438,120.13268
1253.2677,217.056,38.79838,117.570816
1255.1171,218.02249,37.970993,115.06358
1254.8256,217.73096,37.970993,115.06358
1256.8663,217.43942,37.970993,115.06358
1256.5748,217.14789,37.970993,115.06358
1257.4495,216.27328,37.970993,115.06358
1257.158,215.98175,37.970993,115.06358
1252.8058,209.5669,38.8111,117.60937
1255.7772,207.95667,39.669796,120.21147
1253.1262,204.41483,40.54749,122.87115
1255.3054,205.34879,40.54749,122.87115
1253.242,202.37457,41.444603,125.58967
1251.7931,198.01398,42.361565,128.36835
1250.8174,192.48477,42.361565,128.36835
1247.9867,189.3775,43.298813,131.2085
1250.9786,185.05574,43.298813,131.2085
1249.3164,184.7233,43.298813,131.2085
1248.3191,187.71529,43.298813,131.2085
1249.5646,189.36798,44.256798,134.11148
1249.2247,193.78535,44.256798,134.11148
1251.3342,195.54285,43.313007,131.25151
1250.3365,192.54987,43.313007,131.25151
1251.7599,187.2182,42.389343,128.45253
1250.9534,185.45953,43.327206,131.29454
1251.9513,189.1188,43.327206,131.29454
1250.4365,179.72823,44.28582,134.19943
1248.8883,175.77423,45.265644,137.1686
1245.0653,176.1218,45.265644,137.1686
1246.1079,176.46933,45.265644,137.1686
1246.4554,174.73163,45.265644,137.1686
1248.613,167.81964,44.30034,134.24344
1247.5927,172.24136,44.30034,134.24344
1247.2526,171.90123,44.30034,134.24344
1248.0527,174.9718,43.35562,131.38066
1251.3721,171.7916,44.314865,134.28746
1250.8607,170.92784,43.36984,131.42374
1249.7184,177.14346,42.444965,128.62108
1251.1134,176.31613,41.539814,125.8782
1250.7944,170.8942,41.539814,125.8782
1248.5619,171.21313,41.539814,125.8782
1248.8809,172.16995,41.539814,125.8782
1250.4756,171.21313,41.539814,125.8782
1251.4324,170.8942,41.539814,125.8782
1247.2861,169.93738,41.539814,125.8782
1250.4957,170.97217,40.653965,123.19381
1250.1836,168.78722,40.653965,123.19381
1252.1213,168.59653,39.787006,120.566666
1246.2933,173.9184,40.667294,123.2342
1248.479,166.73691,40.667294,123.2342
1251.0193,164.13852,39.800053,120.60619
1252.5472,161.3883,39.800053,120.60619
1255.6223,164.14696,38.951305,118.03423
1257.479,161.65822,38.12066,115.51712
1253.7169,167.97185,38.964077,118.07294
1252.3547,168.83832,39.826157,120.6853
1255.7183,169.75566,39.826157,120.6853
1254.8009,169.44987,39.826157,120.6853
1255.3121,167.16306,40.70731,123.35547
1256.6499,161.54962,39.839214,120.72488
1251.4729,161.36275,38.98963,118.15038
1251.9734,157.26045,39.852276,120.76446
1251.0554,164.298,39.852276,120.76446
1250.5956,174.1384,39.002415,118.18912
1247.9894,169.41339,39.865345,120.804054
1250.4796,175.12674,39.015205,118.227875
1250.18,171.23254,39.015205,118.227875
1252.6172,165.85245,38.183193,115.70663
1251.8905,168.52652,39.027996,118.26664
1253.7507,170.65402,38.195713,115.74457
1255.8036,171.53381,38.195713,115.74457
1255.3629,170.224,37.38118,113.27628
1252.7798,165.91888,37.38118,113.27628
1251.3447,163.90984,37.38118,113.27628
1250.6334,161.16785,38.208237,115.782524
1250.515,160.80008,39.053593,118.344215
1249.1498,161.04636,39.917652,120.96258
1249.28,163.22235,39.066395,118.38301
1251.1421,166.50838,38.23329,115.85846
1252.6099,165.62773,38.23329,115.85846
1251.8824,182.315,39.079205,118.42183
1252.5883,185.02368,38.24583,115.89645
1251.0149,208.61905,37.430225,113.42492
1249.0032,211.78027,37.430225,113.42492
1249.8654,205.74521,37.430225,113.42492
1249.578,207.18213,37.430225,113.42492
1251.5897,176.43199,37.430225,113.42492
1253.3738,172.93245,36.632015,111.006096
1255.1199,170.5919,35.850826,108.638855
1256.2981,170.95435,35.086296,106.3221
1255.0714,170.05766,35.86258,108.67448
1253.8176,167.99841,36.65604,111.0789
1251.9521,166.47762,37.467056,113.53652
1251.0891,166.18994,37.467056,113.53652
1249.7793,165.2324,38.296017,116.048515
1249.4852,170.23094,38.296017,116.048515
1248.7565,172.91292,39.143314,118.61609
1247.3881,188.75014,40.00936,121.24047
1247.5184,190.93112,39.15615,118.65498
1246.1497,187.43515,40.02248,121.28023
1245.2278,192.04446,40.02248,121.28023
1244.3059,191.12259,40.02248,121.28023
1243.384,179.75296,40.02248,121.28023
1247.3788,174.52905,40.02248,121.28023
1246.6172,166.49237,40.907978,123.963554
1248.1876,169.31915,40.907978,123.963554
1249.1299,153.30075,40.907978,123.963554
1249.6549,145.08626,41.81307,126.706245
1249.3339,140.9128,41.81307,126.706245
1248.8513,137.62234,40.92139,124.004196
1246.5621,142.27571,40.04873,121.35977
1247.2856,137.93861,39.19468,118.771736
1247.7887,134.43918,40.061863,121.39956
1248.941,132.77707,40.94823,124.085526
1250.5131,131.8339,40.94823,124.085526
1250.6467,133.45999,40.074997,121.43936
1249.7236,129.46,40.074997,121.43936
1250.8765,127.797356,40.961655,124.126205
1252.7074,127.40309,41.86793,126.8725
1251.6046,126.58702,40.975086,124.1669
1256.3236,126.272415,40.975086,124.1669
1250.3215,125.87802,41.88166,126.91409
1246.1884,142.15591,42.808292,129.72206
1243.3279,144.4719,43.755424,132.59216
1241.6482,151.52681,43.755424,132.59216
1243.7338,134.48364,42.822327,129.7646
1244.9656,128.61365,43.76977,132.63565
1245.9738,129.62183,43.76977,132.63565
1246.3098,130.63,43.76977,132.63565
1247.7482,132.36816,42.83637,129.80716
1247.888,141.67737,41.92287,127.03899
1247.566,140.71173,41.92287,127.03899
1246.7683,144.31558,42.850414,129.84972
1246.2739,152.3594,41.936615,127.080635
1245.308,152.6814,41.936615,127.080635
1243.1737,140.91977,42.864464,129.89229
1244.161,140.59067,42.864464,129.89229
1243.8319,138.94513,42.864464,129.89229
1244.8192,139.27423,42.864464,129.89229
1247.7811,140.26154,42.864464,129.89229
1247.452,141.90707,42.864464,129.89229
1245.2706,144.909,43.81284,132.76616
1244.2615,135.82648,43.81284,132.76616
1245.0529,131.7302,42.878517,129.93488
1245.3821,132.71783,42.878517,129.93488
1245.0529,131.07176,42.878517,129.93488
1244.92,128.60968,43.827206,132.80968
1245.9296,128.27316,43.827206,132.80968
1246.2661,131.97467,43.827206,132.80968
1247.9486,129.61917,43.827206,132.80968
1249.9076,130.59378,44.796883,135.7481
1245.4867,135.1584,45.788013,138.75153
1243.7289,127.07265,45.788013,138.75153
1243.3773,123.20555,45.788013,138.75153
1244.2045,120.95769,44.81157,135.7926
1243.1722,123.36609,44.81157,135.7926
1240.1779,117.22341,45.803024,138.79701
1239.1228,116.1684,45.803024,138.79701
1238.0677,114.41006,45.803024,138.79701
1237.0127,114.05839,45.803024,138.79701
1235.9576,113.70672,45.803024,138.79701
1232.0892,113.35505,45.803024,138.79701
1240.1776,111.5967,45.803024,138.79701
1243.0387,96.46767,44.82626,135.83713
1243.3828,91.305115,44.82626,135.83713
1245.1036,89.58426,44.82626,135.83713
1245.9133,92.69129,43.870327,132.94035
1248.0044,89.238945,42.93478,130.10536
1248.7799,90.30848,42.019184,127.330826
1249.539,90.73329,41.12311,124.615456
1249.8547,90.41756,41.12311,124.615456
1251.2062,92.050606,40.246147,121.95799
1248.5168,91.66322,41.136593,124.65631
1247.5693,91.979065,41.136593,124.65631
1248.5168,93.55827,41.136593,124.65631
1248.3894,92.50694,42.04674,127.41433
1247.5892,92.102234,42.977024,130.23337
1246.5994,92.432205,42.977024,130.23337
1246.2694,93.42212,42.977024,130.23337
1244.767,92.32376,43.92789,133.11478
1243.931,91.201096,44.899796,136.05994
1242.8969,92.924774,44.899796,136.05994
1241.1732,109.81679,44.899796,136.05994
1238.7601,111.54047,44.899796,136.05994
1237.9058,106.81634,45.893204,139.07027
1235.5702,105.64344,46.908592,142.1472
1237.371,109.60519,46.908592,142.1472
1240.2151,106.9117,47.946445,145.2922
1242.5004,106.68679,46.923973,142.1938
1243.348,106.46668,45.923306,139.16148
1244.4058,94.12592,45.923306,139.16148
1245.4635,92.36295,45.923306,139.16148
1246.5212,92.71555,45.923306,139.16148
1248.9894,92.36295,45.923306,139.16148
1251.8579,88.06935,44.943977,136.19382
1249.5707,89.78483,45.938362,139.2071
1247.8071,92.25379,45.938362,139.2071
1247.2771,109.71624,44.958714,136.23848
1246.9319,110.061424,44.958714,136.23848
1249.0748,109.185104,43.999954,133.33316
1247.5366,105.957634,44.973454,136.28316
1246.6808,104.09176,45.96849,139.29842
1247.5111,106.5976,44.988197,136.32784
1249.2382,105.56136,44.988197,136.32784
1250.5323,100.82794,45.983562,139.34409
1250.1793,97.65044,45.983562,139.34409
1250.5323,98.70961,45.983562,139.34409
1250.1793,99.06267,45.983562,139.34409
1247.7079,113.537964,45.983562,139.34409
1242.412,123.07048,45.983562,139.34409
1242.765,122.01131,45.983562,139.34409
1246.318,123.156784,45.00295,136.37253
1247.1309,126.27607,44.043247,133.46434
1247.469,125.937904,44.043247,133.46434
1251.5426,124.11061,45.017704,136.41724
1242.2103,115.469604,45.017704,136.41724
1243.6898,113.25956,44.05769,133.5081
1245.7898,111.09664,43.118145,130.661
1247.845,101.3217,42.19864,127.87461
1251.1055,98.62547,41.29874,125.147644
1249.4065,103.93301,40.418034,122.478836
1248.6373,105.47574,41.312283,125.18868
1248.5094,107.052605,42.22632,127.95848
1248.1852,114.50939,42.22632,127.95848
1248.3229,111.18642,41.32583,125.22973
1249.2748,115.94583,41.32583,125.22973
1247.6884,120.705246,41.32583,125.22973
1245.4673,120.387955,41.32583,125.22973
1244.0226,118.01502,42.24016,128.00044
1243.6982,118.33933,42.24016,128.00044
1244.6711,115.42051,42.24016,128.00044
1244.9955,119.636604,42.24016,128.00044
1245.3198,118.01504,42.24016,128.00044
1244.9955,115.744835,42.24016,128.00044
1244.6711,114.12327,42.24016,128.00044
1244.9955,98.23185,42.24016,128.00044
1245.1333,103.66038,41.33938,125.2708
1246.7203,98.89941,41.33938,125.2708
1247.9095,99.818695,42.254013,128.04242
1250.1805,104.68501,42.254013,128.04242
1252.0691,107.64417,43.188885,130.87535
1249.8711,110.66881,44.14444,133.77097
1248.1764,113.71922,44.14444,133.77097
1251.9047,112.70242,44.14444,133.77097
1250.3615,118.60713,45.121136,136.73065
1251.8442,125.741554,44.158913,133.81483
1250.0275,137.29892,43.21721,130.9612
1246.9702,140.93405,42.29559,128.16841
1246.6455,157.49579,42.29559,128.16841
1246.3208,164.31534,42.29559,128.16841
1247.9445,161.39267,42.29559,128.16841
1248.4873,163.00708,43.23138,131.00414
1248.6283,165.36371,42.30946,128.21043
1250.2526,166.98795,42.30946,128.21043
1251.0168,170.54674,41.407196,125.47631
1253.8782,167.04962,41.407196,125.47631
1249.1094,166.09587,41.407196,125.47631
1249.4272,165.14212,41.407196,125.47631
1251.0168,165.46004,41.407196,125.47631
1252.6064,167.04964,41.407196,125.47631
1255.8058,169.30682,40.524174,122.80049
1248.6495,192.02002,40.524174,122.80049
1248.3384,194.82025,40.524174,122.80049
1246.2761,195.72144,41.420773,125.51745
1229.4209,198.58365,41.420773,125.51745
1231.6471,203.354,41.420773,125.51745
1247.2302,214.48483,41.420773,125.51745
1246.9122,214.80286,41.420773,125.51745
1245.4641,213.08437,42.337208,128.29453
1243.8389,212.10918,42.337208,128.29453
1248.3633,218.8034,41.434353,125.55861
1248.0452,217.21277,41.434353,125.55861
1247.9169,216.81393,42.35109,128.3366
1247.7858,214.38214,43.28811,131.17604
1247.4534,221.36172,43.28811,131.17604
1249.3883,216.80716,44.245857,134.07831
1249.0486,220.544,44.245857,134.07831
1249.193,215.75235,43.3023,131.21906
1248.6934,218.11285,42.378864,128.42078
1247.7172,215.8352,42.378864,128.42078
1250.6456,207.04996,42.378864,128.42078
1249.1642,185.03685,43.316498,131.26208
1251.1003,204.63281,44.274876,134.16626
1246.7311,205.61737,45.254456,137.13469
1247.7734,203.18518,45.254456,137.13469
1248.8158,202.14282,45.254456,137.13469
1249.1632,206.65976,45.254456,137.13469
1248.3021,204.78224,46.25571,140.1688
1247.2367,193.06245,46.25571,140.1688
1248.3021,169.26772,46.25571,140.1688
1250.0779,162.51996,46.25571,140.1688
1249.7228,161.45453,46.25571,140.1688
1248.6573,121.323105,46.25571,140.1688
1249.0125,118.83708,46.25571,140.1688
1250.7882,121.323105,46.25571,140.1688
1249.7228,125.94,46.25571,140.1688
1247.3688,120.33628,47.279118,143.27003
1247.0057,110.535194,47.279118,143.27003
1247.8596,108.913895,46.270878,140.21475
1252.478,102.163925,46.270878,140.21475
1249.2806,98.96657,46.270878,140.21475
1253.899,100.742874,46.270878,140.21475
1251.3107,101.895515,45.284138,137.22462
1250.7882,101.01287,44.31844,134.29826
1250.9327,101.46093,43.373337,131.43431
1249.2677,97.13174,43.373337,131.43431
1248.2687,103.45902,43.373337,131.43431
1248.6017,99.79586,43.373337,131.43431
1247.6027,100.12887,43.373337,131.43431
1247.7441,106.34497,42.448387,128.63144
1246.9365,103.90758,43.387558,131.47742
1246.4358,106.9149,42.462307,128.67361
1245.6278,102.44723,43.401787,131.52052
1243.4191,93.731964,44.362053,134.43042
1244.2203,94.18047,43.41602,131.56364
1242.7025,94.45427,44.3766,134.47449
1242.1906,94.24611,43.430256,131.60678
1241.1902,95.91336,43.430256,131.60678
1240.8567,91.57849,43.430256,131.60678
1241.1902,93.91266,43.430256,131.60678
1243.5243,94.24611,43.430256,131.60678
1247.5227,87.614395,42.504093,128.80023
1247.6614,88.04411,41.59768,126.05353
1248.4127,87.849,40.710598,123.365395
1247.3405,85.8504,39.842434,120.73459
1245.9476,86.73641,40.72395,123.40584
1247.8887,88.35362,39.8555,120.77417
1246.9707,91.71968,39.8555,120.77417
1247.6906,102.15075,39.00557,118.19862
1247.3911,103.04919,39.00557,118.19862
1246.6489,101.4309,39.86857,120.81377
1247.3691,104.194305,39.01836,118.23737
1247.6687,104.49388,39.01836,118.23737
1247.9683,106.59093,39.01836,118.23737
1249.4662,109.287125,39.01836,118.23737
1250.3649,111.38417,39.01836,118.23737
1247.0271,112.35613,38.186283,115.71593
1245.692,110.77184,39.031155,118.27614
1244.1936,112.869576,39.031155,118.27614
1241.5854,109.38475,39.89472,120.893
1247.0299,110.96904,39.043953,118.31492
1246.7301,110.669266,39.043953,118.31492
1250.0276,110.36949,39.043953,118.31492
1249.7278,110.669266,39.043953,118.31492
1249.2772,110.486115,38.21133,115.79182
1247.1396,111.43798,37.39646,113.322525
1243.9813,112.299355,37.39646,113.322525
1242.9963,110.463455,36.598972,110.90589
1248.3353,107.93443,36.598972,110.90589
1249.3881,105.24983,37.408726,113.35969
1249.1008,111.85588,37.408726,113.35969
1248.8136,114.44086,37.408726,113.35969
1248.3818,110.94333,36.610973,110.94226
1247.5386,110.66223,36.610973,110.94226
1246.133,109.25676,36.610973,110.94226
1244.1654,113.473175,36.610973,110.94226
1250.0684,115.44084,36.610973,110.94226
1249.7872,110.66225,36.610973,110.94226
1248.944,110.38115,36.610973,110.94226
1248.6628,113.47319,36.610973,110.94226
1248.2405,118.72014,35.830235,108.576385
1245.2144,116.79443,35.830235,108.576385
1242.7384,117.619736,35.830235,108.576385
1239.1621,120.09563,35.830235,108.576385
1224.5818,124.22212,35.830235,108.576385
1224.8569,119.545425,35.830235,108.576385
1222.9313,122.02132,35.830235,108.576385
1226.5076,117.34462,35.830235,108.576385
1230.0839,118.72012,35.830235,108.576385
1218.2545,124.49722,35.830235,108.576385
1217.3108,131.22322,35.066143,106.26096
1217.2021,127.533745,35.84198,108.611984
1216.3766,126.1578,35.84198,108.611984
1217.2021,123.130714,35.84198,108.611984
1219.441,121.90161,35.07764,106.2958
1222.6705,120.69872,34.329597,104.02901
1219.244,116.74505,34.329597,104.02901
1219.8641,118.10832,33.597507,101.810555
1217.4873,120.43706,32.88103,99.63941
1221.779,123.21408,32.88103,99.63941
1223.3463,124.51983,32.179832,97.51457
1227.0524,126.74348,32.179832,97.51457
1234.1302,125.40839,32.89181,99.67208
1235.6005,124.56778,33.61954,101.87733
1242.179,122.9173,32.902596,99.704765
1240.9159,123.675156,32.902596,99.704765
1243.9451,123.52083,32.20094,97.57853
1249.4885,122.18486,32.913383,99.73746
1245.7161,117.1488,33.641594,101.944145
1249.5905,116.37392,33.641594,101.944145
1248.299,115.59903,33.641594,101.944145
1248.1947,119.02697,34.385914,104.19966
1248.6361,117.60035,35.1467,106.50508
1245.1676,123.42142,35.924324,108.8615
1248.7533,123.1456,35.924324,108.8615
1246.925,118.793495,36.71915,111.270065
1244.8711,119.164734,35.936104,108.897194
1243.6147,113.66617,36.73119,111.30654
1245.8417,114.483,37.54387,113.769196
1243.2473,118.806854,37.54387,113.769196
1230.8523,131.2019,37.54387,113.769196
1218.4573,127.45456,37.54387,113.769196
1220.1355,120.51372,38.374527,116.28634
1220.6279,120.144356,39.223564,118.85918
1245.1384,112.99393,38.38711,116.32447
1244.8438,112.6992,38.38711,116.32447
1244.5491,111.81502,38.38711,116.32447
1242.9698,109.93048,37.568497,113.84382
1246.4447,103.58362,38.3997,116.36261
1245.5602,102.69914,38.3997,116.36261
1243.4963,109.48018,38.3997,116.36261
1242.6118,102.69914,38.3997,116.36261
1242.317,103.58362,38.3997,116.36261
1243.7911,100.340515,38.3997,116.36261
1243.6722,92.6297,39.249294,118.93713
1240.9601,92.328354,39.249294,118.93713
1241.2615,95.04051,39.249294,118.93713
1236.1385,95.34186,39.249294,118.93713
1230.3893,93.71346,40.117683,121.56862
1222.5953,92.68817,41.005287,124.25832
1213.3225,95.559875,41.91253,127.00754
1209.8541,97.827385,42.839844,129.81758
1202.9468,106.05035,42.839844,129.81758
1203.4967,104.95549,43.787674,132.68979
1200.399,111.23097,42.85389,129.86014
1199.412,110.2439,42.85389,129.86014
1197.1088,109.25682,42.85389,129.86014
1196.9761,110.2098,43.802032,132.73329
1197.985,112.56394,43.802032,132.73329
1199.245,110.74666,44.771152,135.67001
1203.7137,110.40291,44.771152,135.67001
1222.6199,111.43414,44.771152,135.67001
1237.4601,108.15011,45.761715,138.6717
1238.5142,107.09605,45.761715,138.6717
1238.6635,107.55869,44.78583,135.7145
1237.0978,105.7006,45.77672,138.71718
1236.5696,113.6162,44.800514,135.75899
1240.6942,122.02608,43.84513,132.86389
1240.3575,119.66962,43.84513,132.86389
1241.7985,120.76183,42.910122,130.03053
1240.2983,119.665184,43.85951,132.90746
1238.7651,119.24302,44.8299,135.84804
1236.4836,116.668884,45.821762,138.85367
1233.4218,114.037796,46.835567,141.92581
1236.6581,113.67819,46.835567,141.92581
1232.7025,113.31859,46.835567,141.92581
1225.8701,114.397385,46.835567,141.92581
1226.7161,117.64369,45.836784,138.8992
1233.8766,114.281494,46.85092,141.97235
1238.5529,113.20235,46.85092,141.97235
1239.399,112.98258,45.85181,138.94475
1238.3429,111.22236,45.85181,138.94475
1240.5284,88.61219,44.87401,135.9817
1240.6749,86.409195,43.917057,133.08185
1243.4182,86.853195,42.98051,130.24384
1243.5583,87.923874,42.06394,127.46635
1243.073,95.82005,41.166912,124.748085
1240.8605,97.40042,41.166912,124.748085
1237.339,100.86311,40.289017,122.08779
1242.5977,99.93512,40.289017,122.08779
1242.1328,97.95723,39.42984,119.48423
1243.041,92.20523,39.42984,119.48423
1242.1328,93.11345,39.42984,119.48423
1241.2246,92.20523,39.42984,119.48423
1239.1055,90.69154,39.42984,119.48423
1233.959,90.99428,39.42984,119.48423
1236.6836,93.71892,39.42984,119.48423
1242.4355,95.232605,39.42984,119.48423
1240.3164,93.71892,39.42984,119.48423
1238.938,96.480286,40.302227,122.127815
1241.104,93.69537,40.302227,122.127815
1240.0425,98.87483,39.44277,119.5234
1245.1907,99.78334,39.44277,119.5234
1242.4651,103.720215,39.44277,119.5234
1237.3169,102.20604,39.44277,119.5234
1241.5321,100.85347,38.60164,116.974525
1240.5153,101.24373,37.778446,114.48001
1246.0264,99.79344,37.778446,114.48001
1247.1132,98.82794,38.614296,117.01288
1246.3783,100.30183,39.468636,119.60179
1243.651,112.120186,39.468636,119.60179
1240.9237,118.483925,39.468636,119.60179
1239.544,125.6496,40.34188,122.24798
1242.951,127.81778,40.34188,122.24798
1245.1193,127.50804,40.34188,122.24798
1246.668,104.89705,40.34188,122.24798
1246.3583,100.25096,40.34188,122.24798
1246.0486,101.79965,40.34188,122.24798
1245.7389,102.10939,40.34188,122.24798
1246.6681,99.32173,40.34188,122.24798
1245.7389,100.87042,40.34188,122.24798
1244.3285,101.76754,41.234444,124.95271
1244.0118,102.71732,41.234444,124.95271
1243.6952,103.03391,41.234444,124.95271
1242.9105,100.00931,42.146755,127.71729
1242.7799,96.91776,43.07925,130.54305
1242.4491,97.91003,43.07925,130.54305
1241.6294,94.75009,44.03238,133.4313
1241.493,92.923256,45.006596,136.38347
1241.1475,94.651024,45.006596,136.38347
1238.6298,93.77378,44.046818,133.47505
1236.1658,92.91524,43.107506,130.62866
1230.5392,93.90816,43.107506,130.62866
1237.2733,92.806465,44.06126,133.51881
1240.0256,93.90407,43.12164,130.67148
1243.3574,96.25472,42.202057,127.88487
1242.246,97.306,41.302086,125.15769
1244.8258,97.723564,40.421307,122.48866
1246.1542,95.73917,39.55931,119.87656
1246.8687,103.75069,38.7157,117.32015
1248.141,92.68172,37.890076,114.81827
1247.2682,91.22714,37.890076,114.81827
1245.8136,93.26355,37.890076,114.81827
1244.489,93.5025,38.728394,117.35862
1246.5703,94.98926,38.728394,117.35862
1248.0571,96.47601,38.728394,117.35862
1252.7692,98.58718,37.9025,114.85591
1251.8961,94.804054,37.9025,114.85591
1250.441,96.84113,37.9025,114.85591
1249.568,97.714165,37.9025,114.85591
1249.859,98.5872,37.9025,114.85591
1248.986,101.78831,37.9025,114.85591
1248.695,104.98942,37.9025,114.85591
1247.8219,106.444466,37.9025,114.85591
1248.5066,108.510605,37.09422,112.40658
1249.7256,110.53269,36.303173,110.009476
1248.3319,111.92635,36.303173,110.009476
1246.4844,110.99856,37.10638,112.443436
1244.0049,110.05023,37.92736,114.931244
1246.3739,109.87232,37.11855,112.4803
1246.259,108.92369,37.939796,114.968925
1246.7458,106.74519,38.779213,117.51261
1246.4481,105.851974,38.779213,117.51261
1245.7102,103.00745,39.637203,120.11258
1243.4928,103.40817,38.791927,117.55114
1243.195,104.3017,38.791927,117.55114
1243.6929,102.69228,39.6502,120.15196
1245.8239,106.649864,39.6502,120.15196
1245.701,110.05835,40.527462,122.810326
1244.7676,116.592804,40.527462,122.810326
1246.9457,109.43602,40.527462,122.810326
1246.6345,109.74718,40.527462,122.810326
1247.568,106.32437,40.527462,122.810326
1248.5015,100.41225,40.527462,122.810326
1248.6337,97.22297,39.6632,120.19136
1249.5472,96.30938,39.6632,120.19136
1250.4608,96.004845,39.6632,120.19136
1251.3744,96.30938,39.6632,120.19136
1251.2515,98.4552,40.54075,122.85059
1249.8341,103.877884,41.437714,125.568665
1252.0612,101.01451,41.437714,125.568665
1249.7432,102.04675,40.554043,122.89088
1251.9227,102.980865,40.554043,122.89088
1253.8557,108.19269,39.689217,120.270195
1252.8103,113.29337,38.84283,117.7054
1257.5363,118.285286,38.014496,115.1953
1250.8232,119.1609,38.014496,115.1953
1250.5314,119.45277,38.014496,115.1953
1254.9094,119.1609,38.014496,115.1953
1258.12,119.45277,38.014496,115.1953
1254.9094,120.91212,38.014496,115.1953
1254.0338,113.615364,38.014496,115.1953
1254.7205,117.37554,37.203827,112.73872
1256.1487,121.660225,37.203827,112.73872
1254.0675,126.99214,36.410442,110.33453
1256.0244,128.38991,36.410442,110.33453
1254.6266,129.22858,36.410442,110.33453
1257.4398,132.83008,35.63398,107.98161
1252.7887,139.12271,35.63398,107.98161
1256.3455,124.07511,35.63398,107.98161
1254.9775,123.254326,35.63398,107.98161
1255.7983,126.81103,35.63398,107.98161
1252.7888,128.72617,35.63398,107.98161
1232.2694,130.09415,35.63398,107.98161
1211.2894,131.50922,34.874073,105.67887
1183.7103,130.17043,34.874073,105.67887
1145.266,124.278755,35.64566,108.01701
1118.7188,122.36298,35.64566,108.01701
1100.382,120.44721,35.64566,108.01701
1072.1926,117.98406,35.64566,108.01701
1036.961,116.761696,34.885506,105.71352
979.24585,115.5654,34.141563,103.459145
966.40125,112.15765,34.141563,103.459145
933.63446,111.89552,34.141563,103.459145
884.03125,109.39119,34.896946,105.74818
847.3243,109.65912,34.896946,105.74818
840.7237,121.37491,34.15276,103.493065
831.02155,123.21045,34.15276,103.493065
804.0129,108.78833,34.15276,103.493065
795.3596,101.70839,34.15276,103.493065
784.08417,97.25064,34.15276,103.493065
765.46655,99.61063,34.15276,103.493065
763.10657,104.068375,34.15276,103.493065
744.515,104.91914,33.424442,101.28604
728.86066,104.14926,33.424442,101.28604
706.70795,102.01365,32.711655,99.12608
689.86926,126.55213,32.01407,97.01219
621.93555,115.02323,32.72238,99.158585
604.6307,111.05904,33.446365,101.35247
592.5612,113.37021,33.446365,101.35247
603.066,101.33261,32.733112,99.1911
613.87274,110.12883,32.733112,99.1911
607.19696,114.820015,32.03507,97.07582
587.1933,119.10498,32.743843,99.223625
601.17676,133.91798,33.4683,101.418945
580.3626,133.66103,33.4683,101.418945
556.46484,133.91798,33.4683,101.418945
531.53925,134.17494,33.4683,101.418945
528.2364,134.386,34.208786,103.66284
578.40265,111.01012,34.208786,103.66284
556.0774,111.798065,34.208786,103.66284
538.4798,111.535416,34.208786,103.66284
530.49036,111.881256,33.479275,101.4522
528.69104,110.59601,33.479275,101.4522
527.4058,117.02225,33.479275,101.4522
524.0642,115.737,33.479275,101.4522
503.69217,114.34799,34.220005,103.69683
482.41052,114.61073,34.220005,103.69683
461.5878,103.92297,34.977123,105.99112
443.0579,105.26572,34.977123,105.99112
425.06506,103.385864,34.977123,105.99112
410.4685,104.16368,35.75099,108.336174
401.81424,103.81957,36.54198,110.73311
388.62772,104.100136,36.54198,110.73311
378.24683,103.258446,36.54198,110.73311
359.97726,102.546196,35.76271,108.37169
348.17026,100.62412,35.76271,108.37169
338.22998,103.63225,35.00006,106.06063
321.24933,107.09425,34.253674,103.79886
304.6308,109.97545,33.523205,101.58532
294.32065,109.32204,32.80831,99.41898
286.17273,108.68255,32.108665,97.29884
284.85178,101.87871,31.423939,95.223915
276.40738,102.11998,31.423939,95.223915
271.82327,97.53587,31.423939,95.223915
265.41443,98.318665,30.753815,93.19324
265.96997,102.27101,30.09798,91.205864
259.7306,101.57774,30.09798,91.205864
264.28348,103.21846,29.456133,89.26087
255.66014,107.87596,28.827972,87.35735
267.70108,109.02076,28.213207,85.49443
267.37552,113.06418,27.611551,83.671234
264.60492,116.20402,27.022726,81.88692
261.49277,119.73112,27.022726,81.88692
268.7278,117.74896,27.620604,83.69866
274.45364,117.96103,27.620604,83.69866
275.08984,122.83858,27.620604,83.69866
274.56427,127.413155,28.231709,85.55049
272.14926,131.45921,27.62966,83.726105
269.81577,137.1869,27.62966,83.726105
267.05798,142.9146,27.62966,83.726105
265.57303,147.79375,27.62966,83.726105
264.84528,153.38928,27.04045,81.94062
265.0529,161.48619,27.04045,81.94062
265.83075,166.82626,27.63872,83.753555
265.10278,174.469,27.049316,81.96748
260.3261,182.56857,27.049316,81.96748
259.61365,191.24936,26.47248,80.219505
259.10992,199.42952,27.058184,81.99436
259.7332,207.11624,27.058184,81.99436
258.69443,217.71144,27.058184,81.99436
259.3177,227.06013,27.058184,81.99436
260.77194,237.23985,27.058184,81.99436
262.8626,246.72446,26.48116,80.245804
261.846,242.86139,26.48116,80.245804
259.6095,250.38419,26.48116,80.245804
265.43387,256.8795,27.067055,82.02124
273.11203,261.7936,27.665913,83.83596
213.96432,202.02452,28.27802,85.690834
212.80096,206.49576,27.674984,83.86345
211.73854,214.78265,27.674984,83.86345
211.82883,224.48347,27.084806,82.075035
212.45268,231.76186,27.084806,82.075035
212.54105,241.2558,26.507215,80.32476
212.2352,249.76263,25.94194,78.61181
211.93585,257.32013,25.388721,76.93539
211.64291,263.9649,24.8473,75.294716
211.72397,271.93903,24.317423,73.68903
210.79044,276.60666,24.317423,73.68903
210.60373,282.76794,24.317423,73.68903
209.6702,286.31537,24.317423,73.68903
208.73666,290.983,24.317423,73.68903
207.42972,295.65063,24.317423,73.68903
203.13548,300.69168,24.317423,73.68903
195.85396,303.8657,24.317423,73.68903
183.71808,306.6663,24.317423,73.68903
170.46196,309.4669,24.317423,73.68903
154.96538,311.14725,24.317423,73.68903
136.10808,311.33395,24.317423,73.68903
113.51666,315.2548,24.317423,73.68903
88.684784,315.4415,24.317423,73.68903
64.22631,317.12186,24.317423,73.68903
39.35647,316.8878,24.855446,75.319405
26.188732,316.31528,24.855446,75.319405
5.1244907,303.80048,25.405373,76.98585
4.1491966,302.04495,25.405373,76.98585
3.5640182,302.24002,25.405373,76.98585
2.9788408,302.8252,25.405373,76.98585
3.954136,303.02026,25.405373,76.98585
4.1491947,301.65485,25.405373,76.98585
4.734371,301.06967,25.405373,76.98585
5.0604467,299.6109,25.967466,78.689156
5.529498,300.6421,25.413702,77.011086
4.944129,300.44696,25.413702,77.011086
5.529498,300.6421,25.413702,77.011086
4.944129,300.05673,25.413702,77.011086
5.529498,300.25186,25.413702,77.011086
5.3343744,300.447,25.413702,77.011086
4.7490053,300.64212,25.413702,77.011086
3.7733908,300.05676,25.413702,77.011086
3.578268,300.64212,25.413702,77.011086
4.309329,300.39752,25.97598,78.71496
4.109889,300.59695,25.97598,78.71496
3.511569,300.7964,25.97598,78.71496
3.711009,301.3947,25.97598,78.71496
3.910449,301.99304,25.97598,78.71496
4.508769,298.20367,25.97598,78.71496
3.511569,298.802,25.97598,78.71496
4.2588053,299.37964,26.5507,80.45653
3.239543,297.13727,26.5507,80.45653
3.4433947,297.74884,26.5507,80.45653
3.6472464,298.3604,26.5507,80.45653
3.8511,296.52573,26.5507,80.45653
3.3458843,297.11615,27.138134,82.236626
3.554247,297.74124,27.138134,82.236626
3.037856,298.7771,27.738565,84.056114
4.5286665,295.15656,27.738565,84.056114
4.2086077,295.84753,27.147032,82.263596
4.417039,296.47284,27.147032,82.263596
5.0423326,295.01382,27.147032,82.263596
5.1308947,296.0919,26.568113,80.5093
5.742854,295.8879,26.568113,80.5093
5.829527,296.1565,26.001541,78.79241
5.2306175,296.35614,26.001541,78.79241
5.430254,296.5558,26.001541,78.79241
5.6298904,296.75543,26.001541,78.79241
4.631708,297.35434,26.001541,78.79241
4.8313446,297.554,26.001541,78.79241
4.631708,297.75363,26.001541,78.79241
4.8313446,297.95328,26.001541,78.79241
5.829527,298.15292,26.001541,78.79241
6.0291634,297.95328,26.001541,78.79241
5.430254,298.5522,26.001541,78.79241
7.626253,298.35254,26.001541,78.79241
7.4266167,297.75363,26.001541,78.79241
7.22698,297.95328,26.001541,78.79241
7.0273438,297.75363,26.001541,78.79241
6.8277073,297.554,26.001541,78.79241
6.228798,298.55215,26.001541,78.79241
6.8277073,299.15106,26.001541,78.79241
6.228798,298.95142,26.001541,78.79241
5.319787,298.2869,26.576826,80.53569
4.2995214,298.08286,26.576826,80.53569
4.0954676,298.695,26.576826,80.53569
5.706809,297.16898,27.164839,82.31754
4.246833,296.96042,27.164839,82.31754
5.028267,294.96786,27.765862,84.13882
4.8150845,295.60742,27.765862,84.13882
4.0837564,297.12097,27.173746,82.34453
3.4578466,298.16415,27.173746,82.34453
2.5078573,295.30508,27.774965,84.1664
6.5596533,293.81232,27.774965,84.1664
10.45613,281.155,28.389486,86.02858
11.272794,277.26343,29.017603,87.93196
12.107526,276.52182,29.659616,89.87746
8.691688,277.66043,29.659616,89.87746
10.9624605,275.48486,30.315836,91.866
11.834538,274.71008,30.986574,93.89853
9.693343,275.42383,30.986574,93.89853
11.358718,274.23425,30.986574,93.89853
10.169164,274.948,30.986574,93.89853
10.407075,275.66174,30.986574,93.89853
11.120807,275.42383,30.986574,93.89853
9.9312525,275.66174,30.986574,93.89853
9.217521,276.3755,30.986574,93.89853
9.455432,275.66174,30.986574,93.89853
8.7417,276.85132,30.986574,93.89853
8.027968,277.08923,30.986574,93.89853
7.790057,276.85132,30.986574,93.89853
7.0763254,277.56506,30.986574,93.89853
6.3625937,276.85132,30.986574,93.89853
5.1730394,277.56506,30.986574,93.89853
4.4593077,277.32715,30.986574,93.89853
4.2213964,277.56506,30.986574,93.89853
3.5076647,277.80298,30.986574,93.89853
2.3181105,278.0409,30.986574,93.89853
1.9605742,278.81277,30.325777,91.89612
1.262063,279.5113,30.325777,91.89612
4.7546206,278.81277,30.325777,91.89612
3.1247606,278.57993,30.325777,91.89612
1.4949007,278.81277,30.325777,91.89612
4.987458,281.374,30.325777,91.89612
3.3575983,279.27847,30.325777,91.89612
0.3648653,280.43597,30.996735,93.92932
4.410673,278.77005,30.996735,93.92932
2.268774,280.91196,30.996735,93.92932
1.4523487,280.76654,30.33572,91.92625
4.9460506,282.86276,30.33572,91.92625
3.7814827,282.62985,30.33572,91.92625
2.6169147,281.93112,30.33572,91.92625
1.9181728,281.2324,30.33572,91.92625
2.0171375,281.5391,29.6888,89.96589
5.892231,281.76703,29.6888,89.96589
4.296604,280.6273,29.6888,89.96589
2.7009773,279.48755,29.6888,89.96589
2.0171375,277.43604,29.6888,89.96589
2.9928217,278.1756,29.055677,88.04734
1.8773937,275.72165,29.055677,88.04734
1.5421381,275.5854,28.436056,86.1697
3.3183985,275.452,27.829649,84.33211
1.8226938,273.1016,27.829649,84.33211
3.3183985,272.03323,27.829649,84.33211
1.8226938,270.11017,27.829649,84.33211
0.32698822,268.61447,27.829649,84.33211
3.9594164,268.82816,27.829649,84.33211
1.6563864,265.90005,28.44538,86.19795
3.8542414,267.02966,27.838774,84.35976
2.7089596,265.66296,27.245104,82.56076
4.0075817,264.32544,26.664093,80.800125
3.305274,263.80573,26.095472,79.07704
3.9063463,262.0025,26.095472,79.07704
4.5074186,259.39786,26.095472,79.07704
2.7042007,257.19394,26.095472,79.07704
5.3088484,258.19574,26.095472,79.07704
4.621517,256.91464,25.538979,77.3907
6.77845,257.89508,25.538979,77.3907
6.190195,254.56165,25.538979,77.3907
5.99411,252.40472,25.538979,77.3907
6.077426,249.26097,24.994352,75.74032
6.158965,250.62347,24.46134,74.12513
5.2199106,246.30383,24.46134,74.12513
5.0320997,246.86728,24.46134,74.12513
4.0257645,244.58026,23.939695,72.54439
3.474347,242.926,23.939695,72.54439
2.9229298,240.90414,23.939695,72.54439
4.9447927,241.08795,23.939695,72.54439
3.959918,239.91266,23.429174,70.99736
3.6895828,239.456,22.92954,69.48332
4.4431324,240.36655,22.440561,68.00157
4.270837,238.12671,22.440561,68.00157
5.008317,239.34999,21.96201,66.551414
4.839696,236.1462,21.96201,66.551414
3.9965897,236.65205,21.96201,66.551414
3.5786905,231.89212,22.447918,68.023865
3.3196774,233.11581,21.96921,66.573235
3.4883537,230.58566,21.96921,66.573235
4.3317366,228.05551,21.96921,66.573235
2.4762936,228.22418,21.96921,66.573235
5.9083014,224.86269,22.455278,68.046165
5.046258,224.00066,22.455278,68.046165
6.76546,219.84929,22.9521,69.55169
7.2941294,217.91083,22.9521,69.55169
6.4130144,215.97237,22.9521,69.55169
7.2941294,215.79614,22.9521,69.55169
6.1260643,211.18727,23.459915,71.09052
5.585697,210.64691,23.459915,71.09052
4.685088,210.4668,23.459915,71.09052
3.4242334,210.64691,23.459915,71.09052
2.1633787,211.54752,23.459915,71.09052
-0.89869595,212.80836,23.459915,71.09052
0.9139538,214.78166,22.959625,69.57449
-3.1405067,212.84258,22.959625,69.57449
-2.6116638,212.66629,22.959625,69.57449
-0.32001305,212.84258,22.959625,69.57449
-5.14629,211.52423,23.467607,71.11383
-4.02772,212.8035,22.967154,69.597305
3.9075212,215.44858,22.967154,69.597305
3.0258274,210.33478,22.967154,69.597305
5.1501207,204.62517,23.475302,71.137146
3.8884401,205.1659,23.475302,71.137146
4.5637407,204.56593,23.994692,72.71105
3.2741451,204.75017,23.994692,72.71105
2.3530054,204.19748,23.994692,72.71105
2.431283,207.28117,23.482998,71.16047
0.80858994,207.82207,23.482998,71.16047
5.67667,208.36296,23.482998,71.16047
6.9387646,208.90385,23.482998,71.16047
8.200859,209.44475,23.482998,71.16047
7.299362,209.62505,23.482998,71.16047
7.1190624,210.52654,23.482998,71.16047
6.578165,208.90384,23.482998,71.16047
5.3830814,208.30368,24.00256,72.73489
3.39676,207.69025,24.533617,74.344154
2.1482096,205.10895,25.076424,75.98902
4.0680895,200.8725,25.631239,77.67028
3.0841236,201.06929,25.631239,77.67028
4.229788,198.78085,26.19833,79.38873
3.2240524,199.78659,26.19833,79.38873
2.9217653,201.21472,25.639643,77.69575
1.6169271,198.51704,26.20692,79.414764
0.6108608,199.12068,26.20692,79.414764
-1.6024837,200.52917,26.20692,79.414764
-4.218255,199.92554,26.20692,79.414764
