440.0,439.0,99.0,169.0
440.52304,439.52307,99.0,169.0
442.09216,440.04614,99.0,169.0
441.56912,440.5692,99.0,169.0
443.13824,442.1383,99.0,169.0
442.6152,443.7074,99.0,169.0
444.18433,444.23047,99.0,169.0
443.6613,444.75354,99.0,169.0
445.2304,446.32263,99.0,169.0
444.70737,446.8457,99.0,169.0
446.2765,448.4148,99.0,169.0
446.79953,448.93787,99.0,169.0
447.32257,450.50696,99.0,169.0
447.8456,451.03003,99.0,169.0
449.41473,451.5531,99.0,169.0
448.8917,452.07617,99.0,169.0
450.46082,452.59924,99.0,169.0
450.98386,454.16833,99.0,169.0
451.5069,454.6914,99.0,169.0
452.02994,455.21448,99.0,169.0
452.55298,455.73755,99.0,169.0
453.07602,456.26062,99.0,169.0
453.59906,456.7837,99.0,169.0
454.1221,457.30676,99.0,169.0
454.67355,459.6129,96.888794,165.39603
456.20923,461.14856,96.888794,165.39603
456.72113,461.66046,96.888794,165.39603
457.23303,463.1961,96.888794,165.39603
457.74493,462.6842,96.888794,165.39603
459.2806,464.21985,96.888794,165.39603
458.7687,463.70795,96.888794,165.39603
460.30438,464.21985,96.888794,165.39603
459.79248,464.73175,96.888794,165.39603
461.31894,467.97546,94.82261,161.86891
462.82184,468.47644,94.82261,161.86891
461.31894,468.97742,94.82261,161.86891
463.8238,469.4784,94.82261,161.86891
462.3209,469.97937,94.82261,161.86891
463.8238,470.48035,94.82261,161.86891
465.31772,472.68915,92.80049,158.417
465.808,473.17944,92.80049,158.417
467.2789,473.66974,92.80049,158.417
466.7886,474.16003,92.80049,158.417
467.2789,474.65033,92.80049,158.417
467.7692,474.16003,92.80049,158.417
469.24008,475.63092,92.80049,158.417
469.757,478.7378,90.821495,155.03871
470.23685,478.25793,90.821495,155.03871
471.67636,479.69745,90.821495,155.03871
474.0322,481.81302,88.8847,151.73247
473.5626,483.22183,88.8847,151.73247
474.0322,481.81302,88.8847,151.73247
475.441,483.22183,88.8847,151.73247
475.9106,483.69144,88.8847,151.73247
476.38022,484.16104,88.8847,151.73247
477.78903,483.69144,88.8847,151.73247
477.31943,484.16104,88.8847,151.73247
478.72824,483.69144,88.8847,151.73247
479.19785,483.22183,88.8847,151.73247
481.50345,485.29236,86.989204,148.49673
482.88223,485.75195,86.989204,148.49673
483.34183,485.29236,86.989204,148.49673
483.80142,484.83276,86.989204,148.49673
484.26102,484.37317,86.989204,148.49673
488.28937,486.3995,85.13413,145.33
488.73914,485.94974,85.13413,145.33
487.3307,483.87537,87.01772,148.54543
487.7904,484.33508,87.01772,148.54543
488.25012,484.7948,87.01772,148.54543
488.70984,485.25452,87.01772,148.54543
489.16956,484.7948,87.01772,148.54543
490.54877,484.33508,87.01772,148.54543
491.00848,483.87537,87.01772,148.54543
491.4682,483.41565,87.01772,148.54543
491.92792,483.87537,87.01772,148.54543
492.38763,483.41565,87.01772,148.54543
492.84735,482.95593,87.01772,148.54543
493.30707,482.49622,87.01772,148.54543
494.68628,482.0365,87.01772,148.54543
495.146,480.6573,87.01772,148.54543
496.51694,484.45673,85.16204,145.37766
496.067,483.10693,85.16204,145.37766
497.41678,483.5569,85.16204,145.37766
497.86673,482.2071,85.16204,145.37766
498.31668,482.65704,85.16204,145.37766
498.76663,482.2071,85.16204,145.37766
498.31668,482.65704,85.16204,145.37766
499.66647,482.2071,85.16204,145.37766
499.21652,482.65704,85.16204,145.37766
499.66647,482.2071,85.16204,145.37766
500.11642,482.65704,85.16204,145.37766
501.45813,485.50818,83.34593,142.27744
503.6201,487.44968,81.56856,139.24333
506.56665,488.51904,79.82909,136.27393
507.82434,489.56558,78.12671,133.36784
508.23712,489.1528,78.12671,133.36784
507.82434,488.74002,78.12671,133.36784
509.85092,488.96854,76.46063,130.52373
509.447,488.5646,76.46063,130.52373
511.43036,489.567,74.830086,127.74027
511.82568,489.17166,74.830086,127.74027
511.43036,488.77634,74.830086,127.74027
513.4071,489.96237,74.830086,127.74027
513.0118,489.56705,74.830086,127.74027
513.4071,489.17172,74.830086,127.74027
515.34814,490.15274,73.234314,125.016174
516.5089,489.76584,73.234314,125.016174
515.34814,488.60507,73.234314,125.016174
517.2827,488.99197,73.234314,125.016174
517.6907,489.95206,71.67257,122.35017
518.06934,489.5734,71.67257,122.35017
519.2053,489.19473,71.67257,122.35017
519.584,488.81607,71.67257,122.35017
520.72,488.4374,71.67257,122.35017
520.3413,488.05875,71.67257,122.35017
521.4773,487.68008,71.67257,122.35017
522.6133,487.30142,71.67257,122.35017
523.0125,488.241,70.14413,119.74101
523.3831,487.8704,70.14413,119.74101
524.4949,486.75864,70.14413,119.74101
523.3831,486.38803,70.14413,119.74101
525.97723,486.01743,70.14413,119.74101
524.8655,484.90567,70.14413,119.74101
526.685,485.82526,68.648285,117.1875
527.04767,485.4626,68.648285,117.1875
528.13574,484.3745,68.648285,117.1875
528.4984,483.28644,68.648285,117.1875
528.13574,482.19836,68.648285,117.1875
529.2238,481.8357,68.648285,117.1875
528.86115,481.47302,68.648285,117.1875
530.67456,479.6596,68.648285,117.1875
531.03723,479.29694,68.648285,117.1875
531.3999,478.20886,68.648285,117.1875
531.03723,477.1208,68.648285,117.1875
532.85065,476.0327,68.648285,117.1875
532.53394,476.9327,67.18434,114.68844
534.3087,475.86783,67.18434,114.68844
535.3672,475.38007,65.75162,112.242676
535.71454,474.33795,65.75162,112.242676
536.08075,475.19992,64.34944,109.84907
537.10065,472.8201,64.34944,109.84907
537.4406,472.48013,64.34944,109.84907
537.7806,470.78024,64.34944,109.84907
538.8005,469.76035,64.34944,109.84907
539.14044,468.06046,64.34944,109.84907
538.8005,467.04056,64.34944,109.84907
540.50037,465.34067,64.34944,109.84907
540.2035,466.18427,62.97717,107.5065
541.8671,464.52063,62.97717,107.5065
540.86896,463.52246,62.97717,107.5065
541.8671,461.85883,62.97717,107.5065
542.8653,460.86066,62.97717,107.5065
543.198,460.52795,62.97717,107.5065
543.5307,459.5298,62.97717,107.5065
543.8634,458.53162,62.97717,107.5065
544.8616,457.53345,62.97717,107.5065
544.5289,456.53528,62.97717,107.5065
544.8616,456.2025,62.97717,107.5065
545.85974,455.8698,62.97717,107.5065
546.19244,454.87164,62.97717,107.5065
547.82605,455.05585,61.634163,105.21389
548.1517,454.07895,61.634163,105.21389
548.4773,453.10205,61.634163,105.21389
550.1054,452.12515,61.634163,105.21389
549.7798,451.79953,61.634163,105.21389
550.1054,451.4739,61.634163,105.21389
551.0823,451.1483,61.634163,105.21389
552.681,451.32855,60.319798,102.97017
552.9997,451.00986,60.319798,102.97017
553.31836,450.69116,60.319798,102.97017
553.637,449.7351,60.319798,102.97017
555.23047,448.77905,60.319798,102.97017
556.18085,449.56982,59.03346,100.7743
555.86896,449.25793,59.03346,100.7743
557.4284,448.32227,59.03346,100.7743
557.7403,448.01038,59.03346,100.7743
558.67596,447.6985,59.03346,100.7743
558.3641,447.3866,59.03346,100.7743
558.67596,446.45093,59.03346,100.7743
559.61163,445.51526,59.03346,100.7743
559.9235,445.20337,59.03346,100.7743
560.8592,444.2677,59.03346,100.7743
561.1711,443.9558,59.03346,100.7743
561.483,443.64392,59.03346,100.7743
564.21674,443.8166,57.77455,98.62526
565.7154,445.16238,56.542492,96.52205
566.6062,446.4795,55.336708,94.463684
567.4833,445.60242,55.336708,94.463684
568.9187,446.89145,54.156635,92.44922
569.20483,446.60532,54.156635,92.44922
571.1612,446.76373,53.001728,90.477715
571.4412,446.4837,53.001728,90.477715
572.2813,445.64365,53.001728,90.477715
572.56134,445.36362,53.001728,90.477715
573.9614,444.52356,53.001728,90.477715
576.41583,445.75818,51.87145,88.54825
577.238,444.93604,51.87145,88.54825
578.0601,444.662,51.87145,88.54825
580.4622,445.34204,50.765274,86.65993
579.1212,444.001,50.765274,86.65993
580.4622,444.26923,50.765274,86.65993
581.8032,443.4646,50.765274,86.65993
582.60785,443.19638,50.765274,86.65993
583.4125,442.39175,50.765274,86.65993
584.2171,442.12354,50.765274,86.65993
585.0217,442.39175,50.765274,86.65993
586.36273,441.58713,50.765274,86.65993
587.6795,441.7356,49.68269,84.81188
588.467,441.4731,49.68269,84.81188
589.7794,441.21063,49.68269,84.81188
591.0682,440.84998,48.62319,83.00324
592.3526,441.10687,48.62319,83.00324
593.61383,441.74432,47.58629,81.23317
594.87085,441.49292,47.58629,81.23317
595.62054,441.14746,46.571495,79.50085
597.3429,441.39352,46.571495,79.50085
597.5889,440.65536,46.571495,79.50085
598.797,441.2659,45.578342,77.805466
600.4435,441.39923,44.60637,76.14624
600.67914,441.6349,44.60637,76.14624
602.3288,440.45654,44.60637,76.14624
603.03156,440.587,43.655125,74.5224
604.18475,441.27893,43.655125,74.5224
604.87256,441.40665,42.724167,72.93319
606.45264,440.7295,42.724167,72.93319
607.1298,440.05234,42.724167,72.93319
608.7099,439.37518,42.724167,72.93319
608.9478,439.93527,41.81306,71.37787
610.4942,439.27255,41.81306,71.37787
610.2733,439.49347,41.81306,71.37787
611.8197,437.9471,41.81306,71.37787
612.92426,438.16803,41.81306,71.37787
613.587,437.5053,41.81306,71.37787
614.2497,436.40076,41.81306,71.37787
614.0288,436.17984,41.81306,71.37787
615.5752,436.84256,41.81306,71.37787
616.67975,435.738,41.81306,71.37787
617.34247,435.0753,41.81306,71.37787
617.56335,435.2962,41.81306,71.37787
618.6679,435.0753,41.81306,71.37787
619.3306,434.41257,41.81306,71.37787
619.99335,433.74985,41.81306,71.37787
621.0979,433.52893,41.81306,71.37787
620.4791,434.0771,40.921383,69.85571
622.7909,434.61356,40.04872,68.36602
623.42566,434.40198,40.04872,68.36602
624.4836,434.1904,40.04872,68.36602
623.8488,434.82516,40.04872,68.36602
625.3299,433.76724,40.04872,68.36602
626.3878,433.97882,40.04872,68.36602
627.44574,433.76724,40.04872,68.36602
628.50366,433.13248,40.04872,68.36602
627.44574,433.76724,40.04872,68.36602
629.35004,432.70932,40.04872,68.36602
629.9848,432.49774,40.04872,68.36602
630.61957,432.28616,40.04872,68.36602
630.40796,432.92093,40.04872,68.36602
631.88904,432.28616,40.04872,68.36602
632.10065,432.49774,40.04872,68.36602
633.15857,431.86298,40.04872,68.36602
634.2165,432.07455,40.04872,68.36602
634.85126,432.28613,40.04872,68.36602
634.63965,432.4977,40.04872,68.36602
635.6976,431.86295,40.04872,68.36602
635.9092,432.07452,40.04872,68.36602
636.9671,432.2861,40.04872,68.36602
637.60187,432.49768,40.04872,68.36602
637.82495,432.61484,39.19467,66.9081
639.2745,431.99362,39.19467,66.9081
640.3099,433.029,39.19467,66.9081
640.9311,432.82193,39.19467,66.9081
641.1382,432.61487,39.19467,66.9081
642.1736,432.4078,39.19467,66.9081
642.7948,433.44318,39.19467,66.9081
643.81146,433.5578,38.358833,65.48126
644.82477,433.35513,38.358833,65.48126
643.8665,434.2487,37.54082,64.084854
645.9873,435.50552,36.740253,62.718224
646.56964,435.3114,36.740253,62.718224
646.76373,435.11728,36.740253,62.718224
647.73425,436.08783,36.740253,62.718224
648.3166,435.5055,36.740253,62.718224
648.5107,434.92316,36.740253,62.718224
649.093,435.11728,36.740253,62.718224
650.4518,435.3114,36.740253,62.718224
650.6459,434.72906,36.740253,62.718224
651.2282,434.9232,36.740253,62.718224
651.807,435.40482,35.956757,61.380737
651.99695,435.5948,35.956757,61.380737
652.56683,435.40482,35.956757,61.380737
653.1367,435.5948,35.956757,61.380737
654.08655,435.40482,35.956757,61.380737
654.65643,435.5948,35.956757,61.380737
654.8464,435.78476,35.956757,61.380737
655.41626,435.97473,35.956757,61.380737
656.74603,435.0249,35.956757,61.380737
656.17615,435.21487,35.956757,61.380737
657.5059,435.0249,35.956757,61.380737
658.45575,435.21487,35.956757,61.380737
658.2658,435.40485,35.956757,61.380737
658.8357,435.21487,35.956757,61.380737
658.64575,435.0249,35.956757,61.380737
659.21564,434.83493,35.956757,61.380737
660.16547,434.265,35.956757,61.380737
660.3554,435.21484,35.956757,61.380737
661.30524,434.64493,35.956757,61.380737
660.77313,435.84872,35.18997,60.071774
662.0745,435.6628,35.18997,60.071774
661.5168,435.4769,35.18997,60.071774
662.44635,435.291,35.18997,60.071774
661.92554,436.8275,34.439533,58.790726
663.1992,436.64557,34.439533,58.790726
663.74506,436.46362,34.439533,58.790726
663.5631,436.28168,34.439533,58.790726
663.74506,436.09973,34.439533,58.790726
664.9892,437.95422,33.7051,57.536995
664.45496,437.06387,33.7051,57.536995
665.34534,436.8858,33.7051,57.536995
665.52344,437.06387,33.7051,57.536995
666.0577,437.24194,33.7051,57.536995
666.2454,438.37033,32.98633,56.31
665.7226,437.8475,32.98633,56.31
666.9425,439.0674,32.98633,56.31
667.11676,438.89313,32.98633,56.31
666.59393,439.0674,32.98633,56.31
667.11676,439.2417,32.98633,56.31
666.9425,439.416,32.98633,56.31
667.8139,438.54462,32.98633,56.31
667.63965,439.06744,32.98633,56.31
667.8139,439.59027,32.98633,56.31
667.98816,438.7189,32.98633,56.31
668.511,439.24173,32.98633,56.31
667.98816,439.76456,32.98633,56.31
668.511,439.24173,32.98633,56.31
668.33673,439.76456,32.98633,56.31
667.8139,439.59027,32.98633,56.31
668.6853,439.416,32.98633,56.31
668.51105,439.59027,32.98633,56.31
668.3368,439.76456,32.98633,56.31
668.51105,440.63593,32.98633,56.31
668.3368,440.46164,32.98633,56.31
668.51105,440.63593,32.98633,56.31
668.6853,441.15875,32.98633,56.31
668.85956,441.68158,32.98633,56.31
669.0338,441.15875,32.98633,56.31
669.2176,442.935,32.282887,55.109173
669.3881,442.76443,32.282887,55.109173
668.53534,442.935,32.282887,55.109173
668.7059,442.4233,32.282887,55.109173
668.8764,441.91162,32.282887,55.109173
669.38806,442.4233,32.282887,55.109173
668.5353,441.57053,32.282887,55.109173
668.7058,441.39996,32.282887,55.109173
669.21747,440.88828,32.282887,55.109173
669.7291,441.39996,32.282887,55.109173
668.87634,440.54718,32.282887,55.109173
669.388,440.71774,32.282887,55.109173
668.87634,440.54718,32.282887,55.109173
669.388,440.37662,32.282887,55.109173
668.5352,439.86493,32.282887,55.109173
669.0469,440.0355,32.282887,55.109173
669.2174,439.1827,32.282887,55.109173
669.38794,439.01215,32.282887,55.109173
668.53516,438.50046,32.282887,55.109173
669.0468,439.01215,32.282887,55.109173
669.5585,438.15936,32.282887,55.109173
668.7057,437.64767,32.282887,55.109173
669.21735,437.81824,32.282887,55.109173
670.0701,437.9888,32.282887,55.109173
669.5585,437.13602,32.282887,55.109173
669.0468,436.28323,32.282887,55.109173
669.8996,436.11267,32.282887,55.109173
669.38794,435.60098,32.282887,55.109173
669.2174,435.77155,32.282887,55.109173
670.0702,435.60098,32.282887,55.109173
669.89966,434.7482,32.282887,55.109173
669.388,434.57764,32.282887,55.109173
669.21747,434.06595,32.282887,55.109173
670.07025,433.21317,32.282887,55.109173
669.5586,432.70148,32.282887,55.109173
669.38806,432.5309,32.282887,55.109173
668.8764,432.01923,32.282887,55.109173
669.7292,431.16644,32.282887,55.109173
669.2175,430.65475,32.282887,55.109173
669.7292,430.4842,32.282887,55.109173
668.8764,429.6314,32.282887,55.109173
669.38806,429.46085,32.282887,55.109173
668.5353,428.60806,32.282887,55.109173
668.7151,429.03128,31.594444,53.933952
668.882,428.86435,31.594444,53.933952
669.04895,428.02975,31.594444,53.933952
669.2159,427.529,31.594444,53.933952
669.7167,427.69592,31.594444,53.933952
668.5482,426.86133,31.594444,53.933952
669.7167,426.02673,31.594444,53.933952
668.5482,425.52597,31.594444,53.933952
669.7167,425.35904,31.594444,53.933952
668.5482,424.85828,31.594444,53.933952
669.7167,423.68982,31.594444,53.933952
668.21436,423.18906,31.594444,53.933952
669.04895,422.6883,31.594444,53.933952
668.54816,421.51984,31.594444,53.933952
669.38275,422.0206,31.594444,53.933952
668.88196,421.186,31.594444,53.933952
668.04736,420.3514,31.594444,53.933952
668.54816,420.18448,31.594444,53.933952
669.04596,420.2769,30.920683,52.783794
668.2735,420.36734,30.26129,51.658165
668.43335,419.56796,30.26129,51.658165
668.91296,419.08832,30.26129,51.658165
667.7938,419.2482,30.26129,51.658165
668.5932,418.12906,30.26129,51.658165
668.43335,418.28894,30.26129,51.658165
668.60187,418.37744,29.61596,50.556538
669.0685,418.46408,28.98439,49.478405
667.6903,418.31094,28.98439,49.478405
668.456,417.239,28.98439,49.478405
667.9966,417.39215,28.98439,49.478405
668.456,417.239,28.98439,49.478405
667.6903,416.77963,28.98439,49.478405
667.5372,415.7077,28.98439,49.478405
667.6903,416.47336,28.98439,49.478405
667.5372,416.01398,28.98439,49.478405
667.38403,415.24832,28.98439,49.478405
666.9246,415.09518,28.98439,49.478405
667.07776,414.32953,28.98439,49.478405
666.00586,414.48267,28.98439,49.478405
666.79736,413.77643,29.62567,50.573116
665.3887,413.6199,29.62567,50.573116
666.17126,413.15036,29.62567,50.573116
665.7017,413.3069,29.62567,50.573116
664.9191,412.5243,29.62567,50.573116
665.3887,412.36777,29.62567,50.573116
665.54517,411.89822,29.62567,50.573116
665.0756,412.36777,29.62567,50.573116
664.293,411.58517,29.62567,50.573116
664.4495,411.11563,29.62567,50.573116
664.606,411.58517,29.62567,50.573116
664.7625,410.80258,29.62567,50.573116
663.3538,410.64606,29.62567,50.573116
664.1364,410.1765,29.62567,50.573116
663.3538,410.33304,29.62567,50.573116
663.82336,409.2374,29.62567,50.573116
662.7277,408.76785,29.62567,50.573116
662.8842,408.92438,29.62567,50.573116
663.0407,408.76785,29.62567,50.573116
662.8842,407.98526,29.62567,50.573116
662.1016,407.82874,29.62567,50.573116
662.57117,407.3592,29.62567,50.573116
663.0407,406.26355,29.62567,50.573116
661.632,406.10703,29.62567,50.573116
662.4146,405.9505,29.62567,50.573116
662.2581,405.48096,29.62567,50.573116
662.1016,404.69836,29.62567,50.573116
661.31903,404.54184,29.62567,50.573116
661.7886,403.75925,29.62567,50.573116
660.69293,403.60272,29.62567,50.573116
660.8494,402.82013,29.62567,50.573116
660.69293,402.6636,29.62567,50.573116
660.53644,402.19406,29.62567,50.573116
661.31903,402.03754,29.62567,50.573116
660.57886,402.1242,28.993893,49.49463
660.73206,401.3583,28.993893,49.49463
660.59827,401.14783,28.37559,48.43914
661.04803,400.6981,28.37559,48.43914
659.99866,400.848,28.37559,48.43914
659.84875,399.79858,28.37559,48.43914
659.99866,399.049,28.37559,48.43914
659.84875,398.8991,28.37559,48.43914
659.0992,398.44937,28.37559,48.43914
659.54895,397.99963,28.37559,48.43914
659.996,398.0826,27.770472,47.406162
659.55585,397.64246,27.770472,47.406162
659.996,397.78918,27.770472,47.406162
658.96893,397.64246,27.770472,47.406162
659.11566,396.61542,27.770472,47.406162
658.96893,396.17526,27.770472,47.406162
658.5288,395.44168,27.770472,47.406162
658.96893,395.29495,27.770472,47.406162
658.23535,395.14822,27.770472,47.406162
658.3821,394.70807,27.770472,47.406162
658.5288,394.56134,27.770472,47.406162
658.3821,394.1212,27.770472,47.406162
657.94196,393.68103,27.770472,47.406162
657.50183,393.82776,27.770472,47.406162
657.94196,392.80072,27.770472,47.406162
656.9149,392.654,27.770472,47.406162
656.7682,393.09415,27.770472,47.406162
656.32806,392.36057,27.770472,47.406162
657.06165,391.9204,27.770472,47.406162
656.0346,391.77368,27.770472,47.406162
656.18134,392.21384,27.770472,47.406162
656.0346,391.77368,27.770472,47.406162
655.5945,391.9204,27.770472,47.406162
656.32806,391.18683,27.770472,47.406162
655.301,391.0401,27.770472,47.406162
655.1543,390.30652,27.770472,47.406162
655.00757,390.74667,27.770472,47.406162
654.274,390.59995,27.770472,47.406162
654.7141,390.45322,27.770472,47.406162
653.6871,390.3065,27.770472,47.406162
653.8338,389.86633,27.770472,47.406162
653.9805,389.42618,27.770472,47.406162
653.8338,389.86633,27.770472,47.406162
653.1002,389.13275,27.770472,47.406162
653.54034,389.27948,27.770472,47.406162
653.6871,389.4262,27.770472,47.406162
652.36664,389.27948,27.770472,47.406162
653.3937,389.13275,27.770472,47.406162
652.6601,388.39917,27.770472,47.406162
652.22,388.83932,27.770472,47.406162
652.6601,388.10574,27.770472,47.406162
651.63306,388.25247,27.770472,47.406162
652.087,388.18472,28.384893,48.455025
651.937,387.73483,28.384893,48.455025
651.4871,387.8848,28.384893,48.455025
651.937,386.83505,28.384893,48.455025
650.88727,386.98502,28.384893,48.455025
651.03723,386.53513,28.384893,48.455025
651.1872,386.98502,28.384893,48.455025
651.03723,386.53513,28.384893,48.455025
650.88727,386.6851,28.384893,48.455025
650.4374,386.83505,28.384893,48.455025
651.1872,386.08524,28.384893,48.455025
650.7373,386.2352,28.384893,48.455025
651.4871,386.38516,28.384893,48.455025
650.7373,386.53513,28.384893,48.455025
651.1872,386.38516,28.384893,48.455025
650.4374,386.2352,28.384893,48.455025
650.58734,386.08524,28.384893,48.455025
650.7373,385.63535,28.384893,48.455025
650.2874,385.7853,28.384893,48.455025
649.8375,385.0355,28.384893,48.455025
649.0877,384.88553,28.384893,48.455025
649.5376,384.73557,28.384893,48.455025
649.68756,385.18546,28.384893,48.455025
649.8375,384.73557,28.384893,48.455025
648.48785,385.18546,28.384893,48.455025
649.5376,385.0355,28.384893,48.455025
649.38763,384.88553,28.384893,48.455025
648.93774,384.73557,28.384893,48.455025
648.1879,385.18546,28.384893,48.455025
648.6378,385.0355,28.384893,48.455025
649.0877,384.88553,28.384893,48.455025
648.03796,384.73557,28.384893,48.455025
647.5881,385.18546,28.384893,48.455025
648.03796,385.0355,28.384893,48.455025
647.5881,384.88553,28.384893,48.455025
648.03796,384.43564,28.384893,48.455025
646.9882,384.88553,28.384893,48.455025
647.1382,384.43564,28.384893,48.455025
646.6883,384.88553,28.384893,48.455025
647.1382,384.43564,28.384893,48.455025
646.38837,384.88553,28.384893,48.455025
646.5383,384.73557,28.384893,48.455025
646.08844,385.18546,28.384893,48.455025
645.63855,384.73557,28.384893,48.455025
645.7885,384.88553,28.384893,48.455025
645.9385,384.43564,28.384893,48.455025
644.88873,384.88553,28.384893,48.455025
644.43884,384.43564,28.384893,48.455025
644.88873,384.88553,28.384893,48.455025
643.839,384.73557,28.384893,48.455025
643.98895,385.18546,28.384893,48.455025
643.839,385.0355,28.384893,48.455025
643.0892,385.18546,28.384893,48.455025
643.53906,385.33542,28.384893,48.455025
643.689,385.7853,28.384893,48.455025
643.53906,385.33542,28.384893,48.455025
643.0892,385.7853,28.384893,48.455025
642.33936,385.63535,28.384893,48.455025
642.78925,386.08524,28.384893,48.455025
642.9392,385.93527,28.384893,48.455025
641.58954,386.08524,28.384893,48.455025
642.0394,385.93527,28.384893,48.455025
640.9897,386.08524,28.384893,48.455025
641.13965,386.2352,28.384893,48.455025
640.68976,386.98502,28.384893,48.455025
641.4396,386.83505,28.384893,48.455025
640.9897,386.98502,28.384893,48.455025
639.93994,387.13498,28.384893,48.455025
640.0899,387.58487,28.384893,48.455025
639.93994,388.6346,28.384893,48.455025
639.79,389.0845,28.384893,48.455025
640.5398,388.93454,28.384893,48.455025
639.79,389.0845,28.384893,48.455025
639.93994,389.5344,28.384893,48.455025
638.8902,389.98428,28.384893,48.455025
638.74023,390.13425,28.384893,48.455025
639.79,390.58414,28.384893,48.455025
639.64,391.03403,28.384893,48.455025
639.1901,390.88406,28.384893,48.455025
638.74023,391.03403,28.384893,48.455025
639.1901,391.184,28.384893,48.455025
638.1404,391.63388,28.384893,48.455025
638.29034,392.3837,28.384893,48.455025
637.84045,392.23373,28.384893,48.455025
637.39056,392.3837,28.384893,48.455025
637.84045,392.53366,28.384893,48.455025
637.09064,392.98355,28.384893,48.455025
637.5405,392.8336,28.384893,48.455025
637.6905,392.68362,28.384893,48.455025
637.5405,393.43344,28.384893,48.455025
637.09064,393.88333,28.384893,48.455025
636.64075,393.73337,28.384893,48.455025
637.09064,394.4832,28.384893,48.455025
636.0409,394.93307,28.384893,48.455025
636.19086,394.4832,28.384893,48.455025
636.0409,395.233,28.384893,48.455025
635.62085,395.8942,27.779577,47.421707
635.18054,395.74744,27.779577,47.421707
635.91437,396.7748,27.779577,47.421707
634.887,396.92157,27.779577,47.421707
634.75885,397.28577,27.18717,46.410423
634.61523,398.00394,27.18717,46.410423
634.1843,398.14758,27.18717,46.410423
634.61523,398.29123,27.18717,46.410423
633.6098,398.72214,27.18717,46.410423
633.7534,400.01486,27.18717,46.410423
633.0352,399.58395,27.18717,46.410423
633.4661,400.87668,27.18717,46.410423
631.8861,400.1585,27.18717,46.410423
632.317,400.87668,27.18717,46.410423
632.7479,401.3076,27.18717,46.410423
631.7425,402.02576,27.18717,46.410423
631.3116,402.1694,27.18717,46.410423
631.7425,402.6003,27.18717,46.410423
630.73706,403.60577,27.18717,46.410423
630.8807,403.74942,27.18717,46.410423
630.44977,403.89307,27.18717,46.410423
629.44434,403.46216,27.18717,46.410423
629.58795,404.75488,27.18717,46.410423
629.15704,405.1858,27.18717,46.410423
629.58795,404.75488,27.18717,46.410423
628.5825,405.47305,27.18717,46.410423
628.4389,405.6167,27.18717,46.410423
628.008,405.76035,27.18717,46.410423
628.4389,406.47852,27.18717,46.410423
627.1462,406.33487,27.18717,46.410423
628.1516,406.19122,27.18717,46.410423
627.4334,406.9094,27.18717,46.410423
626.428,406.4785,27.18717,46.410423
626.5716,407.7712,27.18717,46.410423
626.1407,408.20212,27.18717,46.410423
626.2843,407.7712,27.18717,46.410423
626.4279,409.06393,27.18717,46.410423
625.1352,408.05847,27.18717,46.410423
625.5661,408.48938,27.18717,46.410423
624.8479,409.49484,27.18717,46.410423
624.7043,409.6385,27.18717,46.410423
624.2734,410.0694,27.18717,46.410423
624.7043,409.6385,27.18717,46.410423
623.41156,410.9312,27.18717,46.410423
622.98065,410.21304,27.18717,46.410423
623.69885,410.64395,27.18717,46.410423
622.4061,411.6494,27.18717,46.410423
623.41156,411.50577,27.18717,46.410423
621.83154,411.6494,27.18717,46.410423
622.2759,410.98697,27.788687,47.437252
621.5418,411.1338,27.788687,47.437252
621.6886,411.86786,27.788687,47.437252
620.36725,411.72104,27.788687,47.437252
620.21216,411.65323,28.403511,48.4868
619.76196,412.40353,28.403511,48.4868
620.21216,412.25348,28.403511,48.4868
619.16174,412.40353,28.403511,48.4868
619.01166,412.85373,28.403511,48.4868
618.56146,412.70367,28.403511,48.4868
619.0257,413.25714,29.031939,49.55957
617.3385,413.41052,29.031939,49.55957
617.79865,413.5639,29.031939,49.55957
618.2588,414.02405,29.031939,49.55957
616.87836,414.17743,29.031939,49.55957
617.64526,414.3308,29.031939,49.55957
616.87836,414.79095,29.031939,49.55957
617.03174,414.3308,29.031939,49.55957
615.6513,415.40448,29.031939,49.55957
616.4182,415.55786,29.031939,49.55957
615.95807,416.018,29.031939,49.55957
616.4182,415.55786,29.031939,49.55957
615.0378,416.63153,29.031939,49.55957
614.2709,416.7849,29.031939,49.55957
614.731,416.018,29.031939,49.55957
615.19116,416.47815,29.031939,49.55957
613.8107,417.24506,29.031939,49.55957
614.57764,417.09167,29.031939,49.55957
613.50397,417.55182,29.031939,49.55957
613.65735,418.01196,29.031939,49.55957
613.1972,417.85858,29.031939,49.55957
612.73706,418.01196,29.031939,49.55957
612.89044,418.16534,29.031939,49.55957
612.73706,418.93225,29.031939,49.55957
611.97015,418.77887,29.031939,49.55957
612.4303,418.93225,29.031939,49.55957
611.6634,419.08563,29.031939,49.55957
611.51,419.85254,29.031939,49.55957
610.7431,419.69916,29.031939,49.55957
611.20325,421.0796,29.031939,49.55957
609.8228,420.61945,29.031939,49.55957
610.5897,421.0796,29.031939,49.55957
609.8228,420.61945,29.031939,49.55957
609.9762,421.6931,29.031939,49.55957
609.2509,421.77805,28.412825,48.502697
609.70123,421.92816,28.412825,48.502697
609.8513,422.07828,28.412825,48.502697
608.5003,422.52863,28.412825,48.502697
609.25085,423.5794,28.412825,48.502697
607.89984,423.4293,28.412825,48.502697
607.4495,423.5794,28.412825,48.502697
608.2001,424.02975,28.412825,48.502697
607.1493,423.5794,28.412825,48.502697
607.2994,424.32996,28.412825,48.502697
606.84906,424.48007,28.412825,48.502697
606.0985,424.6302,28.412825,48.502697
606.5488,425.08054,28.412825,48.502697
606.0985,424.6302,28.412825,48.502697
605.0477,425.08054,28.412825,48.502697
605.1978,424.93042,28.412825,48.502697
605.0477,424.7803,28.412825,48.502697
604.2972,424.32996,28.412825,48.502697
604.7475,425.68097,28.412825,48.502697
604.8976,425.8311,28.412825,48.502697
602.9461,425.08054,28.412825,48.502697
603.099,424.6997,29.041458,49.57582
603.25244,424.85315,29.041458,49.57582
602.7921,425.31345,29.041458,49.57582
602.02496,424.85315,29.041458,49.57582
601.8715,425.6203,29.041458,49.57582
601.7181,425.46686,29.041458,49.57582
600.9509,425.31342,29.041458,49.57582
601.41125,425.46686,29.041458,49.57582
601.5647,425.6203,29.041458,49.57582
600.1838,425.77374,29.041458,49.57582
600.9509,426.5409,29.041458,49.57582
599.8769,426.0806,29.041458,49.57582
600.03033,426.84775,29.041458,49.57582
599.8769,426.6943,29.041458,49.57582
599.10974,426.54086,29.041458,49.57582
599.57007,426.38742,29.041458,49.57582
598.49603,426.54086,29.041458,49.57582
598.0357,426.6943,29.041458,49.57582
598.80286,427.1546,29.041458,49.57582
597.7288,427.6149,29.041458,49.57582
597.88226,427.46146,29.041458,49.57582
597.42194,427.308,29.041458,49.57582
598.1891,427.15457,29.041458,49.57582
597.11505,428.2286,29.041458,49.57582
597.2685,427.46146,29.041458,49.57582
596.80817,427.6149,29.041458,49.57582
596.34784,427.76834,29.041458,49.57582
596.80817,428.22864,29.041458,49.57582
596.041,427.76834,29.041458,49.57582
596.50134,428.22864,29.041458,49.57582
595.1204,427.76834,29.041458,49.57582
596.19446,428.22864,29.041458,49.57582
596.041,428.0752,29.041458,49.57582
595.5807,429.14923,29.041458,49.57582
595.12036,428.9958,29.041458,49.57582
595.8875,428.84235,29.041458,49.57582
595.4272,428.6889,29.041458,49.57582
596.19434,428.53546,29.041458,49.57582
595.4272,428.6889,29.041458,49.57582
595.5806,428.53546,29.041458,49.57582
594.5066,428.38202,29.041458,49.57582
594.66003,428.53546,29.041458,49.57582
594.5066,428.6889,29.041458,49.57582
594.35315,428.53546,29.041458,49.57582
595.1203,428.38202,29.041458,49.57582
594.66,428.22858,29.041458,49.57582
594.19965,427.76828,29.041458,49.57582
594.9668,429.45605,29.041458,49.57582
594.19965,428.6889,29.041458,49.57582
594.66,429.1492,29.041458,49.57582
593.8928,429.6095,29.041458,49.57582
594.35315,428.84235,29.041458,49.57582
594.8135,429.91638,29.041458,49.57582
594.35315,430.37668,29.041458,49.57582
594.8135,430.53012,29.041458,49.57582
594.35315,430.68356,29.041458,49.57582
594.5066,431.14386,29.041458,49.57582
593.43256,432.2179,29.041458,49.57582
594.1859,433.19016,28.42214,48.5186
593.76526,435.0101,27.816029,47.483925
592.5037,437.6411,27.222843,46.471317
592.9352,440.9491,27.222843,46.471317
592.8096,442.415,26.642307,45.4803
593.51337,444.52637,26.642307,45.4803
592.3051,444.8756,26.074152,44.510418
592.3051,444.8756,26.074152,44.510418
592.3051,444.8756,26.074152,44.510418
115.3805709208524,115.16453255984862,26.07415199279785,44.51041793823242
101.46721509345332,87.47557690334153,26.07415199279785,44.51041793823242
99.95189911225144,85.96026092213965,26.07415199279785,44.51041793823242
100.36516710712468,87.20006490675938,26.07415199279785,44.51041793823242
98.29882713275848,86.51128491530397,26.07415199279785,44.51041793823242
97.33453514472092,88.30211289308801,26.07415199279785,44.51041793823242
96.92126714984768,90.09294087087204,26.07415199279785,44.51041793823242
97.05902314813876,88.02660089650584,26.07415199279785,44.51041793823242
97.05902314813876,88.02660089650584,26.07415199279785,44.51041793823242
89.06460585600871,88.61741061135055,26.07415199279785,44.51041793823242
89.06460585600871,88.61741061135055,26.07415199279785,44.51041793823242
447.4032695508102,430.1878225237293,26.07415199279785,44.51041793823242
447.4032695508102,430.1878225237293,26.07415199279785,44.51041793823242
459.38804140213415,442.9991303647998,26.07415199279785,44.51041793823242
459.38804140213415,442.9991303647998,26.07415199279785,44.51041793823242
459.38804140213415,442.9991303647998,26.07415199279785,44.51041793823242
59.32852363554947,94.04814359227919,26.07415199279785,44.51041793823242
88.05321335291228,90.84023116761666,26.651042938232422,45.49521255493164
579.7912881871983,422.0390060516024,26.651042938232422,45.49521255493164
579.7912881871983,422.0390060516024,26.651042938232422,45.49521255493164
589.5762563201679,412.04025625747465,27.240697860717773,46.501792907714844
589.5762563201679,412.04025625747465,27.240697860717773,46.501792907714844
590.6187506490011,414.66146913203164,27.843399047851562,47.530643463134766
438.2299448985488,453.0272276479104,27.843399047851562,47.530643463134766
438.8881946847615,449.6728376737507,27.843399047851562,47.530643463134766
438.8881946847615,449.6728376737507,27.843399047851562,47.530643463134766
100.57058379156075,73.85048762972008,27.843399047851562,47.530643463134766
618.9046518486101,388.37764730563526,27.843399047851562,47.530643463134766
592.9710602686952,426.74140824062863,27.249629974365234,46.51703643798828
592.0127488761678,426.5435892054531,26.66852378845215,45.525047302246094
593.2808146531161,428.65703216703344,26.66852378845215,45.525047302246094
591.7309564812905,430.4886827337364,26.66852378845215,45.525047302246094
593.2808146531161,426.9662777977692,26.66852378845215,45.525047302246094
592.5763336659226,427.3889663900853,26.66852378845215,45.525047302246094
593.2808146531161,428.3752397721561,26.66852378845215,45.525047302246094
592.5763336659226,430.77047512861384,26.66852378845215,45.525047302246094
593.2808146531161,432.8839180901942,26.66852378845215,45.525047302246094
592.5763336659226,431.8976447081234,26.66852378845215,45.525047302246094
593.5626070479934,432.60212569531683,26.66852378845215,45.525047302246094
593.1399184556774,433.3066066825103,26.66852378845215,45.525047302246094
594.1261918377483,432.8839180901942,26.66852378845215,45.525047302246094
594.2670880351869,431.8976447081234,26.66852378845215,45.525047302246094
593.2808146531161,431.7567485106847,26.66852378845215,45.525047302246094
593.7035032454321,431.8976447081234,26.66852378845215,45.525047302246094
594.1261918377481,431.7567485106847,26.66852378845215,45.525047302246094
594.5488804300642,431.615852313246,26.66852378845215,45.525047302246094
593.8443994428707,433.72929527482637,26.66852378845215,45.525047302246094
594.2670880351867,432.74302189275556,26.66852378845215,45.525047302246094
593.5626070479932,431.75674851068476,26.66852378845215,45.525047302246094
593.9852956403092,431.6158523132461,26.66852378845215,45.525047302246094
594.4079842326253,433.7292952748264,26.66852378845215,45.525047302246094
593.9852956403092,432.7430218927556,26.66852378845215,45.525047302246094
594.4079842326253,432.0385409055622,26.66852378845215,45.525047302246094
593.7035032454318,431.8976447081235,26.66852378845215,45.525047302246094
594.4079842326253,431.7567485106848,26.66852378845215,45.525047302246094
593.9852956403092,431.61585231324614,26.66852378845215,45.525047302246094
593.8364553416973,431.2584119703837,27.258563995361328,46.53228759765625
594.2684959191183,431.4024254961907,27.258563995361328,46.53228759765625
594.7005364965394,431.2584119703837,27.258563995361328,46.53228759765625
593.9804688675042,430.82637139296264,27.258563995361328,46.53228759765625
594.7005364965394,430.3943308155416,27.258563995361328,46.53228759765625
594.5484025254137,429.7301539040988,27.86166000366211,47.56181335449219
594.6956023504792,429.28855442890233,27.86166000366211,47.56181335449219
593.6652035750208,430.02455355422984,27.86166000366211,47.56181335449219
594.1068030502173,429.28855442890233,27.86166000366211,47.56181335449219
594.5484025254138,429.7301539040988,27.86166000366211,47.56181335449219
594.9900020006104,428.6997551286403,27.86166000366211,47.56181335449219
594.2540028752829,430.3189532043608,27.86166000366211,47.56181335449219
594.6956023504795,428.9941547787713,27.86166000366211,47.56181335449219
593.959603225152,428.2581556534438,27.86166000366211,47.56181335449219
594.4012027003486,428.6997551286403,27.86166000366211,47.56181335449219
595.137201825676,429.14135460383676,27.86166000366211,47.56181335449219
594.6956023504795,428.1109558283782,27.86166000366211,47.56181335449219
594.2540028752829,427.66935635318174,27.86166000366211,47.56181335449219
594.9900020006104,428.40535547850925,27.86166000366211,47.56181335449219
594.2540028752829,427.3749567030507,27.86166000366211,47.56181335449219
594.6956023504795,427.2277568779852,27.86166000366211,47.56181335449219
593.959603225152,427.0805570529197,27.86166000366211,47.56181335449219
594.4012027003486,426.6389575777232,27.86166000366211,47.56181335449219
594.8428021755451,427.0805570529197,27.86166000366211,47.56181335449219
593.8124034000866,426.05015827746115,27.86166000366211,47.56181335449219
593.9596032251521,426.19735810252666,27.86166000366211,47.56181335449219
594.1068030502176,426.3445579275922,27.86166000366211,47.56181335449219
593.9596032251521,426.19735810252666,27.86166000366211,47.56181335449219
594.1068030502176,425.7557586273302,27.86166000366211,47.56181335449219
593.9596032251521,425.3141591521337,27.86166000366211,47.56181335449219
594.1068030502176,425.4613589771992,27.86166000366211,47.56181335449219
594.2540028752832,425.3141591521337,27.86166000366211,47.56181335449219
593.5579265153618,425.1118977960654,27.267501831054688,46.547542572021484
593.9901087487378,425.2559585405241,27.267501831054688,46.547542572021484
594.7104124710313,424.823776307148,27.267501831054688,46.547542572021484
594.2782302376553,424.39159407377196,27.267501831054688,46.547542572021484
595.2866554488661,424.2475333293133,27.267501831054688,46.547542572021484
595.1425947044074,423.8153510959372,27.267501831054688,46.547542572021484
594.9985339599488,423.0950473736438,27.267501831054688,46.547542572021484
594.5663517265727,423.2391081181025,27.267501831054688,46.547542572021484
594.4222909821141,422.8069258847264,27.267501831054688,46.547542572021484
593.9901087487381,422.086622162433,27.267501831054688,46.547542572021484
594.9985339599489,421.65443992905693,27.267501831054688,46.547542572021484
593.9495716617902,421.2889703189865,27.87079620361328,47.57740783691406
594.09681975022,421.43621840741633,27.87079620361328,47.57740783691406
594.5385640155095,420.9944741421268,27.87079620361328,47.57740783691406
594.9803082807989,420.25823369997767,27.87079620361328,47.57740783691406
594.2440678386497,420.11098561154785,27.87079620361328,47.57740783691406
594.6858121039392,419.66924134625833,27.87079620361328,47.57740783691406
593.94957166179,419.5219932578285,27.87079620361328,47.57740783691406
594.6858121039392,419.080248992539,27.87079620361328,47.57740783691406
594.2440678386497,418.34400855038984,27.87079620361328,47.57740783691406
594.9803082807989,418.19676046196,27.87079620361328,47.57740783691406
594.5385640155095,417.7550161966705,27.87079620361328,47.57740783691406
595.2748044576587,416.72427957766166,27.87079620361328,47.57740783691406
595.1275563692288,415.9880391355125,27.87079620361328,47.57740783691406
594.6858121039394,415.8407910470827,27.87079620361328,47.57740783691406
594.2440678386499,415.10455060493354,27.87079620361328,47.57740783691406
595.2748044576588,415.25179869336336,27.87079620361328,47.57740783691406
595.7165487229482,414.81005442807384,27.87079620361328,47.57740783691406
594.3913159270797,414.0738139859247,27.87079620361328,47.57740783691406
595.4220525460886,413.6320697206352,27.87079620361328,47.57740783691406
594.7257478286099,413.99744518283546,27.276443481445312,46.56280517578125
595.446287721571,413.56512124705876,27.276443481445312,46.56280517578125
594.7257478286099,413.42101326846654,27.276443481445312,46.56280517578125
595.446287721571,412.98868933268983,27.276443481445312,46.56280517578125
595.0139637857943,411.9799334825442,27.276443481445312,46.56280517578125
595.7345036787555,411.835825503952,27.276443481445312,46.56280517578125
595.0139637857943,411.11528561099084,27.276443481445312,46.56280517578125
595.7345036787555,410.68296167521413,27.276443481445312,46.56280517578125
595.3021797429788,410.82706965380635,27.276443481445312,46.56280517578125
596.0227196359399,409.8183138036607,27.276443481445312,46.56280517578125
595.8786116573476,409.0977739106996,27.276443481445312,46.56280517578125
595.7345036787553,408.66544997492286,27.276443481445312,46.56280517578125
595.8786116573476,408.52134199633065,27.276443481445312,46.56280517578125
595.7345036787553,408.37723401773843,27.276443481445312,46.56280517578125
595.8786116573476,407.6566941247773,27.276443481445312,46.56280517578125
596.0227196359399,407.2243701890006,27.276443481445312,46.56280517578125
596.1668276145322,406.50383029603944,27.276443481445312,46.56280517578125
596.3109355931244,406.07150636026273,27.276443481445312,46.56280517578125
596.7432595289011,405.3509664673016,27.276443481445312,46.56280517578125
595.7345036787556,404.63042657434045,27.276443481445312,46.56280517578125
595.8786116573478,404.77453455293266,27.276443481445312,46.56280517578125
596.3109355931246,403.4775627456026,27.276443481445312,46.56280517578125
596.1850770189527,403.5573478253004,26.694765090942383,45.56983947753906
595.7619725213245,403.6983826578431,26.694765090942383,45.56983947753906
596.4671466840382,403.2752781602149,26.694765090942383,45.56983947753906
596.6081815165809,402.57010399750123,26.694765090942383,45.56983947753906
596.1850770189527,402.146999499873,26.694765090942383,45.56983947753906
595.7619725213245,401.15975567207386,26.694765090942383,45.56983947753906
596.4671466840382,400.4545815093602,26.694765090942383,45.56983947753906
596.3261118514955,400.59561634190294,26.694765090942383,45.56983947753906
595.9030073538673,400.1725118442747,26.694765090942383,45.56983947753906
596.8902511816665,399.18526801647556,26.694765090942383,45.56983947753906
596.2233273632131,399.80710036132893,26.125492095947266,44.59804916381836
596.6374090299882,398.28880091648665,26.125492095947266,44.59804916381836
597.3275451412802,398.15077369422823,26.125492095947266,44.59804916381836
596.6374090299882,397.73669202745305,26.125492095947266,44.59804916381836
597.3275451412802,396.49444702712753,26.125492095947266,44.59804916381836
596.9134634745051,396.9085286939027,26.125492095947266,44.59804916381836
597.603599585797,395.942338138094,26.125492095947266,44.59804916381836
596.9134634745051,395.5282564713188,26.125492095947266,44.59804916381836
597.603599585797,395.3902292490604,26.125492095947266,44.59804916381836
597.4655723635386,394.9761475822852,26.125492095947266,44.59804916381836
597.0514906967635,394.00995702647646,26.125492095947266,44.59804916381836
596.9134634745051,393.3198209151845,26.125492095947266,44.59804916381836
598.1557084748306,393.1817936929261,26.125492095947266,44.59804916381836
596.9134634745051,392.4916575816341,26.125492095947266,44.59804916381836
597.8796540303138,392.0775759148589,26.125492095947266,44.59804916381836
598.2937356970889,391.38743980356696,26.125492095947266,44.59804916381836
597.3275451412802,390.697303692275,26.125492095947266,44.59804916381836
597.7416268080553,391.1113853590502,26.125492095947266,44.59804916381836
598.1557084748305,390.14519480324145,26.125492095947266,44.59804916381836
597.4655723635385,389.1790042474327,26.125492095947266,44.59804916381836
597.8796540303136,388.7649225806575,26.125492095947266,44.59804916381836
598.2937356970888,388.07478646936556,26.125492095947266,44.59804916381836
598.1557084748304,387.6607048025904,26.125492095947266,44.59804916381836
597.4655723635384,387.7987320248488,26.125492095947266,44.59804916381836
598.1557084748304,386.5564870245233,26.125492095947266,44.59804916381836
597.7416268080552,386.41845980226486,26.125492095947266,44.59804916381836
598.4317629193472,386.0043781354897,26.125492095947266,44.59804916381836
598.2937356970888,385.03818757968094,26.125492095947266,44.59804916381836
598.4317629193472,384.62410591290575,26.125492095947266,44.59804916381836
598.5697901416056,384.48607869064733,26.125492095947266,44.59804916381836
597.9170894501548,383.7642666437586,25.568357467651367,43.6469841003418
598.5925082010011,383.08884789291227,25.568357467651367,43.6469841003418
599.2679269518475,382.4134291420659,25.568357467651367,43.6469841003418
598.5925082010011,382.27834539189666,25.568357467651367,43.6469841003418
599.538094452186,381.8730941413889,25.568357467651367,43.6469841003418
599.1328432016782,380.927507890204,25.568357467651367,43.6469841003418
598.4574244508318,380.2520891393577,25.568357467651367,43.6469841003418
599.4030107020167,379.8468378888499,25.568357467651367,43.6469841003418
599.2679269518474,379.17141913800356,25.568357467651367,43.6469841003418
599.132843201678,378.7661678874958,25.568357467651367,43.6469841003418
599.2679269518474,377.8205816363109,25.568357467651367,43.6469841003418
599.132843201678,376.87499538512606,25.568357467651367,43.6469841003418
599.5380944521859,376.4697441346183,25.568357467651367,43.6469841003418
599.9433457026937,376.60482788478754,25.568357467651367,43.6469841003418
598.9977594515088,375.9294091339412,25.568357467651367,43.6469841003418
599.6731782023552,374.4434878820793,25.568357467651367,43.6469841003418
600.61876445354,374.30840413191004,25.568357467651367,43.6469841003418
600.4836807033707,373.90315288140226,25.568357467651367,43.6469841003418
600.0784294528629,372.6873991298789,25.568357467651367,43.6469841003418
599.9433457026936,372.01198037903254,25.568357467651367,43.6469841003418
600.3485969532014,371.3365616281862,25.568357467651367,43.6469841003418
600.4836807033707,370.9313103776784,25.568357467651367,43.6469841003418
600.8889319538786,369.71555662615503,25.568357467651367,43.6469841003418
599.9433457026937,368.76997037497017,25.568357467651367,43.6469841003418
600.61876445354,368.0945516241238,25.568357467651367,43.6469841003418
601.5643507047249,367.14896537293896,25.568357467651367,43.6469841003418
601.6994344548942,366.4735466220926,25.568357467651367,43.6469841003418
601.8345182050635,366.06829537158484,25.568357467651367,43.6469841003418
600.8889319538787,364.85254162006146,25.568357467651367,43.6469841003418
601.2941832043865,363.9069553688766,25.568357467651367,43.6469841003418
601.9696019552329,362.6912016173532,25.568357467651367,43.6469841003418
601.564350704725,362.01578286650687,25.568357467651367,43.6469841003418
602.5099369559099,361.070196615322,25.568357467651367,43.6469841003418
602.6450207060792,360.66494536481423,25.568357467651367,43.6469841003418
602.7801044562485,360.25969411430646,25.568357467651367,43.6469841003418
602.1046857054022,358.77377286244456,25.568357467651367,43.6469841003418
602.50993695591,357.28785161058266,25.568357467651367,43.6469841003418
603.1853557067564,356.8826003600749,25.568357467651367,43.6469841003418
602.50993695591,355.6668466085515,25.568357467651367,43.6469841003418
603.4555232070949,355.26159535804373,25.568357467651367,43.6469841003418
603.3375464689786,354.0343727596785,25.023103713989258,42.7161979675293
603.9985617115237,352.84454532309724,25.023103713989258,42.7161979675293
603.8663586630147,351.919123983534,25.023103713989258,42.7161979675293
603.7341556145057,350.9937026439708,25.023103713989258,42.7161979675293
603.8663586630147,350.33268740142563,25.023103713989258,42.7161979675293
604.2629678085418,349.4072660618624,25.023103713989258,42.7161979675293
604.6595769540689,348.4818447222992,25.023103713989258,42.7161979675293
603.9985617115238,347.55642338273594,25.023103713989258,42.7161979675293
604.6595769540689,346.8954081401908,25.023103713989258,42.7161979675293
603.9985617115238,345.44117460659146,25.023103713989258,42.7161979675293
604.6595769540689,344.7801593640463,25.023103713989258,42.7161979675293
603.9985617115238,343.325925830447,25.023103713989258,42.7161979675293
604.923983051087,342.66491058790183,25.023103713989258,42.7161979675293
604.5273739055599,341.2106770543025,25.023103713989258,42.7161979675293
604.923983051087,340.54966181175735,25.023103713989258,42.7161979675293
605.3205921966141,339.6242404721941,25.023103713989258,42.7161979675293
605.7172013421413,338.6988191326309,25.023103713989258,42.7161979675293
604.7917800025781,336.71577340499545,25.023103713989258,42.7161979675293
605.1883891481052,336.0547581624503,25.023103713989258,42.7161979675293
605.8494043906503,335.12933682288707,25.023103713989258,42.7161979675293
605.7172013421413,334.20391548332384,25.023103713989258,42.7161979675293
605.5849982936322,333.0140880467426,25.023103713989258,42.7161979675293
605.7172013421413,331.82426061016133,25.023103713989258,42.7161979675293
605.8494043906503,330.6344331735801,25.023103713989258,42.7161979675293
605.9816074391593,330.237824028053,25.023103713989258,42.7161979675293
606.6426226817044,328.7835904944537,25.023103713989258,42.7161979675293
605.9816074391593,327.5937630578724,25.023103713989258,42.7161979675293
606.9070287787225,327.19715391234536,25.023103713989258,42.7161979675293
606.7748257302135,326.0073264757641,25.023103713989258,42.7161979675293
606.9070287787225,324.81749903918285,25.023103713989258,42.7161979675293
607.0392318272316,323.3632655055835,25.023103713989258,42.7161979675293
607.4358409727587,322.96665636005645,25.023103713989258,42.7161979675293
607.8324501182858,321.5124228264571,25.023103713989258,42.7161979675293
607.1714348757407,321.11581368093005,25.023103713989258,42.7161979675293
607.5680440212678,319.6615801473307,25.023103713989258,42.7161979675293
607.1714348757407,318.2073466137314,25.023103713989258,42.7161979675293
608.0968562153039,317.8107374682043,25.023103713989258,42.7161979675293
607.4716961643452,317.3742323168428,24.489479064941406,41.80526351928711
608.1186150577421,316.46854586608714,24.489479064941406,41.80526351928711
608.765533951139,315.5628594153315,24.489479064941406,41.80526351928711
608.3773826151008,314.39840540721707,24.489479064941406,41.80526351928711
608.2479988364214,313.23395139910264,24.489479064941406,41.80526351928711
609.153685287177,311.81072983362947,24.489479064941406,41.80526351928711
608.7912717079371,311.38353404260323,23.967233657836914,40.913753509521484
609.4243948610772,310.4971616282071,23.967233657836914,40.913753509521484
609.0445209691932,309.3575399525549,23.967233657836914,40.913753509521484
608.6646470773092,308.47116753815874,23.967233657836914,40.913753509521484
609.5510194917053,307.0782966012505,23.967233657836914,40.913753509521484
609.6776441223334,305.93867492559826,23.967233657836914,40.913753509521484
609.5670548113025,305.7646845211456,23.456125259399414,40.041255950927734
610.434525066982,303.9058196875467,23.456125259399414,40.041255950927734
610.0627521002622,303.0383494318672,23.456125259399414,40.041255950927734
609.9388277780222,302.17087917618767,23.456125259399414,40.041255950927734
609.8149034557822,301.30340892050816,23.456125259399414,40.041255950927734
609.9388277780222,300.43593866482865,23.456125259399414,40.041255950927734
610.310600744742,299.3206197646693,23.456125259399414,40.041255950927734
610.6823737114619,298.2053008645099,23.456125259399414,40.041255950927734
610.8062980337019,296.8421333198707,23.456125259399414,40.041255950927734
609.9388277780223,295.4789657752315,23.456125259399414,40.041255950927734
610.3106007447421,294.8593441640318,23.456125259399414,40.041255950927734
610.682373711462,293.0004793304329,23.456125259399414,40.041255950927734
611.3019953226617,291.8851604302735,23.456125259399414,40.041255950927734
610.4345250669821,290.76984153011415,23.456125259399414,40.041255950927734
611.0541466781818,289.6545226299548,23.456125259399414,40.041255950927734
610.1866764225023,288.7870523742753,23.456125259399414,40.041255950927734
610.806298033702,287.42388482963605,23.456125259399414,40.041255950927734
610.1866764225023,287.2999605073961,23.456125259399414,40.041255950927734
610.5584493892221,285.9367929627569,23.456125259399414,40.041255950927734
611.1780710004218,284.82147406259753,23.456125259399414,40.041255950927734
610.3106007447423,283.954003806918,23.456125259399414,40.041255950927734
610.930222355942,282.83868490675866,23.456125259399414,40.041255950927734
610.5584493892221,282.219063295559,23.456125259399414,40.041255950927734
611.1780710004218,281.59944168435936,23.456125259399414,40.041255950927734
610.5584493892221,280.4841227842,23.456125259399414,40.041255950927734
611.4259196449017,279.6166525285205,23.456125259399414,40.041255950927734
610.5584493892221,278.99703091732084,23.456125259399414,40.041255950927734
611.4259196449017,279.1209552395608,23.456125259399414,40.041255950927734
611.5498439671417,278.5013336283611,23.456125259399414,40.041255950927734
611.2027232219674,277.61438383980783,22.955915451049805,39.18736267089844
610.8388784257427,277.9782286360325,22.955915451049805,39.18736267089844
611.4452864194504,276.4015678523922,22.955915451049805,39.18736267089844
610.8388784257427,276.52284945113377,22.955915451049805,39.18736267089844
611.6878496169336,276.1590046549091,22.955915451049805,39.18736267089844
611.0814416232258,275.5525966612013,22.955915451049805,39.18736267089844
610.7175968270011,275.1887518649766,22.955915451049805,39.18736267089844
611.566568018192,274.5823438712688,22.955915451049805,39.18736267089844
610.9601600244843,274.94618866749346,22.955915451049805,39.18736267089844
611.8091312156752,273.8546542788194,22.955915451049805,39.18736267089844
611.2027232219674,274.21849907504406,22.955915451049805,39.18736267089844
610.5963152282596,273.61209108133625,22.955915451049805,39.18736267089844
611.2027232219674,273.2482462851116,22.955915451049805,39.18736267089844
610.8388784257427,272.8844014888869,22.955915451049805,39.18736267089844
611.6878496169336,273.0056830876285,22.955915451049805,39.18736267089844
610.64674342918,272.3714427067891,22.466373443603516,38.351680755615234
611.7150005182401,271.7779665462001,22.466373443603516,38.351680755615234
611.833695750358,271.8966617783179,22.466373443603516,38.351680755615234
611.0028291255334,270.59101422502215,22.466373443603516,38.351680755615234
611.1215243576512,270.7097094571399,22.466373443603516,38.351680755615234
611.240219589769,270.8284046892577,22.466373443603516,38.351680755615234
611.5963052861224,269.28536667172636,22.466373443603516,38.351680755615234
611.9523909824758,269.1666714396086,22.466373443603516,38.351680755615234
610.8841338934157,268.5731952790196,22.466373443603516,38.351680755615234
611.240219589769,268.45450004690184,22.466373443603516,38.351680755615234
611.5963052861224,268.09841435054847,22.466373443603516,38.351680755615234
611.7150005182402,267.2675477257239,22.466373443603516,38.351680755615234
612.0710862145936,266.6740715651349,22.466373443603516,38.351680755615234
611.0028291255335,266.55537633301714,22.466373443603516,38.351680755615234
611.3589148218869,266.19929063666376,22.466373443603516,38.351680755615234
611.4776100540047,265.3684240118392,22.466373443603516,38.351680755615234
611.3589148218869,265.48711924395695,22.466373443603516,38.351680755615234
611.240219589769,265.1310335476036,22.466373443603516,38.351680755615234
611.1215243576512,264.7749478512502,22.466373443603516,38.351680755615234
611.240219589769,264.893643083368,22.466373443603516,38.351680755615234
611.3589148218869,263.58799553007225,22.466373443603516,38.351680755615234
611.0028291255335,263.9440812264256,22.466373443603516,38.351680755615234
610.1719625007089,263.35060506583665,22.466373443603516,38.351680755615234
611.0028291255335,263.4693002979544,22.466373443603516,38.351680755615234
610.4093529649444,263.8253859943078,22.466373443603516,38.351680755615234
611.240219589769,264.18147169066117,22.466373443603516,38.351680755615234
610.64674342918,265.7245097081925,22.466373443603516,38.351680755615234
611.4776100540046,268.4545000469018,22.466373443603516,38.351680755615234
610.4093529649444,268.81058574325516,22.466373443603516,38.351680755615234
611.0028291255335,269.16667143960854,22.466373443603516,38.351680755615234
610.1719625007089,269.2853666717263,22.466373443603516,38.351680755615234
610.7654386612979,269.8788428323153,22.466373443603516,38.351680755615234
611.358914821887,270.70970945713987,22.466373443603516,38.351680755615234
610.5280481970624,272.4901379389068,22.466373443603516,38.351680755615234
610.8841338934158,273.3210045637314,22.466373443603516,38.351680755615234
609.8158768043556,274.15187118855596,22.466373443603516,38.351680755615234
609.6971815722378,274.98273781338054,22.466373443603516,38.351680755615234
610.7654386612979,276.28838536667627,22.466373443603516,38.351680755615234
611.1215243576513,279.25576616962115,22.466373443603516,38.351680755615234
609.57848634012,282.22314697256604,22.466373443603516,38.351680755615234
610.4093529649446,285.90269916821774,22.466373443603516,38.351680755615234
610.0532672685912,288.632689506927,22.466373443603516,38.351680755615234
609.4597911080022,291.8374607741075,22.466373443603516,38.351680755615234
610.0532672685912,292.6683273989321,22.466373443603516,38.351680755615234
608.9850101795311,296.82266052305494,22.466373443603516,38.351680755615234
609.1037054116489,300.50221271870663,22.466373443603516,38.351680755615234
609.2288519128332,303.7712686186633,21.98727035522461,37.53382110595703
609.8096720155397,307.14002521436123,21.98727035522461,37.53382110595703
608.9965238717506,309.8117976868113,21.98727035522461,37.53382110595703
609.1126878922919,311.78658603601355,21.98727035522461,37.53382110595703
609.2288519128332,314.69068654954623,21.98727035522461,37.53382110595703
609.1126878922919,318.05944314524413,21.98727035522461,37.53382110595703
609.2288519128332,321.1958716998594,21.98727035522461,37.53382110595703
608.8803598512093,323.8676441723095,21.98727035522461,37.53382110595703
608.764195830668,326.07476056259435,21.98727035522461,37.53382110595703
608.4157037690441,328.0495489117966,21.98727035522461,37.53382110595703
608.9965238717506,329.7920092199162,21.98727035522461,37.53382110595703
608.1833757279614,331.9991256102011,21.98727035522461,37.53382110595703
608.764195830668,334.20624200048593,21.98727035522461,37.53382110595703
607.9510476868788,336.18103034968817,21.98727035522461,37.53382110595703
608.5318677895854,337.6911626167252,21.98727035522461,37.53382110595703
607.4863916047136,340.36293508917527,21.98727035522461,37.53382110595703
608.5318677895854,341.1760832329644,21.98727035522461,37.53382110595703
607.254063563631,341.7569033356709,21.98727035522461,37.53382110595703
608.2995397485028,342.33772343837745,21.98727035522461,37.53382110595703
608.4157037690441,343.61552766433186,21.98727035522461,37.53382110595703
608.5318677895854,344.8933318902863,21.98727035522461,37.53382110595703
607.0217355225484,345.4741519929928,21.98727035522461,37.53382110595703
607.8348836663375,346.51962817786455,21.98727035522461,37.53382110595703
607.0217355225484,347.3327763216537,21.98727035522461,37.53382110595703
607.8348836663375,347.9135964243602,21.98727035522461,37.53382110595703
607.254063563631,347.3327763216537,21.98727035522461,37.53382110595703
608.0672117074201,347.6812683832776,21.98727035522461,37.53382110595703
607.7187196457962,347.7974324038189,21.98727035522461,37.53382110595703
607.3702275841723,346.2873001367819,21.98727035522461,37.53382110595703
608.1833757279614,346.8681202394884,21.98727035522461,37.53382110595703
607.6025556252549,346.05497209569927,21.98727035522461,37.53382110595703
607.0217355225484,345.70648003407535,21.98727035522461,37.53382110595703
607.6025556252549,346.05497209569927,21.98727035522461,37.53382110595703
607.254063563631,344.31251178757964,21.98727035522461,37.53382110595703
608.0672117074201,344.42867580812094,21.98727035522461,37.53382110595703
607.2939665292636,344.4929892719898,21.51838493347168,36.733402252197266
607.6350268927059,343.2424346060347,21.51838493347168,36.733402252197266
607.9760872561483,343.1287478182206,21.51838493347168,36.733402252197266
607.1802797414496,343.46980818166287,21.51838493347168,36.733402252197266
607.5213401048919,342.90137424259234,21.51838493347168,36.733402252197266
607.635026892706,343.46980818166287,21.51838493347168,36.733402252197266
607.9760872561484,343.81086854510517,21.51838493347168,36.733402252197266
606.7255325901933,344.3793024841757,21.51838493347168,36.733402252197266
607.7487136805203,344.9477364232462,21.51838493347168,36.733402252197266
606.4981590145652,346.19829108920135,21.51838493347168,36.733402252197266
607.5213401048921,346.7667250282719,21.51838493347168,36.733402252197266
607.1802797414498,349.154147572368,21.51838493347168,36.733402252197266
607.0665929536357,349.9499550870667,21.51838493347168,36.733402252197266
606.270785438937,351.42788332865,21.51838493347168,36.733402252197266
606.8392193780074,351.99631726772054,21.51838493347168,36.733402252197266
606.270785438937,353.24687193367566,21.51838493347168,36.733402252197266
606.8392193780074,354.0426794483744,21.51838493347168,36.733402252197266
605.8160382876805,355.52060768995767,21.51838493347168,36.733402252197266
606.1570986511229,356.3164152046564,21.51838493347168,36.733402252197266
606.4981590145652,357.1122227193551,21.51838493347168,36.733402252197266
607.2939665292639,358.5901509609384,21.51838493347168,36.733402252197266
605.8160382876806,359.3859584756371,21.51838493347168,36.733402252197266
606.157098651123,359.9543924147076,21.51838493347168,36.733402252197266
606.0434118633088,360.97757350503457,21.51838493347168,36.733402252197266
605.2476043486101,362.0007545953615,21.51838493347168,36.733402252197266
606.0434118633088,362.7965621100602,21.51838493347168,36.733402252197266
605.2476043486101,363.1376224735025,21.51838493347168,36.733402252197266
605.8160382876806,360.97757350503457,21.51838493347168,36.733402252197266
604.3381100460973,361.7733810197333,21.51838493347168,36.733402252197266
605.5886647120524,361.20494708066275,21.51838493347168,36.733402252197266
606.1570986511229,359.72701883907945,21.51838493347168,36.733402252197266
604.6791704095396,360.06807920252174,21.51838493347168,36.733402252197266
605.4749779242383,360.18176599033586,21.51838493347168,36.733402252197266
604.6791704095396,357.79434344623974,21.51838493347168,36.733402252197266
605.24760434861,358.36277738531027,21.51838493347168,36.733402252197266
604.4517968339113,357.11222271935515,21.51838493347168,36.733402252197266
605.0202307729818,357.6806566584257,21.51838493347168,36.733402252197266
603.7696761070267,355.97535484121414,21.51838493347168,36.733402252197266
604.1107364704691,356.5437887802847,21.51838493347168,36.733402252197266
604.4517968339114,354.83848696307314,21.51838493347168,36.733402252197266
604.5654836217255,355.40692090214367,21.51838493347168,36.733402252197266
604.4517968339114,353.47424550930396,21.51838493347168,36.733402252197266
604.3381100460973,353.5879322971181,21.51838493347168,36.733402252197266
603.997049682655,353.01949835804754,21.51838493347168,36.733402252197266
603.6559893192126,353.13318514586166,21.51838493347168,36.733402252197266
604.2244232582831,352.1100040555347,21.51838493347168,36.733402252197266
603.2012421679561,351.7689436920924,21.51838493347168,36.733402252197266
603.5423025313985,350.5183890261373,21.51838493347168,36.733402252197266
603.6559893192126,349.94995508706677,21.51838493347168,36.733402252197266
603.7696761070267,350.0636418748809,21.51838493347168,36.733402252197266
602.2917478654434,349.7225815114386,21.51838493347168,36.733402252197266
603.3149289557704,348.2446532698553,21.51838493347168,36.733402252197266
602.2917478654434,347.4488457551566,21.51838493347168,36.733402252197266
602.6328082288858,347.5625325429707,21.51838493347168,36.733402252197266
602.9738685923281,346.99409860390017,21.51838493347168,36.733402252197266
601.7233139263731,347.1077853917143,21.51838493347168,36.733402252197266
602.5191214410718,345.85723072575917,21.51838493347168,36.733402252197266
601.7233139263731,345.51617036231687,21.51838493347168,36.733402252197266
602.5191214410718,344.03824212073357,21.51838493347168,36.733402252197266
601.7233139263731,344.6066760598041,21.51838493347168,36.733402252197266
602.0643742898154,343.1287478182208,21.51838493347168,36.733402252197266
600.5864460482321,343.4698081816631,21.51838493347168,36.733402252197266
601.6096271385591,341.5371327888234,21.51838493347168,36.733402252197266
601.2685667751167,341.8781931522657,21.51838493347168,36.733402252197266
600.7001328360462,341.76450636445156,21.51838493347168,36.733402252197266
601.495940350745,340.28657812286826,21.51838493347168,36.733402252197266
600.7001328360462,339.2633970325413,21.51838493347168,36.733402252197266
601.2685667751167,339.37708382035544,21.51838493347168,36.733402252197266
600.2453856847898,338.1265291544003,21.51838493347168,36.733402252197266
600.8138196238602,338.69496309347085,21.51838493347168,36.733402252197266
599.5632649579052,337.21703485188755,21.51838493347168,36.733402252197266
600.5864460482321,336.1938537615606,21.51838493347168,36.733402252197266
600.7001328360462,336.3075405493747,21.51838493347168,36.733402252197266
600.819997805673,335.7130178571924,21.059499740600586,35.950050354003906
600.0411611259262,336.26932977129724,21.059499740600586,35.950050354003906
600.3749482743891,334.60039402898286,21.059499740600586,35.950050354003906
600.708735422852,334.93418117744574,21.059499740600586,35.950050354003906
599.4848492118215,334.8229187946248,21.059499740600586,35.950050354003906
599.5961115946425,333.8215573492362,21.059499740600586,35.950050354003906
599.7073739774635,333.71029496641523,21.059499740600586,35.950050354003906
599.3735868290006,332.93145828666854,21.059499740600586,35.950050354003906
600.1524235087473,332.37514637256373,21.059499740600586,35.950050354003906
599.3735868290006,330.9287353958913,21.059499740600586,35.950050354003906
599.9298987431054,331.4850473099961,21.059499740600586,35.950050354003906
598.9285372977167,330.26116109896554,21.059499740600586,35.950050354003906
599.4848492118215,330.1498987161446,21.059499740600586,35.950050354003906
598.4834877664329,328.92601250511404,21.059499740600586,35.950050354003906
599.0397996805376,329.48232441921886,21.059499740600586,35.950050354003906
599.1510620633586,328.48096297383023,21.059499740600586,35.950050354003906
599.4848492118215,328.14717582536736,21.059499740600586,35.950050354003906
598.260963000791,327.14581437997873,21.059499740600586,35.950050354003906
599.2623244461796,326.5895024658739,21.059499740600586,35.950050354003906
599.3735868290006,326.70076484869486,21.059499740600586,35.950050354003906
599.0397996805377,326.14445293459005,21.059499740600586,35.950050354003906
598.483487766433,324.6980419579176,21.059499740600586,35.950050354003906
597.9271758523282,325.0318291063805,21.059499740600586,35.950050354003906
598.483487766433,323.3628933640661,21.059499740600586,35.950050354003906
597.4821263210443,323.696680512529,21.059499740600586,35.950050354003906
597.8159134695072,323.58541812970805,21.059499740600586,35.950050354003906
598.372225383612,323.02910621560324,21.059499740600586,35.950050354003906
598.7060125320749,321.5826952389308,21.059499740600586,35.950050354003906
597.4821263210443,321.91648238739367,21.059499740600586,35.950050354003906
598.0384382351491,322.0277447702146,21.059499740600586,35.950050354003906
598.372225383612,319.6912347309745,21.059499740600586,35.950050354003906
598.483487766433,320.2475466450793,21.059499740600586,35.950050354003906
597.2596015554025,318.5786109027649,21.059499740600586,35.950050354003906
598.2609630007911,318.9123980512278,21.059499740600586,35.950050354003906
598.3722253836121,318.80113566840686,21.059499740600586,35.950050354003906
598.4834877664331,317.1321999260925,21.059499740600586,35.950050354003906
597.0370767897606,315.9083137150619,21.059499740600586,35.950050354003906
598.0384382351492,316.6871503948086,21.059499740600586,35.950050354003906
597.2596015554025,314.79568988685236,21.059499740600586,35.950050354003906
598.4493194608008,315.50073610902126,20.61039924621582,35.18340301513672
598.1226504238172,313.21405285013606,20.61039924621582,35.18340301513672
598.0137607448227,313.75850124510873,20.61039924621582,35.18340301513672
597.2515329918609,311.90737670220165,20.61039924621582,35.18340301513672
598.0137607448227,312.0162663811962,20.61039924621582,35.18340301513672
597.0337536338718,310.3829211962782,20.61039924621582,35.18340301513672
597.3604226708554,310.7095902332618,20.61039924621582,35.18340301513672
597.4693123498499,308.64068633236565,20.61039924621582,35.18340301513672
597.1426433128663,308.5317966533711,20.61039924621582,35.18340301513672
596.8159742758827,306.89845146845306,20.61039924621582,35.18340301513672
596.053746522921,307.0073411474476,20.61039924621582,35.18340301513672
596.5981949178936,306.89845146845306,20.61039924621582,35.18340301513672
596.9248639548772,305.4828856415241,20.61039924621582,35.18340301513672
595.9448568439263,304.72065788856236,20.61039924621582,35.18340301513672
596.27152588091,303.9584301356006,20.61039924621582,35.18340301513672
596.5981949178936,304.0673198145952,20.61039924621582,35.18340301513672
596.9248639548772,303.0873127036444,20.61039924621582,35.18340301513672
595.5092981279482,302.32508495068265,20.61039924621582,35.18340301513672
596.27152588091,302.4339746296772,20.61039924621582,35.18340301513672
595.7270774859373,300.147291370792,20.61039924621582,35.18340301513672
595.1826290909647,300.6917397657647,20.61039924621582,35.18340301513672
595.9448568439265,299.05839458084665,20.61039924621582,35.18340301513672
595.1826290909647,299.38506361783027,20.61039924621582,35.18340301513672
595.9271604767375,299.86516629848825,20.170875549316406,34.43310546875
594.9680523126106,297.62724724885874,20.170875549316406,34.43310546875
595.0746198864024,298.16008511781814,20.170875549316406,34.43310546875
595.1811874601942,296.7747066585237,20.170875549316406,34.43310546875
595.2877550339861,297.5206796750669,20.170875549316406,34.43310546875
594.7549171650267,295.70903092060496,20.170875549316406,34.43310546875
595.894433308189,296.5897570351602,19.740726470947266,33.69881057739258
594.5385984618217,295.0253322124287,19.740726470947266,33.69881057739258
595.6858433318248,294.5038572715182,19.740726470947266,33.69881057739258
594.7471884381858,294.6081522597003,19.740726470947266,33.69881057739258
595.4603032066532,293.05748953277396,19.31974983215332,32.98017501831055
595.766515805088,292.1388517374693,19.31974983215332,32.98017501831055
595.4603032066532,292.24092260361425,19.31974983215332,32.98017501831055
594.9499488759284,290.70985961143975,19.31974983215332,32.98017501831055
595.0520197420733,291.2202139421646,19.31974983215332,32.98017501831055
594.7458071436384,289.4850092177002,19.31974983215332,32.98017501831055
595.4603032066532,289.79122181613513,19.31974983215332,32.98017501831055
594.9499488759284,288.87258402083046,19.31974983215332,32.98017501831055
594.0313110806237,288.97465488697543,19.31974983215332,32.98017501831055
594.5416654113485,287.8518753593808,19.31974983215332,32.98017501831055
594.8478780097834,287.1373792963661,19.31974983215332,32.98017501831055
593.5209567498988,284.9938911073218,19.31974983215332,32.98017501831055
594.6437362774934,285.50424543804667,19.31974983215332,32.98017501831055
594.7458071436383,284.1773241781621,19.31974983215332,32.98017501831055
595.0520197420732,283.8711115797272,19.31974983215332,32.98017501831055
593.9292402144786,283.7690407135822,19.31974983215332,32.98017501831055
594.0313110806235,282.44211945369767,19.31974983215332,32.98017501831055
594.1333819467684,281.9317651229728,19.31974983215332,32.98017501831055
594.2354528129133,282.0338359891178,19.31974983215332,32.98017501831055
594.5416654113482,280.09448953236347,19.31974983215332,32.98017501831055
594.6437362774931,280.19656039850844,19.31974983215332,32.98017501831055
594.1333819467683,278.8696391386239,19.31974983215332,32.98017501831055
593.8271693483334,279.37999346934873,19.31974983215332,32.98017501831055
594.5416654113482,277.64478874488435,19.31974983215332,32.98017501831055
594.0313110806234,277.95100134331926,19.31974983215332,32.98017501831055
593.1126732853187,277.0323635480146,19.31974983215332,32.98017501831055
593.8271693483334,275.09301709126026,19.31974983215332,32.98017501831055
594.5416654113482,275.3992296896952,19.31974983215332,32.98017501831055
593.2147441514636,275.50130055584015,19.31974983215332,32.98017501831055
593.9292402144783,274.1743792959556,19.31974983215332,32.98017501831055
593.2147441514636,274.4805918943905,19.31974983215332,32.98017501831055
593.5209567498985,273.15367063450594,19.31974983215332,32.98017501831055
594.2354528129132,273.2557415006509,19.31974983215332,32.98017501831055
593.3168150176085,272.33710370534624,19.31974983215332,32.98017501831055
593.8271693483333,272.64331630378115,19.31974983215332,32.98017501831055
594.1333819467682,272.94952890221606,19.31974983215332,32.98017501831055
593.2147441514635,271.41846591004156,19.31974983215332,32.98017501831055
593.9292402144782,271.7246785084765,19.31974983215332,32.98017501831055
593.0106024191736,272.0308911069114,19.31974983215332,32.98017501831055
593.5209567498983,269.6832611855772,19.31974983215332,32.98017501831055
594.2354528129131,270.3977572485919,19.31974983215332,32.98017501831055
593.3168150176084,268.66255252412753,19.31974983215332,32.98017501831055
594.0313110806231,269.1729068548524,19.31974983215332,32.98017501831055
593.5209567498983,267.84598559496783,19.31974983215332,32.98017501831055
594.439594545203,268.3563399256927,19.31974983215332,32.98017501831055
594.3375236790581,266.8252769335182,19.31974983215332,32.98017501831055
593.8271693483333,267.33563126424303,19.31974983215332,32.98017501831055
594.745807143638,266.0087100043585,19.31974983215332,32.98017501831055
594.8478780097829,266.5190643350833,19.31974983215332,32.98017501831055
593.3168150176084,264.98800134290883,19.31974983215332,32.98017501831055
594.2354528129131,265.4983556736337,19.31974983215332,32.98017501831055
593.9292402144782,264.37557614603907,19.31974983215332,32.98017501831055
594.2354528129131,264.47764701218404,19.31974983215332,32.98017501831055
593.7250984821883,263.3548674845894,19.31974983215332,32.98017501831055
594.439594545203,263.4569383507344,19.31974983215332,32.98017501831055
593.7250984821883,262.94658402000954,19.31974983215332,32.98017501831055
594.643736277493,263.0486548861545,19.31974983215332,32.98017501831055
593.9292402144782,261.1093084294002,19.31974983215332,32.98017501831055
593.0106024191736,261.4155210278351,19.31974983215332,32.98017501831055
593.5209567498983,261.3134501616901,19.31974983215332,32.98017501831055
594.2354528129131,260.1906706340955,19.31974983215332,32.98017501831055
593.1126732853185,260.2927415002405,19.31974983215332,32.98017501831055
593.2147441514634,259.3741037049358,19.31974983215332,32.98017501831055
593.7250984821882,259.6803163033707,19.31974983215332,32.98017501831055
594.031311080623,259.3741037049358,19.31974983215332,32.98017501831055
592.7043898207385,258.04718244505125,19.31974983215332,32.98017501831055
593.4188858837532,258.1492533111962,19.31974983215332,32.98017501831055
593.5209567498981,257.63889898047137,19.31974983215332,32.98017501831055
593.2147441514633,257.9451115789063,19.31974983215332,32.98017501831055
593.1126732853184,258.2513241773412,19.31974983215332,32.98017501831055
592.3981772223036,256.31197772058687,19.31974983215332,32.98017501831055
592.7043898207385,256.8223320513117,19.31974983215332,32.98017501831055
593.4188858837532,257.12854464974663,19.31974983215332,32.98017501831055
592.5002480884485,255.1891981929923,19.31974983215332,32.98017501831055
592.8064606868834,255.90369425600704,19.31974983215332,32.98017501831055
593.1126732853182,256.20990685444195,19.31974983215332,32.98017501831055
591.9898937577236,254.67884386226746,19.31974983215332,32.98017501831055
592.5002480884484,255.3933399252822,19.31974983215332,32.98017501831055
593.0106024191732,254.06641866539763,19.31974983215332,32.98017501831055
592.0919646238685,254.78091472841237,19.31974983215332,32.98017501831055
592.6023189545933,255.29126905913722,19.31974983215332,32.98017501831055
593.1126732853181,253.3519226023829,19.31974983215332,32.98017501831055
592.6023189545933,253.6581352008178,19.31974983215332,32.98017501831055
593.1126732853181,253.96434779925272,19.31974983215332,32.98017501831055
592.3981772223034,254.0664186653977,19.31974983215332,32.98017501831055
593.1126732853181,251.7187887440635,19.31974983215332,32.98017501831055
593.418885883753,252.22914307478834,19.31974983215332,32.98017501831055
593.1126732853181,251.31050527948366,19.31974983215332,32.98017501831055
593.0106024191732,251.61671787791857,19.31974983215332,32.98017501831055
593.520956749898,251.92293047635349,19.31974983215332,32.98017501831055
593.8271693483329,251.61671787791857,19.31974983215332,32.98017501831055
593.9292402144778,250.28979661803402,19.31974983215332,32.98017501831055
592.8064606868832,250.18772575188905,19.31974983215332,32.98017501831055
593.7250984821878,249.6773714211642,19.31974983215332,32.98017501831055
593.8271693483327,249.9835840195991,19.31974983215332,32.98017501831055
594.1333819467676,250.28979661803402,19.31974983215332,32.98017501831055
593.010602419173,248.3504501612797,19.31974983215332,32.98017501831055
593.7250984821877,248.6566627597146,19.31974983215332,32.98017501831055
594.4395945452025,248.96287535814952,19.31974983215332,32.98017501831055
593.5209567498978,249.0649462242945,19.31974983215332,32.98017501831055
593.8271693483326,247.3297414998301,19.31974983215332,32.98017501831055
594.3375236790574,247.84009583055496,19.31974983215332,32.98017501831055
593.6230276160427,248.3504501612798,19.31974983215332,32.98017501831055
594.3375236790574,247.84009583055496,19.31974983215332,32.98017501831055
594.4395945452023,248.3504501612798,19.31974983215332,32.98017501831055
594.5416654113473,247.02352890139525,19.31974983215332,32.98017501831055
594.0313110806225,246.92145803525028,19.31974983215332,32.98017501831055
593.3168150176077,247.43181236597513,19.31974983215332,32.98017501831055
594.4395945452023,247.5338832321201,19.31974983215332,32.98017501831055
594.5416654113473,246.81938716910537,19.31974983215332,32.98017501831055
594.6437362774922,247.12559976754028,19.31974983215332,32.98017501831055
594.3375236790573,246.00282023994566,19.31974983215332,32.98017501831055
593.8271693483325,246.7173163029604,19.31974983215332,32.98017501831055
594.7458071436372,247.0235289013953,19.31974983215332,32.98017501831055
595.256161474362,245.4924659092208,19.31974983215332,32.98017501831055
594.3375236790573,246.00282023994566,19.31974983215332,32.98017501831055
595.052019742072,246.51317457067051,19.31974983215332,32.98017501831055
594.3375236790573,245.59453677536584,19.31974983215332,32.98017501831055
594.8478780097821,245.90074937380075,19.31974983215332,32.98017501831055
594.1333819467674,246.20696197223566,19.31974983215332,32.98017501831055
594.8478780097821,245.08418244464104,19.31974983215332,32.98017501831055
593.9292402144774,245.39039504307596,19.31974983215332,32.98017501831055
594.6437362774922,245.69660764151087,19.31974983215332,32.98017501831055
595.154090608217,246.00282023994578,19.31974983215332,32.98017501831055
594.2354528129123,246.10489110609075,19.31974983215332,32.98017501831055
594.7458071436371,244.57382811391625,19.31974983215332,32.98017501831055
595.2561614743619,245.28832417693098,19.31974983215332,32.98017501831055
594.3375236790572,245.39039504307596,19.31974983215332,32.98017501831055
595.0520197420719,245.49246590922093,19.31974983215332,32.98017501831055
594.5416654113471,245.5945367753659,19.31974983215332,32.98017501831055
595.2561614743619,245.28832417693098,19.31974983215332,32.98017501831055
594.5416654113471,244.77796984620613,19.31974983215332,32.98017501831055
594.8574329394473,244.94261909580285,19.74720001220703,33.709861755371094
593.9184702829216,244.00365643927705,19.74720001220703,33.709861755371094
594.4401162032137,244.52530235956914,19.74720001220703,33.709861755371094
594.9617621235059,244.83828991174443,19.74720001220703,33.709861755371094
593.8141410988633,244.10798562333548,19.74720001220703,33.709861755371094
594.3357870191554,244.62963154362757,19.74720001220703,33.709861755371094
594.6487745713307,244.94261909580285,19.74720001220703,33.709861755371094
593.709811914805,244.00365643927705,19.74720001220703,33.709861755371094
594.2314578350971,244.52530235956914,19.74720001220703,33.709861755371094
594.5444453872724,244.83828991174443,19.74720001220703,33.709861755371094
595.2747496756814,244.52530235956914,19.74720001220703,33.709861755371094
594.3357870191556,245.04694827986123,19.74720001220703,33.709861755371094
595.0660913075646,245.15127746391966,19.74720001220703,33.709861755371094
594.3357870191556,245.25560664797808,19.74720001220703,33.709861755371094
595.2747496756814,245.3599358320365,19.74720001220703,33.709861755371094
595.3790788597398,245.6729233842118,19.74720001220703,33.709861755371094
595.4834080437982,245.1512774639197,19.74720001220703,33.709861755371094
594.5444453872725,245.6729233842118,19.74720001220703,33.709861755371094
595.2747496756815,245.56859420015337,19.74720001220703,33.709861755371094
594.2986055691696,245.73688657451208,20.184106826782227,34.455692291259766
593.765418232891,246.05679897627925,20.184106826782227,34.455692291259766
594.7251554381924,245.73688657451208,20.184106826782227,34.455692291259766
594.612505181747,245.90890197777122,20.630680084228516,35.21802520751953
594.7215020029657,246.01789879898996,20.630680084228516,35.21802520751953
593.0865496846845,246.34488926264618,20.630680084228516,35.21802520751953
594.0675210756533,246.6718797263024,20.630680084228516,35.21802520751953
593.0865496846845,246.78087654752113,20.630680084228516,35.21802520751953
593.8495274332158,246.88987336873987,20.630680084228516,35.21802520751953
592.6505623998096,247.2168638323961,20.630680084228516,35.21802520751953
593.6315337907783,247.76184793848984,20.630680084228516,35.21802520751953
594.176517896872,248.08883840214605,20.630680084228516,35.21802520751953
592.7595592210283,248.41582886580227,20.630680084228516,35.21802520751953
592.4325687573721,248.524825687021,20.630680084228516,35.21802520751953
593.4135401483409,248.85181615067722,20.630680084228516,35.21802520751953
592.6198924765865,249.02763831431395,21.087133407592773,35.997222900390625
592.9541176042511,249.36186344197858,21.087133407592773,35.997222900390625
593.0655259801393,249.91890532141963,21.087133407592773,35.997222900390625
591.6172170935926,250.03031369730786,21.087133407592773,35.997222900390625
592.6198924765864,250.1417220731961,21.087133407592773,35.997222900390625
592.5084841006982,250.25313044908432,21.087133407592773,35.997222900390625
592.6198924765864,250.58735557674896,21.087133407592773,35.997222900390625
592.954117604251,250.47594720086073,21.087133407592773,35.997222900390625
593.2987721869836,250.655658088525,21.553686141967773,36.793663024902344
592.0461660387315,250.76953137472975,21.553686141967773,36.793663024902344
592.6155324697552,251.11115123334395,21.553686141967773,36.793663024902344
593.1848989007789,250.54178480232025,21.553686141967773,36.793663024902344
593.0646047826284,250.72547236891654,22.030561447143555,37.607723236083984
591.3187137926981,251.07465056690262,22.030561447143555,37.607723236083984
591.9006774560082,251.4238287648887,22.030561447143555,37.607723236083984
592.2498556539942,250.60907963625453,22.030561447143555,37.607723236083984
590.736750129388,250.9582578342406,22.030561447143555,37.607723236083984
591.7842847233462,251.3074360322267,22.030561447143555,37.607723236083984
591.9006774560082,251.4238287648887,22.030561447143555,37.607723236083984
591.5514992580222,251.77300696287477,22.030561447143555,37.607723236083984
590.736750129388,251.88939969553678,22.030561447143555,37.607723236083984
591.5514992580222,252.0057924281988,22.030561447143555,37.607723236083984
590.503964664064,252.1221851608608,22.030561447143555,37.607723236083984
591.0859283273742,252.47136335884687,22.030561447143555,37.607723236083984
590.038393733416,251.19104329956468,22.030561447143555,37.607723236083984
590.387571931402,251.77300696287477,22.030561447143555,37.607723236083984
590.736750129388,251.88939969553678,22.030561447143555,37.607723236083984
591.0859283273741,252.0057924281988,22.030561447143555,37.607723236083984
589.8056082680919,252.1221851608608,22.030561447143555,37.607723236083984
590.6487120304172,252.06842284278503,22.517988204956055,38.43979263305664
590.5297441085451,250.99771154593554,22.517988204956055,38.43979263305664
589.1697756845725,251.18961807765913,23.016199111938477,39.2902717590332
589.5345759460033,251.3112181648027,23.016199111938477,39.2902717590332
589.8993762074341,251.4328182519463,23.016199111938477,39.2902717590332
589.7777761202905,251.3112181648027,23.016199111938477,39.2902717590332
589.4129758588597,251.4328182519463,23.016199111938477,39.2902717590332
589.291375771716,251.55441833908986,23.016199111938477,39.2902717590332
588.440175161711,251.4328182519463,23.016199111938477,39.2902717590332
589.0481755974289,251.55441833908986,23.016199111938477,39.2902717590332
587.9537748131366,251.67601842623344,23.016199111938477,39.2902717590332
589.2913757717162,251.79761851337702,23.016199111938477,39.2902717590332
588.1969749874239,251.9192186005206,23.016199111938477,39.2902717590332
588.5617752488547,250.8248178162283,23.016199111938477,39.2902717590332
587.9537748131368,251.43281825194623,23.016199111938477,39.2902717590332
588.8049754231419,251.5544183390898,23.016199111938477,39.2902717590332
588.4401751617111,251.9192186005206,23.016199111938477,39.2902717590332
588.3185750745674,251.5544183390898,23.016199111938477,39.2902717590332
588.947078970082,251.24592991570734,23.525432586669922,40.159568786621094
587.2683636719992,251.44642146216586,24.04593276977539,41.048099517822266
588.4117274172803,251.5734618783082,24.04593276977539,41.048099517822266
588.284687001138,251.44642146216586,24.04593276977539,41.048099517822266
588.665808249565,250.81121938145412,24.04593276977539,41.048099517822266
587.2683636719992,251.1923406298812,24.04593276977539,41.048099517822266
588.4117274172803,250.55713854916945,24.04593276977539,41.048099517822266
588.5387678334226,250.93825979759652,24.04593276977539,41.048099517822266
586.887242423572,251.31938104602358,24.04593276977539,41.048099517822266
587.7765253365685,250.43009813302712,24.04593276977539,41.048099517822266
587.3954040881415,250.55713854916945,24.04593276977539,41.048099517822266
588.284687001138,250.93825979759652,24.04593276977539,41.048099517822266
588.1576465849956,251.06530021373885,24.04593276977539,41.048099517822266
588.284687001138,249.92193646845772,24.04593276977539,41.048099517822266
588.1576465849956,250.55713854916945,24.04593276977539,41.048099517822266
587.5224445042838,250.43009813302712,24.04593276977539,41.048099517822266
587.1413232558568,250.30305771688478,24.04593276977539,41.048099517822266
588.284687001138,250.17601730074244,24.04593276977539,41.048099517822266
587.3954040881415,249.5408152200307,24.04593276977539,41.048099517822266
588.0306061688533,249.66785563617304,24.04593276977539,41.048099517822266
587.1413232558568,249.5408152200307,24.04593276977539,41.048099517822266
587.7765253365686,249.15969397160364,24.04593276977539,41.048099517822266
586.8872424235722,248.77857272317658,24.04593276977539,41.048099517822266
587.522444504284,248.90561313931892,24.04593276977539,41.048099517822266
586.3790807590028,249.03265355546125,24.04593276977539,41.048099517822266
587.522444504284,248.1433706424648,24.04593276977539,41.048099517822266
586.3790807590028,248.27041105860712,24.04593276977539,41.048099517822266
587.7765253365686,248.1433706424648,24.04593276977539,41.048099517822266
586.6331615912875,247.50816856175305,24.04593276977539,41.048099517822266
587.0142828397145,247.6352089778954,24.04593276977539,41.048099517822266
587.4072966213778,247.576528340033,24.57794952392578,41.9562873840332
585.9789335825333,246.66757004258653,24.57794952392578,41.9562873840332
587.1475942506788,246.797421227936,24.57794952392578,41.9562873840332
587.2774454360283,247.1869747839845,24.57794952392578,41.9562873840332
585.8490823971838,247.05712359863503,24.57794952392578,41.9562873840332
587.0177430653293,247.1869747839845,24.57794952392578,41.9562873840332
587.1475942506788,247.316825969334,24.57794952392578,41.9562873840332
587.2774454360283,247.44667715468347,24.57794952392578,41.9562873840332
585.8490823971838,245.75861174514,24.57794952392578,41.9562873840332
586.7580406946303,245.1093558183925,24.57794952392578,41.9562873840332
586.3684871385817,245.23920700374197,24.57794952392578,41.9562873840332
586.7701966613005,244.90978576283896,25.121736526489258,42.88457107543945
585.8411276615229,243.98071676306148,25.121736526489258,42.88457107543945
586.5271274699224,243.91940964686324,25.677555084228516,43.83339309692383
586.1201454764663,243.51242765340714,25.677555084228516,43.83339309692383
585.9844848119809,243.64808831789253,25.677555084228516,43.83339309692383
586.3914668054371,242.42714233752423,25.677555084228516,43.83339309692383
586.2481571276531,242.92747076308063,26.245670318603516,44.80320739746094
585.2775220308434,241.95683566627088,26.245670318603516,44.80320739746094
586.2481571276531,242.37282213633222,26.245670318603516,44.80320739746094
585.2775220308434,242.78880860639356,26.245670318603516,44.80320739746094
585.6935085009047,240.98620056946118,26.245670318603516,44.80320739746094
586.109494970966,241.95683566627093,26.245670318603516,44.80320739746094
584.861535560782,242.37282213633227,26.245670318603516,44.80320739746094
586.109494970966,240.5702140993999,26.245670318603516,44.80320739746094
584.861535560782,241.26352488283544,26.245670318603516,44.80320739746094
586.109494970966,240.01556547265147,26.245670318603516,44.80320739746094
584.5842112474079,240.43155194271282,26.245670318603516,44.80320739746094
585.5548463442176,240.57021409939995,26.245670318603516,44.80320739746094
585.1388598741563,239.5995790025902,26.245670318603516,44.80320739746094
584.1682247773466,237.5196466522836,26.245670318603516,44.80320739746094
584.8615355607822,238.49028174909336,26.245670318603516,44.80320739746094
585.2775220308434,238.9062682191547,26.245670318603516,44.80320739746094
584.0295626206595,236.2716872420997,26.245670318603516,44.80320739746094
584.1682247773466,236.96499802553524,26.245670318603516,44.80320739746094
584.3068869340337,237.10366018222237,26.245670318603516,44.80320739746094
584.1682247773466,235.5783764586642,26.245670318603516,44.80320739746094
583.7522383072853,236.27168724209974,26.245670318603516,44.80320739746094
584.722873404095,235.30105214529,26.245670318603516,44.80320739746094
584.3068869340337,235.16238998860285,26.245670318603516,44.80320739746094
583.336251837224,234.4690792051673,26.245670318603516,44.80320739746094
583.7522383072853,234.60774136185444,26.245670318603516,44.80320739746094
583.6135761505982,232.2504846981736,26.245670318603516,44.80320739746094
583.7522383072853,232.66647116823492,26.245670318603516,44.80320739746094
583.6135761505982,231.69583607142516,26.245670318603516,44.80320739746094
583.4749139939111,231.27984960136385,26.245670318603516,44.80320739746094
583.6135761505982,231.41851175805095,26.245670318603516,44.80320739746094
583.4749139939111,231.55717391473806,26.245670318603516,44.80320739746094
582.5042788971014,231.41851175805095,26.245670318603516,44.80320739746094
583.4749139939111,230.170552347867,26.245670318603516,44.80320739746094
582.5042788971014,230.3092145045541,26.245670318603516,44.80320739746094
582.9202653671626,229.61590372111857,26.245670318603516,44.80320739746094
581.3949816436045,227.8132956841862,26.245670318603516,44.80320739746094
582.3656167404142,228.2292821542475,26.245670318603516,44.80320739746094
581.3949816436045,228.3679443109346,26.245670318603516,44.80320739746094
582.3656167404142,228.2292821542475,26.245670318603516,44.80320739746094
581.6723059569787,226.70399843068932,26.245670318603516,44.80320739746094
582.3656167404142,226.0106876472538,26.245670318603516,44.80320739746094
581.1176573302303,226.1493498039409,26.245670318603516,44.80320739746094
581.5336438002915,225.7333633338796,26.245670318603516,44.80320739746094
581.1176573302303,224.76272823706984,26.245670318603516,44.80320739746094
580.4243465467947,224.90139039375694,26.245670318603516,44.80320739746094
581.3949816436044,224.48540392369563,26.245670318603516,44.80320739746094
580.4243465467947,224.62406608038273,26.245670318603516,44.80320739746094
581.1176573302303,222.2668094167019,26.245670318603516,44.80320739746094
579.8696979200463,222.68279588676322,26.245670318603516,44.80320739746094
581.3949816436044,222.82145804345032,26.245670318603516,44.80320739746094
580.4243465467947,221.29617431989215,26.245670318603516,44.80320739746094
580.5630087034818,221.71216078995346,26.245670318603516,44.80320739746094
580.1470222334206,219.90955275302107,26.245670318603516,44.80320739746094
579.7310357633593,220.6028635364566,26.245670318603516,44.80320739746094
580.4243465467948,219.35490412627263,26.245670318603516,44.80320739746094
579.7310357633593,219.77089059633394,26.245670318603516,44.80320739746094
580.1470222334206,217.96828255940156,26.245670318603516,44.80320739746094
578.8990628232366,218.38426902946287,26.245670318603516,44.80320739746094
579.0377249799237,218.52293118614998,26.245670318603516,44.80320739746094
579.1763871366109,217.274971775966,26.245670318603516,44.80320739746094
578.7604006665496,217.4136339326531,26.245670318603516,44.80320739746094
579.4537114499851,215.05637726897228,26.245670318603516,44.80320739746094
578.4830763531754,215.1950394256594,26.245670318603516,44.80320739746094
579.176387136611,215.3337015823465,26.245670318603516,44.80320739746094
578.2057520398013,213.80841785878832,26.245670318603516,44.80320739746094
578.0670898831141,213.1151070753528,26.245670318603516,44.80320739746094
577.6511034130529,213.2537692320399,26.245670318603516,44.80320739746094
578.6217385098626,211.72848550848173,26.245670318603516,44.80320739746094
577.928427726427,211.86714766516883,26.245670318603516,44.80320739746094
577.2351169429915,210.34186394161065,26.245670318603516,44.80320739746094
577.6511034130527,210.75785041167197,26.245670318603516,44.80320739746094
577.2351169429915,209.2325666881138,26.245670318603516,44.80320739746094
577.0964547863043,209.6485531581751,26.245670318603516,44.80320739746094
576.9577926296172,209.509891001488,26.245670318603516,44.80320739746094
576.2644818461816,209.6485531581751,26.245670318603516,44.80320739746094
576.6804683162429,208.12326943461693,26.245670318603516,44.80320739746094
577.0964547863042,208.53925590467824,26.245670318603516,44.80320739746094
576.1258196894945,208.95524237473956,26.245670318603516,44.80320739746094
575.9871575328074,208.26193159130403,26.245670318603516,44.80320739746094
575.2938467493718,208.67791806136535,26.245670318603516,44.80320739746094
575.9871575328074,207.15263433780717,26.245670318603516,44.80320739746094
575.0165224359977,207.56862080786848,26.245670318603516,44.80320739746094
575.7098332194332,207.9846072779298,26.245670318603516,44.80320739746094
575.8484953761204,208.1232694346169,26.245670318603516,44.80320739746094
575.7098332194332,208.261931591304,26.245670318603516,44.80320739746094
575.2938467493719,208.67791806136532,26.245670318603516,44.80320739746094
574.8778602793107,208.81658021805242,26.245670318603516,44.80320739746094
573.907225182501,209.23256668811374,26.245670318603516,44.80320739746094
574.3232116525622,209.64855315817505,26.245670318603516,44.80320739746094
574.4618738092494,209.50989100148794,26.245670318603516,44.80320739746094
574.3232116525622,209.92587747154926,26.245670318603516,44.80320739746094
574.1845494958751,210.34186394161057,26.245670318603516,44.80320739746094
573.4912387124396,210.75785041167188,26.245670318603516,44.80320739746094
574.1845494958751,211.1738368817332,26.245670318603516,44.80320739746094
573.4912387124396,211.5898233517945,26.245670318603516,44.80320739746094
573.9072251825008,212.00580982185582,26.245670318603516,44.80320739746094
572.6592657723169,212.69912060529134,26.245670318603516,44.80320739746094
573.6299008691266,213.11510707535265,26.245670318603516,44.80320739746094
573.2139143990653,213.80841785878818,26.245670318603516,44.80320739746094
572.5206036156297,214.5017286422237,26.245670318603516,44.80320739746094
571.8648998138451,215.91500080338332,25.68597412109375,43.8477668762207
572.5434255359953,217.1363471032537,25.68597412109375,43.8477668762207
572.9505409692855,218.9005139808443,25.68597412109375,43.8477668762207
572.0006049582752,219.57903970299452,25.68597412109375,43.8477668762207
572.4077203915654,220.52897571400484,25.68597412109375,43.8477668762207
572.2720152471353,222.8359631693156,25.68597412109375,43.8477668762207
571.5934895249851,223.51448889146582,25.68597412109375,43.8477668762207
572.8148358248555,225.5500660579165,25.68597412109375,43.8477668762207
571.3220792361251,226.7714123577869,25.68597412109375,43.8477668762207
572.2720152471354,227.4499380799371,25.68597412109375,43.8477668762207
571.1070946743861,229.0946724443965,25.138212203979492,42.91270065307617
572.3023953965363,230.55559554924685,25.138212203979492,42.91270065307617
572.1695842051863,231.48527388869707,25.138212203979492,42.91270065307617
573.0992625446365,233.47744175894752,25.138212203979492,42.91270065307617
573.4976961186866,234.6727424810978,25.138212203979492,42.91270065307617
574.1617520754368,235.33679843784796,25.138212203979492,42.91270065307617
576.1539199456872,237.32896630809842,25.138212203979492,42.91270065307617
576.8179759024374,238.52426703024867,25.138212203979492,42.91270065307617
577.7476542418876,239.71956775239892,25.138212203979492,42.91270065307617
578.9429549640379,240.11800132644902,25.138212203979492,42.91270065307617
580.1382556861881,241.04767966589924,25.138212203979492,42.91270065307617
581.3335564083384,242.2429803880495,25.138212203979492,42.91270065307617
582.2632347477886,243.43828111019974,25.138212203979492,42.91270065307617
582.6616683218386,244.10233706694987,25.138212203979492,42.91270065307617
581.9976123650885,244.50077064099997,25.138212203979492,42.91270065307617
583.4585354699387,244.89920421505008,25.138212203979492,42.91270065307617
582.2632347477885,245.29763778910018,25.138212203979492,42.91270065307617
583.7241578526388,245.69607136315028,25.138212203979492,42.91270065307617
582.7944795131885,245.56326017180027,25.138212203979492,42.91270065307617
583.2053461376528,245.50191309630787,25.694395065307617,43.862144470214844
583.3410957766114,245.90916201318385,25.694395065307617,43.862144470214844
584.0198439714046,244.9589145404733,25.694395065307617,43.862144470214844
583.3410957766114,245.63766273526653,25.694395065307617,43.862144470214844
584.5628425272392,243.6014181508868,25.694395065307617,43.862144470214844
584.1825980036706,244.7233208852099,25.146453857421875,42.9267692565918
585.3782906368452,244.85617562222927,25.146453857421875,42.9267692565918
585.5111453738647,245.2547398332875,25.146453857421875,42.9267692565918
585.9097095849229,242.19908088184104,25.146453857421875,42.9267692565918
587.3711116921364,242.33193561886043,25.146453857421875,42.9267692565918
586.4411285330006,242.73049982991864,25.146453857421875,42.9267692565918
587.6368211661752,241.53480719674394,25.146453857421875,42.9267692565918
588.3010948512723,240.33911456356924,25.146453857421875,42.9267692565918
587.9025306402141,240.47196930058863,25.146453857421875,42.9267692565918
589.8953516955053,238.74485771933627,25.146453857421875,42.9267692565918
589.496787484447,239.14342193039448,25.146453857421875,42.9267692565918
590.4267706435829,237.1506008751033,25.146453857421875,42.9267692565918
590.8253348546411,237.5491650861615,25.146453857421875,42.9267692565918
591.755318013777,236.08776297894798,25.146453857421875,42.9267692565918
592.9510106469517,236.22061771596736,25.146453857421875,42.9267692565918
591.4896085397381,233.96208718663738,25.146453857421875,42.9267692565918
593.4824295950293,234.62636087173442,25.146453857421875,42.9267692565918
593.8809938060875,233.43066823855972,25.146453857421875,42.9267692565918
595.0766864392622,233.56352297557913,25.146453857421875,42.9267692565918
594.1467032801263,231.8364113943268,25.146453857421875,42.9267692565918
595.6081053873398,232.50068507942385,25.146453857421875,42.9267692565918
596.8037980205145,230.5078640241327,25.146453857421875,42.9267692565918
597.7337811796504,231.17213770922973,25.146453857421875,42.9267692565918
598.1323453907086,228.3821882318221,25.146453857421875,42.9267692565918
599.0407366249794,229.4801661054973,24.610198974609375,42.0113410949707
598.9107150552435,227.78988569892948,24.610198974609375,42.0113410949707
600.3409523223394,228.43999354760942,24.610198974609375,42.0113410949707
600.9910601710193,226.2296268620977,24.610198974609375,42.0113410949707
601.9012111591712,226.87973471077763,24.610198974609375,42.0113410949707
602.0312327289072,225.18945430420982,24.610198974609375,42.0113410949707
603.4614699960031,225.57951901341778,24.610198974609375,42.0113410949707
604.371620984155,223.36915232790605,24.610198974609375,42.0113410949707
605.5418151117789,224.019260176586,24.610198974609375,42.0113410949707
606.1919229604588,221.2888072121303,24.610198974609375,42.0113410949707
607.6733387067968,221.7683385724209,25.154699325561523,42.94084167480469
606.5325126552106,219.79240128920893,24.618267059326172,42.025115966796875
608.4834756665202,220.4427222929788,24.618267059326172,42.025115966796875
609.1337966702902,217.97150247865324,24.618267059326172,42.025115966796875
610.6156977570977,218.18130764225688,25.162946701049805,42.95492172241211
609.9509884011194,215.38952834714803,25.162946701049805,42.95492172241211
611.189822370947,215.60397509499114,25.719676971435547,43.90530014038086
610.5104063204677,213.5657269435532,25.719676971435547,43.90530014038086
612.276888051714,214.2451429940325,25.719676971435547,43.90530014038086
612.1410048416182,211.39159558201936,25.719676971435547,43.90530014038086
613.6357201526727,212.07101163249868,25.719676971435547,43.90530014038086
614.5869026233437,209.48923064067728,25.719676971435547,43.90530014038086
615.8531457946345,209.99037993935005,26.288724899291992,44.876705169677734
615.1586976640384,207.62925629532307,26.288724899291992,44.876705169677734
616.68648355135,208.32370442591926,26.288724899291992,44.876705169677734
615.4364769162769,205.40702227741534,26.288724899291992,44.876705169677734
616.9642628035884,206.10147040801152,26.288724899291992,44.876705169677734
617.936490186423,204.018126016223,26.288724899291992,44.876705169677734
619.1864968214961,204.99035339905762,26.288724899291992,44.876705169677734
618.4633836921092,202.62063104992876,26.870363235473633,45.86960220336914
619.7410467239833,203.33044384541438,26.870363235473633,45.86960220336914
618.4633836921092,200.9170803407633,26.870363235473633,45.86960220336914
620.5928220785661,201.62689313624892,26.870363235473633,45.86960220336914
619.5990841648862,199.4974547497921,26.870363235473633,45.86960220336914
621.4445974331488,200.20726754527772,26.870363235473633,45.86960220336914
622.4383353468287,197.79390404062664,26.870363235473633,45.86960220336914
623.4320732605086,198.7876419543065,26.870363235473633,45.86960220336914
622.3983888764886,196.365489000862,27.46487045288086,46.88446807861328
623.9945271643772,197.09100640444774,27.46487045288086,46.88446807861328
624.4434213238079,194.01308417162426,28.07253074645996,47.92178726196289
623.9984796381239,195.05128143822034,28.07253074645996,47.92178726196289
623.2263000421808,191.90526091008647,28.693635940551758,48.9820556640625
625.1970394642599,192.966428291206,28.693635940551758,48.9820556640625
625.6518254847397,193.4212143116858,28.693635940551758,48.9820556640625
625.8062421604918,189.8910267736415,29.32848358154297,50.0657844543457
627.2007866440406,190.9756724830683,29.32848358154297,50.0657844543457
625.7510200423486,190.90410036899675,29.97737693786621,51.17348861694336
626.5429082535971,188.21168045075194,29.97737693786621,51.17348861694336
626.3845306113475,188.68681337750104,29.97737693786621,51.17348861694336
628.4434399605935,189.47870158874952,29.97737693786621,51.17348861694336
627.651551749345,186.7862816705047,29.97737693786621,51.17348861694336
626.8596635380965,187.89492516625256,29.97737693786621,51.17348861694336
628.2850623183438,188.37005809300166,29.97737693786621,51.17348861694336
629.3937058140916,185.67763817475685,29.97737693786621,51.17348861694336
628.9185728873425,187.10303695500411,29.97737693786621,51.17348861694336
628.4434399605934,184.4106170367593,29.97737693786621,51.17348861694336
629.5520834563413,185.83601581700657,29.97737693786621,51.17348861694336
628.126684676094,186.94465931275442,29.97737693786621,51.17348861694336
629.8688387408406,183.9354841100102,29.97737693786621,51.17348861694336
629.0769505295921,185.04412760575806,29.97737693786621,51.17348861694336
629.5520834563412,183.30197354101142,29.97737693786621,51.17348861694336
629.3937058140915,184.41061703675928,29.97737693786621,51.17348861694336
630.5409320638569,181.37975818298375,30.640626907348633,52.305702209472656
629.7315233259345,182.51293041607505,30.640626907348633,52.305702209472656
628.2745875976743,183.3223391539974,30.640626907348633,52.305702209472656
630.0552868211036,180.24658594989248,30.640626907348633,52.305702209472656
629.2458780831812,181.37975818298378,30.640626907348633,52.305702209472656
629.7466780475183,178.61774575770193,31.31855010986328,53.46296691894531
628.5884343787699,179.77598942645037,31.31855010986328,53.46296691894531
629.4157512850187,180.60330633269925,31.31855010986328,53.46296691894531
628.2575076162702,177.79042885145304,31.31855010986328,53.46296691894531
629.7466780475182,179.27959928270104,31.31855010986328,53.46296691894531
628.5884343787698,176.46672180145484,31.31855010986328,53.46296691894531
628.42297099752,177.95589223270284,31.31855010986328,53.46296691894531
628.9193611412693,178.78320913895172,31.31855010986328,53.46296691894531
629.7466780475181,175.97033165770551,31.31855010986328,53.46296691894531
628.2575076162701,177.4595020889535,31.31855010986328,53.46296691894531
629.0848245225189,174.6466246077073,31.31855010986328,53.46296691894531
628.2575076162701,175.80486827645575,31.31855010986328,53.46296691894531
628.7693866567474,175.7284385718359,32.011474609375,54.645835876464844
627.9237653639478,172.5150776591973,32.011474609375,54.645835876464844
628.7693866567474,174.03719598623664,32.011474609375,54.645835876464844
627.5855168468279,174.54456876191642,32.011474609375,54.645835876464844
628.7693866567474,172.0077048835175,32.011474609375,54.645835876464844
627.9237653639478,173.52982321055686,32.011474609375,54.645835876464844
628.0960367348044,173.45170357494376,32.719730377197266,55.85487365722656
626.8859738053404,170.51297931767414,32.719730377197266,55.85487365722656
627.7503044692432,172.06877451269924,32.719730377197266,55.85487365722656
627.2317060709015,169.47578252099075,32.719730377197266,55.85487365722656
627.058839938121,171.03157771601585,32.719730377197266,55.85487365722656
628.268902867585,171.55017611435755,32.719730377197266,55.85487365722656
626.3673754069988,169.3029163882102,32.719730377197266,55.85487365722656
626.5402415397793,170.51297931767417,32.719730377197266,55.85487365722656
627.4045722036822,168.61145185708793,32.719730377197266,55.85487365722656
626.5402415397793,169.8215147865519,32.719730377197266,55.85487365722656
627.0588399381211,167.2285227948434,32.719730377197266,55.85487365722656
627.2317060709016,168.7843179898685,32.719730377197266,55.85487365722656
625.6759108758765,166.88279052928226,32.719730377197266,55.85487365722656
626.8859738053405,168.43858572430736,32.719730377197266,55.85487365722656
624.909874925756,165.84785585760636,33.44365310668945,57.09066390991211
625.7933289055976,167.43807302132137,33.44365310668945,57.09066390991211
625.2400418831252,167.72309143141297,34.18359375,58.35379409790039
625.7818421226126,164.65289007431767,34.18359375,58.35379409790039
624.4668225465117,165.31895982399863,34.93990707397461,59.64487075805664
624.6514184031071,166.61113082016612,34.93990707397461,59.64487075805664
624.097630833321,163.4730012580451,34.93990707397461,59.64487075805664
623.1746515503442,165.1343639674033,34.93990707397461,59.64487075805664
623.3592474069395,162.36542611847295,34.93990707397461,59.64487075805664
623.9130349767256,164.02678882783115,34.93990707397461,59.64487075805664
624.8360142597024,174.17956094057567,34.93990707397461,59.64487075805664
623.1746515503443,173.2565816575989,34.93990707397461,59.64487075805664
622.2516722673674,172.33360237462213,34.93990707397461,59.64487075805664
623.5438432635349,174.73334851036174,34.93990707397461,59.64487075805664
622.620863980558,173.44117751419424,34.93990707397461,59.64487075805664
622.4362681239627,172.51819823121747,34.93990707397461,59.64487075805664
622.2516722673673,171.5952189482407,34.93990707397461,59.64487075805664
622.4362681239627,174.36415679717103,34.93990707397461,59.64487075805664
621.8824805541766,173.44117751419427,34.93990707397461,59.64487075805664
622.4362681239627,172.5181982312175,34.93990707397461,59.64487075805664
621.4751912272188,170.90078666848848,35.71295166015625,60.96451187133789
622.4185914268314,173.35362718748132,35.71295166015625,60.96451187133789
621.0978311473738,172.4102269878687,35.71295166015625,60.96451187133789
621.2865111872962,171.46682678825607,35.71295166015625,60.96451187133789
620.7204710675287,170.52342658864345,35.71295166015625,60.96451187133789
619.399710788071,169.58002638903082,35.71295166015625,60.96451187133789
621.0978311473738,173.54230722740388,35.71295166015625,60.96451187133789
619.7770708679161,172.59890702779126,35.71295166015625,60.96451187133789
619.9657509078386,171.65550682817863,35.71295166015625,60.96451187133789
618.6449906283809,170.712106628566,35.71295166015625,60.96451187133789
618.4563105884585,169.01398626926326,35.71295166015625,60.96451187133789
620.1544309477612,172.22154694794622,35.71295166015625,60.96451187133789
618.8336706683035,170.90078666848854,35.71295166015625,60.96451187133789
