563.0,311.0,103.0,123.0
568.7778,311.44446,103.0,123.0
571.8889,313.6667,103.0,123.0
567.0,316.7778,103.0,123.0
560.3333,318.11115,103.0,123.0
553.6666,320.33337,103.0,123.0
546.99994,321.66672,103.0,123.0
542.111,322.11118,103.0,123.0
535.44434,324.3334,103.0,123.0
534.9999,327.44452,103.0,123.0
538.9999,328.77786,103.0,123.0
541.2221,327.44452,103.0,123.0
541.466,327.46716,105.27888,125.721375
543.7374,327.01288,105.27888,125.721375
547.8259,330.19284,105.27888,125.721375
551.9144,331.55566,105.27888,125.721375
556.9115,332.9185,105.27888,125.721375
553.73157,335.18988,105.27888,125.721375
555.0944,334.7356,105.27888,125.721375
554.64014,336.09842,105.27888,125.721375
556.91156,334.7356,105.27888,125.721375
562.8172,334.2813,105.27888,125.721375
565.8944,331.47656,107.60817,128.50296
566.35876,331.94092,107.60817,128.50296
570.5377,331.47656,107.60817,128.50296
571.9307,329.1549,107.60817,128.50296
573.3237,330.5479,107.60817,128.50296
578.43134,331.01227,107.60817,128.50296
578.8957,330.5479,107.60817,128.50296
577.5027,331.01227,107.60817,128.50296
576.1097,330.5479,107.60817,128.50296
573.788,325.4403,107.60817,128.50296
570.5377,323.11865,107.60817,128.50296
570.07336,322.6543,107.60817,128.50296
572.395,317.5467,107.60817,128.50296
568.21606,315.22504,107.60817,128.50296
569.6091,316.61804,107.60817,128.50296
570.0734,317.08234,107.60817,128.50296
566.8231,314.76068,107.60817,128.50296
567.2875,314.2964,107.60817,128.50296
575.1811,313.83203,107.60817,128.50296
579.36005,315.22504,107.60817,128.50296
582.61035,315.6894,107.60817,128.50296
584.932,316.1537,107.60817,128.50296
583.539,316.61804,107.60817,128.50296
582.146,315.22504,107.60817,128.50296
585.3963,314.76068,107.60817,128.50296
585.86066,316.1537,107.60817,128.50296
583.539,316.61804,107.60817,128.50296
583.07465,315.22504,107.60817,128.50296
582.6103,316.61804,107.60817,128.50296
581.2173,318.01105,107.60817,128.50296
583.53894,315.6894,107.60817,128.50296
585.8606,317.0824,107.60817,128.50296
590.03955,316.61804,107.60817,128.50296
591.43256,315.22504,107.60817,128.50296
592.82556,317.5467,107.60817,128.50296
589.57526,317.0824,107.60817,128.50296
590.0396,319.40405,107.60817,128.50296
584.0033,321.7257,107.60817,128.50296
581.3676,322.71286,109.989,131.34608
580.893,324.13666,109.989,131.34608
578.51996,325.56046,109.989,131.34608
576.1469,326.98425,109.989,131.34608
577.57074,326.50964,109.989,131.34608
570.93756,328.50342,112.42251,134.25212
571.42267,328.98853,112.42251,134.25212
571.9078,329.47363,112.42251,134.25212
570.45245,330.92896,112.42251,134.25212
572.878,331.41406,112.42251,134.25212
570.45245,332.8694,112.42251,134.25212
567.0567,334.3247,112.42251,134.25212
567.5418,333.8396,112.42251,134.25212
565.1163,336.26514,112.42251,134.25212
561.7205,334.8098,112.42251,134.25212
559.295,336.26514,112.42251,134.25212
556.86945,336.75024,112.42251,134.25212
553.4737,339.17578,112.42251,134.25212
553.9588,337.72046,112.42251,134.25212
551.53326,341.11618,112.42251,134.25212
549.1077,339.66086,112.42251,134.25212
548.6226,342.0864,112.42251,134.25212
551.04816,339.66086,112.42251,134.25212
547.6524,338.20554,112.42251,134.25212
552.0184,337.72043,112.42251,134.25212
558.3247,337.23532,112.42251,134.25212
562.6907,335.78,112.42251,134.25212
568.997,335.2949,112.42251,134.25212
575.30334,333.83957,112.42251,134.25212
576.75867,335.2949,112.42251,134.25212
579.1842,334.80978,112.42251,134.25212
582.57996,334.32468,112.42251,134.25212
585.0055,333.83957,112.42251,134.25212
583.5502,335.2949,112.42251,134.25212
586.9459,332.86935,112.42251,134.25212
582.57996,337.2353,112.42251,134.25212
585.9757,334.80975,112.42251,134.25212
584.5204,332.38422,112.42251,134.25212
584.0353,334.80975,112.42251,134.25212
581.60974,331.41403,112.42251,134.25212
585.0055,327.0481,112.42251,134.25212
583.5502,322.68216,112.42251,134.25212
586.9459,318.31622,112.42251,134.25212
589.37146,313.9503,112.42251,134.25212
588.88635,311.52475,112.42251,134.25212
593.2523,310.06943,112.42251,134.25212
597.6183,306.6737,112.42251,134.25212
597.1332,309.09924,112.42251,134.25212
603.4395,307.64392,112.42251,134.25212
606.83527,310.06946,112.42251,134.25212
603.4395,309.58435,112.42251,134.25212
607.8055,312.0099,112.42251,134.25212
608.2906,311.52478,112.42251,134.25212
610.7161,316.86093,112.42251,134.25212
606.35016,319.28647,112.42251,134.25212
612.6565,317.83115,112.42251,134.25212
612.1714,323.1673,112.42251,134.25212
608.77563,323.6524,112.42251,134.25212
616.0522,326.07794,112.42251,134.25212
610.71606,325.59283,112.42251,134.25212
608.2905,329.95877,112.42251,134.25212
612.6565,325.59283,112.42251,134.25212
614.1118,328.98856,112.42251,134.25212
611.6863,324.62262,112.42251,134.25212
617.9926,328.98856,112.42251,134.25212
614.59686,325.59283,112.42251,134.25212
608.924893250936,233.4883124795728,112.4225082397461,134.2521209716797
595.3026295054349,414.63682135537283,112.4225082397461,134.2521209716797
512.1977966389196,408.4152080732281,112.4225082397461,134.2521209716797
512.1977966389196,408.4152080732281,112.4225082397461,134.2521209716797
512.1977966389196,408.4152080732281,112.4225082397461,134.2521209716797
580.2928525899824,411.10505269079556,112.4225082397461,134.2521209716797
580.2928525899824,411.10505269079556,112.4225082397461,134.2521209716797
580.2928525899824,411.10505269079556,112.4225082397461,134.2521209716797
654.6362747449145,413.56372757654185,112.4225082397461,134.2521209716797
644.0258466063943,359.41485204456245,112.4225082397461,134.2521209716797
499.138709685757,267.3100433221201,112.4225082397461,134.2521209716797
499.138709685757,267.3100433221201,112.4225082397461,134.2521209716797
440.01848555700883,455.8538372648552,112.4225082397461,134.2521209716797
639.8650560974751,285.3119990519534,112.4225082397461,134.2521209716797
529.1569503442722,438.74000853155735,112.4225082397461,134.2521209716797
529.1569503442722,438.74000853155735,112.4225082397461,134.2521209716797
529.1569503442722,438.74000853155735,112.4225082397461,134.2521209716797
527.387398911152,265.9872811331011,112.4225082397461,134.2521209716797
527.387398911152,265.9872811331011,112.4225082397461,134.2521209716797
499.6021854372319,414.0748367100007,112.4225082397461,134.2521209716797
499.6021854372319,414.0748367100007,112.4225082397461,134.2521209716797
499.6021854372319,414.0748367100007,112.4225082397461,134.2521209716797
564.095790492774,211.94839452598745,112.4225082397461,134.2521209716797
564.095790492774,211.94839452598745,112.4225082397461,134.2521209716797
564.095790492774,211.94839452598745,112.4225082397461,134.2521209716797
564.095790492774,211.94839452598745,112.4225082397461,134.2521209716797
481.1263836307892,208.74526034102036,112.4225082397461,134.2521209716797
481.1263836307892,208.74526034102036,112.4225082397461,134.2521209716797
511.2660778592709,288.50781202421535,112.4225082397461,134.2521209716797
551.2979900539804,462.2034827379391,112.4225082397461,134.2521209716797
445.4384613728125,301.78196933495656,112.4225082397461,134.2521209716797
612.5113340938788,395.1648122516676,112.4225082397461,134.2521209716797
612.5113340938788,395.1648122516676,112.4225082397461,134.2521209716797
421.5240170589048,348.58748973874924,112.4225082397461,134.2521209716797
508.8384025987457,310.27993923997417,112.4225082397461,134.2521209716797
508.8384025987457,310.27993923997417,112.4225082397461,134.2521209716797
545.7701903306407,474.83583326408996,112.4225082397461,134.2521209716797
578.4061858108679,278.76750450062787,112.4225082397461,134.2521209716797
452.4972468197845,508.9052230651878,112.4225082397461,134.2521209716797
452.4972468197845,508.9052230651878,112.4225082397461,134.2521209716797
452.4972468197845,508.9052230651878,112.4225082397461,134.2521209716797
452.4972468197845,508.9052230651878,112.4225082397461,134.2521209716797
467.8575718785422,462.3627958813373,112.4225082397461,134.2521209716797
467.8575718785422,462.3627958813373,112.4225082397461,134.2521209716797
371.6171179666049,512.4248291661145,112.4225082397461,134.2521209716797
371.6171179666049,512.4248291661145,112.4225082397461,134.2521209716797
437.7176036710623,438.61723960135396,112.4225082397461,134.2521209716797
573.8402299575797,479.4318216120831,112.4225082397461,134.2521209716797
515.0566045894298,418.648544784254,112.4225082397461,134.2521209716797
515.0566045894298,418.648544784254,112.4225082397461,134.2521209716797
545.6149468481117,519.7929428684694,112.4225082397461,134.2521209716797
545.6149468481117,519.7929428684694,112.4225082397461,134.2521209716797
576.7078959227686,478.78102034375024,112.4225082397461,134.2521209716797
576.7078959227686,478.78102034375024,112.4225082397461,134.2521209716797
576.7078959227686,478.78102034375024,112.4225082397461,134.2521209716797
576.7078959227686,478.78102034375024,112.4225082397461,134.2521209716797
576.7078959227686,478.78102034375024,112.4225082397461,134.2521209716797
579.3280778260647,290.25764417006985,112.4225082397461,134.2521209716797
565.1115800366398,480.178473350299,112.4225082397461,134.2521209716797
564.2443820490887,300.10432645114724,112.4225082397461,134.2521209716797
346.95664184513953,339.09243242672534,112.4225082397461,134.2521209716797
396.1897758496913,291.4519863581531,112.4225082397461,134.2521209716797
396.1897758496913,291.4519863581531,112.4225082397461,134.2521209716797
474.15091247737246,369.1249237688709,112.4225082397461,134.2521209716797
474.15091247737246,369.1249237688709,112.4225082397461,134.2521209716797
474.15091247737246,369.1249237688709,112.4225082397461,134.2521209716797
474.15091247737246,369.1249237688709,112.4225082397461,134.2521209716797
474.15091247737246,369.1249237688709,112.4225082397461,134.2521209716797
565.3861755693255,419.1427393299226,112.4225082397461,134.2521209716797
565.3861755693255,419.1427393299226,112.4225082397461,134.2521209716797
565.3861755693255,419.1427393299226,112.4225082397461,134.2521209716797
555.6896980976189,460.2894898139742,112.4225082397461,134.2521209716797
368.57669779214814,447.1734252140866,112.4225082397461,134.2521209716797
360.696592030523,350.76193639164717,112.4225082397461,134.2521209716797
329.30285915915704,262.163702316177,112.4225082397461,134.2521209716797
325.52302545553374,360.7596004194003,112.4225082397461,134.2521209716797
325.52302545553374,360.7596004194003,112.4225082397461,134.2521209716797
382.800230502334,359.3612444203237,112.4225082397461,134.2521209716797
539.9927864519552,445.56372258729857,112.4225082397461,134.2521209716797
368.1194957279728,357.98354607404235,112.4225082397461,134.2521209716797
336.5842070637779,340.5335185656155,112.4225082397461,134.2521209716797
336.5842070637779,340.5335185656155,112.4225082397461,134.2521209716797
522.4554521432259,469.76467237961833,112.4225082397461,134.2521209716797
522.4554521432259,469.76467237961833,112.4225082397461,134.2521209716797
522.4554521432259,469.76467237961833,112.4225082397461,134.2521209716797
532.9840314908213,469.9853705973434,112.4225082397461,134.2521209716797
532.9840314908213,469.9853705973434,112.4225082397461,134.2521209716797
532.9840314908213,469.9853705973434,112.4225082397461,134.2521209716797
441.63967664827305,361.4356942803973,112.4225082397461,134.2521209716797
441.63967664827305,361.4356942803973,112.4225082397461,134.2521209716797
441.63967664827305,361.4356942803973,112.4225082397461,134.2521209716797
441.63967664827305,361.4356942803973,112.4225082397461,134.2521209716797
441.63967664827305,361.4356942803973,112.4225082397461,134.2521209716797
315.06463022915864,361.82812113011494,112.4225082397461,134.2521209716797
315.06463022915864,361.82812113011494,112.4225082397461,134.2521209716797
315.06463022915864,361.82812113011494,112.4225082397461,134.2521209716797
315.06463022915864,361.82812113011494,112.4225082397461,134.2521209716797
315.06463022915864,361.82812113011494,112.4225082397461,134.2521209716797
315.06463022915864,361.82812113011494,112.4225082397461,134.2521209716797
315.06463022915864,361.82812113011494,112.4225082397461,134.2521209716797
315.06463022915864,361.82812113011494,112.4225082397461,134.2521209716797
315.06463022915864,361.82812113011494,112.4225082397461,134.2521209716797
496.01186876772465,295.0041186677207,112.4225082397461,134.2521209716797
496.01186876772465,295.0041186677207,112.4225082397461,134.2521209716797
496.01186876772465,295.0041186677207,112.4225082397461,134.2521209716797
510.4645239245615,302.4350836064791,112.4225082397461,134.2521209716797
382.23322713592114,284.641022346452,112.4225082397461,134.2521209716797
489.3268504686804,451.10232531936197,112.4225082397461,134.2521209716797
302.23784932744695,476.75179008228906,112.4225082397461,134.2521209716797
302.23784932744695,476.75179008228906,112.4225082397461,134.2521209716797
302.23784932744695,476.75179008228906,112.4225082397461,134.2521209716797
346.3657627467833,349.30727277950996,112.4225082397461,134.2521209716797
346.3657627467833,349.30727277950996,112.4225082397461,134.2521209716797
543.5800239201166,278.8839245443036,112.4225082397461,134.2521209716797
563.3606933260248,295.10393562790944,112.4225082397461,134.2521209716797
563.3606933260248,295.10393562790944,112.4225082397461,134.2521209716797
502.0629003896529,327.8620591922572,112.4225082397461,134.2521209716797
502.0629003896529,327.8620591922572,112.4225082397461,134.2521209716797
502.0629003896529,327.8620591922572,112.4225082397461,134.2521209716797
416.24313749574765,304.163165361165,112.4225082397461,134.2521209716797
488.62327343337347,299.3849928806036,112.4225082397461,134.2521209716797
414.0611893558414,309.39597654019497,112.4225082397461,134.2521209716797
423.90428598650976,411.6357540965689,112.4225082397461,134.2521209716797
313.16030745038347,260.1169510528681,112.4225082397461,134.2521209716797
306.14313689428366,281.51723824500607,112.4225082397461,134.2521209716797
343.9320989590857,462.4847786510388,112.4225082397461,134.2521209716797
168.71394142692483,304.5994617089106,112.4225082397461,134.2521209716797
168.71394142692483,304.5994617089106,112.4225082397461,134.2521209716797
168.71394142692483,304.5994617089106,112.4225082397461,134.2521209716797
168.71394142692483,304.5994617089106,112.4225082397461,134.2521209716797
314.88583219669914,446.9037446234786,112.4225082397461,134.2521209716797
226.64005667211399,436.5814099416646,112.4225082397461,134.2521209716797
370.18644878472196,413.7249187082017,112.4225082397461,134.2521209716797
439.5034635211831,362.17927704344464,112.4225082397461,134.2521209716797
262.953168802834,295.6868420645849,112.4225082397461,134.2521209716797
262.953168802834,295.6868420645849,112.4225082397461,134.2521209716797
425.7278377574271,435.0174769889736,112.4225082397461,134.2521209716797
424.1048998044668,221.4151316616136,112.4225082397461,134.2521209716797
227.8126972054484,270.12832334313487,112.4225082397461,134.2521209716797
448.15396098472684,247.44294811114548,112.4225082397461,134.2521209716797
310.24391535225504,332.53420325048654,112.4225082397461,134.2521209716797
332.8062336782857,270.80189252201296,112.4225082397461,134.2521209716797
427.84522793773766,244.4147532213923,112.4225082397461,134.2521209716797
475.05489975810394,451.4229471261857,112.4225082397461,134.2521209716797
475.05489975810394,451.4229471261857,112.4225082397461,134.2521209716797
408.09137078366854,382.60132230633394,112.4225082397461,134.2521209716797
445.0961509518554,277.4908727833351,112.4225082397461,134.2521209716797
445.0961509518554,277.4908727833351,112.4225082397461,134.2521209716797
477.68292475873534,373.32811332701056,112.4225082397461,134.2521209716797
281.73475510212904,225.40215410902533,112.4225082397461,134.2521209716797
275.75557376419204,340.08581863308495,112.4225082397461,134.2521209716797
408.0686185372338,294.7821114226899,112.4225082397461,134.2521209716797
231.8029340055462,266.0359662919082,112.4225082397461,134.2521209716797
231.8029340055462,266.0359662919082,112.4225082397461,134.2521209716797
223.48413676874134,264.230406690995,112.4225082397461,134.2521209716797
223.48413676874134,264.230406690995,112.4225082397461,134.2521209716797
202.93389151613007,368.7632914153254,112.4225082397461,134.2521209716797
209.40469101760812,192.72681179378299,112.4225082397461,134.2521209716797
392.7555157692632,401.1766560117119,112.4225082397461,134.2521209716797
455.6540151758958,338.1271228676953,112.4225082397461,134.2521209716797
455.6540151758958,338.1271228676953,112.4225082397461,134.2521209716797
397.83700743297806,247.47216545266684,112.4225082397461,134.2521209716797
356.9948156009173,443.2897193878445,112.4225082397461,134.2521209716797
348.5051604303096,363.6097099423748,112.4225082397461,134.2521209716797
406.26687138421744,344.1557433919185,112.4225082397461,134.2521209716797
352.8748423941636,454.60110275113436,112.4225082397461,134.2521209716797
629.5272974047646,411.3537433564253,112.4225082397461,134.2521209716797
633.1390752955767,360.087333093301,112.4225082397461,134.2521209716797
601.5636548580749,380.72975215795964,112.4225082397461,134.2521209716797
622.6601113916815,552.8708558596452,112.4225082397461,134.2521209716797
-23.04541192171998,435.51558799948214,112.4225082397461,134.2521209716797
-23.04541192171998,435.51558799948214,112.4225082397461,134.2521209716797
-23.04541192171998,435.51558799948214,112.4225082397461,134.2521209716797
639.756924029977,460.3175630769241,112.4225082397461,134.2521209716797
631.0116582948926,414.8566181088545,112.4225082397461,134.2521209716797
660.8622970117216,439.0978329291173,112.4225082397461,134.2521209716797
660.8622970117216,439.0978329291173,112.4225082397461,134.2521209716797
660.8622970117216,439.0978329291173,112.4225082397461,134.2521209716797
660.8622970117216,439.0978329291173,112.4225082397461,134.2521209716797
601.4773004913446,523.7749269970185,112.4225082397461,134.2521209716797
601.4773004913446,523.7749269970185,112.4225082397461,134.2521209716797
657.1638350537344,468.74719632814754,112.4225082397461,134.2521209716797
657.1638350537344,468.74719632814754,112.4225082397461,134.2521209716797
591.3737207573361,512.0969693588286,112.4225082397461,134.2521209716797
591.3737207573361,512.0969693588286,112.4225082397461,134.2521209716797
595.0636395521799,556.7536368348623,112.4225082397461,134.2521209716797
226.43972615308616,348.8526531969942,112.4225082397461,134.2521209716797
237.34926620093825,477.92850510466565,112.4225082397461,134.2521209716797
82.81203522079667,210.49489066200283,112.4225082397461,134.2521209716797
14.683111861123038,672.1448304941753,112.4225082397461,134.2521209716797
-53.52040136274721,693.5455349768474,112.4225082397461,134.2521209716797
7.467377594819574,657.9450461791216,112.4225082397461,134.2521209716797
96.44182764613697,517.2152403361486,112.4225082397461,134.2521209716797
96.44182764613697,517.2152403361486,112.4225082397461,134.2521209716797
-50.73964792402941,619.3853206740018,112.4225082397461,134.2521209716797
173.76050240911525,451.3707270412418,112.4225082397461,134.2521209716797
585.3617074545755,486.3053675898087,112.4225082397461,134.2521209716797
654.1662923596944,465.2564107923529,112.4225082397461,134.2521209716797
654.1662923596944,465.2564107923529,112.4225082397461,134.2521209716797
530.3168701519719,466.39649812404105,112.4225082397461,134.2521209716797
585.1002929957256,464.12577641886094,112.4225082397461,134.2521209716797
636.8068676864355,541.478689255884,112.4225082397461,134.2521209716797
636.8068676864355,541.478689255884,112.4225082397461,134.2521209716797
663.7440655461511,567.0562865303666,112.4225082397461,134.2521209716797
663.7440655461511,567.0562865303666,112.4225082397461,134.2521209716797
663.7440655461511,567.0562865303666,112.4225082397461,134.2521209716797
643.0017553026787,580.9324169277266,112.4225082397461,134.2521209716797
643.0017553026787,580.9324169277266,112.4225082397461,134.2521209716797
643.0017553026787,580.9324169277266,112.4225082397461,134.2521209716797
643.0017553026787,580.9324169277266,112.4225082397461,134.2521209716797
255.00211568374482,476.42830484294836,112.4225082397461,134.2521209716797
255.00211568374482,476.42830484294836,112.4225082397461,134.2521209716797
255.00211568374482,476.42830484294836,112.4225082397461,134.2521209716797
199.3504416696395,315.7388843114693,112.4225082397461,134.2521209716797
387.33055308114706,339.98182447185786,112.4225082397461,134.2521209716797
386.26520511582044,448.29383013371285,112.4225082397461,134.2521209716797
242.68675359591765,333.45205067577655,112.4225082397461,134.2521209716797
242.68675359591765,333.45205067577655,112.4225082397461,134.2521209716797
435.74545701399927,272.62694896748843,112.4225082397461,134.2521209716797
307.60456447177586,342.5098877764208,112.4225082397461,134.2521209716797
286.16102101370944,469.819185780014,112.4225082397461,134.2521209716797
382.47619765379574,292.53171812193955,112.4225082397461,134.2521209716797
261.37458406547825,404.9514370041256,112.4225082397461,134.2521209716797
476.02034069831427,437.357342564861,112.4225082397461,134.2521209716797
473.1496219446427,422.9584908591179,112.4225082397461,134.2521209716797
473.1496219446427,422.9584908591179,112.4225082397461,134.2521209716797
444.01604377700943,339.01318877677147,112.4225082397461,134.2521209716797
444.01604377700943,339.01318877677147,112.4225082397461,134.2521209716797
582.5146921701532,339.7841211269504,112.4225082397461,134.2521209716797
566.9014911560007,206.3007553233253,112.4225082397461,134.2521209716797
566.9014911560007,206.3007553233253,112.4225082397461,134.2521209716797
441.2545685416821,334.38550508348555,112.4225082397461,134.2521209716797
445.6506976918748,250.2749124200496,112.4225082397461,134.2521209716797
445.6506976918748,250.2749124200496,112.4225082397461,134.2521209716797
445.6506976918748,250.2749124200496,112.4225082397461,134.2521209716797
445.6506976918748,250.2749124200496,112.4225082397461,134.2521209716797
324.3487506530838,419.63905043431896,112.4225082397461,134.2521209716797
469.93048906391186,331.11946383063446,112.4225082397461,134.2521209716797
469.93048906391186,331.11946383063446,112.4225082397461,134.2521209716797
356.5083163829077,236.544129988049,112.4225082397461,134.2521209716797
356.5083163829077,236.544129988049,112.4225082397461,134.2521209716797
356.5083163829077,236.544129988049,112.4225082397461,134.2521209716797
356.5083163829077,236.544129988049,112.4225082397461,134.2521209716797
354.6060288694581,423.8250003045721,112.4225082397461,134.2521209716797
538.5745873125918,209.61715991095406,112.4225082397461,134.2521209716797
522.8317037096832,253.83841361067232,112.4225082397461,134.2521209716797
620.6699510347306,245.4814306776069,112.4225082397461,134.2521209716797
620.6699510347306,245.4814306776069,112.4225082397461,134.2521209716797
594.5730085223569,374.5575368918279,112.4225082397461,134.2521209716797
296.9125495362456,401.0164230107087,112.4225082397461,134.2521209716797
389.88528128116735,456.4762372353098,112.4225082397461,134.2521209716797
313.1720044815549,329.0432710956087,112.4225082397461,134.2521209716797
356.2656251528936,275.3858848559513,112.4225082397461,134.2521209716797
438.21336405141915,425.46152451494424,112.4225082397461,134.2521209716797
535.1208021925993,270.9380815041868,112.4225082397461,134.2521209716797
535.1208021925993,270.9380815041868,112.4225082397461,134.2521209716797
535.1208021925993,270.9380815041868,112.4225082397461,134.2521209716797
535.1208021925993,270.9380815041868,112.4225082397461,134.2521209716797
326.3839915154976,247.89606463860582,112.4225082397461,134.2521209716797
326.3839915154976,247.89606463860582,112.4225082397461,134.2521209716797
326.3839915154976,247.89606463860582,112.4225082397461,134.2521209716797
326.3839915154976,247.89606463860582,112.4225082397461,134.2521209716797
188.3227208899464,461.15581640156097,112.4225082397461,134.2521209716797
575.153347137725,396.4224511917762,112.4225082397461,134.2521209716797
575.153347137725,396.4224511917762,112.4225082397461,134.2521209716797
575.153347137725,396.4224511917762,112.4225082397461,134.2521209716797
575.153347137725,396.4224511917762,112.4225082397461,134.2521209716797
618.0277398017122,361.5676876123848,112.4225082397461,134.2521209716797
451.7154259697297,344.9896668364232,112.4225082397461,134.2521209716797
521.8655700647714,352.5220110812599,112.4225082397461,134.2521209716797
657.0182316415126,220.05694273715864,112.4225082397461,134.2521209716797
433.59429369923424,248.94256815883824,112.4225082397461,134.2521209716797
433.59429369923424,248.94256815883824,112.4225082397461,134.2521209716797
433.59429369923424,248.94256815883824,112.4225082397461,134.2521209716797
390.7834818298195,329.93779164654995,112.4225082397461,134.2521209716797
588.8003035267063,317.91375678545836,112.4225082397461,134.2521209716797
429.97110832874785,299.80411179438323,112.4225082397461,134.2521209716797
342.51797325583476,374.6678801778505,112.4225082397461,134.2521209716797
476.6978162342375,274.75107720680614,112.4225082397461,134.2521209716797
476.6978162342375,274.75107720680614,112.4225082397461,134.2521209716797
525.5355643647493,441.4850397357309,112.4225082397461,134.2521209716797
459.38827759773494,334.98920363330444,112.4225082397461,134.2521209716797
459.38827759773494,334.98920363330444,112.4225082397461,134.2521209716797
459.38827759773494,334.98920363330444,112.4225082397461,134.2521209716797
486.405798806427,406.92274720570043,112.4225082397461,134.2521209716797
486.405798806427,406.92274720570043,112.4225082397461,134.2521209716797
429.79578602104436,399.22659118045704,112.4225082397461,134.2521209716797
390.4122529921355,407.82056725497796,112.4225082397461,134.2521209716797
390.4122529921355,407.82056725497796,112.4225082397461,134.2521209716797
397.432339346944,464.20109816357683,112.4225082397461,134.2521209716797
417.4277777177059,233.2001314154944,112.4225082397461,134.2521209716797
179.440122277813,469.1985298924967,112.4225082397461,134.2521209716797
169.27322093758582,284.87412526430717,112.4225082397461,134.2521209716797
352.8895415776171,284.7992869532415,112.4225082397461,134.2521209716797
213.69589256389878,430.7711278488995,112.4225082397461,134.2521209716797
396.6383180234436,250.61609067363509,112.4225082397461,134.2521209716797
396.6383180234436,250.61609067363509,112.4225082397461,134.2521209716797
294.4291628294558,302.31296478462,112.4225082397461,134.2521209716797
221.5067407901501,450.75317501370364,112.4225082397461,134.2521209716797
-39.26453836181399,402.72052854651406,112.4225082397461,134.2521209716797
593.0713216536113,577.3974035143885,112.4225082397461,134.2521209716797
560.5693256137403,590.4952228140381,112.4225082397461,134.2521209716797
652.944300605944,558.729196027639,110.02506256103516,131.38916015625
649.6209846612882,575.3457757509182,110.02506256103516,131.38916015625
682.3793846871814,583.4166859022253,110.02506256103516,131.38916015625
747.4214253183028,588.6390395295416,110.02506256103516,131.38916015625
845.6966253959826,549.2340076143366,110.02506256103516,131.38916015625
823.3829326247219,557.3049177656437,110.02506256103516,131.38916015625
823.3829326247219,557.3049177656437,110.02506256103516,131.38916015625
208.27630193437568,342.86196234699116,110.02506256103516,131.38916015625
273.9578158797278,317.4967274249602,110.02506256103516,131.38916015625
212.107523265113,283.1072118902183,110.02506256103516,131.38916015625
193.23704906604365,194.86117077636857,110.02506256103516,131.38916015625
231.60866546866362,241.39086867649814,110.02506256103516,131.38916015625
210.3982243799722,224.699958159324,110.02506256103516,131.38916015625
292.69804412622113,143.38728697942395,110.02506256103516,131.38916015625
237.164515233008,188.72968992660185,110.02506256103516,131.38916015625
237.164515233008,188.72968992660185,110.02506256103516,131.38916015625
245.91313855020837,257.99867819632846,110.02506256103516,131.38916015625
276.9620822280091,238.49752144982415,110.02506256103516,131.38916015625
276.9620822280091,238.49752144982415,110.02506256103516,131.38916015625
505.95302506593214,92.16560011319126,110.02506256103516,131.38916015625
321.39232062328415,586.2450227526799,110.02506256103516,131.38916015625
475.52505281148603,94.84712187892876,110.02506256103516,131.38916015625
361.86161336405974,94.95042485119663,110.02506256103516,131.38916015625
503.8909814642835,167.68445214092446,110.02506256103516,131.38916015625
401.0070521073327,190.98638425902345,110.02506256103516,131.38916015625
401.0070521073327,190.98638425902345,110.02506256103516,131.38916015625
621.9989279066588,56.8812652841097,110.02506256103516,131.38916015625
621.9989279066588,56.8812652841097,110.02506256103516,131.38916015625
645.032945228545,201.66940082470694,110.02506256103516,131.38916015625
645.032945228545,201.66940082470694,110.02506256103516,131.38916015625
645.032945228545,201.66940082470694,110.02506256103516,131.38916015625
645.032945228545,201.66940082470694,110.02506256103516,131.38916015625
645.032945228545,201.66940082470694,110.02506256103516,131.38916015625
552.319065002727,289.8672941548407,110.02506256103516,131.38916015625
552.319065002727,289.8672941548407,110.02506256103516,131.38916015625
661.4152047281815,227.1629968490182,110.02506256103516,131.38916015625
661.4152047281815,227.1629968490182,110.02506256103516,131.38916015625
667.5870771968281,328.2867534506887,110.02506256103516,131.38916015625
672.878632724251,347.5340868734765,107.67874145507812,128.58724975585938
678.0573416389983,353.83142013188177,105.38246154785156,125.84508514404297
683.1256147295718,359.11787864725994,103.13514709472656,123.1613998413086
688.0209378031409,352.442438092393,103.13514709472656,123.1613998413086
692.0262021360611,327.96582272454754,103.13514709472656,123.1613998413086
696.9215252096302,306.1593835786489,103.13514709472656,123.1613998413086
702.7069070238482,297.7038255424841,103.13514709472656,123.1613998413086
706.7121713567684,296.3687374315107,103.13514709472656,123.1613998413086
712.4975531709864,296.81376680183513,103.13514709472656,123.1613998413086
716.5028175039066,301.70908987540423,103.13514709472656,123.1613998413086
716.9478468742311,303.04417798637763,103.13514709472656,123.1613998413086
716.5028175039066,306.1593835786489,103.13514709472656,123.1613998413086
719.6180230961778,309.27458917092014,103.13514709472656,123.1613998413086
724.5782121370913,312.73253763508325,100.93576049804688,120.53494262695312
712.8186595432442,313.16807662004055,100.93576049804688,120.53494262695312
703.6723408591408,318.83008342448545,100.93576049804688,120.53494262695312
700.6235679644398,321.8788563191866,100.93576049804688,120.53494262695312
704.5434188290554,318.83008342448545,100.93576049804688,120.53494262695312
709.3343476635857,322.7499342891012,100.93576049804688,120.53494262695312
712.3831205582868,324.9276292138877,100.93576049804688,120.53494262695312
716.3029714229025,325.363168198845,100.93576049804688,120.53494262695312
720.2228222875182,326.66978515371693,100.93576049804688,120.53494262695312
725.8848290919631,328.84748007850345,100.93576049804688,120.53494262695312
731.546835896408,329.28301906346076,100.93576049804688,120.53494262695312
738.9509986406821,334.0739478979911,100.93576049804688,120.53494262695312
743.7419274752124,338.86487673252145,100.93576049804688,120.53494262695312
748.5328563097427,348.0111954166248,100.93576049804688,120.53494262695312
741.9997715353832,358.02859207064273,100.93576049804688,120.53494262695312
732.8534528512798,365.43275481491685,100.93576049804688,120.53494262695312
724.5782121370911,366.73937176978876,100.93576049804688,120.53494262695312
706.7211137538417,367.17491075474607,100.93576049804688,120.53494262695312
690.6061713104215,368.481527709618,100.93576049804688,120.53494262695312
675.3623068369159,362.819520905173,100.93576049804688,120.53494262695312
665.3449101828979,361.5129039503011,100.93576049804688,120.53494262695312
658.8118254085384,354.108741206027,100.93576049804688,120.53494262695312
652.2787406341789,334.5094868829484,100.93576049804688,120.53494262695312
650.9721236793071,324.49209022893046,100.93576049804688,120.53494262695312
652.2787406341789,314.4746935749125,100.93576049804688,120.53494262695312
648.3588897695632,309.6837647403822,100.93576049804688,120.53494262695312
650.5365846943497,311.8614596651687,100.93576049804688,120.53494262695312
649.2299677394778,307.94160880055296,100.93576049804688,120.53494262695312
647.0522728146914,308.37714778551026,100.93576049804688,120.53494262695312
644.8745778899049,309.6837647403822,100.93576049804688,120.53494262695312
640.9547270252892,310.9903816952541,100.93576049804688,120.53494262695312
635.2927202208443,313.1680766200406,100.93576049804688,120.53494262695312
633.1150252960579,312.7325376350833,100.93576049804688,120.53494262695312
631.808408341186,316.65238849969904,100.93576049804688,120.53494262695312
633.1150252960579,317.08792748465635,100.93576049804688,120.53494262695312
631.808408341186,320.1367003793575,100.93576049804688,120.53494262695312
633.1150252960579,320.5722393643148,100.93576049804688,120.53494262695312
630.9373303712714,322.7499342891013,100.93576049804688,120.53494262695312
634.8571812358871,324.9276292138878,100.93576049804688,120.53494262695312
631.808408341186,327.97640210858896,100.93576049804688,120.53494262695312
637.5024154275114,333.8793859405199,98.78327178955078,117.9645004272461
634.5186585330949,338.568146774603,98.78327178955078,117.9645004272461
635.7974114878449,341.5519036690195,98.78327178955078,117.9645004272461
633.9747925489671,344.86393778307564,96.67668914794922,115.4488754272461
639.4285353149368,344.88868031496406,94.61502838134766,112.98689270019531
643.1029200372069,349.37959497551645,94.61502838134766,112.98689270019531
639.0254619237716,262.8201632908694,94.61502838134766,112.98689270019531
600.7964617310879,320.05946490079805,94.61502838134766,112.98689270019531
645.9895919349352,397.6762029595824,94.61502838134766,112.98689270019531
645.9895919349352,397.6762029595824,94.61502838134766,112.98689270019531
673.7454704929271,268.57764772408115,94.61502838134766,112.98689270019531
673.7454704929271,268.57764772408115,94.61502838134766,112.98689270019531
707.8555071976529,355.0077370825919,96.70838928222656,115.48672485351562
714.9495703345702,358.7634175668423,96.70838928222656,115.48672485351562
711.1938898503199,353.33854575625844,96.70838928222656,115.48672485351562
716.6187616609037,360.43260889317577,96.70838928222656,115.48672485351562
720.374442145154,355.0077370825919,96.70838928222656,115.48672485351562
715.784165997737,349.58286527200806,96.70838928222656,115.48672485351562
719.5398464819873,344.99258912459095,96.70838928222656,115.48672485351562
712.4457833450699,338.73312165084036,96.70838928222656,115.48672485351562
705.3517202081525,342.48880213509074,96.70838928222656,115.48672485351562
689.077104776401,344.5752912930076,96.70838928222656,115.48672485351562
671.133298018316,343.3233977982575,96.70838928222656,115.48672485351562
649.851108607564,345.4098869561743,96.70838928222656,115.48672485351562
641.0878541443132,344.99258912459095,96.70838928222656,115.48672485351562
635.6629823337294,348.7482696088413,96.70838928222656,115.48672485351562
631.907301849479,352.5039500930917,96.70838928222656,115.48672485351562
631.4900040178957,350.41746093517486,96.70838928222656,115.48672485351562
629.4035148599788,350.0001631035915,96.70838928222656,115.48672485351562
631.4900040178957,348.7482696088414,96.70838928222656,115.48672485351562
630.2381105231456,351.66935442992497,96.70838928222656,115.48672485351562
646.5127259548971,347.9136739456746,96.70838928222656,115.48672485351562
666.1257240393156,342.48880213509074,96.70838928222656,115.48672485351562
670.7160001867327,336.22933466134015,96.70838928222656,115.48672485351562
634.8142226466229,279.10579917982886,96.70838928222656,115.48672485351562
668.4245192306056,388.7364237619087,96.70838928222656,115.48672485351562
688.3597798464643,329.233388091451,94.64605712890625,113.02393341064453
690.401773994628,324.74100096549085,94.64605712890625,113.02393341064453
691.017314730097,323.1906743278856,92.62770080566406,110.61366271972656
688.2194875190431,325.1891223357812,92.62770080566406,110.61366271972656
681.8875263586883,324.4423431183924,90.65238952636719,108.25479125976562
672.1083738477629,327.1805058214515,90.65238952636719,108.25479125976562
663.8938857385856,326.78933972101447,90.65238952636719,108.25479125976562
659.5910586337784,329.5275024240736,90.65238952636719,108.25479125976562
655.2882315289712,330.70100072538463,90.65238952636719,108.25479125976562
654.8970654285342,332.65683122756974,90.65238952636719,108.25479125976562
657.6352281315933,333.0479973280068,90.65238952636719,108.25479125976562
654.8970654285342,331.09216682582166,90.65238952636719,108.25479125976562
656.8528959307193,333.8303295288808,90.65238952636719,108.25479125976562
656.4617298302824,333.43916342844375,90.65238952636719,108.25479125976562
658.4175603324675,335.39499393062886,90.65238952636719,108.25479125976562
654.8970654285343,336.5684922319399,90.65238952636719,108.25479125976562
654.5058993280974,335.39499393062886,90.65238952636719,108.25479125976562
648.6384078215422,335.0038278301918,90.65238952636719,108.25479125976562
641.9885841141129,337.74199053325094,90.65238952636719,108.25479125976562
627.5154383979433,336.5684922319399,90.65238952636719,108.25479125976562
620.865614690514,338.524322734125,90.65238952636719,108.25479125976562
614.9981231839588,338.133156633688,90.65238952636719,108.25479125976562
612.2599604808997,339.306654934999,90.65238952636719,108.25479125976562
611.0864621795887,342.82714983893214,90.65238952636719,108.25479125976562
608.3482994765296,343.2183159393692,90.65238952636719,108.25479125976562
610.3041299787147,345.1741464415543,90.65238952636719,108.25479125976562
606.7836350747816,347.1299769437394,90.65238952636719,108.25479125976562
604.0454723717226,345.1741464415543,90.65238952636719,108.25479125976562
606.7836350747816,348.6946413454874,90.65238952636719,108.25479125976562
601.6984757691004,351.43280404854653,90.65238952636719,108.25479125976562
597.3956486642932,350.2593057472355,90.65238952636719,108.25479125976562
598.5691469656042,352.9974684502946,90.65238952636719,108.25479125976562
594.266319860797,351.82397014898356,90.65238952636719,108.25479125976562
590.7458249568639,353.77980065116867,90.65238952636719,108.25479125976562
590.3546588564269,354.1709667516057,90.65238952636719,108.25479125976562
587.6164961533678,355.34446505291675,90.65238952636719,108.25479125976562
588.0076622538048,355.7356311533538,90.65238952636719,108.25479125976562
584.4871673498717,354.56213285204274,90.65238952636719,108.25479125976562
584.0960012494347,358.08262775597586,90.65238952636719,108.25479125976562
582.1401707472496,356.9091294546648,90.65238952636719,108.25479125976562
584.8783334503087,355.7356311533538,90.65238952636719,108.25479125976562
579.7931741446274,358.4737938564129,90.65238952636719,108.25479125976562
580.1843402450644,357.30029555510185,90.65238952636719,108.25479125976562
579.7931741446274,356.1267972537908,90.65238952636719,108.25479125976562
582.5313368476865,354.95329895247977,90.65238952636719,108.25479125976562
581.3578385463754,356.1267972537908,90.65238952636719,108.25479125976562
577.8373436424423,353.3886345507317,90.65238952636719,108.25479125976562
573.5345165376351,356.1267972537908,90.65238952636719,108.25479125976562
573.1433504371981,354.95329895247977,90.65238952636719,108.25479125976562
574.3168487385092,356.9091294546649,90.65238952636719,108.25479125976562
572.3610182363241,354.95329895247977,90.65238952636719,108.25479125976562
572.752184336761,353.7798006511687,90.65238952636719,108.25479125976562
573.9256826380721,353.3886345507317,90.65238952636719,108.25479125976562
570.405187734139,352.99746845029466,90.65238952636719,108.25479125976562
573.143350437198,354.95329895247977,90.65238952636719,108.25479125976562
569.6228555332649,352.99746845029466,90.65238952636719,108.25479125976562
576.2726792406942,356.5179633542278,90.65238952636719,108.25479125976562
580.5755063455014,355.34446505291675,90.65238952636719,108.25479125976562
596.6133164634191,354.1709667516057,90.65238952636719,108.25479125976562
603.2631401708484,352.99746845029466,90.65238952636719,108.25479125976562
607.5659672756556,355.7356311533538,90.65238952636719,108.25479125976562
612.6511265813368,352.99746845029466,90.65238952636719,108.25479125976562
612.2599604808998,354.95329895247977,90.65238952636719,108.25479125976562
609.5217977778408,351.43280404854664,90.65238952636719,108.25479125976562
609.9129638782778,350.2593057472356,90.65238952636719,108.25479125976562
609.9129638782778,350.2593057472356,90.65238952636719,108.25479125976562
665.4850231669606,374.95398925343727,90.65238952636719,108.25479125976562
665.4850231669606,374.95398925343727,90.65238952636719,108.25479125976562
665.4850231669606,374.95398925343727,90.65238952636719,108.25479125976562
479.45092332895,359.1782308359748,90.65238952636719,108.25479125976562
583.8922721456333,350.1814105259234,90.65238952636719,108.25479125976562
575.677784036456,348.2255800237383,90.65238952636719,108.25479125976562
583.1099399447594,352.5284071285455,90.65238952636719,108.25479125976562
628.0671429378856,243.41904492885124,90.65238952636719,108.25479125976562
612.8600819663036,350.57937734007623,92.65807342529297,110.6499252319336
617.2581091208046,354.1777631937589,92.65807342529297,110.6499252319336
613.659723267122,351.37901864089457,92.65807342529297,110.6499252319336
613.2599026167128,348.58027408803025,92.65807342529297,110.6499252319336
615.2590058687587,352.1786599417129,92.65807342529297,110.6499252319336
618.0577504216229,350.9791979904854,92.65807342529297,110.6499252319336
619.2572123728505,352.1786599417129,92.65807342529297,110.6499252319336
626.853804730625,354.97740449457723,92.65807342529297,110.6499252319336
632.0514731859445,359.3754316490783,92.65807342529297,110.6499252319336
632.0514731859445,359.3754316490783,92.65807342529297,110.6499252319336
615.2702001369944,354.2447830709417,92.65807342529297,110.6499252319336
615.2702001369944,354.2447830709417,92.65807342529297,110.6499252319336
659.650292332414,358.64281022544276,92.65807342529297,110.6499252319336
672.8443737959171,359.8422721766703,92.65807342529297,110.6499252319336
680.4409661536916,356.24388632298763,92.65807342529297,110.6499252319336
680.4409661536916,356.24388632298763,92.65807342529297,110.6499252319336
603.5317675200415,337.10624171967527,92.65807342529297,110.6499252319336
584.8661839194881,438.9902454588812,92.65807342529297,110.6499252319336
584.8661839194881,438.9902454588812,92.65807342529297,110.6499252319336
584.8661839194881,438.9902454588812,92.65807342529297,110.6499252319336
560.0556385351381,276.75267148624744,92.65807342529297,110.6499252319336
560.0556385351381,276.75267148624744,92.65807342529297,110.6499252319336
619.2382426415422,279.6360507724793,92.65807342529297,110.6499252319336
619.2382426415422,279.6360507724793,92.65807342529297,110.6499252319336
619.2382426415422,279.6360507724793,92.65807342529297,110.6499252319336
627.4231882136523,413.56490246482343,92.65807342529297,110.6499252319336
627.4231882136523,413.56490246482343,92.65807342529297,110.6499252319336
643.2086154936442,416.6190043797457,92.65807342529297,110.6499252319336
643.2086154936442,416.6190043797457,92.65807342529297,110.6499252319336
542.0162106379696,419.1677572119804,92.65807342529297,110.6499252319336
609.7530908983599,459.0268963954808,92.65807342529297,110.6499252319336
579.5110571843256,463.08710347215447,92.65807342529297,110.6499252319336
611.3003908701545,487.49353033551233,92.65807342529297,110.6499252319336
655.6803595569028,368.27710395119414,92.65807342529297,110.6499252319336
655.6803595569028,368.27710395119414,92.65807342529297,110.6499252319336
655.6803595569028,368.27710395119414,92.65807342529297,110.6499252319336
655.6803595569028,368.27710395119414,92.65807342529297,110.6499252319336
655.6803595569028,368.27710395119414,92.65807342529297,110.6499252319336
657.5030253062997,512.1208190142293,92.65807342529297,110.6499252319336
657.5030253062997,512.1208190142293,92.65807342529297,110.6499252319336
667.7102575243783,468.16710913461,92.65807342529297,110.6499252319336
235.3362196151462,553.6400346174773,92.65807342529297,110.6499252319336
205.0073835020434,606.7447151860988,92.65807342529297,110.6499252319336
205.0073835020434,606.7447151860988,92.65807342529297,110.6499252319336
389.52354213484256,460.67803305514326,92.65807342529297,110.6499252319336
215.00923224931176,599.1082980372378,92.65807342529297,110.6499252319336
404.78408590281725,590.6940833739221,92.65807342529297,110.6499252319336
404.78408590281725,590.6940833739221,92.65807342529297,110.6499252319336
404.78408590281725,590.6940833739221,92.65807342529297,110.6499252319336
404.78408590281725,590.6940833739221,92.65807342529297,110.6499252319336
248.49516069108603,581.5622638139835,92.65807342529297,110.6499252319336
294.23235627331826,539.0571830107729,92.65807342529297,110.6499252319336
294.23235627331826,539.0571830107729,92.65807342529297,110.6499252319336
388.39850595329557,607.5204948962344,92.65807342529297,110.6499252319336
388.39850595329557,607.5204948962344,92.65807342529297,110.6499252319336
283.5516120725397,671.3008178264636,92.65807342529297,110.6499252319336
465.97724775963775,625.0634117033836,92.65807342529297,110.6499252319336
465.97724775963775,625.0634117033836,92.65807342529297,110.6499252319336
303.10787701452784,477.2409156599963,92.65807342529297,110.6499252319336
448.4424530502712,644.5493161478671,92.65807342529297,110.6499252319336
448.4424530502712,644.5493161478671,92.65807342529297,110.6499252319336
448.4424530502712,644.5493161478671,92.65807342529297,110.6499252319336
448.4424530502712,644.5493161478671,92.65807342529297,110.6499252319336
448.4424530502712,644.5493161478671,92.65807342529297,110.6499252319336
431.70581055583455,566.5533564365369,92.65807342529297,110.6499252319336
514.9201562771575,401.57182298622547,92.65807342529297,110.6499252319336
592.3583490964475,294.6913584052887,92.65807342529297,110.6499252319336
592.3583490964475,294.6913584052887,92.65807342529297,110.6499252319336
575.1068338210332,426.67760955104234,92.65807342529297,110.6499252319336
618.623837972264,432.6973678438096,92.65807342529297,110.6499252319336
618.623837972264,432.6973678438096,92.65807342529297,110.6499252319336
543.0381880157928,422.10758068450207,92.65807342529297,110.6499252319336
543.0381880157928,422.10758068450207,92.65807342529297,110.6499252319336
667.7696656476068,311.22060046477907,92.65807342529297,110.6499252319336
667.7696656476068,311.22060046477907,92.65807342529297,110.6499252319336
667.7696656476068,311.22060046477907,92.65807342529297,110.6499252319336
561.0175519883543,369.19459477411095,92.65807342529297,110.6499252319336
565.4155791428553,372.7929806277936,92.65807342529297,110.6499252319336
565.4155791428553,372.7929806277936,92.65807342529297,110.6499252319336
638.6803195875393,442.2094932342934,92.65807342529297,110.6499252319336
602.4214102552568,361.02694944716427,92.65807342529297,110.6499252319336
574.0341440762046,367.82390050412045,92.65807342529297,110.6499252319336
590.05152672749,365.53539780413183,90.68211364746094,108.290283203125
607.6597726849986,366.70928086796573,90.68211364746094,108.290283203125
626.8331960609524,363.9702203856866,90.68211364746094,108.290283203125
672.4272086069525,284.7464265435915,90.68211364746094,108.290283203125
665.4264043677271,364.3850692610158,90.68211364746094,108.290283203125
665.4264043677271,364.3850692610158,90.68211364746094,108.290283203125
665.4264043677271,364.3850692610158,90.68211364746094,108.290283203125
597.3235274681554,469.58196793956176,90.68211364746094,108.290283203125
655.2840139310483,349.4693935156372,90.68211364746094,108.290283203125
655.2840139310483,349.4693935156372,90.68211364746094,108.290283203125
612.3380864781609,457.7822561497218,90.68211364746094,108.290283203125
612.3380864781609,457.7822561497218,90.68211364746094,108.290283203125
714.0043642338069,376.3408096839723,88.748291015625,105.98095703125
706.7283164256569,374.42606026077493,88.748291015625,105.98095703125
700.2181683867859,376.3408096839723,88.748291015625,105.98095703125
700.2181683867859,376.3408096839723,88.748291015625,105.98095703125
700.2181683867859,376.3408096839723,88.748291015625,105.98095703125
629.6449923488219,335.52425271285745,88.748291015625,105.98095703125
629.6449923488219,335.52425271285745,88.748291015625,105.98095703125
629.6449923488219,335.52425271285745,88.748291015625,105.98095703125
629.6449923488219,335.52425271285745,88.748291015625,105.98095703125
629.6449923488219,335.52425271285745,88.748291015625,105.98095703125
629.6449923488219,335.52425271285745,88.748291015625,105.98095703125
552.0000234420866,287.0252885151099,88.748291015625,105.98095703125
617.0733960080489,475.4072927581162,88.748291015625,105.98095703125
617.0733960080489,475.4072927581162,88.748291015625,105.98095703125
634.5133714663549,335.41983274166427,88.748291015625,105.98095703125
662.9031164658369,373.7512421992635,88.748291015625,105.98095703125
664.3070923837404,380.80855764281665,88.748291015625,105.98095703125
610.1378598266483,462.7472806041292,88.748291015625,105.98095703125
596.1239981560515,366.15901325772927,88.748291015625,105.98095703125
609.5480090256343,433.1058000781927,88.748291015625,105.98095703125
609.5480090256343,433.1058000781927,88.748291015625,105.98095703125
670.540877555706,256.30840664060713,88.748291015625,105.98095703125
584.3771535118249,358.5560258393459,88.748291015625,105.98095703125
577.1011057036749,358.9389757239854,88.748291015625,105.98095703125
572.1227572033617,363.15142445501954,88.748291015625,105.98095703125
534.3436724920595,269.9572943119698,88.748291015625,105.98095703125
641.2964386161793,339.35303292434156,88.748291015625,105.98095703125
516.9523424013021,415.7548262950389,88.748291015625,105.98095703125
481.7294088484148,356.91144013474786,88.748291015625,105.98095703125
481.7294088484148,356.91144013474786,88.748291015625,105.98095703125
481.7294088484148,356.91144013474786,88.748291015625,105.98095703125
490.9672065841082,391.4309670324465,88.748291015625,105.98095703125
490.9672065841082,391.4309670324465,88.748291015625,105.98095703125
490.9672065841082,391.4309670324465,88.748291015625,105.98095703125
490.9672065841082,391.4309670324465,88.748291015625,105.98095703125
490.9672065841082,391.4309670324465,88.748291015625,105.98095703125
574.4149340204298,292.4368993878811,88.748291015625,105.98095703125
667.2911055332702,239.84560267632077,88.748291015625,105.98095703125
564.0831002076359,725.5414910798243,88.748291015625,105.98095703125
612.6659206721494,-4.559483952569252,88.748291015625,105.98095703125
612.6659206721494,-4.559483952569252,88.748291015625,105.98095703125
600.7345191557844,698.982573197877,88.748291015625,105.98095703125
600.7345191557844,698.982573197877,88.748291015625,105.98095703125
604.8535707124013,13.284608467816241,88.748291015625,105.98095703125
623.7833699546941,579.5982096364075,88.748291015625,105.98095703125
655.3572153665687,566.8982602400749,88.748291015625,105.98095703125
650.4987483351531,716.3987684554849,88.748291015625,105.98095703125
649.9710052130722,662.8215492598298,88.748291015625,105.98095703125
659.0359683169843,351.6185232992632,88.748291015625,105.98095703125
659.0359683169843,351.6185232992632,88.748291015625,105.98095703125
659.0359683169843,351.6185232992632,88.748291015625,105.98095703125
659.0359683169843,351.6185232992632,88.748291015625,105.98095703125
467.8751236570385,298.84825367639934,88.748291015625,105.98095703125
468.24648526038175,365.0788190225079,88.748291015625,105.98095703125
603.2789040708112,253.88402676475107,88.748291015625,105.98095703125
663.2734613621284,428.7435896531116,88.748291015625,105.98095703125
663.2734613621284,428.7435896531116,88.748291015625,105.98095703125
656.8734939764621,322.47945890473744,88.748291015625,105.98095703125
656.8734939764621,322.47945890473744,88.748291015625,105.98095703125
551.4396044209869,269.36001668323854,88.748291015625,105.98095703125
551.4396044209869,269.36001668323854,88.748291015625,105.98095703125
562.3960287747076,418.9957185165822,88.748291015625,105.98095703125
657.5816917103366,428.8309789315905,88.748291015625,105.98095703125
657.5816917103366,428.8309789315905,88.748291015625,105.98095703125
657.5816917103366,428.8309789315905,88.748291015625,105.98095703125
657.5816917103366,428.8309789315905,88.748291015625,105.98095703125
502.50276885847643,351.7351920757261,88.748291015625,105.98095703125
502.50276885847643,351.7351920757261,88.748291015625,105.98095703125
469.21152549653084,415.7960745850942,88.748291015625,105.98095703125
469.21152549653084,415.7960745850942,88.748291015625,105.98095703125
635.0065498801916,336.70914998082435,88.748291015625,105.98095703125
459.12359206328307,386.8933273785552,88.748291015625,105.98095703125
459.12359206328307,386.8933273785552,88.748291015625,105.98095703125
640.3953565712371,255.98818086663897,88.748291015625,105.98095703125
513.9541288289576,279.8615818424058,88.748291015625,105.98095703125
635.7093709532634,305.8010832638432,88.748291015625,105.98095703125
635.7093709532634,305.8010832638432,88.748291015625,105.98095703125
483.0758470120214,452.4757545011345,88.748291015625,105.98095703125
665.5003492397183,399.98387751370274,88.748291015625,105.98095703125
665.5003492397183,399.98387751370274,88.748291015625,105.98095703125
665.5003492397183,399.98387751370274,88.748291015625,105.98095703125
524.7805071854667,346.8463031350352,88.748291015625,105.98095703125
612.7898660216442,410.22771056678846,88.748291015625,105.98095703125
541.7198446881472,264.9057171109763,88.748291015625,105.98095703125
558.4014445677657,332.24130189645336,88.748291015625,105.98095703125
621.966590097916,256.4617547638825,88.748291015625,105.98095703125
621.966590097916,256.4617547638825,88.748291015625,105.98095703125
492.43315768289597,384.37684805413113,88.748291015625,105.98095703125
609.4266547393156,387.25849276016174,88.748291015625,105.98095703125
611.8792679876647,389.9394007267581,88.748291015625,105.98095703125
611.8792679876647,389.9394007267581,88.748291015625,105.98095703125
611.8792679876647,389.9394007267581,88.748291015625,105.98095703125
542.5775811707647,277.1694431473344,88.748291015625,105.98095703125
542.5775811707647,277.1694431473344,88.748291015625,105.98095703125
606.2284598089449,325.615384874375,88.748291015625,105.98095703125
606.2284598089449,325.615384874375,88.748291015625,105.98095703125
606.2284598089449,325.615384874375,88.748291015625,105.98095703125
606.2284598089449,325.615384874375,88.748291015625,105.98095703125
618.2694851227232,299.85362262186385,88.748291015625,105.98095703125
618.2694851227232,299.85362262186385,88.748291015625,105.98095703125
618.2694851227232,299.85362262186385,88.748291015625,105.98095703125
618.2694851227232,299.85362262186385,88.748291015625,105.98095703125
618.2694851227232,299.85362262186385,88.748291015625,105.98095703125
618.2694851227232,299.85362262186385,88.748291015625,105.98095703125
633.863916995814,439.21850554178934,88.748291015625,105.98095703125
672.5833900762916,387.8037724619037,88.748291015625,105.98095703125
551.704511163494,451.1880314860008,88.748291015625,105.98095703125
551.704511163494,451.1880314860008,88.748291015625,105.98095703125
551.704511163494,451.1880314860008,88.748291015625,105.98095703125
551.704511163494,451.1880314860008,88.748291015625,105.98095703125
330.59837389873405,583.5358612741536,88.748291015625,105.98095703125
666.7200088262916,368.27118370960375,88.748291015625,105.98095703125
9.73590901091405,677.3020064417425,88.748291015625,105.98095703125
647.1356266593001,362.10348941834457,88.748291015625,105.98095703125
647.1356266593001,362.10348941834457,88.748291015625,105.98095703125
647.1356266593001,362.10348941834457,88.748291015625,105.98095703125
647.1356266593001,362.10348941834457,88.748291015625,105.98095703125
570.1469008992947,402.71202022785235,88.748291015625,105.98095703125
585.5394856574931,331.9314362656029,88.748291015625,105.98095703125
585.5394856574931,331.9314362656029,88.748291015625,105.98095703125
585.5394856574931,331.9314362656029,88.748291015625,105.98095703125
585.5394856574931,331.9314362656029,88.748291015625,105.98095703125
585.5394856574931,331.9314362656029,88.748291015625,105.98095703125
585.5394856574931,331.9314362656029,88.748291015625,105.98095703125
585.5394856574931,331.9314362656029,88.748291015625,105.98095703125
585.5394856574931,331.9314362656029,88.748291015625,105.98095703125
651.9506050171644,265.33687029716134,88.748291015625,105.98095703125
651.9506050171644,265.33687029716134,88.748291015625,105.98095703125
651.9506050171644,265.33687029716134,88.748291015625,105.98095703125
651.9506050171644,265.33687029716134,88.748291015625,105.98095703125
651.9506050171644,265.33687029716134,88.748291015625,105.98095703125
643.8892265008546,375.8997276712653,88.748291015625,105.98095703125
643.8892265008546,375.8997276712653,88.748291015625,105.98095703125
631.2455629809306,351.8362625754648,88.748291015625,105.98095703125
631.2455629809306,351.8362625754648,88.748291015625,105.98095703125
589.4087695131941,288.22863388326056,88.748291015625,105.98095703125
589.4087695131941,288.22863388326056,88.748291015625,105.98095703125
589.4087695131941,288.22863388326056,88.748291015625,105.98095703125
589.4087695131941,288.22863388326056,88.748291015625,105.98095703125
634.0626284189168,426.7932481002333,88.748291015625,105.98095703125
634.0626284189168,426.7932481002333,88.748291015625,105.98095703125
634.0626284189168,426.7932481002333,88.748291015625,105.98095703125
634.0626284189168,426.7932481002333,88.748291015625,105.98095703125
634.0626284189168,426.7932481002333,88.748291015625,105.98095703125
634.0626284189168,426.7932481002333,88.748291015625,105.98095703125
634.0626284189168,426.7932481002333,88.748291015625,105.98095703125
634.0626284189168,426.7932481002333,88.748291015625,105.98095703125
634.0626284189168,426.7932481002333,88.748291015625,105.98095703125
533.651616047562,428.0450341710018,88.748291015625,105.98095703125
118.33397594031274,69.54423351161921,88.748291015625,105.98095703125
671.8247675249969,345.15896605531566,88.748291015625,105.98095703125
671.8247675249969,345.15896605531566,88.748291015625,105.98095703125
671.8247675249969,345.15896605531566,88.748291015625,105.98095703125
671.8247675249969,345.15896605531566,88.748291015625,105.98095703125
671.8247675249969,345.15896605531566,88.748291015625,105.98095703125
671.8247675249969,345.15896605531566,88.748291015625,105.98095703125
671.8247675249969,345.15896605531566,88.748291015625,105.98095703125
671.8247675249969,345.15896605531566,88.748291015625,105.98095703125
671.8247675249969,345.15896605531566,88.748291015625,105.98095703125
671.8247675249969,345.15896605531566,88.748291015625,105.98095703125
671.8247675249969,345.15896605531566,88.748291015625,105.98095703125
614.8444272287148,423.1767019652368,88.748291015625,105.98095703125
614.8444272287148,423.1767019652368,88.748291015625,105.98095703125
552.4421074972148,354.4188955705822,88.748291015625,105.98095703125
552.4421074972148,354.4188955705822,88.748291015625,105.98095703125
552.4421074972148,354.4188955705822,88.748291015625,105.98095703125
552.4421074972148,354.4188955705822,88.748291015625,105.98095703125
552.4421074972148,354.4188955705822,88.748291015625,105.98095703125
552.4421074972148,354.4188955705822,88.748291015625,105.98095703125
552.4421074972148,354.4188955705822,88.748291015625,105.98095703125
552.4421074972148,354.4188955705822,88.748291015625,105.98095703125
552.4421074972148,354.4188955705822,88.748291015625,105.98095703125
589.6487663411497,316.2122836561206,88.748291015625,105.98095703125
589.6487663411497,316.2122836561206,88.748291015625,105.98095703125
589.6487663411497,316.2122836561206,88.748291015625,105.98095703125
589.6487663411497,316.2122836561206,88.748291015625,105.98095703125
589.6487663411497,316.2122836561206,88.748291015625,105.98095703125
589.6487663411497,316.2122836561206,88.748291015625,105.98095703125
589.6487663411497,316.2122836561206,88.748291015625,105.98095703125
589.6487663411497,316.2122836561206,88.748291015625,105.98095703125
589.6487663411497,316.2122836561206,88.748291015625,105.98095703125
589.6487663411497,316.2122836561206,88.748291015625,105.98095703125
589.6487663411497,316.2122836561206,88.748291015625,105.98095703125
589.6487663411497,316.2122836561206,88.748291015625,105.98095703125
589.6487663411497,316.2122836561206,88.748291015625,105.98095703125
589.6487663411497,316.2122836561206,88.748291015625,105.98095703125
589.6487663411497,316.2122836561206,88.748291015625,105.98095703125
589.6487663411497,316.2122836561206,88.748291015625,105.98095703125
589.6487663411497,316.2122836561206,88.748291015625,105.98095703125
621.7416445919611,311.0354493061922,88.748291015625,105.98095703125
621.7416445919611,311.0354493061922,88.748291015625,105.98095703125
621.7416445919611,311.0354493061922,88.748291015625,105.98095703125
621.7416445919611,311.0354493061922,88.748291015625,105.98095703125
644.809909337079,342.58764090732245,88.748291015625,105.98095703125
644.809909337079,342.58764090732245,88.748291015625,105.98095703125
634.2254497688562,394.0170970646561,88.748291015625,105.98095703125
634.2254497688562,394.0170970646561,88.748291015625,105.98095703125
634.2254497688562,394.0170970646561,88.748291015625,105.98095703125
634.2254497688562,394.0170970646561,88.748291015625,105.98095703125
634.2254497688562,394.0170970646561,88.748291015625,105.98095703125
634.2254497688562,394.0170970646561,88.748291015625,105.98095703125
634.2254497688562,394.0170970646561,88.748291015625,105.98095703125
441.9582242007497,573.9695585517134,88.748291015625,105.98095703125
640.9439645415761,313.173755015942,88.748291015625,105.98095703125
640.9439645415761,313.173755015942,88.748291015625,105.98095703125
640.9439645415761,313.173755015942,88.748291015625,105.98095703125
556.6210935821634,251.75544420270313,88.748291015625,105.98095703125
631.2915518631717,266.39098660685374,88.748291015625,105.98095703125
523.9913825898773,266.82706139546394,88.748291015625,105.98095703125
523.9913825898773,266.82706139546394,88.748291015625,105.98095703125
523.9913825898773,266.82706139546394,88.748291015625,105.98095703125
623.3112295503338,284.3930542494684,88.748291015625,105.98095703125
632.2984151228978,295.11451951620245,88.748291015625,105.98095703125
532.2453433650037,320.194808674044,88.748291015625,105.98095703125
532.2453433650037,320.194808674044,88.748291015625,105.98095703125
532.2453433650037,320.194808674044,88.748291015625,105.98095703125
655.3258499369199,621.2002937768227,88.748291015625,105.98095703125
655.3258499369199,621.2002937768227,88.748291015625,105.98095703125
564.4053727153781,504.7325119913312,88.748291015625,105.98095703125
564.4053727153781,504.7325119913312,88.748291015625,105.98095703125
567.4344954501436,522.9563841393258,88.748291015625,105.98095703125
567.4344954501436,522.9563841393258,88.748291015625,105.98095703125
514.1068769117361,249.58184211899902,88.748291015625,105.98095703125
514.1068769117361,249.58184211899902,88.748291015625,105.98095703125
585.7216069768374,415.67007945272974,88.748291015625,105.98095703125
585.7216069768374,415.67007945272974,88.748291015625,105.98095703125
585.7216069768374,415.67007945272974,88.748291015625,105.98095703125
585.7216069768374,415.67007945272974,88.748291015625,105.98095703125
585.7216069768374,415.67007945272974,88.748291015625,105.98095703125
585.7216069768374,415.67007945272974,88.748291015625,105.98095703125
35.756244362597315,368.91463109884467,88.748291015625,105.98095703125
105.141832597172,261.73788941361124,88.748291015625,105.98095703125
105.141832597172,261.73788941361124,88.748291015625,105.98095703125
-7.505612602263966,224.5540118669801,88.748291015625,105.98095703125
635.3036012337705,402.2620430470809,88.748291015625,105.98095703125
635.3036012337705,402.2620430470809,88.748291015625,105.98095703125
635.3036012337705,402.2620430470809,88.748291015625,105.98095703125
635.3036012337705,402.2620430470809,88.748291015625,105.98095703125
635.3036012337705,402.2620430470809,88.748291015625,105.98095703125
635.3036012337705,402.2620430470809,88.748291015625,105.98095703125
635.3036012337705,402.2620430470809,88.748291015625,105.98095703125
635.3036012337705,402.2620430470809,88.748291015625,105.98095703125
240.58289291633542,229.94297374196321,88.748291015625,105.98095703125
240.58289291633542,229.94297374196321,88.748291015625,105.98095703125
240.58289291633542,229.94297374196321,88.748291015625,105.98095703125
598.6824375162707,253.8790098638732,88.748291015625,105.98095703125
598.6824375162707,253.8790098638732,88.748291015625,105.98095703125
612.5230055408086,243.24444007191642,88.748291015625,105.98095703125
612.5230055408086,243.24444007191642,88.748291015625,105.98095703125
612.5230055408086,243.24444007191642,88.748291015625,105.98095703125
641.4315468877151,246.7303346059265,88.748291015625,105.98095703125
641.4315468877151,246.7303346059265,88.748291015625,105.98095703125
641.4315468877151,246.7303346059265,88.748291015625,105.98095703125
641.4315468877151,246.7303346059265,88.748291015625,105.98095703125
628.2804402193857,429.7975521472861,88.748291015625,105.98095703125
257.1274928021259,267.1202156477389,88.748291015625,105.98095703125
534.1973197814381,405.14607987550744,88.748291015625,105.98095703125
534.1973197814381,405.14607987550744,88.748291015625,105.98095703125
534.1973197814381,405.14607987550744,88.748291015625,105.98095703125
534.1973197814381,405.14607987550744,88.748291015625,105.98095703125
534.1973197814381,405.14607987550744,88.748291015625,105.98095703125
534.1973197814381,405.14607987550744,88.748291015625,105.98095703125
534.1973197814381,405.14607987550744,88.748291015625,105.98095703125
518.0164686388213,329.40509238359454,88.748291015625,105.98095703125
518.0164686388213,329.40509238359454,88.748291015625,105.98095703125
518.0164686388213,329.40509238359454,88.748291015625,105.98095703125
518.0164686388213,329.40509238359454,88.748291015625,105.98095703125
511.92605086323545,363.2791715655741,88.748291015625,105.98095703125
511.92605086323545,363.2791715655741,88.748291015625,105.98095703125
574.0800632674021,308.8136149991625,88.748291015625,105.98095703125
675.5116216609323,323.6463425959688,88.748291015625,105.98095703125
613.6304606222832,381.23089458004614,88.748291015625,105.98095703125
614.2007321840674,400.4459681670203,88.748291015625,105.98095703125
614.2007321840674,400.4459681670203,88.748291015625,105.98095703125
654.1651564681496,363.945626227746,88.748291015625,105.98095703125
654.1651564681496,363.945626227746,88.748291015625,105.98095703125
612.8706705348128,327.57491106115924,88.748291015625,105.98095703125
612.8706705348128,327.57491106115924,88.748291015625,105.98095703125
612.8706705348128,327.57491106115924,88.748291015625,105.98095703125
612.8706705348128,327.57491106115924,88.748291015625,105.98095703125
612.8706705348128,327.57491106115924,88.748291015625,105.98095703125
101.96933938615885,148.64133936086162,88.748291015625,105.98095703125
101.96933938615885,148.64133936086162,88.748291015625,105.98095703125
101.96933938615885,148.64133936086162,88.748291015625,105.98095703125
101.96933938615885,148.64133936086162,88.748291015625,105.98095703125
101.96933938615885,148.64133936086162,88.748291015625,105.98095703125
101.96933938615885,148.64133936086162,88.748291015625,105.98095703125
1.4433262923871268,189.30338239284382,88.748291015625,105.98095703125
59.18859047859944,109.99443386702339,88.748291015625,105.98095703125
59.18859047859944,109.99443386702339,88.748291015625,105.98095703125
59.18859047859944,109.99443386702339,88.748291015625,105.98095703125
18.059845827376783,179.81868157745197,88.748291015625,105.98095703125
18.059845827376783,179.81868157745197,88.748291015625,105.98095703125
18.059845827376783,179.81868157745197,88.748291015625,105.98095703125
104.23149025244004,253.52843478900155,88.748291015625,105.98095703125
104.23149025244004,253.52843478900155,88.748291015625,105.98095703125
104.23149025244004,253.52843478900155,88.748291015625,105.98095703125
134.75433159607698,277.7090807773253,88.748291015625,105.98095703125
134.75433159607698,277.7090807773253,88.748291015625,105.98095703125
134.75433159607698,277.7090807773253,88.748291015625,105.98095703125
229.5012748050233,164.79593348398552,88.748291015625,105.98095703125
229.5012748050233,164.79593348398552,88.748291015625,105.98095703125
237.7024045850036,119.26950963216669,88.748291015625,105.98095703125
254.72852287489746,211.97468708348322,88.748291015625,105.98095703125
519.9750831881711,272.3210480439145,88.748291015625,105.98095703125
661.3290789183428,226.81580705654937,88.748291015625,105.98095703125
293.56099204718487,224.21832809298252,88.748291015625,105.98095703125
225.78210807080922,237.3274581868635,88.748291015625,105.98095703125
225.78210807080922,237.3274581868635,88.748291015625,105.98095703125
403.8488169680599,191.53064333140662,88.748291015625,105.98095703125
322.71231976798754,221.80497171892728,88.748291015625,105.98095703125
406.5242693705699,264.27325800118695,88.748291015625,105.98095703125
406.5242693705699,264.27325800118695,88.748291015625,105.98095703125
369.88303311485197,261.66426497044154,88.748291015625,105.98095703125
369.88303311485197,261.66426497044154,88.748291015625,105.98095703125
442.7761033924167,289.72007329704934,88.748291015625,105.98095703125
442.7761033924167,289.72007329704934,88.748291015625,105.98095703125
442.7761033924167,289.72007329704934,88.748291015625,105.98095703125
442.7761033924167,289.72007329704934,88.748291015625,105.98095703125
497.5616223927684,253.32693377786256,88.748291015625,105.98095703125
497.5616223927684,253.32693377786256,88.748291015625,105.98095703125
464.45965733375976,160.29854512837971,88.748291015625,105.98095703125
569.0971348185393,294.3347271874549,88.748291015625,105.98095703125
569.0971348185393,294.3347271874549,88.748291015625,105.98095703125
569.0971348185393,294.3347271874549,88.748291015625,105.98095703125
569.0971348185393,294.3347271874549,88.748291015625,105.98095703125
569.0971348185393,294.3347271874549,88.748291015625,105.98095703125
543.1869705446638,248.24037981077595,88.748291015625,105.98095703125
553.0463180719403,140.04594930802767,88.748291015625,105.98095703125
553.0463180719403,140.04594930802767,88.748291015625,105.98095703125
596.0892638854705,266.1255363554605,88.748291015625,105.98095703125
591.8922103043839,198.9149250608321,88.748291015625,105.98095703125
-16.53219994344683,253.61075530923074,88.748291015625,105.98095703125
50.46072308102269,442.5879857234229,88.748291015625,105.98095703125
50.46072308102269,442.5879857234229,88.748291015625,105.98095703125
50.46072308102269,442.5879857234229,88.748291015625,105.98095703125
-5.069289621438465,285.43567918815756,88.748291015625,105.98095703125
-5.069289621438465,285.43567918815756,88.748291015625,105.98095703125
82.83351405942963,354.1663583315376,88.748291015625,105.98095703125
636.7086389148284,285.94205233954415,88.748291015625,105.98095703125
604.7555531488097,221.3706079970301,88.748291015625,105.98095703125
663.4409082897412,347.9274666861508,88.748291015625,105.98095703125
663.4409082897412,347.9274666861508,88.748291015625,105.98095703125
663.4409082897412,347.9274666861508,88.748291015625,105.98095703125
663.4409082897412,347.9274666861508,88.748291015625,105.98095703125
663.4409082897412,347.9274666861508,88.748291015625,105.98095703125
197.10961276756422,411.958711920784,88.748291015625,105.98095703125
71.37613894002682,371.2003706078241,88.748291015625,105.98095703125
71.37613894002682,371.2003706078241,88.748291015625,105.98095703125
240.05148620286883,419.13669045482766,88.748291015625,105.98095703125
210.46259134091764,424.143408222279,88.748291015625,105.98095703125
153.38368395798676,398.38081791652286,88.748291015625,105.98095703125
330.0420699575853,253.50332580999577,88.748291015625,105.98095703125
542.7457846703782,305.1535480340729,88.748291015625,105.98095703125
542.7457846703782,305.1535480340729,88.748291015625,105.98095703125
542.7457846703782,305.1535480340729,88.748291015625,105.98095703125
542.7457846703782,305.1535480340729,88.748291015625,105.98095703125
370.95598360690104,370.9703659250036,88.748291015625,105.98095703125
370.95598360690104,370.9703659250036,88.748291015625,105.98095703125
667.4100278562677,284.09404982507425,88.748291015625,105.98095703125
310.2620695614446,344.05456847790435,88.748291015625,105.98095703125
310.2620695614446,344.05456847790435,88.748291015625,105.98095703125
310.2620695614446,344.05456847790435,88.748291015625,105.98095703125
396.95820262382233,307.06457027004194,88.748291015625,105.98095703125
396.95820262382233,307.06457027004194,88.748291015625,105.98095703125
396.95820262382233,307.06457027004194,88.748291015625,105.98095703125
543.2229530577249,394.5909670186875,88.748291015625,105.98095703125
543.2229530577249,394.5909670186875,88.748291015625,105.98095703125
543.2229530577249,394.5909670186875,88.748291015625,105.98095703125
543.2229530577249,394.5909670186875,88.748291015625,105.98095703125
534.7185334135078,413.255309477051,88.748291015625,105.98095703125
534.7185334135078,413.255309477051,88.748291015625,105.98095703125
534.7185334135078,413.255309477051,88.748291015625,105.98095703125
498.13065933817165,339.5732956957775,88.748291015625,105.98095703125
498.13065933817165,339.5732956957775,88.748291015625,105.98095703125
419.2949478847551,355.41228570810677,88.748291015625,105.98095703125
419.2949478847551,355.41228570810677,88.748291015625,105.98095703125
419.2949478847551,355.41228570810677,88.748291015625,105.98095703125
412.3857968061688,387.7579918679555,88.748291015625,105.98095703125
606.064780107448,352.6013582881191,88.748291015625,105.98095703125
567.9484364547308,396.6898844466492,88.748291015625,105.98095703125
567.9484364547308,396.6898844466492,88.748291015625,105.98095703125
567.9484364547308,396.6898844466492,88.748291015625,105.98095703125
674.2807608964046,256.7664901673592,88.748291015625,105.98095703125
674.2807608964046,256.7664901673592,88.748291015625,105.98095703125
657.8503717507231,411.35908197267753,88.748291015625,105.98095703125
586.9213742756963,361.79856129238857,88.748291015625,105.98095703125
547.1001905588784,363.7101116886447,88.748291015625,105.98095703125
547.1001905588784,363.7101116886447,88.748291015625,105.98095703125
644.5048641515724,277.8792184893848,88.748291015625,105.98095703125
644.5048641515724,277.8792184893848,88.748291015625,105.98095703125
608.2546024228631,314.28873720217655,88.748291015625,105.98095703125
657.1987782159292,418.26998778290516,88.748291015625,105.98095703125
404.816316258757,300.1003226582006,88.748291015625,105.98095703125
647.7756712620663,411.1075581389406,88.748291015625,105.98095703125
647.7756712620663,411.1075581389406,88.748291015625,105.98095703125
647.7756712620663,411.1075581389406,88.748291015625,105.98095703125
658.573112152807,298.41138331039065,88.748291015625,105.98095703125
658.573112152807,298.41138331039065,88.748291015625,105.98095703125
658.2084059554926,434.9223332611747,88.748291015625,105.98095703125
658.2084059554926,434.9223332611747,88.748291015625,105.98095703125
658.2084059554926,434.9223332611747,88.748291015625,105.98095703125
658.2084059554926,434.9223332611747,88.748291015625,105.98095703125
658.2084059554926,434.9223332611747,88.748291015625,105.98095703125
658.2084059554926,434.9223332611747,88.748291015625,105.98095703125
658.2084059554926,434.9223332611747,88.748291015625,105.98095703125
658.2084059554926,434.9223332611747,88.748291015625,105.98095703125
654.9132162202029,395.88211915777833,88.748291015625,105.98095703125
647.490295657808,332.9973546765356,88.748291015625,105.98095703125
647.490295657808,332.9973546765356,88.748291015625,105.98095703125
632.0884963967559,345.9505400800988,88.748291015625,105.98095703125
632.0884963967559,345.9505400800988,88.748291015625,105.98095703125
632.0884963967559,345.9505400800988,88.748291015625,105.98095703125
632.0884963967559,345.9505400800988,88.748291015625,105.98095703125
632.0884963967559,345.9505400800988,88.748291015625,105.98095703125
632.0884963967559,345.9505400800988,88.748291015625,105.98095703125
660.4777902918485,317.03084639487986,88.748291015625,105.98095703125
660.4777902918485,317.03084639487986,88.748291015625,105.98095703125
671.366969728562,368.1020251392502,88.748291015625,105.98095703125
671.366969728562,368.1020251392502,88.748291015625,105.98095703125
671.366969728562,368.1020251392502,88.748291015625,105.98095703125
671.366969728562,368.1020251392502,88.748291015625,105.98095703125
671.366969728562,368.1020251392502,88.748291015625,105.98095703125
671.366969728562,368.1020251392502,88.748291015625,105.98095703125
671.366969728562,368.1020251392502,88.748291015625,105.98095703125
615.6450299318288,373.1456590374563,88.748291015625,105.98095703125
615.6450299318288,373.1456590374563,88.748291015625,105.98095703125
615.6450299318288,373.1456590374563,88.748291015625,105.98095703125
615.6450299318288,373.1456590374563,88.748291015625,105.98095703125
644.4641946719222,486.06574020126186,88.748291015625,105.98095703125
644.4641946719222,486.06574020126186,88.748291015625,105.98095703125
644.4641946719222,486.06574020126186,88.748291015625,105.98095703125
644.4641946719222,486.06574020126186,88.748291015625,105.98095703125
554.4105107195516,418.6928197474063,88.748291015625,105.98095703125
554.4105107195516,418.6928197474063,88.748291015625,105.98095703125
554.4105107195516,418.6928197474063,88.748291015625,105.98095703125
580.3064599878096,368.99646462230646,88.748291015625,105.98095703125
577.7551502035553,413.9830808042521,88.748291015625,105.98095703125
577.7551502035553,413.9830808042521,88.748291015625,105.98095703125
563.2832555782364,354.87667399891023,88.748291015625,105.98095703125
563.2832555782364,354.87667399891023,88.748291015625,105.98095703125
529.1439461965085,412.60063779165165,88.748291015625,105.98095703125
355.3275446696712,337.1904775107569,88.748291015625,105.98095703125
-30.089801153675158,621.0055959798333,88.748291015625,105.98095703125
429.35680468656443,315.9778864019799,88.748291015625,105.98095703125
429.35680468656443,315.9778864019799,88.748291015625,105.98095703125
429.35680468656443,315.9778864019799,88.748291015625,105.98095703125
479.16871463258974,361.07428615023764,88.748291015625,105.98095703125
471.79652522571894,434.47720276108555,88.748291015625,105.98095703125
275.19318491162494,391.82584081298,88.748291015625,105.98095703125
275.19318491162494,391.82584081298,88.748291015625,105.98095703125
320.7003887930214,373.780203969746,88.748291015625,105.98095703125
320.7003887930214,373.780203969746,88.748291015625,105.98095703125
312.54639297980634,297.4460111707491,88.748291015625,105.98095703125
312.54639297980634,297.4460111707491,88.748291015625,105.98095703125
191.49081494633384,370.76781194857415,88.748291015625,105.98095703125
191.49081494633384,370.76781194857415,88.748291015625,105.98095703125
187.7702320595637,316.08825419363,88.748291015625,105.98095703125
359.04176133923033,426.126082224815,88.748291015625,105.98095703125
359.04176133923033,426.126082224815,88.748291015625,105.98095703125
152.46189666641544,339.73730615846205,88.748291015625,105.98095703125
272.0617067068611,392.0103306931951,88.748291015625,105.98095703125
272.0617067068611,392.0103306931951,88.748291015625,105.98095703125
253.5702334740733,455.95515845298746,88.748291015625,105.98095703125
126.75426042105491,355.6456647637853,88.748291015625,105.98095703125
126.75426042105491,355.6456647637853,88.748291015625,105.98095703125
169.04767463597648,354.03364194903486,88.748291015625,105.98095703125
169.04767463597648,354.03364194903486,88.748291015625,105.98095703125
147.08722166783886,435.81057780524304,88.748291015625,105.98095703125
143.97950821517065,452.144295997257,88.748291015625,105.98095703125
143.97950821517065,452.144295997257,88.748291015625,105.98095703125
143.97950821517065,452.144295997257,88.748291015625,105.98095703125
143.97950821517065,452.144295997257,88.748291015625,105.98095703125
631.2293084907681,209.18041686931787,88.748291015625,105.98095703125
631.2293084907681,209.18041686931787,88.748291015625,105.98095703125
631.2293084907681,209.18041686931787,88.748291015625,105.98095703125
631.2293084907681,209.18041686931787,88.748291015625,105.98095703125
631.2293084907681,209.18041686931787,88.748291015625,105.98095703125
85.51974179246776,326.1876226549893,88.748291015625,105.98095703125
85.51974179246776,326.1876226549893,88.748291015625,105.98095703125
91.29941010378488,417.81315489410997,88.748291015625,105.98095703125
625.5805576849579,359.72817065200644,88.748291015625,105.98095703125
576.8913388395156,245.23417754819536,88.748291015625,105.98095703125
576.8913388395156,245.23417754819536,88.748291015625,105.98095703125
637.347398922816,251.70900346274692,88.748291015625,105.98095703125
637.347398922816,251.70900346274692,88.748291015625,105.98095703125
574.2428806862242,295.2796215620963,88.748291015625,105.98095703125
574.2428806862242,295.2796215620963,88.748291015625,105.98095703125
574.2428806862242,295.2796215620963,88.748291015625,105.98095703125
574.2428806862242,295.2796215620963,88.748291015625,105.98095703125
463.83302108358276,227.78154771423954,88.748291015625,105.98095703125
333.44370459975266,394.21329866895076,88.748291015625,105.98095703125
462.7005811514533,235.94980972921394,88.748291015625,105.98095703125
462.7005811514533,235.94980972921394,88.748291015625,105.98095703125
363.26082503471025,331.97835186961595,88.748291015625,105.98095703125
427.1265192404219,390.5040115062859,88.748291015625,105.98095703125
427.1265192404219,390.5040115062859,88.748291015625,105.98095703125
332.35079473064116,262.87156621346355,88.748291015625,105.98095703125
332.35079473064116,262.87156621346355,88.748291015625,105.98095703125
332.35079473064116,262.87156621346355,88.748291015625,105.98095703125
278.68309186059207,399.7266970585987,88.748291015625,105.98095703125
438.83701350422,408.53648382522124,88.748291015625,105.98095703125
306.4754193230416,290.91415731440975,88.748291015625,105.98095703125
414.156028117758,332.5031246258203,88.748291015625,105.98095703125
414.156028117758,332.5031246258203,88.748291015625,105.98095703125
436.3122422831739,392.32388752872936,88.748291015625,105.98095703125
412.4851000787622,300.6549082769817,88.748291015625,105.98095703125
422.68983257340585,355.86982783663956,88.748291015625,105.98095703125
276.2037158065087,349.62132870317976,88.748291015625,105.98095703125
372.6220982895775,204.46067435465352,88.748291015625,105.98095703125
349.12339154276907,263.86662238872714,88.748291015625,105.98095703125
148.47467597606172,550.5221484468314,88.748291015625,105.98095703125
231.65351296901622,642.6135651502642,88.748291015625,105.98095703125
231.65351296901622,642.6135651502642,88.748291015625,105.98095703125
118.9200434187303,666.0090173424433,88.748291015625,105.98095703125
118.9200434187303,666.0090173424433,88.748291015625,105.98095703125
319.3556184622924,243.2972045859026,88.748291015625,105.98095703125
319.3556184622924,243.2972045859026,88.748291015625,105.98095703125
319.3556184622924,243.2972045859026,88.748291015625,105.98095703125
345.0806411066402,352.44112960777045,88.748291015625,105.98095703125
231.54957074570365,190.94296503856185,88.748291015625,105.98095703125
231.54957074570365,190.94296503856185,88.748291015625,105.98095703125
333.29913535976675,236.2450851855408,88.748291015625,105.98095703125
333.29913535976675,236.2450851855408,88.748291015625,105.98095703125
260.91636043787133,284.393831305331,88.748291015625,105.98095703125
303.8113396002864,178.5591903786252,88.748291015625,105.98095703125
360.33607466624204,184.87188410928027,88.748291015625,105.98095703125
295.1052542618311,282.2669264791159,88.748291015625,105.98095703125
295.1052542618311,282.2669264791159,88.748291015625,105.98095703125
310.4907166324692,203.8700098532421,88.748291015625,105.98095703125
310.4907166324692,203.8700098532421,88.748291015625,105.98095703125
310.4907166324692,203.8700098532421,88.748291015625,105.98095703125
152.54233831077377,261.30606285762883,88.748291015625,105.98095703125
180.98135848170804,297.4607127598522,88.748291015625,105.98095703125
114.00511068162174,357.5626735352988,88.748291015625,105.98095703125
114.00511068162174,357.5626735352988,88.748291015625,105.98095703125
48.92678257265874,320.63074207420857,88.748291015625,105.98095703125
48.92678257265874,320.63074207420857,88.748291015625,105.98095703125
48.92678257265874,320.63074207420857,88.748291015625,105.98095703125
150.087369619661,347.45265022491907,88.748291015625,105.98095703125
80.01299395867404,272.4126389513186,88.748291015625,105.98095703125
80.01299395867404,272.4126389513186,88.748291015625,105.98095703125
-7.479480981269447,286.75077994609194,88.748291015625,105.98095703125
16.143533485418885,268.8346534851586,88.748291015625,105.98095703125
6.796875576727679,195.71459839471686,88.748291015625,105.98095703125
6.796875576727679,195.71459839471686,88.748291015625,105.98095703125
6.796875576727679,195.71459839471686,88.748291015625,105.98095703125
120.9073701111343,671.8771940460846,88.748291015625,105.98095703125
615.8922676826509,716.6088790205073,88.748291015625,105.98095703125
615.8922676826509,716.6088790205073,88.748291015625,105.98095703125
615.8922676826509,716.6088790205073,88.748291015625,105.98095703125
615.8922676826509,716.6088790205073,88.748291015625,105.98095703125
615.8922676826509,716.6088790205073,88.748291015625,105.98095703125
33.031713896885535,724.3306279662465,88.748291015625,105.98095703125
33.031713896885535,724.3306279662465,88.748291015625,105.98095703125
569.8610087395128,577.13608516163,88.748291015625,105.98095703125
568.6967291643654,531.0856861373442,88.748291015625,105.98095703125
568.6967291643654,531.0856861373442,88.748291015625,105.98095703125
568.6967291643654,531.0856861373442,88.748291015625,105.98095703125
568.6967291643654,531.0856861373442,88.748291015625,105.98095703125
578.8750845391934,570.399924051904,88.748291015625,105.98095703125
673.2770372604061,615.175762137672,88.748291015625,105.98095703125
559.1378444088309,629.4763042083573,88.748291015625,105.98095703125
581.2134299290465,638.9241523877171,88.748291015625,105.98095703125
269.3527757467989,343.71419134082004,88.748291015625,105.98095703125
269.3527757467989,343.71419134082004,88.748291015625,105.98095703125
592.0433052906304,348.4941875641282,88.748291015625,105.98095703125
592.0433052906304,348.4941875641282,88.748291015625,105.98095703125
536.798766799075,313.20381278338687,88.748291015625,105.98095703125
536.798766799075,313.20381278338687,88.748291015625,105.98095703125
665.2488067141751,617.8138060634337,88.748291015625,105.98095703125
51.84464663475781,708.1463358954004,88.748291015625,105.98095703125
615.2718821763982,435.7705116620244,88.748291015625,105.98095703125
615.2718821763982,435.7705116620244,88.748291015625,105.98095703125
469.2549308913308,473.49504774445916,88.748291015625,105.98095703125
469.2549308913308,473.49504774445916,88.748291015625,105.98095703125
524.6010062462343,374.70092108167364,88.748291015625,105.98095703125
492.1114460999461,497.4998277938523,88.748291015625,105.98095703125
492.1114460999461,497.4998277938523,88.748291015625,105.98095703125
492.1114460999461,497.4998277938523,88.748291015625,105.98095703125
492.1114460999461,497.4998277938523,88.748291015625,105.98095703125
417.53776052719303,535.8070595719862,88.748291015625,105.98095703125
417.53776052719303,535.8070595719862,88.748291015625,105.98095703125
417.53776052719303,535.8070595719862,88.748291015625,105.98095703125
417.53776052719303,535.8070595719862,88.748291015625,105.98095703125
456.2977873792113,628.6927951141699,88.748291015625,105.98095703125
456.2977873792113,628.6927951141699,88.748291015625,105.98095703125
459.2876091031377,508.6604538400268,88.748291015625,105.98095703125
328.4171496588382,659.0968444011627,88.748291015625,105.98095703125
265.16034343977816,340.1879467268458,88.748291015625,105.98095703125
346.3455777128787,343.80985069756593,88.748291015625,105.98095703125
346.3455777128787,343.80985069756593,88.748291015625,105.98095703125
444.70561660069757,353.4947688633217,88.748291015625,105.98095703125
286.5812093657979,352.328922229962,88.748291015625,105.98095703125
328.87836009405055,301.717778857295,88.748291015625,105.98095703125
347.17166308018767,430.9156763934702,88.748291015625,105.98095703125
417.72986957821576,629.2216729697027,88.748291015625,105.98095703125
395.59801620943125,677.857005543894,88.748291015625,105.98095703125
400.7476967319631,272.0627971180154,88.748291015625,105.98095703125
400.7476967319631,272.0627971180154,88.748291015625,105.98095703125
343.1646993763685,397.4297846263705,88.748291015625,105.98095703125
343.1646993763685,397.4297846263705,88.748291015625,105.98095703125
318.52083902125764,684.9841758044873,88.748291015625,105.98095703125
318.52083902125764,684.9841758044873,88.748291015625,105.98095703125
443.69518932811985,342.51249614366515,88.748291015625,105.98095703125
156.67657022964985,671.6490916073924,88.748291015625,105.98095703125
431.3786277818291,401.5287865767244,88.748291015625,105.98095703125
272.868854616946,414.75379474933663,88.748291015625,105.98095703125
272.868854616946,414.75379474933663,88.748291015625,105.98095703125
272.868854616946,414.75379474933663,88.748291015625,105.98095703125
328.77303266508324,320.6645350099002,88.748291015625,105.98095703125
295.14330458826623,447.4987128473191,88.748291015625,105.98095703125
295.14330458826623,447.4987128473191,88.748291015625,105.98095703125
295.14330458826623,447.4987128473191,88.748291015625,105.98095703125
295.14330458826623,447.4987128473191,88.748291015625,105.98095703125
295.14330458826623,447.4987128473191,88.748291015625,105.98095703125
295.14330458826623,447.4987128473191,88.748291015625,105.98095703125
295.14330458826623,447.4987128473191,88.748291015625,105.98095703125
295.14330458826623,447.4987128473191,88.748291015625,105.98095703125
295.14330458826623,447.4987128473191,88.748291015625,105.98095703125
295.14330458826623,447.4987128473191,88.748291015625,105.98095703125
279.48934318602085,370.50308112204095,88.748291015625,105.98095703125
279.48934318602085,370.50308112204095,88.748291015625,105.98095703125
285.3681553250071,679.4638000418904,88.748291015625,105.98095703125
285.3681553250071,679.4638000418904,88.748291015625,105.98095703125
379.97286657555435,386.4827698287372,88.748291015625,105.98095703125
203.86696167226006,342.24392740031277,88.748291015625,105.98095703125
252.33543811568921,421.94674205245747,88.748291015625,105.98095703125
252.33543811568921,421.94674205245747,88.748291015625,105.98095703125
252.33543811568921,421.94674205245747,88.748291015625,105.98095703125
252.33543811568921,421.94674205245747,88.748291015625,105.98095703125
252.33543811568921,421.94674205245747,88.748291015625,105.98095703125
252.33543811568921,421.94674205245747,88.748291015625,105.98095703125
252.33543811568921,421.94674205245747,88.748291015625,105.98095703125
252.33543811568921,421.94674205245747,88.748291015625,105.98095703125
117.96712244762182,372.13163555332926,88.748291015625,105.98095703125
107.3753220710133,332.75326420268584,88.748291015625,105.98095703125
247.65557379422353,274.5660340757531,88.748291015625,105.98095703125
50.74043570256981,545.8516636133872,88.748291015625,105.98095703125
50.74043570256981,545.8516636133872,88.748291015625,105.98095703125
50.74043570256981,545.8516636133872,88.748291015625,105.98095703125
44.585307530564776,567.1376526422505,88.748291015625,105.98095703125
6.406484896297677,682.4789159041145,88.748291015625,105.98095703125
6.406484896297677,682.4789159041145,88.748291015625,105.98095703125
150.25309406992585,401.32732605811714,88.748291015625,105.98095703125
-15.824957253278235,630.1072001829866,88.748291015625,105.98095703125
50.643957571259364,392.7699400746674,88.748291015625,105.98095703125
159.55709232623485,619.0995057046274,88.748291015625,105.98095703125
533.2351069459065,507.91459505285377,88.748291015625,105.98095703125
4.291961992233766,558.1746161759677,88.748291015625,105.98095703125
4.291961992233766,558.1746161759677,88.748291015625,105.98095703125
4.291961992233766,558.1746161759677,88.748291015625,105.98095703125
19.16539316811388,578.7619681644198,88.748291015625,105.98095703125
19.16539316811388,578.7619681644198,88.748291015625,105.98095703125
155.04105293265167,417.1495983415996,88.748291015625,105.98095703125
288.36709140299905,247.85432321919188,88.748291015625,105.98095703125
402.2515149149594,238.66696321001996,88.748291015625,105.98095703125
394.73627268777864,653.2433386517454,88.748291015625,105.98095703125
83.69928349577818,378.11989267682054,88.748291015625,105.98095703125
188.32001607070484,639.3388867263097,88.748291015625,105.98095703125
51.449104443054495,515.0978663660421,88.748291015625,105.98095703125
51.449104443054495,515.0978663660421,88.748291015625,105.98095703125
51.449104443054495,515.0978663660421,88.748291015625,105.98095703125
146.39173893011161,591.9233176582727,88.748291015625,105.98095703125
123.21913969948818,518.1305324153828,88.748291015625,105.98095703125
123.21913969948818,518.1305324153828,88.748291015625,105.98095703125
53.08223710093483,529.1561400613567,88.748291015625,105.98095703125
53.08223710093483,529.1561400613567,88.748291015625,105.98095703125
53.95693501733612,586.5059186448161,88.748291015625,105.98095703125
36.85645603188614,361.3901701069193,88.748291015625,105.98095703125
112.34984538361965,547.789355541877,88.748291015625,105.98095703125
124.6112989319486,647.6841725089433,88.748291015625,105.98095703125
196.81849654340562,555.3217670746535,88.748291015625,105.98095703125
196.81849654340562,555.3217670746535,88.748291015625,105.98095703125
194.2030502577434,677.7362893546216,88.748291015625,105.98095703125
194.2030502577434,677.7362893546216,88.748291015625,105.98095703125
211.21016227743323,513.6779702298924,88.748291015625,105.98095703125
158.3733018033848,559.3415287133482,88.748291015625,105.98095703125
158.3733018033848,559.3415287133482,88.748291015625,105.98095703125
6.969835526908071,692.7122566974402,88.748291015625,105.98095703125
6.969835526908071,692.7122566974402,88.748291015625,105.98095703125
6.969835526908071,692.7122566974402,88.748291015625,105.98095703125
6.969835526908071,692.7122566974402,88.748291015625,105.98095703125
26.066957795338027,275.1990691913696,88.748291015625,105.98095703125
85.36625036007908,298.04908641776717,88.748291015625,105.98095703125
85.36625036007908,298.04908641776717,88.748291015625,105.98095703125
85.36625036007908,298.04908641776717,88.748291015625,105.98095703125
85.36625036007908,298.04908641776717,88.748291015625,105.98095703125
85.36625036007908,298.04908641776717,88.748291015625,105.98095703125
23.77168500630225,433.7862612678766,88.748291015625,105.98095703125
23.77168500630225,433.7862612678766,88.748291015625,105.98095703125
-12.317411432480839,383.4723807444932,88.748291015625,105.98095703125
-12.317411432480839,383.4723807444932,88.748291015625,105.98095703125
-12.317411432480839,383.4723807444932,88.748291015625,105.98095703125
-12.317411432480839,383.4723807444932,88.748291015625,105.98095703125
-12.317411432480839,383.4723807444932,88.748291015625,105.98095703125
41.137612209643805,571.8088177052293,88.748291015625,105.98095703125
84.51025498905787,636.4995750421632,88.748291015625,105.98095703125
132.37049174006438,371.60070485184207,88.748291015625,105.98095703125
-32.377909858095386,294.8084941020277,88.748291015625,105.98095703125
-32.377909858095386,294.8084941020277,88.748291015625,105.98095703125
-32.377909858095386,294.8084941020277,88.748291015625,105.98095703125
70.94346836252598,429.6897130248783,88.748291015625,105.98095703125
91.05168778897482,434.1390489922222,88.748291015625,105.98095703125
91.05168778897482,434.1390489922222,88.748291015625,105.98095703125
93.83100029656637,444.91013461959665,88.748291015625,105.98095703125
113.21928495951829,428.8927111841747,88.748291015625,105.98095703125
10.692013231408708,304.46491301242276,88.748291015625,105.98095703125
10.692013231408708,304.46491301242276,88.748291015625,105.98095703125
10.692013231408708,304.46491301242276,88.748291015625,105.98095703125
393.38549974037886,580.5133849923901,88.748291015625,105.98095703125
393.38549974037886,580.5133849923901,88.748291015625,105.98095703125
416.7439211355651,505.07694825660155,88.748291015625,105.98095703125
416.7439211355651,505.07694825660155,88.748291015625,105.98095703125
87.78831745558813,590.9057056918313,88.748291015625,105.98095703125
87.78831745558813,590.9057056918313,88.748291015625,105.98095703125
461.55383979747825,683.9362444026095,88.748291015625,105.98095703125
486.8600861219455,536.8374797040451,88.748291015625,105.98095703125
486.8600861219455,536.8374797040451,88.748291015625,105.98095703125
413.84085948165614,615.9630380933947,88.748291015625,105.98095703125
387.28591228517587,639.6180414091798,88.748291015625,105.98095703125
387.28591228517587,639.6180414091798,88.748291015625,105.98095703125
387.28591228517587,639.6180414091798,88.748291015625,105.98095703125
387.28591228517587,639.6180414091798,88.748291015625,105.98095703125
387.28591228517587,639.6180414091798,88.748291015625,105.98095703125
348.64310599751013,659.0823175169064,88.748291015625,105.98095703125
336.9930333332589,546.6057631080236,88.748291015625,105.98095703125
336.9930333332589,546.6057631080236,88.748291015625,105.98095703125
343.37817283613816,533.5057260490443,88.748291015625,105.98095703125
343.37817283613816,533.5057260490443,88.748291015625,105.98095703125
343.37817283613816,533.5057260490443,88.748291015625,105.98095703125
375.50940489626635,679.7772945336852,88.748291015625,105.98095703125
375.50940489626635,679.7772945336852,88.748291015625,105.98095703125
270.25895275414797,635.4723224902353,88.748291015625,105.98095703125
270.25895275414797,635.4723224902353,88.748291015625,105.98095703125
390.6837189672568,537.422796724542,88.748291015625,105.98095703125
297.8083630926961,512.9964695882568,88.748291015625,105.98095703125
297.8083630926961,512.9964695882568,88.748291015625,105.98095703125
282.29001802650527,534.1211018232411,88.748291015625,105.98095703125
357.9696545350477,593.9700036115535,88.748291015625,105.98095703125
357.9696545350477,593.9700036115535,88.748291015625,105.98095703125
282.6337653121854,525.6622457814574,88.748291015625,105.98095703125
377.70299024187926,574.3420848056536,88.748291015625,105.98095703125
399.9587485608601,624.502891723075,88.748291015625,105.98095703125
215.6996651510874,604.8226142449762,88.748291015625,105.98095703125
416.89210574315194,680.0102221770296,88.748291015625,105.98095703125
416.89210574315194,680.0102221770296,88.748291015625,105.98095703125
416.89210574315194,680.0102221770296,88.748291015625,105.98095703125
416.89210574315194,680.0102221770296,88.748291015625,105.98095703125
255.760460286671,608.32190730008,88.748291015625,105.98095703125
379.2522319099338,654.165857887825,88.748291015625,105.98095703125
379.2522319099338,654.165857887825,88.748291015625,105.98095703125
385.3128520635219,639.1334192183625,88.748291015625,105.98095703125
385.3128520635219,639.1334192183625,88.748291015625,105.98095703125
365.32848851855556,679.0033051152658,88.748291015625,105.98095703125
214.77587620600895,526.6414908539921,88.748291015625,105.98095703125
148.42115905224978,25.326237126916453,88.748291015625,105.98095703125
358.702969783349,518.604635060361,88.748291015625,105.98095703125
262.54844457215773,623.6588602103009,88.748291015625,105.98095703125
218.7497970517934,684.3809504490557,88.748291015625,105.98095703125
344.3081023413035,573.848225602389,88.748291015625,105.98095703125
344.3081023413035,573.848225602389,88.748291015625,105.98095703125
284.4410155613788,518.3812047760475,88.748291015625,105.98095703125
284.4410155613788,518.3812047760475,88.748291015625,105.98095703125
151.987975754238,551.0494054260148,88.748291015625,105.98095703125
230.97301133738011,555.1017850927399,88.748291015625,105.98095703125
230.97301133738011,555.1017850927399,88.748291015625,105.98095703125
164.1696801640086,645.3136525814626,88.748291015625,105.98095703125
255.28013921060779,583.4258309933733,88.748291015625,105.98095703125
251.3494823628052,689.5121459881593,88.748291015625,105.98095703125
-9.63522673776589,43.32222444076791,88.748291015625,105.98095703125
220.14667966505567,545.1911238690466,88.748291015625,105.98095703125
660.4051514484335,194.53411432942943,88.748291015625,105.98095703125
660.4051514484335,194.53411432942943,88.748291015625,105.98095703125
660.4051514484335,194.53411432942943,88.748291015625,105.98095703125
660.4051514484335,194.53411432942943,88.748291015625,105.98095703125
660.4051514484335,194.53411432942943,88.748291015625,105.98095703125
