183.0,260.0,38.0,48.0
181.14095,259.49298,38.0,48.0
179.95792,259.662,38.0,48.0
178.43687,258.14093,38.0,48.0
177.25385,258.30994,38.0,48.0
175.7328,257.4649,38.0,48.0
174.88777,256.61987,38.0,48.0
175.39479,255.09882,38.0,48.0
176.23982,254.25378,38.0,48.0
177.42285,254.42279,38.0,48.0
178.9439,253.91577,38.0,48.0
180.12692,252.73273,38.0,48.0
181.64796,252.22571,38.0,48.0
182.493,251.71869,38.0,48.0
184.01404,250.87366,38.0,48.0
184.85907,251.38068,38.0,48.0
186.0421,251.54968,38.0,48.0
187.22513,250.70465,38.0,48.0
188.03215,252.10242,38.84075,49.062
189.93234,251.5842,38.84075,49.062
191.14156,253.13889,38.84075,49.062
192.35077,252.62067,38.84075,49.062
193.2145,254.52084,38.84075,49.062
194.07822,255.73004,38.84075,49.062
195.63292,256.59375,38.84075,49.062
196.49664,257.11197,38.84075,49.062
197.36037,256.59375,38.84075,49.062
198.22409,257.45746,38.84075,49.062
198.39684,256.93924,38.84075,49.062
198.56958,258.14844,38.84075,49.062
199.08781,256.24826,38.84075,49.062
198.91507,255.38455,38.84075,49.062
199.7788,255.21182,38.84075,49.062
200.29703,255.0391,38.84075,49.062
200.81526,255.55731,38.84075,49.062
202.02448,255.73004,38.84075,49.062
203.57918,255.55731,38.84075,49.062
204.78839,254.6936,38.84075,49.062
205.65211,254.86633,38.84075,49.062
206.51584,254.00262,38.84075,49.062
207.37956,252.10245,38.84075,49.062
207.8978,251.23874,38.84075,49.062
208.76152,250.37503,38.84075,49.062
207.8978,250.89325,38.84075,49.062
209.4525,251.06598,38.84075,49.062
210.31622,250.54776,38.84075,49.062
211.17995,252.79343,38.84075,49.062
212.73465,254.34811,38.84075,49.062
215.6713,254.17538,38.84075,49.062
218.26245,254.6936,38.84075,49.062
220.8536,257.28476,38.84075,49.062
178.45152710582786,100.11000366136008,38.84075164794922,49.0620002746582
198.31711083779706,53.98730056191856,38.84075164794922,49.0620002746582
195.72594774232283,55.887486831933,38.84075164794922,49.0620002746582
192.24949574665283,56.240849904892585,39.700103759765625,50.14749526977539
191.01353254313742,55.00488670137716,39.700103759765625,50.14749526977539
189.0713046518989,53.768923497861735,39.700103759765625,50.14749526977539
187.1290767606604,52.53296029434631,39.700103759765625,50.14749526977539
184.4805841816988,51.650129434692445,39.700103759765625,50.14749526977539
181.83209160273717,50.061033887315475,39.700103759765625,50.14749526977539
178.47733433605245,49.531335371523156,39.700103759765625,50.14749526977539
175.47570941322928,47.23597513642309,39.700103759765625,50.14749526977539
171.76781980268302,47.412541308353866,39.700103759765625,50.14749526977539
167.70679784827522,46.17657810483844,39.700103759765625,50.14749526977539
163.99890823772895,46.353144276769214,39.700103759765625,50.14749526977539
160.64415097104424,45.47031341711535,39.700103759765625,50.14749526977539
157.28939370435953,44.234350213599924,39.700103759765625,50.14749526977539
153.58150409381327,44.4109163855307,39.700103759765625,50.14749526977539
149.52048213940546,44.234350213599924,39.700103759765625,50.14749526977539
144.75319549727456,44.05778404166915,39.700103759765625,50.14749526977539
137.86711479197436,44.234350213599924,39.700103759765625,50.14749526977539
133.80609283756655,45.11718107325379,39.700103759765625,50.14749526977539
129.1536002783743,45.11198711883755,40.578468322753906,51.25700759887695
125.00272821322523,45.292459817322296,40.578468322753906,51.25700759887695
120.12996535413717,46.19482330974601,40.578468322753906,51.25700759887695
116.70098408292705,46.736241405200246,40.578468322753906,51.25700759887695
112.55011201777796,47.63860489762396,40.578468322753906,51.25700759887695
109.12113074656787,47.458132199139214,40.578468322753906,51.25700759887695
312.7325637309198,119.43285993317943,40.578468322753906,51.25700759887695
298.8361659475947,111.31158850136603,40.578468322753906,51.25700759887695
307.4864994387646,79.13667408482908,40.578468322753906,51.25700759887695
53.35043586456203,38.80485055339747,40.578468322753906,51.25700759887695
73.31553955495296,62.4899789582075,40.578468322753906,51.25700759887695
39.72580626819587,89.8042904936564,40.578468322753906,51.25700759887695
104.2698556611877,46.94256611528651,40.578468322753906,51.25700759887695
80.52353721191373,50.79414379634804,39.71311950683594,50.163936614990234
74.34169497785292,53.09025662614205,39.71311950683594,50.163936614990234
68.15985274379211,53.973376945293595,39.71311950683594,50.163936614990234
63.98681773793945,52.29513582994038,38.86622619628906,49.09417724609375
58.569897572092344,50.98590351928952,38.037391662597656,48.0472297668457
333.3990673723528,22.948336701256792,38.037391662597656,48.0472297668457
361.6873314525724,-4.748152017920429,37.226234436035156,47.02260971069336
353.90584056057446,-3.589206565920737,37.226234436035156,47.02260971069336
345.8450626209399,-4.204877688162416,36.432373046875,46.019840240478516
334.3407237677878,-3.7187788633813383,36.432373046875,46.019840240478516
329.3177025783833,-4.853009454537183,36.432373046875,46.019840240478516
318.1374296084186,-4.366910629756106,36.432373046875,46.019840240478516
305.98495898889166,-4.204877688162412,36.432373046875,46.019840240478516
293.41078954274394,-3.2456546544011076,35.65544128417969,45.0384521484375
278.3535437885268,-3.835346984221591,34.895076751708984,44.07799530029297
263.2995486182506,-2.7489761987377435,34.895076751708984,44.07799530029297
247.00398683599286,-1.972997066249281,34.895076751708984,44.07799530029297
230.08764174774436,-3.680151157723902,34.895076751708984,44.07799530029297
212.86090500650047,-2.2833887192446696,34.895076751708984,44.07799530029297
192.21986008230735,-3.9905428107192904,34.895076751708984,44.07799530029297
170.64764019912806,-2.904172025235443,34.895076751708984,44.07799530029297
146.63714110307336,-4.079633882695273,34.15092849731445,43.13801956176758
125.22118284905568,-2.105112908920592,34.15092849731445,43.13801956176758
99.24863773248104,-1.3456817651610997,34.15092849731445,43.13801956176758
72.66854770089881,-4.231520111447171,34.15092849731445,43.13801956176758
46.08845766931658,-3.1683165101838817,34.15092849731445,43.13801956176758
11.002738827628036,-4.535292568950968,34.15092849731445,43.13801956176758
-4.033997818809912,6.552402129937619,34.15092849731445,43.13801956176758
233.70753228980897,37.4843564017733,34.15092849731445,43.13801956176758
40.05497103632948,121.03861743218903,34.15092849731445,43.13801956176758
-0.49865204042740885,91.42080282556883,34.15092849731445,43.13801956176758
230.92469092265145,102.84665430991214,34.15092849731445,43.13801956176758
229.3856777337293,104.62418634766804,33.42264938354492,42.21809005737305
225.6694975043568,98.82694518984694,33.42264938354492,42.21809005737305
205.00753542904567,101.05665332747044,33.42264938354492,42.21809005737305
183.7294729788897,103.65592677022526,32.70989990234375,41.31777572631836
161.22254205368847,106.19976997537508,32.012351989746094,40.43666076660156
140.2934293691743,108.33539371869284,32.012351989746094,40.43666076660156
119.07956685221777,110.47101746201062,32.012351989746094,40.43666076660156
95.8297632167442,112.2393966208493,32.72062683105469,41.331321716308594
70.5557361051924,113.7449368286994,33.44457244873047,42.24577713012695
44.41387748803661,114.97514144491922,34.184532165527344,43.18046569824219
18.009103743865126,114.33972040849622,34.94086456298828,44.135833740234375
0.4489639858548671,113.56272307407099,34.94086456298828,44.135833740234375
43.641847924008985,163.04390513891468,34.94086456298828,44.135833740234375
273.5493290436532,67.28050895306899,34.94086456298828,44.135833740234375
257.8951512528716,78.68524596724862,34.19573974609375,43.19462203979492
242.53451308175948,77.62064728212204,34.19573974609375,43.19462203979492
226.86970385775408,77.46856175567538,34.19573974609375,43.19462203979492
214.85494726846835,76.4039630705488,34.19573974609375,43.19462203979492
198.9482446884596,78.77018242219665,33.46650695800781,42.27348327636719
185.10230752769948,79.6513162069902,32.75282287597656,41.37199020385742
172.72051470729284,79.21431175450526,32.75282287597656,41.37199020385742
233.6949153054664,249.89363854215753,32.75282287597656,41.37199020385742
218.6910957701501,247.41727997807618,32.75282287597656,41.37199020385742
226.7799401918873,251.39664401349745,32.75282287597656,41.37199020385742
257.39940744550063,238.69737894707652,33.47747802734375,42.28734588623047
254.2726952135274,233.48619189378786,33.47747802734375,42.28734588623047
236.799111944378,194.68648787570152,33.47747802734375,42.28734588623047
258.09053333352875,219.84907679015242,33.47747802734375,42.28734588623047
252.8793462802401,216.12680032351767,33.47747802734375,42.28734588623047
254.2193658082286,211.2133953875598,33.47747802734375,42.28734588623047
252.2837820455785,211.3622864462252,33.47747802734375,42.28734588623047
245.28590228830518,214.19121656086762,33.47747802734375,42.28734588623047
240.07471523501653,217.02014667551003,33.47747802734375,42.28734588623047
225.03671830981213,218.65794832082932,33.47747802734375,42.28734588623047
218.95081863330716,216.49092515873244,34.21816635131836,43.22295379638672
215.88811274308793,214.59174194017572,34.975242614746094,44.17926025390625
214.7992461355111,213.5028753325989,34.975242614746094,44.17926025390625
213.39927478291236,212.10290398000015,34.975242614746094,44.17926025390625
210.13267496018193,214.43618956766474,34.975242614746094,44.17926025390625
204.066132432254,220.50273209559268,34.975242614746094,44.17926025390625
198.03072360588874,222.4347826011687,35.74906921386719,45.1567268371582
174.02263432421924,220.68584894488814,35.74906921386719,45.1567268371582
167.18589366784977,222.75277053867424,35.74906921386719,45.1567268371582
160.03116507397476,224.18371625744925,35.74906921386719,45.1567268371582
152.87643648009976,224.6606981637076,35.74906921386719,45.1567268371582
147.62963551125807,222.91176450742702,35.74906921386719,45.1567268371582
151.28649679257197,222.11679466366314,35.74906921386719,45.1567268371582
157.4872615739303,222.27578863241592,35.74906921386719,45.1567268371582
161.46211079274977,220.52685497613535,35.74906921386719,45.1567268371582
163.84702032404144,219.09590925736035,35.74906921386719,45.1567268371582
151.28649679257197,222.11679466366314,35.74906921386719,45.1567268371582
341.52614696326197,186.97767108732458,35.74906921386719,45.1567268371582
297.0873567139084,211.3865176660313,36.540016174316406,46.155818939208984
263.1224092588188,214.14921674132566,36.540016174316406,46.155818939208984
249.57125978070115,215.42454933766342,35.76078796386719,45.171531677246094
234.14378816414717,215.90168763508262,35.76078796386719,45.171531677246094
217.44394775447535,212.87981175142772,35.76078796386719,45.171531677246094
280.98155270728995,50.85916460476871,35.76078796386719,45.171531677246094
40.79915180648,-19.08384613673458,35.76078796386719,45.171531677246094
56.54471562131343,-1.1116369339448973,35.76078796386719,45.171531677246094
48.11527236690765,1.5921467514305405,35.76078796386719,45.171531677246094
35.8687227331483,-0.4754525373859728,35.76078796386719,45.171531677246094
23.52634049654985,-0.7602922707006847,34.99817657470703,44.20823669433594
7.805246786367185,-1.5385642365513128,34.99817657470703,44.20823669433594
-4.180141487732467,-2.316836202401941,34.99817657470703,44.20823669433594
97.49796352351142,242.6969942313895,34.99817657470703,44.20823669433594
89.55958947183503,215.76878421295783,34.99817657470703,44.20823669433594
70.72540789824986,216.54705617880845,34.99817657470703,44.20823669433594
50.95729996564393,217.32532814465907,34.99817657470703,44.20823669433594
29.09177241115254,218.93566304634484,35.77251052856445,45.186344146728516
7.931705610823627,218.77656479972583,35.77251052856445,45.186344146728516
202.8217424440938,198.84045433789453,35.77251052856445,45.186344146728516
70.14688792795599,53.35610465908138,35.77251052856445,45.186344146728516
35.94076490486789,29.968662406086267,35.77251052856445,45.186344146728516
12.871519145110806,28.85497467975317,35.77251052856445,45.186344146728516
-4.382037554876078,27.036564867375887,35.00965118408203,44.22273254394531
247.4099436458327,-0.41775714944166964,35.00965118408203,44.22273254394531
243.20589707393765,4.097700279630782,35.00965118408203,44.22273254394531
215.51469537791016,44.639929442789764,34.2630615234375,43.27967071533203
195.7578718166517,43.48575701011811,33.53239059448242,42.356719970703125
174.98491908479429,44.943606498320165,32.81730270385742,41.45344924926758
154.373597941517,46.65172500176398,32.117462158203125,40.56944274902344
135.3032536535846,47.49734045633757,31.43254852294922,39.704288482666016
115.31238820730303,48.47591428937233,31.43254852294922,39.704288482666016
96.99907790336677,48.61571055123443,31.43254852294922,39.704288482666016
80.92250778922424,48.47591428937233,31.43254852294922,39.704288482666016
63.727567580184854,48.61571055123443,31.43254852294922,39.704288482666016
47.65099746604233,48.47591428937233,31.43254852294922,39.704288482666016
32.13361239934824,46.65856288516491,31.43254852294922,39.704288482666016
16.616227332654148,47.07795167075123,31.43254852294922,39.704288482666016
1.329526292212389,45.04329877438859,32.127994537353516,40.58274459838867
101.53443686171083,169.34505591778185,32.127994537353516,40.58274459838867
99.10531954106209,153.77012721479878,32.127994537353516,40.58274459838867
111.05445509531583,150.2079815907336,32.83882522583008,41.48063659667969
100.39275553532345,151.52243770086963,32.83882522583008,41.48063659667969
89.14685325971504,153.1289951688137,32.83882522583008,41.48063659667969
344.3096741571784,183.05446329003547,32.83882522583008,41.48063659667969
377.43398985372914,147.5927129863791,33.56538391113281,42.39839553833008
368.23450570172946,149.4468826046261,34.30801773071289,43.33646011352539
356.1802973744745,151.7356563376492,34.30801773071289,43.33646011352539
345.957108033638,151.58307142211433,34.30801773071289,43.33646011352539
334.51323936852253,150.20980718230047,34.30801773071289,43.33646011352539
268.68852617965354,193.90828040379975,34.30801773071289,43.33646011352539
292.5917017351111,165.7271691800216,34.30801773071289,43.33646011352539
304.5760299944617,141.33445520930394,33.57638931274414,42.412296295166016
302.03740305818144,134.9132223704774,33.57638931274414,42.412296295166016
294.7201842418442,133.86790539671495,33.57638931274414,42.412296295166016
287.70162741801056,132.52392643044894,33.57638931274414,42.412296295166016
281.8777185641911,130.5826234791758,33.57638931274414,42.412296295166016
268.0309953485038,149.41036703590242,33.57638931274414,42.412296295166016
257.8722990497137,117.31922563871953,33.57638931274414,42.412296295166016
258.91761602347617,115.37792268744639,33.57638931274414,42.412296295166016
209.20846270321192,112.79153726849577,33.57638931274414,42.412296295166016
165.36741465524767,214.70639599467737,33.57638931274414,42.412296295166016
190.3056910292949,222.32227680351812,33.57638931274414,42.412296295166016
97.99286002486738,246.79094278207424,33.57638931274414,42.412296295166016
36.64070213653861,132.9128545278032,33.57638931274414,42.412296295166016
-3.2306738626865936,117.23309992136632,33.57638931274414,42.412296295166016
326.57422985330766,40.650244102985255,33.57638931274414,42.412296295166016
346.4352523547944,0.778868103760054,33.57638931274414,42.412296295166016
334.04077966589665,-2.655744810030882,33.57638931274414,42.412296295166016
321.8765791573778,-1.7717177001474518,32.8603630065918,41.507843017578125
307.4080788474058,-2.7947429745899157,32.8603630065918,41.507843017578125
295.27792202187374,-1.7717177001474518,32.8603630065918,41.507843017578125
282.2708863896767,-2.7947429745899157,32.8603630065918,41.507843017578125
269.84843662858964,-1.7717177001474518,32.8603630065918,41.507843017578125
258.01057273861255,-3.671621781254885,32.8603630065918,41.507843017578125
246.46500178419046,-3.52547531347739,32.8603630065918,41.507843017578125
235.50401670087837,-4.840793523474844,32.8603630065918,41.507843017578125
223.95844574645628,-3.2331823779224003,32.8603630065918,41.507843017578125
213.46229075272194,-4.903560273731543,32.15960693359375,40.622676849365234
201.59081317515603,-4.474470722735186,32.15960693359375,40.622676849365234
191.86993306754735,-4.730625683192182,31.473793029785156,39.756385803222656
182.2113340647644,-6.270402335809754,31.473793029785156,39.756385803222656
173.11265384475146,-5.570503857347221,31.473793029785156,39.756385803222656
235.3654167576198,6.379805041596029,31.473793029785156,39.756385803222656
238.58494975854745,-5.238509700882021,31.473793029785156,39.756385803222656
85.81984636049036,21.24728170786706,31.473793029785156,39.756385803222656
76.44120674909242,49.38320054206089,31.473793029785156,39.756385803222656
80.14980564182059,50.48170971879989,30.80260467529297,38.9085693359375
85.49259451607348,52.53662851658946,30.80260467529297,38.9085693359375
115.13284553060336,132.68478319376288,30.80260467529297,38.9085693359375
151.71040013125779,124.32811341608527,30.80260467529297,38.9085693359375
340.2581051721899,71.97440865178787,30.80260467529297,38.9085693359375
377.86656451507105,41.83841935348717,31.484111785888672,39.7694206237793
381.5763790093465,39.15828503065558,30.81270408630371,38.92132568359375
384.7282875973371,36.28045545031636,30.81270408630371,38.92132568359375
389.2505912235844,33.128546862325784,30.81270408630371,38.92132568359375
392.12842080392363,29.702559266683856,30.81270408630371,38.92132568359375
396.10256641486825,26.82472968634464,30.81270408630371,38.92132568359375
400.07671202581287,24.220979113656774,30.81270408630371,38.92132568359375
405.969410690317,21.343149533317558,30.81270408630371,38.92132568359375
409.3953982859589,18.46531995297834,30.81270408630371,38.92132568359375
413.0954648892522,15.587490372639124,30.81270408630371,38.92132568359375
415.7403479436613,13.024246306632293,31.494434356689453,39.7824592590332
418.6413272911044,10.61325078685794,30.822805404663086,38.934085845947266
419.36636840319716,7.989410674001057,30.16550064086914,38.10380554199219
421.6471065757583,5.440350363491547,30.16550064086914,38.10380554199219
424.46448902421616,3.696256466827144,30.16550064086914,38.10380554199219
426.47690505882895,1.6838404322143745,30.16550064086914,38.10380554199219
428.2209794989853,-0.8840445161442929,29.522212982177734,37.291229248046875
430.4530802430472,-3.9039455228163362,29.522212982177734,37.291229248046875
436.09898212508625,-2.459645041364489,29.522212982177734,37.291229248046875
439.9066833943684,-4.166545610353035,29.522212982177734,37.291229248046875
442.37289080194563,-5.6672364340267105,28.892642974853516,36.4959831237793
308.7086639617915,267.3261956755262,28.892642974853516,36.4959831237793
295.45136485838435,105.43896128562646,28.892642974853516,36.4959831237793
12.304120129651139,28.06418378768018,28.892642974853516,36.4959831237793
35.048644504676105,12.595425313812669,29.531892776489258,37.3034553527832
44.63669036433582,8.261103212870609,29.531892776489258,37.3034553527832
57.37697047922612,4.189467299864429,29.531892776489258,37.3034553527832
67.27040858273253,0.9151595045398615,30.185285568237305,38.1287956237793
80.8295636348527,-2.1725688736657247,30.185285568237305,38.1287956237793
95.12039630658555,-4.962187281443002,30.853134155273438,38.97239685058594
109.52842494572491,-7.02047708703434,30.853134155273438,38.97239685058594
124.4853308663553,-7.432135048152608,30.853134155273438,38.97239685058594
138.61892086474916,-8.66710893150741,30.853134155273438,38.97239685058594
139.2156993290794,24.264696341548643,30.853134155273438,38.97239685058594
311.5459532967847,16.448489159304614,30.853134155273438,38.97239685058594
305.65240413775484,3.631598891243705,31.53575897216797,39.834659576416016
280.2661952294383,5.174407167439739,31.53575897216797,39.834659576416016
286.75653058848184,4.0061627964877395,32.23348617553711,40.715999603271484
294.28287051283587,5.191820685254946,32.946651458740234,41.61684036254883
304.4081334869718,2.7551076361710436,33.675594329833984,42.53761291503906
310.7173115595267,0.2644831155388623,34.4206657409668,43.478755950927734
41.003218456963616,280.2829559232742,34.4206657409668,43.478755950927734
74.01355089514139,261.46424687840056,34.4206657409668,43.478755950927734
83.23111325880485,267.8427609236535,34.4206657409668,43.478755950927734
113.92664849702476,237.31729817296372,34.4206657409668,43.478755950927734
113.92664849702476,237.31729817296372,34.4206657409668,43.478755950927734
200.30359150098778,199.67358130856036,34.4206657409668,43.478755950927734
196.78261477931488,220.9525275830183,34.4206657409668,43.478755950927734
212.55046705463263,221.7179573051211,34.4206657409668,43.478755950927734
229.23683499647376,223.09573080490614,34.4206657409668,43.478755950927734
249.90343749324944,221.7179573051211,34.4206657409668,43.478755950927734
266.58980543509057,223.40190269374727,34.4206657409668,43.478755950927734
283.5823452657728,222.63647297164448,34.4206657409668,43.478755950927734
300.57488509645503,222.48338702722393,34.4206657409668,43.478755950927734
317.26125303829616,221.41178541628,34.4206657409668,43.478755950927734
317.26125303829616,221.41178541628,34.4206657409668,43.478755950927734
317.26125303829616,221.41178541628,34.4206657409668,43.478755950927734
325.39382948234044,171.38664604690678,34.4206657409668,43.478755950927734
306.6838878607355,181.50955679758476,34.4206657409668,43.478755950927734
338.29921994998523,49.38943855716134,34.4206657409668,43.478755950927734
338.29921994998523,49.38943855716134,34.4206657409668,43.478755950927734
338.29921994998523,49.38943855716134,34.4206657409668,43.478755950927734
338.29921994998523,49.38943855716134,34.4206657409668,43.478755950927734
338.29921994998523,49.38943855716134,34.4206657409668,43.478755950927734
28.573467335100496,-17.495166166915,34.4206657409668,43.478755950927734
-3.668667396824816,12.626528304700265,33.6866340637207,42.55155944824219
9.965074592821878,11.278136239790157,33.6866340637207,42.55155944824219
27.793814117744475,9.33045881269777,33.6866340637207,42.55155944824219
44.1243402372114,7.083138704514248,33.6866340637207,42.55155944824219
60.15522367558718,5.435103958513,33.6866340637207,42.55155944824219
75.58682175178069,4.386354574694025,33.6866340637207,42.55155944824219
87.42270765488057,3.337605190875049,33.6866340637207,42.55155944824219
104.05287645543862,2.2888558070560734,33.6866340637207,42.55155944824219
115.88876235853849,0.640821061054826,33.6866340637207,42.55155944824219
132.51893115909655,1.0902850826915298,33.6866340637207,42.55155944824219
144.35481706219645,-1.456677706583129,33.6866340637207,42.55155944824219
151.39642006783814,-3.7039978147666517,33.6866340637207,42.55155944824219
162.9326632898469,-6.550603285132446,33.6866340637207,42.55155944824219
174.46890651185564,-8.797923393315967,33.6866340637207,42.55155944824219
186.3047924149555,-10.14631545822608,33.6866340637207,42.55155944824219
304.3198004855332,45.378787415367626,33.6866340637207,42.55155944824219
344.3220984111999,10.770057749341397,33.6866340637207,42.55155944824219
336.3815673622848,11.519164452069234,33.6866340637207,42.55155944824219
329.6396070377342,11.069700430432533,33.6866340637207,42.55155944824219
322.5980040320925,9.122023003340146,33.6866340637207,42.55155944824219
315.55640102645077,7.1743455762477595,33.6866340637207,42.55155944824219
309.7133687451736,5.526310830246512,33.6866340637207,42.55155944824219
303.2710511017142,4.777204127518672,33.6866340637207,42.55155944824219
291.73480787970544,6.42523887351992,33.6866340637207,42.55155944824219
284.6932048740637,9.271844343885714,33.6866340637207,42.55155944824219
278.2508872306043,9.721308365522418,33.6866340637207,42.55155944824219
273.9060683547828,11.369343111523662,33.6866340637207,42.55155944824219
267.7633933924145,13.91630590079832,33.6866340637207,42.55155944824219
261.02143306786394,11.369343111523662,33.6866340637207,42.55155944824219
258.7741129596804,8.822380322249003,33.6866340637207,42.55155944824219
257.00249841645723,4.465663288664736,34.431949615478516,43.493011474609375
255.93054545252124,1.8623489476773756,34.431949615478516,43.493011474609375
253.16646106546648,-1.3197317251643916,35.193756103515625,44.45529556274414
247.09334152091242,-2.948276227336919,35.97241973876953,45.43886947631836
243.87361880210108,-1.2931148967882322,36.768310546875,46.44420623779297
241.6006161052108,0.0593498514936357,37.581809997558594,47.47178268432617
242.10205150110409,-1.1106660722573274,37.581809997558594,47.47178268432617
244.287499021109,-0.7687567213100444,38.413307189941406,48.5220947265625
241.38316431495366,-3.331404991447087,38.413307189941406,48.5220947265625
242.92075327703589,-6.235739697602401,38.413307189941406,48.5220947265625
246.4590362139371,-8.188388087953863,37.59413146972656,47.48734664916992
253.31423354591504,-7.352388413322409,37.59413146972656,47.48734664916992
258.71093922659986,-7.007203042902683,36.79242706298828,46.47466278076172
262.1472604916037,-5.861762621234753,36.79242706298828,46.47466278076172
267.21992521613305,-3.7345161238514564,36.79242706298828,46.47466278076172
272.61985863256757,-0.6254635507527908,36.79242706298828,46.47466278076172
274.74710512995085,4.119932481871487,36.79242706298828,46.47466278076172
280.8015759301956,5.919910287349662,36.79242706298828,46.47466278076172
286.3365313634476,6.594178900855528,37.60646057128906,47.50291442871094
292.3410019568531,6.936311695641777,38.43850326538086,48.553916931152344
299.3501679173869,7.4491774976320535,38.43850326538086,48.553916931152344
305.48748703047295,6.379950779580813,39.28895568847656,49.628173828125
309.5064530407277,9.001015568877378,39.28895568847656,49.628173828125
316.32122149289876,11.622080358173939,39.28895568847656,49.628173828125
321.0391381136326,16.689472284147293,39.28895568847656,49.628173828125
325.4075794291269,20.00948768392294,39.28895568847656,49.628173828125
330.1254960498607,22.980027778459046,39.28895568847656,49.628173828125
335.1928879758341,23.853716041557902,39.28895568847656,49.628173828125
340.609755207047,21.931601862740422,39.28895568847656,49.628173828125
348.1234742696971,20.358962989162485,39.28895568847656,49.628173828125
351.7929649747123,20.883175947021797,39.28895568847656,49.628173828125
359.3066840373624,22.10633951536019,39.28895568847656,49.628173828125
362.2772241318985,24.02845369417767,39.28895568847656,49.628173828125
368.04356666835093,26.649518483474232,39.28895568847656,49.628173828125
373.1109585943243,32.41586101992667,39.28895568847656,49.628173828125
379.2267764360163,34.6874505039837,39.28895568847656,49.628173828125
386.04154488818733,35.91061407232209,39.28895568847656,49.628173828125
394.6036898665561,34.6874505039837,39.28895568847656,49.628173828125
401.4184583187272,35.21166346184301,39.28895568847656,49.628173828125
410.3300786023355,35.73587641970232,39.28895568847656,49.628173828125
420.29012480166244,33.81376224088484,39.28895568847656,49.628173828125
434.7933499691034,35.38640111446278,39.28895568847656,49.628173828125
447.89867391558624,36.60956468280117,39.28895568847656,49.628173828125
456.1113435887155,38.53167886161865,39.28895568847656,49.628173828125
468.8671922299588,41.50221895615476,39.28895568847656,49.628173828125
481.6230408712021,49.365413324044454,39.28895568847656,49.628173828125
492.98098829148717,53.034904029059646,39.28895568847656,49.628173828125
505.3873616274909,61.94652431266796,39.28895568847656,49.628173828125
518.1432102687342,68.76129276483903,39.28895568847656,49.628173828125
530.5495836047379,72.08130816461467,39.28895568847656,49.628173828125
543.3054322459811,75.05184825915077,39.28895568847656,49.628173828125
556.0612808872244,76.62448713272872,39.28895568847656,49.628173828125
566.3708023917909,77.14870009058804,39.28895568847656,49.628173828125
579.1266510330341,76.27501182748918,39.28895568847656,49.628173828125
590.4845984533192,75.75079886962986,39.28895568847656,49.628173828125
603.2404470945625,74.52763530129147,39.28895568847656,49.628173828125
609.705740241494,75.75079886962986,39.28895568847656,49.628173828125
618.3773344318278,77.79576254957627,38.451107025146484,48.56983947753906
258.34055274264875,259.6748049821764,38.451107025146484,48.56983947753906
296.0528057394416,196.3315153667098,38.451107025146484,48.56983947753906
32.190393947848264,289.903962407872,38.451107025146484,48.56983947753906
-6.629175589055407,313.6745358247425,38.451107025146484,48.56983947753906
-4.3931773766214555,309.76617126363476,39.30183792114258,49.644447326660156
-6.097401970769358,302.14433837335633,40.171390533447266,50.74283218383789
-6.727159154843756,293.6124250270049,41.0601806640625,51.865516662597656
-8.507629391864988,284.8917421406149,41.96863555908203,53.01304244995117
-9.814218221965621,277.6121758014828,41.96863555908203,53.01304244995117
-12.614051429324121,272.94578712255196,41.96863555908203,53.01304244995117
2.732645880261078,234.0331975209985,41.96863555908203,53.01304244995117
340.269711146821,188.07547863180366,41.96863555908203,53.01304244995117
340.269711146821,188.07547863180366,41.96863555908203,53.01304244995117
340.269711146821,188.07547863180366,41.96863555908203,53.01304244995117
337.6171479800193,183.56837486161095,41.96863555908203,53.01304244995117
337.6171479800193,183.56837486161095,41.96863555908203,53.01304244995117
337.6171479800193,183.56837486161095,41.96863555908203,53.01304244995117
306.88721451751627,219.29384043551482,41.96863555908203,53.01304244995117
306.88721451751627,219.29384043551482,41.96863555908203,53.01304244995117
306.88721451751627,219.29384043551482,41.96863555908203,53.01304244995117
337.9665715107775,156.53400907296918,41.96863555908203,53.01304244995117
308.73886582211645,51.653653748685116,41.96863555908203,53.01304244995117
304.3205687423967,177.85932145048972,41.96863555908203,53.01304244995117
304.3205687423967,177.85932145048972,41.96863555908203,53.01304244995117
304.3205687423967,177.85932145048972,41.96863555908203,53.01304244995117
303.1007741526023,240.34289113636834,41.96863555908203,53.01304244995117
303.1007741526023,240.34289113636834,41.96863555908203,53.01304244995117
303.1007741526023,240.34289113636834,41.96863555908203,53.01304244995117
303.1007741526023,240.34289113636834,41.96863555908203,53.01304244995117
303.1007741526023,240.34289113636834,41.96863555908203,53.01304244995117
303.1007741526023,240.34289113636834,41.96863555908203,53.01304244995117
281.1057710525759,176.3319702802208,41.96863555908203,53.01304244995117
281.1057710525759,176.3319702802208,41.96863555908203,53.01304244995117
136.16662698565258,37.19622829456466,41.96863555908203,53.01304244995117
138.7499905825229,29.331348428649918,41.96863555908203,53.01304244995117
-3.3316524699413037,6.706479420483234,41.96863555908203,53.01304244995117
46.60122656673204,-13.44638916653156,41.96863555908203,53.01304244995117
46.60122656673204,-13.44638916653156,41.96863555908203,53.01304244995117
46.60122656673204,-13.44638916653156,41.96863555908203,53.01304244995117
286.3153011682025,196.44852252261774,41.96863555908203,53.01304244995117
286.3153011682025,196.44852252261774,41.96863555908203,53.01304244995117
296.02160297847837,157.59701989460137,41.96863555908203,53.01304244995117
299.8276050616912,248.657889020479,41.96863555908203,53.01304244995117
299.8276050616912,248.657889020479,41.96863555908203,53.01304244995117
289.4117637642732,211.39088686632067,41.96863555908203,53.01304244995117
310.8305162066633,188.1467803369439,42.89719009399414,54.18595504760742
310.8305162066633,188.1467803369439,42.89719009399414,54.18595504760742
304.3832590790186,181.94297166954814,42.89719009399414,54.18595504760742
272.2920263351215,157.9662055146733,42.89719009399414,54.18595504760742
309.3434237251957,154.3145146548884,41.98239517211914,53.03042221069336
306.5426725183077,150.39346296524522,41.98239517211914,53.03042221069336
293.2857834723713,147.21927826410553,41.98239517211914,53.03042221069336
288.61786479422466,139.93732512619678,41.98239517211914,53.03042221069336
241.09692028552445,147.9229208011568,41.98239517211914,53.03042221069336
144.31161841914982,324.2093082881238,41.98239517211914,53.03042221069336
138.89683275249973,297.50881344912506,41.98239517211914,53.03042221069336
137.58981552261866,296.201796219244,41.98239517211914,53.03042221069336
137.02966528124108,296.01507947211815,41.98239517211914,53.03042221069336
136.4695150398635,296.57522971349573,41.98239517211914,53.03042221069336
136.65623178698937,297.1353799548733,41.98239517211914,53.03042221069336
135.3492145571083,296.9486632077475,41.98239517211914,53.03042221069336
135.16249780998243,298.25568043762854,41.98239517211914,53.03042221069336
133.1086135915979,298.0689636905027,41.98239517211914,53.03042221069336
131.05472937321338,299.002547426132,41.98239517211914,53.03042221069336
129.7477121433323,300.3095646560131,41.98239517211914,53.03042221069336
128.5756438820288,302.13478524556103,41.08710861206055,51.899532318115234
127.6619691007617,303.77939985184184,41.08710861206055,51.899532318115234
125.2864146694672,305.0585445456158,41.08710861206055,51.899532318115234
122.37804018157479,308.2538824085965,40.210914611816406,50.79275894165039
117.8079474990819,311.38107910101604,39.3534049987793,49.70958709716797
110.28190249654173,315.40663805586314,39.3534049987793,49.70958709716797
123.92433024341506,112.30306016032745,39.3534049987793,49.70958709716797
23.9014000348648,111.4497624571741,39.3534049987793,49.70958709716797
53.830555742640854,144.52935560787395,39.3534049987793,49.70958709716797
45.25436492579274,146.45462293410517,39.3534049987793,49.70958709716797
35.97807689940601,144.87940421264327,39.3534049987793,49.70958709716797
23.20130282532618,141.2038938625655,39.3534049987793,49.70958709716797
10.774577356015655,133.32780025525602,39.3534049987793,49.70958709716797
-2.352245322833493,125.45170664794654,39.3534049987793,49.70958709716797
-6.727852882449875,118.9758074597143,39.3534049987793,49.70958709716797
243.49449732975768,55.11756857167819,39.3534049987793,49.70958709716797
261.5220004753772,86.09687009376218,39.3534049987793,49.70958709716797
262.39712198730047,101.3239844012272,39.3534049987793,49.70958709716797
262.2220976849158,104.29939754176633,39.3534049987793,49.70958709716797
302.16948258627383,227.68267564809565,39.3534049987793,49.70958709716797
321.9893776831916,248.6251835234438,38.514183044433594,48.64951705932617
324.90133924229997,257.01848448793265,38.514183044433594,48.64951705932617
327.81330080140833,269.8653737192931,38.514183044433594,48.64951705932617
335.65349070861816,287.3894659936553,37.69285583496094,47.61205291748047
347.22058212165837,302.30933752641727,37.69285583496094,47.61205291748047
351.9851408312313,315.9049698318939,36.88904571533203,46.596710205078125
359.49450741801365,320.3551657685747,36.10237503051758,45.60301971435547
362.5104043631338,327.8056954269867,35.332481384277344,44.63051986694336
360.6152205005087,336.61195377268456,34.57900619506836,43.67876052856445
335.54010696343425,134.99743297215213,34.57900619506836,43.67876052856445
318.6106777796541,96.42954812228852,34.57900619506836,43.67876052856445
265.07953207710034,21.46616758876968,34.57900619506836,43.67876052856445
266.77122372683226,5.318201841328392,34.57900619506836,43.67876052856445
195.10219354941844,-10.771029354362781,34.57900619506836,43.67876052856445
315.7283335877369,-14.966768316740215,34.57900619506836,43.67876052856445
260.5463060143982,3.145318716498494,34.57900619506836,43.67876052856445
307.39784764397785,216.49881281202784,34.57900619506836,43.67876052856445
230.4739466597382,287.7361034750976,34.57900619506836,43.67876052856445
277.5870492180899,291.7015299276834,34.57900619506836,43.67876052856445
342.44314325428064,353.4637436439772,34.57900619506836,43.67876052856445
320.1269233160617,303.40982310618347,34.57900619506836,43.67876052856445
316.5897498666222,320.48052975347855,34.57900619506836,43.67876052856445
316.5897498666222,320.48052975347855,34.57900619506836,43.67876052856445
222.70324420687783,304.11324832576304,34.57900619506836,43.67876052856445
235.46782665485523,301.8063960761286,34.57900619506836,43.67876052856445
203.01810500999704,260.74442603263503,34.57900619506836,43.67876052856445
209.3235011589979,239.98275578592484,34.57900619506836,43.67876052856445
219.93502150731646,205.68755234135907,34.57900619506836,43.67876052856445
257.0484522358477,193.23756003783532,35.34406661987305,44.6451530456543
254.06178985201473,176.10354952005653,35.34406661987305,44.6451530456543
241.64356204555122,153.9393707768748,35.34406661987305,44.6451530456543
239.60005620398124,137.74851680135905,35.34406661987305,44.6451530456543
236.29900830606059,126.90221656533393,35.34406661987305,44.6451530456543
227.96779218273696,114.79837427295809,35.34406661987305,44.6451530456543
223.40920222846555,108.03908572007288,35.34406661987305,44.6451530456543
219.79376881645717,108.51066399120441,35.34406661987305,44.6451530456543
207.37554100999364,111.81171188912509,35.34406661987305,44.6451530456543
188.98398843586412,123.60116866741325,35.34406661987305,44.6451530456543
181.2540584730936,124.57506908867828,36.12605285644531,45.63292694091797
38.42612024316671,265.86347019994855,36.12605285644531,45.63292694091797
32.15996501822266,244.17293288283452,36.12605285644531,45.63292694091797
333.5577698463988,94.03758440187875,36.12605285644531,45.63292694091797
14.055861925678848,222.5796023985796,36.12605285644531,45.63292694091797
320.22511690917094,189.26976339736734,36.12605285644531,45.63292694091797
364.33324960235336,208.93514057124924,36.92534255981445,46.642555236816406
361.54141635983973,206.4717582984431,36.92534255981445,46.642555236816406
358.7495831173261,205.97908184388186,36.92534255981445,46.642555236816406
356.61465181422744,204.82950344990567,36.92534255981445,46.642555236816406
354.1512695414213,204.33682699534444,36.92534255981445,46.642555236816406
347.74647563212534,202.85879763166076,36.92534255981445,46.642555236816406
345.6115443290267,204.00837602563695,36.92534255981445,46.642555236816406
336.8737290654096,52.215101602822614,36.92534255981445,46.642555236816406
309.1196221251272,81.61146339164242,36.92534255981445,46.642555236816406
304.3570830643687,80.79033596737371,36.92534255981445,46.642555236816406
266.8696033955592,118.35819045307656,36.92534255981445,46.642555236816406
266.8696033955592,118.35819045307656,36.92534255981445,46.642555236816406
265.3915740318755,119.17931787734528,36.92534255981445,46.642555236816406
261.1948974713482,114.13651456551713,36.13789749145508,45.64788818359375
291.730968546137,12.531639665276316,36.13789749145508,45.64788818359375
260.0490865719128,6.047234174027054,35.367244720458984,44.674434661865234
252.3415897471573,6.833713441859249,35.367244720458984,44.674434661865234
241.95435461730767,5.339124414968598,34.61302947998047,43.72174072265625
235.9431959875016,5.656937430586865,33.87489700317383,42.78936004638672
229.76980159146188,6.548824154564382,33.152503967285156,41.87686538696289
223.7280555337852,8.274389857798937,32.445518493652344,40.983829498291016
220.98632783982498,10.150308806298035,32.445518493652344,40.983829498291016
217.66739431555735,12.314830669950837,32.445518493652344,40.983829498291016
215.79147536705824,16.210970024525892,32.445518493652344,40.983829498291016
214.0511441284365,19.846938556070093,31.75360870361328,40.10983657836914
211.65033297443105,24.789785049610742,31.75360870361328,40.10983657836914
206.95248145978212,28.62045462655496,31.076454162597656,39.25448226928711
205.2855849116418,30.770830583612685,30.413740158081055,38.4173698425293
199.22145151515073,33.13610250429145,29.76515769958496,37.598106384277344
193.7938492125231,35.38657175172242,29.76515769958496,37.598106384277344
191.01385778922602,36.842757735354226,29.76515769958496,37.598106384277344
186.35500047624035,37.62644092282586,29.130407333374023,36.79631423950195
184.2929883571918,36.89491415762031,28.509193420410156,36.01162338256836
181.29725620366662,39.11206942269452,27.901226043701172,35.2436637878418
179.0830413858372,39.84667746211728,27.306224822998047,34.49208068847656
176.53270833294792,41.18256620410689,27.306224822998047,34.49208068847656
176.23859073504812,43.07205642825086,26.72391128540039,33.756526947021484
177.30828206320405,44.37945694044142,26.72391128540039,33.756526947021484
179.0911009434639,43.54747479632015,26.72391128540039,33.756526947021484
180.63621063968912,43.90403857237212,26.72391128540039,33.756526947021484
183.84528462415687,44.022893164389444,26.72391128540039,33.756526947021484
186.81664942458997,43.428620204302824,26.72391128540039,33.756526947021484
191.9273968813349,43.547474796320145,26.72391128540039,33.756526947021484
196.56272597001052,45.56800286061465,26.72391128540039,33.756526947021484
204.28827445113657,47.82624010894381,26.72391128540039,33.756526947021484
211.3006953801587,51.748441645515484,26.72391128540039,33.756526947021484
219.26395304531937,54.00667889384464,26.72391128540039,33.756526947021484
227.4649198945147,55.07637022200055,26.72391128540039,33.756526947021484
236.11264822214267,53.94704171734253,26.154016494750977,33.036659240722656
244.37136694719413,52.90016187895573,26.154016494750977,33.036659240722656
249.60576613912815,52.085922004654876,26.154016494750977,33.036659240722656
258.069079785395,51.20490858813693,25.59627342224121,32.3321418762207
266.3793576928484,52.00178455186534,25.59627342224121,32.3321418762207
274.46195675352226,51.20490858813693,25.59627342224121,32.3321418762207
282.3058886118189,52.53717788672091,25.050424575805664,31.642648696899414
287.542241491478,53.76270728408794,25.050424575805664,31.642648696899414
295.22965316587124,52.760001413514914,25.050424575805664,31.642648696899414
301.1881534207997,51.91616297378168,24.516216278076172,30.967859268188477
308.71162872575104,50.28062486400965,24.516216278076172,30.967859268188477
316.45317577867195,48.20894325829842,24.516216278076172,30.967859268188477
323.54050758768403,44.610759416799965,24.516216278076172,30.967859268188477
331.50012638857453,39.70414508748389,24.516216278076172,30.967859268188477
337.06095596179944,38.722822221620675,24.516216278076172,30.967859268188477
344.58443126675076,38.61378634763587,24.516216278076172,30.967859268188477
352.9801935635805,38.50475047365107,24.516216278076172,30.967859268188477
360.2855971205622,39.9222168354535,24.516216278076172,30.967859268188477
366.5006419376959,39.15896571755989,24.516216278076172,30.967859268188477
373.8060454946776,40.1402885834231,24.516216278076172,30.967859268188477
379.1488033199329,38.28667872568147,24.516216278076172,30.967859268188477
386.241374361515,35.77931787325734,23.99340057373047,30.30746078491211
394.031251894001,34.17865810630816,23.99340057373047,30.30746078491211
400.32718031066776,32.577998339358984,23.99340057373047,30.30746078491211
407.690215238634,33.75181550178838,23.99340057373047,30.30746078491211
414.8398288643403,35.565896570997445,23.99340057373047,30.30746078491211
421.9894424900466,37.37997764020651,23.99340057373047,30.30746078491211
429.1390561157529,37.700109593596345,23.99340057373047,30.30746078491211
433.72761411434055,36.73971373342684,23.99340057373047,30.30746078491211
438.95643601970784,35.779317873257334,23.99340057373047,30.30746078491211
446.10604964541415,34.60550071082794,23.99340057373047,30.30746078491211
452.4019780620809,35.99273917551722,23.99340057373047,30.30746078491211
458.69790647874765,37.166556337946616,23.99340057373047,30.30746078491211
465.4206774999342,41.11485042975458,23.99340057373047,30.30746078491211
470.2226568007817,42.92893149896365,23.99340057373047,30.30746078491211
474.5977934971094,42.39537824331392,23.99340057373047,30.30746078491211
478.7595088911773,43.35577410348343,23.99340057373047,30.30746078491211
483.34806688976494,41.968535638794144,23.99340057373047,30.30746078491211
488.06469377865204,41.522546734548094,24.524253845214844,30.97801399230957
490.1697924306049,39.7087489194563,25.066852569580078,31.663402557373047
492.2880042761019,38.25944607780045,25.066852569580078,31.663402557373047
494.629185789546,37.70202190793281,25.066852569580078,31.663402557373047
496.3014582991489,36.25271906627696,25.066852569580078,31.663402557373047
497.0818521369636,35.02638589256816,25.066852569580078,31.663402557373047
496.3014582991489,34.245992054753465,25.066852569580078,31.663402557373047
497.30482180491066,33.46559821693877,25.066852569580078,31.663402557373047
495.8555189632548,35.13787072654168,25.066852569580078,31.663402557373047
494.629185789546,34.357476888726985,25.066852569580078,31.663402557373047
492.73394361199604,35.58381006243579,25.066852569580078,31.663402557373047
490.9595723116973,35.59906024424897,24.53229522705078,30.988170623779297
488.8865319718211,34.61709376746551,24.53229522705078,30.988170623779297
487.03170640456347,34.72620115377479,24.53229522705078,30.988170623779297
485.6133103825429,33.96244944960988,24.53229522705078,30.988170623779297
485.94063254147073,33.19869774544497,24.53229522705078,30.988170623779297
484.5222365194502,32.43494604128006,24.53229522705078,30.988170623779297
483.75848481528527,32.10762388235224,24.53229522705078,30.988170623779297
482.77651833850183,30.689227860331698,24.53229522705078,30.988170623779297
483.32205527004817,29.489046610929698,24.53229522705078,30.988170623779297
482.3400887932647,30.471013087713153,24.53229522705078,30.988170623779297
483.10384049742964,29.270831838311153,24.53229522705078,30.988170623779297
482.5583035658833,28.288865361527698,24.53229522705078,30.988170623779297
483.97669958790385,27.525113657362787,24.53229522705078,30.988170623779297
484.74045129206877,25.888502862723698,24.53229522705078,30.988170623779297
486.1588473140893,24.906536385940242,24.53229522705078,30.988170623779297
488.01367288134696,24.142784681775332,24.53229522705078,30.988170623779297
489.65028367598603,23.81546252284751,24.53229522705078,30.988170623779297
491.5051092432437,22.61528127344551,24.53229522705078,30.988170623779297
493.57814958311985,21.633314796662056,24.53229522705078,30.988170623779297
496.30583424085165,20.6513483198786,24.53229522705078,30.988170623779297
500.1245927616762,19.232952297858056,24.53229522705078,30.988170623779297
501.7612035563153,17.814556275837518,24.53229522705078,30.988170623779297
503.1795995783358,15.959730708579883,24.53229522705078,30.988170623779297
504.5979956003563,14.759549459177887,24.53229522705078,30.988170623779297
341.05539545666886,160.98348224989832,24.53229522705078,30.988170623779297
341.05539545666886,160.98348224989832,24.53229522705078,30.988170623779297
17.84238154148163,112.7930811214033,24.53229522705078,30.988170623779297
345.82822000694364,269.55421396798545,24.53229522705078,30.988170623779297
345.82822000694364,269.55421396798545,24.53229522705078,30.988170623779297
320.7383568551408,22.090574527932205,24.53229522705078,30.988170623779297
320.7383568551408,22.090574527932205,24.53229522705078,30.988170623779297
339.04251469050865,213.93339729694492,24.53229522705078,30.988170623779297
336.6350819002362,242.62420316333754,24.53229522705078,30.988170623779297
352.6738676876992,251.02547190915152,24.53229522705078,30.988170623779297
351.03725689306015,252.88029747640917,24.53229522705078,30.988170623779297
346.3456392817614,253.8622639531926,24.53229522705078,30.988170623779297
342.0904512156998,254.18958611212042,24.53229522705078,30.988170623779297
336.962404059164,254.2986934984297,24.53229522705078,30.988170623779297
331.3979273573911,253.5349417942648,24.53229522705078,30.988170623779297
326.48809497347384,252.55297531748135,24.53229522705078,30.988170623779297
306.34290814480863,221.44123963012507,24.53229522705078,30.988170623779297
300.77843144303574,201.03815839029113,24.53229522705078,30.988170623779297
298.9236058757781,198.31047373255933,24.53229522705078,30.988170623779297
297.7234246263761,196.67386293792023,24.53229522705078,30.988170623779297
297.17788769482974,193.50974873495133,24.53229522705078,30.988170623779297
297.0196985542316,191.01616256622873,25.075071334838867,31.673784255981445
295.1238349712984,190.4585556300719,25.075071334838867,31.673784255981445
292.64807628443566,191.38090302758474,25.629858016967773,32.37456512451172
290.1175418700711,192.32365733110757,26.196918487548828,33.090850830078125
288.60290146905805,193.8382977321206,26.196918487548828,33.090850830078125
281.6647004346676,183.6809534842195,26.776525497436523,33.8229866027832
260.8215594367938,245.57462932147723,26.776525497436523,33.8229866027832
266.41872370868725,258.0789324820903,26.776525497436523,33.8229866027832
212.48564229420896,252.6344487832198,26.776525497436523,33.8229866027832
212.48564229420896,252.6344487832198,26.776525497436523,33.8229866027832
249.43923321309364,292.15199784118215,26.776525497436523,33.8229866027832
255.51275189110572,277.7422770560947,26.776525497436523,33.8229866027832
203.3965951429139,279.64529880546803,26.776525497436523,33.8229866027832
205.6592785719772,259.28114794389813,26.776525497436523,33.8229866027832
195.29857023889778,258.2093505301313,26.776525497436523,33.8229866027832
183.27062148440328,257.6139075224831,26.776525497436523,33.8229866027832
171.48084993296808,256.78028731177557,26.776525497436523,33.8229866027832
159.6910783815329,255.94666710106804,26.776525497436523,33.8229866027832
147.4249524239791,256.303932905657,26.776525497436523,33.8229866027832
138.01695290313688,254.99395828883087,26.776525497436523,33.8229866027832
125.7508269455831,255.35122409341983,26.776525497436523,33.8229866027832
115.19959468898821,253.61795893981525,27.368955612182617,34.571319580078125
102.17518694726957,252.76589488194583,27.368955612182617,34.571319580078125
90.85490732128982,254.10485268716923,27.368955612182617,34.571319580078125
78.80428707427912,255.9307042397466,27.368955612182617,34.571319580078125
325.7346195089576,193.23411631877397,27.368955612182617,34.571319580078125
335.83766476655245,202.60682095533784,27.368955612182617,34.571319580078125
338.1504100664838,204.18922563423823,27.368955612182617,34.571319580078125
339.9762616190612,206.0150771868156,27.368955612182617,34.571319580078125
325.14241165893407,-11.898184426290413,27.368955612182617,34.571319580078125
292.6422540230567,12.0813326308925,27.368955612182617,34.571319580078125
274.28029191783054,12.58290470921818,27.9744930267334,35.33620834350586
255.25390621825397,13.095572745838446,28.593429565429688,36.11802291870117
236.07043855783508,12.0363268764923,29.226058959960938,36.91713333129883
217.48288316268997,12.166309781353455,29.226058959960938,36.91713333129883
198.1446952547401,11.353342222761196,29.8726863861084,37.733924865722656
179.41160774973983,11.751918552654818,29.8726863861084,37.733924865722656
160.67852024473956,11.619059776023612,29.8726863861084,37.733924865722656
141.18815764936477,12.166515763622211,30.533618927001953,38.56878662109375
120.42122625209257,12.726084491035142,31.20917510986328,39.422119140625
99.48284268491952,11.857953097135717,31.899677276611328,40.294334411621094
81.90824359208675,13.914495794554988,32.6054573059082,41.185848236083984
60.33398716387043,13.609328653922148,33.32685470581055,42.097084045410156
42.89578503976912,15.450322719500925,34.064212799072266,43.028480529785156
25.776218782192032,14.995820960450203,34.064212799072266,43.028480529785156
5.020638452209191,14.238318028699005,34.064212799072266,43.028480529785156
269.5424896760677,144.65231074004487,34.064212799072266,43.028480529785156
269.08798791701696,127.83574565516827,34.064212799072266,43.028480529785156
251.96842165943985,126.4722403780161,34.064212799072266,43.028480529785156
232.12184484755846,127.83574565516827,34.064212799072266,43.028480529785156
212.57826920837755,127.07824272341708,34.064212799072266,43.028480529785156
194.54969943269901,128.13874682786874,34.064212799072266,43.028480529785156
174.70312262081762,129.1992509323204,34.064212799072266,43.028480529785156
154.85654580893623,128.44174800056922,34.064212799072266,43.028480529785156
135.00996899705484,130.10825445042187,34.064212799072266,43.028480529785156
114.25438866707199,129.65375269137115,34.064212799072266,43.028480529785156
93.80180950978963,130.71425679582282,34.064212799072266,43.028480529785156
73.65223152520775,131.471759727574,34.064212799072266,43.028480529785156
53.199652367925395,132.53226383202568,34.064212799072266,43.028480529785156
33.050074383343514,130.86575738217303,34.064212799072266,43.028480529785156
13.506498744162592,132.2292626593252,34.064212799072266,43.028480529785156
265.6746422201226,200.14611346626646,34.064212799072266,43.028480529785156
271.88616626048247,183.02654720868935,34.064212799072266,43.028480529785156
274.46167622843654,181.66304193153718,34.064212799072266,43.028480529785156
30.20994805389641,39.847677050654184,34.064212799072266,43.028480529785156
305.410529543018,140.11859451542182,34.064212799072266,43.028480529785156
305.410529543018,140.11859451542182,34.064212799072266,43.028480529785156
267.4211467510335,148.9970258341844,34.064212799072266,43.028480529785156
264.78463690869046,190.78388169968457,34.064212799072266,43.028480529785156
264.78463690869046,190.78388169968457,34.064212799072266,43.028480529785156
257.96711052292966,181.54234593231996,34.064212799072266,43.028480529785156
16.65922929212831,15.740340712180114,34.064212799072266,43.028480529785156
286.82113079194085,195.5422946736827,34.064212799072266,43.028480529785156
227.56008493770742,22.617589383506413,34.064212799072266,43.028480529785156
288.9986424883823,201.25767380277847,34.064212799072266,43.028480529785156
34.95677077971844,-3.483281869906037,34.064212799072266,43.028480529785156
2.043291234290315,-6.317011484483595,34.8178825378418,43.98048400878906
17.97486869685894,71.49682172618975,34.8178825378418,43.98048400878906
17.97486869685894,71.49682172618975,34.8178825378418,43.98048400878906
108.24982904346338,30.52181384135787,34.8178825378418,43.98048400878906
285.40518921214283,1.927871860761826,34.8178825378418,43.98048400878906
341.2909558556079,31.016103948102526,34.8178825378418,43.98048400878906
328.12849022563256,-10.32952338370223,34.8178825378418,43.98048400878906
321.4698311422333,-6.767915036767739,34.8178825378418,43.98048400878906
310.47530102778336,-4.135421910772681,34.8178825378418,43.98048400878906
297.31283539780804,-2.1223389320705763,34.8178825378418,43.98048400878906
284.15036976783273,0.2004491202780052,34.8178825378418,43.98048400878906
271.6073142851504,2.21353209898011,34.8178825378418,43.98048400878906
258.44484865517506,4.226615077682215,34.8178825378418,43.98048400878906
245.90179317249272,6.23969805638432,34.8178825378418,43.98048400878906
233.66844276345685,8.252781035086425,34.8178825378418,43.98048400878906
220.81568220712802,9.956158940142053,34.8178825378418,43.98048400878906
208.58233179809216,11.969241918844155,34.8178825378418,43.98048400878906
196.0392763154098,14.292029971192733,34.8178825378418,43.98048400878906
183.80592590637394,16.924523097187794,34.8178825378418,43.98048400878906
171.6926100084651,17.88392454112244,35.588226318359375,44.95355224609375
160.13826861683202,19.624989682327424,35.588226318359375,44.95355224609375
148.58392722519895,21.0494975251315,35.588226318359375,44.95355224609375
136.71302853516497,23.107119964737386,35.588226318359375,44.95355224609375
125.15868714353189,24.84818510594237,35.588226318359375,44.95355224609375
117.08647603430879,26.589250247147355,35.588226318359375,44.95355224609375
330.69928841776675,235.61986747221027,35.588226318359375,44.95355224609375
277.53236411159776,212.78022102383238,35.588226318359375,44.95355224609375
287.5039190112263,200.2762077369966,35.588226318359375,44.95355224609375
132.46428901216126,90.90532279628191,35.588226318359375,44.95355224609375
138.14651673439346,89.91538130630956,36.375614166259766,45.948150634765625
131.19806586568146,88.90353851863219,37.180423736572266,46.964752197265625
127.87022129496302,87.18306339808217,38.0030403137207,48.003849029541016
120.26018654354084,89.28237245854197,38.84385681152344,49.06593322753906
115.7080363811024,87.48492550849596,39.703277587890625,50.15151596069336
111.42157525257352,89.67815536383468,40.58171081542969,51.2611198425293
108.5383196310708,139.10828922999417,41.47957992553711,52.39527130126953
106.50903439507555,141.8754963699877,41.47957992553711,52.39527130126953
103.37286630308287,142.79789874998554,41.47957992553711,52.39527130126953
99.86773725909106,142.24445732198683,41.47957992553711,52.39527130126953
97.10053011909751,143.90478160598295,41.47957992553711,52.39527130126953
94.70228393110311,142.9823792259851,41.47957992553711,52.39527130126953
95.9936472631001,143.53582065398382,41.47957992553711,52.39527130126953
93.22644012310656,142.9823792259851,41.47957992553711,52.39527130126953
94.1488425031044,144.64270350998123,41.47957992553711,52.39527130126953
91.38163536311086,144.08926208198253,41.47957992553711,52.39527130126953
91.56611583911042,145.74958636597864,41.47957992553711,52.39527130126953
88.79890869911688,145.56510588997907,41.47957992553711,52.39527130126953
86.76962346312162,145.3806254139795,41.47957992553711,52.39527130126953
86.95410393912118,146.67198874597648,41.47957992553711,52.39527130126953
84.55585775112678,147.22543017397518,41.47957992553711,52.39527130126953
84.74033822712634,148.8857544579713,41.47957992553711,52.39527130126953
82.34209203913194,148.70127398197172,41.47957992553711,52.39527130126953
79.94384585113754,149.25471540997043,41.47957992553711,52.39527130126953
79.02144347113969,151.2840006459657,41.47957992553711,52.39527130126953
76.99215823514443,151.46848112196528,41.47957992553711,52.39527130126953
77.4902826776588,150.31466337173987,42.397315979003906,53.55451583862305
75.03897529275503,151.6345981174573,42.397315979003906,53.55451583862305
75.54812037687904,150.4552512799956,43.335357666015625,54.739410400390625
72.65710972980814,151.41892149568588,43.335357666015625,54.739410400390625
73.62077994549844,150.8407193662717,43.335357666015625,54.739410400390625
74.14119097420877,150.0352032158275,44.294151306152344,55.95051956176758
71.9742098519414,149.83820493198502,44.294151306152344,55.95051956176758
73.35319783883882,151.6111894865674,44.294151306152344,55.95051956176758
74.73218582573625,150.62619806735498,44.294151306152344,55.95051956176758
76.11117381263368,150.4291997835125,44.294151306152344,55.95051956176758
77.05187026322433,149.60586226654056,45.2741584777832,57.18842315673828
78.46136835933186,149.00179165392305,45.2741584777832,57.18842315673828
79.46815271369438,149.20314852479555,45.2741584777832,57.18842315673828
80.8776508098019,149.80721913741306,45.2741584777832,57.18842315673828
82.67479114319002,148.130033809093,46.275848388671875,58.45371627807617
84.11547438467393,148.74746948401466,46.275848388671875,58.45371627807617
86.37940519272007,148.130033809093,46.275848388671875,58.45371627807617
87.82008843420398,149.1590932672958,46.275848388671875,58.45371627807617
89.26077167568789,150.18815272549858,46.275848388671875,58.45371627807617
91.11307870045292,150.39396461713915,46.275848388671875,58.45371627807617
92.94998026279981,149.10673051212277,47.29970169067383,59.747005462646484
94.42253862100155,151.42075078929693,47.29970169067383,59.747005462646484
95.86357380092018,150.10503661921663,48.34620666503906,61.06890869140625
96.93867288083229,151.6101753310936,48.34620666503906,61.06890869140625
98.87385122467408,151.82519514707602,48.34620666503906,61.06890869140625
99.94895030458619,152.90029422698814,48.34620666503906,61.06890869140625
101.45408901646314,152.25523477904088,48.34620666503906,61.06890869140625
102.4808403366517,151.802742581775,49.41586685180664,62.42005920410156
104.45883450135099,151.58296545236396,49.41586685180664,62.42005920410156
105.96434016292474,150.66442544036565,50.509193420410156,63.80110168457031
107.98609744851802,149.9905063451679,50.509193420410156,63.80110168457031
109.10929594051427,150.21514604356713,50.509193420410156,63.80110168457031
110.23249443251052,148.64266815477237,50.509193420410156,63.80110168457031
111.35569292450677,148.41802845637312,50.509193420410156,63.80110168457031
112.02961201970453,148.64266815477237,50.509193420410156,63.80110168457031
112.25425171810377,149.31658724997013,50.509193420410156,63.80110168457031
114.27600900369706,149.09194755157088,50.509193420410156,63.80110168457031
115.84848689249182,150.66442544036565,50.509193420410156,63.80110168457031
116.07312659089106,149.5412269483694,50.509193420410156,63.80110168457031
116.74704568608882,148.86730785317164,50.509193420410156,63.80110168457031
117.35360633955253,146.53006294076386,51.626708984375,65.21269989013672
118.04243589473154,149.05577130975354,51.626708984375,65.21269989013672
115.51672752574186,147.44850234766918,51.626708984375,65.21269989013672
118.04243589473154,146.75967279249016,51.626708984375,65.21269989013672
119.6497048568159,146.07084323731115,51.626708984375,65.21269989013672
121.71619352235291,144.92279397867946,51.626708984375,65.21269989013672
122.8642427809846,143.3155250165951,51.626708984375,65.21269989013672
124.01229203961628,142.6266954614161,51.626708984375,65.21269989013672
126.07878070515329,141.93786590623708,51.626708984375,65.21269989013672
127.68604966723765,139.4121575372474,51.626708984375,65.21269989013672
128.78246999957986,136.0703186310319,52.768951416015625,66.65553283691406
125.7315003935347,133.9581089037699,52.768951416015625,66.65553283691406
123.61929066627269,130.90713929772474,52.768951416015625,66.65553283691406
123.76600579643812,127.00438116470485,53.936466217041016,68.13028717041016
119.68800354675804,122.92637891502477,53.936466217041016,68.13028717041016
115.61000129707796,119.80790660644587,53.936466217041016,68.13028717041016
112.01176401794845,116.20966932731636,53.936466217041016,68.13028717041016
108.67743309663862,112.22056168021263,55.12981033325195,69.6376724243164
102.2167166415806,108.14319643404002,56.34955596923828,71.17840576171875
92.44274289411653,105.3864346078322,56.34955596923828,71.17840576171875
81.16508087781183,103.13090220457127,56.34955596923828,71.17840576171875
69.38618943856025,100.87536980131034,56.34955596923828,71.17840576171875
57.60729799930867,101.62721393573065,56.34955596923828,71.17840576171875
43.322259445322715,99.87291095541659,56.34955596923828,71.17840576171875
30.540909160177385,100.6247550898369,56.34955596923828,71.17840576171875
13.749723491457054,98.36922268657597,56.34955596923828,71.17840576171875
2.472061475152355,98.61983739804941,56.34955596923828,71.17840576171875
-5.691675965875017,99.13249047773388,57.596290588378906,72.75322723388672
-9.021750271417257,99.90096916362825,57.596290588378906,72.75322723388672
-15.938058444466522,101.69408609738176,57.596290588378906,72.75322723388672
84.89906369281837,153.93471939704412,57.596290588378906,72.75322723388672
155.22130500405493,192.72895322377963,58.870609283447266,74.3628921508789
154.84169405100914,194.35112423254915,60.17312240600586,76.00817108154297
154.03883400093972,192.4777841157205,60.17312240600586,76.00817108154297
154.20613663003516,191.91460049704986,61.504451751708984,77.68984985351562
155.5738421778305,193.2823060448452,61.504451751708984,77.68984985351562
155.84738328738956,190.27335383969546,61.504451751708984,77.68984985351562
156.12092439694862,192.73522382572705,61.504451751708984,77.68984985351562
156.3944655065077,191.91460049704986,61.504451751708984,77.68984985351562
155.5738421778305,193.82938826396332,61.504451751708984,77.68984985351562
156.3944655065077,193.00876493528614,61.504451751708984,77.68984985351562
156.66800661606675,194.9235527021996,61.504451751708984,77.68984985351562
156.3944655065077,193.00876493528614,61.504451751708984,77.68984985351562
155.43027338634602,194.1359135789081,62.865238189697266,79.40873718261719
156.8282394193863,192.17876113265166,62.865238189697266,79.40873718261719
155.43027338634602,194.1359135789081,62.865238189697266,79.40873718261719
157.38742583260245,192.17876113265166,62.865238189697266,79.40873718261719
155.2415881515702,192.17053505779933,64.25613403320312,81.16565704345703
156.67048418309153,194.17098950192917,64.25613403320312,81.16565704345703
155.66315375337703,190.6046303500748,65.67780303955078,82.9614486694336
155.3710516821333,192.64934484878103,65.67780303955078,82.9614486694336
156.83156203835202,192.3572427775373,65.67780303955078,82.9614486694336
154.7868475396458,193.23354899126852,65.67780303955078,82.9614486694336
157.4157661808395,190.02042620758732,65.67780303955078,82.9614486694336
158.29207239457074,192.64934484878103,65.67780303955078,82.9614486694336
159.75258275078946,194.69405934748724,65.67780303955078,82.9614486694336
155.95525582462076,193.817753133756,65.67780303955078,82.9614486694336
157.99997032332698,195.27826348997473,65.67780303955078,82.9614486694336
161.21309310700818,192.06514070629353,65.67780303955078,82.9614486694336
157.15291571893894,193.26876924235359,67.13092803955078,84.7969741821289
159.83999918506908,195.35872304934367,67.13092803955078,84.7969741821289
161.92995299205916,195.65728787891368,67.13092803955078,84.7969741821289
164.5946864752496,193.78993645698444,68.61620330810547,86.67311096191406
160.01712782888586,194.70544818625717,68.61620330810547,86.67311096191406
163.9843453224011,192.56925415128742,68.61620330810547,86.67311096191406
166.73088051021935,194.09510703340868,68.61620330810547,86.67311096191406
162.7636630167041,195.62095991552994,68.61620330810547,86.67311096191406
166.12053935737086,195.92613049195418,68.61620330810547,86.67311096191406
167.64639223949212,196.84164222122692,68.61620330810547,86.67311096191406
168.47039706929252,196.1994363512495,70.13433837890625,88.59075164794922
164.41540488873324,197.75904872838768,70.13433837890625,88.59075164794922
169.71808697100306,195.57559140039422,70.13433837890625,88.59075164794922
165.38241188742148,196.86089450367572,71.6860580444336,90.55081939697266
171.44006333115448,194.6291281823004,71.6860580444336,90.55081939697266
172.96249491912238,195.28130982455008,73.27210998535156,92.55425262451172
173.94012812679483,194.95543208865925,73.27210998535156,92.55425262451172
174.9177613344673,196.58482076811336,73.27210998535156,92.55425262451172
176.5471500139214,194.95543208865925,73.27210998535156,92.55425262451172
176.7508708890007,196.2982391406835,74.89325714111328,94.60201263427734
178.3414144273153,192.832653640699,76.5502700805664,96.69508361816406
175.95821299168247,195.89676977222692,76.5502700805664,96.69508361816406
178.3414144273153,192.832653640699,76.5502700805664,96.69508361816406
180.04370116705303,195.89676977222692,76.5502700805664,96.69508361816406
181.74598790679076,194.87539772838429,76.5502700805664,96.69508361816406
183.4482746465285,196.57768446812202,76.5502700805664,96.69508361816406
185.15056138626622,196.91814181606955,76.5502700805664,96.69508361816406
186.17193343010885,197.93951385991218,76.5502700805664,96.69508361816406
187.87422016984658,195.55631242427935,76.5502700805664,96.69508361816406
189.5765069095843,197.93951385991218,76.5502700805664,96.69508361816406
191.27879364932204,196.91814181606955,76.5502700805664,96.69508361816406
192.98108038905977,197.93951385991218,76.5502700805664,96.69508361816406
194.6833671287975,197.59905651196465,76.5502700805664,96.69508361816406
197.06656856443033,199.30134325170238,76.5502700805664,96.69508361816406
198.76885530416806,199.6418005996499,76.5502700805664,96.69508361816406
199.7902273480107,201.34408733938764,76.5502700805664,96.69508361816406
202.17342878364352,201.68454468733518,76.5502700805664,96.69508361816406
204.55663021927634,201.34408733938764,76.5502700805664,96.69508361816406
206.1823656186575,202.04051912751984,78.24394226074219,98.83446502685547
235.80990449925804,281.5859495317142,78.24394226074219,98.83446502685547
279.5411779746211,250.20611097198918,78.24394226074219,98.83446502685547
182.63274025511546,183.66363976429278,78.24394226074219,98.83446502685547
267.489598324869,54.78162030216744,78.24394226074219,98.83446502685547
206.33041282417162,117.59227073887448,79.97509002685547,101.02117919921875
208.10885904810007,117.94795998366016,79.97509002685547,101.02117919921875
209.17592678245714,122.57192016587416,79.97509002685547,101.02117919921875
212.35050662524378,129.20395350509946,81.74453735351562,103.25627136230469
209.0784768013046,128.8403946357729,81.74453735351562,103.25627136230469
210.06013774623892,130.3384679750384,83.55313873291016,105.54081726074219
211.8345967341977,132.640762020871,85.40174865722656,107.87590789794922
205.76696070390233,124.74823218056662,87.291259765625,110.26266479492188
208.56869429531,121.0593829544789,85.42974853515625,107.9112777709961
208.9486431478214,117.63984328187635,85.42974853515625,107.9112777709961
210.84838741037836,122.57917836452447,85.42974853515625,107.9112777709961
214.26792708298092,126.7586157421498,85.42974853515625,107.9112777709961
216.9275690505607,131.6979508247979,85.42974853515625,107.9112777709961
214.26792708298092,137.39718361246884,85.42974853515625,107.9112777709961
218.44736446060625,134.7375416448891,85.42974853515625,107.9112777709961
220.34710872316322,130.55810426726376,85.42974853515625,107.9112777709961
221.48695528069737,126.37866688963842,85.42974853515625,107.9112777709961
224.9064949532999,120.6794341019675,85.42974853515625,107.9112777709961
229.08593233092523,125.61876918461562,85.42974853515625,107.9112777709961
237.0648582336645,135.87738820242325,85.42974853515625,107.9112777709961
232.88542085603916,142.33651869511695,85.42974853515625,107.9112777709961
315.6448453547621,247.97274044674543,85.42974853515625,107.9112777709961
252.50740580209856,198.6487626530313,85.42974853515625,107.9112777709961
300.8813389179059,172.88472360894332,85.42974853515625,107.9112777709961
164.67105270865613,133.9696548174869,85.42974853515625,107.9112777709961
275.23448270960546,39.86441174981904,85.42974853515625,107.9112777709961
181.51296523741445,130.62278015477509,85.42974853515625,107.9112777709961
308.968276462102,209.00977654756707,85.42974853515625,107.9112777709961
257.2084821698302,125.21864512115476,85.42974853515625,107.9112777709961
257.2084821698302,125.21864512115476,85.42974853515625,107.9112777709961
257.2084821698302,125.21864512115476,85.42974853515625,107.9112777709961
257.2084821698302,125.21864512115476,85.42974853515625,107.9112777709961
169.51494347072543,220.75474763636487,85.42974853515625,107.9112777709961
311.68304866453906,294.3948894809128,85.42974853515625,107.9112777709961
205.36275656316843,230.87661391715596,85.42974853515625,107.9112777709961
205.36275656316843,230.87661391715596,85.42974853515625,107.9112777709961
213.9570450084526,281.81587337229814,85.42974853515625,107.9112777709961
306.88701952465215,170.7194697175467,85.42974853515625,107.9112777709961
214.56724259235466,146.66336334708268,85.42974853515625,107.9112777709961
279.53849637180303,200.2361515511892,85.42974853515625,107.9112777709961
285.4595549428992,205.93685763173642,85.42974853515625,107.9112777709961
280.5202198602511,200.23762484406552,85.42974853515625,107.9112777709961
255.5490336384275,147.61418317343177,85.42974853515625,107.9112777709961
283.1936919701327,198.203930476931,83.6079330444336,105.61003875732422
286.5940179772817,201.83885655121867,81.82496643066406,103.35787200927734
287.81725181499536,199.78405956794782,80.08002471923828,101.15373229980469
290.31034355493875,202.98946323358936,80.08002471923828,101.15373229980469
291.5074929878453,200.978485036649,78.3722915649414,98.99659729003906
291.8560538175107,204.81265416296853,78.3722915649414,98.99659729003906
293.5988579658378,201.67560669597984,78.3722915649414,98.99659729003906
291.8560538175107,204.81265416296853,78.3722915649414,98.99659729003906
293.5204838925163,199.73955370051553,80.10627746582031,101.18689727783203
293.1642111544946,202.94600834271137,80.10627746582031,101.18689727783203
277.626802253811,112.48360857132315,80.10627746582031,101.18689727783203
284.16273549906623,221.35121817740884,80.10627746582031,101.18689727783203
290.93191752147965,205.3189449664297,80.10627746582031,101.18689727783203
256.5875255398256,220.41682105271076,80.10627746582031,101.18689727783203
292.5710720800232,203.67200236568812,80.10627746582031,101.18689727783203
216.54021977798016,241.97559018317918,80.10627746582031,101.18689727783203
290.28867654848415,203.1418617388075,80.10627746582031,101.18689727783203
295.6069619303719,201.13022531926293,78.39798736572266,99.029052734375
250.25021049731902,237.70296218891184,78.39798736572266,99.029052734375
250.25021049731902,237.70296218891184,78.39798736572266,99.029052734375
204.6608686777294,183.52800775268628,78.39798736572266,99.029052734375
204.6608686777294,183.52800775268628,78.39798736572266,99.029052734375
204.6608686777294,183.52800775268628,78.39798736572266,99.029052734375
199.31678169931436,196.8679643236572,78.39798736572266,99.029052734375
199.31678169931436,196.8679643236572,78.39798736572266,99.029052734375
199.31678169931436,196.8679643236572,78.39798736572266,99.029052734375
199.31678169931436,196.8679643236572,78.39798736572266,99.029052734375
199.31678169931436,196.8679643236572,78.39798736572266,99.029052734375
321.9377818507949,217.58886290937266,78.39798736572266,99.029052734375
321.9377818507949,217.58886290937266,78.39798736572266,99.029052734375
321.9377818507949,217.58886290937266,78.39798736572266,99.029052734375
321.9377818507949,217.58886290937266,78.39798736572266,99.029052734375
320.2445078713518,237.65007961798415,78.39798736572266,99.029052734375
320.2445078713518,237.65007961798415,78.39798736572266,99.029052734375
320.2445078713518,237.65007961798415,78.39798736572266,99.029052734375
320.2445078713518,237.65007961798415,78.39798736572266,99.029052734375
320.2445078713518,237.65007961798415,78.39798736572266,99.029052734375
229.1750624697999,182.22775658101403,78.39798736572266,99.029052734375
206.314538226393,149.43145058672349,78.39798736572266,99.029052734375
206.314538226393,149.43145058672349,78.39798736572266,99.029052734375
306.99382298419727,237.1864692519017,78.39798736572266,99.029052734375
271.850974699279,128.32309225808444,78.39798736572266,99.029052734375
271.850974699279,128.32309225808444,78.39798736572266,99.029052734375
271.850974699279,128.32309225808444,78.39798736572266,99.029052734375
271.850974699279,128.32309225808444,78.39798736572266,99.029052734375
304.8906795677587,215.1230089350707,78.39798736572266,99.029052734375
304.8906795677587,215.1230089350707,78.39798736572266,99.029052734375
304.8906795677587,215.1230089350707,78.39798736572266,99.029052734375
269.6882119578667,261.62800239002183,78.39798736572266,99.029052734375
269.6882119578667,261.62800239002183,78.39798736572266,99.029052734375
269.6882119578667,261.62800239002183,78.39798736572266,99.029052734375
218.16460936143858,237.89440724379665,78.39798736572266,99.029052734375
200.4383119429551,136.01881344417143,78.39798736572266,99.029052734375
200.4383119429551,136.01881344417143,78.39798736572266,99.029052734375
200.4383119429551,136.01881344417143,78.39798736572266,99.029052734375
200.4383119429551,136.01881344417143,78.39798736572266,99.029052734375
200.4383119429551,136.01881344417143,78.39798736572266,99.029052734375
200.4383119429551,136.01881344417143,78.39798736572266,99.029052734375
200.4383119429551,136.01881344417143,78.39798736572266,99.029052734375
200.4383119429551,136.01881344417143,78.39798736572266,99.029052734375
200.4383119429551,136.01881344417143,78.39798736572266,99.029052734375
200.4383119429551,136.01881344417143,78.39798736572266,99.029052734375
200.4383119429551,136.01881344417143,78.39798736572266,99.029052734375
200.4383119429551,136.01881344417143,78.39798736572266,99.029052734375
200.4383119429551,136.01881344417143,78.39798736572266,99.029052734375
200.4383119429551,136.01881344417143,78.39798736572266,99.029052734375
176.55654665916495,256.1548895983296,78.39798736572266,99.029052734375
288.979175416761,268.3305362874086,78.39798736572266,99.029052734375
288.979175416761,268.3305362874086,78.39798736572266,99.029052734375
288.979175416761,268.3305362874086,78.39798736572266,99.029052734375
288.979175416761,268.3305362874086,78.39798736572266,99.029052734375
288.979175416761,268.3305362874086,78.39798736572266,99.029052734375
288.979175416761,268.3305362874086,78.39798736572266,99.029052734375
288.979175416761,268.3305362874086,78.39798736572266,99.029052734375
288.979175416761,268.3305362874086,78.39798736572266,99.029052734375
288.979175416761,268.3305362874086,78.39798736572266,99.029052734375
288.979175416761,268.3305362874086,78.39798736572266,99.029052734375
288.979175416761,268.3305362874086,78.39798736572266,99.029052734375
175.62365653007365,165.66163619082843,78.39798736572266,99.029052734375
175.62365653007365,165.66163619082843,78.39798736572266,99.029052734375
175.62365653007365,165.66163619082843,78.39798736572266,99.029052734375
175.62365653007365,165.66163619082843,78.39798736572266,99.029052734375
175.62365653007365,165.66163619082843,78.39798736572266,99.029052734375
229.2914565069346,177.46700792292268,78.39798736572266,99.029052734375
229.2914565069346,177.46700792292268,78.39798736572266,99.029052734375
229.2914565069346,177.46700792292268,78.39798736572266,99.029052734375
229.2914565069346,177.46700792292268,78.39798736572266,99.029052734375
229.2914565069346,177.46700792292268,78.39798736572266,99.029052734375
229.2914565069346,177.46700792292268,78.39798736572266,99.029052734375
229.2914565069346,177.46700792292268,78.39798736572266,99.029052734375
229.2914565069346,177.46700792292268,78.39798736572266,99.029052734375
229.2914565069346,177.46700792292268,78.39798736572266,99.029052734375
229.2914565069346,177.46700792292268,78.39798736572266,99.029052734375
229.2914565069346,177.46700792292268,78.39798736572266,99.029052734375
229.2914565069346,177.46700792292268,78.39798736572266,99.029052734375
229.2914565069346,177.46700792292268,78.39798736572266,99.029052734375
263.4612048413166,200.53844511137186,78.39798736572266,99.029052734375
263.4612048413166,200.53844511137186,78.39798736572266,99.029052734375
263.4612048413166,200.53844511137186,78.39798736572266,99.029052734375
263.4612048413166,200.53844511137186,78.39798736572266,99.029052734375
263.4612048413166,200.53844511137186,78.39798736572266,99.029052734375
256.05627406427925,214.77507106076723,78.39798736572266,99.029052734375
265.9964137411117,63.73452349750508,78.39798736572266,99.029052734375
274.05777605525975,152.072804509217,78.39798736572266,99.029052734375
302.8931445598337,80.12907452085648,78.39798736572266,99.029052734375
311.4888266794686,113.50388546447945,78.39798736572266,99.029052734375
311.4888266794686,113.50388546447945,78.39798736572266,99.029052734375
311.4888266794686,113.50388546447945,78.39798736572266,99.029052734375
311.4888266794686,113.50388546447945,78.39798736572266,99.029052734375
252.86408396863442,46.22766061454065,78.39798736572266,99.029052734375
286.27552832251746,279.7965041154982,78.39798736572266,99.029052734375
286.27552832251746,279.7965041154982,78.39798736572266,99.029052734375
208.02791493055352,175.15349161771604,78.39798736572266,99.029052734375
275.0721501773114,139.97551251016068,78.39798736572266,99.029052734375
243.49573074440758,52.17098958546963,78.39798736572266,99.029052734375
310.56091466204055,-4.830565088653813,78.39798736572266,99.029052734375
242.8938393619614,62.8755894315853,78.39798736572266,99.029052734375
242.8938393619614,62.8755894315853,78.39798736572266,99.029052734375
237.86106997002315,117.23924156360411,78.39798736572266,99.029052734375
237.86106997002315,117.23924156360411,78.39798736572266,99.029052734375
265.46878820497477,114.95456677867438,78.39798736572266,99.029052734375
265.46878820497477,114.95456677867438,78.39798736572266,99.029052734375
265.46878820497477,114.95456677867438,78.39798736572266,99.029052734375
265.46878820497477,114.95456677867438,78.39798736572266,99.029052734375
233.0596110705141,-4.278027301433838,78.39798736572266,99.029052734375
310.99453848326624,94.93430986601027,78.39798736572266,99.029052734375
319.61852831352144,149.69102219840943,78.39798736572266,99.029052734375
286.29409689477575,71.30341885003823,78.39798736572266,99.029052734375
286.29409689477575,71.30341885003823,78.39798736572266,99.029052734375
303.170846571325,71.89122426473133,78.39798736572266,99.029052734375
303.99154675201845,220.9342513607104,78.39798736572266,99.029052734375
303.99154675201845,220.9342513607104,78.39798736572266,99.029052734375
314.18734310832235,-18.451520517492384,78.39798736572266,99.029052734375
314.18734310832235,-18.451520517492384,78.39798736572266,99.029052734375
277.66225629371274,99.27099866796226,78.39798736572266,99.029052734375
276.6845694001083,126.46364573451046,78.39798736572266,99.029052734375
252.9697454878061,165.73599211418974,78.39798736572266,99.029052734375
224.02971097829868,117.96750141777383,78.39798736572266,99.029052734375
220.89163494714728,112.04002447004339,78.39798736572266,99.029052734375
221.24031006171964,110.29664889718148,78.39798736572266,99.029052734375
222.98368563458155,116.22412584491192,78.39798736572266,99.029052734375
218.10638471219383,114.25538626644368,76.72612762451172,96.91722869873047
214.35275007214736,118.00902090649015,76.72612762451172,96.91722869873047
217.42390568673085,120.39769749561063,76.72612762451172,96.91722869873047
212.30531299575838,123.46885311019412,76.72612762451172,96.91722869873047
208.5516783557119,138.14215215764852,76.72612762451172,96.91722869873047
203.43308566473945,134.38851751760205,76.72612762451172,96.91722869873047
271.57369842141253,114.28887641803573,76.72612762451172,96.91722869873047
172.63863402478907,144.3218005762352,76.72612762451172,96.91722869873047
199.5965555305774,135.79081275794775,76.72612762451172,96.91722869873047
198.57283699238292,131.35469909243827,76.72612762451172,96.91722869873047
196.86663942872542,129.64850152878077,76.72612762451172,96.91722869873047
197.20787894145693,129.98974104151227,76.72612762451172,96.91722869873047
123.17907159464693,66.98122626783773,76.72612762451172,96.91722869873047
195.863087806456,130.11053612316488,76.72612762451172,96.91722869873047
134.68026091908973,145.58250411150954,76.72612762451172,96.91722869873047
180.06511611237897,128.17928896220315,76.72612762451172,96.91722869873047
183.81875075242544,127.15557042400866,76.72612762451172,96.91722869873047
184.84246929061993,128.17928896220315,76.72612762451172,96.91722869873047
182.22350773263193,126.75310559835944,78.42369079589844,99.0615234375
183.96745491738534,127.79947390921149,78.42369079589844,99.0615234375
181.52592885873057,130.24099996786626,78.42369079589844,99.0615234375
183.96745491738534,129.1946316570142,78.42369079589844,99.0615234375
179.43319223702647,132.33373658957035,78.42369079589844,99.0615234375
174.20135068276625,136.86799926992921,78.42369079589844,99.0615234375
175.92984307096467,56.07910690502392,78.42369079589844,99.0615234375
169.3028437689017,148.50830769695477,78.42369079589844,99.0615234375
83.86756029881988,54.276259414265894,78.42369079589844,99.0615234375
272.34051575748856,223.4860754878801,78.42369079589844,99.0615234375
219.14375509239545,270.8801682994127,78.42369079589844,99.0615234375
219.14375509239545,270.8801682994127,78.42369079589844,99.0615234375
219.14375509239545,270.8801682994127,78.42369079589844,99.0615234375
175.92495282799285,131.6804164090684,78.42369079589844,99.0615234375
160.9270070391135,148.0735199457505,78.42369079589844,99.0615234375
157.090323232656,144.93441501319435,78.42369079589844,99.0615234375
151.85848167839578,151.5614143152573,78.42369079589844,99.0615234375
152.90484998924782,150.51504600440526,78.42369079589844,99.0615234375
149.50420536306146,144.7148813165505,80.1588134765625,101.25325775146484
148.24757307272395,141.0056401901939,81.93232727050781,103.49348449707031
144.69478498261296,140.99491938858552,83.74507904052734,105.78327941894531
144.1547786733834,137.89257514127632,85.59793853759766,108.12373352050781
145.29686944321537,141.31884745077224,85.59793853759766,108.12373352050781
129.20558828354726,220.9124301454275,85.59793853759766,108.12373352050781
149.19223423531565,153.75581207496737,87.49179077148438,110.5159683227539
144.5909512697331,148.0923980993465,89.42754364013672,112.96113586425781
139.88786347419727,155.50828749539167,91.4061279296875,115.46040344238281
136.22910359030956,175.42820241878033,91.4061279296875,115.46040344238281
203.9671932888246,265.1754555396473,91.4061279296875,115.46040344238281
195.62806933912586,88.5624313148802,91.4061279296875,115.46040344238281
59.334605352390994,147.93402833203857,91.4061279296875,115.46040344238281
96.70483197887751,151.2962602290997,93.4284896850586,118.01496124267578
90.92911792813325,148.69740188047697,95.49559783935547,120.62604522705078
75.21459703162236,142.32665016567526,95.49559783935547,120.62604522705078
65.78594811386185,144.95801622825653,97.60843658447266,123.2948989868164
53.4463335597232,145.84603191252177,99.76802062988281,126.02279663085938
41.7544196714973,147.67440992981557,101.97538757324219,128.81105041503906
23.216217647100564,146.7199806571364,104.2315902709961,131.66099548339844
2.3555608738422222,147.18355080765326,104.2315902709961,131.66099548339844
-12.745166942919504,141.39846733481934,106.53771209716797,134.57398986816406
-19.852566544375065,138.08168085414007,106.53771209716797,134.57398986816406
209.76426380686297,182.70789035602957,106.53771209716797,134.57398986816406
245.3012618141408,263.732245812623,106.53771209716797,134.57398986816406
236.29855565229707,267.0490322933022,106.53771209716797,134.57398986816406
215.92401012812445,271.3134720541756,106.53771209716797,134.57398986816406
195.54946460395183,276.525565095243,106.53771209716797,134.57398986816406
161.4340166758081,282.41076842687033,108.89485931396484,137.5514373779297
125.11076258761926,276.1147377182509,108.89485931396484,137.5514373779297
215.56277744559156,294.9566950214785,108.89485931396484,137.5514373779297
-25.744327107920025,189.67192205622166,108.89485931396484,137.5514373779297
-6.876720317243418,145.43898435121048,108.89485931396484,137.5514373779297
-15.618446419448851,278.0772634748617,111.30416107177734,140.59475708007812
-22.053776807496448,281.5424413761181,111.30416107177734,140.59475708007812
287.97832064538505,45.62513286371164,111.30416107177734,140.59475708007812
68.97529107954075,63.17592901056253,111.30416107177734,140.59475708007812
27.170466377735636,-14.904140617217209,113.76676940917969,143.70541381835938
67.81496224997838,234.37853073533438,113.76676940917969,143.70541381835938
174.2224515587193,122.56837636171753,113.76676940917969,143.70541381835938
-3.8656822376712796,-29.486686533530246,113.76676940917969,143.70541381835938
-24.989134715750737,51.34830117707253,113.76676940917969,143.70541381835938
-24.989134715750737,51.34830117707253,113.76676940917969,143.70541381835938
-24.989134715750737,51.34830117707253,113.76676940917969,143.70541381835938
119.4338219123373,143.15233491341957,113.76676940917969,143.70541381835938
-10.070065347291028,113.07203297978631,113.76676940917969,143.70541381835938
-10.070065347291028,113.07203297978631,113.76676940917969,143.70541381835938
-21.013377265739322,26.541667181546202,113.76676940917969,143.70541381835938
-28.60304504214296,128.24321538535494,113.76676940917969,143.70541381835938
190.9941482509405,114.46133985119815,113.76676940917969,143.70541381835938
189.62290547590004,207.91947149290962,113.76676940917969,143.70541381835938
4.784333854162419,294.8809806312517,113.76676940917969,143.70541381835938
4.784333854162419,294.8809806312517,113.76676940917969,143.70541381835938
1.1472191162707048,271.11058712366486,113.76676940917969,143.70541381835938
-1.960970747981193,66.00295420678037,113.76676940917969,143.70541381835938
20.580484310905163,-34.919831325766,113.76676940917969,143.70541381835938
75.0484715143435,-8.653676974161897,113.76676940917969,143.70541381835938
98.23917278895155,207.460528679984,113.76676940917969,143.70541381835938
188.29881621690436,198.57219468397216,113.76676940917969,143.70541381835938
37.60278999316924,7.722568084492494,113.76676940917969,143.70541381835938
113.54592401489961,98.30521793691545,113.76676940917969,143.70541381835938
113.54592401489961,98.30521793691545,113.76676940917969,143.70541381835938
172.94547127318245,25.318138627346087,113.76676940917969,143.70541381835938
222.2762436522246,17.842691574523002,113.76676940917969,143.70541381835938
165.33018020136913,-6.857342259651276,113.76676940917969,143.70541381835938
160.1781407116067,55.99441909735546,113.76676940917969,143.70541381835938
261.9773877613596,-43.66919552732185,113.76676940917969,143.70541381835938
220.6852440620841,166.9372490593041,113.76676940917969,143.70541381835938
241.89356804163998,141.64660676557705,111.34066009521484,140.64085388183594
243.5580446067471,135.03229074225246,108.9662857055664,137.6416473388672
248.8889492446079,127.76287532698777,108.9662857055664,137.6416473388672
255.1891092711706,119.52420452302113,108.9662857055664,137.6416473388672
256.6429923542235,113.22404449645839,108.9662857055664,137.6416473388672
255.1891092711706,111.77016141340545,108.9662857055664,137.6416473388672
258.58150313162747,110.3162783303525,108.9662857055664,137.6416473388672
264.8816631581902,114.6779275795113,108.9662857055664,137.6416473388672
268.27405701864706,109.34702294165052,108.9662857055664,137.6416473388672
267.78942932429607,107.89313985859758,108.9662857055664,137.6416473388672
273.12033396215685,103.53149060943878,108.9662857055664,137.6416473388672
280.38974937742154,101.10835213768388,108.9662857055664,137.6416473388672
287.6591647926862,98.68521366592898,108.9662857055664,137.6416473388672
290.0823032644411,102.07760752638583,108.9662857055664,137.6416473388672
294.4439525135999,103.53149060943878,108.9662857055664,137.6416473388672
297.8363463740568,100.13909674898193,108.9662857055664,137.6416473388672
298.3209740684078,97.71595827722703,108.9662857055664,137.6416473388672
303.6518787062686,92.38505363936625,108.9662857055664,137.6416473388672
312.85980489893717,95.7774474998231,108.9662857055664,137.6416473388672
310.4366664271823,92.38505363936625,108.9662857055664,137.6416473388672
315.76757106504306,95.7774474998231,108.9662857055664,137.6416473388672
316.25219875939405,102.07760752638583,108.9662857055664,137.6416473388672
308.0135279554274,97.71595827722703,108.9662857055664,137.6416473388672
314.3136879819901,96.26207519417409,108.9662857055664,137.6416473388672
332.2449126729763,91.90042594501529,108.9662857055664,137.6416473388672
241.42573535453414,86.24044338635585,108.9662857055664,137.6416473388672
38.07737590010504,-42.04211764689063,108.9662857055664,137.6416473388672
-15.412745642692144,-31.699379584591682,106.64254760742188,134.70639038085938
-16.56140178872998,-26.148706785883732,104.36836242675781,131.833740234375
-7.742011720602079,-22.89945781341556,104.36836242675781,131.833740234375
15.931087935951766,-26.148706785883732,104.36836242675781,131.833740234375
43.4405830776075,-20.716398081331143,102.1426773071289,129.0223388671875
170.52046701872274,2.607290250287093,102.1426773071289,129.0223388671875
126.45533806647109,-18.743854705958555,102.1426773071289,129.0223388671875
130.92021477267215,84.08629169793619,102.1426773071289,129.0223388671875
68.32334581944998,78.30555729556147,102.1426773071289,129.0223388671875
169.68238167934126,-20.588646258421605,99.9644546508789,126.2708969116211
187.02147080701045,-21.033238287336196,99.9644546508789,126.2708969116211
207.0281121081672,-23.25619843190917,99.9644546508789,126.2708969116211
294.7870109595904,54.824569919106125,99.9644546508789,126.2708969116211
328.13141312818505,115.7336778804056,99.9644546508789,126.2708969116211
335.6251371419776,112.36631320893039,97.83267974853516,123.57813262939453
335.6251371419776,112.36631320893039,97.83267974853516,123.57813262939453
247.45527607305365,61.645191503437616,97.83267974853516,123.57813262939453
273.4692295620138,79.53264208503373,97.83267974853516,123.57813262939453
296.85349754997844,-8.155076781147514,97.83267974853516,123.57813262939453
286.7083155279818,47.050159003877894,97.83267974853516,123.57813262939453
306.94406471738324,371.79461169400633,97.83267974853516,123.57813262939453
282.2532088156435,156.29279572997416,97.83267974853516,123.57813262939453
312.470860186758,332.1374872873131,97.83267974853516,123.57813262939453
165.88316295113003,4.3844108907273664,97.83267974853516,123.57813262939453
297.8442160281919,88.01965508939861,97.83267974853516,123.57813262939453
165.58005027047363,2.3159873601260443,97.83267974853516,123.57813262939453
192.19042008000542,-0.834150799140005,97.83267974853516,123.57813262939453
301.35140918115053,55.31991167037579,97.83267974853516,123.57813262939453
333.11450999003574,21.816366981551653,97.83267974853516,123.57813262939453
342.25184035971506,25.732365711414218,97.83267974853516,123.57813262939453
352.94082958134976,32.50202750312623,95.74636840820312,120.94279479980469
362.73496782367226,40.59283735547962,95.74636840820312,120.94279479980469
369.97411348104106,48.683647207833005,95.74636840820312,120.94279479980469
375.50993074844075,55.92279286520183,95.74636840820312,120.94279479980469
380.1940838208559,64.86526691253978,95.74636840820312,120.94279479980469
270.2581868111249,96.99076807523875,95.74636840820312,120.94279479980469
368.62540133184245,82.08664466300883,95.74636840820312,120.94279479980469
272.39705207742674,173.73084022890293,95.74636840820312,120.94279479980469
360.5442962583295,98.35855897276872,95.74636840820312,120.94279479980469
354.15681479594525,104.74604043515296,95.74636840820312,120.94279479980469
245.46789966668126,100.01825564905994,95.74636840820312,120.94279479980469
289.77775805851087,148.41958743087903,95.74636840820312,120.94279479980469
229.37742383786662,207.45242432455166,95.74636840820312,120.94279479980469
230.39707152597276,93.41812293304659,95.74636840820312,120.94279479980469
230.39707152597276,93.41812293304659,95.74636840820312,120.94279479980469
212.92486936170445,36.354903794562105,95.74636840820312,120.94279479980469
212.24414644013478,154.8591674887638,95.74636840820312,120.94279479980469
212.24414644013478,154.8591674887638,95.74636840820312,120.94279479980469
212.24414644013478,154.8591674887638,95.74636840820312,120.94279479980469
282.93377148956466,177.88054208188152,95.74636840820312,120.94279479980469
393.5423136095568,93.38803157431687,93.70455169677734,118.36365509033203
377.2688757874688,99.06866715333894,91.7062759399414,115.83951568603516
368.4186662438038,103.05567602087763,89.7506103515625,113.36920166015625
352.83189912347893,103.87975429420811,87.83665466308594,110.95156860351562
343.0655589819712,105.05171511118903,87.83665466308594,110.95156860351562
326.26745393857794,104.66106150552872,87.83665466308594,110.95156860351562
316.5011137970702,106.61432953383027,87.83665466308594,110.95156860351562
306.51821254693687,111.18616870038397,85.96350860595703,108.58549499511719
296.01119081296696,111.97547500809299,84.13031005859375,106.2698745727539
284.28565294210216,112.02665634366647,82.3362045288086,104.0036392211914
275.633801503392,114.19447544883565,80.58036041259766,101.78572845458984
267.3910327411857,112.4025691961821,80.58036041259766,101.78572845458984
339.4256640978584,29.616500323588127,80.58036041259766,101.78572845458984
325.4314720335234,23.44782264538911,78.8619613647461,99.61511993408203
315.79244736414364,20.115185439577502,77.18020629882812,97.49079895019531
303.7121600659086,18.838729552095074,75.53431701660156,95.41178131103516
293.832269949678,16.294308782557266,73.92352294921875,93.3770980834961
283.529286177199,15.07171556810053,72.34708404541016,91.38580322265625
272.82575067091443,12.634659544285874,70.80426025390625,89.43697357177734
263.69359210788895,10.430345408383168,70.80426025390625,89.43697357177734
256.4508456613515,7.5962272336511205,70.80426025390625,89.43697357177734
249.8379032536434,6.021717136577763,70.80426025390625,89.43697357177734
238.75558544498142,5.457753212446676,69.2943344116211,87.52970123291016
232.9000393039691,5.14956657344603,69.2943344116211,87.52970123291016
219.64801382694122,4.225006656444087,69.2943344116211,87.52970123291016
215.0252142419315,5.14956657344603,69.2943344116211,87.52970123291016
209.7860413789205,1.7595135444388958,69.2943344116211,87.52970123291016
204.54686851590947,0.21858034943565485,69.2943344116211,87.52970123291016
198.07494909689586,-0.7059795675662883,69.2943344116211,87.52970123291016
188.41715247965354,-3.0402005410698436,67.81661224365234,85.66310119628906
183.89293548820365,-2.7385860749731847,67.81661224365234,85.66310119628906
178.16226063236712,-6.659574134229743,67.81661224365234,85.66310119628906
168.2089832511774,-9.977333261292983,67.81661224365234,85.66310119628906
158.7571437912301,-11.68035297897223,66.37039947509766,83.83631134033203
151.21394450528365,-12.209001903711112,64.95503234863281,82.04847717285156
143.41397951664246,-13.653439864570593,64.95503234863281,82.04847717285156
137.7023170821151,-14.170814182931249,63.569847106933594,80.29876708984375
131.76505055977069,-15.018995114694736,63.569847106933594,80.29876708984375
128.35525563189867,-15.52533740693626,62.21419906616211,78.58637237548828
129.81871370559145,-16.55427350426044,60.8874626159668,76.91049194335938
121.24613082227009,9.946104134545578,60.8874626159668,76.91049194335938
237.10732606470975,171.1520064214698,60.8874626159668,76.91049194335938
308.86855138290275,190.92019301855692,60.8874626159668,76.91049194335938
254.31817737293062,128.12867698064997,60.8874626159668,76.91049194335938
254.31817737293062,128.12867698064997,60.8874626159668,76.91049194335938
103.66351029967367,226.69738148449846,60.8874626159668,76.91049194335938
103.66351029967367,226.69738148449846,60.8874626159668,76.91049194335938
30.088311797370928,49.61623798845088,60.8874626159668,76.91049194335938
43.59449270078001,-14.347728058428274,60.8874626159668,76.91049194335938
194.4890392579088,278.2501188513002,60.8874626159668,76.91049194335938
227.48784332725614,289.87945301092265,60.8874626159668,76.91049194335938
308.9262609251136,169.0166362035299,60.8874626159668,76.91049194335938
200.72958264447564,198.1283676132147,60.8874626159668,76.91049194335938
237.45810760002712,292.0926145264802,60.8874626159668,76.91049194335938
56.73154134537002,8.034459858118112,60.8874626159668,76.91049194335938
56.73154134537002,8.034459858118112,60.8874626159668,76.91049194335938
149.36878387072903,330.5645373025794,60.8874626159668,76.91049194335938
165.178923572939,267.11029654151054,60.8874626159668,76.91049194335938
110.96953375946364,259.30689565178295,60.8874626159668,76.91049194335938
152.8382834477434,231.64370265641674,60.8874626159668,76.91049194335938
98.91865694819916,252.84506534295588,60.8874626159668,76.91049194335938
138.88479406136926,278.16394701373105,60.8874626159668,76.91049194335938
251.73300164142364,109.90967194368557,60.8874626159668,76.91049194335938
153.42964336254082,304.78545097048635,60.8874626159668,76.91049194335938
122.63761384531381,307.37886574019876,60.8874626159668,76.91049194335938
158.001062925778,279.2269095110057,59.589019775390625,75.27035522460938
160.9354270729651,282.3284794687397,58.318267822265625,73.66519165039062
159.6175618403121,220.00397676273803,58.318267822265625,73.66519165039062
169.48923186959456,201.539770917959,57.07461166381836,72.0942611694336
200.81770422769716,253.9322302271297,57.07461166381836,72.0942611694336
200.81458656110308,68.09279221304759,57.07461166381836,72.0942611694336
255.89773911782987,120.63755064273627,57.07461166381836,72.0942611694336
245.49640316425393,122.62958801838317,55.857479095458984,70.55683135986328
245.49640316425393,122.62958801838317,55.857479095458984,70.55683135986328
206.14212085261394,229.67201200583946,55.857479095458984,70.55683135986328
238.12819337698193,189.30322699045092,55.857479095458984,70.55683135986328
311.1552903581139,158.91629632419,55.857479095458984,70.55683135986328
287.0878431777763,155.1191274221648,54.66630172729492,69.05218505859375
305.3224767026562,157.3072834451504,54.66630172729492,69.05218505859375
259.55922456007454,0.07841736667185728,54.66630172729492,69.05218505859375
225.9102836425364,-5.478141457528231,55.87579345703125,70.57996368408203
3.0402396669041636,10.951735703344013,55.87579345703125,70.57996368408203
-6.154543896960682,-8.68036974382687,55.87579345703125,70.57996368408203
-5.906036233072442,-11.4139540465975,55.87579345703125,70.57996368408203
37.606564009530516,55.072127349050945,55.87579345703125,70.57996368408203
-1.3333433699805184,56.17740421024335,55.87579345703125,70.57996368408203
298.6062100408639,-1.9345709598130298,55.87579345703125,70.57996368408203
312.77114688249355,16.20648850402842,55.87579345703125,70.57996368408203
321.9659304463584,21.922164773457922,55.87579345703125,70.57996368408203
330.1666833546703,27.637841042887416,55.87579345703125,70.57996368408203
343.45731592429036,38.690006893128086,54.684226989746094,69.07482147216797
351.77617202670024,43.88045837851253,53.518070220947266,67.6017837524414
357.62344150677956,48.96022330046918,52.37678146362305,66.16015625
363.7950686117997,53.48261073163876,51.259830474853516,64.749267578125
369.9504787337805,58.270151937623865,51.259830474853516,64.749267578125
375.11154229123946,62.256620784643914,50.16669845581055,63.36846923828125
380.24322063876093,65.60336753302748,50.16669845581055,63.36846923828125
385.82113188606684,68.95011428141105,50.16669845581055,63.36846923828125
390.5065773338038,71.85062813001014,50.16669845581055,63.36846923828125
395.1920227815408,74.75114197860923,50.16669845581055,63.36846923828125
399.8774682292778,77.65165582720832,50.16669845581055,63.36846923828125
405.3585744289152,80.26280017209871,49.09687805175781,62.01711654663086
410.3808181899895,82.22802599164953,49.09687805175781,62.01711654663086
414.9663451022747,83.75653496241128,49.09687805175781,62.01711654663086
419.55187201455993,85.7217607819621,49.09687805175781,62.01711654663086
424.13739892684515,87.25026975272385,49.09687805175781,62.01711654663086
428.72292583913037,87.46862817711839,49.09687805175781,62.01711654663086
433.3084527514156,88.99713714788014,49.09687805175781,62.01711654663086
440.9509976052243,89.65221242106375,49.09687805175781,62.01711654663086
445.5365245175095,91.61743824061458,49.09687805175781,62.01711654663086
450.12205142979474,92.27251351379819,49.09687805175781,62.01711654663086
458.20131313239256,92.9275887869818,49.09687805175781,62.01711654663086
462.7868400446778,94.45609775774355,49.09687805175781,62.01711654663086
467.8090838057521,95.11117303092716,49.09687805175781,62.01711654663086
475.01491181077176,96.20296515289984,49.09687805175781,62.01711654663086
480.47387242063513,96.85804042608345,49.09687805175781,62.01711654663086
485.49611618170945,98.3865493968452,49.09687805175781,62.01711654663086
494.0120947330963,98.16819097245065,49.09687805175781,62.01711654663086
502.5280732844832,98.3865493968452,49.09687805175781,62.01711654663086
511.04405183587005,98.16819097245065,49.09687805175781,62.01711654663086
519.996747236046,97.07639885047799,49.09687805175781,62.01711654663086
529.386159485011,96.42132357729437,49.09687805175781,62.01711654663086
539.2122885827652,95.3295314553217,49.09687805175781,62.01711654663086
549.0384176805193,94.23773933334903,49.09687805175781,62.01711654663086
564.127016697532,93.3251287015602,50.18314743041992,63.389244079589844
575.3813856617335,92.39232513260785,51.29344940185547,64.79173278808594
587.0158970629973,90.79543141086576,51.29344940185547,64.79173278808594
593.6315996245003,90.56730373633117,51.29344940185547,64.79173278808594
598.7960482302407,92.35756542756377,50.19960021972656,63.410030364990234
320.8235386457378,240.64982017792465,50.19960021972656,63.410030364990234
258.4216247412419,178.10176331383403,51.310264587402344,64.81298065185547
256.36780249108693,178.78637073055233,51.310264587402344,64.81298065185547
253.4011703519742,179.01457320279178,51.310264587402344,64.81298065185547
251.80375304629814,176.50434600815797,51.310264587402344,64.81298065185547
252.41993404730977,179.3387517431264,52.44550323486328,66.2469711303711
51.74411365926012,0.707901308528676,52.44550323486328,66.2469711303711
30.495715948570073,12.430481952962609,51.32708740234375,64.83423614501953
-1.6913825715170248,58.314218141171864,51.32708740234375,64.83423614501953
0.36311307870129994,63.108041325014625,51.32708740234375,64.83423614501953
9.031976862244704,63.10132646825744,52.46269989013672,66.26869201660156
28.864850878994645,61.46803096099568,52.46269989013672,66.26869201660156
235.94355482525452,179.18453161915588,52.46269989013672,66.26869201660156
31.772266006769392,37.79591993126532,52.46269989013672,66.26869201660156
-15.529103340269465,101.69757595561333,53.623435974121094,67.7348861694336
-6.4723974828022435,103.67002944988567,54.809852600097656,69.2335205078125
23.023398404715742,101.47612727643391,54.809852600097656,69.2335205078125
49.59399139429806,101.2323603682726,54.809852600097656,69.2335205078125
76.65211820020298,101.96366109275652,54.809852600097656,69.2335205078125
103.22271118978529,95.38195457240127,54.809852600097656,69.2335205078125
131.76690111130526,126.89941050159123,53.641014099121094,67.75709533691406
160.16226707311984,125.09247881009415,52.49710464477539,66.3121566772461
187.0519272653125,116.12273933627353,51.377586364746094,64.89803314208984
12.115359214637387,40.752108886642674,51.377586364746094,64.89803314208984
56.193484513050834,122.80418648735358,51.377586364746094,64.89803314208984
196.76487648250009,108.06542888868535,51.377586364746094,64.89803314208984
279.5515288322071,54.32566761751504,51.377586364746094,64.89803314208984
271.0969582220221,53.18315807559814,51.377586364746094,64.89803314208984
275.0329369939836,69.29724624710359,52.51431655883789,66.33390045166016
292.9877499191182,107.44944513674432,52.51431655883789,66.33390045166016
2.3855747731359074,169.37023843660683,52.51431655883789,66.33390045166016
11.274797004099149,149.5920064499434,51.394432067871094,64.9193115234375
33.63398389428037,149.62327255396076,50.298431396484375,63.534889221191406
55.516354336479395,153.1037402452319,49.22580337524414,62.179988861083984
76.93207723333758,153.97776280662595,48.176048278808594,60.853981018066406
98.71717865425485,154.00707174123008,47.148677825927734,59.556251525878906
120.84616303682017,153.63152601099875,46.143218994140625,58.286197662353516
131.03058582280747,154.84642390482105,45.159202575683594,57.04322814941406
151.8386465282942,156.03541482644962,44.196170806884766,55.82676315307617
172.58188600209562,158.33579617202318,43.2536735534668,54.6362419128418
192.88276934511515,160.21628667440768,42.331275939941406,53.471107482910156
212.38780409793287,162.4196030622085,41.42854690551758,52.33081817626953
232.89763729899008,163.86555717650768,40.54507064819336,51.214847564697266
80.61781984175677,152.35738642377265,40.54507064819336,51.214847564697266
313.7265262813178,44.092639666207575,40.54507064819336,51.214847564697266
18.635828283987067,-12.651456470524764,40.54507064819336,51.214847564697266
46.06317552446795,0.8134609012288649,41.44213104248047,52.34797668457031
65.41613924225138,-1.2139924406341613,41.44213104248047,52.34797668457031
84.76910296003481,-2.504190021819724,41.44213104248047,52.34797668457031
295.72197349494,183.46202150320312,41.44213104248047,52.34797668457031
319.86709965712697,212.03068222945484,41.44213104248047,52.34797668457031
45.36785098553251,74.6557767458886,41.44213104248047,52.34797668457031
31.332371235726505,61.64700575056561,42.359039306640625,53.50617599487305
40.83205949665127,62.423290507417036,43.296234130859375,54.689998626708984
61.435985550227485,65.31169135604921,43.296234130859375,54.689998626708984
82.81015183010561,67.81497209153044,43.296234130859375,54.689998626708984
104.18431810998374,70.70337294016261,43.296234130859375,54.689998626708984
125.08192753864034,72.2959574141994,44.2541618347168,55.9000129699707
146.53535635180634,74.46098234029873,44.2541618347168,55.9000129699707
167.2015033736635,77.01964816205248,44.2541618347168,55.9000129699707
187.86765039552068,79.1846730881518,44.2541618347168,55.9000129699707
208.53379741737785,77.01964816205248,44.2541618347168,55.9000129699707
228.41266264792617,79.1846730881518,44.2541618347168,55.9000129699707
243.96147802627587,78.59421174467016,44.2541618347168,55.9000129699707
258.3293707176623,78.00375040118853,44.2541618347168,55.9000129699707
249.19898112095962,26.00645478880668,44.2541618347168,55.9000129699707
256.68998659089726,5.545080835048445,43.310428619384766,54.70792770385742
272.6777115679016,3.8114721026021883,43.310428619384766,54.70792770385742
289.05068292989404,6.7008199900126115,43.310428619384766,54.70792770385742
304.65316152191036,8.04918233747081,43.310428619384766,54.70792770385742
320.2556401139267,9.782791069917067,43.310428619384766,54.70792770385742
335.7559771328723,7.952531322120919,42.38682174682617,53.541263580322266
347.25541927147094,10.403232105756693,42.38682174682617,53.541263580322266
362.1481394181806,11.722840220022107,42.38682174682617,53.541263580322266
375.5327360057298,13.41947922407764,42.38682174682617,53.541263580322266
388.52210452174955,11.628250320822715,41.48291015625,52.399478912353516
398.20813535798914,13.919788416334953,42.400718688964844,53.55881881713867
412.7285839683848,12.976902142932637,42.400718688964844,53.55881881713867
425.3632600319758,14.29694292569588,42.400718688964844,53.55881881713867
439.0839328815886,13.232171295871169,41.49650955200195,52.41666030883789
449.97272436910606,16.369619690579583,41.49650955200195,52.41666030883789
463.81440846340786,13.60128287171922,41.49650955200195,52.41666030883789
476.5487578301655,15.631396538883486,41.49650955200195,52.41666030883789
490.0213303486193,14.339506023415318,41.49650955200195,52.41666030883789
500.0934900501345,16.63179669307572,42.41461944580078,53.576377868652344
514.2414214050227,20.215939302980743,42.41461944580078,53.576377868652344
528.3893527599109,19.272743879321524,42.41461944580078,53.576377868652344
541.4054496064082,20.215939302980743,42.41461944580078,53.576377868652344
555.5533809612964,18.518187540394152,42.41461944580078,53.576377868652344
569.278551128562,16.72578325541999,41.51011657714844,52.43384552001953
583.1848013005902,19.018824900543414,42.42852783203125,53.59394454956055
596.9599695596668,19.207525835599256,42.42852783203125,53.59394454956055
72.71176525604653,21.76061665701728,42.42852783203125,53.59394454956055
56.77599879292346,8.833769633057557,43.36725997924805,54.77970886230469
130.73954123487954,10.000562652115903,43.36725997924805,54.77970886230469
145.6681684712156,9.994888125194159,44.326759338378906,55.9917106628418
158.88172967048402,7.943727084552307,45.30748748779297,57.230525970458984
172.38257267835115,7.339211725991092,45.30748748779297,57.230525970458984
187.49545664238153,8.749747562633928,45.30748748779297,57.230525970458984
202.6083406064119,10.563293638317575,45.30748748779297,57.230525970458984
216.11425024599495,8.46675075406528,46.30991744995117,58.49674987792969
230.32572624599072,7.8488604931959,46.30991744995117,58.49674987792969
242.47756804308858,8.054823913485691,46.30991744995117,58.49674987792969
254.21748299960683,7.025006812036722,46.30991744995117,58.49674987792969
266.78125163728424,5.995189710587752,46.30991744995117,58.49674987792969
280.1688739561208,7.025006812036722,46.30991744995117,58.49674987792969
291.0849352314799,6.819043391746931,46.30991744995117,58.49674987792969
302.82485018799815,5.789226290297961,46.30991744995117,58.49674987792969
312.91705778219807,5.58326287000817,46.30991744995117,58.49674987792969
324.2450458981367,4.141518927979618,46.30991744995117,58.49674987792969
335.1611071734958,4.759409188848998,46.30991744995117,58.49674987792969
346.0771684488549,3.729592087400029,46.30991744995117,58.49674987792969
356.99322972421396,4.347482348269409,46.30991744995117,58.49674987792969
367.49736415899343,2.9057384062408538,46.30991744995117,58.49674987792969
377.58957175319335,3.1117018265306484,46.30991744995117,58.49674987792969
388.50563302855244,2.9057384062408538,46.30991744995117,58.49674987792969
399.8336211444911,2.2878481453714734,46.30991744995117,58.49674987792969
411.5735361010093,1.669957884502093,46.30991744995117,58.49674987792969
422.90152421694796,3.1117018265306484,46.30991744995117,58.49674987792969
435.4652928546254,3.3176652468204395,46.30991744995117,58.49674987792969
448.0290614923028,1.8759213047918877,46.30991744995117,58.49674987792969
461.0047569705598,2.493811565661268,46.30991744995117,58.49674987792969
475.2162329705556,1.4639944642122984,46.30991744995117,58.49674987792969
489.4277089705514,2.0818847250816788,46.30991744995117,58.49674987792969
503.2272581299676,3.1117018265306484,46.30991744995117,58.49674987792969
519.4983683328613,3.729592087400029,46.30991744995117,58.49674987792969
534.5336980140163,3.1117018265306484,46.30991744995117,58.49674987792969
549.1931741550829,3.960391644290553,47.33452606201172,59.79098892211914
564.9822012273609,3.749871283326847,47.33452606201172,59.79098892211914
579.929146855784,5.223513810072788,47.33452606201172,59.79098892211914
594.4550517622797,7.118197058746141,47.33452606201172,59.79098892211914
190.81318564413544,274.98626028729103,47.33452606201172,59.79098892211914
247.02212202144483,231.82958628973142,47.33452606201172,59.79098892211914
237.10664464634505,227.0182656859531,48.38180160522461,61.11386489868164
176.9643915784359,202.00823651941357,49.452247619628906,62.46601104736328
182.0229871971116,200.02878605993178,49.452247619628906,62.46601104736328
202.26528804112766,217.01801898907695,48.39766311645508,61.13390350341797
171.640730676232,236.03850257613715,48.39766311645508,61.13390350341797
114.45096867432386,55.13587089071952,48.39766311645508,61.13390350341797
157.9097089164227,4.212463806529065,49.46846008300781,62.48649215698242
170.45033892337725,3.552430648268299,49.46846008300781,62.48649215698242
179.47079208627437,1.572331173485999,49.46846008300781,62.48649215698242
195.13011123410084,3.391949836229692,50.562950134277344,63.8690071105957
203.66991669492475,1.0522150653760605,51.68165588378906,65.28211212158203
213.0939405630479,-1.4761815821691755,51.68165588378906,65.28211212158203
250.5601817948546,0.5925065840041981,51.68165588378906,65.28211212158203
268.2589583276713,-1.0164731007973131,51.68165588378906,65.28211212158203
285.4980263791161,-1.2463273414832443,51.68165588378906,65.28211212158203
304.11621987467646,-0.5567646194254507,51.68165588378906,65.28211212158203
323.1941218516087,-2.625452785598828,51.68165588378906,65.28211212158203
342.27202382854097,-1.4761815821691755,51.68165588378906,65.28211212158203
365.1992592305039,-3.217109237581223,50.57952880859375,63.889949798583984
382.97050908234166,-2.542251648270927,50.57952880859375,63.889949798583984
406.14061964866175,-5.9165395948223996,50.57952880859375,63.889949798583984
423.9118695004995,-4.7917769459719075,50.57952880859375,63.889949798583984
448.95203570801,-6.495579548733705,49.50090408325195,62.5274772644043
471.1877259889224,-4.95449210352195,49.50090408325195,62.5274772644043
489.4606199821475,-7.37620094599756,49.50090408325195,62.5274772644043
512.6936092270764,-8.194878442804576,48.445281982421875,61.194061279296875
530.031657142921,-6.08867863056501,47.41217041015625,59.88908004760742
552.5942881937734,-7.564738605854419,47.41217041015625,59.88908004760742
574.0339651658464,-8.348870508203564,46.401092529296875,58.6119270324707
589.8447797418467,-7.922822287666257,45.41157531738281,57.36201095581055
601.4250632380642,-7.895194912280868,44.44316101074219,56.13874816894531
58.25576629906273,33.16871270763447,44.44316101074219,56.13874816894531
93.21316301383888,0.4268856170771045,43.49539566040039,54.94157409667969
108.88227651386705,-0.9272353026784188,43.49539566040039,54.94157409667969
130.0424269634847,0.5908568922077571,42.56784439086914,53.769927978515625
150.19562768563242,-0.593232893788457,43.50965881347656,54.95958709716797
165.76726774849595,-3.17797152932814,42.58180236816406,53.78755569458008
175.38005149905777,49.63278179016784,42.58180236816406,53.78755569458008
335.16674063307113,124.63814003907714,42.58180236816406,53.78755569458008
295.545142436366,200.18685881410494,42.58180236816406,53.78755569458008
50.15626278266811,21.84464404140145,42.58180236816406,53.78755569458008
62.178176278202145,172.11056726951108,42.58180236816406,53.78755569458008
329.8487766570077,198.35315845466505,42.58180236816406,53.78755569458008
345.0883467970048,174.2841183165514,41.67373275756836,52.64051818847656
348.5696616140204,172.88031236945878,40.78502655029297,51.5179443359375
351.6270662950261,172.55545492126546,39.9152717590332,50.419307708740234
353.592628914913,174.29080548007346,39.06406784057617,49.34410095214844
356.54616652034326,173.7695929614681,39.06406784057617,49.34410095214844
360.1946541505806,173.59585545526633,39.06406784057617,49.34410095214844
362.4532417312038,173.07464293666098,39.06406784057617,49.34410095214844
366.10172936144113,174.29080548007343,39.06406784057617,49.34410095214844
369.40274197927494,174.81201799867878,39.06406784057617,49.34410095214844
377.3548714523399,175.8405298162516,38.231014251708984,48.29182434082031
384.1540989150403,175.86378885180747,37.41572570800781,47.261985778808594
390.4875466175349,178.77360473986087,36.61782455444336,46.25410842895508
80.26971086934404,14.613914031610378,36.61782455444336,46.25410842895508
64.79821622591379,33.01684976537477,36.61782455444336,46.25410842895508
83.52686763638198,33.83113895713426,36.61782455444336,46.25410842895508
102.58123472355396,31.3882713818558,36.61782455444336,46.25410842895508
122.28703316413353,29.27111948328114,36.61782455444336,46.25410842895508
141.9928316047131,28.78254596822545,36.61782455444336,46.25410842895508
161.0471986918851,26.665394069650787,36.61782455444336,46.25410842895508
179.1244187489457,24.548242171076126,36.61782455444336,46.25410842895508
195.57306042248732,22.75680594920526,36.61782455444336,46.25410842895508
211.37027074262136,21.291085404038185,36.61782455444336,46.25410842895508
226.19033403264402,20.151080535574906,36.61782455444336,46.25410842895508
240.3589659692591,18.033928637000244,36.61782455444336,46.25410842895508
252.89901952235516,15.591061061721788,36.61782455444336,46.25410842895508
265.764788752155,13.148193486443333,36.61782455444336,46.25410842895508
276.35054824502834,12.333904294683848,36.61782455444336,46.25410842895508
286.61059206119785,10.54246807281298,36.61782455444336,46.25410842895508
296.87063587736736,8.09960049753452,36.61782455444336,46.25410842895508
305.8278169867217,6.959595629071238,36.61782455444336,46.25410842895508
315.11071377277983,5.168159407200367,36.61782455444336,46.25410842895508
324.39361055883796,3.70243886203329,36.61782455444336,46.25410842895508
332.3736446380809,1.911002640162419,36.61782455444336,46.25410842895508
340.76963037340346,0.36356506956769863,35.836936950683594,45.26772689819336
358.46134826780144,-2.345977310655414,35.836936950683594,45.26772689819336
367.2275147920527,-5.055519690878526,35.836936950683594,45.26772689819336
376.3124510080949,-6.489983303937823,35.836936950683594,45.26772689819336
385.3973872241371,-8.243216608788073,35.836936950683594,45.26772689819336
394.8010931319703,-9.04014083826546,35.836936950683594,45.26772689819336
317.10210592187076,35.21640800259756,35.836936950683594,45.26772689819336
15.161394862531196,93.90673867295628,35.836936950683594,45.26772689819336
13.726931249471903,126.89940177332008,35.836936950683594,45.26772689819336
241.47671924721607,200.58957410599868,35.836936950683594,45.26772689819336
251.99770182810136,167.73170376341108,35.836936950683594,45.26772689819336
308.09769067021097,49.43339568712108,35.836936950683594,45.26772689819336
278.2158892613007,23.646374249608925,35.07270431518555,44.3023796081543
339.1065094797406,-0.6003168123892237,35.07270431518555,44.3023796081543
256.2853926498734,28.432025494008954,35.07270431518555,44.3023796081543
210.5485336752521,30.564094036352955,35.07270431518555,44.3023796081543
210.5485336752521,30.564094036352955,35.07270431518555,44.3023796081543
156.22099578415168,82.21939638995603,35.07270431518555,44.3023796081543
168.5438831520442,88.92679078007475,35.07270431518555,44.3023796081543
272.3992447626679,107.27484207890308,35.07270431518555,44.3023796081543
330.74649477014543,17.31671644181243,35.07270431518555,44.3023796081543
192.54394324848033,213.0457652776746,35.07270431518555,44.3023796081543
204.86683061637285,207.58625821595007,35.07270431518555,44.3023796081543
205.64676019661923,212.4218216134775,35.07270431518555,44.3023796081543
6.560684377020756,10.513161038022886,35.07270431518555,44.3023796081543
13.098915207935875,26.772069073360598,34.32476806640625,43.35761642456055
39.30813529661935,253.29547026570867,34.32476806640625,43.35761642456055
-3.0433944463100815,251.70713800110696,35.08420181274414,44.31690216064453
-5.52685041369169,258.94754657728885,34.336021423339844,43.371829986572266
48.092557199889896,46.87029184711251,34.336021423339844,43.371829986572266
-3.6210656000235186,7.8149545916485295,34.336021423339844,43.371829986572266
186.65607668628093,127.8868022628705,34.336021423339844,43.371829986572266
164.88735638262818,169.70944778594065,35.095706939697266,44.3314323425293
166.60434972781908,176.83028409189373,35.87220001220703,45.31226348876953
168.69038168585075,182.12237461115512,36.665870666503906,46.314796447753906
172.11488386745134,189.78673663664216,36.665870666503906,46.314796447753906
36.57535703423555,-12.641706297525019,36.665870666503906,46.314796447753906
332.0602082744172,9.343491801374284,36.665870666503906,46.314796447753906
323.49205254687894,-7.609358190368443,35.88396072387695,45.327117919921875
312.0301050187271,-8.818132088258713,35.11872482299805,44.360504150390625
305.93112188053146,-7.893495158073572,34.369808197021484,43.41450119018555
294.95282187155584,-9.640602585264055,33.63685989379883,42.48867416381836
304.7292576699439,124.166488141754,33.63685989379883,42.48867416381836
223.40853621367324,223.14361051936896,33.63685989379883,42.48867416381836
223.40853621367324,223.14361051936896,33.63685989379883,42.48867416381836
221.6395377465237,224.0704687887646,34.38107681274414,43.42873764038086
221.6395377465237,224.0704687887646,34.38107681274414,43.42873764038086
238.50408359813605,241.115154741413,34.38107681274414,43.42873764038086
238.50408359813605,241.115154741413,34.38107681274414,43.42873764038086
238.50408359813605,241.115154741413,34.38107681274414,43.42873764038086
226.3043928055793,232.15535917437927,34.38107681274414,43.42873764038086
261.0648546746751,141.2394580375975,34.38107681274414,43.42873764038086
255.62944893559438,210.1537155033979,34.38107681274414,43.42873764038086
214.80250541122214,194.70981551852302,34.38107681274414,43.42873764038086
214.80250541122214,194.70981551852302,34.38107681274414,43.42873764038086
244.52149440054507,177.24410969422263,34.38107681274414,43.42873764038086
223.51754835671053,197.6038857841611,33.64788818359375,42.50260543823242
329.03513199979466,309.75833724267187,33.64788818359375,42.50260543823242
318.4100493683061,303.92202424791054,33.64788818359375,42.50260543823242
319.15829462404474,293.59623971871747,33.64788818359375,42.50260543823242
300.1528651282835,314.09815972595595,33.64788818359375,42.50260543823242
307.7849667368175,304.37097140135376,33.64788818359375,42.50260543823242
316.61426075453335,293.1472925652743,33.64788818359375,42.50260543823242
327.8379395906128,281.0257194223085,33.64788818359375,42.50260543823242
339.06161842669223,269.2034443816381,33.64788818359375,42.50260543823242
350.81535841384357,258.83863053406566,32.930335998535156,41.59622573852539
362.09260439823146,248.44013099001972,32.930335998535156,41.59622573852539
373.36985038261935,240.38495528688554,32.930335998535156,41.59622573852539
384.9400118471212,232.32977958375136,32.930335998535156,41.59622573852539
396.72542668789066,226.4209209919963,32.22808837890625,40.70917510986328
409.1955268512655,221.40421402971904,32.22808837890625,40.70917510986328
421.00592213494133,220.87120476125907,31.540815353393555,39.841041564941406
435.26860830928075,220.61997741861902,30.86819839477539,38.99142074584961
449.756435488518,220.63875720341085,30.209924697875977,38.159915924072266
463.93530528881666,221.69315412596436,29.565689086914062,37.34614562988281
481.3605453571596,223.99247291956877,28.935192108154297,36.54972839355469
498.6622630416563,226.73891003083187,28.318140029907227,35.770294189453125
516.0805873957564,230.39792105801226,27.71424674987793,35.00748062133789
536.4539729887847,234.45411739673045,27.123231887817383,34.26093673706055
555.927807976829,236.79602815743195,26.54482078552246,33.530311584472656
578.4000869037611,237.03975823616295,25.978744506835938,32.815269470214844
600.6158664856615,237.27829126929734,25.424739837646484,32.115474700927734
579.4705463223148,243.27134992521917,25.424739837646484,32.115474700927734
-3.268643383299901,257.30064100269834,25.424739837646484,32.115474700927734
-3.38171996171352,246.10605973975004,25.424739837646484,32.115474700927734
6.181917787535458,262.6871703234727,25.424739837646484,32.115474700927734
80.69008690670711,253.65886412984628,25.424739837646484,32.115474700927734
80.69008690670711,253.65886412984628,25.424739837646484,32.115474700927734
297.65385328121545,235.08419891193796,25.424739837646484,32.115474700927734
297.65385328121545,235.08419891193796,25.424739837646484,32.115474700927734
138.91291639403514,-5.2390611162611265,25.424739837646484,32.115474700927734
82.40493234236187,42.62403726189716,25.424739837646484,32.115474700927734
105.01605106122311,70.51747882305504,25.424739837646484,32.115474700927734
319.54261953197584,257.21445905259986,25.424739837646484,32.115474700927734
307.7158832860122,253.74226332845052,24.882549285888672,31.43060302734375
306.941226981774,254.95958037796765,24.882549285888672,31.43060302734375
312.14249073880165,258.8328618991585,24.882549285888672,31.43060302734375
252.6633218550125,15.976901486857344,24.882549285888672,31.43060302734375
254.76596039508752,24.276790460837702,24.882549285888672,31.43060302734375
212.5041558423803,314.7053330204932,24.882549285888672,31.43060302734375
59.88418637446871,48.10173271458309,24.882549285888672,31.43060302734375
44.72305584866458,25.415369519036766,24.882549285888672,31.43060302734375
57.44955227543447,28.62465992230917,24.882549285888672,31.43060302734375
70.83469087623652,33.11973782808433,24.35192108154297,30.76033592224121
83.5168248322962,38.562862546793305,23.832609176635742,30.10436248779297
96.76627189417803,44.1806281010312,23.832609176635742,30.10436248779297
109.17795573201951,51.75529375746832,23.324371337890625,29.462377548217773
275.80974757778074,308.26240584636,23.324371337890625,29.462377548217773
282.96747561187516,322.05918597004927,23.324371337890625,29.462377548217773
41.682200054474805,-11.048552387853022,23.324371337890625,29.462377548217773
65.23008793475645,-5.758057753957143,23.324371337890625,29.462377548217773
82.55386448104295,-4.409500298258193,23.324371337890625,29.462377548217773
82.55386448104295,-4.409500298258193,23.324371337890625,29.462377548217773
243.46056881842657,40.28034026487549,23.324371337890625,29.462377548217773
257.4073122276604,20.097413791038306,22.82697296142578,28.834083557128906
264.4025994333327,22.068370699949526,22.340181350708008,28.219188690185547
109.49856868915222,24.46891819935918,22.340181350708008,28.219188690185547
126.88621800587421,-2.0596667581538135,22.340181350708008,28.219188690185547
133.54320374427635,-3.3513207073960203,22.340181350708008,28.219188690185547
140.2001894826785,-2.258382750344923,22.340181350708008,28.219188690185547
145.6226671115046,-1.4366344169625158,22.834457397460938,28.843538284301758
150.32219939650432,-2.703997597721271,23.339670181274414,29.481700897216797
123.28291032179447,94.01619995715468,23.339670181274414,29.481700897216797
150.24547089018165,121.04425029452378,22.841943740844727,28.852994918823242
153.19156899093863,119.92676480802976,22.841943740844727,28.852994918823242
-4.95796585910446,79.46112993297469,22.841943740844727,28.852994918823242
13.44500305441845,70.6046085795022,23.347322463989258,29.49136734008789
16.040934538242784,70.08542228273733,23.347322463989258,29.49136734008789
19.675238615596854,68.52786339244273,23.347322463989258,29.49136734008789
21.648146543303348,67.38565353956002,23.347322463989258,29.49136734008789
23.828728989715792,65.82809464926542,23.347322463989258,29.49136734008789
26.21698595483418,64.68588479638272,23.347322463989258,29.49136734008789
27.56687032642283,65.2050710931476,23.347322463989258,29.49136734008789
25.801636917422286,63.43983768414705,23.347322463989258,29.49136734008789
24.867101583245528,64.78972205573571,23.347322463989258,29.49136734008789
23.93256624906877,65.10123383379462,23.347322463989258,29.49136734008789
23.62105447100985,66.24344368667732,23.347322463989258,29.49136734008789
22.894193655539034,67.38565353956002,23.347322463989258,29.49136734008789
18.636866022067125,68.52786339244273,23.347322463989258,29.49136734008789
111.30774341932663,23.994707901916797,23.347322463989258,29.49136734008789
139.03229166657053,-3.7298403453270943,23.347322463989258,29.49136734008789
137.26705825756997,-2.37995597373844,23.347322463989258,29.49136734008789
137.8162548563031,-0.9645748283104716,22.84943389892578,28.862455368041992
136.7865428717247,-0.16707521787129131,22.362163543701172,28.2469539642334
135.8914410353182,-1.8578231310835562,22.362163543701172,28.2469539642334
135.19525071811316,-3.747482563497263,22.362163543701172,28.2469539642334
29.4269881086867,81.7400649031471,22.362163543701172,28.2469539642334
31.714470579503292,65.32986456902808,22.362163543701172,28.2469539642334
30.203365793551413,99.97506953611648,22.362163543701172,28.2469539642334
55.844963227407135,97.87973272364704,21.885284423828125,27.64457893371582
53.60626200928145,95.64103150552135,21.885284423828125,27.64457893371582
51.11893297090731,93.96564513559956,21.4185733795166,27.055049896240234
49.880564139409906,91.96520317702684,21.4185733795166,27.055049896240234
48.83271358968133,91.29838919083593,21.4185733795166,27.055049896240234
47.31658713685312,92.04594823918762,20.961816787719727,26.478092193603516
152.4852444981558,134.0363571880005,20.961816787719727,26.478092193603516
138.96722640133706,115.67049811852951,20.961816787719727,26.478092193603516
137.38235531412383,115.0179041414417,20.961816787719727,26.478092193603516
135.9839396489357,113.61948847625357,20.961816787719727,26.478092193603516
132.17327116771025,112.4560612877843,21.425596237182617,27.063919067382812
131.315657800642,111.97960941719082,21.425596237182617,27.063919067382812
130.07688293709896,113.02780353249646,21.425596237182617,27.063919067382812
129.2192695700307,114.2665783960395,21.425596237182617,27.063919067382812
128.09247520914366,113.07740992016224,21.89963722229004,27.662708282470703
126.94075034635384,111.45772648001514,22.384166717529297,28.27474594116211
128.83226911306318,109.36710047470483,22.384166717529297,28.27474594116211
130.52468064117153,108.07290342379844,22.384166717529297,28.27474594116211
132.03293320430612,107.03710630031075,22.87941551208496,28.90032386779785
