669.0,392.0,22.0,65.0
669.49786,393.49353,22.0,65.0
668.00433,392.9957,22.0,65.0
666.8427,392.82974,22.0,65.0
666.67676,392.6638,22.0,65.0
665.51514,392.49783,22.0,65.0
664.6854,393.65945,22.0,65.0
663.8557,391.834,22.0,65.0
663.35785,392.33185,22.0,65.0
661.5324,392.1659,22.0,65.0
660.7027,391.33615,22.0,65.0
659.20917,389.84262,22.0,65.0
657.41626,389.29575,22.48675,66.438126
655.5504,387.0907,22.48675,66.438126
653.6846,385.56412,22.48675,66.438126
651.8187,385.73373,22.48675,66.438126
649.61365,386.24258,22.48675,66.438126
648.0871,384.37677,22.48675,66.438126
646.22125,383.18942,22.48675,66.438126
644.6947,382.34134,22.48675,66.438126
642.82886,381.154,22.48675,66.438126
639.9453,380.64514,22.48675,66.438126
637.401,380.1363,22.48675,66.438126
635.53516,378.94894,22.48675,66.438126
633.6693,379.11856,22.48675,66.438126
631.125,379.28818,22.48675,66.438126
628.24146,379.11856,22.48675,66.438126
626.3756,378.94894,22.48675,66.438126
624.17053,378.10086,22.48675,66.438126
622.3047,378.6097,22.48675,66.438126
619.7604,376.7439,22.48675,66.438126
616.5376,375.55655,22.48675,66.438126
615.01105,374.02997,22.48675,66.438126
613.4845,372.84262,22.48675,66.438126
613.3149,371.31604,22.48675,66.438126
613.14526,371.48566,22.48675,66.438126
612.2972,370.63757,22.48675,66.438126
613.8237,370.46796,22.48675,66.438126
613.6541,369.61987,22.48675,66.438126
615.8592,369.45026,22.48675,66.438126
617.38574,367.92368,22.48675,66.438126
620.2693,366.3971,22.48675,66.438126
622.47437,364.53128,22.48675,66.438126
624.67944,363.0047,22.48675,66.438126
626.8845,360.79965,22.48675,66.438126
628.75037,358.93384,22.48675,66.438126
631.6339,358.08575,22.48675,66.438126
634.1782,357.91614,22.48675,66.438126
636.3833,358.425,22.48675,66.438126
638.24915,357.91614,22.48675,66.438126
640.4542,357.4073,22.48675,66.438126
642.99854,357.91614,22.48675,66.438126
645.2036,355.7111,22.48675,66.438126
647.4087,355.8807,22.48675,66.438126
649.953,353.33643,22.48675,66.438126
652.1581,352.48834,22.48675,66.438126
654.0239,351.301,22.48675,66.438126
655.8898,349.43518,22.48675,66.438126
657.7556,349.26556,22.48675,66.438126
659.9607,348.41748,22.48675,66.438126
661.82654,348.92633,22.48675,66.438126
663.01385,347.73898,22.48675,66.438126
664.8797,348.24783,22.48675,66.438126
666.40625,346.0428,22.48675,66.438126
668.95056,344.85544,22.48675,66.438126
670.8164,342.6504,22.48675,66.438126
672.34296,341.1238,22.48675,66.438126
674.54803,339.258,22.48675,66.438126
676.7531,338.4099,22.48675,66.438126
678.9582,338.57953,22.48675,66.438126
680.1455,338.07068,22.48675,66.438126
681.67206,337.90106,22.48675,66.438126
683.5379,337.05298,22.48675,66.438126
685.06445,337.2226,22.48675,66.438126
686.2518,336.71375,22.48675,66.438126
689.47455,336.2049,22.48675,66.438126
692.01886,333.99985,22.48675,66.438126
693.5454,332.13403,22.48675,66.438126
695.41125,330.60745,22.48675,66.438126
696.9378,330.43784,22.48675,66.438126
698.1251,328.57202,22.48675,66.438126
699.6517,328.4024,22.48675,66.438126
701.5175,327.55432,22.48675,66.438126
702.3656,327.3847,22.48675,66.438126
703.2137,325.85812,22.48675,66.438126
704.401,323.65308,22.48675,66.438126
706.26685,323.8227,22.48675,66.438126
707.1149,321.2784,22.48675,66.438126
706.9453,319.07336,22.48675,66.438126
708.1326,317.20755,22.48675,66.438126
709.31995,316.0202,22.48675,66.438126
708.8111,314.83286,22.48675,66.438126
708.6415,314.66324,22.48675,66.438126
710.5073,315.1721,22.48675,66.438126
709.65924,313.6455,22.48675,66.438126
711.1858,314.15436,22.48675,66.438126
710.67694,312.28854,22.48675,66.438126
712.2035,311.7797,22.48675,66.438126
713.0516,309.91388,22.48675,66.438126
713.2212,307.70883,22.48675,66.438126
713.73004,307.19998,22.48675,66.438126
714.91736,305.33417,22.48675,66.438126
714.74774,305.16455,22.48675,66.438126
716.2743,303.63797,22.48675,66.438126
715.76544,304.48605,22.48675,66.438126
714.5781,302.62024,22.48675,66.438126
716.1047,301.09366,22.48675,66.438126
715.93506,301.26328,22.48675,66.438126
717.3192,300.1733,22.007214,65.02131
718.6738,299.1066,21.537903,63.63471
720.626,296.4967,21.0786,62.27768
720.3909,295.16852,20.629093,60.94959
720.5465,294.7017,20.629093,60.94959
720.7021,294.23486,20.629093,60.94959
719.61285,294.07925,20.629093,60.94959
719.14606,291.74515,20.629093,60.94959
719.516,290.7452,20.18917,59.649822
718.9973,288.00522,19.75863,58.377773
720.9349,286.96194,19.75863,58.377773
721.97815,285.62057,19.75863,58.377773
722.5327,284.2016,20.195791,59.66938
723.59906,282.83057,20.195791,59.66938
724.9701,282.9829,20.195791,59.66938
725.12244,283.13525,20.195791,59.66938
727.2466,281.86267,19.76511,58.39691
728.8866,280.81903,19.76511,58.39691
729.0357,279.47723,19.76511,58.39691
728.58844,276.64453,19.76511,58.39691
730.22845,275.6009,19.76511,58.39691
731.0926,274.18146,20.202414,59.688942
731.54974,272.5052,20.202414,59.688942
732.0069,272.96234,20.202414,59.688942
730.9402,273.11472,20.202414,59.688942
730.7878,273.2671,20.202414,59.688942
732.46405,272.50516,20.202414,59.688942
733.8356,274.18143,20.202414,59.688942
733.8356,274.18143,20.202414,59.688942
535.858566343606,233.74827238693717,20.20241355895996,59.688941955566406
577.8486173969438,259.80739514646876,20.649391174316406,61.009559631347656
583.3002233896894,258.40555360547705,20.649391174316406,61.009559631347656
586.5711869853368,259.80739514646876,20.649391174316406,61.009559631347656
589.5306302385416,258.71707394791963,20.649391174316406,61.009559631347656
592.1785531493038,260.11891548891134,20.649391174316406,61.009559631347656
594.5149557176233,261.2092366874605,20.649391174316406,61.009559631347656
597.1628786283854,261.0534765162392,20.649391174316406,61.009559631347656
599.8108015391476,262.1437977147883,20.649391174316406,61.009559631347656
602.4587244499098,261.3649968586818,20.649391174316406,61.009559631347656
605.4181677031146,263.07835874211617,20.649391174316406,61.009559631347656
607.7545702714341,262.9225985708949,20.649391174316406,61.009559631347656
610.0909728397536,264.6359604543292,20.649391174316406,61.009559631347656
613.0504160929584,263.8571595982227,20.649391174316406,61.009559631347656
615.6983390037205,265.57052148165707,20.649391174316406,61.009559631347656
618.03474157204,264.48020028310793,20.649391174316406,61.009559631347656
620.3711441403595,266.8166028514275,20.649391174316406,61.009559631347656
623.0190670511217,265.72628165287836,20.649391174316406,61.009559631347656
625.3554696194412,267.4396435363127,20.649391174316406,61.009559631347656
628.0033925302034,268.8414850773044,20.649391174316406,61.009559631347656
630.3397950985229,268.3742045636405,20.649391174316406,61.009559631347656
632.3646773243998,270.08756644707483,20.649391174316406,61.009559631347656
634.7010798927193,269.6202859334109,20.649391174316406,61.009559631347656
637.0374824610388,270.71060713196005,20.649391174316406,61.009559631347656
639.3738850293583,271.8009283305092,20.649391174316406,61.009559631347656
641.7102875976778,272.2682088441731,20.649391174316406,61.009559631347656
643.4236494811122,273.98157072760745,20.649391174316406,61.009559631347656
646.0715723918744,273.5142902139435,20.649391174316406,61.009559631347656
648.4079749601939,274.60461141249266,20.649391174316406,61.009559631347656
650.7443775285134,276.00645295348437,20.649391174316406,61.009559631347656
651.8346987270625,276.4737334671483,20.649391174316406,61.009559631347656
653.2365402680542,278.18709535058264,20.649391174316406,61.009559631347656
654.9499021514886,278.96589620668914,20.649391174316406,61.009559631347656
656.0402233500376,280.05621740523827,20.649391174316406,61.009559631347656
656.8190242061441,281.1465386037874,20.649391174316406,61.009559631347656
656.6632640349228,282.23685980233654,20.649391174316406,61.009559631347656
658.9996666032423,283.01566065844304,20.649391174316406,61.009559631347656
658.5323860895784,283.48294117210696,20.649391174316406,61.009559631347656
660.2457479730127,285.8193437404265,20.649391174316406,61.009559631347656
659.7784674593488,285.9751039116478,20.649391174316406,61.009559631347656
658.9996666032423,287.68846579508215,20.649391174316406,61.009559631347656
660.4015081442341,286.90966493897565,20.649391174316406,61.009559631347656
661.1803090003406,289.2460675072952,20.649391174316406,61.009559631347656
660.4015081442341,290.95942939072955,20.649391174316406,61.009559631347656
659.9342276305701,292.36127093172126,20.649391174316406,61.009559631347656
661.0245488291192,293.4515921302704,20.649391174316406,61.009559631347656
660.2457479730127,294.8534336712621,20.649391174316406,61.009559631347656
661.9591098564471,294.3861531575982,20.649391174316406,61.009559631347656
660.868788657898,296.72255572591774,20.649391174316406,61.009559631347656
661.3360691715619,297.18983623958167,20.649391174316406,61.009559631347656
662.426390370111,299.2147184654586,20.649391174316406,61.009559631347656
661.9591098564471,300.6165600064503,20.649391174316406,61.009559631347656
662.1148700276684,300.460799835229,20.649391174316406,61.009559631347656
663.2051912262175,302.79720240354857,20.649391174316406,61.009559631347656
663.6724717398814,302.95296257476986,20.649391174316406,61.009559631347656
664.4512725959879,304.6663244582042,20.649391174316406,61.009559631347656
663.3609513974388,305.75664565675334,20.649391174316406,61.009559631347656
664.586928387209,306.2129347718301,21.106258392333984,62.359397888183594
665.0645474822377,307.9642047869354,21.106258392333984,62.359397888183594
666.1789920373047,308.76023661198326,21.106258392333984,62.359397888183594
666.6566111323334,310.19309389706945,21.106258392333984,62.359397888183594
668.4078811474387,311.94436391217477,21.106258392333984,62.359397888183594
669.9913357052247,312.41074837719253,21.57323455810547,63.73910140991211
672.4322677927559,314.20076524138204,21.57323455810547,63.73910140991211
675.1986574919579,315.0144092705591,21.57323455810547,63.73910140991211
677.639589579489,316.4789685230778,21.57323455810547,63.73910140991211
680.7314368903618,317.9435277755965,21.57323455810547,63.73910140991211
683.1723689778929,319.73354463978603,21.57323455810547,63.73910140991211
688.8678771821322,321.52356150397554,21.57323455810547,63.73910140991211
691.9597244930051,323.6390359798359,21.57323455810547,63.73910140991211
696.0279446388903,324.77813762068376,21.57323455810547,63.73910140991211
700.0961647847755,326.5681544848733,21.57323455810547,63.73910140991211
706.1171306006858,328.68362896073364,21.57323455810547,63.73910140991211
711.8126388049251,330.47364582492315,21.57323455810547,63.73910140991211
715.2299437274687,332.9145779124543,21.57323455810547,63.73910140991211
721.5763671550498,333.7282219416314,21.57323455810547,63.73910140991211
725.3191296892642,335.1927811941501,21.57323455810547,63.73910140991211
731.0146378935035,336.9827980583396,21.57323455810547,63.73910140991211
736.7101460977428,339.42373014587076,21.57323455810547,63.73910140991211
742.0801966903114,342.19011984507273,21.57323455810547,63.73910140991211
745.1720440011842,343.65467909759144,21.57323455810547,63.73910140991211
748.5893489237278,345.44469596178095,21.57323455810547,63.73910140991211
753.3084842929547,347.8856280493121,21.57323455810547,63.73910140991211
758.3530772738525,349.6756449135016,21.57323455810547,63.73910140991211
761.4449245847253,351.14020416602034,21.57323455810547,63.73910140991211
764.5367718955981,353.5811362535515,21.57323455810547,63.73910140991211
767.628619206471,356.0220683410827,21.57323455810547,63.73910140991211
770.395008905673,357.8120852052722,21.57323455810547,63.73910140991211
773.8123138282166,360.57847490447415,21.57323455810547,63.73910140991211
776.9041611390894,363.3448646036761,21.57323455810547,63.73910140991211
779.3450932266205,365.7857966912073,21.57323455810547,63.73910140991211
782.1114829258225,366.59944072038434,21.57323455810547,63.73910140991211
784.06763355787,368.7644556686824,22.0505428314209,65.14933013916016
786.5625712678377,371.9247101013083,22.0505428314209,65.14933013916016
788.3921922551474,374.4196478112761,22.0505428314209,65.14933013916016
789.8891548811281,376.24926879858583,22.0505428314209,65.14933013916016
791.0534591457797,378.4115481472246,22.0505428314209,65.14933013916016
792.2177634104313,380.5738274958634,22.0505428314209,65.14933013916016
794.047384397741,383.7340819284893,22.0505428314209,65.14933013916016
794.8790303010636,386.2290196384571,22.0505428314209,65.14933013916016
795.0453594817282,388.39129898709587,22.0505428314209,65.14933013916016
796.2096637463798,390.2209199744056,22.0505428314209,65.14933013916016
796.7086512883733,392.05054096171534,22.0505428314209,65.14933013916016
797.5402971916959,395.21079539434123,22.0505428314209,65.14933013916016
796.7086512883733,398.0383914656381,22.0505428314209,65.14933013916016
797.3275502353971,399.90617477063785,22.538410186767578,66.59075927734375
798.5176147319041,401.0962392671449,22.538410186767578,66.59075927734375
799.7076792284112,404.3264143290926,22.538410186767578,66.59075927734375
801.2377621524917,406.87655253589344,22.538410186767578,66.59075927734375
800.0476976559846,409.7667091702677,22.538410186767578,66.59075927734375
801.2377621524917,411.9768289494951,22.538410186767578,66.59075927734375
801.7477897938518,414.86698558386934,22.538410186767578,66.59075927734375
803.085919353281,417.1288630883705,23.037073135375977,68.06407928466797
802.2902106236958,419.80135716918045,23.546768188476562,69.56999969482422
803.1782873420124,422.820818011457,23.546768188476562,69.56999969482422
804.7768254349824,424.77458679175356,23.546768188476562,69.56999969482422
806.0201328406256,427.7940476340301,23.546768188476562,69.56999969482422
806.9082095589422,430.45827778898,23.546768188476562,69.56999969482422
806.3753635279522,433.8329693185832,23.546768188476562,69.56999969482422
807.6186709335955,437.2076608481864,23.546768188476562,69.56999969482422
807.7962862772588,440.2271216904629,23.546768188476562,69.56999969482422
808.6843629955754,442.5361211580862,23.546768188476562,69.56999969482422
809.2172090265653,445.55558200036273,23.546768188476562,69.56999969482422
810.6152066489128,449.0243091504918,24.067739486694336,71.10923767089844
811.5229320646222,452.1105755639037,24.067739486694336,71.10923767089844
812.4306574803315,455.1968419773156,24.067739486694336,71.10923767089844
812.9752927297571,458.6461985570113,24.067739486694336,71.10923767089844
812.4306574803315,461.36937480413945,24.067739486694336,71.10923767089844
814.790743561176,464.81873138383514,24.067739486694336,71.10923767089844
816.0615591431691,468.26808796353083,24.067739486694336,71.10923767089844
814.790743561176,471.35435437694275,24.067739486694336,71.10923767089844
817.5139198083042,475.1668011229222,24.067739486694336,71.10923767089844
816.6061943925948,478.25306753633413,24.067739486694336,71.10923767089844
818.9662804734393,482.06551428231353,24.067739486694336,71.10923767089844
817.6954648914461,485.51487086200916,24.067739486694336,71.10923767089844
820.0555509722906,488.9642274417048,24.067739486694336,71.10923767089844
821.3263665542837,492.4135840214004,24.067739486694336,71.10923767089844
821.3263665542837,492.4135840214004,24.067739486694336,71.10923767089844
823.6864526351281,500.9462029290687,24.067739486694336,71.10923767089844
826.0465387159726,504.7586496750481,24.067739486694336,71.10923767089844
827.6804444642495,508.5710964210275,24.067739486694336,71.10923767089844
829.6774403788102,512.0204530007231,24.067739486694336,71.10923767089844
832.0375264596546,515.8328997467025,24.067739486694336,71.10923767089844
833.6714322079315,520.7346169915332,24.067739486694336,71.10923767089844
836.0315182887759,525.2732440700802,24.067739486694336,71.10923767089844
838.0285142033366,529.8118711486271,24.067739486694336,71.10923767089844
840.0255101178973,533.6243178946065,24.067739486694336,71.10923767089844
842.022506032458,537.7998548068697,24.067739486694336,71.10923767089844
844.0195019470186,544.1539327168354,24.067739486694336,71.10923767089844
845.6534076952955,547.9663794628148,24.067739486694336,71.10923767089844
847.6504036098562,552.5050065413617,24.067739486694336,71.10923767089844
849.6473995244169,557.0436336199086,24.067739486694336,71.10923767089844
852.0074856052613,561.5822606984556,24.067739486694336,71.10923767089844
854.004481519822,566.4839779432863,24.067739486694336,71.10923767089844
855.6383872680989,570.6595148555494,24.067739486694336,71.10923767089844
857.4698623112511,575.7923082154341,23.554487228393555,69.59281158447266
859.0689245273056,582.3662306592141,23.554487228393555,69.59281158447266
861.5463488779167,586.3620544167863,23.052181243896484,68.10872650146484
863.4590798844913,593.8390938061236,23.052181243896484,68.10872650146484
865.5484731926942,599.0905035356164,22.56058692932129,66.65628814697266
867.0800616450234,604.7063278608234,22.56058692932129,66.65628814697266
869.1248983159651,609.1896467196285,22.07947540283203,65.23482513427734
870.956920042618,614.3526170401957,22.07947540283203,65.23482513427734
873.1220366286623,622.8465359546772,22.07947540283203,65.23482513427734
874.9540583553152,628.0095062752443,22.07947540283203,65.23482513427734
876.4529852225766,631.8400971582458,22.07947540283203,65.23482513427734
878.9511966680122,639.6678263539444,22.07947540283203,65.23482513427734
880.7832183946651,645.163891533903,22.07947540283203,65.23482513427734
882.2821452619265,651.9923361514273,22.07947540283203,65.23482513427734
884.1141669885794,655.1567373156458,22.07947540283203,65.23482513427734
886.9454732934066,662.651371651953,22.07947540283203,65.23482513427734
888.1113053012766,666.4819625349545,22.07947540283203,65.23482513427734
240.05024925560323,492.7727968823739,22.07947540283203,65.23482513427734
260.01153680140385,484.3495393755875,22.07947540283203,65.23482513427734
260.01153680140385,484.3495393755875,22.07947540283203,65.23482513427734
659.4224059803515,247.19916699710058,22.07947540283203,65.23482513427734
645.9320641749986,239.7045326607934,22.07947540283203,65.23482513427734
643.4338527295629,240.537269809272,22.07947540283203,65.23482513427734
641.9349258623015,240.7038172389677,22.07947540283203,65.23482513427734
640.4359989950401,239.8710800904891,22.07947540283203,65.23482513427734
639.936356705953,239.7045326607934,22.07947540283203,65.23482513427734
638.4374298386916,239.5379852310977,22.07947540283203,65.23482513427734
638.2708824089959,239.371437801402,22.07947540283203,65.23482513427734
636.7719555417345,239.5379852310977,22.07947540283203,65.23482513427734
635.6061235338645,240.03762752018486,22.07947540283203,65.23482513427734
634.1523187134558,240.17993169771773,22.567983627319336,66.67814636230469
634.663015588189,240.35016398929548,22.567983627319336,66.67814636230469
633.1309249639894,241.8822546134951,22.567983627319336,66.67814636230469
633.6416218387226,242.73341607138377,22.567983627319336,66.67814636230469
632.109531214523,242.2227191966506,22.567983627319336,66.67814636230469
633.6416218387226,242.39295148822833,22.567983627319336,66.67814636230469
632.4499957976784,242.2227191966506,22.567983627319336,66.67814636230469
631.2583697566342,241.7120223219174,22.567983627319336,66.67814636230469
630.747672881901,242.2227191966506,22.567983627319336,66.67814636230469
631.5988343397897,242.05248690507284,22.567983627319336,66.67814636230469
630.0667437155902,243.24411294611696,22.567983627319336,66.67814636230469
630.9179051734789,242.73341607138377,22.567983627319336,66.67814636230469
629.7262791324347,243.9250421124279,22.567983627319336,66.67814636230469
628.1941885082351,244.77620357031657,22.567983627319336,66.67814636230469
628.7048853829683,245.28690044504975,22.567983627319336,66.67814636230469
627.1727947587688,244.43573898716107,22.567983627319336,66.67814636230469
626.6620978840356,245.28690044504975,22.567983627319336,66.67814636230469
625.4704718429914,245.4571327366275,22.567983627319336,66.67814636230469
624.6193103851027,244.94643586189432,22.567983627319336,66.67814636230469
625.4704718429914,245.797597319783,22.567983627319336,66.67814636230469
624.6193103851027,245.2869004450498,22.567983627319336,66.67814636230469
625.8109364261469,244.77620357031662,22.567983627319336,66.67814636230469
625.3002395514137,245.96782961136074,22.567983627319336,66.67814636230469
624.7895426766805,246.81899106924942,22.567983627319336,66.67814636230469
626.6620978840356,246.98922336082717,22.567983627319336,66.67814636230469
627.1727947587688,248.18084940187128,22.567983627319336,66.67814636230469
629.0453499661238,247.6701525271381,22.567983627319336,66.67814636230469
628.1941885082351,248.18084940187128,22.567983627319336,66.67814636230469
631.0881374650565,248.01061711029354,22.567983627319336,66.67814636230469
632.2797635061007,249.20224315133765,22.567983627319336,66.67814636230469
631.0881374650565,247.67015252713804,22.567983627319336,66.67814636230469
633.6416218387226,248.52131398502672,22.567983627319336,66.67814636230469
634.4927832966113,248.01061711029354,22.567983627319336,66.67814636230469
636.3653385039663,249.54270773449315,22.567983627319336,66.67814636230469
637.216499961855,248.69154627660447,22.567983627319336,66.67814636230469
638.4081260028992,249.8831723176486,22.567983627319336,66.67814636230469
639.5997520439433,250.73433377553727,22.567983627319336,66.67814636230469
641.1318426681429,251.24503065027045,22.567983627319336,66.67814636230469
643.6853270418089,250.39386919238177,22.567983627319336,66.67814636230469
644.1960239165421,251.24503065027045,22.567983627319336,66.67814636230469
646.4090437070527,251.4152629418482,22.567983627319336,66.67814636230469
646.5792759986304,251.58549523342595,22.567983627319336,66.67814636230469
648.7922957891409,251.4152629418482,22.567983627319336,66.67814636230469
650.6648509964959,250.904566067115,22.567983627319336,66.67814636230469
652.1969416206955,252.43665669131462,22.567983627319336,66.67814636230469
654.409961411206,251.58549523342595,22.567983627319336,66.67814636230469
654.9206582859392,252.77712127447006,22.567983627319336,66.67814636230469
657.1336780764498,253.62828273235874,22.567983627319336,66.67814636230469
659.3466978669603,254.47944419024742,22.567983627319336,66.67814636230469
661.2192530743154,253.62828273235874,22.567983627319336,66.67814636230469
662.7513436985149,254.13897960709193,22.567983627319336,66.67814636230469
664.62389890587,254.9901410649806,22.567983627319336,66.67814636230469
665.8155249469141,255.5008379397138,22.567983627319336,66.67814636230469
667.3476155711137,254.6496764818251,22.567983627319336,66.67814636230469
666.5681089789832,254.08866736226668,23.06730079650879,68.15339660644531
668.482094470301,253.56667131918,23.06730079650879,68.15339660644531
669.3520878754455,255.13265944844,23.06730079650879,68.15339660644531
670.2220812805899,254.26266604329555,23.06730079650879,68.15339660644531
669.7000852375032,255.4806568104978,23.06730079650879,68.15339660644531
668.8300918323588,256.0026528535845,23.06730079650879,68.15339660644531
669.7000852375032,255.4806568104978,23.06730079650879,68.15339660644531
668.8300918323588,255.65465549152668,23.06730079650879,68.15339660644531
668.6560931513299,256.5246488966711,23.06730079650879,68.15339660644531
667.0901050220698,257.0466449397578,23.06730079650879,68.15339660644531
667.6121010651565,256.5246488966711,23.06730079650879,68.15339660644531
666.0461129358964,256.6986475777,23.06730079650879,68.15339660644531
664.1662179855538,256.1252229975976,23.577665328979492,69.66129302978516
665.7668536021737,257.37016181052417,23.577665328979492,69.66129302978516
664.1662179855538,256.1252229975976,23.577665328979492,69.66129302978516
665.055459994787,257.7258586142175,23.577665328979492,69.66129302978516
663.8105211818605,257.9037070160641,23.577665328979492,69.66129302978516
663.2769759763205,258.43725222160407,23.577665328979492,69.66129302978516
663.0991275744739,258.6151006234507,23.577665328979492,69.66129302978516
664.3440663874004,258.08155541791075,23.577665328979492,69.66129302978516
662.7434307707805,259.68219103453066,23.577665328979492,69.66129302978516
663.988369583707,259.50434263268403,23.577665328979492,69.66129302978516
663.0991275744738,258.9707974271441,23.577665328979492,69.66129302978516
662.9212791726271,259.1486458289907,23.577665328979492,69.66129302978516
661.6763403597006,258.9707974271441,23.577665328979492,69.66129302978516
662.2098855652406,259.1486458289907,23.577665328979492,69.66129302978516
661.3206435560073,259.32649423083734,23.577665328979492,69.66129302978516
660.0757047430808,258.7929490252974,23.577665328979492,69.66129302978516
660.9649467523141,260.3935846419173,23.577665328979492,69.66129302978516
659.3643111356942,259.50434263268403,23.577665328979492,69.66129302978516
658.1193723227676,260.7492814456106,23.577665328979492,69.66129302978516
659.0086143320009,260.571433043764,23.577665328979492,69.66129302978516
657.7636755190744,261.10497824930394,23.577665328979492,69.66129302978516
657.2301303135343,261.9942202585372,23.577665328979492,69.66129302978516
655.9851915006078,261.10497824930394,23.577665328979492,69.66129302978516
657.2301303135343,261.6385234548439,23.577665328979492,69.66129302978516
655.2737978932212,260.7492814456106,23.577665328979492,69.66129302978516
655.4516462950678,261.2828266511506,23.577665328979492,69.66129302978516
655.2737978932212,261.10497824930394,23.577665328979492,69.66129302978516
654.7402526876812,262.34991706223053,23.577665328979492,69.66129302978516
655.6294946969144,262.1720686603839,23.577665328979492,69.66129302978516
655.4516462950678,261.99422025853727,23.577665328979492,69.66129302978516
655.2737978932212,262.88346226777054,23.577665328979492,69.66129302978516
654.7402526876812,263.06131066961717,23.577665328979492,69.66129302978516
655.9851915006077,263.5948558751571,23.577665328979492,69.66129302978516
654.7402526876812,262.34991706223053,23.577665328979492,69.66129302978516
654.2067074821412,262.1720686603839,23.577665328979492,69.66129302978516
653.7613617470367,261.9549919283191,24.099321365356445,71.20255279541016
654.3067116402493,262.1367752260566,24.099321365356445,71.20255279541016
652.6706619606117,263.0456917147442,24.099321365356445,71.20255279541016
652.8524452583492,263.2274750124817,24.099321365356445,71.20255279541016
651.9435287696617,263.7728249056942,24.099321365356445,71.20255279541016
652.8524452583492,263.2274750124817,24.099321365356445,71.20255279541016
651.5799621741867,263.40925831021923,24.099321365356445,71.20255279541016
650.6710456854992,262.8639084170067,24.099321365356445,71.20255279541016
650.1256957922866,263.7728249056943,24.099321365356445,71.20255279541016
648.853212708124,262.8639084170067,24.099321365356445,71.20255279541016
650.1256957922866,263.04569171474424,24.099321365356445,71.20255279541016
648.489646112649,262.8639084170067,24.099321365356445,71.20255279541016
649.7621291968115,262.6821251192692,24.099321365356445,71.20255279541016
649.216779303599,262.8639084170067,24.099321365356445,71.20255279541016
648.3078628149115,263.7728249056943,24.099321365356445,71.20255279541016
649.580345899074,263.9546082034318,24.099321365356445,71.20255279541016
648.6714294103865,264.86352469211937,24.099321365356445,71.20255279541016
649.9439124945491,265.0453079898569,24.099321365356445,71.20255279541016
649.3985626013365,264.86352469211937,24.099321365356445,71.20255279541016
649.580345899074,265.0453079898569,24.099321365356445,71.20255279541016
650.1256957922866,265.95422447854446,24.099321365356445,71.20255279541016
649.2167793035991,265.77244118080694,24.099321365356445,71.20255279541016
649.7621291968117,264.86352469211937,24.099321365356445,71.20255279541016
650.6710456854992,265.4088745853319,24.099321365356445,71.20255279541016
649.7621291968117,264.4999580966443,24.099321365356445,71.20255279541016
650.6710456854992,265.7724411808069,24.099321365356445,71.20255279541016
649.3985626013366,266.3177910740194,24.099321365356445,71.20255279541016
648.4896461126491,266.8631409672319,24.099321365356445,71.20255279541016
649.3985626013366,267.04492426496944,24.099321365356445,71.20255279541016
648.853212708124,267.22670756270696,24.099321365356445,71.20255279541016
648.6714294103865,267.7720574559195,24.099321365356445,71.20255279541016
648.489646112649,267.22670756270696,24.099321365356445,71.20255279541016
647.2171630284864,268.13562405139453,24.099321365356445,71.20255279541016
645.9446799443239,267.590274158182,24.099321365356445,71.20255279541016
647.5807296239615,266.68135766949445,24.099321365356445,71.20255279541016
646.3082465397989,267.590274158182,24.099321365356445,71.20255279541016
647.2171630284864,267.77205745591954,24.099321365356445,71.20255279541016
646.3082465397989,269.0445405400821,24.099321365356445,71.20255279541016
647.5807296239615,269.5898904332946,24.099321365356445,71.20255279541016
648.126079517174,269.4081071355571,24.099321365356445,71.20255279541016
646.8535964330115,269.5898904332946,24.099321365356445,71.20255279541016
648.8532127081241,269.77167373103214,24.099321365356445,71.20255279541016
647.9442962194366,270.31702362424465,24.099321365356445,71.20255279541016
649.2167793035992,271.5895067084072,24.099321365356445,71.20255279541016
647.9442962194366,270.68059021971965,24.099321365356445,71.20255279541016
649.2167793035992,271.22594011293216,24.099321365356445,71.20255279541016
647.5807296239616,271.4077234106697,24.099321365356445,71.20255279541016
647.1255307510819,270.43144547437447,24.632518768310547,72.77790832519531
648.7977780298814,270.6172507275744,24.632518768310547,72.77790832519531
647.1255307510819,271.17466648717425,24.632518768310547,72.77790832519531
648.4261675234816,270.9888612339743,24.632518768310547,72.77790832519531
647.1255307510819,272.6611085127739,24.632518768310547,72.77790832519531
649.1693885362814,272.1036927531741,24.632518768310547,72.77790832519531
647.4971412574819,273.40432952557376,24.632518768310547,72.77790832519531
646.939725497882,272.475303259574,24.632518768310547,72.77790832519531
648.2403622702817,272.6611085127739,24.632518768310547,72.77790832519531
646.5681149914822,273.5901347787737,24.632518768310547,72.77790832519531
647.8687517638818,273.03271901917384,24.632518768310547,72.77790832519531
647.311336004282,273.9617452851736,24.632518768310547,72.77790832519531
647.125530751082,274.14755053837354,24.632518768310547,72.77790832519531
649.1693885362815,273.5901347787737,24.632518768310547,72.77790832519531
648.6119727766817,274.8907715511734,24.632518768310547,72.77790832519531
649.1693885362815,275.81979781717314,24.632518768310547,72.77790832519531
650.0984148022814,276.00560307037307,24.632518768310547,72.77790832519531
650.6558305618812,276.5630188299729,24.632518768310547,72.77790832519531
652.1721039953879,277.8762918232566,24.107223510742188,71.22589874267578
651.6265752947579,276.9670773222065,24.107223510742188,71.22589874267578
653.2631613966481,277.8762918232566,24.107223510742188,71.22589874267578
653.4450042968581,277.33076312262654,24.107223510742188,71.22589874267578
653.2631613966481,277.8762918232566,24.107223510742188,71.22589874267578
654.1723758976982,277.33076312262654,24.107223510742188,71.22589874267578
653.6268471970682,278.2399776236767,24.107223510742188,71.22589874267578
655.2634332989584,278.4218205238867,24.107223510742188,71.22589874267578
654.3542187979083,277.1489202224165,24.107223510742188,71.22589874267578
655.2634332989584,278.4218205238867,24.107223510742188,71.22589874267578
655.0815903987484,277.8762918232566,24.107223510742188,71.22589874267578
654.8997474985384,279.5128779251469,24.107223510742188,71.22589874267578
656.9000194008487,278.60366342409674,24.107223510742188,71.22589874267578
656.3544907002187,279.5128779251469,24.107223510742188,71.22589874267578
655.8089619995886,279.33103502493685,24.107223510742188,71.22589874267578
657.0818623010588,279.87656372556694,24.107223510742188,71.22589874267578
655.4452761991686,279.33103502493685,24.107223510742188,71.22589874267578
657.4455481014788,280.240249525987,24.107223510742188,71.22589874267578
656.5363336004287,280.7857782266171,24.107223510742188,71.22589874267578
658.536605502739,280.240249525987,24.107223510742188,71.22589874267578
657.6273910016889,281.87683562787726,24.107223510742188,71.22589874267578
659.2639771035791,281.6949927276672,24.107223510742188,71.22589874267578
659.8095058042092,282.2405214282973,24.107223510742188,71.22589874267578
661.4460919060994,283.14973592934746,24.107223510742188,71.22589874267578
661.2642490058894,282.60420722871737,24.107223510742188,71.22589874267578
662.5371493073595,282.7860501289274,24.107223510742188,71.22589874267578
663.4463638084096,283.69526462997754,24.107223510742188,71.22589874267578
663.9918925090396,283.14973592934746,24.107223510742188,71.22589874267578
663.4463638084096,284.0589504303976,24.107223510742188,71.22589874267578
665.0829499102998,283.5134217297675,24.107223510742188,71.22589874267578
664.9011070100898,284.0589504303976,24.107223510742188,71.22589874267578
666.9013789124001,284.96816493144775,24.107223510742188,71.22589874267578
667.4469076130301,285.1500078316578,24.107223510742188,71.22589874267578
667.2650647128202,286.0592223327079,24.107223510742188,71.22589874267578
667.8105934134502,286.24106523291795,24.107223510742188,71.22589874267578
668.7198079145003,286.78659393354803,24.107223510742188,71.22589874267578
668.1742792138702,285.8773794324979,24.107223510742188,71.22589874267578
668.7198079145003,286.78659393354803,24.107223510742188,71.22589874267578
668.1742792138702,286.96843683375806,24.107223510742188,71.22589874267578
667.2650647128202,287.51396553438815,24.107223510742188,71.22589874267578
668.9016508147104,286.604751033338,24.107223510742188,71.22589874267578
670.1745511161805,287.51396553438815,24.107223510742188,71.22589874267578
669.6290224155505,288.4231800354383,24.107223510742188,71.22589874267578
671.6292943178607,287.8776513348082,24.107223510742188,71.22589874267578
672.5385088189108,289.1505516362784,24.107223510742188,71.22589874267578
673.4477233199609,290.05976613732855,24.107223510742188,71.22589874267578
673.6295662201709,290.60529483795864,24.107223510742188,71.22589874267578
675.2661523220611,290.05976613732855,24.107223510742188,71.22589874267578
675.0843094218511,290.60529483795864,24.107223510742188,71.22589874267578
676.7208955237413,290.78713773816867,24.107223510742188,71.22589874267578
677.9937958252115,290.60529483795864,24.107223510742188,71.22589874267578
677.0845813241614,290.4234519377486,24.107223510742188,71.22589874267578
678.7211674260516,289.1505516362784,24.107223510742188,71.22589874267578
677.5111709416979,290.0605725526829,24.640596389770508,72.80177307128906
679.5556988598468,290.6181710758144,24.640596389770508,72.80177307128906
680.1132973829783,290.43230490143725,24.640596389770508,72.80177307128906
681.0426282548642,290.6181710758144,24.640596389770508,72.80177307128906
680.856762080487,291.5475019477003,24.640596389770508,72.80177307128906
681.7860929523729,292.84856516834054,24.640596389770508,72.80177307128906
681.2284944292413,293.0344313427177,24.640596389770508,72.80177307128906
679.9274312086011,292.84856516834054,24.640596389770508,72.80177307128906
680.856762080487,293.0344313427177,24.640596389770508,72.80177307128906
678.4405018135838,293.9637622146036,24.640596389770508,72.80177307128906
676.7677062441892,293.77789604022644,24.640596389770508,72.80177307128906
675.8383753723033,293.9637622146036,24.640596389770508,72.80177307128906
674.1655798029087,294.1496283889808,24.640596389770508,72.80177307128906
672.8645165822685,293.9637622146036,24.640596389770508,72.80177307128906
670.4482563153653,296.0082901327525,24.640596389770508,72.80177307128906
667.6602636997077,296.9376210046384,24.640596389770508,72.80177307128906
665.2440034328044,297.12348717901557,24.640596389770508,72.80177307128906
662.4560108171469,296.1941563071297,24.640596389770508,72.80177307128906
660.0397505502436,296.7517548302612,24.640596389770508,72.80177307128906
656.8800255858317,297.3093533533927,24.640596389770508,72.80177307128906
653.3485682726654,296.00829013275245,24.640596389770508,72.80177307128906
649.4453786107447,296.56588865588395,24.640596389770508,72.80177307128906
645.9139212975783,296.00829013275245,24.640596389770508,72.80177307128906
642.382463984412,296.1941563071296,24.640596389770508,72.80177307128906
636.2488802299653,296.00829013275245,24.640596389770508,72.80177307128906
632.7174229167989,296.93762100463834,24.640596389770508,72.80177307128906
629.557697952387,297.86695187652424,24.640596389770508,72.80177307128906
625.6545082904663,298.0528180509014,24.640596389770508,72.80177307128906
621.7513186285456,298.9821489227873,24.640596389770508,72.80177307128906
615.2460025253446,299.16801509716447,24.640596389770508,72.80177307128906
611.7145452121782,297.86695187652424,24.640596389770508,72.80177307128906
608.1830878990119,299.5397474459188,24.640596389770508,72.80177307128906
603.9081658883368,298.6104165740329,24.640596389770508,72.80177307128906
600.7484409239249,298.42455039965574,24.640596389770508,72.80177307128906
596.8452512620042,298.6104165740329,24.640596389770508,72.80177307128906
593.6855262975923,299.1680150971644,24.640596389770508,72.80177307128906
590.5258013331804,299.3538812715416,24.640596389770508,72.80177307128906
587.7378087175229,300.2832121434275,24.640596389770508,72.80177307128906
585.3215484506196,300.840810666559,24.640596389770508,72.80177307128906
582.1618234862077,301.7701415384449,24.640596389770508,72.80177307128906
580.1172955680588,301.95600771282204,24.640596389770508,72.80177307128906
578.0727676499099,302.1418738871992,24.640596389770508,72.80177307128906
576.7231689841224,303.0972823830574,24.115127563476562,71.24925231933594
575.4498513285488,303.2791849052822,24.115127563476562,71.24925231933594
573.448923584076,303.0972823830574,24.115127563476562,71.24925231933594
572.1756059285025,302.18776977193346,24.115127563476562,71.24925231933594
571.9937034062776,303.0972823830574,24.115127563476562,71.24925231933594
570.720385750704,302.55157481638304,24.115127563476562,71.24925231933594
569.81087313958,303.8248924719566,24.115127563476562,71.24925231933594
569.6289706173552,304.370600038631,24.115127563476562,71.24925231933594
570.1746781840296,304.1886975164062,24.115127563476562,71.24925231933594
570.720385750704,304.370600038631,24.115127563476562,71.24925231933594
569.81087313958,304.91630760530535,24.115127563476562,71.24925231933594
572.3472652355613,305.1500289983545,23.60086441040039,69.72984313964844
571.813195047116,306.0401459790967,23.60086441040039,69.72984313964844
571.9912184432644,305.5060757906514,23.60086441040039,69.72984313964844
571.4571482548191,306.0401459790967,23.60086441040039,69.72984313964844
573.4154056124519,304.4379354137608,23.60086441040039,69.72984313964844
574.6615693854909,305.6840991867998,23.60086441040039,69.72984313964844
575.9077331585299,304.0818886214639,23.60086441040039,69.72984313964844
575.0176161777878,305.32805239450295,23.60086441040039,69.72984313964844
576.6198267431237,306.2181693752451,23.60086441040039,69.72984313964844
578.2220373084596,306.39619277139354,23.60086441040039,69.72984313964844
577.3319203277174,306.93026295983884,23.60086441040039,69.72984313964844
579.646224477647,306.0401459790967,23.60086441040039,69.72984313964844
581.2484350429829,305.5060757906514,23.60086441040039,69.72984313964844
581.7825052314282,306.7522395636904,23.60086441040039,69.72984313964844
581.9605286275767,305.86212258294825,23.60086441040039,69.72984313964844
583.5627391929125,304.9720056022061,23.60086441040039,69.72984313964844
585.1649497582484,305.1500289983545,23.60086441040039,69.72984313964844
584.6308795698031,305.6840991867998,23.60086441040039,69.72984313964844
586.5891369274359,304.4379354137608,23.60086441040039,69.72984313964844
587.1232071158812,306.39619277139354,23.60086441040039,69.72984313964844
586.9451837197328,305.86212258294825,23.60086441040039,69.72984313964844
588.1913474927718,306.39619277139354,23.60086441040039,69.72984313964844
589.081464473514,307.6423565444326,23.60086441040039,69.72984313964844
589.2594878696624,307.1082863559873,23.60086441040039,69.72984313964844
590.1496048504046,307.6423565444326,23.60086441040039,69.72984313964844
590.6836750388499,307.820379940581,23.60086441040039,69.72984313964844
592.2858856041858,307.99840333672944,23.60086441040039,69.72984313964844
591.3957686234436,307.820379940581,23.60086441040039,69.72984313964844
592.9979791887795,306.93026295983884,23.60086441040039,69.72984313964844
591.8133982646799,307.08237413448774,24.12303352355957,71.27261352539062
593.6231804969989,307.2378507107016,24.656755447387695,72.84951782226562
592.3212639603647,306.6798864807155,24.656755447387695,72.84951782226562
593.995156650323,307.60982686402565,24.656755447387695,72.84951782226562
594.553120880309,307.7958149406877,24.656755447387695,72.84951782226562
592.8792281903508,309.09773147732193,24.656755447387695,72.84951782226562
594.1811447269849,308.16779109401176,24.656755447387695,72.84951782226562
592.8792281903508,308.7257553239979,24.656755447387695,72.84951782226562
595.6690493402813,309.283719553984,24.656755447387695,72.84951782226562
595.1110851102952,308.7257553239979,24.656755447387695,72.84951782226562
596.7849778002535,308.5397672473358,24.656755447387695,72.84951782226562
595.1110851102952,307.9818030173497,24.656755447387695,72.84951782226562
594.5531208803092,308.9117434006599,24.656755447387695,72.84951782226562
593.9951566503231,308.35377917067376,24.656755447387695,72.84951782226562
592.7575783430319,308.51269555932487,25.202285766601562,74.46131134033203
594.4685059087556,307.94238637075034,25.202285766601562,74.46131134033203
593.1377844687484,308.89290168504124,25.202285766601562,74.46131134033203
592.5674752801738,309.46321087361576,25.202285766601562,74.46131134033203
593.1377844687484,308.89290168504124,25.202285766601562,74.46131134033203
591.8070630287411,309.0830047478994,25.202285766601562,74.46131134033203
593.5179905944648,310.0335200621903,25.202285766601562,74.46131134033203
591.8070630287411,310.22362312504845,25.202285766601562,74.46131134033203
591.2367538401666,310.0335200621903,25.202285766601562,74.46131134033203
590.2862385258757,309.84341699933213,25.202285766601562,74.46131134033203
591.6169599658829,309.653313936474,25.202285766601562,74.46131134033203
590.2862385258757,310.2236231250485,25.202285766601562,74.46131134033203
590.4763415887338,311.1741384393394,25.202285766601562,74.46131134033203
590.2862385258757,311.36424150219756,25.202285766601562,74.46131134033203
589.3357232115848,310.79393231362303,25.202285766601562,74.46131134033203
590.2862385258757,311.7444476279139,25.202285766601562,74.46131134033203
590.0961354630175,311.1741384393394,25.202285766601562,74.46131134033203
590.6664446515921,311.7444476279139,25.202285766601562,74.46131134033203
590.8565477144502,312.31475681648845,25.202285766601562,74.46131134033203
591.8070630287411,310.9840353764812,25.202285766601562,74.46131134033203
590.8565477144502,311.9345506907721,25.202285766601562,74.46131134033203
589.9060324001593,310.9840353764812,25.202285766601562,74.46131134033203
588.9555170858685,311.5543445650557,25.202285766601562,74.46131134033203
588.3852078972939,311.36424150219756,25.202285766601562,74.46131134033203
589.3357232115848,311.9345506907721,25.202285766601562,74.46131134033203
588.0050017715776,312.885066005063,25.202285766601562,74.46131134033203
587.434692583003,313.07516906792114,25.202285766601562,74.46131134033203
586.8643833944284,313.64547825649566,25.202285766601562,74.46131134033203
587.434692583003,313.07516906792114,25.202285766601562,74.46131134033203
586.1039711429958,313.64547825649566,25.202285766601562,74.46131134033203
584.7732497029886,313.4553751936375,25.202285766601562,74.46131134033203
584.202940514414,313.64547825649566,25.202285766601562,74.46131134033203
582.8722190744068,312.69496294220477,25.202285766601562,74.46131134033203
583.8227343886977,312.8850660050629,25.202285766601562,74.46131134033203
582.4920129486904,313.45537519363745,25.202285766601562,74.46131134033203
581.1612915086832,312.50485987934655,25.202285766601562,74.46131134033203
579.4503639429596,313.8355813193538,25.202285766601562,74.46131134033203
578.1196425029524,314.7860966336447,25.202285766601562,74.46131134033203
576.4087149372288,315.35640582221924,25.202285766601562,74.46131134033203
576.9790241258033,314.7860966336447,25.202285766601562,74.46131134033203
574.8878904343634,315.35640582221924,25.202285766601562,74.46131134033203
575.8384057486543,315.1663027593611,25.202285766601562,74.46131134033203
574.5076843086471,316.49702419936835,25.202285766601562,74.46131134033203
573.1769628686399,315.1663027593611,25.202285766601562,74.46131134033203
571.4660353029162,315.7366119479356,25.202285766601562,74.46131134033203
570.135313862909,314.7860966336447,25.202285766601562,74.46131134033203
568.4243862971854,315.35640582221924,25.202285766601562,74.46131134033203
567.0936648571782,314.7860966336447,25.202285766601562,74.46131134033203
565.3827372914545,315.7366119479356,25.202285766601562,74.46131134033203
563.6718097257309,315.92671501079377,25.202285766601562,74.46131134033203
561.9608821600073,316.4970241993683,25.202285766601562,74.46131134033203
560.2499545942836,316.30692113651014,25.202285766601562,74.46131134033203
558.9192331542764,315.35640582221924,25.202285766601562,74.46131134033203
557.9053335674246,317.4329856535168,24.664838790893555,72.87339782714844
556.6029901629452,316.50274036460297,24.664838790893555,72.87339782714844
554.9285486429002,315.5724950756891,24.664838790893555,72.87339782714844
553.9983033539863,316.50274036460297,24.664838790893555,72.87339782714844
553.0680580650725,316.3166913068202,24.664838790893555,72.87339782714844
552.5099108917242,316.1306422490374,24.664838790893555,72.87339782714844
551.5796656028103,315.9445931912546,24.664838790893555,72.87339782714844
550.6494203138965,318.3632309424306,24.664838790893555,72.87339782714844
549.7191750249826,318.17718188464784,24.664838790893555,72.87339782714844
548.7889297360688,318.3632309424306,24.664838790893555,72.87339782714844
548.2307825627205,318.17718188464784,24.664838790893555,72.87339782714844
547.6726353893722,317.61903471129955,24.664838790893555,72.87339782714844
549.3470769094172,318.5492800002134,24.664838790893555,72.87339782714844
547.6726353893722,317.9911328268651,24.664838790893555,72.87339782714844
546.7423901004584,318.5492800002134,24.664838790893555,72.87339782714844
545.8121448115445,317.61903471129955,24.664838790893555,72.87339782714844
545.2539976381962,318.5492800002134,24.664838790893555,72.87339782714844
543.9516542337168,317.9911328268651,24.664838790893555,72.87339782714844
545.2539976381962,318.92137811577896,24.664838790893555,72.87339782714844
543.5795561181512,319.47952528912725,24.664838790893555,72.87339782714844
542.6493108292374,318.5492800002134,24.664838790893555,72.87339782714844
542.0911636558891,318.7353290579962,24.664838790893555,72.87339782714844
541.9051145981064,318.92137811577896,24.664838790893555,72.87339782714844
541.3469674247581,319.47952528912725,24.664838790893555,72.87339782714844
540.0446240202787,318.5492800002134,24.664838790893555,72.87339782714844
539.4864768469304,317.246936595734,24.664838790893555,72.87339782714844
538.9283296735821,316.6887894223857,24.664838790893555,72.87339782714844
539.8585749624959,317.61903471129955,24.664838790893555,72.87339782714844
539.3004277891476,317.43298565351677,24.664838790893555,72.87339782714844
538.3701825002338,317.61903471129955,24.664838790893555,72.87339782714844
539.3004277891476,318.17718188464784,24.664838790893555,72.87339782714844
538.7422806157994,317.61903471129955,24.664838790893555,72.87339782714844
540.7888202514098,318.5492800002134,24.664838790893555,72.87339782714844
540.2306730780615,317.9911328268651,24.664838790893555,72.87339782714844
541.9051145981065,318.92137811577896,24.664838790893555,72.87339782714844
543.5795561181515,318.3632309424307,24.664838790893555,72.87339782714844
543.3935070603687,317.06088753795126,24.664838790893555,72.87339782714844
544.3237523492826,317.24693659573404,24.664838790893555,72.87339782714844
544.1377032914999,315.5724950756891,24.664838790893555,72.87339782714844
546.1842429271103,316.50274036460297,24.664838790893555,72.87339782714844
545.2539976381964,315.9445931912547,24.664838790893555,72.87339782714844
546.1842429271103,316.50274036460297,24.664838790893555,72.87339782714844
545.9981938693276,316.3166913068202,24.664838790893555,72.87339782714844
547.300537273807,316.1306422490374,24.664838790893555,72.87339782714844
546.3702919848931,315.9445931912546,24.664838790893555,72.87339782714844
546.1842429271104,317.24693659573404,24.664838790893555,72.87339782714844
545.9981938693277,316.3166913068202,24.664838790893555,72.87339782714844
547.3005372738071,315.38644601790634,24.664838790893555,72.87339782714844
545.9981938693277,315.20039696012356,24.664838790893555,72.87339782714844
547.6726353893727,313.89805355564414,24.664838790893555,72.87339782714844
547.1144882160244,314.828298844558,24.664838790893555,72.87339782714844
547.3005372738071,313.89805355564414,24.664838790893555,72.87339782714844
545.9981938693277,314.4562007289924,24.664838790893555,72.87339782714844
546.9284391582415,314.6422497867752,24.664838790893555,72.87339782714844
545.2539976381966,315.2003969601235,24.664838790893555,72.87339782714844
543.5795561181516,314.27015167120965,24.664838790893555,72.87339782714844
544.3805221561691,315.9437969518575,24.138853073120117,71.31935119628906
543.1059516170624,315.0333894239241,24.138853073120117,71.31935119628906
541.4672180667823,315.2154709295108,24.138853073120117,71.31935119628906
539.4643215053288,314.3050634015774,24.138853073120117,71.31935119628906
537.4614249438754,314.12298189599073,24.138853073120117,71.31935119628906
535.458528382422,313.21257436805735,24.138853073120117,71.31935119628906
534.1839578433152,313.394655873644,24.138853073120117,71.31935119628906
532.9093873042084,313.5767373792307,24.138853073120117,71.31935119628906
530.906490742755,314.85130791833745,24.138853073120117,71.31935119628906
528.1752681589547,313.94090039040407,24.138853073120117,71.31935119628906
526.5365346086746,314.4871449071641,24.138853073120117,71.31935119628906
523.8053120248744,315.0333894239242,24.138853073120117,71.31935119628906
521.802415463421,313.7588188848174,24.138853073120117,71.31935119628906
519.7995189019675,315.3975524350975,24.138853073120117,71.31935119628906
517.0682963181673,313.7588188848174,24.138853073120117,71.31935119628906
515.0653997567139,313.94090039040407,24.138853073120117,71.31935119628906
513.4266662064338,312.30216684012396,24.138853073120117,71.31935119628906
511.78793265615366,312.848411356884,24.138853073120117,71.31935119628906
509.42087308352677,312.30216684012396,24.138853073120117,71.31935119628906
507.41797652207333,313.21257436805735,24.138853073120117,71.31935119628906
505.4150799606199,313.7588188848174,24.138853073120117,71.31935119628906
503.7763464103398,315.0333894239242,24.138853073120117,71.31935119628906
501.77344984888634,314.8513079183375,24.138853073120117,71.31935119628906
500.8630423209529,315.0333894239242,24.138853073120117,71.31935119628906
499.5884717818462,315.21547092951084,24.138853073120117,71.31935119628906
498.3139012427394,315.7617154462709,24.138853073120117,71.31935119628906
498.49598274832607,316.30795996303095,24.138853073120117,71.31935119628906
496.4930861868726,315.0333894239242,24.138853073120117,71.31935119628906
495.2185156477658,314.1229818959908,24.138853073120117,71.31935119628906
494.3081081198324,313.57673737923074,24.138853073120117,71.31935119628906
494.4901896254191,314.4871449071641,24.138853073120117,71.31935119628906
493.2156190863123,314.6692264127508,24.138853073120117,71.31935119628906
493.39770059189897,315.5796339406842,24.138853073120117,71.31935119628906
492.8514560751389,315.76171544627084,24.138853073120117,71.31935119628906
491.57688553603214,316.6721229742042,24.138853073120117,71.31935119628906
490.66647800809875,316.1258784574442,24.138853073120117,71.31935119628906
489.75607048016536,315.2154709295108,24.138853073120117,71.31935119628906
489.2098259634053,315.76171544627084,24.138853073120117,71.31935119628906
490.4843965025121,315.5796339406842,24.138853073120117,71.31935119628906
489.2098259634053,313.94090039040407,24.138853073120117,71.31935119628906
491.57688553603214,313.0304928624707,24.138853073120117,71.31935119628906
490.66647800809875,312.848411356884,24.138853073120117,71.31935119628906
491.9410485472055,313.39465587364407,24.138853073120117,71.31935119628906
491.75896704161886,314.30506340157746,24.138853073120117,71.31935119628906
491.5768855360322,314.4871449071641,24.138853073120117,71.31935119628906
490.6664780080988,315.3975524350975,24.138853073120117,71.31935119628906
492.3052115583789,314.12298189599073,24.138853073120117,71.31935119628906
493.7910975830511,315.4099349055444,23.62408447265625,69.79844665527344
492.90010476987004,315.23173634290816,23.62408447265625,69.79844665527344
494.8602889588684,315.76633203081684,23.62408447265625,69.79844665527344
493.96929614568734,313.8061478418185,23.62408447265625,69.79844665527344
494.14749470832356,313.2715521539098,23.62408447265625,69.79844665527344
493.6128990204149,313.449750716546,23.62408447265625,69.79844665527344
494.8602889588684,313.2715521539098,23.62408447265625,69.79844665527344
493.6128990204149,312.7369564660011,23.62408447265625,69.79844665527344
493.7910975830511,313.6279492791822,23.62408447265625,69.79844665527344
492.18731051932514,313.44975071654596,23.62408447265625,69.79844665527344
491.29631770614407,314.6971406549995,23.62408447265625,69.79844665527344
490.7617220182354,314.1625449670908,23.62408447265625,69.79844665527344
489.51433207978187,315.0535377802719,23.62408447265625,69.79844665527344
488.9797363918732,314.87533921763566,23.62408447265625,69.79844665527344
487.73234645341967,313.62794927918213,23.62408447265625,69.79844665527344
486.1285593896937,312.73695646600106,23.62408447265625,69.79844665527344
485.593963701785,312.55875790336484,23.62408447265625,69.79844665527344
485.05936801387634,313.80614784181836,23.62408447265625,69.79844665527344
483.8119780754228,313.2715521539097,23.62408447265625,69.79844665527344
482.5645881369693,314.87533921763566,23.62408447265625,69.79844665527344
482.0299924490606,315.0535377802719,23.62408447265625,69.79844665527344
480.42620538533464,315.94453059345295,23.62408447265625,69.79844665527344
478.82241832160867,316.47912628136163,23.62408447265625,69.79844665527344
476.8622341326103,317.3701190945427,23.62408447265625,69.79844665527344
475.6148441941568,317.5483176571789,23.62408447265625,69.79844665527344
476.50583700733785,318.0829133450876,23.62408447265625,69.79844665527344
474.90204994361187,317.5483176571789,23.62408447265625,69.79844665527344
472.9418657546135,317.72651621981515,23.62408447265625,69.79844665527344
471.3380786908875,316.1227291560892,23.62408447265625,69.79844665527344
470.090688752434,316.65732484399786,23.62408447265625,69.79844665527344
468.13050456343564,315.40993490554433,23.62408447265625,69.79844665527344
466.52671749970966,317.3701190945427,23.62408447265625,69.79844665527344
464.9229304359837,318.2611119077238,23.62408447265625,69.79844665527344
462.9627462469853,318.79570759563245,23.62408447265625,69.79844665527344
461.7153563085318,318.6175090329962,23.62408447265625,69.79844665527344
460.4679663700783,319.1521047209049,23.62408447265625,69.79844665527344
459.5769735568972,320.043097534086,23.62408447265625,69.79844665527344
458.3295836184437,320.2212960967222,23.62408447265625,69.79844665527344
457.08219367999016,319.6867004088135,23.62408447265625,69.79844665527344
455.83480374153663,318.43931047036,23.62408447265625,69.79844665527344
454.94381092835556,319.33030328354107,23.62408447265625,69.79844665527344
454.76561236571933,318.7957075956324,23.62408447265625,69.79844665527344
453.87461955253826,318.2611119077237,23.62408447265625,69.79844665527344
453.3400238646296,319.50850184617724,23.62408447265625,69.79844665527344
453.5182224272658,320.75589178463076,23.62408447265625,69.79844665527344
453.69642098990204,320.2212960967221,23.62408447265625,69.79844665527344
452.09263392617606,320.75589178463076,23.62408447265625,69.79844665527344
452.98362673935713,320.2212960967221,23.62408447265625,69.79844665527344
453.16182530199336,321.11228890990316,23.62408447265625,69.79844665527344
452.98362673935713,320.5776932219945,23.62408447265625,69.79844665527344
452.44903105144846,320.7558917846307,23.62408447265625,69.79844665527344
452.98362673935713,319.15210472090473,23.62408447265625,69.79844665527344
452.09263392617606,319.6867004088134,23.62408447265625,69.79844665527344
451.5580382382674,319.15210472090473,23.62408447265625,69.79844665527344
452.44903105144846,320.39949465935825,23.62408447265625,69.79844665527344
451.20164111299493,320.93409034726693,23.62408447265625,69.79844665527344
450.66704542508626,321.4686860351756,23.62408447265625,69.79844665527344
449.7760526119052,322.0032817230843,23.62408447265625,69.79844665527344
448.52866267345166,321.4686860351756,23.62408447265625,69.79844665527344
448.35046411081544,322.3596788483567,23.62408447265625,69.79844665527344
447.81586842290676,322.89427453626536,23.62408447265625,69.79844665527344
446.2120813591808,321.64688459781183,23.62408447265625,69.79844665527344
445.6774856712721,320.3994946593583,23.62408447265625,69.79844665527344
446.2120813591808,321.2904874725394,23.62408447265625,69.79844665527344
444.96469142072726,321.11228890990316,23.62408447265625,69.79844665527344
444.0736986075462,320.93409034726693,23.62408447265625,69.79844665527344
443.5391029196375,321.4686860351756,23.62408447265625,69.79844665527344
443.71730148227374,323.428870224174,23.62408447265625,69.79844665527344
442.4699115438202,324.31986303735505,23.62408447265625,69.79844665527344
443.3609043570013,324.8544587252637,23.62408447265625,69.79844665527344
442.8263086690926,324.6762601626275,23.62408447265625,69.79844665527344
443.7173014822737,323.7852673494464,23.62408447265625,69.79844665527344
443.182705794365,324.6762601626275,23.62408447265625,69.79844665527344
444.0736986075461,324.1416644747188,23.62408447265625,69.79844665527344
443.182705794365,325.38905441317235,23.62408447265625,69.79844665527344
443.0045072317288,325.5672529758086,23.62408447265625,69.79844665527344
442.4699115438201,326.45824578898964,23.62408447265625,69.79844665527344
441.284165405174,326.2407444975679,24.146766662597656,71.34273529052734
441.83058902267766,326.42288570340247,24.146766662597656,71.34273529052734
440.19131817016677,325.8764620858988,24.146766662597656,71.34273529052734
439.6448945526631,326.0586032917334,24.146766662597656,71.34273529052734
438.3699061118213,326.24074449756796,24.146766662597656,71.34273529052734
438.91632972932496,327.1514505267407,24.146766662597656,71.34273529052734
437.64134128848315,326.24074449756796,24.146766662597656,71.34273529052734
436.7306352593104,326.0586032917334,24.146766662597656,71.34273529052734
436.18421164180677,325.14789726256066,24.146766662597656,71.34273529052734
437.4592000826486,325.6943208800643,24.146766662597656,71.34273529052734
435.8199292301377,326.24074449756796,24.146766662597656,71.34273529052734
435.27350561263404,326.4228857034025,24.146766662597656,71.34273529052734
436.18421164180677,327.33359173257526,24.146766662597656,71.34273529052734
434.90922320096496,328.97286258508615,24.146766662597656,71.34273529052734
433.99851717179223,329.5192862025898,24.146766662597656,71.34273529052734
433.4520935542886,330.06570982009345,24.146766662597656,71.34273529052734
432.17710511344677,329.1550037909207,24.146766662597656,71.34273529052734
433.81637596595766,330.06570982009345,24.146766662597656,71.34273529052734
432.90566993678493,330.247851025928,24.146766662597656,71.34273529052734
432.72352873095036,329.70142740842437,24.146766662597656,71.34273529052734
431.81282270177763,329.88356861425893,24.146766662597656,71.34273529052734
430.9021166726049,327.88001535007896,24.146766662597656,71.34273529052734
430.35569305510126,328.4264389675826,24.146766662597656,71.34273529052734
430.1735518492667,329.33714499675534,24.146766662597656,71.34273529052734
429.26284582009396,330.24785102592807,24.146766662597656,71.34273529052734
428.3521397909212,331.5228394667699,24.146766662597656,71.34273529052734
427.4414337617485,332.7978279076117,24.146766662597656,71.34273529052734
425.8021629092376,333.7085339367844,24.146766662597656,71.34273529052734
424.5271744683958,333.890675142619,24.146766662597656,71.34273529052734
422.8879036158849,332.97996911344626,24.146766662597656,71.34273529052734
423.32092962821287,335.67180883029164,23.6318302154541,69.82132720947266
421.71661672038806,335.85006582004996,23.6318302154541,69.82132720947266
420.8253317715965,336.7413507688415,23.6318302154541,69.82132720947266
419.93404682280493,336.5630937790832,23.6318302154541,69.82132720947266
419.04276187401337,338.167406686908,23.6318302154541,69.82132720947266
417.43844896618856,336.5630937790832,23.6318302154541,69.82132720947266
417.9732199354635,337.81089270739136,23.6318302154541,69.82132720947266
416.012393048122,336.9196077585998,23.6318302154541,69.82132720947266
415.12110809933046,338.5239206664246,23.6318302154541,69.82132720947266
414.58633713005554,340.1282335742494,23.6318302154541,69.82132720947266
413.3385382017474,341.7325464820742,23.6318302154541,69.82132720947266
411.7342252939226,341.1977755127993,23.6318302154541,69.82132720947266
409.7733984065811,341.3760325025576,23.6318302154541,69.82132720947266
410.30816937585604,341.1977755127993,23.6318302154541,69.82132720947266
409.7733984065811,341.7325464820742,23.6318302154541,69.82132720947266
408.1690854987563,340.48474755376606,23.6318302154541,69.82132720947266
407.27780054996475,341.3760325025576,23.6318302154541,69.82132720947266
406.3865156011732,341.1977755127993,23.6318302154541,69.82132720947266
405.13871667286503,341.7325464820742,23.6318302154541,69.82132720947266
403.8909177445569,341.91080347183254,23.6318302154541,69.82132720947266
402.6431188162487,343.871630359174,23.6318302154541,69.82132720947266
402.1083478469738,344.4064013284489,23.6318302154541,69.82132720947266
400.504034939149,346.0107142362737,23.6318302154541,69.82132720947266
400.32577794939067,345.8324572465154,23.6318302154541,69.82132720947266
399.3750581076981,347.43600720973257,23.12787437438965,68.33236694335938
398.1538688673792,346.2148179694136,23.12787437438965,68.33236694335938
397.2815908385799,347.43600720973257,23.12787437438965,68.33236694335938
396.75822402130035,345.8659067578939,23.12787437438965,68.33236694335938
396.2348572040208,346.7381847866932,23.12787437438965,68.33236694335938
395.01366796370183,346.2148179694136,23.12787437438965,68.33236694335938
393.09465630034344,347.78491842125226,23.12787437438965,68.33236694335938
392.2223782715442,346.912640392453,23.12787437438965,68.33236694335938
391.35010024274493,346.7381847866931,23.12787437438965,68.33236694335938
391.5245558485048,346.56372918093325,23.12787437438965,68.33236694335938
392.04792266578437,345.691451152134,23.12787437438965,68.33236694335938
390.47782221394573,345.1680843348544,23.12787437438965,68.33236694335938
390.30336660818585,344.64471751757486,23.12787437438965,68.33236694335938
389.4310885793866,342.72570585421647,23.12787437438965,68.33236694335938
388.90772176210703,342.5512502484566,23.12787437438965,68.33236694335938
389.0821773678669,341.67897221965734,23.12787437438965,68.33236694335938
386.8142544929888,341.8534278254172,23.12787437438965,68.33236694335938
385.94197646418957,341.67897221965734,23.12787437438965,68.33236694335938
384.0229648008312,341.50451661389747,23.12787437438965,68.33236694335938
382.45286434899253,340.6322385850982,23.12787437438965,68.33236694335938
381.2316751086736,340.8066941908581,23.12787437438965,68.33236694335938
379.66157465683494,340.6322385850982,23.12787437438965,68.33236694335938
378.440385416516,339.75996055629895,23.12787437438965,68.33236694335938
377.21919617619704,338.8876825274997,23.12787437438965,68.33236694335938
376.3469181473978,338.01540449870043,23.12787437438965,68.33236694335938
375.47464011859853,337.84094889294056,23.12787437438965,68.33236694335938
374.60236208979927,337.317582075661,23.12787437438965,68.33236694335938
374.4279064840394,337.84094889294056,23.12787437438965,68.33236694335938
373.55562845524014,336.9686708641413,23.12787437438965,68.33236694335938
374.4279064840394,337.1431264699012,23.12787437438965,68.33236694335938
374.60236208979927,336.9686708641413,23.12787437438965,68.33236694335938
375.12572890707884,336.44530404686174,23.12787437438965,68.33236694335938
374.95127330131896,335.5730260180625,23.12787437438965,68.33236694335938
374.7768176955591,334.7007479892632,23.12787437438965,68.33236694335938
375.99800693587804,333.82846996046396,23.12787437438965,68.33236694335938
375.4746401185985,333.6540143547041,23.12787437438965,68.33236694335938
375.3001845128386,333.1306475374245,23.12787437438965,68.33236694335938
374.77681769555903,334.3518367777435,23.12787437438965,68.33236694335938
375.3001845128386,333.4795587489442,23.12787437438965,68.33236694335938
374.07899527251965,333.6540143547041,23.12787437438965,68.33236694335938
374.6023620897992,334.52629238350335,23.12787437438965,68.33236694335938
375.1257289070788,333.6540143547041,23.12787437438965,68.33236694335938
374.9512733013189,333.82846996046396,23.12787437438965,68.33236694335938
375.1257289070788,332.2583695086253,23.12787437438965,68.33236694335938
376.34691814739773,333.1306475374246,23.12787437438965,68.33236694335938
376.17246254163786,331.56054708558594,23.12787437438965,68.33236694335938
375.998006935878,330.6882690567867,23.12787437438965,68.33236694335938
376.87028496467724,331.21163587406625,23.12787437438965,68.33236694335938
379.487119051075,331.3860914798261,23.12787437438965,68.33236694335938
382.1039531374728,329.11816860494804,23.12787437438965,68.33236694335938
385.41860964690994,327.8969793646291,23.12787437438965,68.33236694335938
391.87346706002444,325.9779677012707,23.12787437438965,68.33236694335938
396.2348572040207,324.40786724943206,23.12787437438965,68.33236694335938
400.9451585595367,322.139944374554,23.12787437438965,68.33236694335938
407.0511047611315,321.6165775572744,23.12787437438965,68.33236694335938
412.45922853968693,319.697565893916,23.12787437438965,68.33236694335938
421.0075532219197,317.77855423055763,23.12787437438965,68.33236694335938
426.06676578895537,316.9062762017584,23.12787437438965,68.33236694335938
431.8238007790305,316.3829093844788,23.12787437438965,68.33236694335938
438.278658192145,315.51063135567955,23.12787437438965,68.33236694335938
442.64004833614126,314.2894421153606,23.12787437438965,68.33236694335938
451.4623023097941,314.84989549694245,22.63466453552246,66.87516021728516
456.07215507013825,313.6547484850014,22.63466453552246,66.87516021728516
463.41377242920487,312.45960147306033,22.63466453552246,66.87516021728516
467.68215461470874,311.26445446111927,22.63466453552246,66.87516021728516
474.3408308240947,310.4107780240185,22.63466453552246,66.87516021728516
481.68244818316134,309.21563101207744,22.63466453552246,66.87516021728516
486.6337715183458,308.0204840001364,22.63466453552246,66.87516021728516
491.92656542837057,308.87416043723715,22.63466453552246,66.87516021728516
496.19494761387443,307.6790134252961,22.63466453552246,66.87516021728516
500.4633297993783,307.1668075630356,22.63466453552246,66.87516021728516
505.756123709403,305.2887194014139,22.63466453552246,66.87516021728516
510.3659764697471,304.43504296431314,22.63466453552246,66.87516021728516
513.9514175055704,304.9472488265736,22.63466453552246,66.87516021728516
517.8783291162339,304.7765135391535,22.63466453552246,66.87516021728516
520.4393584275361,303.5813665272124,22.63466453552246,66.87516021728516
522.6589171639981,302.38621951527136,22.63466453552246,66.87516021728516
524.1955347507795,301.1910725033303,22.63466453552246,66.87516021728516
524.70774061304,300.6788666410698,22.63466453552246,66.87516021728516
525.5614170501407,301.8740136530109,22.63466453552246,66.87516021728516
525.3906817627205,301.0203372159101,22.63466453552246,66.87516021728516
525.5614170501407,301.19107250333025,22.63466453552246,66.87516021728516
526.4150934872414,299.9959254913892,22.63466453552246,66.87516021728516
526.5858287746615,300.5081313536497,22.63466453552246,66.87516021728516
527.4395052117623,299.3129843417086,22.63466453552246,66.87516021728516
527.9517110740227,299.48371962912876,22.63466453552246,66.87516021728516
528.8053875111234,297.94710204234735,22.63466453552246,66.87516021728516
528.6346522237033,297.7763667549272,22.63466453552246,66.87516021728516
528.4639169362831,297.2641608926667,22.63466453552246,66.87516021728516
528.293181648863,296.06901388072566,22.63466453552246,66.87516021728516
527.7809757866025,296.2397491681458,22.63466453552246,66.87516021728516
528.9761227985437,295.04460215620475,22.63466453552246,66.87516021728516
528.8053875111235,296.58121974298615,22.63466453552246,66.87516021728516
529.6590639482242,295.04460215620475,22.63466453552246,66.87516021728516
529.4883286608041,295.55680801846523,22.63466453552246,66.87516021728516
529.6590639482242,294.3616610065242,22.63466453552246,66.87516021728516
530.1712698104847,293.1665139945831,22.63466453552246,66.87516021728516
531.0249462475854,291.97136698264205,22.63466453552246,66.87516021728516
530.1712698104847,292.48357284490254,22.63466453552246,66.87516021728516
530.6834756727451,291.62989640780177,22.63466453552246,66.87516021728516
530.1712698104847,291.8006316952219,22.63466453552246,66.87516021728516
529.6590639482242,291.2884258329614,22.63466453552246,66.87516021728516
528.8053875111235,290.43474939586065,22.63466453552246,66.87516021728516
528.2931816488631,289.92254353360016,22.63466453552246,66.87516021728516
527.4395052117624,290.77621997070094,22.63466453552246,66.87516021728516
526.9272993495019,289.92254353360016,22.63466453552246,66.87516021728516
528.4639169362833,289.75180824618,22.63466453552246,66.87516021728516
527.9517110740229,288.55666123423896,22.63466453552246,66.87516021728516
528.4639169362833,287.3615142222979,22.63466453552246,66.87516021728516
527.6102404991826,286.16636721035684,22.63466453552246,66.87516021728516
528.122446361443,285.65416134809635,22.63466453552246,66.87516021728516
527.2687699243423,284.8004849109956,22.63466453552246,66.87516021728516
525.7321523375609,284.2882790487351,22.63466453552246,66.87516021728516
525.5614170501408,283.4346026116343,22.63466453552246,66.87516021728516
524.7077406130401,283.60533789905446,22.63466453552246,66.87516021728516
523.8540641759394,282.7516614619537,22.63466453552246,66.87516021728516
523.3418583136789,281.8979850248529,22.63466453552246,66.87516021728516
522.8296524514185,281.3857791625924,22.63466453552246,66.87516021728516
523.3418583136789,281.2150438751723,22.63466453552246,66.87516021728516
522.1467113017378,280.3613674380715,22.63466453552246,66.87516021728516
522.6589171639982,279.50769100097074,22.63466453552246,66.87516021728516
520.4393584275363,278.3125439890297,22.63466453552246,66.87516021728516
518.9027408407549,277.4588675519289,22.63466453552246,66.87516021728516
518.0490644036541,276.9466616896684,22.63466453552246,66.87516021728516
517.1953879665534,277.8003381267692,22.63466453552246,66.87516021728516
514.9758292300914,276.9466616896684,22.63466453552246,66.87516021728516
514.0652257084979,276.8369071284768,22.151973724365234,65.44902801513672
512.8519313589411,276.40738457692265,21.679576873779297,64.05330657958984
511.9797519486332,276.93274204166624,21.217252731323242,62.68735122680664
511.43468991152656,276.82986063810455,20.764787673950195,61.35052490234375
510.33827540388745,276.04670741836236,20.764787673950195,61.35052490234375
508.6153383204546,275.26355419862017,20.764787673950195,61.35052490234375
507.5189238128155,275.42018484256863,20.764787673950195,61.35052490234375
506.10924801727947,274.9502929107233,20.764787673950195,61.35052490234375
505.01283350964036,274.1671396909811,20.764787673950195,61.35052490234375
503.2898964262075,274.63703162282644,20.764787673950195,61.35052490234375
500.3139141911871,275.42018484256863,20.764787673950195,61.35052490234375
498.27771581985735,274.3237703349295,20.764787673950195,61.35052490234375
496.2415174485276,273.8538784030842,20.764787673950195,61.35052490234375
494.8022630897555,273.7531914721227,20.321971893310547,60.042205810546875
493.4226490551605,273.906481920411,20.321971893310547,60.042205810546875
492.04303502056547,274.0597723686993,20.321971893310547,60.042205810546875
490.66342098597045,273.29332012725763,20.321971893310547,60.042205810546875
489.2838069513754,273.75319147212264,20.321971893310547,60.042205810546875
488.5173547099337,272.6801583341043,20.321971893310547,60.042205810546875
486.831159778762,273.1400296789693,20.321971893310547,60.042205810546875
485.1449648475903,274.21306281698764,20.321971893310547,60.042205810546875
483.145403651237,274.41002252595916,19.888599395751953,58.76178741455078
481.4776811335677,276.33797010293597,19.46446990966797,57.50867462158203
480.6946157362144,277.0926809246456,19.04938507080078,56.282283782958984
479.65125521246813,277.5543020179137,18.643150329589844,55.08204650878906
478.9481204947029,278.8199445098911,18.643150329589844,55.08204650878906
477.11997022851324,278.9605714534442,18.643150329589844,55.08204650878906
476.1355816236419,279.10119839699723,18.643150329589844,55.08204650878906
474.58868524455835,279.2418253405503,18.643150329589844,55.08204650878906
473.604296639687,279.6637061712094,18.643150329589844,55.08204650878906
471.77614637349734,278.67931756633806,18.643150329589844,55.08204650878906
469.3854883330955,279.3824522841033,18.643150329589844,55.08204650878906
467.838591954012,280.6480947760807,18.643150329589844,55.08204650878906
465.72918780071626,280.2262139454216,18.643150329589844,55.08204650878906
463.9010375345266,282.05436421161124,18.643150329589844,55.08204650878906
462.6353950425492,283.6012605906948,18.643150329589844,55.08204650878906
462.49476809899613,283.17937976003566,18.643150329589844,55.08204650878906
460.9478717199126,285.0075300262253,18.643150329589844,55.08204650878906
459.40097534082906,286.2731725182027,18.643150329589844,55.08204650878906
458.13533284885165,288.38257667149844,18.643150329589844,55.08204650878906
456.307182582662,289.3669652763698,18.643150329589844,55.08204650878906
455.60404786489676,289.7888461070289,18.643150329589844,55.08204650878906
454.9009131471315,289.0857113892637,18.643150329589844,55.08204650878906
453.354016768048,290.6326077683472,18.643150329589844,55.08204650878906
452.3696281631766,290.7732347119003,18.643150329589844,55.08204650878906
450.8227317840931,292.3201310909838,18.643150329589844,55.08204650878906
449.27583540500956,294.14828135717346,18.643150329589844,55.08204650878906
448.2914468001382,295.4139238491509,18.643150329589844,55.08204650878906
448.43207374369126,296.9608202282344,18.643150329589844,55.08204650878906
448.01019291303214,297.94520883310577,18.643150329589844,55.08204650878906
447.0258043081608,299.2108513250832,18.643150329589844,55.08204650878906
446.32266959039555,300.19523992995454,18.643150329589844,55.08204650878906
446.74455042105467,300.8983746477198,18.643150329589844,55.08204650878906
445.7601618161833,300.47649381706066,18.643150329589844,55.08204650878906
445.61953487263025,301.1796285348259,18.643150329589844,55.08204650878906
446.88517736460767,303.2890326881216,18.643150329589844,55.08204650878906
445.61953487263025,305.11718295431126,18.643150329589844,55.08204650878906
446.6039234775016,306.3828254462887,18.643150329589844,55.08204650878906
446.1820426468425,308.21097571247833,18.643150329589844,55.08204650878906
446.04141570328943,310.60163375288016,18.643150329589844,55.08204650878906
447.0258043081608,311.8672762448576,18.643150329589844,55.08204650878906
446.60392347750167,313.132918736835,18.643150329589844,55.08204650878906
447.3070581952669,314.67981511591853,18.643150329589844,55.08204650878906
448.01019291303214,316.22671149500206,18.643150329589844,55.08204650878906
448.7133276307974,318.0548617611917,18.643150329589844,55.08204650878906
448.85395457435044,319.60175814027525,18.643150329589844,55.08204650878906
448.79361532796935,320.59731865115253,19.05562973022461,56.30073547363281
449.51230690136515,322.1784401126233,19.05562973022461,56.30073547363281
449.36856858668597,323.7595615740941,19.05562973022461,56.30073547363281
451.5246433068734,325.6281596649232,19.05562973022461,56.30073547363281
451.95585825091086,327.4967577557523,19.05562973022461,56.30073547363281
453.53697971238165,329.3653558465814,19.05562973022461,56.30073547363281
453.39324139770247,330.9464773080522,19.05562973022461,56.30073547363281
455.5493161178899,331.9526455108063,19.05562973022461,56.30073547363281
456.2680076912857,332.9588137135604,19.05562973022461,56.30073547363281
457.84912915275646,334.2524585456728,19.05562973022461,56.30073547363281
458.8552973555106,335.8335800071436,19.05562973022461,56.30073547363281
460.148942187623,337.7021780979727,19.05562973022461,56.30073547363281
461.7300636490938,338.4208696713685,19.05562973022461,56.30073547363281
463.4579311364076,339.1401986547779,19.477235794067383,57.546390533447266
465.955546059562,341.6378135779323,19.477235794067383,57.546390533447266
467.2778127835849,344.1354285010867,19.477235794067383,57.546390533447266
469.7754277067393,346.3392063744583,19.477235794067383,57.546390533447266
471.3915314805451,348.54298424782985,19.477235794067383,57.546390533447266
473.8891464036995,350.4529250714185,19.477235794067383,57.546390533447266
475.5052501775053,351.48135474565856,19.477235794067383,57.546390533447266
477.41519100109394,352.5097844198986,19.477235794067383,57.546390533447266
479.0312947748997,354.1258881937044,19.477235794067383,57.546390533447266
480.35356149892266,356.03582901729305,19.477235794067383,57.546390533447266
482.5573393722942,357.0642586915331,19.477235794067383,57.546390533447266
484.4672801958829,358.6803624653389,19.477235794067383,57.546390533447266
486.37722101947156,360.59030328892754,19.477235794067383,57.546390533447266
486.61903842886755,360.7158369203712,19.90816879272461,58.819602966308594
488.42421021085346,361.778949756706,20.348636627197266,60.12098693847656
489.4986513305734,364.0813235846773,20.348636627197266,60.12098693847656
491.49404198148187,365.7697310585229,20.348636627197266,60.12098693847656
492.87546627826464,368.379088063557,20.348636627197266,60.12098693847656
492.7219746897332,370.0674955374026,20.348636627197266,60.12098693847656
494.4103821635788,371.1419366571225,20.348636627197266,60.12098693847656
493.33594104385884,372.2163777768425,20.348636627197266,60.12098693847656
494.7173653406416,373.59780207362525,20.348636627197266,60.12098693847656
494.56387375211017,374.979226370408,20.348636627197266,60.12098693847656
493.54252894361025,375.7473654247557,20.798851013183594,61.45116424560547
495.58206761267,377.1593537341048,20.798851013183594,61.45116424560547
494.7976296630316,378.5713420434539,20.798851013183594,61.45116424560547
495.58206761267,381.55220625207977,20.798851013183594,61.45116424560547
495.4251800227423,383.59174492113954,20.798851013183594,61.45116424560547
495.26829243281463,385.00373323048865,20.798851013183594,61.45116424560547
495.4251800227423,385.78817118012705,20.798851013183594,61.45116424560547
495.89584279252534,386.25883394991007,20.798851013183594,61.45116424560547
495.73895520259765,387.9845974391145,20.798851013183594,61.45116424560547
495.58206761266996,389.3965857484636,20.798851013183594,61.45116424560547
495.42518002274227,391.4361244175234,20.798851013183594,61.45116424560547
494.64074207310387,393.1618879067278,20.798851013183594,61.45116424560547
495.42518002274227,393.94632585636623,20.798851013183594,61.45116424560547
494.01319171339316,395.04453898585996,20.798851013183594,61.45116424560547
495.7389552025976,396.45652729520907,20.798851013183594,61.45116424560547
494.9545172529592,398.1822907844135,20.798851013183594,61.45116424560547
495.7389552025976,399.5942790937626,20.798851013183594,61.45116424560547
495.2682924328146,401.00626740311174,20.798851013183594,61.45116424560547
495.7389552025976,402.7320308923162,20.798851013183594,61.45116424560547
495.2682924328146,405.0853447412313,20.798851013183594,61.45116424560547
494.4838544831762,404.92845715130363,20.798851013183594,61.45116424560547
494.3269668932485,406.02667028079736,20.798851013183594,61.45116424560547
493.5425289436101,406.18355787072505,20.798851013183594,61.45116424560547
494.6407420731038,406.6542206405081,20.798851013183594,61.45116424560547
494.1700793033208,408.0662089498572,20.798851013183594,61.45116424560547
492.7580909939717,408.8506468994956,20.798851013183594,61.45116424560547
492.91497858389937,410.89018556855535,20.798851013183594,61.45116424560547
493.07186617382706,412.6159490577598,20.798851013183594,61.45116424560547
494.1700793033208,414.65548772681956,20.798851013183594,61.45116424560547
493.63576577281935,417.27653960656266,20.355308532714844,60.14070129394531
493.1751400283678,417.43008152137986,20.355308532714844,60.14070129394531
491.7932627950133,418.8119587547344,20.355308532714844,60.14070129394531
491.6397208801961,419.8867521584546,20.355308532714844,60.14070129394531
492.1003466246476,421.88279705107783,20.355308532714844,60.14070129394531
491.078667315618,421.6953901696377,20.8056697845459,61.4713134765625
490.0343834785956,422.15513286465017,21.265995025634766,62.83136749267578
488.91150433859605,421.0322537246506,21.265995025634766,62.83136749267578
487.8441154488095,422.16787557704197,21.73650550842285,64.22151184082031
489.64767991319417,423.64351922972037,21.73650550842285,64.22151184082031
488.8278778839284,425.44708369410506,21.73650550842285,64.22151184082031
489.64767991319417,426.2668857233708,21.73650550842285,64.22151184082031
490.4674819424599,426.7587669409303,21.73650550842285,64.22151184082031
490.30352153660675,427.90648978190234,21.73650550842285,64.22151184082031
490.1395611307536,429.0542126228744,21.73650550842285,64.22151184082031
488.9918382897815,430.20193546384644,21.73650550842285,64.22151184082031
488.49995707222206,431.3496583048185,21.73650550842285,64.22151184082031
487.6801550429563,430.857777087259,21.73650550842285,64.22151184082031
487.5161946371031,432.3334207399374,21.73650550842285,64.22151184082031
488.0080758546626,432.16946033408425,21.73650550842285,64.22151184082031
489.483719507341,433.64510398676265,21.73650550842285,64.22151184082031
489.3197591014878,435.44866845114734,21.73650550842285,64.22151184082031
489.8116403190473,435.9405496687068,21.73650550842285,64.22151184082031
491.2872839717257,436.10451007456,21.73650550842285,64.22151184082031
492.10708600099144,437.9080745389447,21.73650550842285,64.22151184082031
493.44509349194936,439.0669494087703,21.272968292236328,62.851966857910156
492.0009183846353,440.51112451608435,21.272968292236328,62.851966857910156
491.5195266821973,440.0297328136463,21.272968292236328,62.851966857910156
493.605557392762,441.47390792096036,21.272968292236328,62.851966857910156
493.7660212935747,442.9180830282744,21.272968292236328,62.851966857910156
493.3642075074679,443.7211136462045,21.743633270263672,64.24256896972656
493.9744923893176,443.861255209878,22.22471046447754,65.66393280029297
492.85898338742226,444.35235624026586,22.716432571411133,67.11674499511719
493.7157437819163,445.5518207925575,22.716432571411133,67.11674499511719
493.5443917030175,444.6950603980635,22.716432571411133,67.11674499511719
495.0865604131067,446.23722910815275,22.716432571411133,67.11674499511719
494.91520833420793,447.4366936604444,22.716432571411133,67.11674499511719
496.1146728864996,448.97886237053365,22.716432571411133,67.11674499511719
497.31413743879125,448.4648061338372,22.716432571411133,67.11674499511719
497.48548951769004,449.32156652833123,22.716432571411133,67.11674499511719
496.9714332809936,450.17832692282525,22.716432571411133,67.11674499511719
496.1146728864996,449.6642706861288,22.716432571411133,67.11674499511719
495.9433208076008,448.46480613383716,22.716432571411133,67.11674499511719
494.09201995911565,449.32232875356254,23.21903419494629,68.60169982910156
495.3180226646267,450.8986179463625,23.21903419494629,68.60169982910156
494.7925929336934,451.7743341645847,23.21903419494629,68.60169982910156
494.9677361773378,452.29976389551797,23.21903419494629,68.60169982910156
495.84345239556,453.8760530883179,23.21903419494629,68.60169982910156
495.58459081424655,456.1268438030225,22.723880767822266,67.13874816894531
494.7275495081479,455.26980249692383,22.723880767822266,67.13874816894531
493.52769167960975,455.784027280583,22.723880767822266,67.13874816894531
494.04191646326893,456.6410685866817,22.723880767822266,67.13874816894531
493.52769167960975,457.8409264152198,22.723880767822266,67.13874816894531
493.01346689595056,458.6979677213185,22.723880767822266,67.13874816894531
491.8729037131144,459.5557708028406,23.226646423339844,68.62419128417969
492.1612711390024,460.06901038800993,23.740535736083984,70.14250183105469
491.26588621999827,459.1736254690058,23.740535736083984,70.14250183105469
491.80311717140074,460.4271643556116,23.740535736083984,70.14250183105469
491.98219415520157,461.3225492746157,23.740535736083984,70.14250183105469
492.1612711390024,461.1434722908149,23.740535736083984,70.14250183105469
491.6240401875999,461.3225492746157,23.740535736083984,70.14250183105469
492.7401984311053,463.6238939014385,23.234262466430664,68.64669036865234
490.8123591860986,463.44863578825607,23.234262466430664,68.64669036865234
489.23503616745677,463.6238939014385,23.234262466430664,68.64669036865234
487.3071969224501,464.1496682409858,23.234262466430664,68.64669036865234
485.3793576774434,463.97441012780337,23.234262466430664,68.64669036865234
484.1525508851664,464.50018446735066,23.234262466430664,68.64669036865234
483.2762603192543,465.72699125962765,23.234262466430664,68.64669036865234
483.8020346588016,465.20121692008036,23.234262466430664,68.64669036865234
482.92574409288943,466.7785399387222,23.234262466430664,68.64669036865234
483.8020346588016,466.95379805190464,23.234262466430664,68.64669036865234
484.8943909099247,468.86821891193654,22.738784790039062,67.18277740478516
483.35070477975273,468.3536568685459,22.738784790039062,67.18277740478516
482.4359122931643,468.24339791707473,22.253873825073242,65.75008392333984
481.59659753845295,468.7469867699015,22.253873825073242,65.75008392333984
481.09300868562616,469.9220274264974,22.253873825073242,65.75008392333984
479.5822421271458,470.7613421812087,22.253873825073242,65.75008392333984
478.11695405054184,469.5115089746724,22.746240615844727,67.20480346679688
478.97483864420116,470.026239730868,22.746240615844727,67.20480346679688
477.7738002130781,471.227278161991,22.746240615844727,67.20480346679688
477.94537713181,471.05570124325914,22.746240615844727,67.20480346679688
478.4601078880056,470.88412432452725,22.746240615844727,67.20480346679688
479.66114631912865,471.74200891818657,22.746240615844727,67.20480346679688
478.8032617254693,471.22727816199097,22.746240615844727,67.20480346679688
478.63168480673744,471.0557012432591,22.746240615844727,67.20480346679688
477.7738002130781,470.8841243245272,22.746240615844727,67.20480346679688
478.2885309692737,471.3988550807228,22.746240615844727,67.20480346679688
477.4306463756144,470.8841243245272,22.746240615844727,67.20480346679688
476.2889612802861,471.7427698236938,23.249500274658203,68.69171142578125
478.21806491893295,470.86590453339977,23.249500274658203,68.69171142578125
477.051119800187,471.01574931797825,23.76389503479004,70.21151733398438
479.73991760471233,470.4779897570732,23.76389503479004,70.21151733398438
482.42871540923767,471.374255691915,23.76389503479004,70.21151733398438
485.27371424844637,472.6412201280306,23.257122039794922,68.7142333984375
487.20345039485403,473.1675118043236,23.257122039794922,68.7142333984375
487.2823436784803,471.70202322651147,22.76115608215332,67.2488784790039
489.5143065188363,471.186954878737,22.76115608215332,67.2488784790039
491.7462693591923,472.3887810235441,22.76115608215332,67.2488784790039
490.8878221129015,471.186954878737,22.76115608215332,67.2488784790039
492.9516887447074,471.3336516360215,23.264745712280273,68.73676300048828
491.78397815798695,469.6629083649749,23.779478073120117,70.25756072998047
493.94018060657754,469.0717800258481,24.305599212646484,71.81201171875
495.3832307558239,467.70671421173574,24.843360900878906,73.4008560180664
497.4445835946456,468.2689013495962,24.843360900878906,73.4008560180664
499.50593643346735,469.5806713379373,24.843360900878906,73.4008560180664
501.56728927228914,467.89410992435586,24.843360900878906,73.4008560180664
503.62864211111093,469.20587991269696,24.843360900878906,73.4008560180664
504.19082924897145,470.14285847579777,24.843360900878906,73.4008560180664
506.25218208779324,469.20587991269696,24.843360900878906,73.4008560180664
505.6899949499327,467.89410992435586,24.843360900878906,73.4008560180664
504.753016386832,468.08150563697603,24.843360900878906,73.4008560180664
505.3152035246925,466.76973564863493,24.843360900878906,73.4008560180664
504.753016386832,465.8327570855341,24.843360900878906,73.4008560180664
503.89491736679975,463.6597992626693,25.393020629882812,75.02484893798828
504.4695428950854,464.23442479095496,25.393020629882812,75.02484893798828
504.2780010523235,465.19213400476434,25.393020629882812,75.02484893798828
505.6187939516566,466.5329269040975,25.393020629882812,75.02484893798828
506.57650316546597,465.95830137581186,25.393020629882812,75.02484893798828
506.7680450082279,466.91601058962124,25.393020629882812,75.02484893798828
509.06960680960947,469.37754328703954,24.85150718688965,73.42491912841797
507.75740672270786,466.94060026850804,24.85150718688965,73.42491912841797
506.44520663580624,467.87788604486633,24.85150718688965,73.42491912841797
506.2577494805346,466.5656859579647,24.85150718688965,73.42491912841797
505.6953780147196,466.7531431132364,24.85150718688965,73.42491912841797
503.63334930673136,467.69042888959467,24.85150718688965,73.42491912841797
501.5713205987431,467.1280574237797,24.85150718688965,73.42491912841797
499.934993498695,465.34335994203843,25.40134620666504,75.04944610595703
498.5937609848707,465.5349645868705,25.40134620666504,75.04944610595703
497.63573776071047,464.1937320730462,25.40134620666504,75.04944610595703
498.8299790526271,464.8092772015037,24.859655380249023,73.4489974975586
497.8923859622833,464.62175858343494,24.859655380249023,73.4489974975586
496.9547928719395,463.30912825695367,24.859655380249023,73.4489974975586
496.0171997815957,462.3715351666099,24.859655380249023,73.4489974975586
494.3295322189769,461.4339420762661,24.859655380249023,73.4489974975586
493.01690189249564,460.1213117497848,24.859655380249023,73.4489974975586
490.57915985760184,459.183718659441,24.859655380249023,73.4489974975586
487.7663805865705,457.87108833295974,24.859655380249023,73.4489974975586
485.7036757878142,457.3085324787535,24.859655380249023,73.4489974975586
483.2659337529204,456.3709393884097,24.859655380249023,73.4489974975586
481.5782661903016,456.5584580064784,24.859655380249023,73.4489974975586
479.8905986276828,456.3709393884097,24.859655380249023,73.4489974975586
480.8281917180266,456.5584580064784,24.859655380249023,73.4489974975586
480.2656358638203,456.3709393884097,24.859655380249023,73.4489974975586
479.98848331528984,456.61187804166144,24.32951545715332,71.88267517089844
479.8049635882329,455.32723995226297,24.32951545715332,71.88267517089844
479.179948702556,455.2092679514127,23.810680389404297,70.3497543334961
477.8758050344644,454.74758210779777,23.30290985107422,68.84952545166016
479.106236748372,453.8687023121495,23.30290985107422,68.84952545166016
477.8758050344644,453.3413744347605,23.30290985107422,68.84952545166016
475.9422694840382,452.4624946391122,23.30290985107422,68.84952545166016
474.3602858518713,451.9351667617232,23.30290985107422,68.84952545166016
473.481406056223,450.3531831295563,23.30290985107422,68.84952545166016
472.95407817883404,451.2320629252046,23.30290985107422,68.84952545166016
474.18450989274163,450.3531831295563,23.30290985107422,68.84952545166016
475.0633896883899,449.82585525216734,23.30290985107422,68.84952545166016
474.88761372926024,448.24387162000045,23.30290985107422,68.84952545166016
476.46959736142713,448.4196475791301,23.30290985107422,68.84952545166016
475.23916564751954,446.83766394696323,23.30290985107422,68.84952545166016
476.82114927968644,445.25568031479634,23.30290985107422,68.84952545166016
475.94226948403815,444.02524860088874,23.30290985107422,68.84952545166016
476.46959736142713,442.79481688698115,23.30290985107422,68.84952545166016
475.23916564751954,442.26748900959217,23.30290985107422,68.84952545166016
477.17270119794574,441.7401611322032,23.30290985107422,68.84952545166016
477.7000290753347,441.2128332548142,23.30290985107422,68.84952545166016
479.2820127075016,441.3886092139439,23.30290985107422,68.84952545166016
481.5671001761872,441.91593709133286,23.30290985107422,68.84952545166016
482.7975318900948,440.6855053774253,23.30290985107422,68.84952545166016
484.37951552226167,439.4550736635177,23.30290985107422,68.84952545166016
485.25839531790996,439.63084962264736,23.30290985107422,68.84952545166016
487.5434827865955,437.3457621539618,23.30290985107422,68.84952545166016
487.7192587457252,435.7637785217949,23.30290985107422,68.84952545166016
489.3012423778921,434.5333468078873,23.30290985107422,68.84952545166016
489.1254664187624,434.0060189304983,23.30290985107422,68.84952545166016
490.35589813267,432.42403529833143,23.30290985107422,68.84952545166016
488.7739145005031,432.24825933920175,23.30290985107422,68.84952545166016
490.35589813267,430.66627570703486,23.30290985107422,68.84952545166016
489.828570255281,429.78739591138657,23.30290985107422,68.84952545166016
491.4105538874479,430.31472378877555,23.30290985107422,68.84952545166016
491.23477792831824,429.78739591138657,23.30290985107422,68.84952545166016
493.5198653970038,427.85386036096037,23.30290985107422,68.84952545166016
491.9378817648369,426.2718767287935,23.30290985107422,68.84952545166016
493.1683134787445,425.0414450148859,23.30290985107422,68.84952545166016
493.3440894378742,424.1625652192376,23.30290985107422,68.84952545166016
492.4652096422259,422.5805815870707,23.30290985107422,68.84952545166016
491.2347779283183,420.6470460366445,23.30290985107422,68.84952545166016
492.8167615604852,419.7681662409962,23.30290985107422,68.84952545166016
491.9378817648369,419.2408383636072,23.30290985107422,68.84952545166016
493.1683134787445,420.1197181592555,23.30290985107422,68.84952545166016
494.0471932743928,418.8892864453479,23.30290985107422,68.84952545166016
494.57452115178177,417.307302813181,23.30290985107422,68.84952545166016
494.65356980064325,417.8719996172549,22.805967330932617,67.38128662109375
495.5137072199265,419.0761920042515,22.805967330932617,67.38128662109375
496.0297896714965,417.1838896818283,22.805967330932617,67.38128662109375
496.2018171553531,415.63564232711843,22.805967330932617,67.38128662109375
496.3738446392098,413.0552300692687,22.805967330932617,67.38128662109375
496.54587212306643,411.85103768227214,22.805967330932617,67.38128662109375
496.3738446392098,410.30279032756226,22.805967330932617,67.38128662109375
495.8577621876398,410.4748178114189,22.805967330932617,67.38128662109375
495.68573470378317,409.27062542442235,22.805967330932617,67.38128662109375
496.54587212306643,409.442652908279,22.805967330932617,67.38128662109375
497.750064510063,407.89440555356913,22.805967330932617,67.38128662109375
496.88992709077974,406.69021316657256,22.805967330932617,67.38128662109375
496.3738446392098,405.8300757472893,22.805967330932617,67.38128662109375
498.61020192934626,404.62588336029273,22.805967330932617,67.38128662109375
497.0619545746364,401.3573611670164,22.805967330932617,67.38128662109375
497.92209199391965,399.4650588445932,22.805967330932617,67.38128662109375
496.3738446392098,397.57275652217004,22.805967330932617,67.38128662109375
495.8577621876398,395.33639923203356,22.805967330932617,67.38128662109375
497.0619545746364,394.8203167804636,22.805967330932617,67.38128662109375
496.88992709077974,394.99234426432025,22.805967330932617,67.38128662109375
497.4060095423497,396.1965366513168,22.805967330932617,67.38128662109375
498.26614696163296,395.68045419974686,22.805967330932617,67.38128662109375
499.1262843809162,394.8203167804636,22.805967330932617,67.38128662109375
499.5352656958051,394.7097325631969,22.319623947143555,65.9443588256836
500.5846206746481,393.9524096764138,21.843650817871094,64.53807830810547
499.7607774710729,392.4694919099785,21.843650817871094,64.53807830810547
501.1053806147372,391.72832017207077,21.37782859802246,63.16178512573242
502.42130985509516,391.31380675660296,20.921939849853516,61.814842224121094
502.89475812663477,390.5247263040369,20.921939849853516,61.814842224121094
503.3682063981744,389.42001367044446,20.921939849853516,61.814842224121094
505.10418339381965,389.26219757993124,20.921939849853516,61.814842224121094
505.57763166535926,389.104381489418,20.921939849853516,61.814842224121094
506.0510799368989,388.31530103685196,20.921939849853516,61.814842224121094
508.1026891135706,387.2105884032595,20.921939849853516,61.814842224121094
510.9116748156639,385.8922428907428,20.475772857666016,60.49662399291992
513.5373352680807,385.42889104619866,20.475772857666016,60.49662399291992
515.2362920314092,382.8032305937819,20.475772857666016,60.49662399291992
517.5530512541299,381.1042738304534,20.475772857666016,60.49662399291992
519.8698104768505,379.714218296821,20.475772857666016,60.49662399291992
523.4221746183555,376.77965661470813,20.475772857666016,60.49662399291992
526.9745387598605,375.0806998513796,20.475772857666016,60.49662399291992
532.071409049846,373.9995455474433,20.475772857666016,60.49662399291992
535.314871961655,372.91839124350696,20.475772857666016,60.49662399291992
538.8672361031599,372.14613816926675,20.475772857666016,60.49662399291992
546.1264150010181,371.6827863247226,20.475772857666016,60.49662399291992
552.149988980092,370.9105332504824,20.475772857666016,60.49662399291992
556.0112543512931,370.1382801762422,20.475772857666016,60.49662399291992
561.7259271006708,369.05712587230585,20.475772857666016,60.49662399291992
566.2049949312641,367.35816910897734,20.475772857666016,60.49662399291992
573.7730750588183,364.7325086565606,20.475772857666016,60.49662399291992
579.1788465784999,363.3424531229282,20.475772857666016,60.49662399291992
584.8935193278776,361.3345951299036,20.475772857666016,60.49662399291992
588.7547846990788,359.9445395962712,20.475772857666016,60.49662399291992
593.8516549890643,360.71679267051144,20.475772857666016,60.49662399291992
600.4713072916716,359.7242978464913,20.039121627807617,59.20651626586914
606.3664267413121,359.57314093752615,20.039121627807617,59.20651626586914
611.3546047371618,359.1196702106307,20.039121627807617,59.20651626586914
616.0404689150812,358.06157184787475,20.039121627807617,59.20651626586914
620.12170545714,356.70115966718845,20.039121627807617,59.20651626586914
626.6214525426411,355.34074748650215,20.039121627807617,59.20651626586914
629.7957476309091,353.3757076699553,20.039121627807617,59.20651626586914
634.7839256267588,351.71298167133875,20.039121627807617,59.20651626586914
637.9582207150268,350.0502556727222,20.039121627807617,59.20651626586914
641.7371434391553,348.08521585617535,20.039121627807617,59.20651626586914
647.0276352529352,347.32943131134965,20.039121627807617,59.20651626586914
649.8996165232728,347.1782744023845,20.039121627807617,59.20651626586914
653.0739116115408,346.72480367548906,20.039121627807617,59.20651626586914
655.6435790639482,346.5736467665239,20.039121627807617,59.20651626586914
658.2132465163556,345.5155484037679,20.039121627807617,59.20651626586914
661.7778646365957,344.2528321879445,19.61178207397461,57.94392013549805
664.2927331565843,343.2172980914786,19.61178207397461,57.94392013549805
665.6241341377547,341.8858971103082,19.61178207397461,57.94392013549805
666.6596682342206,340.8503630138423,19.61178207397461,57.94392013549805
667.991069215391,339.8148289173764,19.61178207397461,57.94392013549805
669.3224701965614,339.0751617056151,19.61178207397461,57.94392013549805
669.1745367542092,337.4478938397401,19.61178207397461,57.94392013549805
670.210070850675,337.8916941667969,19.61178207397461,57.94392013549805
668.8786698695046,338.33549449385373,19.61178207397461,57.94392013549805
670.210070850675,337.5958272820924,19.61178207397461,57.94392013549805
669.1745367542092,337.1520269550356,19.61178207397461,57.94392013549805
670.8018046200841,336.41235974327424,19.61178207397461,57.94392013549805
670.0621374083228,335.96855941621743,19.61178207397461,57.94392013549805
670.8018046200841,335.82062597386516,19.61178207397461,57.94392013549805
669.7662705236182,334.7850918773993,19.61178207397461,57.94392013549805
669.3224701965614,332.56609024211525,19.61178207397461,57.94392013549805
668.5828029848001,330.64295549153576,19.61178207397461,57.94392013549805
669.3224701965614,330.790888933888,19.61178207397461,57.94392013549805
667.991069215391,330.3470886068312,19.61178207397461,57.94392013549805
669.9142039659705,329.6074213950699,19.61178207397461,57.94392013549805
672.1332056012545,329.75535483742215,19.61178207397461,57.94392013549805
674.6480741212431,330.4950220491835,19.61178207397461,57.94392013549805
676.8670757565271,329.1636210680131,19.61178207397461,57.94392013549805
679.6778111612202,328.4239538562517,19.61178207397461,57.94392013549805
682.1926796812088,327.9801535291949,19.61178207397461,57.94392013549805
686.7786163941291,328.71982074095627,19.61178207397461,57.94392013549805
689.2934849141177,328.27602041389946,19.61178207397461,57.94392013549805
691.5124865494017,326.6487525480245,19.61178207397461,57.94392013549805
694.0273550693903,325.90908533626316,19.61178207397461,57.94392013549805
697.4298242434925,326.35288566331997,19.61178207397461,57.94392013549805
701.4240271870037,325.3173515668541,19.61178207397461,57.94392013549805
705.7140970152195,325.7611518939109,19.61178207397461,57.94392013549805
709.7082999587308,326.7966859903768,19.61178207397461,57.94392013549805
713.702502902242,327.2404863174336,19.61178207397461,57.94392013549805
718.584306499867,326.50081910567224,19.61178207397461,57.94392013549805
723.7619769821965,326.6487525480245,19.61178207397461,57.94392013549805
726.5727123868896,327.0925528750813,19.61178207397461,57.94392013549805
729.0875809068782,325.46528500920635,19.61178207397461,57.94392013549805
732.4900500809804,325.6132184515586,19.61178207397461,57.94392013549805
734.1173179468553,324.57768435509274,19.61178207397461,57.94392013549805
736.3363195821394,324.13388402803594,19.61178207397461,57.94392013549805
737.9635874480143,323.09834993157006,19.61178207397461,57.94392013549805
739.5908553138893,322.3586827198087,19.61178207397461,57.94392013549805
741.8098569491733,323.69008370097913,19.61178207397461,57.94392013549805
745.2123261232755,324.725617797445,19.61178207397461,57.94392013549805
748.3189284126731,325.1694181245018,19.61178207397461,57.94392013549805
751.4255307020708,325.02148468214955,19.61178207397461,57.94392013549805
754.2362661067639,326.35288566331997,19.61178207397461,57.94392013549805
756.1594008573434,325.90908533626316,19.61178207397461,57.94392013549805
758.9701362620365,326.94461943272904,19.61178207397461,57.94392013549805
761.0553952737072,325.22924824526774,20.045692443847656,59.225929260253906
762.5592840821214,323.47592365179287,20.48920249938965,60.53630447387695
763.9502512982921,322.3940602614379,20.48920249938965,60.53630447387695
765.6503223402784,321.93040452271435,20.48920249938965,60.53630447387695
767.0412895564491,322.7031640872536,20.48920249938965,60.53630447387695
769.6686720758826,322.8577160001614,20.48920249938965,60.53630447387695
771.6778469436846,323.93957939051637,20.48920249938965,60.53630447387695
773.9961256373024,324.7123389550556,20.48920249938965,60.53630447387695
776.6235081567359,324.24868321633204,20.48920249938965,60.53630447387695
779.2508906761693,324.7123389550556,20.48920249938965,60.53630447387695
782.4964808472341,324.24868321633204,20.48920249938965,60.53630447387695
784.1965518892205,323.1668198259771,20.48920249938965,60.53630447387695
786.5148305828383,323.63047556470065,20.48920249938965,60.53630447387695
787.2875901473775,322.8577160001614,20.48920249938965,60.53630447387695
787.7512458861011,322.39406026143786,20.48920249938965,60.53630447387695
789.7604207539031,321.00309304526724,20.48920249938965,60.53630447387695
791.7695956217051,322.7031640872536,20.48920249938965,60.53630447387695
794.0878743153229,322.54861217434575,20.48920249938965,60.53630447387695
796.7152568347564,323.321371738885,20.48920249938965,60.53630447387695
799.6517431800055,324.0941313034242,20.48920249938965,60.53630447387695
802.8973333510703,325.4850985195948,20.48920249938965,60.53630447387695
805.5247158705038,324.7123389550556,20.48920249938965,60.53630447387695
807.8429945641216,325.4850985195948,20.48920249938965,60.53630447387695
809.5430656061079,323.7850274776085,20.48920249938965,60.53630447387695
810.6249289964628,323.01226791306925,20.48920249938965,60.53630447387695
812.6341038642648,322.23950834853,20.48920249938965,60.53630447387695
814.6432787320668,320.8485411323594,20.48920249938965,60.53630447387695
816.6524535998689,321.93040452271435,20.48920249938965,60.53630447387695
818.9707322934867,322.7031640872536,20.48920249938965,60.53630447387695
821.5981148129201,323.4759236517928,20.48920249938965,60.53630447387695
824.2254973323536,324.55778704214777,20.48920249938965,60.53630447387695
827.4710875034184,325.0214427808713,20.48920249938965,60.53630447387695
829.7893661970362,326.1033061712263,20.48920249938965,60.53630447387695
832.7258525422853,325.6396504325027,20.48920249938965,60.53630447387695
835.0441312359031,324.55778704214777,20.48920249938965,60.53630447387695
837.6715137553366,322.8577160001614,20.48920249938965,60.53630447387695
839.0624809715073,323.01226791306925,20.48920249938965,60.53630447387695
840.7625520134936,321.9304045227143,20.48920249938965,60.53630447387695
842.46262305548,322.08495643562213,20.48920249938965,60.53630447387695
843.5444864458349,321.3121968710829,20.48920249938965,60.53630447387695
845.2445574878212,321.77585260980646,20.48920249938965,60.53630447387695
847.562836181439,323.1668198259771,20.48920249938965,60.53630447387695
849.2629072234254,324.24868321633204,20.48920249938965,60.53630447387695
851.2720820912274,323.7850274776085,20.48920249938965,60.53630447387695
853.2812569590294,325.1759946937791,20.48920249938965,60.53630447387695
854.3631203493843,324.09413130342415,20.48920249938965,60.53630447387695
855.4449837397392,322.3940602614378,20.48920249938965,60.53630447387695
856.5268471300941,320.3848853936357,20.48920249938965,60.53630447387695
857.608710520449,319.92122965491217,20.48920249938965,60.53630447387695
858.6905739108039,319.76667774200433,20.48920249938965,60.53630447387695
860.0815411269746,318.9939181774651,20.48920249938965,60.53630447387695
861.4725083431453,319.45757391618866,20.48920249938965,60.53630447387695
862.5543717335001,319.9212296549122,20.48920249938965,60.53630447387695
863.9453389496708,321.0030930452672,20.48920249938965,60.53630447387695
865.6454099916572,321.46674878399074,20.48920249938965,60.53630447387695
867.3454810336435,321.9304045227143,20.48920249938965,60.53630447387695
869.0455520756299,322.08495643562213,20.48920249938965,60.53630447387695
871.0547269434319,321.0030930452672,20.48920249938965,60.53630447387695
872.7547979854182,320.23033348072795,20.48920249938965,60.53630447387695
873.5275575499575,319.148470090373,20.48920249938965,60.53630447387695
874.9185247661281,317.7575028742024,20.48920249938965,60.53630447387695
876.000388156483,316.98474330966314,20.48920249938965,60.53630447387695
877.3913553726537,317.4483990483867,20.48920249938965,60.53630447387695
878.164114937193,316.98474330966314,20.48920249938965,60.53630447387695
880.173289804995,318.37571052583377,20.48920249938965,60.53630447387695
882.4915684986128,318.22115861292593,20.48920249938965,60.53630447387695
884.1916395405991,319.9212296549123,20.48920249938965,60.53630447387695
886.5099182342169,319.4575739161887,20.48920249938965,60.53630447387695
887.5917816245718,318.37571052583377,20.48920249938965,60.53630447387695
888.9827488407425,317.2938471354788,20.48920249938965,60.53630447387695
890.3737160569132,314.97556844186107,20.48920249938965,60.53630447387695
890.8373717956367,315.1301203547689,20.48920249938965,60.53630447387695
892.5374428376231,314.3573607902297,20.48920249938965,60.53630447387695
893.3102024021623,313.58460122569045,20.48920249938965,60.53630447387695
894.0829619667015,314.3573607902297,20.48920249938965,60.53630447387695
895.7830330086879,314.82101652895324,20.48920249938965,60.53630447387695
897.4831040506742,315.9028799193082,20.48920249938965,60.53630447387695
898.2558636152135,316.98474330966314,20.48920249938965,60.53630447387695
899.0286231797527,316.5210875709396,20.48920249938965,60.53630447387695
899.8013827442919,315.74832800640036,20.48920249938965,60.53630447387695
899.3377270055684,314.048256964414,20.48920249938965,60.53630447387695
897.637655963582,312.6572897482434,20.48920249938965,60.53630447387695
896.8648963990428,310.6481148804413,20.48920249938965,60.53630447387695
896.0921368345035,309.56625149008636,20.48920249938965,60.53630447387695
895.2678465599365,308.87103749231363,20.052263259887695,59.2453498840332
893.9065421386167,309.02229353912696,20.052263259887695,59.2453498840332
891.9402135300437,307.9635012114338,20.052263259887695,59.2453498840332
891.1839332959771,309.02229353912696,20.052263259887695,59.2453498840332
891.3351893427904,309.1735495859403,20.052263259887695,59.2453498840332
889.3688607342174,308.41726935187376,20.052263259887695,59.2453498840332
888.0075563128976,306.75345283692735,20.052263259887695,59.2453498840332
886.0595182179474,305.94112345850016,20.495920181274414,60.55615234375
884.0496845889097,303.62208465576435,20.495920181274414,60.55615234375
882.0398509598721,301.61225102672665,20.495920181274414,60.55615234375
880.0300173308344,299.60241739768895,20.495920181274414,60.55615234375
877.7153112699577,298.6089464513552,20.058837890625,59.264774322509766
874.5378928274912,298.15502953100287,20.058837890625,59.264774322509766
871.9656969454945,298.0037238908854,20.058837890625,59.264774322509766
869.6961123437327,298.15502953100287,20.058837890625,59.264774322509766
867.4265277419709,298.6089464513552,20.058837890625,59.264774322509766
865.7621657006789,299.36547465194246,20.058837890625,59.264774322509766
863.1899698186822,298.6089464513552,20.058837890625,59.264774322509766
862.1308303378601,297.852418250768,20.058837890625,59.264774322509766
860.4664682965681,296.7932787699458,20.058837890625,59.264774322509766
859.104717535511,294.8263054484189,20.058837890625,59.264774322509766
857.1377442139841,292.55672084665713,20.058837890625,59.264774322509766
855.4557468526576,290.70941576099415,19.63107681274414,58.00093460083008
854.4191938402819,290.5613367592262,19.63107681274414,58.00093460083008
853.6787988314421,290.11709975392233,19.63107681274414,58.00093460083008
853.8268778332101,290.2651787556903,19.63107681274414,58.00093460083008
854.271114838514,290.70941576099415,19.63107681274414,58.00093460083008
853.8268778332101,290.8574947627621,19.63107681274414,58.00093460083008
855.1595888491217,290.4132577574582,19.63107681274414,58.00093460083008
855.8999838579615,289.37670474508246,19.63107681274414,58.00093460083008
855.7519048561935,288.3401517327067,19.63107681274414,58.00093460083008
856.7884578685693,286.4151247097232,19.63107681274414,58.00093460083008
857.2326948738731,285.0824136938116,19.63107681274414,58.00093460083008
856.1961418614974,283.74970267789996,19.63107681274414,58.00093460083008
857.528852877409,283.601623676132,19.63107681274414,58.00093460083008
858.5654058897848,283.4535446743641,19.63107681274414,58.00093460083008
859.8981169056964,284.1939396832039,19.63107681274414,58.00093460083008
860.9346699180721,284.63817668850777,19.63107681274414,58.00093460083008
862.2673809339838,285.6747297008835,19.63107681274414,58.00093460083008
863.0077759428235,286.1189667061874,19.63107681274414,58.00093460083008
864.3404869587351,285.08241369381165,19.63107681274414,58.00093460083008
865.3770399711109,283.4535446743641,19.63107681274414,58.00093460083008
866.7097509870225,282.71314966552427,19.63107681274414,58.00093460083008
867.4501459958623,281.6765966531485,19.63107681274414,58.00093460083008
867.8943830011661,279.751569630165,19.63107681274414,58.00093460083008
868.33862000647,278.4188586142534,19.63107681274414,58.00093460083008
868.190541004702,277.6784636054136,19.63107681274414,58.00093460083008
868.9309360135418,278.71501661778933,19.63107681274414,58.00093460083008
869.9674890259175,278.86309561955727,19.63107681274414,58.00093460083008
870.7078840347573,279.899648631933,19.63107681274414,58.00093460083008
870.2636470294534,280.3438856372369,19.63107681274414,58.00093460083008
870.7078840347573,279.30733262486115,19.63107681274414,58.00093460083008
871.1521210400612,278.2707796124854,19.63107681274414,58.00093460083008
871.596358045365,276.64191059303784,19.63107681274414,58.00093460083008
870.2636470294534,275.3091995771262,19.63107681274414,58.00093460083008
869.5232520206137,273.3841725541427,19.63107681274414,58.00093460083008
869.9674890259175,272.93993554883883,19.63107681274414,58.00093460083008
869.2270940170778,272.7918565470709,19.63107681274414,58.00093460083008
868.190541004702,272.64377754530295,19.63107681274414,58.00093460083008
868.042462002934,272.7918565470709,19.63107681274414,58.00093460083008
868.7828570117738,273.5322515559107,19.63107681274414,58.00093460083008
868.3386200064699,273.68033055767864,19.63107681274414,58.00093460083008
868.4866990082379,274.1245675629825,19.63107681274414,58.00093460083008
867.7463039993982,272.7918565470709,19.63107681274414,58.00093460083008
868.190541004702,271.75530353469514,19.63107681274414,58.00093460083008
866.5616719852544,269.83027651171165,19.63107681274414,58.00093460083008
865.8212769764147,267.60909148519227,19.63107681274414,58.00093460083008
865.3770399711108,265.9802224657447,19.63107681274414,58.00093460083008
864.340486958735,266.4244594710486,19.63107681274414,58.00093460083008
863.8962499534312,265.09174845513695,19.63107681274414,58.00093460083008
864.6366449622709,265.5359854604408,19.63107681274414,58.00093460083008
863.6000919498952,266.5725384728166,19.63107681274414,58.00093460083008
863.8438190349145,266.39179847104396,20.065414428710938,59.28420639038086
862.78433228714,265.93773272199775,20.065414428710938,59.28420639038086
862.9356875368221,264.57553547485907,20.065414428710938,59.28420639038086
862.78433228714,264.12146972581286,20.065414428710938,59.28420639038086
862.3302665380938,261.8511409805817,20.065414428710938,59.28420639038086
862.78433228714,261.69978573089963,20.065414428710938,59.28420639038086
861.7248455393656,259.7321674850326,20.065414428710938,59.28420639038086
861.5734902896835,259.8835227347147,20.065414428710938,59.28420639038086
861.1194245406373,258.521325487576,20.065414428710938,59.28420639038086
862.481621787776,259.58081223535055,20.065414428710938,59.28420639038086
861.7248455393657,260.33758848376095,20.065414428710938,59.28420639038086
862.481621787776,259.88352273471475,20.065414428710938,59.28420639038086
863.4249948349757,260.3697640112001,19.637514114379883,58.019954681396484
864.165632601944,260.5178915645938,19.637514114379883,58.019954681396484
865.2025254756998,259.7772537976254,19.637514114379883,58.019954681396484
864.4618877087314,258.44410581708235,19.637514114379883,58.019954681396484
865.4987805824871,256.8147027297519,19.637514114379883,58.019954681396484
865.6469081358808,255.77780985599617,19.637514114379883,58.019954681396484
866.3875459028492,254.4446618754531,19.637514114379883,58.019954681396484
866.5356734562429,254.0002792152721,19.637514114379883,58.019954681396484
867.2763112232112,253.8521516618784,19.637514114379883,58.019954681396484
867.7206938833923,255.77780985599617,19.637514114379883,58.019954681396484
869.0538418639354,256.5184476229646,19.637514114379883,58.019954681396484
870.0907347376912,255.77780985599617,19.637514114379883,58.019954681396484
871.4238827182343,256.2221925161772,19.637514114379883,58.019954681396484
871.2757551648406,255.18529964242146,19.637514114379883,58.019954681396484
871.7201378250217,253.555896555091,19.637514114379883,58.019954681396484
872.7570306987774,253.11151389491,19.637514114379883,58.019954681396484
872.9051582521711,250.88960059400483,19.637514114379883,58.019954681396484
874.2383062327142,251.33398325418585,19.637514114379883,58.019954681396484
873.2014133589585,250.59334548721745,19.637514114379883,58.019954681396484
874.5345613395016,251.33398325418585,19.637514114379883,58.019954681396484
875.5714542132573,251.48211080757955,19.637514114379883,58.019954681396484
876.3120919802257,251.92649346776057,19.637514114379883,58.019954681396484
876.7564746404067,252.9633863415163,19.637514114379883,58.019954681396484
878.3858777277371,253.40776900169732,19.637514114379883,58.019954681396484
877.941495067556,252.9633863415163,19.637514114379883,58.019954681396484
879.2746430480992,252.8152587881226,19.637514114379883,58.019954681396484
879.1265154947055,251.18585570079216,19.637514114379883,58.019954681396484
880.1634083684612,249.2601975066744,19.637514114379883,58.019954681396484
880.3115359218549,248.51955973970598,19.637514114379883,58.019954681396484
878.9783879413118,247.77892197273758,19.637514114379883,58.019954681396484
880.3115359218549,248.2233046329186,19.637514114379883,58.019954681396484
879.2746430480992,248.0751770795249,19.637514114379883,58.019954681396484
880.0152808150675,249.70458016685535,19.637514114379883,58.019954681396484
880.7559185820359,250.74147304061108,19.637514114379883,58.019954681396484
879.4227706014927,250.00083527364268,19.637514114379883,58.019954681396484
879.8671532616738,249.55645261346166,19.637514114379883,58.019954681396484
880.3115359218549,249.70458016685535,19.637514114379883,58.019954681396484
879.2746430480992,248.0751770795249,19.637514114379883,58.019954681396484
879.1265154947055,246.44577399219446,19.637514114379883,58.019954681396484
879.5708981548865,245.70513622522606,19.637514114379883,58.019954681396484
878.2377501743434,245.55700867183236,19.637514114379883,58.019954681396484
877.2008573005877,245.40888111843867,19.637514114379883,58.019954681396484
877.5530186252632,245.88475419470308,19.218738555908203,56.78266143798828
877.4080499365624,246.89953501560882,19.218738555908203,56.78266143798828
876.103331738255,247.04450370430965,19.218738555908203,56.78266143798828
874.7986135399475,247.47940977041213,19.218738555908203,56.78266143798828
875.5234569834516,247.3344410817113,19.218738555908203,56.78266143798828
873.3489266529393,246.31966026080556,19.218738555908203,56.78266143798828
871.174396322427,245.01494206249816,19.218738555908203,56.78266143798828
869.579740746718,244.29009861899408,19.218738555908203,56.78266143798828
868.2476460004343,243.35853468783483,18.80889320373535,55.571754455566406
866.9707513106932,242.08163999809375,18.80889320373535,55.571754455566406
864.55883911896,242.50727156134076,18.80889320373535,55.571754455566406
862.9981900537209,241.51413124709768,18.80889320373535,55.571754455566406
861.1537866129838,242.79102593683876,18.80889320373535,55.571754455566406
859.5931375477447,244.63542937757592,18.80889320373535,55.571754455566406
857.4714953619522,245.05104919371541,19.225040435791016,56.8012809753418
855.5862844950888,244.32596809107565,19.225040435791016,56.8012809753418
854.2811385103372,243.6008869884359,19.225040435791016,56.8012809753418
852.3959276434738,243.45587076790792,19.225040435791016,56.8012809753418
851.0907816587222,241.5706599010445,19.225040435791016,56.8012809753418
849.4956032329147,241.13561123946062,19.225040435791016,56.8012809753418
847.3203599249954,239.2504003725972,19.225040435791016,56.8012809753418
845.435149058132,238.8153517110133,19.225040435791016,56.8012809753418
843.8399706323245,239.2504003725972,19.225040435791016,56.8012809753418
842.8248570886287,238.8153517110133,19.225040435791016,56.8012809753418
841.5197111038772,240.41053013682085,19.225040435791016,56.8012809753418
839.6345002370138,241.13561123946062,19.225040435791016,56.8012809753418
838.3293542522622,240.99059501893265,19.225040435791016,56.8012809753418
837.0242082675106,241.71567612157241,19.225040435791016,56.8012809753418
835.7190622827591,240.70056257787672,19.225040435791016,56.8012809753418
836.154110944343,240.55554635734876,19.225040435791016,56.8012809753418
834.2689000774795,238.9603679315412,19.225040435791016,56.8012809753418
834.8932135219333,237.46939973118407,18.815061569213867,55.5899772644043
833.6159001684227,237.0436286133472,18.815061569213867,55.5899772644043
833.6797249788776,237.22598401089851,18.4138240814209,54.404502868652344
834.0099423013986,237.67220254042832,18.021142959594727,53.24431228637695
832.7865262500399,238.35187812451653,18.021142959594727,53.24431228637695
834.0099423013986,240.66277511041648,18.021142959594727,53.24431228637695
832.5146560164045,239.43935905905767,18.021142959594727,53.24431228637695
834.0099423013986,240.66277511041648,18.021142959594727,53.24431228637695
834.233681412369,241.34305330300788,18.41986083984375,54.42234420776367
835.4841655438642,240.37045453406722,18.41986083984375,54.42234420776367
835.3452228625869,239.1199704025721,18.41986083984375,54.42234420776367
836.0399362689731,239.25891308384934,18.41986083984375,54.42234420776367
837.0125350379137,238.5641996774632,18.41986083984375,54.42234420776367
837.9851338068544,237.86948627107705,18.41986083984375,54.42234420776367
838.6798472132406,238.28631431490874,18.41986083984375,54.42234420776367
839.0966752570723,239.2589130838494,18.41986083984375,54.42234420776367
840.069274026013,240.23151185279005,18.41986083984375,54.42234420776367
840.7639874323992,241.2041106217307,18.41986083984375,54.42234420776367
841.1808154762309,241.6209386655624,18.41986083984375,54.42234420776367
842.1534142451716,242.03776670939408,18.41986083984375,54.42234420776367
842.5702422890033,241.89882402811685,18.41986083984375,54.42234420776367
842.431299607726,241.75988134683962,18.41986083984375,54.42234420776367
842.5702422890033,240.5093972153445,18.41986083984375,54.42234420776367
843.2649556953895,238.70314235874048,18.41986083984375,54.42234420776367
844.5154398268846,238.8420850400177,18.41986083984375,54.42234420776367
843.2649556953895,238.98102772129494,18.41986083984375,54.42234420776367
843.9596691017757,239.67574112768108,18.41986083984375,54.42234420776367
842.9507876489932,240.12210649702928,18.02705192565918,53.26177215576172
842.8924427840171,242.2133974691596,18.425899505615234,54.440189361572266
841.9195251227903,243.18631513038633,18.425899505615234,54.440189361572266
842.3364898347446,242.769350418432,18.425899505615234,54.440189361572266
840.8076192242454,242.90833865575013,18.425899505615234,54.440189361572266
841.5025604108359,242.4913739437958,18.425899505615234,54.440189361572266
840.251666274973,240.68452685866038,18.425899505615234,54.440189361572266
839.5567250883824,239.71160919743363,18.425899505615234,54.440189361572266
838.0278544778832,239.0166680108431,18.425899505615234,54.440189361572266
837.0549368166564,239.15565624816122,18.425899505615234,54.440189361572266
836.0820191554296,239.85059743475176,18.425899505615234,54.440189361572266
835.1091014942028,240.2675621467061,18.425899505615234,54.440189361572266
833.5802308837036,241.7964327572053,18.425899505615234,54.440189361572266
832.0513602732044,241.93542099452344,18.425899505615234,54.440189361572266
830.5224896627052,242.63036218111398,18.425899505615234,54.440189361572266
828.993619052206,243.04732689306832,18.425899505615234,54.440189361572266
828.2986778656154,242.90833865575019,18.425899505615234,54.440189361572266
825.9358778312076,241.93542099452344,18.425899505615234,54.440189361572266
825.240936644617,240.68452685866043,18.425899505615234,54.440189361572266
824.2317248567551,240.32725165689646,18.032960891723633,53.27923583984375
822.7354578725281,239.91917884301637,18.032960891723633,53.27923583984375
821.7832879734744,239.23905748654948,18.032960891723633,53.27923583984375
820.2870209892474,240.1912273856031,18.032960891723633,53.27923583984375
818.5187054624336,241.41544582724345,18.032960891723633,53.27923583984375
817.2944870207932,241.82351864112354,18.032960891723633,53.27923583984375
816.0702685791529,243.86388271052414,18.032960891723633,53.27923583984375
814.5740015949258,244.27195552440423,18.032960891723633,53.27923583984375
813.6218316958722,245.22412542345785,18.032960891723633,53.27923583984375
812.6696617968186,244.81605260957775,18.032960891723633,53.27923583984375
811.717491897765,243.0477370827639,18.032960891723633,53.27923583984375
810.4932734561246,242.367615726297,18.032960891723633,53.27923583984375
808.9970064718975,241.4154458272434,18.032960891723633,53.27923583984375
807.2286909450837,241.55147009853675,18.032960891723633,53.27923583984375
806.2765210460301,241.95954291241685,18.032960891723633,53.27923583984375
805.3243511469765,243.1837613540572,18.032960891723633,53.27923583984375
804.9162783330963,244.95207688087106,18.032960891723633,53.27923583984375
805.0523026043898,245.63219823733795,18.032960891723633,53.27923583984375
803.3004360147482,246.31292362542263,18.43194007873535,54.458038330078125
802.0491317400866,246.1738898171269,18.43194007873535,54.458038330078125
802.7443007815654,247.42519409178857,18.43194007873535,54.458038330078125
801.7710641234952,245.89582220053546,18.43194007873535,54.458038330078125
802.1881655483824,245.20065315905674,18.43194007873535,54.458038330078125
802.0491317400866,244.22741650098658,18.43194007873535,54.458038330078125
801.3539626986079,243.81031507609936,18.43194007873535,54.458038330078125
801.4164874118093,243.7209401222089,18.03887367248535,53.29670333862305
801.2804185413531,244.40128447448978,18.03887367248535,53.29670333862305
801.144349670897,245.89804204950775,18.03887367248535,53.29670333862305
800.7361430595284,248.2112128472628,18.03887367248535,53.29670333862305
801.6886251527217,249.9801081631931,18.03887367248535,53.29670333862305
802.0968317640902,250.1161770336493,18.03887367248535,53.29670333862305
800.8722119299846,251.0686591268426,18.03887367248535,53.29670333862305
801.660856704639,249.77320797402206,18.437984466552734,54.47589111328125
802.078094887284,248.52149342608686,18.437984466552734,54.47589111328125
802.4953330699291,247.82609645501174,18.437984466552734,54.47589111328125
801.5217773104239,247.96517584922674,18.437984466552734,54.47589111328125
802.217174281499,248.3824140318718,18.437984466552734,54.47589111328125
802.912571252574,248.2433346376568,18.437984466552734,54.47589111328125
802.773491858359,250.05136676245212,18.437984466552734,54.47589111328125
802.912571252574,251.58124009881737,18.437984466552734,54.47589111328125
803.0516506467891,251.99847828146244,18.437984466552734,54.47589111328125
802.912571252574,253.25019282939763,18.437984466552734,54.47589111328125
801.9871269396392,253.36902703491052,18.845924377441406,55.68117141723633
802.6979095686994,252.94255745747444,18.845924377441406,55.68117141723633
802.2714399912633,253.08471398328646,18.845924377441406,55.68117141723633
802.9822226203235,252.94255745747444,18.845924377441406,55.68117141723633
802.8400660945114,251.94746177679025,18.845924377441406,55.68117141723633
802.1292834654512,251.80530525097822,18.845924377441406,55.68117141723633
802.2714399912633,251.37883567354214,18.845924377441406,55.68117141723633
801.5132593858743,252.38359872626847,18.444028854370117,54.49375534057617
801.0958844006318,253.35747369183446,18.444028854370117,54.49375534057617
801.5132593858743,255.16609862788562,18.444028854370117,54.49375534057617
799.9828844399849,257.2529735540985,18.444028854370117,54.49375534057617
799.5655094547424,258.78334849998794,18.444028854370117,54.49375534057617
798.3133844990147,258.9224734950688,18.444028854370117,54.49375534057617
797.3395095334487,259.3398484803114,18.444028854370117,54.49375534057617
796.6438845580444,257.80947353442195,18.444028854370117,54.49375534057617
796.872874392587,256.77361037834606,18.852102279663086,55.69942855834961
795.0242336298257,257.4846260563312,18.852102279663086,55.69942855834961
794.3132179518407,256.77361037834606,18.852102279663086,55.69942855834961
793.3177960026616,257.4846260563312,18.852102279663086,55.69942855834961
792.6067803246765,258.48004800551035,18.852102279663086,55.69942855834961
791.3269521043032,259.4754699546895,18.852102279663086,55.69942855834961
791.4691552399003,261.03970444625674,18.852102279663086,55.69942855834961
790.4737332907212,262.60393893782395,18.852102279663086,55.69942855834961
789.478311341542,263.030548344615,18.852102279663086,55.69942855834961
788.767295663557,264.3103765649882,18.852102279663086,55.69942855834961
787.4874674431837,263.31495461580903,18.852102279663086,55.69942855834961
787.6296705787807,262.6039389378239,18.852102279663086,55.69942855834961
786.0654360872135,262.4617358022269,18.852102279663086,55.69942855834961
785.6388266804224,261.4663138530477,18.852102279663086,55.69942855834961
784.3589984600492,261.3241107174507,18.852102279663086,55.69942855834961
784.7856078668402,261.75072012424175,18.852102279663086,55.69942855834961
782.9369671040789,263.59936088700306,18.852102279663086,55.69942855834961
782.2259514260938,265.7324079209584,18.852102279663086,55.69942855834961
781.2797212533239,267.03419801444727,19.26920509338379,56.93177795410156
780.8436731134076,268.05164367425203,19.26920509338379,56.93177795410156
780.9890224933797,267.61559553433574,19.26920509338379,56.93177795410156
779.0994805537423,268.6330411941405,19.26920509338379,56.93177795410156
778.0820348939376,269.0690893340568,19.26920509338379,56.93177795410156
777.6459867540212,267.4702461543636,19.26920509338379,56.93177795410156
777.5006373740491,267.61559553433574,19.26920509338379,56.93177795410156
775.901794194356,267.17954739441944,19.26920509338379,56.93177795410156
774.593649774607,267.61559553433574,19.26920509338379,56.93177795410156
774.1576016346906,268.34234243419627,19.26920509338379,56.93177795410156
773.1401559748859,269.35978809400103,19.26920509338379,56.93177795410156
772.4134090750255,270.9586312736942,19.26920509338379,56.93177795410156
772.2680596950534,272.84817321333156,19.26920509338379,56.93177795410156
770.9599152753044,273.5749201131921,19.26920509338379,56.93177795410156
769.9424696154997,274.3016670130526,19.26920509338379,56.93177795410156
769.2157227156392,275.3191126728574,19.26920509338379,56.93177795410156
769.3610720956113,274.8830645329411,19.26920509338379,56.93177795410156
768.6343251957509,275.0284139129132,19.26920509338379,56.93177795410156
767.6168795359462,274.3016670130527,19.26920509338379,56.93177795410156
766.5614779930228,273.6478491416991,18.85828399658203,55.717689514160156
766.9882272750156,273.79009890236335,18.85828399658203,55.717689514160156
766.5037656283574,273.97287333801347,18.456125259399414,54.52949142456055
765.2508194533114,274.94738702971597,18.456125259399414,54.52949142456055
764.833170728296,276.7571981714492,18.456125259399414,54.52949142456055
763.5802245532499,279.1238742798696,18.456125259399414,54.52949142456055
763.5204902232592,280.9760674049534,18.86446762084961,55.735958099365234
762.5244154161278,282.2567350141224,18.86446762084961,55.735958099365234
761.5283406089964,281.5452530090285,18.86446762084961,55.735958099365234
760.8168586039025,282.2567350141224,18.86446762084961,55.735958099365234
759.5361909947335,280.6914746029159,18.86446762084961,55.735958099365234
759.6784873957523,281.4029566080098,18.86446762084961,55.735958099365234
757.8286341825083,280.6914746029159,18.86446762084961,55.735958099365234
756.8325593753768,281.4029566080098,18.86446762084961,55.735958099365234
755.8364845682454,282.3990314151412,18.86446762084961,55.735958099365234
755.1250025631515,283.39510622227266,18.86446762084961,55.735958099365234
754.1289277560201,284.67577383144163,18.86446762084961,55.735958099365234
753.1328529488886,286.24103424264814,18.86446762084961,55.735958099365234
752.1367781417572,286.95251624774204,18.86446762084961,55.735958099365234
750.8561105325882,289.3715550650612,18.86446762084961,55.735958099365234
750.4292213295319,290.36762987219265,18.86446762084961,55.735958099365234
749.1485537203629,289.65614786709875,18.86446762084961,55.735958099365234
747.5832933091564,290.36762987219265,18.86446762084961,55.735958099365234
746.3026256999874,289.65614786709875,18.86446762084961,55.735958099365234
745.5911436948935,290.36762987219265,18.86446762084961,55.735958099365234
744.2836041333196,291.6476892545953,18.462177276611328,54.54737091064453
743.0039481010397,293.43736344419204,18.068466186523438,53.384132385253906
741.7515810485377,295.18887201044146,17.683151245117188,52.24570083618164
740.2687922521046,296.64590056191435,17.306053161621094,51.13154602050781
738.5659790005883,300.08502279273057,16.936996459960938,50.0411491394043
737.6716779101631,301.4903530776844,16.936996459960938,50.0411491394043
736.7773768197379,302.89568336263824,16.936996459960938,50.0411491394043
736.6496195211057,305.06755743938504,16.936996459960938,50.0411491394043
734.4740310292212,305.70691188491855,17.31172752380371,51.14830780029297
732.776439953984,306.62099938696934,17.31172752380371,51.14830780029297
732.3846881673908,307.27391903129137,17.31172752380371,51.14830780029297
730.6870970921535,308.449174391071,17.31172752380371,51.14830780029297
731.3400167364755,309.6244297508506,17.31172752380371,51.14830780029297
730.4259292344246,311.3220208260878,17.31172752380371,51.14830780029297
728.7441289920848,313.0593665480694,17.69474983215332,52.279964447021484
727.5428711074701,315.3284092190084,17.69474983215332,52.279964447021484
728.2102365989227,317.59745188994737,17.69474983215332,52.279964447021484
726.4750863211459,318.7987097745621,17.69474983215332,52.279964447021484
725.5407746331123,320.2669138557579,17.69474983215332,52.279964447021484
724.0725705519164,322.53595652669685,17.69474983215332,52.279964447021484
722.6043664707206,323.47026821473054,17.69474983215332,52.279964447021484
721.937000979268,324.6715260993453,17.69474983215332,52.279964447021484
720.4687968980721,326.13973018054105,17.69474983215332,52.279964447021484
720.8692161929437,328.40877285148,17.69474983215332,52.279964447021484
719.4010121117478,329.8769769326758,17.69474983215332,52.279964447021484
718.7336466202952,332.1460196036148,17.69474983215332,52.279964447021484
717.5323887356805,334.1481160779727,17.69474983215332,52.279964447021484
718.4667004237141,336.95105114207377,17.69474983215332,52.279964447021484
716.7315501459373,338.9531476164317,17.69474983215332,52.279964447021484
714.9963998681604,341.75608268053276,17.69474983215332,52.279964447021484
714.3290343767078,344.2920715480528,17.69474983215332,52.279964447021484
713.6616688852552,347.09500661215384,17.69474983215332,52.279964447021484
712.1934648040593,349.3640492830928,17.69474983215332,52.279964447021484
711.7930455091878,351.09919956086964,17.69474983215332,52.279964447021484
710.3248414279919,354.16908082155174,17.69474983215332,52.279964447021484
709.9244221331204,356.4381234924907,17.69474983215332,52.279964447021484
708.7231642485057,358.17327377026754,17.69474983215332,52.279964447021484
707.788852560472,361.24315503094965,17.69474983215332,52.279964447021484
707.6553794621815,363.77914389846967,17.69474983215332,52.279964447021484
706.9880139707288,365.5142941762465,17.69474983215332,52.279964447021484
706.3206484792762,368.5841754369286,17.69474983215332,52.279964447021484
705.9202291844047,370.58627191128653,17.69474983215332,52.279964447021484
705.252863692952,372.0544759924823,17.69474983215332,52.279964447021484
705.1193905946615,374.8574110565834,17.69474983215332,52.279964447021484
704.5082072470695,380.2336334016281,18.086246490478516,53.4366569519043
703.5532239129382,382.2800262604812,18.086246490478516,53.4366569519043
703.1439453411675,384.59927150051465,18.086246490478516,53.4366569519043
702.5192398587221,386.6974301281051,18.486404418945312,54.61894226074219
702.1009059985511,389.3468779091884,18.486404418945312,54.61894226074219
702.2403506186081,392.55410417049967,18.486404418945312,54.61894226074219
701.264238278209,394.9246627114689,18.486404418945312,54.61894226074219
700.0092366976959,397.0163320123241,18.486404418945312,54.61894226074219
700.4275705578669,399.3868905532933,18.486404418945312,54.61894226074219
699.4514582174678,400.64189213380644,18.486404418945312,54.61894226074219
698.7542351171827,403.2913399148897,18.486404418945312,54.61894226074219
699.5624457499366,404.85722547053285,18.895416259765625,55.82738494873047
698.8497965885578,407.8503519483241,18.895416259765625,55.82738494873047
700.1325650790398,409.9882994324607,18.895416259765625,55.82738494873047
699.4199159176609,412.12624691659727,18.895416259765625,55.82738494873047
698.9923264208336,414.5492540652854,18.895416259765625,55.82738494873047
697.4244982658,417.82744020762823,18.895416259765625,55.82738494873047
695.571610446215,420.53550702086795,18.895416259765625,55.82738494873047
693.1486032975268,422.9585141695561,18.895416259765625,55.82738494873047
690.1554768197356,425.95164064734735,18.895416259765625,55.82738494873047
684.5968133609804,429.5148864542417,18.895416259765625,55.82738494873047
680.6909156849603,431.41116642044415,19.3134765625,57.062564849853516
677.0008923520136,433.6516943704404,19.740787506103516,58.3250732421875
671.0663594078126,434.705868638531,20.177553176879883,59.615516662597656
666.9569295645251,436.68448300752124,20.177553176879883,59.615516662597656
660.1078798257128,439.57630400835313,20.177553176879883,59.615516662597656
655.0852433505837,441.85932058795726,20.177553176879883,59.615516662597656
648.5405958223852,445.05554379940304,20.177553176879883,59.615516662597656
642.6047527154144,447.0341581683933,20.177553176879883,59.615516662597656
636.5118047770898,448.99011708473336,19.74726104736328,58.34419631958008
629.212991603354,454.5014658077583,19.74726104736328,58.34419631958008
621.9141784296182,457.331617854717,19.74726104736328,58.34419631958008
614.6153652558825,460.75759138524603,19.74726104736328,58.34419631958008
608.2102843075021,464.7793863993453,19.74726104736328,58.34419631958008
601.3465584625956,467.9974829059679,20.18416976928711,59.63506317138672
593.2772550134968,472.1082601347541,20.18416976928711,59.63506317138672
586.1214576152393,475.61003332964606,20.18416976928711,59.63506317138672
578.9656602169817,478.5028024906438,20.18416976928711,59.63506317138672
572.1143648356714,481.3955716516415,20.18416976928711,59.63506317138672
565.5675714713082,483.9838387956921,20.18416976928711,59.63506317138672
557.8027700391564,486.8766079566898,20.18416976928711,59.63506317138672
550.951474657846,489.76937711768744,20.18416976928711,59.63506317138672
544.1001792765356,492.6621462786851,20.18416976928711,59.63506317138672
538.1623899460667,496.4684214905242,20.18416976928711,59.63506317138672
532.8336046494919,500.27469670236326,20.18416976928711,59.63506317138672
526.7657814793156,505.1435977024423,20.63074493408203,60.954490661621094
521.007857683982,509.03408675334333,20.63074493408203,60.954490661621094
514.9386947645764,512.9245758042443,20.63074493408203,60.954490661621094
510.11448834145915,516.1925866070012,20.63074493408203,60.954490661621094
506.8464775387023,519.4605974097581,20.63074493408203,60.954490661621094
501.8166393206084,525.060361119219,20.19078826904297,59.65461730957031
499.83672725657897,527.3448750392529,20.19078826904297,59.65461730957031
496.94300962453605,529.9339908152913,20.19078826904297,59.65461730957031
492.901210652789,533.652784367643,19.76021385192871,58.38246536254883
488.87677790214036,537.379110988614,19.76021385192871,58.38246536254883
488.1942528257201,543.0735988768963,20.19740867614746,59.67417907714844
485.28373096914424,547.3134387311203,20.644275665283203,60.994468688964844
481.9856910593712,549.7083500169309,21.101030349731445,62.343971252441406
478.32485080102316,550.5041848557022,21.101030349731445,62.343971252441406
474.9823444781836,552.5733554365077,21.101030349731445,62.343971252441406
468.7748327357674,558.1441993079069,21.101030349731445,62.343971252441406
465.40382397515907,564.2250840992665,21.567890167236328,63.723331451416016
461.33661055226344,566.9907892268355,21.567890167236328,63.723331451416016
458.5709054246944,570.4072485020679,21.567890167236328,63.723331451416016
456.7813315186203,573.1729536296369,21.567890167236328,63.723331451416016
454.3410034648829,576.9147899787009,21.567890167236328,63.723331451416016
452.55142955880876,578.704363884775,21.567890167236328,63.723331451416016
450.76185565273465,581.1446919385124,21.567890167236328,63.723331451416016
447.991420288132,583.9843295480161,22.045080184936523,65.13320922851562
445.84978465461666,586.541746879619,22.532827377319336,66.57427978515625
442.9554015022343,589.8611109373524,23.0313663482666,68.04723358154297
440.71794992654355,593.2539140895168,23.540935516357422,69.55278015136719
438.7646646264612,596.6277705169318,23.540935516357422,69.55278015136719
436.1092487385441,601.2010214879607,24.061779022216797,71.09163665771484
437.1612097824384,602.109329780358,24.594146728515625,72.66453552246094
435.491567142023,605.634130910124,24.594146728515625,72.66453552246094
437.00547884215945,608.7334623808138,24.069669723510742,71.11494445800781
437.1870385097377,610.7306187241744,24.069669723510742,71.11494445800781
436.21870377636424,614.1138518518675,23.556377410888672,69.59839630126953
438.8840215710715,618.5560481763796,23.556377410888672,69.59839630126953
441.0199940275135,622.0261927749135,24.07756233215332,71.13825988769531
439.81148606893936,622.1813741267372,24.610279083251953,72.71219635009766
440.11703172531855,622.3399902597649,25.154781341552734,74.32095336914062
438.4607359305638,623.2895578057276,25.71133041381836,75.96530151367188
439.81833591029294,624.6471577854567,25.71133041381836,75.96530151367188
438.0728502220698,625.2289863481977,25.71133041381836,75.96530151367188
439.4304502017989,626.9744720364208,25.71133041381836,75.96530151367188
439.62439305604596,628.7199577246439,25.71133041381836,75.96530151367188
439.818335910293,631.241214829855,25.71133041381836,75.96530151367188
438.8486216390579,634.1503576435603,25.71133041381836,75.96530151367188
436.3273645338467,636.2837290402774,25.71133041381836,75.96530151367188
434.5818788456236,636.0897861860304,25.71133041381836,75.96530151367188
433.22427886589446,637.4473861657596,25.71133041381836,75.96530151367188
431.4787931776713,639.1928718539826,25.71133041381836,75.96530151367188
430.50907890643623,639.7747004167237,25.71133041381836,75.96530151367188
427.20641177969753,642.3550011449801,26.280193328857422,77.64603424072266
424.6293718610336,643.7426380242607,26.280193328857422,77.64603424072266
424.0346703413419,643.5444041843634,26.280193328857422,77.64603424072266
423.04350114185576,645.3285087434385,26.280193328857422,77.64603424072266
424.8276057009308,644.3373395439523,26.280193328857422,77.64603424072266
427.80111329938927,645.3285087434385,26.280193328857422,77.64603424072266
429.18875017866986,646.3196779429247,26.280193328857422,77.64603424072266
426.9850724982034,648.8672081719984,25.71976089477539,75.9902114868164
429.1191433772802,649.8372403897606,25.71976089477539,75.9902114868164
425.82103383688883,648.4791952848935,25.71976089477539,75.9902114868164
422.91093718360236,649.0612146155509,25.71976089477539,75.9902114868164
420.7768663045256,647.7031695106838,25.71976089477539,75.9902114868164
419.0308083125537,646.7331372929216,25.71976089477539,75.9902114868164
419.612827643211,646.1511179622643,25.71976089477539,75.9902114868164
419.80683408676344,648.6732017284459,25.71976089477539,75.9902114868164
417.2847503205818,649.643233946208,25.71976089477539,75.9902114868164
414.75407837745354,649.8925084168353,25.171279907226562,74.36969757080078
417.40155486340797,649.0384266956303,24.63449478149414,72.78374481201172
416.0522893825247,649.2771811585455,24.10915756225586,71.23161315917969
418.05272197681165,648.0041785985447,24.10915756225586,71.23161315917969
414.5974293139523,647.8223210899732,24.10915756225586,71.23161315917969
411.8695666853792,648.3678936156879,24.10915756225586,71.23161315917969
411.32399415966455,649.2771811585455,24.10915756225586,71.23161315917969
411.6233182347444,647.5457971333677,24.6425724029541,72.80760955810547
409.9503882812062,646.6163916036243,24.6425724029541,72.80760955810547
409.8706311716089,645.2324014806949,25.187789916992188,74.4184799194336
410.8205997986979,646.9423450094552,25.187789916992188,74.4184799194336
409.4906437207733,644.8524140298593,25.187789916992188,74.4184799194336
410.44061234786227,643.1424705010991,25.187789916992188,74.4184799194336
411.7705684257869,641.8125144231744,25.187789916992188,74.4184799194336
412.7205370528759,639.7225834435786,25.187789916992188,74.4184799194336
412.0734736338386,639.6004500248465,24.650651931762695,72.83148193359375
414.49072030978976,637.9269715568803,24.650651931762695,72.83148193359375
413.18912594581604,638.1129136088765,24.650651931762695,72.83148193359375
412.2594156858348,636.4394351409103,24.650651931762695,72.83148193359375
412.56546287394264,634.6691623514043,25.196046829223633,74.44287872314453
410.51208344202723,632.8597222730928,25.753509521484375,76.08992767333984
412.84728100119804,631.0102498179194,26.323305130004883,77.7734146118164
410.2660135570082,630.4145727154141,26.323305130004883,77.7734146118164
408.0587208241638,628.7558735036879,25.761953353881836,76.11487579345703
406.64770318559306,627.8817497097217,25.21257209777832,74.49170684814453
404.53354963585866,626.6596535307698,24.67490577697754,72.90315246582031
406.4112277068047,624.7460294651794,24.148706436157227,71.34847259521484
405.08856988138575,623.5755037266316,23.63372802734375,69.82694244384766
403.45046237317484,622.7735949763778,23.129732131958008,68.33786010742188
400.83341806323625,622.2501861143901,23.129732131958008,68.33786010742188
398.94843525385903,622.0372337339953,23.641477584838867,69.84983825683594
400.3520556601982,622.5596409158816,24.1645450592041,71.395263671875
397.6262968243399,619.3113925322938,24.699186325073242,72.97488403320312
398.31953597549364,617.9242231123412,25.245655059814453,74.5894546508789
396.6056640321499,615.4486303052892,25.245655059814453,74.5894546508789
397.17695467993116,612.5921770663829,25.245655059814453,74.5894546508789
395.79421593515997,611.3684803277785,24.70728302001953,72.99880981445312
394.8002298578437,610.1708796367885,24.18039321899414,71.44208526611328
396.288672546441,608.9988153887002,23.66473960876465,69.91856384277344
397.74537404822144,607.163534628485,23.16008186340332,68.42752838134766
400.0164552135841,604.5430563607588,23.16008186340332,68.42752838134766
400.54055086712935,602.2719751953961,23.16008186340332,68.42752838134766
401.55309067528697,599.8837465777405,23.67249870300293,69.94149017333984
401.1059537178503,597.8131998782472,24.196252822875977,71.48894500732422
401.78507695010325,595.6968406908006,24.73159408569336,73.07064056396484
403.253419021401,593.1465598759116,25.278779983520508,74.68733215332031
403.82545928888163,591.0490788951493,25.278779983520508,74.68733215332031
404.77885973468267,588.1888775577461,25.278779983520508,74.68733215332031
404.49703450084286,586.5959968976304,24.739702224731445,73.0946044921875
406.3796439074707,584.3176097537756,24.212120056152344,71.53584289550781
407.87003990453775,583.1440074856621,23.695789337158203,70.01032257080078
406.5721887689734,580.6172009198278,23.19046974182129,68.517333984375
409.01132649200787,579.4931204784442,22.695926666259766,67.05618286132812
411.2368926198599,577.6099491394925,22.695926666259766,67.05618286132812
413.2948436402261,575.9800528108117,23.198074340820312,68.53980255126953
415.3983266826747,573.5879084233121,23.711332321166992,70.05624389648438
417.17722236350966,572.2562192864358,24.235944747924805,71.60623931884766
418.6161367587057,570.1363886562394,24.772165298461914,73.1905288696289
416.5973020378905,567.1941948833567,25.320249557495117,74.80986785888672
418.3162380642819,565.4752588569653,25.320249557495117,74.80986785888672
420.4171598743158,562.6103654796462,25.320249557495117,74.80986785888672
419.03033545002313,560.2785156685203,24.78028678894043,73.21452331542969
420.19537739636934,559.437704279477,24.251840591430664,71.6531982421875
417.80914034425655,558.967463602464,23.734663009643555,70.12517547607422
418.5798998173066,557.4718814962652,23.228513717651367,68.6297378540039
420.6852761083685,555.6704296617905,22.733158111572266,67.16619110107422
420.43183082531016,553.2462765940633,22.248367309570312,65.73384857177734
421.6065807059892,551.7358838903331,22.248367309570312,65.73384857177734
421.1031164714125,550.2254911866029,22.248367309570312,65.73384857177734
419.5927237676823,547.372527190668,22.248367309570312,65.73384857177734
420.5654044086573,546.1230025663376,22.740612030029297,67.1882095336914
418.6785253458459,544.5791924240374,22.740612030029297,67.1882095336914
416.46932047760293,543.3020205424684,23.24374771118164,68.67475128173828
414.1900348951494,542.4253722415248,23.24374771118164,68.67475128173828
412.2614086330733,541.1980646202036,23.24374771118164,68.67475128173828
410.3123467945264,539.057447108082,22.74806785583496,67.21024322509766
408.07407202720947,538.6163671789274,22.262958526611328,65.77696228027344
405.55980563233334,537.2135204952817,21.78819465637207,64.37425231933594
403.4159766989913,536.7910505313652,21.32355499267578,63.0014533996582
401.00329464653635,537.5952778821835,21.32355499267578,63.0014533996582
398.5906125940814,535.8259777103832,21.32355499267578,63.0014533996582
397.8540887723596,533.9608827561467,21.795339584350586,64.3953628540039
396.0456428342582,531.8236284656632,21.795339584350586,64.3953628540039
393.58713070618484,530.9406873066931,22.27756118774414,65.82010650634766
391.0742237196394,528.9921508964152,22.77045249938965,67.27637481689453
388.50571912008485,527.7133057082048,23.274248123168945,68.76486206054688
385.51609990528783,526.0418779948822,23.7891902923584,70.28628540039062
382.4655522793337,526.5802099288741,23.7891902923584,70.28628540039062
379.7738926093741,527.118541862866,23.7891902923584,70.28628540039062
376.3644570274254,524.7857701489011,23.7891902923584,70.28628540039062
372.95502144547663,524.2474382149092,23.7891902923584,70.28628540039062
369.9224739085784,523.786171096839,23.281879425048828,68.78740692138672
366.6160570620315,522.9961997378783,22.78538703918457,67.32049560546875
363.0488307455927,522.5543955438881,22.299482345581055,65.8848648071289
360.5304404402361,521.1492490445469,21.823938369750977,64.47985076904297
362.0120195341641,519.6676699506189,21.823938369750977,64.47985076904297
360.20120064158544,518.5153306553416,21.823938369750977,64.47985076904297
358.3903817490068,516.7045117627629,21.823938369750977,64.47985076904297
355.92108325912676,515.5521724674855,21.823938369750977,64.47985076904297
353.7810245678974,512.4243943803042,21.823938369750977,64.47985076904297
351.97020567531877,509.9550958904242,21.823938369750977,64.47985076904297
352.4640653732948,508.8027565951469,21.823938369750977,64.47985076904297
350.32400668206543,508.30889689717094,21.823938369750977,64.47985076904297
352.79330517194546,508.1442769978456,21.823938369750977,64.47985076904297
350.32400668206543,508.30889689717094,21.823938369750977,64.47985076904297
347.8547081921854,507.48579740054424,21.823938369750977,64.47985076904297
345.05616990365473,507.3211775012189,21.823938369750977,64.47985076904297
347.03423881253417,505.628657466866,21.358535766601562,63.10479736328125
344.9326856692856,504.2828030602832,20.903059005737305,61.75906753540039
344.45966479311414,503.17908768254983,20.903059005737305,61.75906753540039
346.5094219231905,501.7600250540355,20.903059005737305,61.75906753540039
347.6131373009239,500.97165692708313,20.903059005737305,61.75906753540039
346.5639650966888,499.14334184975996,21.36553955078125,63.12548828125
348.3367487945635,497.0482338431807,21.36553955078125,63.12548828125
346.9299519133508,494.84505611607676,21.838253021240234,64.52214050292969
346.43576831229893,493.36250531292114,21.838253021240234,64.52214050292969
345.6121289772125,491.8799545097655,21.838253021240234,64.52214050292969
343.8001224400223,492.3741381108174,21.838253021240234,64.52214050292969
344.29430604107415,491.22104304169636,21.838253021240234,64.52214050292969
341.82338803581473,490.3974037066099,21.838253021240234,64.52214050292969
339.6746342093674,489.33886821876547,21.37254524230957,63.14618682861328
338.8148066834583,488.6136822018286,20.91676902770996,61.79957580566406
337.36501808547587,487.29566390619937,20.470712661743164,60.48168182373047
336.59295611321534,485.28830277832196,20.470712661743164,60.48168182373047
335.47174731026814,483.70072997838633,20.034168243408203,59.191890716552734
334.11167177759216,482.945132460233,20.034168243408203,59.191890716552734
331.5426402158709,481.58505692755705,20.034168243408203,59.191890716552734
328.67136964688837,481.1316984166651,20.034168243408203,59.191890716552734
326.40457709242844,480.07386189125043,20.034168243408203,59.191890716552734
324.44002354522985,479.9227423876198,20.034168243408203,59.191890716552734
321.8709919835086,479.1671448694665,20.034168243408203,59.191890716552734
319.3019604217873,479.9227423876198,20.034168243408203,59.191890716552734
316.73292886006607,478.26042784768254,20.034168243408203,59.191890716552734
311.14150722573163,479.01602536583584,20.034168243408203,59.191890716552734
304.9456075768745,476.4469938041146,20.034168243408203,59.191890716552734
301.77209800063065,475.6913962859613,20.034168243408203,59.191890716552734
295.2739593445122,476.4469938041146,20.034168243408203,59.191890716552734
291.798210761007,476.29587430048394,20.034168243408203,59.191890716552734
284.9978330976272,476.1447547968533,20.034168243408203,59.191890716552734
278.19745543424744,475.99363529322267,20.034168243408203,59.191890716552734
274.72170685074224,475.5402767823307,20.034168243408203,59.191890716552734
268.2235681946238,477.5048303295293,20.034168243408203,59.191890716552734
264.7478196111186,478.5626668549439,20.034168243408203,59.191890716552734
258.5519199622615,479.9227423876199,20.034168243408203,59.191890716552734
252.6582593206657,479.46938387672793,20.034168243408203,59.191890716552734
249.48474974442183,480.22498139488124,20.034168243408203,59.191890716552734
245.40452314639398,478.26042784768265,20.034168243408203,59.191890716552734
242.2310135701501,476.90035231500667,20.034168243408203,59.191890716552734
239.05750399390624,476.74923281137603,20.034168243408203,59.191890716552734
234.9772773958784,475.0869182714388,20.034168243408203,59.191890716552734
231.19928980511185,473.4246037315015,20.034168243408203,59.191890716552734
228.02578022886797,472.3667672060869,20.034168243408203,59.191890716552734
225.45674866714674,471.9134086951949,20.034168243408203,59.191890716552734
223.49219511994815,471.46005018430293,20.034168243408203,59.191890716552734
220.92316355822692,473.1223647242402,20.034168243408203,59.191890716552734
219.56308802555097,472.06452819882554,20.034168243408203,59.191890716552734
217.29629547109104,472.82012571697885,20.034168243408203,59.191890716552734
216.54069795293773,472.3667672060869,20.034168243408203,59.191890716552734
213.66942738395517,470.4022136588883,20.034168243408203,59.191890716552734
210.4959178077113,469.646616140735,20.034168243408203,59.191890716552734
207.62464723872873,468.58877961532033,20.034168243408203,59.191890716552734
205.3578546842688,467.833182097167,20.034168243408203,59.191890716552734
204.3000181588542,467.0775845790137,20.034168243408203,59.191890716552734
203.54442064070088,465.41527003907646,20.034168243408203,59.191890716552734
201.91171408646267,465.5443925123783,20.47742462158203,60.50151062011719
202.37510315440812,464.15422530854187,20.47742462158203,60.50151062011719
201.2938619958687,464.30868833119035,20.47742462158203,60.50151062011719
202.06617710911115,462.30066903676,20.47742462158203,60.50151062011719
204.3831224488385,461.2194278782206,20.47742462158203,60.50151062011719
205.15543756208095,460.1381867196812,20.47742462158203,60.50151062011719
207.16345685651132,458.1301674252508,20.47742462158203,60.50151062011719
208.24469801505074,455.8132220855235,20.47742462158203,60.50151062011719
209.0170131282932,453.49627674579614,20.47742462158203,60.50151062011719
208.24469801505074,451.48825745136577,20.47742462158203,60.50151062011719
209.32593917359017,449.4802381569354,20.47742462158203,60.50151062011719
207.62684592445677,448.090070953099,20.47742462158203,60.50151062011719
206.85453081121432,448.24453397574746,20.47742462158203,60.50151062011719
206.08221569797186,447.781144907802,20.47742462158203,60.50151062011719
205.00097453943243,447.31775583985655,20.47742462158203,60.50151062011719
202.6840291997051,446.5454407266141,20.47742462158203,60.50151062011719
200.36708385997775,447.31775583985655,20.47742462158203,60.50151062011719
197.74121247495344,446.23651468131715,20.47742462158203,60.50151062011719
195.73319318052307,446.6999037492626,20.47742462158203,60.50151062011719
193.7251738860927,445.0008105001292,20.47742462158203,60.50151062011719
191.0993025010684,444.53742143218375,20.47742462158203,60.50151062011719
188.78235716134105,443.1472542283473,20.47742462158203,60.50151062011719
185.84755973101974,443.6106432962928,20.47742462158203,60.50151062011719
183.22168834599543,442.83832818305035,20.47742462158203,60.50151062011719
180.9047430062681,443.91956934158975,20.47742462158203,60.50151062011719
176.11638930416493,444.07403236423824,20.47742462158203,60.50151062011719
173.18159187384362,444.84634747748066,20.47742462158203,60.50151062011719
170.2467944435223,444.3829584095352,20.47742462158203,60.50151062011719
167.311997013201,442.9927912056988,20.47742462158203,60.50151062011719
162.52364331109783,443.14725422834726,20.47742462158203,60.50151062011719
158.66206774488558,441.75708702451084,20.47742462158203,60.50151062011719
155.72727031456427,440.05799377537744,20.47742462158203,60.50151062011719
153.41032497483693,439.90353075272895,20.47742462158203,60.50151062011719
151.09337963510959,438.82228959418956,20.47742462158203,60.50151062011719
149.7032124312732,437.43212239035313,20.47742462158203,60.50151062011719
148.93089731803073,436.35088123181373,20.47742462158203,60.50151062011719
149.7032124312732,436.5053442544622,20.47742462158203,60.50151062011719
148.0041191821398,436.6598072771107,20.47742462158203,60.50151062011719
148.77643429538224,436.19641820916524,20.47742462158203,60.50151062011719
147.1076038389801,434.7258431071791,20.93048858642578,61.84010696411133
147.58124539005388,433.620679488007,20.93048858642578,61.84010696411133
147.1076038389801,431.88399380073656,20.93048858642578,61.84010696411133
148.21276745815223,430.77883018156444,20.93048858642578,61.84010696411133
149.00217004327516,429.35790552834317,20.93048858642578,61.84010696411133
150.10733366244727,426.98969777297435,20.93048858642578,61.84010696411133
151.52825831566855,424.62149001760554,20.93048858642578,61.84010696411133
152.94918296888983,422.5690432962859,20.93048858642578,61.84010696411133
153.1070634859144,421.46387967711377,20.93048858642578,61.84010696411133
154.5279881391357,420.6744770919908,20.93048858642578,61.84010696411133
156.26467382640615,420.51659657496623,20.93048858642578,61.84010696411133
157.68559847962743,418.7799108876958,20.93048858642578,61.84010696411133
157.21195692855366,418.30626933662205,20.93048858642578,61.84010696411133
159.58016468392248,416.2538226153024,20.93048858642578,61.84010696411133
160.6853283030946,414.51713692803196,20.93048858642578,61.84010696411133
160.84320882011917,412.7804512407615,20.93048858642578,61.84010696411133
162.57989450738964,410.4122434853927,20.93048858642578,61.84010696411133
163.68505812656176,407.72827469597473,20.93048858642578,61.84010696411133
164.79022174573387,406.30735004275346,20.93048858642578,61.84010696411133
165.5796243308568,404.2549033214338,20.93048858642578,61.84010696411133
165.42174381383222,402.8339786682125,20.93048858642578,61.84010696411133
166.8426684670535,402.67609815118794,20.93048858642578,61.84010696411133
165.73750484788138,401.886695566065,20.93048858642578,61.84010696411133
164.94810226275845,402.04457608308957,20.93048858642578,61.84010696411133
164.15869967763552,401.5709345320158,20.93048858642578,61.84010696411133
163.3692970925126,400.78153194689287,20.93048858642578,61.84010696411133
161.63261140524213,399.3606072936716,20.93048858642578,61.84010696411133
159.89592571797166,398.2554436744995,20.93048858642578,61.84010696411133
159.4222841668979,397.78180212342573,20.93048858642578,61.84010696411133
158.94864261582413,396.9923995383028,20.93048858642578,61.84010696411133
157.52771796260285,395.88723591913066,20.93048858642578,61.84010696411133
155.79103227533238,394.1505502318602,20.93048858642578,61.84010696411133
154.05434658806192,393.36114764673727,20.93048858642578,61.84010696411133
152.31766090079145,394.4663112659094,20.93048858642578,61.84010696411133
150.89673624757017,394.3084307488848,20.93048858642578,61.84010696411133
149.4758115943489,394.1505502318602,20.93048858642578,61.84010696411133
147.42336487302927,393.6769086807865,20.93048858642578,61.84010696411133
145.6866791857588,394.1505502318602,20.93048858642578,61.84010696411133
143.94999349848834,392.4138645445898,20.93048858642578,61.84010696411133
142.49925367820074,391.7036785728805,20.484140396118164,60.52134704589844
141.4176580060881,390.3130555658785,20.484140396118164,60.52134704589844
140.64508966886476,387.9953505542085,20.484140396118164,60.52134704589844
141.10863067119874,387.5318095518745,20.484140396118164,60.52134704589844
141.57217167353272,385.8321592099832,20.484140396118164,60.52134704589844
141.72668534097738,384.75056353787056,20.484140396118164,60.52134704589844
143.11730834797936,383.97799520064723,20.484140396118164,60.52134704589844
144.8169586898707,383.2054268634239,20.484140396118164,60.52134704589844
145.28049969220467,383.3599405308686,20.484140396118164,60.52134704589844
146.053068029428,381.6602901889773,20.484140396118164,60.52134704589844
148.37077304109798,380.57869451686463,20.484140396118164,60.52134704589844
149.45236871321063,378.87904417497333,20.484140396118164,60.52134704589844
152.07910105976995,377.48842116797135,20.484140396118164,60.52134704589844
155.0148607412186,374.2436341516334,20.484140396118164,60.52134704589844
157.95062042266724,371.61690180507406,20.484140396118164,60.52134704589844
160.2683254343372,369.6082241282934,20.484140396118164,60.52134704589844
162.5860304460072,367.9085737864021,20.484140396118164,60.52134704589844
166.75789946701315,366.2089234445108,20.484140396118164,60.52134704589844
170.31171381824046,365.12732777239813,20.484140396118164,60.52134704589844
174.1745555043571,364.0457321002855,20.484140396118164,60.52134704589844
178.34642452536306,362.6551090932835,20.484140396118164,60.52134704589844
181.59121154170103,360.6464314165028,20.484140396118164,60.52134704589844
185.45405322781767,358.3287264048328,20.484140396118164,60.52134704589844
189.3168949139343,355.7019940582735,20.484140396118164,60.52134704589844
192.56168193027227,354.0023437163822,20.484140396118164,60.52134704589844
196.4245236163889,351.3756113698229,20.484140396118164,60.52134704589844
199.97833796761623,348.1308243534849,20.484140396118164,60.52134704589844
205.38631632817953,345.5040920069256,20.484140396118164,60.52134704589844
208.94013067940685,342.87735966036627,20.484140396118164,60.52134704589844
213.73005437019148,341.4867366533643,20.484140396118164,60.52134704589844
217.59289605630812,340.0961136463623,20.484140396118164,60.52134704589844
221.76476507731408,339.9415999789176,20.484140396118164,60.52134704589844
226.5546887680987,338.2419496370263,20.484140396118164,60.52134704589844
229.79947578443668,336.542299295135,20.484140396118164,60.52134704589844
232.73523546588532,335.46070362302237,20.484140396118164,60.52134704589844
236.59807715200196,333.4520259462417,20.484140396118164,60.52134704589844
239.5338368334506,331.7523756043504,20.484140396118164,60.52134704589844
244.63278785912456,329.4346705926804,20.484140396118164,60.52134704589844
248.49562954524117,326.80793824612107,20.484140396118164,60.52134704589844
251.74041656157914,324.7992605693404,20.484140396118164,60.52134704589844
255.60325824769575,323.0996102274491,20.484140396118164,60.52134704589844
258.8480452640337,322.6360692251151,20.484140396118164,60.52134704589844
263.328941619929,320.9364188832238,20.484140396118164,60.52134704589844
266.3770047659776,320.5392341082218,20.04730987548828,59.230712890625
269.8550329557389,319.1782665557065,20.04730987548828,59.230712890625
271.6720721925312,319.3725634615469,19.619794845581055,57.96760177612305
272.41204136449113,317.152655945667,19.619794845581055,57.96760177612305
274.03997354280307,314.93274842978707,19.619794845581055,57.96760177612305
275.371918052331,314.7847545953951,19.619794845581055,57.96760177612305
274.03997354280307,312.5648470795152,19.619794845581055,57.96760177612305
273.8919797084111,310.93691490120324,19.619794845581055,57.96760177612305
272.85602286766715,310.78892106681127,19.619794845581055,57.96760177612305
270.34012768300323,309.7529642260673,19.619794845581055,57.96760177612305
267.5282448295553,310.4929333980273,19.619794845581055,57.96760177612305
264.42037430732347,310.3449395636353,19.619794845581055,57.96760177612305
260.42454077873964,310.78892106681127,19.619794845581055,57.96760177612305
255.83673191258782,311.5288902387712,19.619794845581055,57.96760177612305
249.7689847025161,312.5648470795152,19.619794845581055,57.96760177612305
243.70123749244433,313.00882858269114,19.619794845581055,57.96760177612305
238.22546561994056,313.1568224170831,19.619794845581055,57.96760177612305
232.1577184098688,312.41685324512315,19.619794845581055,57.96760177612305
227.273921874933,313.1568224170831,19.619794845581055,57.96760177612305
219.13426098337334,312.71284091390714,19.619794845581055,57.96760177612305
213.06651377330158,313.7487977546511,19.619794845581055,57.96760177612305
206.99876656322982,314.78475459539504,19.619794845581055,57.96760177612305
201.22700702194206,315.820711436139,19.619794845581055,57.96760177612305
194.8632721430863,317.15265594566694,19.619794845581055,57.96760177612305
188.49953726423055,317.5966374488429,19.619794845581055,57.96760177612305
183.02376539172678,318.04061895201886,19.619794845581055,57.96760177612305
179.02793186314295,317.5966374488429,19.619794845581055,57.96760177612305
174.44012299699114,318.33660662080285,19.619794845581055,57.96760177612305
171.33225247475926,317.0046621112749,19.619794845581055,57.96760177612305
168.52036962131137,316.85666827688294,19.619794845581055,57.96760177612305
166.59644977421544,314.932748429787,19.619794845581055,57.96760177612305
165.8564806022555,314.19277925782706,19.619794845581055,57.96760177612305
166.00447443664748,312.5648470795151,19.619794845581055,57.96760177612305
167.04043127739143,312.41685324512315,19.619794845581055,57.96760177612305
167.7804004493514,311.6768840731632,19.619794845581055,57.96760177612305
169.11234495887933,311.82487790755516,19.619794845581055,57.96760177612305
171.33225247475923,311.6768840731632,19.619794845581055,57.96760177612305
172.2546747247551,311.0111699048235,19.201396942138672,56.73142623901367
174.71691768680628,310.2869807983378,19.201396942138672,56.73142623901367
179.20689014701728,307.5350621936924,19.201396942138672,56.73142623901367
181.95880875166273,305.94184615942396,19.201396942138672,56.73142623901367
184.71072735630818,304.3486301251555,19.201396942138672,56.73142623901367
188.3316728887364,301.88638716310436,19.201396942138672,56.73142623901367
191.08359149338185,300.2931711288359,19.201396942138672,56.73142623901367
194.99421266840432,298.4102794519732,19.201396942138672,56.73142623901367
197.74613127304977,297.3964147028933,19.201396942138672,56.73142623901367
201.36707680547798,296.9619012390019,19.201396942138672,56.73142623901367
204.11899541012343,296.5273877751105,19.201396942138672,56.73142623901367
206.58123837217462,294.9341717408421,19.201396942138672,56.73142623901367
209.91250826200857,293.6306313491679,19.201396942138672,56.73142623901367
212.66442686665403,291.7477396723052,19.201396942138672,56.73142623901367
216.28537239908223,289.8648479954425,19.201396942138672,56.73142623901367
219.32696664632192,287.9819563185798,19.201396942138672,56.73142623901367
222.07888525096737,286.0990646417171,19.201396942138672,56.73142623901367
225.98950642598984,284.2161729648544,19.201396942138672,56.73142623901367
229.3207763158238,282.3332812879917,19.201396942138672,56.73142623901367
232.65204620565774,281.3194165389118,19.201396942138672,56.73142623901367
235.9833160954917,280.59522743242616,19.201396942138672,56.73142623901367
238.15588341494862,280.450389611129,19.201396942138672,56.73142623901367
241.1974776621883,279.4365248620491,19.201396942138672,56.73142623901367
243.6597206242395,278.4226601129692,19.201396942138672,56.73142623901367
246.99099051407347,276.5397684361065,19.201396942138672,56.73142623901367
249.7429091187189,275.5259036870266,19.201396942138672,56.73142623901367
252.78450336595859,273.93268765275815,19.201396942138672,56.73142623901367
256.69512454098106,271.76012033330124,19.201396942138672,56.73142623901367
259.1573675030322,270.1669042990328,19.201396942138672,56.73142623901367
261.0402591798949,268.57368826476437,19.201396942138672,56.73142623901367
263.2128264993518,268.139174800873,19.201396942138672,56.73142623901367
265.3853938188087,267.4149856943873,19.201396942138672,56.73142623901367
267.2682854956714,267.8494991582787,19.201396942138672,56.73142623901367
267.7027989595628,267.7046613369816,19.201396942138672,56.73142623901367
268.7166637086427,266.4011209453074,19.201396942138672,56.73142623901367
268.5718258873456,265.67693183882176,19.201396942138672,56.73142623901367
269.29601499383125,264.9527427323361,19.201396942138672,56.73142623901367
268.5718258873456,263.64920234066193,19.201396942138672,56.73142623901367
268.7166637086427,262.0559863063935,19.201396942138672,56.73142623901367
268.28215024475134,260.7524459147193,19.201396942138672,56.73142623901367
267.5579611382657,259.7385811656394,19.201396942138672,56.73142623901367
267.41312331696855,259.5937433443423,19.201396942138672,56.73142623901367
265.24055599751165,259.1592298804509,19.201396942138672,56.73142623901367
264.22669124843173,258.4350407739652,19.201396942138672,56.73142623901367
262.34379957156904,259.1592298804509,19.201396942138672,56.73142623901367
260.7505835373006,259.5937433443423,19.201396942138672,56.73142623901367
258.5780162178437,260.02825680823366,19.201396942138672,56.73142623901367
257.2744758261695,259.5937433443423,19.201396942138672,56.73142623901367
255.39158414930682,258.57987859526236,19.201396942138672,56.73142623901367
253.7983681150384,257.8556894887767,19.201396942138672,56.73142623901367
252.78450336595847,257.13150038229105,19.201396942138672,56.73142623901367
251.19128733169003,256.69698691839966,19.201396942138672,56.73142623901367
249.30839565482734,255.972797811914,19.201396942138672,56.73142623901367
249.1635578335302,256.69698691839966,19.201396942138672,56.73142623901367
247.57034179926177,255.972797811914,19.201396942138672,56.73142623901367
247.4255039779647,257.2763382035882,19.201396942138672,56.73142623901367
246.12196358629052,256.55214909710253,19.201396942138672,56.73142623901367
243.65972062423933,256.9866625609939,19.201396942138672,56.73142623901367
242.35618023256518,257.4211760248853,19.201396942138672,56.73142623901367
241.3423154834853,255.82795999061688,19.201396942138672,56.73142623901367
240.03877509181115,256.55214909710253,19.201396942138672,56.73142623901367
240.18361291310828,254.9589330628341,19.201396942138672,56.73142623901367
240.03877509181115,253.0760413859714,19.201396942138672,56.73142623901367
239.89393727051402,251.77250099429722,19.201396942138672,56.73142623901367
240.9078020195939,250.7586362452173,19.201396942138672,56.73142623901367
240.4732885557025,249.7447714961374,19.201396942138672,56.73142623901367
242.06650458997092,249.02058238965174,19.201396942138672,56.73142623901367
242.96925584985263,250.04429853712128,18.791921615600586,55.521610260009766
244.2449978500417,250.4695458705176,18.791921615600586,55.521610260009766
244.95374340570228,249.76080031485702,18.791921615600586,55.521610260009766
245.9459871836271,249.6190512037249,18.791921615600586,55.521610260009766
246.9382309615519,248.9103056480643,18.791921615600586,55.521610260009766
247.64697651721247,248.20156009240372,18.791921615600586,55.521610260009766
247.22172918381614,247.49281453674314,18.791921615600586,55.521610260009766
248.21397296174098,245.65007609202559,18.791921615600586,55.521610260009766
248.6392202951373,244.941330536365,18.791921615600586,55.521610260009766
247.3634782949482,244.23258498070442,18.791921615600586,55.521610260009766
248.35572207287305,244.0908358695723,18.791921615600586,55.521610260009766
248.78096940626938,244.23258498070442,18.791921615600586,55.521610260009766
247.50522740608028,244.941330536365,18.791921615600586,55.521610260009766
247.64697651721247,244.79958142523287,18.791921615600586,55.521610260009766
245.8042380724949,243.80733764730803,18.791921615600586,55.521610260009766
243.96149962777739,244.23258498070436,18.791921615600586,55.521610260009766
242.96925584985257,244.3743340918365,18.791921615600586,55.521610260009766
242.54400851645622,242.24809742485473,18.791921615600586,55.521610260009766
242.68575762758834,240.9723554246657,18.791921615600586,55.521610260009766
239.9925245160781,240.83060631353356,18.791921615600586,55.521610260009766
238.4332842936248,238.987867868816,18.791921615600586,55.521610260009766
238.29153518249268,239.41311520221234,18.791921615600586,55.521610260009766
236.73229496003938,238.4208714242875,18.791921615600586,55.521610260009766
234.88955651532186,237.99562409089117,18.791921615600586,55.521610260009766
234.18081095966127,238.70436964655175,18.791921615600586,55.521610260009766
232.33807251494375,238.56262053541963,18.791921615600586,55.521610260009766
231.03556211506861,239.29125286805322,18.391178131103516,54.33759689331055
229.2321206227264,240.5397892858286,18.391178131103516,54.33759689331055
227.7061316676676,240.12361047990345,18.391178131103516,54.33759689331055
225.90269017532538,241.0946943603954,18.391178131103516,54.33759689331055
223.82179614569972,240.12361047990345,18.391178131103516,54.33759689331055
222.29580719064091,239.4299791366949,18.391178131103516,54.33759689331055
221.32472331014895,237.90399018163612,18.391178131103516,54.33759689331055
219.2438292805233,237.76526391299439,18.391178131103516,54.33759689331055
218.82765047459816,237.07163256978583,18.391178131103516,54.33759689331055
217.02420898225594,238.0427164502778,18.391178131103516,54.33759689331055
216.05312510176398,238.18144271891953,18.391178131103516,54.33759689331055
215.35949375855543,239.1525265994115,18.391178131103516,54.33759689331055
214.11095734078003,239.84615794262004,18.391178131103516,54.33759689331055
213.6947785348549,239.1525265994115,18.391178131103516,54.33759689331055
212.16878957979608,239.56870540533663,18.391178131103516,54.33759689331055
212.58496838572123,238.32016898756126,18.391178131103516,54.33759689331055
212.44624211707952,238.458895256203,18.391178131103516,54.33759689331055
212.58496838572123,236.10054868929393,18.391178131103516,54.33759689331055
213.5560522662132,235.9618224206522,18.391178131103516,54.33759689331055
214.52713614670515,234.15838092830995,18.391178131103516,54.33759689331055
215.4982200271971,234.01965465966822,18.391178131103516,54.33759689331055
216.46930390768907,233.32602331645967,18.391178131103516,54.33759689331055
217.71784032546446,233.4647495851014,18.391178131103516,54.33759689331055
219.11734724854733,232.84072293240428,17.998981475830078,53.1788330078125
220.6107940295043,232.97649082158216,17.998981475830078,53.1788330078125
221.018097697038,232.29765137569262,17.998981475830078,53.1788330078125
222.78308025635076,232.16188348651474,17.998981475830078,53.1788330078125
224.0049912589519,231.4830440406252,17.998981475830078,53.1788330078125
225.22690226155302,232.16188348651474,17.998981475830078,53.1788330078125
227.5349563775774,229.85382937049036,17.998981475830078,53.1788330078125
229.02840315853436,229.98959725966824,17.998981475830078,53.1788330078125
230.79338571784712,227.95307892199972,17.998981475830078,53.1788330078125
232.55836827715987,227.00270369775438,17.998981475830078,53.1788330078125
234.59488661482843,226.32386425186488,17.998981475830078,53.1788330078125
237.44601228756443,227.00270369775438,17.998981475830078,53.1788330078125
240.29713796030043,226.59540003022067,17.998981475830078,53.1788330078125
242.333656297969,227.27423947611018,17.998981475830078,53.1788330078125
244.37017463563754,226.32386425186485,17.998981475830078,53.1788330078125
246.1351571949503,225.91656058433114,17.998981475830078,53.1788330078125
248.17167553261885,224.15157802501838,17.998981475830078,53.1788330078125
250.75126542699905,223.74427435748467,17.998981475830078,53.1788330078125
252.7877837646676,222.79389913323934,17.998981475830078,53.1788330078125
254.82430210233616,221.843523908994,17.998981475830078,53.1788330078125
257.13235621836054,220.89314868474867,17.998981475830078,53.1788330078125
259.9834818910965,219.67123768214753,17.998981475830078,53.1788330078125
262.2915360071209,218.99239823625803,17.998981475830078,53.1788330078125
265.1426616798569,218.31355879036852,17.998981475830078,53.1788330078125
267.1791800175254,218.44932667954643,17.998981475830078,53.1788330078125
269.215698355194,218.31355879036852,17.998981475830078,53.1788330078125
271.52375247121836,217.9062551228348,17.998981475830078,53.1788330078125
273.28873503053114,217.7704872336569,17.998981475830078,53.1788330078125
275.5967891465555,217.09164778776739,17.998981475830078,53.1788330078125
277.3617717058683,215.32666522845463,17.998981475830078,53.1788330078125
280.2128973786043,214.64782578256512,17.998981475830078,53.1788330078125
282.7924872729845,213.425914779964,17.998981475830078,53.1788330078125
284.5574698322973,212.47553955571865,17.998981475830078,53.1788330078125
286.5939881699658,212.33977166654074,17.998981475830078,53.1788330078125
288.3589707292786,211.66093222065123,17.998981475830078,53.1788330078125
291.2100964020146,212.33977166654074,17.998981475830078,53.1788330078125
293.7896862963948,212.20400377736283,17.998981475830078,53.1788330078125
294.7400615206401,212.33977166654074,17.998981475830078,53.1788330078125
295.6904367448854,212.47553955571865,17.998981475830078,53.1788330078125
296.36927619077494,212.06823588818494,17.998981475830078,53.1788330078125
297.5911871933761,211.66093222065123,17.998981475830078,53.1788330078125
297.4554193041982,211.25362855311752,17.998981475830078,53.1788330078125
299.220401863511,209.76018177216056,17.998981475830078,53.1788330078125
299.35616975268886,209.89594966133848,17.998981475830078,53.1788330078125
300.30654497693416,208.94557443709314,17.998981475830078,53.1788330078125
300.1707770877563,207.45212765613618,17.998981475830078,53.1788330078125
300.30654497693416,207.8594313236699,17.998981475830078,53.1788330078125
300.1707770877563,207.9951992128478,17.998981475830078,53.1788330078125
299.220401863511,207.5878955453141,17.998981475830078,53.1788330078125
298.23457278459443,208.2857842070435,17.615148544311523,52.044776916503906
297.5702097943582,209.74738278556316,17.615148544311523,52.044776916503906
297.1715920002165,209.34876499142143,17.615148544311523,52.044776916503906
295.44424822560234,210.01312798165765,17.615148544311523,52.044776916503906
295.0456304314606,209.8802553836104,17.615148544311523,52.044776916503906
293.8497770490354,209.2158923933742,17.615148544311523,52.044776916503906
292.38817847051575,209.34876499142143,17.615148544311523,52.044776916503906
291.45807028418506,208.9501471972797,17.615148544311523,52.044776916503906
290.52796209785436,208.2857842070435,17.615148544311523,52.044776916503906
289.59785391152366,209.2158923933742,17.615148544311523,52.044776916503906
288.4020005290985,209.61451018751592,17.615148544311523,52.044776916503906
286.9404019505788,210.01312798165765,17.615148544311523,52.044776916503906
284.94731297987016,210.67749097189386,17.615148544311523,52.044776916503906
283.751459597445,210.8103635699411,17.615148544311523,52.044776916503906
282.0241158228308,211.20898136408283,17.615148544311523,52.044776916503906
281.0940076365001,211.87334435431904,17.615148544311523,52.044776916503906
282.5556062150198,210.41174577579937,17.615148544311523,52.044776916503906
283.751459597445,209.48163758946868,17.615148544311523,52.044776916503906
283.8843321954922,206.95705822657106,17.615148544311523,52.044776916503906
285.0801855779174,207.3556760207128,17.615148544311523,52.044776916503906
286.80752935253156,207.75429381485452,17.615148544311523,52.044776916503906
288.00338273495674,206.29269523633485,17.615148544311523,52.044776916503906
290.79370729394884,206.95705822657106,17.615148544311523,52.044776916503906
292.2553058724685,207.0899308246183,17.615148544311523,52.044776916503906
294.24839484317715,206.95705822657106,17.615148544311523,52.044776916503906
295.9757386177913,206.55844043242934,17.615148544311523,52.044776916503906
297.437337196311,205.62833224609864,17.615148544311523,52.044776916503906
299.6961713631141,205.4954596480514,17.615148544311523,52.044776916503906
301.1577699416338,204.2996062656262,17.615148544311523,52.044776916503906
303.1508589123424,204.96396925586242,17.615148544311523,52.044776916503906
304.87820268695657,203.50237067734275,17.615148544311523,52.044776916503906
306.07405606938175,202.83800768710654,17.615148544311523,52.044776916503906
307.5356546479014,203.50237067734275,17.615148544311523,52.044776916503906
309.2629984225156,203.10375288320103,17.615148544311523,52.044776916503906
309.3958710205628,204.2996062656262,17.615148544311523,52.044776916503906
310.06023401079904,204.96396925586242,17.615148544311523,52.044776916503906
309.6616162166573,204.83109665781518,17.615148544311523,52.044776916503906
310.591724402988,205.4954596480514,17.615148544311523,52.044776916503906
309.3958710205628,205.09684185390967,17.615148544311523,52.044776916503906
310.06023401079904,204.43247886367345,17.615148544311523,52.044776916503906
309.13012582446834,204.5653514617207,17.615148544311523,52.044776916503906
308.4657628342321,202.30651729491757,17.615148544311523,52.044776916503906
308.59863543227937,202.97088028515378,17.615148544311523,52.044776916503906
308.20001763813764,202.30651729491757,17.615148544311523,52.044776916503906
307.00416425571245,202.97088028515378,17.615148544311523,52.044776916503906
306.33980126547624,202.57226249101205,17.615148544311523,52.044776916503906
305.67543827524,203.23662548124827,17.615148544311523,52.044776916503906
304.47958489281484,204.69822405976794,17.615148544311523,52.044776916503906
303.0179863142952,204.83109665781518,17.615148544311523,52.044776916503906
301.82213293187,204.96396925586242,17.615148544311523,52.044776916503906
301.1577699416338,205.36258705000415,17.615148544311523,52.044776916503906
300.49340695139756,206.29269523633485,17.615148544311523,52.044776916503906
300.6262795494448,205.09684185390967,17.615148544311523,52.044776916503906
299.4304261670196,204.43247886367345,17.615148544311523,52.044776916503906
299.2975535689724,204.83109665781518,17.615148544311523,52.044776916503906
298.63319057873616,203.90098847148448,17.615148544311523,52.044776916503906
299.0318083728779,204.83109665781518,17.615148544311523,52.044776916503906
297.8359549904527,206.02695004024037,17.615148544311523,52.044776916503906
297.437337196311,206.95705822657106,17.615148544311523,52.044776916503906
298.1017001865472,207.62142121680728,17.615148544311523,52.044776916503906
297.1715920002165,207.75429381485452,17.615148544311523,52.044776916503906
297.30446459826373,208.41865680509073,17.615148544311523,52.044776916503906
297.96882758849995,209.08301979532695,17.615148544311523,52.044776916503906
298.1017001865472,208.41865680509073,17.615148544311523,52.044776916503906
298.5003179806889,209.08301979532695,17.615148544311523,52.044776916503906
299.16468097092513,207.3556760207128,17.615148544311523,52.044776916503906
299.2975535689724,207.48854861876003,17.615148544311523,52.044776916503906
300.75915214749205,206.55844043242934,17.615148544311523,52.044776916503906
301.42351513772826,206.69131303047658,17.615148544311523,52.044776916503906
302.88511371624793,207.3556760207128,17.615148544311523,52.044776916503906
302.4864959221062,208.2857842070435,17.615148544311523,52.044776916503906
304.47958489281484,208.9501471972797,17.615148544311523,52.044776916503906
305.9411834713345,208.81727459923246,17.615148544311523,52.044776916503906
307.4027820498542,208.9501471972797,17.615148544311523,52.044776916503906
308.86438062837385,209.08301979532695,17.615148544311523,52.044776916503906
309.79448881470455,208.68440200118522,17.615148544311523,52.044776916503906
310.99034219712973,208.020039010949,17.615148544311523,52.044776916503906
312.4519407756494,207.3556760207128,17.615148544311523,52.044776916503906
314.17928455026356,207.48854861876003,17.615148544311523,52.044776916503906
315.37513793268874,206.82418562852382,17.615148544311523,52.044776916503906
316.8367365112084,208.2857842070435,17.615148544311523,52.044776916503906
317.7668446975391,209.2158923933742,17.615148544311523,52.044776916503906
319.2284432760588,210.41174577579937,17.615148544311523,52.044776916503906
320.95578705067294,210.8103635699411,17.615148544311523,52.044776916503906
321.88589523700364,210.41174577579937,17.615148544311523,52.044776916503906
321.2215322467674,211.0761087660356,17.615148544311523,52.044776916503906
322.9488760213816,211.20898136408283,17.615148544311523,52.044776916503906
324.9419649920902,211.34185396213007,17.615148544311523,52.044776916503906
325.43637446036604,209.80112208990573,18.0048828125,53.196266174316406
326.22353335076383,210.19897586555746,18.403240203857422,54.373233795166016
326.63998511193495,209.5048895969389,18.403240203857422,54.373233795166016
326.77880236565863,208.2555343134255,18.403240203857422,54.373233795166016
328.3057921566195,209.5048895969389,18.403240203857422,54.373233795166016
328.7222439177906,209.64370685066262,18.403240203857422,54.373233795166016
329.69396469385657,209.78252410438634,18.403240203857422,54.373233795166016
330.1104164550277,209.92134135811006,18.403240203857422,54.373233795166016
330.80450272364624,210.6154276267286,18.403240203857422,54.373233795166016
331.22095448481736,210.75424488045232,18.403240203857422,54.373233795166016
332.47030976833076,210.6154276267286,18.403240203857422,54.373233795166016
333.1643960369493,210.19897586555746,18.403240203857422,54.373233795166016
334.4137513204627,210.33779311928117,18.403240203857422,54.373233795166016
333.7196650518442,209.08843783576776,18.403240203857422,54.373233795166016
334.9690203353576,210.33779311928117,18.403240203857422,54.373233795166016
335.3854720965287,210.4766103730049,18.403240203857422,54.373233795166016
334.9690203353576,211.44833114907087,18.403240203857422,54.373233795166016
336.218375618871,212.14241741768942,18.403240203857422,54.373233795166016
337.4677309023844,213.39177270120283,18.403240203857422,54.373233795166016
337.0512791412133,213.80822446237397,18.403240203857422,54.373233795166016
338.5782689321741,214.77994523843995,18.403240203857422,54.373233795166016
338.43945167845044,215.1963969996111,18.403240203857422,54.373233795166016
338.85590343962156,214.50231073099255,18.403240203857422,54.373233795166016
340.6605277380298,213.53058995492657,18.403240203857422,54.373233795166016
341.6322485140958,212.28123467141316,18.403240203857422,54.373233795166016
342.32633478271435,213.25295544747914,18.403240203857422,54.373233795166016
343.0204210513329,213.66940720865028,18.403240203857422,54.373233795166016
344.8250453497412,212.6976864325843,18.403240203857422,54.373233795166016
346.0744006332546,213.39177270120285,18.403240203857422,54.373233795166016
347.323755916768,213.808224462374,18.403240203857422,54.373233795166016
347.7402076779391,214.77994523843998,18.403240203857422,54.373233795166016
348.9895629614525,216.0293005219534,18.403240203857422,54.373233795166016
350.23891824496593,217.00102129801937,18.403240203857422,54.373233795166016
350.65537000613705,216.86220404429565,18.403240203857422,54.373233795166016
350.8838530836573,214.9644945654581,18.81041145324707,55.57624053955078
351.02574166911967,215.67393749276985,18.81041145324707,55.57624053955078
350.6000759127326,214.3969402236087,18.81041145324707,55.57624053955078
351.30951884004435,213.97127446722166,18.81041145324707,55.57624053955078
352.3027389382808,214.9644945654581,18.81041145324707,55.57624053955078
353.2959590365173,215.95771466369453,18.81041145324707,55.57624053955078
354.28917913475374,216.6671575910063,18.81041145324707,55.57624053955078
353.8635133783667,217.09282334739333,18.81041145324707,55.57624053955078
353.15407045105496,218.36982061655448,18.81041145324707,55.57624053955078
353.29595903651733,219.07926354386623,18.81041145324707,55.57624053955078
352.30273893828087,219.788706471178,18.81041145324707,55.57624053955078
353.0121818655926,219.93059505664033,18.81041145324707,55.57624053955078
352.58651610920555,218.9373749584039,18.81041145324707,55.57624053955078
353.2959590365173,219.36304071479094,18.81041145324707,55.57624053955078
353.43784762197964,217.8022662747051,18.81041145324707,55.57624053955078
353.8635133783667,218.22793203109214,18.81041145324707,55.57624053955078
353.15407045105496,217.8022662747051,18.81041145324707,55.57624053955078
353.8635133783667,218.79548637294153,18.81041145324707,55.57624053955078
353.15407045105496,219.50492930025328,18.81041145324707,55.57624053955078
353.8635133783667,220.21437222756504,18.81041145324707,55.57624053955078
352.8702932801302,221.20759232580147,18.81041145324707,55.57624053955078
353.2959590365173,222.76836676588732,18.81041145324707,55.57624053955078
354.005401963829,222.62647818042498,18.81041145324707,55.57624053955078
353.2959590365173,222.48458959496264,18.81041145324707,55.57624053955078
353.1540704510549,222.3427010095003,18.81041145324707,55.57624053955078
352.72840469466786,222.20081242403796,18.81041145324707,55.57624053955078
352.3027389382808,222.91025535134972,18.81041145324707,55.57624053955078
353.01218186559254,223.05214393681206,18.81041145324707,55.57624053955078
352.3027389382808,223.4778096931991,18.81041145324707,55.57624053955078
352.72840469466786,224.18725262051086,18.81041145324707,55.57624053955078
351.4514074255067,225.7480270605967,18.81041145324707,55.57624053955078
351.30951884004435,226.74124715883315,18.81041145324707,55.57624053955078
350.8838530836573,227.73446725706958,18.81041145324707,55.57624053955078
350.1744101563456,228.44391018438134,18.81041145324707,55.57624053955078
350.0325215708832,228.8695759407684,18.81041145324707,55.57624053955078
350.1744101563456,229.86279603900482,18.81041145324707,55.57624053955078
350.8838530836573,229.72090745354245,18.81041145324707,55.57624053955078
351.411810292252,228.66446638033875,19.226591110229492,56.80586624145508
351.2667824218363,229.6796614732487,19.226591110229492,56.80586624145508
351.99192177391484,228.37441063950735,19.226591110229492,56.80586624145508
353.0071168668248,229.6796614732487,19.226591110229492,56.80586624145508
354.02231195973474,230.40480082532724,19.226591110229492,56.80586624145508
355.3275627934761,230.83988443657438,19.226591110229492,56.80586624145508
356.34275788638604,231.56502378865292,19.226591110229492,56.80586624145508
358.08540937696677,232.86965473116544,18.816577911376953,55.59446334838867
357.37573383998676,233.01158983856146,18.816577911376953,55.59446334838867
358.93702002134273,234.57287601991743,18.816577911376953,55.59446334838867
359.07895512873876,234.4309409125214,18.816577911376953,55.59446334838867
359.78863066571876,235.1406164495014,18.816577911376953,55.59446334838867
360.21443598790677,235.8502919864814,18.816577911376953,55.59446334838867
361.20798173967876,236.5599675234614,18.816577911376953,55.59446334838867
361.63378706186677,236.98577284564942,18.816577911376953,55.59446334838867
361.49185195447075,237.41157816783743,18.816577911376953,55.59446334838867
362.01998183104547,238.12188411058895,19.232894897460938,56.82448959350586
362.45520809598685,237.97680868894184,19.232894897460938,56.82448959350586
363.47073604751677,239.86278917035457,19.232894897460938,56.82448959350586
363.90596231245814,241.16846796517876,19.232894897460938,56.82448959350586
363.47073604751677,241.31354338682587,19.232894897460938,56.82448959350586
364.1961131557524,242.61922218165006,19.232894897460938,56.82448959350586
364.0510377341053,243.92490097647425,19.232894897460938,56.82448959350586
364.1961131557524,244.36012724141563,19.232894897460938,56.82448959350586
364.0510377341053,244.50520266306273,19.232894897460938,56.82448959350586
363.61581146916393,244.9404289280041,19.232894897460938,56.82448959350586
364.3411885773996,246.53625856612257,19.232894897460938,56.82448959350586
363.61581146916393,247.26163567435822,19.232894897460938,56.82448959350586
363.76088689081104,248.85746531247668,19.232894897460938,56.82448959350586
363.32566062586966,250.45329495059514,19.232894897460938,56.82448959350586
362.01998183104547,250.8885212155365,19.232894897460938,56.82448959350586
360.7143030362213,252.48435085365497,19.232894897460938,56.82448959350586
361.14952930116266,252.62942627530208,19.232894897460938,56.82448959350586
359.5536996630442,253.35480338353773,19.232894897460938,56.82448959350586
359.4086242413971,253.20972796189062,19.232894897460938,56.82448959350586
358.3930962898672,253.35480338353773,19.232894897460938,56.82448959350586
357.37756833833726,254.08018049177338,19.232894897460938,56.82448959350586
356.36204038680734,255.38585928659757,19.232894897460938,56.82448959350586
355.6366632785717,256.1112363948332,19.232894897460938,56.82448959350586
355.7817387002188,257.12676434636313,19.232894897460938,56.82448959350586
355.9268141218659,257.8521414545988,19.232894897460938,56.82448959350586
354.6211353270417,257.9972168762459,19.232894897460938,56.82448959350586
354.4760599053946,259.3028956710701,19.232894897460938,56.82448959350586
354.04083364045323,260.3184236226,19.232894897460938,56.82448959350586
353.60560737551185,260.1733482009529,19.232894897460938,56.82448959350586
354.62113532704177,260.89872530918853,19.232894897460938,56.82448959350586
354.47605990539466,262.2044041040127,19.232894897460938,56.82448959350586
354.33098448374756,261.1888761524828,19.232894897460938,56.82448959350586
354.47605990539466,262.78470579060127,19.232894897460938,56.82448959350586
354.33098448374756,264.09038458542545,19.232894897460938,56.82448959350586
353.6056073755119,263.94530916377835,19.232894897460938,56.82448959350586
353.17038111057053,265.5411388018968,19.232894897460938,56.82448959350586
352.4450040023349,265.6862142235439,19.232894897460938,56.82448959350586
352.590079423982,266.1214404884853,19.232894897460938,56.82448959350586
351.5745514724521,265.6862142235439,19.232894897460938,56.82448959350586
351.42947605080496,266.70174217507383,19.232894897460938,56.82448959350586
350.41394809927505,268.007420969898,19.232894897460938,56.82448959350586
350.55902352092215,268.73279807813367,19.232894897460938,56.82448959350586
350.41394809927505,269.16802434307505,19.232894897460938,56.82448959350586
350.55902352092215,269.02294892142794,19.232894897460938,56.82448959350586
350.70409894256926,271.19908024613494,19.232894897460938,56.82448959350586
350.55902352092215,270.183552294605,19.232894897460938,56.82448959350586
350.6242651458425,271.7682742273526,18.8227481842041,55.61268997192383
351.5092147952873,271.6770047689479,18.42134666442871,54.42673110961914
351.5717040496653,273.46272121526346,18.028505325317383,53.26606369018555
350.34778855349134,272.5107869404615,18.028505325317383,53.26606369018555
350.48377916417735,272.9187587725195,18.028505325317383,53.26606369018555
351.4357134389793,274.41465549006546,18.028505325317383,53.26606369018555
351.0277416069213,273.1907399938915,18.028505325317383,53.26606369018555
350.34778855349134,274.6866367114375,18.028505325317383,53.26606369018555
350.7557603855493,273.1907399938915,18.028505325317383,53.26606369018555
351.1637322176073,274.95861793280943,18.028505325317383,53.26606369018555
350.21179794280533,274.8226273221234,18.028505325317383,53.26606369018555
350.8917509962353,275.77456159692537,18.028505325317383,53.26606369018555
351.84368527103726,275.63857098623936,18.028505325317383,53.26606369018555
351.70769466035125,276.8624864824133,18.028505325317383,53.26606369018555
350.7557603855493,276.9984770930993,18.028505325317383,53.26606369018555
351.4357134389793,277.95041136790127,18.028505325317383,53.26606369018555
350.48377916417735,278.35838319995923,18.028505325317383,53.26606369018555
350.61976977486336,279.3103174747612,18.028505325317383,53.26606369018555
350.48377916417735,279.99027052819116,18.028505325317383,53.26606369018555
349.80382611074737,280.12626113887717,18.028505325317383,53.26606369018555
350.21179794280533,280.2622517495632,18.028505325317383,53.26606369018555
348.74254561308345,279.5319052043554,18.427385330200195,54.444576263427734
348.04754859834634,279.9489034131976,18.427385330200195,54.444576263427734
347.9085491953989,280.9218992338296,18.427385330200195,54.444576263427734
347.49155098655666,280.2269022190925,18.427385330200195,54.444576263427734
346.79655397181955,280.64390042793474,18.427385330200195,54.444576263427734
346.6575545688721,279.39290580140795,18.427385330200195,54.444576263427734
346.24055636002987,278.69790878667084,18.427385330200195,54.444576263427734
346.838966910191,280.2162605282456,18.03441619873047,53.28352737426758
347.4246167764002,279.86657652544193,17.649826049804688,52.147239685058594
346.71455615919456,280.2942827640868,17.2734375,51.03518295288086
347.02432203832416,280.46169628545044,16.90507698059082,49.946842193603516
346.89680554000046,281.86437776701086,16.90507698059082,49.946842193603516
346.5142560450294,281.2267952753925,16.90507698059082,49.946842193603516
345.6216405567637,280.5892127837741,16.90507698059082,49.946842193603516
346.0041900517347,282.24692726198185,16.90507698059082,49.946842193603516
344.89108881023475,281.2974961502072,17.279102325439453,51.05191421508789
344.29426269348306,280.59750856634776,17.661401748657227,52.18143844604492
344.78997009562516,278.2234260956806,18.052160263061523,53.33595275878906
345.296644784429,276.6444696005081,18.45156478881836,54.51601028442383
345.43582657560745,276.78365139168653,18.45156478881836,54.51601028442383
345.66490926466406,276.0361676264785,18.859806060791016,55.72217559814453
344.12790913496104,277.3384889358909,19.27707862854004,56.95502853393555
344.27331785206064,276.9022627845921,19.27707862854004,56.95502853393555
344.41872656916024,278.7925761068868,19.27707862854004,56.95502853393555
345.43658758885744,278.9379848239864,19.27707862854004,56.95502853393555
344.41872656916024,280.2466632778828,19.27707862854004,56.95502853393555
344.56413528625984,279.5196196923848,19.27707862854004,56.95502853393555
343.54627426656265,279.3742109752852,19.27707862854004,56.95502853393555
342.23759581266626,278.35634995558803,19.27707862854004,56.95502853393555
341.21973479296906,276.4660366332933,19.27707862854004,56.95502853393555
340.5538971397563,278.7023400511504,19.703584671020508,58.21516036987305
341.29702656458346,277.6619588563924,19.703584671020508,58.21516036987305
340.5538971397563,276.62157766163443,19.703584671020508,58.21516036987305
340.10801948486005,275.58119646687646,19.703584671020508,58.21516036987305
339.0676382901021,276.0270741217727,19.703584671020508,58.21516036987305
338.847969239577,276.2180400657545,19.28339958190918,56.97370529174805
338.63298462257484,276.4049338056859,18.872175216674805,55.758724212646484
340.06909414923035,277.9599336744133,18.4697208404541,54.56965255737305
340.20841288861925,278.3778898925801,18.4697208404541,54.56965255737305
339.7339338844672,279.09403069615706,18.075847625732422,53.40593719482422
339.5975861591592,278.6849875202331,18.075847625732422,53.40593719482422
339.46123843385124,279.63942159738895,18.075847625732422,53.40593719482422
341.36242848506834,278.76325563145804,17.69037437438965,52.26704025268555
341.4958685540655,277.5622950104833,17.69037437438965,52.26704025268555
343.230589451029,276.09445425151415,17.69037437438965,52.26704025268555
344.69843020999815,274.626613492545,17.69037437438965,52.26704025268555
344.03122986501216,274.2262932855534,17.69037437438965,52.26704025268555
345.4990706239813,276.2278943205113,17.69037437438965,52.26704025268555
346.0735477152686,276.1421140329696,17.313121795654297,51.15243148803711
347.510086327932,278.3622191616312,17.313121795654297,51.15243148803711
346.0735477152686,280.32113545162673,17.313121795654297,51.15243148803711
347.510086327932,280.9741075482919,17.313121795654297,51.15243148803711
348.57580899284636,280.89015654570414,16.94391441345215,50.06159210205078
347.42552390680055,280.2511092756787,16.94391441345215,50.06159210205078
346.01961991274453,280.63453763769394,16.94391441345215,50.06159210205078
345.1691665442264,277.8264920877475,17.318798065185547,51.16920471191406
344.2998965157251,275.498463225314,17.701976776123047,52.30132293701172
343.89931375451636,273.76260459340955,17.701976776123047,52.30132293701172
343.4987309933076,273.3620218322008,17.701976776123047,52.30132293701172
342.61022819757903,272.9219739401136,18.0936336517334,53.45848846435547
342.2007825427786,272.78549205518016,18.0936336517334,53.45848846435547
340.69948180851026,273.46790147984757,18.0936336517334,53.45848846435547
339.74410861397587,273.3314195949141,18.0936336517334,53.45848846435547
338.4899981685294,274.82227045976765,17.707780838012695,52.3184700012207
338.3564268009011,274.42155635688283,17.707780838012695,52.3184700012207
337.95571269801627,273.7536995187414,17.707780838012695,52.3184700012207
337.89840065794624,274.1449880776066,18.099565505981445,53.476016998291016
338.5810338286315,273.46235490692135,18.099565505981445,53.476016998291016
337.62534738967213,273.8719348093325,18.099565505981445,53.476016998291016
336.66966095071274,272.643195102099,18.099565505981445,53.476016998291016
671.934342000764,238.4536075645434,18.099565505981445,53.476016998291016
690.9115441458147,260.7074489288834,18.099565505981445,53.476016998291016
693.402598637489,262.2405671427341,18.500019073486328,54.65917205810547
696.0539970699184,262.38011442865144,18.500019073486328,54.65917205810547
699.8217737896865,262.79875628640343,18.500019073486328,54.65917205810547
706.1014016559667,265.1710601469982,18.500019073486328,54.65917205810547
709.8691783757348,265.3106074329155,18.500019073486328,54.65917205810547
713.2840295032636,265.4298413150375,18.909332275390625,55.868507385253906
720.0300728101674,266.14364766946323,19.327701568603516,57.10459899902344
724.2579991631533,267.1641816167357,19.327701568603516,57.10459899902344
730.8507832869867,267.2887505777131,19.755327224731445,58.368038177490234
736.662414311755,270.12005800003607,19.755327224731445,58.368038177490234
742.4746301521313,271.1733064815693,19.33403968811035,57.123321533203125
748.1617325576163,271.6005301185764,19.761804580688477,58.387176513671875
753.9752690796593,272.6439853917636,19.761804580688477,58.387176513671875
761.6440583789147,273.6992817939434,20.199033737182617,59.678993225097656
768.8051242206295,275.0705497210803,20.199033737182617,59.678993225097656
775.3567376502835,276.7465438542476,20.199033737182617,59.678993225097656
781.2988986678768,277.8130855753541,20.199033737182617,59.678993225097656
787.8505120975308,279.184353502491,20.199033737182617,59.678993225097656
795.3728197326866,279.9468457652256,20.645936965942383,60.9993896484375
803.0037924294883,281.3484529952504,20.645936965942383,60.9993896484375
806.585677572885,283.06152849861405,20.645936965942383,60.9993896484375
814.2166502696866,284.46313572863886,20.645936965942383,60.9993896484375
818.7329402330998,286.1762112320025,20.645936965942383,60.9993896484375
825.7753822768173,287.2787204718936,21.10272789001465,62.349002838134766
828.6797642040407,288.73592199734907,21.569625854492188,63.72847366333008
835.6759332839831,289.8748332429211,21.569625854492188,63.72847366333008
839.0926670206992,291.01374448849316,21.569625854492188,63.72847366333008
841.8585943313741,292.1526557340652,21.569625854492188,63.72847366333008
844.9499248550695,293.6169701926578,21.569625854492188,63.72847366333008
847.7158521657444,295.08128465125037,21.569625854492188,63.72847366333008
850.1563762633988,296.54559910984295,21.569625854492188,63.72847366333008
852.5969003610531,298.00991356843554,21.569625854492188,63.72847366333008
852.4341987545429,299.1488248140076,21.569625854492188,63.72847366333008
854.8747228521972,299.96233284655904,21.569625854492188,63.72847366333008
853.7358116066252,301.1012440921311,21.569625854492188,63.72847366333008
853.573110000115,301.91475212468254,21.569625854492188,63.72847366333008
855.3628276717282,302.728260157234,21.569625854492188,63.72847366333008
853.8985132131355,303.21636497676485,21.569625854492188,63.72847366333008
852.1087955415223,304.3552762223369,21.569625854492188,63.72847366333008
850.6444810829297,305.49418746790894,21.569625854492188,63.72847366333008
849.5618524168211,305.9708117761811,22.04685401916504,65.13846588134766
848.3977427599408,306.13711315573545,22.04685401916504,65.13846588134766
847.5662358621692,307.3012228126157,22.04685401916504,65.13846588134766
846.4021262052888,308.13272971038737,22.04685401916504,65.13846588134766
845.2380165484085,308.964236608159,22.04685401916504,65.13846588134766
844.0739068915282,309.79574350593066,22.04685401916504,65.13846588134766
842.9097972346478,310.95985316281093,22.04685401916504,65.13846588134766
841.7456875777675,311.4587573014739,22.04685401916504,65.13846588134766
840.2489751617785,312.29026419924554,22.04685401916504,65.13846588134766
839.4174682640069,313.4543738561258,22.04685401916504,65.13846588134766
838.2533586071265,314.6184835130061,22.04685401916504,65.13846588134766
837.0892489502462,315.44999041077773,22.04685401916504,65.13846588134766
835.9251392933659,316.2814973085494,22.04685401916504,65.13846588134766
834.4284268773769,316.78040144721234,22.04685401916504,65.13846588134766
833.2643172204965,318.2771138632013,22.04685401916504,65.13846588134766
832.1577351907064,318.41920977086005,22.53464126586914,66.57965087890625
830.6279080125137,319.2691137587449,22.53464126586914,66.57965087890625
830.1179656197828,319.7790561514758,22.53464126586914,66.57965087890625
828.2481768464362,320.2889985442067,22.53464126586914,66.57965087890625
826.7183496682435,321.4788641272455,22.53464126586914,66.57965087890625
825.8684456803586,322.6687297102843,22.53464126586914,66.57965087890625
824.3386185021659,323.8585952933231,22.53464126586914,66.57965087890625
822.5021332921567,324.00383274740403,23.033220291137695,68.05272674560547
820.9384586876465,324.5250576155741,23.033220291137695,68.05272674560547
819.722267328583,325.7412489746376,23.033220291137695,68.05272674560547
818.5060759695195,326.60995708825436,23.033220291137695,68.05272674560547
816.9424013650093,327.47866520187114,23.033220291137695,68.05272674560547
815.7262100059459,328.3473733154879,23.033220291137695,68.05272674560547
814.1625354014357,329.2160814291047,23.033220291137695,68.05272674560547
812.9463440423722,329.73730629727476,23.033220291137695,68.05272674560547
811.382669437862,330.60601441089153,23.033220291137695,68.05272674560547
