362.21,34.967,66.86,97.193
360.60223,33.35922,66.86,97.193
360.9238,33.037663,66.86,97.193
361.24536,32.716106,66.86,97.193
360.2807,33.037663,66.86,97.193
360.60226,32.072994,66.86,97.193
360.2807,31.751438,66.86,97.193
359.31604,32.716106,66.86,97.193
358.99448,31.751438,66.86,97.193
359.95914,32.716106,66.86,97.193
358.35135,31.751438,66.86,97.193
357.3867,31.429882,66.86,97.193
357.06512,31.108326,66.86,97.193
357.3867,30.78677,66.86,97.193
356.42203,32.39455,66.86,97.193
356.10046,32.072994,66.86,97.193
355.1358,31.751438,66.86,97.193
356.10046,32.716106,66.86,97.193
355.7789,33.037663,66.86,97.193
357.3867,32.716106,66.86,97.193
356.42203,33.680775,66.86,97.193
358.6729,33.35922,66.86,97.193
358.35135,33.680775,66.86,97.193
359.316,34.00233,66.86,97.193
358.99445,33.680775,66.86,97.193
360.60223,34.00233,66.86,97.193
359.63757,33.680775,66.86,97.193
360.60223,34.645443,66.86,97.193
360.28067,34.967,66.86,97.193
359.9591,34.00233,66.86,97.193
361.5669,34.967,66.86,97.193
360.60223,35.288555,66.86,97.193
362.85312,36.253223,66.86,97.193
362.53156,36.57478,66.86,97.193
362.21,36.896336,66.86,97.193
363.17465,37.861004,66.86,97.193
362.8531,38.825672,66.86,97.193
365.10397,38.504116,66.86,97.193
363.4962,38.18256,66.86,97.193
365.10397,37.861004,66.86,97.193
364.1393,38.825672,66.86,97.193
365.7471,39.14723,66.86,97.193
367.3549,38.825672,66.86,97.193
367.03333,39.79034,66.86,97.193
367.998,39.468784,66.86,97.193
369.60577,39.79034,66.86,97.193
369.92734,40.75501,66.86,97.193
371.53513,41.719677,66.86,97.193
372.4998,41.39812,66.86,97.193
371.53513,41.076565,66.86,97.193
373.786,40.111897,66.86,97.193
372.0455,38.03585,68.33928,99.3434
372.3125,37.27786,69.85129,101.541374
371.97656,37.613804,69.85129,101.541374
372.98438,37.27786,69.85129,101.541374
373.9922,37.613804,69.85129,101.541374
373.65625,38.62163,69.85129,101.541374
372.64844,38.285686,69.85129,101.541374
370.9687,38.62163,69.85129,101.541374
372.64844,38.957577,69.85129,101.541374
369.62494,39.29352,69.85129,101.541374
368.61713,37.61381,69.85129,101.541374
366.26556,39.29352,69.85129,101.541374
364.58582,37.61381,69.85129,101.541374
364.92175,38.62164,69.85129,101.541374
362.5702,38.285694,69.85129,101.541374
360.21857,39.29352,69.85129,101.541374
357.19513,37.61381,69.85129,101.541374
353.49976,39.965405,69.85129,101.541374
353.16382,38.285694,69.85129,101.541374
348.79657,39.965405,69.85129,101.541374
345.77307,38.957577,69.85129,101.541374
340.73395,37.277866,69.85129,101.541374
335.02295,35.598156,69.85129,101.541374
332.67133,37.94975,69.85129,101.541374
329.6479,35.598156,69.85129,101.541374
326.6244,35.9341,69.85129,101.541374
324.9447,38.285694,69.85129,101.541374
326.6244,35.9341,69.85129,101.541374
324.9447,38.285694,69.85129,101.541374
326.6244,39.29352,69.85129,101.541374
326.28845,40.30135,69.85129,101.541374
327.29626,38.62164,69.85129,101.541374
326.28845,43.66077,69.85129,101.541374
324.60876,46.012363,69.85129,101.541374
324.9447,49.70773,69.85129,101.541374
323.12634,51.72129,71.39674,103.78798
324.84323,49.317665,71.39674,103.78798
323.8131,53.094788,71.39674,103.78798
324.1565,52.06466,71.39674,103.78798
324.49988,53.094788,71.39674,103.78798
326.9035,51.377914,71.39674,103.78798
324.49988,53.78154,71.39674,103.78798
324.84326,50.691162,71.39674,103.78798
323.12637,53.094788,71.39674,103.78798
323.46976,52.75141,71.39674,103.78798
321.75287,52.408035,71.39674,103.78798
320.03598,54.12491,71.39674,103.78798
55.973997612061794,96.52652818479407,71.39674377441406,103.78797912597656
8.931624826238533,71.46015436461087,71.39674377441406,103.78797912597656
4.467750036342892,69.74327944542024,71.39674377441406,103.78797912597656
3.437625084828511,70.08665442925837,71.39674377441406,103.78797912597656
5.154500004019141,71.11677938077275,71.39674377441406,103.78797912597656
2.750875117152262,70.08665442925837,71.39674377441406,103.78797912597656
5.841249971695397,71.11677938077275,71.39674377441406,103.78797912597656
3.437625084828518,70.08665442925837,71.39674377441406,103.78797912597656
4.467750036342899,71.11677938077275,71.39674377441406,103.78797912597656
2.750875117152269,69.39990446158212,71.39674377441406,103.78797912597656
5.8412499716954045,71.11677938077275,71.39674377441406,103.78797912597656
3.4376250848285252,70.08665442925837,71.39674377441406,103.78797912597656
5.154500004019155,70.4300294130965,71.39674377441406,103.78797912597656
2.0641251494760198,71.46015436461089,71.39674377441406,103.78797912597656
4.467750036342899,70.4300294130965,71.39674377441406,103.78797912597656
3.437625084828518,70.77340439693464,71.39674377441406,103.78797912597656
5.154500004019148,69.74327944542026,71.39674377441406,103.78797912597656
4.124375052504767,70.77340439693464,71.39674377441406,103.78797912597656
6.540813524640143,67.1314883644079,72.97639465332031,106.08428955078125
8.295674301417868,66.78051620905235,72.97639465332031,106.08428955078125
5.838869213929058,67.83343267511898,72.97639465332031,106.08428955078125
7.593729990706784,66.07857189834127,72.97639465332031,106.08428955078125
5.838869213929058,67.1314883644079,72.97639465332031,106.08428955078125
7.593729990706784,66.78051620905235,72.97639465332031,106.08428955078125
7.944702146062326,66.4295440536968,72.97639465332031,106.08428955078125
6.189841369284601,67.48246051976344,72.97639465332031,106.08428955078125
7.944702146062326,65.02565543227462,72.97639465332031,106.08428955078125
6.189841369284601,66.07857189834125,72.97639465332031,106.08428955078125
7.931476079927293,62.35607933857747,74.59099578857422,108.43140411376953
4.702839351292219,65.58471606721254,74.59099578857422,108.43140411376953
7.2273851623292344,61.0354815354724,76.24132537841797,110.83045196533203
4.6606638052411355,64.33555185172852,76.24132537841797,110.83045196533203
5.71936954674532,59.68566612395459,77.92816162109375,113.28257751464844
4.4684482557225,59.599002049025,79.6523208618164,115.78895568847656
1.7868930283739388,60.74824000360296,79.6523208618164,115.78895568847656
5.234606892107806,58.832843412639704,79.6523208618164,115.78895568847656
4.08536893752985,60.74824000360296,79.6523208618164,115.78895568847656
5.234606892107806,59.599002049025,79.6523208618164,115.78895568847656
4.08536893752985,59.98208136721766,79.6523208618164,115.78895568847656
2.9361309829518945,61.131319321795615,79.6523208618164,115.78895568847656
6.383844846685761,56.91744682167645,79.6523208618164,115.78895568847656
6.000765528493112,59.599002049025,79.6523208618164,115.78895568847656
-11.237803790176208,-8.972195907459607,79.6523208618164,115.78895568847656
-9.32240719921295,-14.718385680349378,79.6523208618164,115.78895568847656
-11.237803790176208,-17.39994090769794,79.6523208618164,115.78895568847656
-9.32240719921295,-14.718385680349378,79.6523208618164,115.78895568847656
-12.003962426561511,-16.633782271312633,79.6523208618164,115.78895568847656
-8.556248562827648,-17.78302022589059,79.6523208618164,115.78895568847656
-12.003962426561511,-14.335306362156729,79.6523208618164,115.78895568847656
-8.556248562827648,-17.783020225890596,79.6523208618164,115.78895568847656
-12.003962426561511,-14.335306362156729,79.6523208618164,115.78895568847656
-9.32240719921295,-17.783020225890596,79.6523208618164,115.78895568847656
-12.770121062946814,-14.335306362156729,79.6523208618164,115.78895568847656
-10.088565835598253,-17.783020225890596,79.6523208618164,115.78895568847656
-12.003962426561511,-14.335306362156729,79.6523208618164,115.78895568847656
-9.32240719921295,-17.783020225890596,79.6523208618164,115.78895568847656
-12.770121062946814,-14.335306362156729,79.6523208618164,115.78895568847656
-10.088565835598253,-17.783020225890596,79.6523208618164,115.78895568847656
-12.770121062946814,-14.335306362156729,79.6523208618164,115.78895568847656
-9.32240719921295,-17.783020225890596,79.6523208618164,115.78895568847656
-12.770121062946814,-14.335306362156729,79.6523208618164,115.78895568847656
-10.088565835598253,-17.01686158950529,79.6523208618164,115.78895568847656
-13.300825491916047,-13.197614719145207,77.9537124633789,113.3197250366211
-9.176815092100625,-15.821984973573201,77.9537124633789,113.3197250366211
-12.551005419222331,-13.197614719145207,77.9537124633789,113.3197250366211
-7.677174946713201,-15.821984973573201,77.9537124633789,113.3197250366211
-11.80118534652862,-13.197614719145207,77.9537124633789,113.3197250366211
-8.426995019406913,-16.571805046266917,77.9537124633789,113.3197250366211
-12.551005419222335,-13.197614719145207,77.9537124633789,113.3197250366211
-7.677174946713201,-16.571805046266917,77.9537124633789,113.3197250366211
-11.80118534652862,-13.197614719145207,77.9537124633789,113.3197250366211
-7.677174946713201,-16.571805046266917,77.9537124633789,113.3197250366211
-11.051365273834907,-13.947434791838923,77.9537124633789,113.3197250366211
-9.176815092100625,-17.321625118960633,77.9537124633789,113.3197250366211
-11.80118534652862,-13.947434791838923,77.9537124633789,113.3197250366211
-9.176815092100625,-16.571805046266917,77.9537124633789,113.3197250366211
-12.551005419222331,-13.197614719145207,77.9537124633789,113.3197250366211
-7.677174946713201,-15.821984973573201,77.9537124633789,113.3197250366211
-11.80118534652862,-13.197614719145207,77.9537124633789,113.3197250366211
-8.426995019406913,-16.571805046266917,77.9537124633789,113.3197250366211
-11.80118534652862,-13.947434791838923,77.9537124633789,113.3197250366211
-8.426995019406913,-17.321625118960633,77.9537124633789,113.3197250366211
-11.80118534652862,-13.947434791838923,77.9537124633789,113.3197250366211
-8.426995019406913,-16.571805046266917,77.9537124633789,113.3197250366211
-12.551005419222335,-13.947434791838923,77.9537124633789,113.3197250366211
-7.677174946713201,-17.321625118960633,77.9537124633789,113.3197250366211
-11.051365273834907,-13.947434791838923,77.9537124633789,113.3197250366211
-9.176815092100625,-17.321625118960633,77.9537124633789,113.3197250366211
-11.80118534652862,-13.947434791838923,77.9537124633789,113.3197250366211
-8.426995019406913,-17.321625118960633,77.9537124633789,113.3197250366211
-11.80118534652862,-13.947434791838923,77.9537124633789,113.3197250366211
-9.176815092100625,-16.571805046266917,77.9537124633789,113.3197250366211
-12.551005419222331,-13.197614719145207,77.9537124633789,113.3197250366211
-8.42699501940691,-15.072164900879486,77.9537124633789,113.3197250366211
-12.551005419222328,-13.947434791838916,77.9537124633789,113.3197250366211
-8.42699501940691,-15.821984973573194,77.9537124633789,113.3197250366211
-11.801185346528616,-13.1976147191452,77.9537124633789,113.3197250366211
-8.42699501940691,-16.57180504626691,77.9537124633789,113.3197250366211
-11.801185346528616,-13.1976147191452,77.9537124633789,113.3197250366211
-9.176815092100622,-15.821984973573194,77.9537124633789,113.3197250366211
-11.801185346528616,-13.1976147191452,77.9537124633789,113.3197250366211
-8.42699501940691,-15.821984973573194,77.9537124633789,113.3197250366211
-11.801185346528616,-13.1976147191452,77.9537124633789,113.3197250366211
-8.42699501940691,-15.821984973573194,77.9537124633789,113.3197250366211
-11.801185346528616,-13.1976147191452,77.9537124633789,113.3197250366211
-9.176815092100622,-15.821984973573194,77.9537124633789,113.3197250366211
-11.801185346528616,-12.447794646451484,77.9537124633789,113.3197250366211
-9.176815092100622,-15.072164900879478,77.9537124633789,113.3197250366211
-11.801185346528616,-13.947434791838909,77.9537124633789,113.3197250366211
-9.176815092100622,-15.821984973573187,77.9537124633789,113.3197250366211
-11.801185346528616,-12.447794646451477,77.9537124633789,113.3197250366211
-9.176815092100622,-15.821984973573187,77.9537124633789,113.3197250366211
-11.801185346528616,-12.447794646451477,77.9537124633789,113.3197250366211
-9.176815092100622,-15.821984973573187,77.9537124633789,113.3197250366211
-11.801185346528616,-13.197614719145193,77.9537124633789,113.3197250366211
-9.176815092100622,-15.072164900879471,77.9537124633789,113.3197250366211
-11.801185346528616,-13.197614719145193,77.9537124633789,113.3197250366211
-9.176815092100622,-15.072164900879471,77.9537124633789,113.3197250366211
-11.801185346528616,-13.197614719145193,77.9537124633789,113.3197250366211
-9.176815092100622,-15.072164900879471,77.9537124633789,113.3197250366211
-11.051365273834904,-13.947434791838901,77.9537124633789,113.3197250366211
-9.176815092100622,-16.571805046266896,77.9537124633789,113.3197250366211
-11.051365273834904,-13.197614719145186,77.9537124633789,113.3197250366211
-9.176815092100622,-15.82198497357318,77.9537124633789,113.3197250366211
-11.051365273834904,-13.947434791838901,77.9537124633789,113.3197250366211
-9.176815092100622,-16.571805046266896,77.9537124633789,113.3197250366211
-11.051365273834904,-13.197614719145186,77.9537124633789,113.3197250366211
-9.926635164794334,-15.82198497357318,77.9537124633789,113.3197250366211
-11.051365273834904,-13.197614719145186,77.9537124633789,113.3197250366211
-9.926635164794334,-15.82198497357318,77.9537124633789,113.3197250366211
-10.301545201141192,-13.947434791838901,77.9537124633789,113.3197250366211
-10.67645523748805,-15.82198497357318,77.9537124633789,113.3197250366211
-8.801905055753767,-14.69725486453261,77.9537124633789,113.3197250366211
-8.42699501940691,-17.321625118960604,77.9537124633789,113.3197250366211
-10.301545201141192,-14.69725486453261,77.9537124633789,113.3197250366211
-9.176815092100622,-17.321625118960604,77.9537124633789,113.3197250366211
-10.301545201141192,-13.947434791838894,77.9537124633789,113.3197250366211
-9.926635164794334,-16.57180504626689,77.9537124633789,113.3197250366211
-10.301545201141192,-13.947434791838894,77.9537124633789,113.3197250366211
-10.67645523748805,-16.57180504626689,77.9537124633789,113.3197250366211
-9.55172512844748,-13.947434791838894,77.9537124633789,113.3197250366211
-9.926635164794337,-16.57180504626689,77.9537124633789,113.3197250366211
-10.301545201141195,-13.947434791838894,77.9537124633789,113.3197250366211
-9.926635164794337,-17.321625118960604,77.9537124633789,113.3197250366211
-9.55172512844748,-14.69725486453261,77.9537124633789,113.3197250366211
-9.926635164794337,-16.57180504626689,77.9537124633789,113.3197250366211
-10.301545201141195,-13.947434791838894,77.9537124633789,113.3197250366211
-10.676455237488053,-16.57180504626689,77.9537124633789,113.3197250366211
-9.551725128447483,-14.69725486453261,77.9537124633789,113.3197250366211
-9.926635164794341,-16.57180504626689,77.9537124633789,113.3197250366211
-10.301545201141199,-13.947434791838894,77.9537124633789,113.3197250366211
-9.926635164794341,-17.321625118960604,77.9537124633789,113.3197250366211
164.94187306628027,64.01093762063884,77.9537124633789,113.3197250366211
156.31894223030258,81.6317093289411,77.9537124633789,113.3197250366211
155.194212121262,85.75571972875653,77.9537124633789,113.3197250366211
159.31822252107744,89.12991005587824,77.9537124633789,113.3197250366211
155.7330764741494,88.26527814436935,79.67843627929688,115.8269271850586
158.41551092045663,86.34925353986421,79.67843627929688,115.8269271850586
160.31709363481872,87.8509453545681,81.44132232666016,118.38959503173828
159.92541030504276,88.24262868434406,81.44132232666016,118.38959503173828
163.45056027302644,89.41767867367196,81.44132232666016,118.38959503173828
160.70877696459468,85.89252870568828,81.44132232666016,118.38959503173828
165.0906621188445,88.24018704405339,83.24320983886719,121.00896453857422
165.41587002406044,89.80906281174146,85.08496856689453,123.68628692626953
166.64349118074603,85.30778523722762,85.08496856689453,123.68628692626953
171.14476875525986,87.35382049837025,85.08496856689453,123.68628692626953
168.08075350971498,86.4100943116394,86.96747589111328,126.42284393310547
172.68162185056494,86.82835506989849,86.96747589111328,126.42284393310547
174.77292564186035,85.57357279512124,86.96747589111328,126.42284393310547
177.70075094967396,88.50139810293484,86.96747589111328,126.42284393310547
176.4459686748967,84.73705127860308,86.96747589111328,126.42284393310547
180.21031549922847,87.66487658641668,86.96747589111328,126.42284393310547
176.4459686748967,84.73705127860308,86.96747589111328,126.42284393310547
180.21031549922847,85.15531203686217,86.96747589111328,126.42284393310547
181.46509777400573,84.73705127860308,86.96747589111328,126.42284393310547
182.71988004878298,85.99183355338033,86.96747589111328,126.42284393310547
179.79205474096938,83.90052976208491,86.96747589111328,126.42284393310547
184.39292308181933,86.82835506989852,86.96747589111328,126.42284393310547
185.6477053565966,85.57357279512127,86.96747589111328,126.42284393310547
187.739009147892,89.33791961945303,86.96747589111328,126.42284393310547
185.6477053565966,85.57357279512127,86.96747589111328,126.42284393310547
189.41205218092836,89.33791961945303,86.96747589111328,126.42284393310547
188.1572699061511,87.24661582815762,86.96747589111328,126.42284393310547
189.41205218092836,88.50139810293487,86.96747589111328,126.42284393310547
187.32074838963294,88.91965886119397,86.96747589111328,126.42284393310547
186.06596611485568,86.82835506989855,86.96747589111328,126.42284393310547
188.1572699061511,88.0831373446758,86.96747589111328,126.42284393310547
243.5088646564821,31.78170609979034,85.11286926269531,123.72683715820312
241.46215854844684,25.641587775684528,85.11286926269531,123.72683715820312
241.8714997700539,21.95751678122103,85.11286926269531,123.72683715820312
240.64347610523276,21.54817555961398,85.11286926269531,123.72683715820312
241.05281732683983,23.594881667649247,85.11286926269531,123.72683715820312
238.18742877559043,19.91081067318575,85.11286926269531,123.72683715820312
237.77808755398337,17.864104565150484,85.11286926269531,123.72683715820312
238.18742877559043,20.729493116399865,85.11286926269531,123.72683715820312
232.57425943141203,22.33360510062579,86.9959945678711,126.46429443359375
232.9141281687771,23.10503448223683,88.92078399658203,129.26231384277344
228.82459955760584,24.780916395410017,90.88815307617188,132.1222381591797
227.5132491115657,19.098397795902727,90.88815307617188,132.1222381591797
226.0542892132509,19.904340018189586,92.89905548095703,135.04544067382812
226.41722223856095,23.509366091461843,94.9544448852539,138.0333251953125
227.7357804025596,27.194156302014804,97.05531311035156,141.08731079101562
222.60123225078564,20.192499731413974,97.05531311035156,141.08731079101562
225.86867198373272,22.526385254947584,97.05531311035156,141.08731079101562
221.6676780413722,18.325391312587087,97.05531311035156,141.08731079101562
225.86867198373272,23.459939464361028,97.05531311035156,141.08731079101562
222.60123225078564,19.25894552200053,97.05531311035156,141.08731079101562
226.80222619314617,23.459939464361028,97.05531311035156,141.08731079101562
231.93677434492014,27.660933406721526,97.05531311035156,141.08731079101562
235.20421407786722,31.861927349082023,97.05531311035156,141.08731079101562
229.1361117166798,26.727379197308082,97.05531311035156,141.08731079101562
234.27065986845378,30.92837313966858,97.05531311035156,141.08731079101562
238.4716538108143,35.12936708202908,97.05531311035156,141.08731079101562
234.27065986845378,29.06126472084169,97.05531311035156,141.08731079101562
241.27231643905463,35.12936708202908,97.05531311035156,141.08731079101562
237.0713224966941,29.06126472084169,97.05531311035156,141.08731079101562
243.13942485788152,35.12936708202908,97.05531311035156,141.08731079101562
238.00487670610755,28.127710511428248,97.05531311035156,141.08731079101562
244.07297906729497,31.3951502443753,97.05531311035156,141.08731079101562
239.87198512493444,26.26060209260136,97.05531311035156,141.08731079101562
245.94008748612185,29.528041825548414,97.05531311035156,141.08731079101562
240.80553933434788,24.393493673774472,97.05531311035156,141.08731079101562
245.94008748612185,28.59448761613497,97.05531311035156,141.08731079101562
240.80553933434788,23.459939464361028,97.05531311035156,141.08731079101562
246.8736416955353,26.727379197308082,97.05531311035156,141.08731079101562
249.18993717017685,28.55657216340471,99.2026596069336,144.2088623046875
245.85020533313832,23.308422133772766,99.2026596069336,144.2088623046875
251.09835536277023,25.693944874514557,99.2026596069336,144.2088623046875
253.48387810351204,27.125258518959626,99.2026596069336,144.2088623046875
256.82360994055057,28.556572163404695,99.2026596069336,144.2088623046875
260.1633417775891,26.171049422662904,99.2026596069336,144.2088623046875
261.5946554220342,28.556572163404695,99.2026596069336,144.2088623046875
259.2091326812924,24.262631230069474,99.2026596069336,144.2088623046875
264.45728271092435,24.739735778217835,99.2026596069336,144.2088623046875
264.9343872590727,23.308422133772766,99.2026596069336,144.2088623046875
268.27411909611124,23.785526681921127,99.2026596069336,144.2088623046875
269.7054327405563,25.216840326366196,99.2026596069336,144.2088623046875
268.27411909611124,21.877108489327682,99.2026596069336,144.2088623046875
270.65964183685304,22.354213037476043,99.2026596069336,144.2088623046875
272.0909554812981,22.831317585624404,99.2026596069336,144.2088623046875
274.47647822203993,24.262631230069474,99.2026596069336,144.2088623046875
272.0909554812981,21.877108489327682,99.2026596069336,144.2088623046875
274.47647822203993,23.30842213377275,99.2026596069336,144.2088623046875
273.99937367389157,20.92289939303096,99.2026596069336,144.2088623046875
275.43068731833665,19.49158574858589,99.2026596069336,144.2088623046875
275.907791866485,23.785526681921112,99.2026596069336,144.2088623046875
275.43068731833665,20.4457948448826,99.2026596069336,144.2088623046875
274.9535827701883,23.785526681921112,99.2026596069336,144.2088623046875
275.43068731833665,25.21684032636618,99.2026596069336,144.2088623046875
273.04516457759485,21.877108489327668,99.2026596069336,144.2088623046875
275.43068731833665,26.17104942266289,99.2026596069336,144.2088623046875
273.04516457759485,22.831317585624376,99.2026596069336,144.2088623046875
275.43068731833665,28.07946761525632,99.2026596069336,144.2088623046875
273.04516457759485,23.785526681921098,99.2026596069336,144.2088623046875
275.41270517566096,28.625160249193186,101.39752197265625,147.3994903564453
271.99908177172796,23.260894900155634,101.39752197265625,147.3994903564453
275.41270517566096,28.625160249193186,101.39752197265625,147.3994903564453
271.0237607991757,24.236215872707916,101.39752197265625,147.3994903564453
274.4373842031087,29.60048122174547,101.39752197265625,147.3994903564453
270.04843982662345,24.236215872707916,101.39752197265625,147.3994903564453
273.46206323055645,30.57580219429775,101.39752197265625,147.3994903564453
270.04843982662345,25.2115368452602,101.39752197265625,147.3994903564453
270.4445713592009,29.146354539906184,103.64094543457031,150.66070556640625
266.9554215374559,23.663404820021185,103.64094543457031,150.66070556640625
264.4631716647809,22.16805489641618,103.64094543457031,150.66070556640625
265.95852158838585,25.657204718161182,103.64094543457031,150.66070556640625
262.46937176664085,20.174254998276183,103.64094543457031,150.66070556640625
262.96782174117584,23.663404820021185,103.64094543457031,150.66070556640625
257.4848720212908,18.180455100136186,103.64094543457031,150.66070556640625
254.9926221486158,22.666504870951186,103.64094543457031,150.66070556640625
250.5065723778008,19.177355049206184,103.64094543457031,150.66070556640625
254.9926221486158,25.657204718161196,103.64094543457031,150.66070556640625
247.5158725305908,21.171154947346196,103.64094543457031,150.66070556640625
244.0267227088458,26.654104667231195,103.64094543457031,150.66070556640625
239.5406729380308,27.1525546417662,103.64094543457031,150.66070556640625
234.77415366130043,29.105860570107893,105.93399810791016,153.99407958984375
236.3025882019652,31.653251471215825,105.93399810791016,153.99407958984375
230.69832821952775,30.124816930551063,105.93399810791016,153.99407958984375
226.11302459753347,35.72907691298852,105.93399810791016,153.99407958984375
221.52772097553918,37.25751145365328,105.93399810791016,153.99407958984375
216.9424173535449,37.76698963387487,105.93399810791016,153.99407958984375
214.39502645243698,36.23855509321011,105.93399810791016,153.99407958984375
211.84763555132906,39.804902354761225,105.93399810791016,153.99407958984375
207.26233192933478,37.257511453653294,105.93399810791016,153.99407958984375
203.6959846677837,39.804902354761225,105.93399810791016,153.99407958984375
200.12963740623258,37.257511453653294,105.93399810791016,153.99407958984375
197.37199249680657,32.911033518265526,108.27778625488281,157.4011993408203
195.8097413419296,31.34878236338855,108.27778625488281,157.4011993408203
193.20598941713465,28.745030438593602,108.27778625488281,157.4011993408203
191.64373826225767,27.182779283716627,108.27778625488281,157.4011993408203
172.21921647637538,67.5095557980911,105.9687271118164,154.04457092285156
170.51818019633748,72.67927896446258,108.31328582763672,157.4528045654297
172.08094357666465,76.32572685189263,108.31328582763672,157.4528045654297
168.4344956892346,74.76296347156546,108.31328582763672,157.4528045654297
171.03910132311321,77.36756910544406,108.31328582763672,157.4528045654297
167.39265343568317,72.67927896446258,108.31328582763672,157.4528045654297
173.12278583021612,77.36756910544406,108.31328582763672,157.4528045654297
168.43449568923464,72.67927896446258,108.31328582763672,157.4528045654297
173.12278583021612,76.32572685189263,108.31328582763672,157.4528045654297
168.43449568923464,71.63743671091115,108.31328582763672,157.4528045654297
173.12278583021612,76.32572685189263,108.31328582763672,157.4528045654297
168.43449568923464,70.59559445735968,108.31328582763672,157.4528045654297
173.12278583021612,75.28388459834116,108.31328582763672,157.4528045654297
168.43449568923464,69.55375220380822,108.31328582763672,157.4528045654297
172.08094357666468,74.2420423447897,108.31328582763672,157.4528045654297
167.3926534356832,69.55375220380822,108.31328582763672,157.4528045654297
172.08094357666468,74.2420423447897,108.31328582763672,157.4528045654297
167.3926534356832,70.59559445735965,108.31328582763672,157.4528045654297
172.08094357666468,75.28388459834113,108.31328582763672,157.4528045654297
170.5181801963375,71.63743671091109,108.31328582763672,157.4528045654297
175.206470337319,75.28388459834113,108.31328582763672,157.4528045654297
172.60186470344038,72.67927896446253,108.31328582763672,157.4528045654297
177.29015484442186,76.32572685189257,108.31328582763672,157.4528045654297
179.89476047830047,77.88849023221974,108.31328582763672,157.4528045654297
176.24831259087043,77.367569105444,108.31328582763672,157.4528045654297
173.64370695699182,73.72112121801396,108.31328582763672,157.4528045654297
173.1227858302161,74.2420423447897,108.31328582763672,157.4528045654297
169.47633794278605,72.67927896446253,108.31328582763672,157.4528045654297
168.8185781271967,73.63973602054907,110.709716796875,160.9364471435547
164.026559566846,67.78282444678709,110.709716796875,160.9364471435547
162.4292200467291,69.38016396690398,110.709716796875,160.9364471435547
163.09647666333038,71.60937646651365,108.34880065917969,157.50442504882812
161.74047516142974,74.79556113840599,106.0382308959961,154.14559936523438
261.1864742153367,20.227756529339075,106.0382308959961,154.14559936523438
265.77628955628626,14.61798222373406,106.0382308959961,154.14559936523438
270.3661048972358,12.068084812095421,106.0382308959961,154.14559936523438
272.91600230887445,18.69781808235588,106.0382308959961,154.14559936523438
275.4658997205131,15.127961706061782,106.0382308959961,154.14559936523438
280.05571506146265,17.67785911770042,106.0382308959961,154.14559936523438
282.6056124731013,14.108002741406324,106.0382308959961,154.14559936523438
286.1754688493954,16.657900153044963,106.0382308959961,154.14559936523438
286.6854483317231,14.108002741406324,106.0382308959961,154.14559936523438
289.23534574336173,16.657900153044963,106.0382308959961,154.14559936523438
289.74532522568944,13.088043776750865,106.0382308959961,154.14559936523438
292.2952226373281,16.657900153044963,106.0382308959961,154.14559936523438
293.8251610843113,15.127961706061782,106.0382308959961,154.14559936523438
293.31518160198357,16.657900153044963,106.0382308959961,154.14559936523438
294.84512004896675,16.14792067071724,106.0382308959961,154.14559936523438
295.35509953129446,17.67785911770042,106.0382308959961,154.14559936523438
296.88503797827764,18.187838600028144,106.0382308959961,154.14559936523438
296.37505849594993,17.67785911770042,106.0382308959961,154.14559936523438
298.9249559075886,19.207797564683602,106.0382308959961,154.14559936523438
297.3950174606054,19.717777047011324,106.0382308959961,154.14559936523438
298.9249559075886,20.227756529339047,106.0382308959961,154.14559936523438
297.3950174606054,19.717777047011324,106.0382308959961,154.14559936523438
299.94491487224406,21.247715493994505,106.0382308959961,154.14559936523438
298.4149764252609,20.737736011666783,106.0382308959961,154.14559936523438
300.9648738368995,21.247715493994505,106.0382308959961,154.14559936523438
301.47485331922724,22.777653940977686,106.0382308959961,154.14559936523438
301.98483280155494,21.247715493994505,106.0382308959961,154.14559936523438
303.5147712485381,22.777653940977686,106.0382308959961,154.14559936523438
300.96487383689947,21.247715493994505,106.0382308959961,154.14559936523438
304.53473021319354,22.777653940977686,106.0382308959961,154.14559936523438
303.00479176621036,23.287633423305408,106.0382308959961,154.14559936523438
305.554689177849,25.837530834944047,106.0382308959961,154.14559936523438
303.00479176621036,22.26767445864995,106.0382308959961,154.14559936523438
304.53473021319354,24.81757187028859,106.0382308959961,154.14559936523438
303.00479176621036,23.287633423305408,106.0382308959961,154.14559936523438
306.57464814250443,25.837530834944047,106.0382308959961,154.14559936523438
304.0247507308658,23.287633423305408,106.0382308959961,154.14559936523438
307.59460710715985,25.837530834944047,106.0382308959961,154.14559936523438
304.0247507308658,22.26767445864995,106.0382308959961,154.14559936523438
307.59460710715985,24.81757187028859,106.0382308959961,154.14559936523438
306.06466866017666,24.307592387960867,106.0382308959961,154.14559936523438
307.59460710715985,23.797612905633144,106.0382308959961,154.14559936523438
305.0447096955212,22.267674458649964,106.0382308959961,154.14559936523438
307.59460710715985,24.817571870288603,106.0382308959961,154.14559936523438
304.0247507308658,21.247715493994505,106.0382308959961,154.14559936523438
307.59460710715985,24.817571870288603,106.0382308959961,154.14559936523438
305.0447096955212,22.267674458649964,106.0382308959961,154.14559936523438
308.61456607181526,26.85748979959952,106.0382308959961,154.14559936523438
304.0247507308657,23.287633423305422,106.0382308959961,154.14559936523438
308.61456607181526,27.87744876425498,106.0382308959961,154.14559936523438
305.0447096955212,24.30759238796088,106.0382308959961,154.14559936523438
309.63452503647073,27.87744876425498,106.0382308959961,154.14559936523438
306.06466866017666,24.30759238796088,106.0382308959961,154.14559936523438
309.63452503647073,26.85748979959952,106.0382308959961,154.14559936523438
309.124545554143,25.32755135261634,106.0382308959961,154.14559936523438
311.6744429657817,30.937325658221354,106.0382308959961,154.14559936523438
310.1445045187985,27.367469281927256,106.0382308959961,154.14559936523438
309.80051461847717,36.38426708065316,103.77693176269531,150.8583984375
311.2978266672536,31.89233093432385,103.77693176269531,150.8583984375
309.80051461847717,37.382475113170784,103.77693176269531,150.8583984375
310.29961863473596,34.886955031876724,103.77693176269531,150.8583984375
307.8040985534419,41.37530724324128,103.77693176269531,150.8583984375
304.3103704396302,36.88337109691197,103.77693176269531,150.8583984375
304.809474455889,42.373515275758905,103.77693176269531,150.8583984375
300.3175383095597,37.881579129429596,103.77693176269531,150.8583984375
294.8273941307128,42.373515275758905,103.77693176269531,150.8583984375
291.3336660169011,45.86724338957059,103.77693176269531,150.8583984375
286.8417298705718,41.37530724324128,103.77693176269531,150.8583984375
288.33904191934823,46.86545142208821,103.77693176269531,150.8583984375
283.84710577301894,49.360971503382274,103.77693176269531,150.8583984375
280.35337765920724,53.8529076497116,103.77693176269531,150.8583984375
275.86144151287795,59.343051828558515,103.77693176269531,150.8583984375
271.36950536654865,65.83140403992306,103.77693176269531,150.8583984375
271.86860938280745,64.33409199114664,103.77693176269531,150.8583984375
267.37667323647815,70.82244420251118,103.77693176269531,150.8583984375
262.88473709014886,73.31796428380522,103.77693176269531,150.8583984375
261.3874250413724,79.80631649516977,103.77693176269531,150.8583984375
258.89190496007836,79.30721247891097,103.77693176269531,150.8583984375
260.3892170088548,82.80094059272264,103.77693176269531,150.8583984375
258.89190496007836,81.30362854394622,103.77693176269531,150.8583984375
259.39100897633716,79.8063164951698,103.77693176269531,150.8583984375
260.8883210251136,76.31258838135813,103.77693176269531,150.8583984375
263.38384110640766,74.8152763325817,103.77693176269531,150.8583984375
261.8865290576312,76.31258838135813,103.77693176269531,150.8583984375
265.3802571714429,71.82065223502883,103.77693176269531,150.8583984375
264.7500444462216,65.49139946465749,106.072998046875,154.19613647460938
268.32107129455136,62.94066600156481,106.072998046875,154.19613647460938
270.87180475764404,59.369639153235056,106.072998046875,154.19613647460938
269.34136467978846,58.85949246061651,106.072998046875,154.19613647460938
272.91239152811823,54.26817222704966,106.072998046875,154.19613647460938
276.483418376448,50.697145378719895,106.072998046875,154.19613647460938
274.7807097863719,43.16930096112489,108.41986083984375,157.60772705078125
278.430745603721,38.47639776739038,108.41986083984375,157.60772705078125
275.8235771627574,42.126433584739445,108.41986083984375,157.60772705078125
279.47361298010645,36.39066301461949,108.41986083984375,157.60772705078125
278.95217929191375,34.82636195004132,108.41986083984375,157.60772705078125
280.5164803564919,33.26206088546314,108.41986083984375,157.60772705078125
279.9950466682992,35.86922932642676,108.41986083984375,157.60772705078125
279.4736129801065,32.2191935090777,108.41986083984375,157.60772705078125
279.9950466682992,30.654892444499524,108.41986083984375,157.60772705078125
281.55934773287737,29.09059137992135,108.41986083984375,157.60772705078125
278.95217929191375,24.39768818618684,108.41986083984375,157.60772705078125
278.43074560372105,31.17632613269224,108.41986083984375,157.60772705078125
276.69036392614686,26.727850972360457,110.81864929199219,161.0948028564453
274.9114740523313,26.604609247371585,113.27051544189453,164.65902709960938
272.1876621581662,29.328421141536694,113.27051544189453,164.65902709960938
271.64289977933316,26.604609247371585,113.27051544189453,164.65902709960938
268.6942713027056,27.609023255048356,115.77662658691406,168.30210876464844
267.9911863286764,26.324879778821895,118.33818817138672,172.02578735351562
326.61206905932806,0.7138145081488432,118.33818817138672,172.02578735351562
330.5960125458772,-7.823207248742179,118.33818817138672,172.02578735351562
358.4836169517212,0.7138145081488432,118.33818817138672,172.02578735351562
357.0025975752181,5.290884147103142,115.81459045410156,168.35728454589844
330.8573540960112,-2.040691509295911,113.34481048583984,164.7670135498047
323.1338299348495,-7.11425541717648,110.92769622802734,161.25331115722656
325.85925061011824,0.26146613595737733,108.56212615966797,157.8145294189453
327.5200552084115,-2.585025279199826,106.24700927734375,154.44908142089844
330.13047158731837,3.4944385792003487,103.98126220703125,151.15541076660156
330.75717537883656,0.7680544106277267,101.76383209228516,147.93197631835938
331.3705147121309,6.590991286223016,99.59368896484375,144.77728271484375
332.89411872076283,4.902993297820899,97.4698257446289,141.6898651123047
332.5779250011974,9.576570930664332,95.39125061035156,138.6682891845703
334.03724092388535,11.497331708088595,93.35700225830078,135.71115112304688
336.3309603546825,9.915042959324396,91.36613464355469,132.8170623779297
336.0345660803177,15.14302430536803,89.417724609375,129.9846954345703
338.2314996349527,13.627498934803683,87.5108642578125,127.21273040771484
338.7589357093913,18.6348810580688,85.64466857910156,124.4998779296875
339.17083452394377,15.751589356201833,85.64466857910156,124.4998779296875
340.48104580795444,19.858165084999143,83.81826782226562,121.84487915039062
340.88416075622064,20.261280033265322,83.81826782226562,121.84487915039062
342.0935056010192,18.2457052919344,83.81826782226562,121.84487915039062
341.0445093076495,23.041796569218647,82.03081512451172,119.24649810791016
343.82046711103345,20.890952650080635,80.28148651123047,116.70352935791016
341.8899412267777,24.36589924174102,80.28148651123047,116.70352935791016
344.6067033187332,23.00522177223182,78.5694580078125,114.21479034423828
344.9845746863913,24.89457861052213,78.5694580078125,114.21479034423828
346.1181887893655,22.249479036915687,78.5694580078125,114.21479034423828
347.2518028923397,24.89457861052213,78.5694580078125,114.21479034423828
348.4537733693528,24.29134243639406,76.8939437866211,111.77912902832031
350.3430054726808,28.691220295450307,75.25415802001953,109.3954086303711
351.4287857832159,29.05314706562868,75.25415802001953,109.3954086303711
350.3430054726808,31.58663445687732,75.25415802001953,109.3954086303711
351.4942606781032,35.19499670049835,73.64933776855469,107.06251525878906
352.62096392519385,35.312350185544844,72.07874298095703,104.77937316894531
350.88768908376306,38.43224490012024,72.07874298095703,104.77937316894531
350.5410341154769,40.16551974155101,72.07874298095703,104.77937316894531
349.5010692106185,42.592104519554084,72.07874298095703,104.77937316894531
348.46110430576005,45.71199923412948,72.07874298095703,104.77937316894531
347.4211394009016,43.285414456126404,72.07874298095703,104.77937316894531
348.46110430576005,47.098619107274104,72.07874298095703,104.77937316894531
345.3412095911847,51.60513369499411,72.07874298095703,104.77937316894531
346.3811744960431,49.17854891699103,72.07874298095703,104.77937316894531
344.64789965461233,54.37837344128336,72.07874298095703,104.77937316894531
343.6079347497539,51.25847872670796,72.07874298095703,104.77937316894531
343.95458971804004,57.15161318757259,72.07874298095703,104.77937316894531
340.8346950034647,60.96481783872029,72.07874298095703,104.77937316894531
338.4081102254616,64.08471255329569,72.07874298095703,104.77937316894531
335.9815254474585,67.20460726787108,72.07874298095703,104.77937316894531
337.7148002888893,64.77802248986801,72.07874298095703,104.77937316894531
332.514975764597,68.59122714101571,72.07874298095703,104.77937316894531
328.008461176877,69.63119204587417,72.07874298095703,104.77937316894531
324.1952565257293,72.05777682387725,72.07874298095703,104.77937316894531
320.3820518745816,73.79105166530802,72.07874298095703,104.77937316894531
322.1022626711152,70.83365655028257,73.6734848022461,107.09761810302734
316.07874261030395,73.31392951649897,73.6734848022461,107.09761810302734
309.34657313057374,72.25095538812052,73.6734848022461,107.09761810302734
301.1971048130056,71.18798125974206,73.6734848022461,107.09761810302734
291.63033765759945,69.41635771244464,73.6734848022461,107.09761810302734
289.858714110302,70.4793318408231,73.6734848022461,107.09761810302734
285.2524928873287,67.29040945568772,73.6734848022461,107.09761810302734
281.35492108327435,69.77068242190413,73.6734848022461,107.09761810302734
278.165998698139,70.12500713136362,73.6734848022461,107.09761810302734
277.9269982999043,70.92543422436742,72.10237884521484,104.81372833251953
277.5802296715984,72.65927736589718,72.10237884521484,104.81372833251953
273.7657747602329,70.23189696775552,72.10237884521484,104.81372833251953
272.03193161870314,71.27220285267337,72.10237884521484,104.81372833251953
270.99162573378527,73.00604599420313,72.10237884521484,104.81372833251953
269.2577825922555,73.35281462250909,72.10237884521484,104.81372833251953
268.9110139639496,72.31250873759123,72.10237884521484,104.81372833251953
267.17717082241984,69.88512833944957,72.10237884521484,104.81372833251953
268.9110139639496,74.39312050742694,72.10237884521484,104.81372833251953
133.76137158897873,340.2218481800112,72.10237884521484,104.81372833251953
162.1053060654843,243.00310340933834,73.69764709472656,107.13272857666016
159.62421987603378,239.10425368305891,73.69764709472656,107.13272857666016
154.76388237071222,239.75776180870224,75.32820892333984,109.50303649902344
159.4735599247262,240.84461047501316,75.32820892333984,109.50303649902344
154.50568965365656,240.76083977612518,76.99484252929688,111.92578887939453
148.65953296532837,237.6017385849638,78.69835662841797,114.40214538574219
148.28104171559525,238.73721233416313,78.69835662841797,114.40214538574219
145.44701670355198,242.57653765600298,80.43955993652344,116.93329620361328
141.7475449033046,237.6706069895228,82.21928405761719,119.52044677734375
141.2482483837686,240.86119897335732,84.03838348388672,122.16483306884766
139.89924228235327,241.60640114181098,85.89773559570312,124.86772918701172
137.66317421049686,237.22479942621305,87.79822540283203,127.63042449951172
132.7490904926303,234.49861259488318,89.74076080322266,130.45425415039062
128.62185063002266,231.7121089395148,91.72627258300781,133.34056091308594
127.29840783596632,231.270961341496,91.72627258300781,133.34056091308594
123.3280794537973,230.8298137434772,91.72627258300781,133.34056091308594
123.76922705181607,229.50637094942084,91.72627258300781,133.34056091308594
119.79889866964706,233.47669933158988,91.72627258300781,133.34056091308594
114.06397989540292,231.270961341496,91.72627258300781,133.34056091308594
114.42233087748832,232.08433210875745,93.7557144165039,136.2907257080078
108.23916923245261,228.23753359989445,95.83006286621094,139.30615234375
108.70005356032587,230.5419552392608,95.83006286621094,139.30615234375
110.08270654394568,226.39399628840135,95.83006286621094,139.30615234375
106.85651624883278,225.9331119605281,95.83006286621094,139.30615234375
108.23916923245258,227.31576494414793,95.83006286621094,139.30615234375
108.70005356032584,229.62018658351428,95.83006286621094,139.30615234375
106.61227354786115,228.88443174324232,93.78646087646484,136.3354034423828
107.96544104014353,229.33548757400314,93.78646087646484,136.3354034423828
109.31860853242591,227.98232008172073,93.78646087646484,136.3354034423828
289.84030392782273,61.83499226092846,93.78646087646484,136.3354034423828
292.07858316581286,43.94781817791147,95.86148834228516,139.35182189941406
293.46168948886196,37.95435744469857,95.86148834228516,139.35182189941406
117.9544764433588,211.39992247725957,95.86148834228516,139.35182189941406
112.88308659217864,227.53616291283276,95.86148834228516,139.35182189941406
115.18826379726053,229.84134011791463,95.86148834228516,139.35182189941406
120.25965364844069,227.53616291283276,95.86148834228516,139.35182189941406
122.56483085352258,229.84134011791463,95.86148834228516,139.35182189941406
126.69756810764864,232.66031737808834,93.81721496582031,136.38009643554688
119.92951228708955,233.11152109945897,93.81721496582031,136.38009643554688
124.89275322216622,235.36753970631202,93.81721496582031,136.38009643554688
130.7584015999841,234.01392854220018,93.81721496582031,136.38009643554688
133.01442020683712,236.26994714905322,93.81721496582031,136.38009643554688
132.5632164854665,239.42837319864748,93.81721496582031,136.38009643554688
129.40479043587226,243.48920669098294,93.81721496582031,136.38009643554688
207.46303423298713,240.33078064138869,93.81721496582031,136.38009643554688
205.2070156261341,237.17235459179443,93.81721496582031,136.38009643554688
205.6582193475047,240.33078064138869,93.81721496582031,136.38009643554688
198.89016352694563,237.17235459179443,93.81721496582031,136.38009643554688
191.21970026364534,237.62355831316506,93.81721496582031,136.38009643554688
182.6468295576038,235.36753970631202,93.81721496582031,136.38009643554688
171.36673652333866,236.72115087042386,93.81721496582031,136.38009643554688
160.98905093181472,236.26994714905322,93.81721496582031,136.38009643554688
148.80655045480836,240.33078064138869,93.81721496582031,136.38009643554688
139.33127230602562,235.36753970631202,93.81721496582031,136.38009643554688
128.95358671450168,235.81874342768265,93.81721496582031,136.38009643554688
125.79516066490743,238.0747620345357,93.81721496582031,136.38009643554688
118.12469740160714,235.81874342768265,93.81721496582031,136.38009643554688
107.7470118100832,240.78198436275932,93.81721496582031,136.38009643554688
97.36932621855925,236.72115087042386,93.81721496582031,136.38009643554688
89.69886295525896,232.6603173780884,93.81721496582031,136.38009643554688
84.73562202018229,237.62355831316506,93.81721496582031,136.38009643554688
77.96756619962319,229.95309504986477,93.81721496582031,136.38009643554688
66.68747316535804,224.0874466720469,93.81721496582031,136.38009643554688
54.50497268835167,228.14828016438236,93.81721496582031,136.38009643554688
49.541731753275,223.1850392293057,93.81721496582031,136.38009643554688
45.22701148585418,225.88944883844357,95.8929214477539,139.3975067138672
35.07505665649242,220.9979973887949,98.0145492553711,142.48167419433594
14.917138587634227,218.9327275005046,100.18312072753906,145.6340789794922
5.762561077233244,219.4145473694731,100.18312072753906,145.6340789794922
3.353461732390876,224.71456592812632,100.18312072753906,145.6340789794922
3.7448497073677487,220.60404900287188,102.39967346191406,148.85623168945312
-2.6573920290344546,223.0664496707189,102.39967346191406,148.85623168945312
-5.119792696881454,221.5890092700107,102.39967346191406,148.85623168945312
-10.537074166144855,219.12660860216369,102.39967346191406,148.85623168945312
-16.939315902547058,222.57396953714948,102.39967346191406,148.85623168945312
-12.524708094088183,222.73713457620005,100.21597290039062,145.68182373046875
-13.778923712587456,228.47149957548504,98.0788345336914,142.5751190185547
-18.967618472577538,225.16960291003682,98.0788345336914,142.5751190185547
-15.648587574377295,233.50958058388562,95.98727416992188,139.53466796875
-18.880070298887656,234.8945017515329,95.98727416992188,139.53466796875
-15.631817877141753,233.2676278349656,93.94031524658203,136.55905151367188
-16.083613646009184,239.14097283024216,93.94031524658203,136.55905151367188
158.845139424139,21.018954251397346,93.94031524658203,136.55905151367188
254.17404665516665,15.145609256120764,93.94031524658203,136.55905151367188
263.6617578013827,18.30817963819277,93.94031524658203,136.55905151367188
266.8243281834547,16.04920079385562,93.94031524658203,136.55905151367188
272.6976731787313,19.211771175927623,93.94031524658203,136.55905151367188
281.10224356505336,21.10332218232375,91.93701171875,133.64688110351562
288.47522726808666,23.806893837481184,89.97642517089844,130.79681396484375
295.83166905180235,24.239625707111514,89.97642517089844,130.79681396484375
298.8607921392147,22.941430098220508,89.97642517089844,130.79681396484375
304.4863064444091,24.239625707111514,89.97642517089844,130.79681396484375
310.11182074960345,23.806893837481184,89.97642517089844,130.79681396484375
316.60279879405846,24.239625707111514,89.97642517089844,130.79681396484375
323.09377683851346,25.53782131600252,89.97642517089844,130.79681396484375
324.39197244740444,23.37416196785084,89.97642517089844,130.79681396484375
330.0174867525988,28.13421253378452,89.97642517089844,130.79681396484375
336.3990579483469,26.609213884549064,88.05764770507812,128.00753784179688
343.59862139522915,31.267754938414043,88.05764770507812,128.00753784179688
351.6451923064505,29.997243741905407,88.05764770507812,128.00753784179688
352.9157035029591,32.961769867092215,88.05764770507812,128.00753784179688
360.1152669498413,29.997243741905407,88.05764770507812,128.00753784179688
367.31483039672355,33.8087773314313,88.05764770507812,128.00753784179688
375.3614013079449,35.07928852793994,88.05764770507812,128.00753784179688
380.866949826149,39.73782958180492,88.05764770507812,128.00753784179688
381.39768015457014,34.16339000139037,86.17979431152344,125.27774047851562
385.17448095121057,39.22772938616903,88.0865249633789,128.0495147705078
299.44990334982634,352.16956117885013,88.0865249633789,128.0495147705078
412.56247463780034,239.05698989087614,88.0865249633789,128.0495147705078
416.37525793964215,236.93877694540845,88.0865249633789,128.0495147705078
419.3407560632969,241.59884542543733,88.0865249633789,128.0495147705078
423.13830319503927,237.65590155873753,86.20805358886719,125.31881713867188
82.50976064892171,68.71665856730834,86.20805358886719,125.31881713867188
22.391559573622388,37.62103732146386,86.20805358886719,125.31881713867188
13.684785624785931,34.718779338518374,86.20805358886719,125.31881713867188
11.611744208396303,35.96260418835216,86.20805358886719,125.31881713867188
9.538702792006674,34.718779338518374,86.20805358886719,125.31881713867188
10.782527641840453,33.47495448868459,86.20805358886719,125.31881713867188
4.56340339267156,35.54799590507422,86.20805358886719,125.31881713867188
3.3195785428377818,34.30417105524043,86.20805358886719,125.31881713867188
3.7341868261157103,36.37721247163006,86.20805358886719,125.31881713867188
0.0027122766143747867,35.133387621796274,86.20805358886719,125.31881713867188
0.4173205598923033,36.37721247163006,86.20805358886719,125.31881713867188
-2.484937423053182,35.96260418835213,86.20805358886719,125.31881713867188
0.4173205598923033,34.718779338518345,86.20805358886719,125.31881713867188
-3.314153989609032,36.791820754907974,86.20805358886719,125.31881713867188
0.4173205598923033,34.718779338518345,86.20805358886719,125.31881713867188
-3.314153989609032,36.791820754907974,86.20805358886719,125.31881713867188
0.4173205598923033,34.718779338518345,86.20805358886719,125.31881713867188
2.490361976281932,35.133387621796274,86.20805358886719,125.31881713867188
-1.2411125732194037,36.37721247163006,86.20805358886719,125.31881713867188
3.319578542837789,34.30417105524043,86.20805358886719,125.31881713867188
5.392619959227417,36.37721247163006,86.20805358886719,125.31881713867188
8.294877942172903,34.30417105524043,86.20805358886719,125.31881713867188
10.367919358562531,34.71877933851836,86.20805358886719,125.31881713867188
10.78252764184046,33.474954488684574,86.20805358886719,125.31881713867188
15.343218757897652,33.8895627719625,86.20805358886719,125.31881713867188
19.074693307398988,35.13338762179629,86.20805358886719,125.31881713867188
315.24880283077476,-30.17877953553881,86.20805358886719,125.31881713867188
323.9555767796112,29.939421539760517,86.20805358886719,125.31881713867188
322.7117519297774,34.5001126558177,86.20805358886719,125.31881713867188
326.44322647927874,37.40237063876319,86.20805358886719,125.31881713867188
323.5409684963333,36.98776235548526,86.20805358886719,125.31881713867188
323.9555767796112,39.890020338430745,86.20805358886719,125.31881713867188
321.05331879666574,38.64619548859696,86.20805358886719,125.31881713867188
321.46792707994365,39.890020338430745,86.20805358886719,125.31881713867188
318.5656690969982,41.96306175482037,86.20805358886719,125.31881713867188
314.004977980941,44.03610317121,86.20805358886719,125.31881713867188
309.44428686488385,44.45071145448793,86.20805358886719,125.31881713867188
305.7128123153825,44.86531973776586,86.20805358886719,125.31881713867188
306.9566371652163,46.109144587599644,86.20805358886719,125.31881713867188
302.39594604915914,46.52375287087757,86.20805358886719,125.31881713867188
296.17682179999025,46.9383611541555,86.20805358886719,125.31881713867188
286.64083128459794,49.01140257054513,86.20805358886719,125.31881713867188
276.2756242026498,48.5967942872672,86.20805358886719,125.31881713867188
272.54414965314845,46.52375287087757,86.20805358886719,125.31881713867188
266.32502540397957,47.76757772071136,86.20805358886719,125.31881713867188
261.7643342879224,44.036103171210016,86.20805358886719,125.31881713867188
257.2036431718652,42.79227832137623,86.20805358886719,125.31881713867188
254.30138518891977,39.06080377187489,86.20805358886719,125.31881713867188
257.2036431718652,41.133845188264516,86.20805358886719,125.31881713867188
253.47216862236388,36.57315407220733,86.20805358886719,125.31881713867188
251.5940162422823,35.11202821190113,84.36964416503906,122.64635467529297
251.5940162422823,35.11202821190113,84.36964416503906,122.64635467529297
251.5940162422823,35.11202821190113,84.36964416503906,122.64635467529297
240.7272636026687,-21.236309406810065,84.36964416503906,122.64635467529297
240.7272636026687,-21.236309406810065,84.36964416503906,122.64635467529297
240.7272636026687,-21.236309406810065,84.36964416503906,122.64635467529297
240.7272636026687,-21.236309406810065,84.36964416503906,122.64635467529297
240.7272636026687,-21.236309406810065,84.36964416503906,122.64635467529297
240.7272636026687,-21.236309406810065,84.36964416503906,122.64635467529297
293.8473989006513,96.37362599518275,84.36964416503906,122.64635467529297
293.8473989006513,96.37362599518275,84.36964416503906,122.64635467529297
293.8473989006513,96.37362599518275,84.36964416503906,122.64635467529297
293.8473989006513,96.37362599518275,84.36964416503906,122.64635467529297
293.8473989006513,96.37362599518275,84.36964416503906,122.64635467529297
293.8473989006513,96.37362599518275,84.36964416503906,122.64635467529297
293.8473989006513,96.37362599518275,84.36964416503906,122.64635467529297
293.8473989006513,96.37362599518275,84.36964416503906,122.64635467529297
293.8473989006513,96.37362599518275,84.36964416503906,122.64635467529297
293.8473989006513,96.37362599518275,84.36964416503906,122.64635467529297
293.8473989006513,96.37362599518275,84.36964416503906,122.64635467529297
185.39701438559308,244.87219872397037,84.36964416503906,122.64635467529297
185.39701438559308,244.87219872397037,84.36964416503906,122.64635467529297
185.39701438559308,244.87219872397037,84.36964416503906,122.64635467529297
185.39701438559308,244.87219872397037,84.36964416503906,122.64635467529297
185.39701438559308,244.87219872397037,84.36964416503906,122.64635467529297
238.38979101372928,231.73027982896178,84.36964416503906,122.64635467529297
238.38979101372928,231.73027982896178,84.36964416503906,122.64635467529297
238.38979101372928,231.73027982896178,84.36964416503906,122.64635467529297
238.38979101372928,231.73027982896178,84.36964416503906,122.64635467529297
159.76632768028978,335.241949763352,84.36964416503906,122.64635467529297
43.42493537394304,166.9495668596778,84.36964416503906,122.64635467529297
43.42493537394304,166.9495668596778,84.36964416503906,122.64635467529297
43.42493537394304,166.9495668596778,84.36964416503906,122.64635467529297
43.42493537394304,166.9495668596778,84.36964416503906,122.64635467529297
43.42493537394304,166.9495668596778,84.36964416503906,122.64635467529297
43.42493537394304,166.9495668596778,84.36964416503906,122.64635467529297
43.42493537394304,166.9495668596778,84.36964416503906,122.64635467529297
43.42493537394304,166.9495668596778,84.36964416503906,122.64635467529297
305.15590142568317,286.4426992472636,84.36964416503906,122.64635467529297
305.15590142568317,286.4426992472636,84.36964416503906,122.64635467529297
275.99590970604197,185.19227164660305,84.36964416503906,122.64635467529297
279.2433414941597,212.96226315212454,84.36964416503906,122.64635467529297
212.49194815453782,242.03869705134423,84.36964416503906,122.64635467529297
209.78324161808172,235.55078776242868,84.36964416503906,122.64635467529297
209.78324161808172,235.55078776242868,84.36964416503906,122.64635467529297
209.78324161808172,235.55078776242868,84.36964416503906,122.64635467529297
264.4237373380789,81.6637330090818,84.36964416503906,122.64635467529297
302.67652270851016,82.2933750441018,84.36964416503906,122.64635467529297
302.67652270851016,82.2933750441018,84.36964416503906,122.64635467529297
302.67652270851016,82.2933750441018,84.36964416503906,122.64635467529297
302.67652270851016,82.2933750441018,84.36964416503906,122.64635467529297
286.23241227581144,-29.96676899881865,84.36964416503906,122.64635467529297
286.23241227581144,-29.96676899881865,84.36964416503906,122.64635467529297
197.51767927418894,63.7017412909923,84.36964416503906,122.64635467529297
210.0362229146614,177.81425303210943,84.36964416503906,122.64635467529297
210.0362229146614,177.81425303210943,84.36964416503906,122.64635467529297
290.3292033855354,74.69818894405543,82.5704345703125,120.0308837890625
288.5303037936738,78.65735541213775,80.8095932006836,117.47119140625
256.4959792399078,-12.989997577922352,80.8095932006836,117.47119140625
287.19893227540297,76.00970172750039,80.8095932006836,117.47119140625
289.18436971945533,82.88122107056498,79.0863037109375,114.96607971191406
288.1945932653039,86.67332671599607,77.39976501464844,112.51439666748047
287.9435068014745,89.66698548098853,75.74919128417969,110.114990234375
286.1219691864775,87.11683281999274,75.74919128417969,110.114990234375
286.4862767094769,90.39560052698732,75.74919128417969,110.114990234375
284.13370453068956,94.02769703740918,74.13381958007812,107.76675415039062
280.9248575326273,91.5319271500274,74.13381958007812,107.76675415039062
278.42908764524554,94.74077414808968,74.13381958007812,107.76675415039062
278.0725490899053,94.38423559274943,74.13381958007812,107.76675415039062
274.1506249811625,93.31461992672868,74.13381958007812,107.76675415039062
269.51562376173916,92.24500426070793,74.13381958007812,107.76675415039062
264.46400872234955,90.98852129261311,72.55289459228516,105.46859741210938
266.2465835049516,94.46735987836885,71.00568389892578,103.21944427490234
261.8071600272863,91.39391285536976,71.00568389892578,103.21944427490234
258.05072477695404,89.68644228703695,71.00568389892578,103.21944427490234
254.528872984546,92.43279061858962,69.49146270751953,101.01825714111328
250.18412154971764,88.75646248142715,69.49146270751953,101.01825714111328
248.6701625638658,91.44424276463883,68.00953674316406,98.864013671875
249.65141601813207,89.80882034086167,68.00953674316406,98.864013671875
245.64764621451855,93.06980886111245,66.55921173095703,96.75570678710938
242.12644380893397,89.54860645552787,66.55921173095703,96.75570678710938
239.44221150284352,94.59128810358149,65.13981628417969,94.6923599243164
236.21130215652892,93.48724252975651,63.75069046020508,92.67301940917969
238.95969280366126,98.31714301598015,62.39118957519531,90.69673919677734
236.44354966498912,97.83812085650072,61.0606803894043,88.76260375976562
233.41496520910562,100.76591852766381,59.758541107177734,86.86971282958984
229.10393200286933,102.20292959640926,59.758541107177734,86.86971282958984
232.23424378327724,103.96023404404522,58.48417282104492,85.0171890258789
229.14023775856373,102.55386766917545,58.48417282104492,85.0171890258789
229.9840575834856,104.52278059399313,58.48417282104492,85.0171890258789
226.32750500882418,101.42877456927962,58.48417282104492,85.0171890258789
227.73387138369395,103.39768749409731,58.48417282104492,85.0171890258789
227.00193371980401,106.20194429092601,57.23698043823242,83.20417022705078
227.82775883279683,104.2750190272761,57.23698043823242,83.20417022705078
224.98882760193462,109.14207560356394,56.01638412475586,81.42981719970703
252.09492671456002,152.78212630638993,56.01638412475586,81.42981719970703
246.6579868090583,99.95413546382255,56.01638412475586,81.42981719970703
232.4542391169441,113.02675304785527,54.82181930541992,79.69329833984375
229.5539837601798,113.81773178151826,54.82181930541992,79.69329833984375
20.845973240272393,187.55241584674573,54.82181930541992,79.69329833984375
28.49210099901476,117.68262770651376,54.82181930541992,79.69329833984375
31.872072984406152,121.83605687306473,53.65272903442383,77.99381256103516
34.71047952211661,122.0940938310384,53.65272903442383,77.99381256103516
33.420294732248216,119.25568729332795,53.65272903442383,77.99381256103516
37.22560951663113,122.82312008634659,52.508567810058594,76.33057403564453
40.003486179983184,120.55031190724037,52.508567810058594,76.33057403564453
39.83314789501516,123.5548551282333,51.3888053894043,74.70280456542969
43.04608324850162,121.3305152681273,51.3888053894043,74.70280456542969
42.402945548700075,124.74742054228543,50.29292297363281,73.1097412109375
46.031120786379006,121.60300200296368,50.29292297363281,73.1097412109375
45.789242437200414,123.77990714557103,50.29292297363281,73.1097412109375
49.356264084539134,125.72513076711544,49.22040939331055,71.55065155029297
51.934561024102194,123.52191826303684,48.17076873779297,70.02481079101562
49.84951220939142,124.68027871565394,48.17076873779297,70.02481079101562
53.26601942193136,126.54342141397723,47.14351272583008,68.53150939941406
56.21353039629069,124.95630012009144,47.14351272583008,68.53150939941406
57.80888697334983,127.21678373349181,46.13816452026367,67.07005310058594
60.24974840144927,125.66350827924671,46.13816452026367,67.07005310058594
59.140265934131335,127.21678373349181,46.13816452026367,67.07005310058594
61.13733437530361,124.77592230539236,46.13816452026367,67.07005310058594
62.690609829548706,125.44161178578312,46.13816452026367,67.07005310058594
63.35629930993946,125.21971529231953,46.13816452026367,67.07005310058594
65.7971607380389,124.99781879885595,46.13816452026367,67.07005310058594
64.2438852837938,124.77592230539236,46.13816452026367,67.07005310058594
67.57233268574758,126.32919775963745,46.13816452026367,67.07005310058594
68.68181515306551,124.33212931846518,46.13816452026367,67.07005310058594
70.23509060731061,124.99781879885595,46.13816452026367,67.07005310058594
72.65193065528081,126.78234460133069,45.15425491333008,65.63976287841797
71.5661082357599,127.43383805304325,45.15425491333008,65.63976287841797
74.38924652651426,128.51966047256414,45.15425491333008,65.63976287841797
76.34372688165189,126.56518011742651,45.15425491333008,65.63976287841797
77.4295493011728,128.08533150475577,45.15425491333008,65.63976287841797
79.38402965631043,127.43383805304322,45.15425491333008,65.63976287841797
79.16686517240625,128.95398944037248,45.15425491333008,65.63976287841797
81.12134552754388,126.13085114961811,45.15425491333008,65.63976287841797
81.77283897925642,127.65100253694737,45.15425491333008,65.63976287841797
84.16164830220242,128.73682495646827,45.15425491333008,65.63976287841797
85.24747072172333,125.9136866657139,45.15425491333008,65.63976287841797
85.93825027291851,128.07878677359187,44.19132614135742,64.23997497558594
87.42598397403606,127.86625338771793,44.19132614135742,64.23997497558594
89.33878444690149,128.07878677359187,44.19132614135742,64.23997497558594
92.10171846326264,126.16598630072644,44.19132614135742,64.23997497558594
93.58945216438019,127.22865323009611,44.19132614135742,64.23997497558594
92.95185200675839,128.29132015946578,44.19132614135742,64.23997497558594
94.8646524796238,126.37851968660036,44.19132614135742,64.23997497558594
96.77745295248923,127.01611984422217,44.19132614135742,64.23997497558594
96.98998633836317,126.80358645834824,44.19132614135742,64.23997497558594
98.47772003948072,127.8662533877179,44.19132614135742,64.23997497558594
98.26518665360678,128.50385354533972,44.19132614135742,64.23997497558594
98.90278681122858,126.5910530724743,44.19132614135742,64.23997497558594
100.815587284094,127.22865323009611,44.19132614135742,64.23997497558594
101.87825421346368,127.86625338771793,44.19132614135742,64.23997497558594
103.79105468632909,127.22865323009611,44.19132614135742,64.23997497558594
103.15345452870729,126.5910530724743,44.19132614135742,64.23997497558594
104.64118822982483,127.65372000184396,44.19132614135742,64.23997497558594
105.27878838744664,128.29132015946578,44.19132614135742,64.23997497558594
105.49132177332058,125.9534529148525,44.19132614135742,64.23997497558594
106.55398870269028,127.01611984422217,44.19132614135742,64.23997497558594
105.49132177332058,127.653720001844,44.19132614135742,64.23997497558594
107.404122246186,128.2913201594658,44.19132614135742,64.23997497558594
106.76652208856422,126.80358645834826,44.19132614135742,64.23997497558594
108.67932256142961,127.86625338771793,44.19132614135742,64.23997497558594
108.0417224038078,128.07878677359187,44.19132614135742,64.23997497558594
108.25425578968174,126.16598630072644,44.19132614135742,64.23997497558594
109.3169227190514,127.653720001844,44.19132614135742,64.23997497558594
109.95452287667322,128.2913201594658,44.19132614135742,64.23997497558594
109.3169227190514,127.653720001844,44.19132614135742,64.23997497558594
109.95452287667322,127.86625338771793,44.19132614135742,64.23997497558594
108.46678917555568,128.50385354533975,44.19132614135742,64.23997497558594
110.3795896484211,126.59105307247432,44.19132614135742,64.23997497558594
111.01718980604292,127.653720001844,44.19132614135742,64.23997497558594
109.52945610492537,128.2913201594658,44.19132614135742,64.23997497558594
111.86732334953865,127.22865323009614,44.19132614135742,64.23997497558594
111.65478996366471,128.2913201594658,44.19132614135742,64.23997497558594
112.71745689303438,128.50385354533975,44.19132614135742,64.23997497558594
112.50492350716044,128.7163869312137,44.19132614135742,64.23997497558594
112.71745689303438,128.92892031708763,44.19132614135742,64.23997497558594
112.50492350716044,127.44118661597008,44.19132614135742,64.23997497558594
114.41772398002587,128.50385354533975,44.19132614135742,64.23997497558594
113.78012382240405,128.7163869312137,44.19132614135742,64.23997497558594
114.84279075177372,128.50385354533975,44.19132614135742,64.23997497558594
115.48039090939554,129.14145370296157,44.19132614135742,64.23997497558594
114.41772398002587,127.65372000184402,44.19132614135742,64.23997497558594
115.48039090939554,128.29132015946584,44.19132614135742,64.23997497558594
113.99265720827799,127.65372000184402,44.19132614135742,64.23997497558594
115.90545768114342,129.14145370296157,44.19132614135742,64.23997497558594
115.69292429526948,126.80358645834829,44.19132614135742,64.23997497558594
117.6057247681349,128.29132015946584,44.19132614135742,64.23997497558594
116.11799106701736,129.3539870888355,44.19132614135742,64.23997497558594
117.18065799638703,127.01611984422223,44.19132614135742,64.23997497558594
117.81825815400884,128.0787867735919,44.19132614135742,64.23997497558594
119.3059918551264,128.71638693121372,44.19132614135742,64.23997497558594
118.24332492575672,129.35398708883554,44.19132614135742,64.23997497558594
119.3059918551264,127.44118661597011,44.19132614135742,64.23997497558594
118.66839169750457,128.92892031708766,44.19132614135742,64.23997497558594
120.58119217037,126.59105307247438,44.19132614135742,64.23997497558594
119.94359201274818,128.07878677359193,44.19132614135742,64.23997497558594
121.43904642236424,129.3783100907483,43.248931884765625,62.87003707885742
121.23104537496016,128.75430694853603,43.248931884765625,62.87003707885742
122.68705270678882,130.21031428036468,43.248931884765625,62.87003707885742
122.8950537541929,128.75430694853603,43.248931884765625,62.87003707885742
121.85504851717243,129.7943121855565,43.248931884765625,62.87003707885742
124.14306003861748,130.83431742257696,43.248931884765625,62.87003707885742
122.68705270678882,129.7943121855565,43.248931884765625,62.87003707885742
124.55906213342567,130.83431742257696,43.248931884765625,62.87003707885742
123.9350589912134,130.21031428036468,43.248931884765625,62.87003707885742
123.31105584900112,130.0023132329606,43.248931884765625,62.87003707885742
124.76706318082978,131.45832056478926,43.248931884765625,62.87003707885742
124.97506422823386,129.5863111381524,43.248931884765625,62.87003707885742
123.5190568964052,131.04231846998107,43.248931884765625,62.87003707885742
125.80706841785025,131.25031951738515,43.248931884765625,62.87003707885742
126.43107156006252,129.3783100907483,43.248931884765625,62.87003707885742
126.22307051265844,130.83431742257696,43.248931884765625,62.87003707885742
126.01506946525436,131.87432265959742,43.248931884765625,62.87003707885742
125.39106632304208,130.41831532776877,43.248931884765625,62.87003707885742
126.01506946525436,131.45832056478923,43.248931884765625,62.87003707885742
125.39106632304208,129.58631113815238,43.248931884765625,62.87003707885742
126.43107156006255,130.62631637517285,43.248931884765625,62.87003707885742
125.80706841785027,132.0823237070015,43.248931884765625,62.87003707885742
127.67907784448713,130.21031428036466,43.248931884765625,62.87003707885742
127.05507470227485,131.66632161219331,43.248931884765625,62.87003707885742
127.26307574967893,130.62631637517285,43.248931884765625,62.87003707885742
127.47107679708301,131.66632161219331,43.248931884765625,62.87003707885742
128.0950799392953,131.04231846998104,43.248931884765625,62.87003707885742
127.05507470227482,132.4983258018097,43.248931884765625,62.87003707885742
128.51108203410348,130.62631637517285,43.248931884765625,62.87003707885742
129.13508517631576,132.0823237070015,43.248931884765625,62.87003707885742
128.51108203410348,131.87432265959742,43.248931884765625,62.87003707885742
129.13508517631576,132.9143278966179,43.248931884765625,62.87003707885742
128.0950799392953,131.87432265959742,43.248931884765625,62.87003707885742
127.8870788918912,132.4983258018097,43.248931884765625,62.87003707885742
127.26307574967893,131.45832056478923,43.248931884765625,62.87003707885742
128.7190830815076,132.0823237070015,43.248931884765625,62.87003707885742
128.5110820341035,130.62631637517285,43.248931884765625,62.87003707885742
128.30308098669943,131.66632161219331,43.248931884765625,62.87003707885742
128.5110820341035,132.2903247544056,43.248931884765625,62.87003707885742
127.47107679708304,130.83431742257693,43.248931884765625,62.87003707885742
129.7590883185281,131.8743226595974,43.248931884765625,62.87003707885742
129.1350851763158,132.49832580180967,43.248931884765625,62.87003707885742
127.26307574967896,131.4583205647892,43.248931884765625,62.87003707885742
128.71908308150762,132.08232370700148,43.248931884765625,62.87003707885742
128.9270841289117,131.4583205647892,43.248931884765625,62.87003707885742
78.72564462109126,257.4538994059701,43.248931884765625,62.87003707885742
75.60562891002985,299.67811202900117,43.248931884765625,62.87003707885742
181.5236247331491,143.9953439103846,43.248931884765625,62.87003707885742
184.6436404442105,179.56352301648465,43.248931884765625,62.87003707885742
180.06497855885397,201.52713579055347,44.205814361572266,64.26103973388672
192.80602923328763,103.88626321085701,44.205814361572266,64.26103973388672
207.97787589641746,118.39509761691755,45.183868408203125,65.68281555175781
206.89134132884524,119.48163218448977,45.183868408203125,65.68281555175781
207.5432620693886,119.69893909800422,45.183868408203125,65.68281555175781
205.58749984775858,118.1777907034031,45.183868408203125,65.68281555175781
203.63173762612857,119.26432527097532,45.183868408203125,65.68281555175781
204.71827219370078,120.35085983854754,45.183868408203125,65.68281555175781
203.63173762612857,118.82971144394642,45.183868408203125,65.68281555175781
202.54520305855635,117.30856304934531,45.183868408203125,65.68281555175781
201.893282318013,118.39509761691752,45.183868408203125,65.68281555175781
202.11058923152746,119.04701835746087,45.183868408203125,65.68281555175781
200.58944083692634,119.26432527097532,45.183868408203125,65.68281555175781
201.67597540449856,119.04701835746087,45.183868408203125,65.68281555175781
199.72021318286855,117.52586996285976,45.183868408203125,65.68281555175781
199.5029062693541,119.91624601151867,45.183868408203125,65.68281555175781
198.41637170178188,117.96048378988866,45.183868408203125,65.68281555175781
199.5029062693541,118.612404530432,45.183868408203125,65.68281555175781
198.85098552881075,120.13355292503311,45.183868408203125,65.68281555175781
199.5029062693541,120.78547366557646,45.183868408203125,65.68281555175781
198.41637170178188,118.82971144394645,45.183868408203125,65.68281555175781
199.937520096383,120.35085983854756,45.183868408203125,65.68281555175781
197.981757874753,119.26432527097535,45.183868408203125,65.68281555175781
199.937520096383,120.35085983854756,45.183868408203125,65.68281555175781
200.58944083692634,118.82971144394645,45.183868408203125,65.68281555175781
203.02052042084304,120.58311068866834,46.183563232421875,67.13604736328125
203.242635249819,117.25138825402905,46.183563232421875,67.13604736328125
203.46475007879494,117.91773274095692,46.183563232421875,67.13604736328125
236.53374644476446,61.763120169786205,46.183563232421875,67.13604736328125
280.73459741097906,106.85243045190461,46.183563232421875,67.13604736328125
279.1797936081474,103.96493767521721,46.183563232421875,67.13604736328125
277.62498980531575,101.07744489852982,46.183563232421875,67.13604736328125
279.6240232660993,100.41110041160195,46.183563232421875,67.13604736328125
278.51344912121954,97.96783729286648,46.183563232421875,67.13604736328125
279.1797936081474,94.63611485822719,46.183563232421875,67.13604736328125
279.8461380950753,91.3043924235879,46.183563232421875,67.13604736328125
280.95671223995504,87.97266998894861,46.183563232421875,67.13604736328125
279.8461380950753,87.75055515997266,46.183563232421875,67.13604736328125
282.2894012138108,84.86306238328528,46.183563232421875,67.13604736328125
283.39997535869054,81.9755696065979,46.183563232421875,67.13604736328125
284.9547791615222,79.08807682991052,46.183563232421875,67.13604736328125
286.95381262230575,76.20058405322314,46.183563232421875,67.13604736328125
286.2874681353779,75.97846922424719,46.183563232421875,67.13604736328125
290.15500048208395,71.77911615826986,47.20537567138672,68.62142944335938
294.9226119929919,68.82773760389827,47.20537567138672,68.62142944335938
299.69022350389986,67.23853376692895,47.20537567138672,68.62142944335938
308.09030092788055,66.55744640822782,47.20537567138672,68.62142944335938
307.4092135691794,67.69259200606305,47.20537567138672,68.62142944335938
313.9930580366238,66.55744640822782,47.20537567138672,68.62142944335938
319.66878602579993,67.69259200606305,47.20537567138672,68.62142944335938
328.0688634497806,66.55744640822782,47.20537567138672,68.62142944335938
332.8364749606886,66.33041728866077,47.20537567138672,68.62142944335938
336.69596999332833,66.10338816909372,47.20537567138672,68.62142944335938
168.0353284852575,257.62724090708804,47.20537567138672,68.62142944335938
186.4246871701882,218.80526146112322,47.20537567138672,68.62142944335938
184.3814250940848,210.85924227627663,47.20537567138672,68.62142944335938
180.9759883005791,207.45380548277095,47.20537567138672,68.62142944335938
177.11649326793932,204.04836868926526,47.20537567138672,68.62142944335938
171.89482351789727,201.09699013489367,47.20537567138672,68.62142944335938
168.94344496352568,201.77807749359482,47.20537567138672,68.62142944335938
166.90018288742226,203.36728133056414,47.20537567138672,68.62142944335938
165.76503728958704,204.95648516753346,47.20537567138672,68.62142944335938
166.4461246482882,205.6375725262346,47.20537567138672,68.62142944335938
164.85692081131887,208.5889510806062,47.20537567138672,68.62142944335938
162.81365873521545,212.90250435238005,47.20537567138672,68.62142944335938
164.40286257218477,216.30794114588574,47.20537567138672,68.62142944335938
164.17583345261772,219.25931970025732,47.20537567138672,68.62142944335938
164.85692081131887,219.94040705895847,47.20537567138672,68.62142944335938
161.90554225694729,221.9836691350619,47.20537567138672,68.62142944335938
159.12652758572546,225.12241049901974,46.198707580566406,67.1580581665039
153.3135005971144,227.8372707025615,47.220855712890625,68.64392852783203
148.7855807802314,228.72723757468452,48.26561737060547,70.16267395019531
148.08919611038553,228.03085290483864,48.26561737060547,70.16267395019531
145.07152920772,229.19149402124845,48.26561737060547,70.16267395019531
143.33342659522117,229.1378166635768,49.333492279052734,71.71502685546875
140.7235219327783,229.84960884424305,49.333492279052734,71.71502685546875
182.71926059208602,166.97463288539254,49.333492279052734,71.71502685546875
184.3889621827544,168.8890625676477,50.42499542236328,73.30171966552734
182.0698806930403,170.84584655901762,51.5406494140625,74.92352294921875
178.15644325953122,172.8459250737822,52.68098449707031,76.58120727539062
173.8492643492648,174.11274240033114,52.68098449707031,76.58120727539062
168.02190464713968,175.37955972688007,52.68098449707031,76.58120727539062
166.87418238632696,173.02144381872034,51.55754852294922,74.94808959960938
167.12214279942472,170.29387927464498,51.55754852294922,74.94808959960938
161.91497412437175,172.52552299252483,51.55754852294922,74.94808959960938
158.19556792790533,174.75716671040468,51.55754852294922,74.94808959960938
159.93129081958966,171.03776051393825,51.55754852294922,74.94808959960938
157.69964710170981,174.26124588420913,51.55754852294922,74.94808959960938
155.96392421002548,176.49288960208898,51.55754852294922,74.94808959960938
157.69964710170981,178.2286124937733,51.55754852294922,74.94808959960938
160.47365871169595,175.59868698705904,52.69825744628906,76.60631561279297
217.94483205493046,159.54105982350666,52.69825744628906,76.60631561279297
209.73628397822247,179.99261531086498,53.86420822143555,78.30123138427734
306.7828069338852,225.54169793164817,53.86420822143555,78.30123138427734
301.8607801382805,222.1739953872871,53.86420822143555,78.30123138427734
300.047401845163,225.54169793164817,53.86420822143555,78.30123138427734
301.8607801382805,225.28264388977425,53.86420822143555,78.30123138427734
301.6017260964066,226.05980601539602,53.86420822143555,78.30123138427734
303.93321247327196,228.3912923922614,53.86420822143555,78.30123138427734
307.30091501763303,230.72277876912676,53.86420822143555,78.30123138427734
309.6324013944984,229.4275085597571,53.86420822143555,78.30123138427734
205.76120516192577,235.88069116610222,53.86420822143555,78.30123138427734
216.07347532822442,199.51168529570816,52.715538024902344,76.63143157958984
217.34112351023762,197.22991856808437,52.715538024902344,76.63143157958984
216.58053460102968,198.49756675009758,52.715538024902344,76.63143157958984
216.40952486991011,200.04775738942027,51.59136199951172,74.99724578857422
225.1217904907607,81.04268546363026,51.59136199951172,74.99724578857422
213.46000758528635,93.20071445018863,51.59136199951172,74.99724578857422
212.2193923825763,94.93757573398267,51.59136199951172,74.99724578857422
212.96376150420232,95.18569877452467,51.59136199951172,74.99724578857422
214.20437670691237,95.93006789615069,51.59136199951172,74.99724578857422
213.46000758528635,95.18569877452467,51.59136199951172,74.99724578857422
214.20437670691237,95.93006789615069,51.59136199951172,74.99724578857422
215.44499190962242,94.68945269344064,51.59136199951172,74.99724578857422
217.67809927450048,94.44132965289865,51.59136199951172,74.99724578857422
219.41496055829452,94.19320661235665,51.59136199951172,74.99724578857422
219.66308359883652,93.44883749073063,51.59136199951172,74.99724578857422
219.41496055829452,93.69696053127262,51.59136199951172,74.99724578857422
222.6405600853406,94.44132965289865,51.59136199951172,74.99724578857422
224.37742136913465,95.18569877452467,51.59136199951172,74.99724578857422
226.1142826529287,95.43382181506666,51.59136199951172,74.99724578857422
228.84363609889078,95.68194485560866,51.59136199951172,74.99724578857422
226.61052873401272,93.4488374907306,51.59136199951172,74.99724578857422
229.3398821799748,95.68194485560866,51.59136199951172,74.99724578857422
228.59551305834879,93.4488374907306,51.59136199951172,74.99724578857422
231.82111258539487,95.18569877452464,51.59136199951172,74.99724578857422
231.07674346376882,93.4488374907306,51.59136199951172,74.99724578857422
232.31735866647887,94.68945269344064,51.59136199951172,74.99724578857422
231.07674346376882,92.9525914096466,51.59136199951172,74.99724578857422
233.30985082864686,94.68945269344064,51.59136199951172,74.99724578857422
232.0692356259368,93.4488374907306,51.59136199951172,74.99724578857422
234.7985890718989,95.68194485560866,51.59136199951172,74.99724578857422
233.55797386918886,93.94508357181462,51.59136199951172,74.99724578857422
233.30985082864686,94.19320661235662,51.59136199951172,74.99724578857422
232.0692356259368,93.94508357181462,51.59136199951172,74.99724578857422
232.81360474756286,95.68194485560866,51.59136199951172,74.99724578857422
231.57298954485282,94.93757573398264,51.59136199951172,74.99724578857422
230.33237434214277,94.68945269344064,51.59136199951172,74.99724578857422
231.57298954485282,96.42631397723468,51.59136199951172,74.99724578857422
230.82862042322677,97.66692917994473,51.59136199951172,74.99724578857422
230.5804973826848,97.41880613940273,51.59136199951172,74.99724578857422
230.3323743421428,99.6519135042808,51.59136199951172,74.99724578857422
229.58800522051678,97.41880613940273,51.59136199951172,74.99724578857422
231.32486650431082,100.14815958536482,51.59136199951172,74.99724578857422
232.56548170702087,101.88502086915886,51.59136199951172,74.99724578857422
234.3023429908149,102.13314390970086,51.59136199951172,74.99724578857422
235.04671211244096,103.37375911241091,51.59136199951172,74.99724578857422
235.791081234067,103.6218821529529,51.59136199951172,74.99724578857422
236.039204274609,103.37375911241091,51.59136199951172,74.99724578857422
237.27981947731905,105.11062039620495,51.59136199951172,74.99724578857422
238.5204346800291,104.36625127457893,51.59136199951172,74.99724578857422
240.25729596382314,105.11062039620495,51.59136199951172,74.99724578857422
240.50541900436514,104.86249735566295,51.59136199951172,74.99724578857422
242.73852636924323,103.6218821529529,51.59136199951172,74.99724578857422
243.97914157195328,103.8700051934949,51.59136199951172,74.99724578857422
246.21224893683132,103.6218821529529,51.59136199951172,74.99724578857422
247.94911022062536,103.37375911241091,51.59136199951172,74.99724578857422
249.1897254233354,105.11062039620495,51.59136199951172,74.99724578857422
250.43034062604545,102.38126695024286,51.59136199951172,74.99724578857422
252.1672019098395,102.62938999078486,51.59136199951172,74.99724578857422
254.40030927471753,100.39628262590679,51.59136199951172,74.99724578857422
256.13717055851157,101.14065174753281,51.59136199951172,74.99724578857422
256.8815396801376,100.39628262590679,51.59136199951172,74.99724578857422
258.12215488284767,99.65191350428077,51.59136199951172,74.99724578857422
259.3627700855577,96.92256005831868,51.59136199951172,74.99724578857422
261.09963136935175,95.68194485560863,51.59136199951172,74.99724578857422
262.8364926531458,94.44132965289859,51.59136199951172,74.99724578857422
262.09212353151975,96.17819093669263,51.59136199951172,74.99724578857422
263.3327387342298,94.44132965289859,51.59136199951172,74.99724578857422
264.07710785585584,94.68945269344059,51.59136199951172,74.99724578857422
264.8214769774819,93.44883749073054,51.59136199951172,74.99724578857422
264.07710785585584,93.69696053127254,51.59136199951172,74.99724578857422
264.8214769774819,92.95259140964652,51.59136199951172,74.99724578857422
263.58086177477185,92.2082222880205,51.59136199951172,74.99724578857422
263.82898481531385,91.96009924747847,51.59136199951172,74.99724578857422
262.0921235315198,90.71948404476845,51.59136199951172,74.99724578857422
263.33273873422985,89.47886884205842,51.59136199951172,74.99724578857422
261.5958774504358,91.21573012585247,51.59136199951172,74.99724578857422
262.83649265314585,89.97511492314244,51.59136199951172,74.99724578857422
263.5808617747719,89.72699188260043,51.59136199951172,74.99724578857422
263.8289848153139,88.98262276097441,51.59136199951172,74.99724578857422
264.57335393693995,90.22323796368444,51.59136199951172,74.99724578857422
263.8289848153139,90.47136100422645,51.59136199951172,74.99724578857422
264.57335393693995,89.72699188260043,51.59136199951172,74.99724578857422
264.82147697748195,88.98262276097441,51.59136199951172,74.99724578857422
263.5808617747719,90.22323796368444,51.59136199951172,74.99724578857422
263.3327387342299,91.9600992474785,51.59136199951172,74.99724578857422
263.5808617747719,91.21573012585247,51.59136199951172,74.99724578857422
261.84400049097786,92.95259140964652,51.59136199951172,74.99724578857422
260.6033852882678,93.69696053127254,51.59136199951172,74.99724578857422
259.36277008555777,95.43382181506658,51.59136199951172,74.99724578857422
257.6259088017637,96.67443701777663,51.59136199951172,74.99724578857422
258.3702779233898,96.42631397723463,51.59136199951172,74.99724578857422
255.6409244774277,97.66692917994467,51.59136199951172,74.99724578857422
253.40781711254965,96.42631397723463,51.59136199951172,74.99724578857422
251.6709558287556,98.6594213421127,51.59136199951172,74.99724578857422
251.9190788692976,98.90754438265469,51.59136199951172,74.99724578857422
252.1672019098396,99.15566742319669,51.59136199951172,74.99724578857422
249.43784846387751,100.89252870699073,51.59136199951172,74.99724578857422
249.6859715044195,101.63689782861675,51.59136199951172,74.99724578857422
248.44535630170947,100.89252870699073,51.59136199951172,74.99724578857422
250.1822175855035,102.13314390970078,51.59136199951172,74.99724578857422
250.92658670712956,102.38126695024278,51.59136199951172,74.99724578857422
251.6709558287556,102.13314390970078,51.59136199951172,74.99724578857422
252.41532495038166,100.39628262590674,51.59136199951172,74.99724578857422
254.6484323152597,101.14065174753276,51.59136199951172,74.99724578857422
257.3777857612218,100.89252870699076,51.59136199951172,74.99724578857422
256.13717055851174,100.14815958536474,51.59136199951172,74.99724578857422
259.3627700855578,99.90003654482274,51.59136199951172,74.99724578857422
262.5883696126039,99.65191350428074,51.59136199951172,74.99724578857422
265.8790542216883,97.5351167231683,52.73282241821289,76.65656280517578
269.2425459856814,96.95022513304485,53.8995361328125,78.35259246826172
270.5386657116377,97.72789696861864,53.8995361328125,78.35259246826172
273.3901291087415,95.91332935227982,53.8995361328125,78.35259246826172
276.24159250584535,96.6910011878536,53.8995361328125,78.35259246826172
279.0930559029492,96.43177724266235,53.8995361328125,78.35259246826172
281.99307497821826,94.22027751428737,55.092063903808594,80.08614349365234
279.0785229534535,95.54507388918046,55.092063903808594,80.08614349365234
282.042706066085,93.28464565437929,56.31097412109375,81.85804748535156
285.0217425543977,95.18039614694192,56.31097412109375,81.85804748535156
282.58434906396,93.28464565437929,56.31097412109375,81.85804748535156
285.0217425543977,94.63875314906687,56.31097412109375,81.85804748535156
282.58434906396,92.74300265650425,56.31097412109375,81.85804748535156
285.0217425543977,93.01382415544177,56.31097412109375,81.85804748535156
283.6676350597101,93.8262886522543,56.31097412109375,81.85804748535156
285.0217425543977,93.55546715331678,56.31097412109375,81.85804748535156
283.12599206183506,94.90957464800437,56.31097412109375,81.85804748535156
286.1050285501478,94.09711015119183,56.31097412109375,81.85804748535156
283.12599206183506,94.90957464800437,56.31097412109375,81.85804748535156
286.1050285501478,94.63875314906684,56.31097412109375,81.85804748535156
284.20927805758515,94.90957464800437,56.31097412109375,81.85804748535156
287.18831454589787,94.09711015119183,56.31097412109375,81.85804748535156
284.20927805758515,94.90957464800437,56.31097412109375,81.85804748535156
287.18831454589787,94.09711015119183,56.31097412109375,81.85804748535156
285.29256405333524,94.90957464800437,56.31097412109375,81.85804748535156
288.27160054164796,94.63875314906684,56.31097412109375,81.85804748535156
286.9174930469604,93.8262886522543,56.31097412109375,81.85804748535156
288.813243539523,94.09711015119183,56.31097412109375,81.85804748535156
285.8342070512103,94.90957464800437,56.31097412109375,81.85804748535156
289.354886537398,93.01382415544174,56.31097412109375,81.85804748535156
287.45913604483536,93.28464565437926,56.31097412109375,81.85804748535156
290.4381725331481,93.01382415544174,56.31097412109375,81.85804748535156
288.54242204058545,93.28464565437926,56.31097412109375,81.85804748535156
292.06310152677315,92.47218115756672,56.31097412109375,81.85804748535156
293.9588520193358,93.28464565437926,56.31097412109375,81.85804748535156
292.06310152677315,92.47218115756672,56.31097412109375,81.85804748535156
293.9588520193358,91.65971666075419,56.31097412109375,81.85804748535156
292.06310152677315,91.93053815969171,56.31097412109375,81.85804748535156
294.5004950172108,90.57643066500412,56.31097412109375,81.85804748535156
291.5214585288981,90.84725216394165,56.31097412109375,81.85804748535156
293.41720902146074,91.11807366287917,56.31097412109375,81.85804748535156
290.438172533148,91.38889516181669,56.31097412109375,81.85804748535156
292.33392302571065,90.57643066500415,56.31097412109375,81.85804748535156
290.97981553102306,89.76396616819162,56.31097412109375,81.85804748535156
289.6257080363355,89.4931446692541,56.31097412109375,81.85804748535156
290.438172533148,89.22232317031657,56.31097412109375,81.85804748535156
286.9174930469603,88.95150167137905,56.31097412109375,81.85804748535156
289.354886537398,88.13903717456651,56.31097412109375,81.85804748535156
285.8342070512103,89.4931446692541,56.31097412109375,81.85804748535156
287.18831454589787,88.68068017244155,56.31097412109375,81.85804748535156
284.20927805758515,89.4931446692541,56.31097412109375,81.85804748535156
285.0217425543977,89.76396616819162,56.31097412109375,81.85804748535156
283.12599206183506,90.03478766712914,56.31097412109375,81.85804748535156
285.0217425543977,89.76396616819162,56.31097412109375,81.85804748535156
282.58434906396,90.03478766712914,56.31097412109375,81.85804748535156
283.39681356077256,89.76396616819162,56.31097412109375,81.85804748535156
280.41777707245984,90.03478766712914,56.31097412109375,81.85804748535156
282.8551705628975,89.2223231703166,56.31097412109375,81.85804748535156
280.41777707245984,90.03478766712914,56.31097412109375,81.85804748535156
282.31352756502247,88.68068017244155,56.31097412109375,81.85804748535156
279.8761340745848,88.95150167137908,56.31097412109375,81.85804748535156
281.7718845671474,88.68068017244155,56.31097412109375,81.85804748535156
278.7928480788347,88.95150167137908,56.31097412109375,81.85804748535156
281.2302415692724,89.2223231703166,56.31097412109375,81.85804748535156
278.7928480788347,90.03478766712914,56.31097412109375,81.85804748535156
281.7718845671474,89.76396616819162,56.31097412109375,81.85804748535156
278.7928480788347,90.03478766712914,56.31097412109375,81.85804748535156
281.7718845671474,89.76396616819162,56.31097412109375,81.85804748535156
278.7928480788347,90.57643066500415,56.31097412109375,81.85804748535156
281.2302415692724,90.30560916606663,56.31097412109375,81.85804748535156
279.8761340745848,88.95150167137905,56.31097412109375,81.85804748535156
281.7718845671474,88.13903717456651,56.31097412109375,81.85804748535156
278.7928480788347,88.95150167137905,56.31097412109375,81.85804748535156
281.7718845671474,87.59739417669147,56.31097412109375,81.85804748535156
279.33449107670975,87.86821567562899,56.31097412109375,81.85804748535156
282.31352756502247,87.05575117881644,56.31097412109375,81.85804748535156
279.33449107670975,88.409858673504,56.31097412109375,81.85804748535156
282.31352756502247,88.13903717456651,56.31097412109375,81.85804748535156
279.33449107670975,88.409858673504,56.31097412109375,81.85804748535156
281.7718845671474,86.51410818094139,56.31097412109375,81.85804748535156
278.7928480788347,87.32657267775394,56.31097412109375,81.85804748535156
281.7718845671474,84.88917918731629,56.31097412109375,81.85804748535156
279.33449107670975,86.24328668200387,56.31097412109375,81.85804748535156
282.85517056289746,83.80589319156621,56.31097412109375,81.85804748535156
280.26538936338716,84.86717860250228,57.556854248046875,83.66915893554688
283.3103370340038,81.26860408268264,57.556854248046875,83.66915893554688
280.8190162125902,83.75992490409624,57.556854248046875,83.66915893554688
283.86396388320685,80.71497723347963,57.556854248046875,83.66915893554688
282.4798967601993,83.20629805489322,57.556854248046875,83.66915893554688
284.9712175816129,85.14399202710379,57.556854248046875,83.66915893554688
283.5871504586054,82.09904435648718,57.556854248046875,83.66915893554688
285.52484443081596,84.03673832869775,57.556854248046875,83.66915893554688
284.14077730780843,81.54541750728416,57.556854248046875,83.66915893554688
284.97121758161296,82.92948463029171,57.556854248046875,83.66915893554688
286.90891155382354,80.99179065808114,57.556854248046875,83.66915893554688
285.524844430816,82.3758577810887,57.556854248046875,83.66915893554688
288.56979210143265,80.99179065808114,57.556854248046875,83.66915893554688
286.6320981292221,82.92948463029171,57.556854248046875,83.66915893554688
288.56979210143265,80.99179065808114,57.556854248046875,83.66915893554688
286.6320981292221,82.3758577810887,57.556854248046875,83.66915893554688
286.9089115538236,82.65267120569021,57.556854248046875,83.66915893554688
284.41759073241,82.3758577810887,57.556854248046875,83.66915893554688
286.9089115538236,82.09904435648718,57.556854248046875,83.66915893554688
283.86396388320696,81.82223093188567,57.556854248046875,83.66915893554688
284.6944041570115,82.09904435648718,57.556854248046875,83.66915893554688
283.31033703400396,81.26860408268266,57.556854248046875,83.66915893554688
282.47989676019944,82.09904435648718,57.556854248046875,83.66915893554688
284.41759073241,80.16135038427662,57.556854248046875,83.66915893554688
281.3726430617934,80.43816380887813,57.556854248046875,83.66915893554688
279.4349490895828,80.16135038427662,57.556854248046875,83.66915893554688
280.2653893633873,78.22365641206605,57.556854248046875,83.66915893554688
277.2204416927707,80.71497723347964,57.556854248046875,83.66915893554688
278.6045088157782,78.77728326126908,57.556854248046875,83.66915893554688
275.0059342959586,81.26860408268267,57.556854248046875,83.66915893554688
271.96098662534195,82.65267120569023,57.556854248046875,83.66915893554688
270.5769195023344,80.71497723347966,57.556854248046875,83.66915893554688
268.08559868092084,80.99179065808117,57.556854248046875,83.66915893554688
268.91603895472537,80.71497723347966,57.556854248046875,83.66915893554688
265.87109128410873,81.54541750728418,57.556854248046875,83.66915893554688
266.70153155791326,82.92948463029174,57.556854248046875,83.66915893554688
268.0855986809208,82.09904435648721,57.556854248046875,83.66915893554688
265.5942778595072,84.03673832869778,57.556854248046875,83.66915893554688
267.5319718317178,82.65267120569023,57.556854248046875,83.66915893554688
267.8087852563193,84.5903651779008,57.556854248046875,83.66915893554688
265.31746443490573,84.8671786025023,57.556854248046875,83.66915893554688
267.2551584071163,82.92948463029174,57.556854248046875,83.66915893554688
267.53197183171784,83.75992490409627,57.556854248046875,83.66915893554688
268.36241210552237,82.37585778108871,57.556854248046875,83.66915893554688
269.7464792285299,84.31355175329928,57.556854248046875,83.66915893554688
267.8087852563193,85.1439920271038,57.556854248046875,83.66915893554688
269.7464792285299,85.97443230090833,57.556854248046875,83.66915893554688
267.8087852563193,87.35849942391587,57.556854248046875,83.66915893554688
269.7464792285299,87.6353128485174,57.556854248046875,83.66915893554688
271.6841732007405,89.57300682072798,57.556854248046875,83.66915893554688
273.068240323748,91.51070079293856,57.556854248046875,83.66915893554688
270.5769195023344,94.00202161435215,57.556854248046875,83.66915893554688
273.068240323748,94.27883503895364,57.556854248046875,83.66915893554688
270.5769195023344,95.6629021619612,57.556854248046875,83.66915893554688
273.62186717295106,95.3860887373597,57.556854248046875,83.66915893554688
274.4523074467556,92.89476791594612,57.556854248046875,83.66915893554688
274.7291208713571,90.95707394373554,57.556854248046875,83.66915893554688
273.3450537483496,89.01937997152496,57.556854248046875,83.66915893554688
275.83637456976317,88.18893969772043,57.556854248046875,83.66915893554688
274.45230744675564,86.80487257471287,57.556854248046875,83.66915893554688
277.4972551173723,84.8671786025023,57.556854248046875,83.66915893554688
275.5595611451617,85.14399202710382,57.556854248046875,83.66915893554688
278.60450881577833,83.20629805489325,57.556854248046875,83.66915893554688
276.11318799436475,85.14399202710382,57.556854248046875,83.66915893554688
279.1581356649814,82.65267120569023,57.556854248046875,83.66915893554688
277.2204416927708,82.92948463029174,57.556854248046875,83.66915893554688
280.26538936338744,79.88453695967513,57.556854248046875,83.66915893554688
281.09582963719197,77.94684298746456,57.556854248046875,83.66915893554688
278.6045088157784,80.43816380887816,57.556854248046875,83.66915893554688
282.756710184801,77.39321613826155,57.556854248046875,83.66915893554688
282.4798967601995,76.009149015254,57.556854248046875,83.66915893554688
285.52484443081613,74.07145504304343,57.556854248046875,83.66915893554688
287.4625384030267,75.45552216605098,57.556854248046875,83.66915893554688
286.0784712800192,76.83958928905854,57.556854248046875,83.66915893554688
287.4625384030267,73.2410147692389,57.556854248046875,83.66915893554688
289.9538592244403,73.51782819384042,57.556854248046875,83.66915893554688
289.67704579983877,74.34826846764494,57.556854248046875,83.66915893554688
292.7219934704554,71.85694764623135,57.556854248046875,83.66915893554688
290.7842994982448,71.02650737242682,57.556854248046875,83.66915893554688
292.16836662125235,71.30332079702833,57.556854248046875,83.66915893554688
294.1060605934629,72.68738792003589,57.556854248046875,83.66915893554688
315.5832704866188,66.3051127724419,58.830299377441406,85.52033996582031
316.4002007133276,64.47840068133851,60.131919860839844,87.4124755859375
317.2352061230708,63.811444472637746,61.462337493896484,89.34647369384766
315.7572239871404,63.51584804545166,61.462337493896484,89.34647369384766
317.8263989774429,64.4026373270099,61.462337493896484,89.34647369384766
316.3484168415125,62.92465519107951,61.462337493896484,89.34647369384766
318.41759183181506,63.22025161826559,61.462337493896484,89.34647369384766
317.53080255025685,62.92465519107951,61.462337493896484,89.34647369384766
317.8263989774429,62.629058763893426,61.462337493896484,89.34647369384766
315.16603113276824,64.10704089982382,61.462337493896484,89.34647369384766
315.4616275599543,63.81144447263773,61.462337493896484,89.34647369384766
316.3484168415125,64.69823375419597,61.462337493896484,89.34647369384766
314.8704347055821,63.81144447263773,61.462337493896484,89.34647369384766
316.3372759320933,62.516367488514206,62.82219314575195,91.3232650756836
314.82659344140546,61.60995799410149,62.82219314575195,91.3232650756836
317.5458219246436,63.12064048478935,62.82219314575195,91.3232650756836
317.8479584227811,62.214230990376635,62.82219314575195,91.3232650756836
317.5458219246436,61.91209449223906,62.82219314575195,91.3232650756836
319.0565044153314,62.214230990376635,62.82219314575195,91.3232650756836
319.35864091346895,61.30782149596392,62.82219314575195,91.3232650756836
320.26505040788163,62.214230990376635,62.82219314575195,91.3232650756836
321.13741240737556,62.14436549048803,64.2121353149414,93.34379577636719
322.02907651402586,62.0729560260114,65.63282775878906,95.40902709960938
318.5568831881402,60.49468633242701,65.63282775878906,95.40902709960938
320.76646075915835,62.70426390344515,65.63282775878906,95.40902709960938
319.05792510024384,61.32131105848147,67.08495330810547,97.51995086669922
319.3805628823548,61.64394884059246,67.08495330810547,97.51995086669922
320.3484762286878,61.966586622703446,67.08495330810547,97.51995086669922
318.73528731813286,63.5797755332584,67.08495330810547,97.51995086669922
318.99737095010954,62.83569677199347,68.56920623779297,99.67758178710938
316.6889379488282,64.48457748719444,68.56920623779297,99.67758178710938
315.5882464638517,67.14546369864458,70.0863037109375,101.88294982910156
313.9028842628269,65.46010149761977,70.0863037109375,101.88294982910156
309.9801407625693,68.1798617114491,71.636962890625,104.1371078491211
304.1231279075129,65.07909019994867,71.636962890625,104.1371078491211
298.26611505245654,59.22207734489227,71.636962890625,104.1371078491211
294.4762832050671,58.87754717694777,71.636962890625,104.1371078491211
296.88799438067855,59.91113768078125,71.636962890625,104.1371078491211
295.1653435409561,58.87754717694777,71.636962890625,104.1371078491211
296.19893404478955,58.533017009003274,71.636962890625,104.1371078491211
294.4762832050671,57.499426505169794,71.636962890625,104.1371078491211
296.88799438067855,56.465836001336314,71.636962890625,104.1371078491211
297.232524548623,57.499426505169794,71.636962890625,104.1371078491211
296.88799438067855,56.465836001336314,71.636962890625,104.1371078491211
301.366886563957,58.18848684105879,71.636962890625,104.1371078491211
306.5348390831244,61.978318688448226,71.636962890625,104.1371078491211
311.70279160229177,57.49942650516981,71.636962890625,104.1371078491211
313.42544244201423,59.911137680781266,71.636962890625,104.1371078491211
316.5649087002335,55.54207155156439,73.22193145751953,106.4411392211914
319.7342847814259,56.598530245295194,73.22193145751953,106.4411392211914
323.60796665843884,57.654988939026,73.22193145751953,106.4411392211914
326.0730369438107,60.824365020218394,73.22193145751953,106.4411392211914
327.0898134696401,61.47365268496384,74.84196472167969,108.79615020751953
326.63531758111174,54.66846375458806,76.49784088134766,111.20326232910156
328.4748578210553,56.50800399453162,76.49784088134766,111.20326232910156
326.63531758111174,50.989383274700955,76.49784088134766,111.20326232910156
324.79577734116816,53.56473961062193,76.49784088134766,111.20326232910156
325.16368538915685,55.40427985056549,76.49784088134766,111.20326232910156
322.5883290532359,57.24382009050905,76.49784088134766,111.20326232910156
320.5969589977675,54.10511062916527,78.19035339355469,113.66363525390625
321.72510303841887,58.241638778220334,78.19035339355469,113.66363525390625
323.59116913184863,56.59408463676915,79.92031860351562,116.1784439086914
321.51070636929984,53.31495032874513,81.68855285644531,118.74889373779297
323.4750674669421,56.85080030450119,81.68855285644531,118.74889373779297
322.2964508083567,59.60090584120036,81.68855285644531,118.74889373779297
322.6155866975961,61.140480667557,83.49591064453125,121.37621307373047
321.4108931454395,63.951432289255635,83.49591064453125,121.37621307373047
321.812457662825,63.54986777187011,83.49591064453125,121.37621307373047
318.1983770063553,66.36081939356875,83.49591064453125,121.37621307373047
315.3874253846567,63.54986777187011,83.49591064453125,121.37621307373047
311.773344728187,68.77020649788187,83.49591064453125,121.37621307373047
306.55300600217527,68.36864198049634,83.49591064453125,121.37621307373047
308.56082858910287,69.57333553265289,83.49591064453125,121.37621307373047
304.9467479326332,69.17177101526738,83.49591064453125,121.37621307373047
306.9545705195608,67.16394842833978,83.49591064453125,121.37621307373047
310.6137538518109,71.23732601014143,85.34325408935547,124.06166076660156
314.30779604280497,74.93136820113548,85.34325408935547,124.06166076660156
315.539143439803,73.70002080413747,85.34325408935547,124.06166076660156
320.05408389546244,78.2149612597969,85.34325408935547,124.06166076660156
328.6735156744486,77.80451212746422,85.34325408935547,124.06166076660156
336.6720652747854,75.15455649433855,87.23147583007812,126.80652618408203
344.6431413431105,78.09126873003729,87.23147583007812,126.80652618408203
348.4189142175803,81.02798096573602,87.23147583007812,126.80652618408203
356.38999028590547,83.1256325626637,87.23147583007812,126.80652618408203
363.52200571545956,87.74046607590458,87.23147583007812,126.80652618408203
370.65402114501364,94.0334208666876,87.23147583007812,126.80652618408203
378.6250972133388,98.64825437992849,87.23147583007812,126.80652618408203
381.5618094490375,99.9068453380851,87.23147583007812,126.80652618408203
387.85476423982055,104.52167885132599,87.23147583007812,126.80652618408203
391.63053711429035,109.13651236456687,87.23147583007812,126.80652618408203
391.2110067949048,112.91228523903669,87.23147583007812,126.80652618408203
394.1477190306035,118.36617939104863,87.23147583007812,126.80652618408203
392.05006743367585,117.10758843289202,87.23147583007812,126.80652618408203
394.1477190306035,121.7224219461329,87.23147583007812,126.80652618408203
390.37194615613373,123.82007354306057,87.23147583007812,126.80652618408203
386.59617328166394,123.40054322367504,87.23147583007812,126.80652618408203
380.8432871737859,118.08038116743802,89.16146850585938,129.61212158203125
382.9873493122956,121.93969301675548,89.16146850585938,129.61212158203125
377.41278775217035,117.22275631203416,89.16146850585938,129.61212158203125
371.8382261920451,111.64819475190896,89.16146850585938,129.61212158203125
365.406039776516,104.35838348097599,89.16146850585938,129.61212158203125
358.1162285055831,96.21094735463913,89.16146850585938,129.61212158203125
354.2569166562656,92.35163550532167,89.16146850585938,129.61212158203125
346.10948052992876,85.91944908979258,89.16146850585938,129.61212158203125
332.81629527116866,74.34151354184021,89.16146850585938,129.61212158203125
316.9502354461969,67.90932712631113,89.16146850585938,129.61212158203125
303.6570501874368,63.19239042158979,89.16146850585938,129.61212158203125
297.22486377190774,60.19070342767621,89.16146850585938,129.61212158203125
285.6469282239554,56.33139157835876,89.16146850585938,129.61212158203125
277.09142385996955,53.993580527291186,87.26007080078125,126.84810638427734
269.9570700101155,51.89524115968706,87.26007080078125,126.84810638427734
267.0193948954697,52.31490903320788,87.26007080078125,126.84810638427734
269.1177342630738,51.89524115968706,87.26007080078125,126.84810638427734
272.0554093777196,54.832916274332845,87.26007080078125,126.84810638427734
277.51109173349033,58.609927136020275,87.26007080078125,126.84810638427734
283.8061098363027,62.386937997707705,87.26007080078125,126.84810638427734
289.2617921920734,66.16394885939513,87.26007080078125,126.84810638427734
289.68146006559425,64.90494523883265,87.26007080078125,126.84810638427734
295.13714242136496,68.6819561005201,87.26007080078125,126.84810638427734
298.91415328305237,71.61963121516587,87.26007080078125,126.84810638427734
301.85182839769817,73.71797058277,87.26007080078125,126.84810638427734
305.6288392593856,74.97697420333247,87.26007080078125,126.84810638427734
306.0485071329064,75.39664207685331,87.26007080078125,126.84810638427734
308.1310321065877,71.81635952031755,89.1906967163086,129.6546173095703
309.3695544771754,67.26678489094792,91.1640396118164,132.52322387695312
310.68488530989197,69.45900294547553,91.1640396118164,132.52322387695312
312.0002161426085,71.65122100000315,91.1640396118164,132.52322387695312
311.561772531703,71.21277738909762,91.1640396118164,132.52322387695312
315.5077650298527,74.28188266543629,91.1640396118164,132.52322387695312
318.5768703061913,77.35098794177495,91.1640396118164,132.52322387695312
321.64597558252996,82.17386766173567,91.1640396118164,132.52322387695312
324.7150808588686,86.9967473816964,91.1640396118164,132.52322387695312
322.522862804341,87.43519099260192,91.1640396118164,132.52322387695312
327.3457425243017,92.25807071256264,91.1640396118164,132.52322387695312
333.0455094660735,94.45028876709026,91.1640396118164,132.52322387695312
336.9915019642232,99.27316848705098,91.1640396118164,132.52322387695312
342.69126890599495,103.21916098520066,91.1640396118164,132.52322387695312
340.49905085146736,104.53449181791723,91.1640396118164,132.52322387695312
346.19881779323913,110.234258759689,91.1640396118164,132.52322387695312
353.652359178633,115.93402570146077,91.1640396118164,132.52322387695312
361.10590056402685,120.7569054214215,91.1640396118164,132.52322387695312
370.3132163930428,126.45667236319326,91.1640396118164,132.52322387695312
375.13609611300353,128.64889041772088,91.1640396118164,132.52322387695312
381.71275027658635,134.34865735949265,91.1640396118164,132.52322387695312
388.28940444016916,140.92531152307546,91.1640396118164,132.52322387695312
394.866058603752,148.37885290846933,91.1640396118164,132.52322387695312
401.4427127673348,155.8323942938632,91.1640396118164,132.52322387695312
401.0042691564293,158.90149957020185,91.1640396118164,132.52322387695312
406.7040360982011,164.60126651197362,91.1640396118164,132.52322387695312
411.5269158181618,169.42414623193434,91.1640396118164,132.52322387695312
415.4729083163115,172.493251508273,91.1640396118164,132.52322387695312
419.41890081446115,172.05480789736748,91.1640396118164,132.52322387695312
414.59602109450043,173.37013873008405,91.1640396118164,132.52322387695312
418.5420135926501,174.68546956280062,91.1640396118164,132.52322387695312
415.4729083163115,170.73947706465094,91.1640396118164,132.52322387695312
216.60591767956208,50.200067582258214,91.1640396118164,132.52322387695312
238.2851837149817,52.88090412721117,89.21994018554688,129.69712829589844
243.7859312135442,52.19589832841501,87.31729888916016,126.9312973022461
245.88564679908671,50.936068977089505,87.31729888916016,126.9312973022461
246.41191643699642,53.50378640003032,85.45523071289062,124.22444915771484
246.9269622994566,56.80901210481929,83.63287353515625,121.57532501220703
248.9380786348342,54.797895769441695,83.63287353515625,121.57532501220703
248.6667699257324,58.03263539244013,81.84938049316406,118.98269653320312
250.67775290785755,58.92188694519203,80.10391998291016,116.44535827636719
254.13115592610365,59.049523095854425,78.39568328857422,113.96212768554688
253.15002423527528,61.35488378149401,76.72386932373047,111.53185272216797
255.7329901352673,60.98588865292372,76.72386932373047,111.53185272216797
255.4840971716215,63.24208676183319,75.08770751953125,109.15340423583984
258.0119805457944,62.15870817290195,75.08770751953125,109.15340423583984
259.09535913472564,61.07532958397071,75.08770751953125,109.15340423583984
260.90099011627774,60.714203387660305,75.08770751953125,109.15340423583984
262.70662109782984,61.07532958397071,75.08770751953125,109.15340423583984
263.06774729414025,60.714203387660305,75.08770751953125,109.15340423583984
262.70662109782984,61.797581976591545,75.08770751953125,109.15340423583984
263.06774729414025,62.880960565522784,75.08770751953125,109.15340423583984
262.70662109782984,62.519834369212376,75.08770751953125,109.15340423583984
263.06774729414025,62.880960565522784,75.08770751953125,109.15340423583984
262.70662109782984,63.24208676183319,75.08770751953125,109.15340423583984
263.06774729414025,62.880960565522784,75.08770751953125,109.15340423583984
261.984368705209,63.964339154454024,75.08770751953125,109.15340423583984
261.6232425088986,62.880960565522784,75.08770751953125,109.15340423583984
263.46809531238597,67.17748568130713,73.48644256591797,106.82567596435547
263.1146702409848,65.41036032430141,73.48644256591797,106.82567596435547
262.7612451695837,65.05693525290026,73.48644256591797,106.82567596435547
263.1146702409848,66.82406060990598,73.48644256591797,106.82567596435547
264.17494545518826,65.76378539570256,73.48644256591797,106.82567596435547
263.8215203837871,66.1172104671037,73.48644256591797,106.82567596435547
263.46809531238597,65.05693525290027,73.48644256591797,106.82567596435547
263.8215203837871,66.1172104671037,73.48644256591797,106.82567596435547
262.7612451695837,65.05693525290027,73.48644256591797,106.82567596435547
262.4078200981825,65.41036032430142,73.48644256591797,106.82567596435547
263.46809531238597,64.350085110098,73.48644256591797,106.82567596435547
263.2297050052389,67.19238418158012,71.91931915283203,104.5475845336914
264.2673695311394,66.15471965567959,71.91931915283203,104.5475845336914
263.2297050052389,66.50060783097976,71.91931915283203,104.5475845336914
263.57559318053904,66.15471965567959,71.91931915283203,104.5475845336914
265.30503405703996,65.11705512977905,71.91931915283203,104.5475845336914
264.2673695311394,66.15471965567959,71.91931915283203,104.5475845336914
265.30503405703996,65.11705512977905,71.91931915283203,104.5475845336914
264.9591458817398,65.46294330507922,71.91931915283203,104.5475845336914
265.99681040764034,65.8088314803794,71.91931915283203,104.5475845336914
265.6509222323402,64.0793906038785,71.91931915283203,104.5475845336914
265.4176131709812,67.52784767844594,70.3856201171875,102.31807708740234
267.1101731998748,67.18933567266721,70.3856201171875,102.31807708740234
266.09463718253863,66.85082366688849,70.3856201171875,102.31807708740234
267.7871972114322,66.51231166110976,70.3856201171875,102.31807708740234
268.8027332287684,66.17379965533104,70.3856201171875,102.31807708740234
267.7871972114322,66.51231166110976,70.3856201171875,102.31807708740234
270.1567812518833,65.4967756437736,70.3856201171875,102.31807708740234
267.7871972114322,65.15826363799488,70.3856201171875,102.31807708740234
268.8027332287684,64.81975163221615,70.3856201171875,102.31807708740234
269.1412452345471,65.83528764955231,70.3856201171875,102.31807708740234
268.12570921721095,65.49677564377359,70.3856201171875,102.31807708740234
269.1412452345471,64.48123962643743,70.3856201171875,102.31807708740234
270.1567812518833,64.81975163221615,70.3856201171875,102.31807708740234
269.81826924610453,64.48123962643743,70.3856201171875,102.31807708740234
270.1567812518833,64.1427276206587,70.3856201171875,102.31807708740234
269.81826924610453,63.80421561487998,70.3856201171875,102.31807708740234
269.4797572403258,64.1427276206587,70.3856201171875,102.31807708740234
271.84934128077686,63.127191603322544,70.3856201171875,102.31807708740234
270.8338052634407,62.78867959754382,70.3856201171875,102.31807708740234
269.81826924610453,63.80421561487998,70.3856201171875,102.31807708740234
270.1567812518833,63.465703609101254,70.3856201171875,102.31807708740234
271.84934128077686,63.12719160332253,70.3856201171875,102.31807708740234
270.8338052634407,63.465703609101254,70.3856201171875,102.31807708740234
271.84934128077686,63.12719160332253,70.3856201171875,102.31807708740234
271.5108292749981,62.788679597543805,70.3856201171875,102.31807708740234
271.84934128077686,63.12719160332253,70.3856201171875,102.31807708740234
270.8338052634407,62.788679597543805,70.3856201171875,102.31807708740234
270.49529325766196,62.45016759176508,70.3856201171875,102.31807708740234
270.8338052634407,63.46570360910124,70.3856201171875,102.31807708740234
269.81826924610453,63.804215614879965,70.3856201171875,102.31807708740234
269.4797572403258,64.14272762065869,70.3856201171875,102.31807708740234
269.14124523454706,63.12719160332253,70.3856201171875,102.31807708740234
268.8027332287683,63.465703609101254,70.3856201171875,102.31807708740234
271.1723172692194,63.80421561487998,70.3856201171875,102.31807708740234
268.8027332287683,64.81975163221614,70.3856201171875,102.31807708740234
271.837165563944,66.88956205822892,68.88462829589844,100.13611602783203
270.84328615806186,65.89568265234679,68.88462829589844,100.13611602783203
273.8130102060224,67.92135339737119,67.41564178466797,98.00068664550781
272.840325577832,67.59712518797438,67.41564178466797,98.00068664550781
276.37173774389265,68.95458288334615,65.97798156738281,95.9107894897461
276.15770228493125,69.05971170050778,64.57098388671875,93.86546325683594
278.34281250159165,72.15582393535091,63.19398880004883,91.86375427246094
279.8954454495191,71.67063823905741,61.84635925292969,89.90473175048828
280.2681997951293,73.48933732991242,60.5274658203125,87.98748779296875
281.1941621995083,74.70809491556584,59.236698150634766,86.11112976074219
282.04883959464877,73.85341752042537,59.236698150634766,86.11112976074219
282.90351698978924,74.70809491556584,59.236698150634766,86.11112976074219
282.6186245247424,74.42320245051901,59.236698150634766,86.11112976074219
284.62322066701233,75.61597234120444,57.97345733642578,84.2747802734375
283.22913542991876,75.33715529378573,57.97345733642578,84.2747802734375
285.1808547618498,76.17360643604188,57.97345733642578,84.2747802734375
284.34440361959366,75.33715529378573,57.97345733642578,84.2747802734375
285.1808547618498,75.05833824636701,57.97345733642578,84.2747802734375
284.90203771443106,74.22188710411086,57.97345733642578,84.2747802734375
284.62322066701233,74.50070415152958,57.97345733642578,84.2747802734375
284.3444036195936,73.66425300927342,57.97345733642578,84.2747802734375
284.62322066701233,73.38543596185471,57.97345733642578,84.2747802734375
284.3444036195936,73.106618914436,57.97345733642578,84.2747802734375
286.29612295152464,74.50070415152959,57.97345733642578,84.2747802734375
286.0173059041059,74.22188710411088,57.97345733642578,84.2747802734375
285.7384888566872,75.05833824636703,57.97345733642578,84.2747802734375
285.45967180926846,74.77952119894832,57.97345733642578,84.2747802734375
286.2961229515246,74.5007041515296,57.97345733642578,84.2747802734375
285.45967180926846,74.22188710411089,57.97345733642578,84.2747802734375
286.2961229515246,75.61597234120448,57.97345733642578,84.2747802734375
284.902037714431,74.22188710411089,57.97345733642578,84.2747802734375
285.7384888566871,75.61597234120448,57.97345733642578,84.2747802734375
284.902037714431,74.22188710411089,57.97345733642578,84.2747802734375
286.2961229515246,75.61597234120448,57.97345733642578,84.2747802734375
284.902037714431,73.66425300927347,57.97345733642578,84.2747802734375
286.2961229515246,74.50070415152962,57.97345733642578,84.2747802734375
286.01730590410585,73.66425300927347,57.97345733642578,84.2747802734375
285.7384888566871,74.50070415152962,57.97345733642578,84.2747802734375
285.4596718092684,74.2218871041109,57.97345733642578,84.2747802734375
287.41139114119943,75.6159723412045,57.97345733642578,84.2747802734375
286.01730590410585,74.2218871041109,57.97345733642578,84.2747802734375
286.2961229515246,75.6159723412045,57.97345733642578,84.2747802734375
286.01730590410585,74.2218871041109,57.97345733642578,84.2747802734375
285.7384888566871,74.50070415152962,57.97345733642578,84.2747802734375
285.4596718092684,73.66425300927347,57.97345733642578,84.2747802734375
286.853757046362,74.50070415152962,57.97345733642578,84.2747802734375
286.01730590410585,73.66425300927347,57.97345733642578,84.2747802734375
286.2961229515246,74.50070415152962,57.97345733642578,84.2747802734375
286.01730590410585,73.66425300927347,57.97345733642578,84.2747802734375
285.7384888566871,74.50070415152962,57.97345733642578,84.2747802734375
286.01730590410585,74.2218871041109,57.97345733642578,84.2747802734375
285.7384888566871,75.05833824636706,57.97345733642578,84.2747802734375
285.4596718092684,74.77952119894834,57.97345733642578,84.2747802734375
286.2961229515245,74.50070415152963,57.97345733642578,84.2747802734375
286.0173059041058,74.22188710411092,57.97345733642578,84.2747802734375
285.1808547618497,75.05833824636707,57.97345733642578,84.2747802734375
285.4596718092684,74.22188710411092,57.97345733642578,84.2747802734375
285.7384888566871,75.05833824636707,57.97345733642578,84.2747802734375
284.902037714431,74.22188710411092,57.97345733642578,84.2747802734375
284.6232206670123,75.05833824636707,57.97345733642578,84.2747802734375
285.4596718092684,75.33715529378578,57.97345733642578,84.2747802734375
286.2961229515245,75.6159723412045,57.97345733642578,84.2747802734375
284.90203771443095,74.2218871041109,57.97345733642578,84.2747802734375
285.1808547618497,75.6159723412045,57.97345733642578,84.2747802734375
285.4596718092684,74.77952119894834,57.97345733642578,84.2747802734375
286.2961229515245,75.6159723412045,57.97345733642578,84.2747802734375
284.90203771443095,74.2218871041109,57.97345733642578,84.2747802734375
284.6232206670122,75.6159723412045,57.97345733642578,84.2747802734375
283.7867695247561,74.77952119894834,57.97345733642578,84.2747802734375
285.1808547618497,75.6159723412045,57.97345733642578,84.2747802734375
284.34440361959355,74.77952119894834,57.97345733642578,84.2747802734375
285.7384888566871,75.6159723412045,57.97345733642578,84.2747802734375
337.3196426291498,60.28103473317505,57.97345733642578,84.2747802734375
339.82899605591825,60.55985178059376,57.97345733642578,84.2747802734375
340.0554833970149,58.75974459696785,59.25611877441406,86.13935852050781
339.20052577323634,60.184673969932135,59.25611877441406,86.13935852050781
339.4855116478292,58.75974459696785,59.25611877441406,86.13935852050781
339.77049752242203,60.754645719117846,59.25611877441406,86.13935852050781
340.00199466427006,57.14067492345666,60.567161560058594,88.0451889038086
339.1281211030654,57.43196611052488,60.567161560058594,88.0451889038086
339.4194122901336,57.72325729759311,60.567161560058594,88.0451889038086
340.87586822547473,58.59713085879778,60.567161560058594,88.0451889038086
339.4194122901336,57.14067492345667,60.567161560058594,88.0451889038086
340.2932858513383,58.01454848466135,60.567161560058594,88.0451889038086
340.00199466427006,56.558092549320236,60.567161560058594,88.0451889038086
340.2932858513383,59.17971323293425,60.567161560058594,88.0451889038086
340.00199466427006,57.140674923456686,60.567161560058594,88.0451889038086
340.2932858513383,57.43196611052491,60.567161560058594,88.0451889038086
341.16715941254296,57.723257297593136,60.567161560058594,88.0451889038086
340.2932858513383,57.43196611052491,60.567161560058594,88.0451889038086
341.16715941254296,56.558092549320236,60.567161560058594,88.0451889038086
341.4037783604666,54.07302049296632,61.90721130371094,89.9931869506836
341.70151436504875,54.96622850671264,61.90721130371094,89.9931869506836
341.3255666844023,51.808372525144065,63.27690887451172,91.98428344726562
341.6298900980858,52.721342766194525,63.27690887451172,91.98428344726562
341.9342135117693,49.98243204304315,63.27690887451172,91.98428344726562
342.2385369254528,52.11269593882756,63.27690887451172,91.98428344726562
343.11721387099647,48.8849728366485,64.67691040039062,94.0194320678711
342.8061573017852,49.19602940585973,64.67691040039062,94.0194320678711
341.87298759415154,47.0186334213811,64.67691040039062,94.0194320678711
343.4282704402077,49.19602940585973,64.67691040039062,94.0194320678711
344.3614401478414,46.39652028295863,64.67691040039062,94.0194320678711
344.67249671705264,48.57391626743727,64.67691040039062,94.0194320678711
343.11721387099647,45.77440714453617,64.67691040039062,94.0194320678711
345.29460985547513,48.57391626743727,64.67691040039062,94.0194320678711
344.9835532862639,45.15229400611369,64.67691040039062,94.0194320678711
346.53883613232006,46.707576852169865,64.67691040039062,94.0194320678711
346.8498927015313,45.15229400611369,64.67691040039062,94.0194320678711
347.16094927074255,43.59701116005752,64.67691040039062,94.0194320678711
347.4720058399538,45.774407144536156,64.67691040039062,94.0194320678711
348.4051755475875,43.59701116005752,64.67691040039062,94.0194320678711
349.33834525522116,45.15229400611369,64.67691040039062,94.0194320678711
349.0272886860099,41.730671744790115,64.67691040039062,94.0194320678711
349.9254062049553,43.59507380623556,66.1078872680664,96.099609375
348.33571272593014,39.46187076077014,66.1078872680664,96.099609375
349.9254062049553,41.0515642397953,66.1078872680664,96.099609375
349.6074675091503,41.36950293560032,66.1078872680664,96.099609375
348.6536514217352,38.50805467335503,66.1078872680664,96.099609375
350.2433449007604,40.09774815238019,66.1078872680664,96.099609375
350.56128359656543,40.41568684818522,66.1078872680664,96.099609375
350.2433449007604,40.09774815238019,66.1078872680664,96.099609375
351.1971609881755,40.41568684818522,66.1078872680664,96.099609375
351.5150996839805,40.73362554399024,66.1078872680664,96.099609375
349.9254062049553,37.23629989013489,66.1078872680664,96.099609375
351.5150996839805,40.73362554399024,66.1078872680664,96.099609375
349.9254062049553,37.23629989013489,66.1078872680664,96.099609375
351.5150996839805,40.73362554399024,66.1078872680664,96.099609375
350.56128359656543,37.23629989013489,66.1078872680664,96.099609375
351.5150996839805,40.73362554399024,66.1078872680664,96.099609375
351.83303837978553,38.50805467335502,66.1078872680664,96.099609375
352.7868544672006,41.36950293560031,66.1078872680664,96.099609375
350.5612835965654,39.143932064965085,66.1078872680664,96.099609375
352.15097707559056,42.005380327210375,66.1078872680664,96.099609375
352.4689157713956,39.143932064965085,66.1078872680664,96.099609375
352.0674577408031,41.04958191487661,67.57052612304688,98.22581481933594
352.3924308302528,37.47487793092971,67.57052612304688,98.22581481933594
352.6564120125713,39.42269000815864,69.06552124023438,100.39906311035156
350.99559641730235,39.75485312721243,69.06552124023438,100.39906311035156
352.6564120125713,40.75134248437381,69.06552124023438,100.39906311035156
351.6599226554099,38.426200650997245,69.06552124023438,100.39906311035156
352.6564120125713,40.75134248437381,69.06552124023438,100.39906311035156
352.9885751316251,41.0835056034276,69.06552124023438,100.39906311035156
351.9920857744637,37.429711293835865,69.06552124023438,100.39906311035156
352.9885751316251,41.0835056034276,69.06552124023438,100.39906311035156
352.6564120125713,38.758363770051034,69.06552124023438,100.39906311035156
352.9885751316251,42.412158079642765,69.06552124023438,100.39906311035156
351.9920857744637,40.751342484373794,69.06552124023438,100.39906311035156
354.31722760784027,45.069463032073116,69.06552124023438,100.39906311035156
352.6564120125713,40.08701624626622,69.06552124023438,100.39906311035156
354.31722760784027,43.74081055585795,69.06552124023438,100.39906311035156
355.9780432031092,44.73729991301933,69.06552124023438,100.39906311035156
352.80167046504357,39.1465854771055,70.59359741210938,102.62039184570312
355.1782560614836,43.56024444192266,70.59359741210938,102.62039184570312
356.86302260826864,44.89071335076824,72.15547943115234,104.890869140625
357.1449130212724,41.210097400520624,73.75192260742188,107.21157836914062
357.4330426786587,44.072104630598616,75.38368225097656,109.58363342285156
353.4449968705328,38.63386034679057,75.38368225097656,109.58363342285156
356.70794344081764,42.62190615491647,75.38368225097656,109.58363342285156
359.2593195382499,42.538073014460934,77.05154418945312,112.00817108154297
357.25353454983093,39.37664583446252,78.75630950927734,114.4863510131836
358.34716095167937,40.86095613445268,80.49879455566406,117.01936340332031
359.5086115444553,41.24810633204464,80.49879455566406,117.01936340332031
359.1214613468633,41.63525652963661,80.49879455566406,117.01936340332031
359.4359481483918,40.7423997131539,82.27983093261719,119.60841369628906
355.87450508696855,37.97238844315805,82.27983093261719,119.60841369628906
358.6445163569644,40.7423997131539,82.27983093261719,119.60841369628906
359.8316640441055,41.92954740029498,82.27983093261719,119.60841369628906
357.853084565537,39.950967921726516,82.27983093261719,119.60841369628906
359.0402322526781,41.92954740029498,82.27983093261719,119.60841369628906
359.4359481483918,42.32526329600867,82.27983093261719,119.60841369628906
355.87450508696855,41.138115608867594,82.27983093261719,119.60841369628906
357.853084565537,42.32526329600867,82.27983093261719,119.60841369628906
355.87450508696855,41.92954740029498,82.27983093261719,119.60841369628906
357.06165277410963,43.11669508743606,82.27983093261719,119.60841369628906
354.91976594884727,38.91963868656342,84.10027313232422,122.25475311279297
355.3242370587536,40.13305201628249,84.10027313232422,122.25475311279297
353.30188150922186,39.72858090637614,84.10027313232422,122.25475311279297
352.0884681795028,40.94199423609521,84.10027313232422,122.25475311279297
348.44822819034556,36.49281202712527,84.10027313232422,122.25475311279297
351.2795259596901,39.32410979646977,84.10027313232422,122.25475311279297
347.63928597053285,38.110696466750696,84.10027313232422,122.25475311279297
348.0437570804392,40.13305201628249,84.10027313232422,122.25475311279297
343.59457487146926,40.537523126188844,84.10027313232422,122.25475311279297
345.61693042100103,43.36882089553335,84.10027313232422,122.25475311279297
341.9766904318438,38.9196386865634,84.10027313232422,122.25475311279297
339.954334882312,40.9419942360952,84.10027313232422,122.25475311279297
337.1230371129675,42.96434978562699,84.10027313232422,122.25475311279297
335.1006815634357,43.36882089553335,84.10027313232422,122.25475311279297
332.2693837940912,44.58223422525242,84.10027313232422,122.25475311279297
335.1006815634357,45.795647554971495,84.10027313232422,122.25475311279297
330.6514993544658,46.20011866487785,84.10027313232422,122.25475311279297
328.629143804934,44.17776311534605,84.10027313232422,122.25475311279297
325.7978460355895,45.39117644506513,84.10027313232422,122.25475311279297
325.39337492568313,44.17776311534605,84.10027313232422,122.25475311279297
325.7978460355895,45.39117644506513,84.10027313232422,122.25475311279297
323.7754904860577,42.559878675720626,84.10027313232422,122.25475311279297
327.41573047521496,43.7732920054397,84.10027313232422,122.25475311279297
322.966548266245,40.9419942360952,84.10027313232422,122.25475311279297
326.60678825540225,40.537523126188844,84.10027313232422,122.25475311279297
322.1576060464323,39.32410979646977,84.10027313232422,122.25475311279297
319.1290532770743,40.90913753709634,85.96099090576172,124.95964050292969
313.75459284530484,42.976237703161516,85.96099090576172,124.95964050292969
306.72645228068325,40.08229747067027,85.96099090576172,124.95964050292969
301.0573531584754,39.98670114362592,87.86287689208984,127.72437286376953
303.1701879157148,39.564134192178045,87.86287689208984,127.72437286376953
297.67681754689244,38.296433337834415,87.86287689208984,127.72437286376953
294.1334411293919,38.43643425240191,85.98917388916016,125.0006103515625
291.23855204188857,41.33132333990524,85.98917388916016,125.0006103515625
292.4792187936757,44.22621242740857,85.98917388916016,125.0006103515625
289.5843297061724,41.33132333990524,85.98917388916016,125.0006103515625
290.82499645795957,45.05332359526666,85.98917388916016,125.0006103515625
290.4114408740305,46.29399034705381,85.98917388916016,125.0006103515625
291.6521076258177,47.53465709884095,85.98917388916016,125.0006103515625
288.75721853831436,49.60243501848619,85.98917388916016,125.0006103515625
290.82499645795957,48.361768266699045,85.98917388916016,125.0006103515625
288.75721853831436,51.256657354202375,85.98917388916016,125.0006103515625
290.82499645795957,50.84310177027332,85.98917388916016,125.0006103515625
292.06566320974673,53.73799085777665,85.98917388916016,125.0006103515625
291.6521076258177,52.497324105989506,85.98917388916016,125.0006103515625
292.06566320974673,53.73799085777665,85.98917388916016,125.0006103515625
271.856324179473,41.91676988151798,84.15542602539062,122.3349380493164
266.5947511544943,39.89308794883385,84.15542602539062,122.3349380493164
142.63715157561487,223.836195893771,84.15542602539062,122.3349380493164
146.2797790544463,221.8125139610869,84.15542602539062,122.3349380493164
140.20873325639394,227.0740869860656,84.15542602539062,122.3349380493164
226.7416350591111,10.170636260766145,84.15542602539062,122.3349380493164
258.7158095955202,38.90691970488068,84.15542602539062,122.3349380493164
261.5636661918085,42.16186934926466,82.36078643798828,119.72611236572266
262.8236396675775,41.52952440083975,80.60441589355469,117.17292022705078
260.110032287305,43.46781538674867,80.60441589355469,117.17292022705078
262.83771967152245,42.84895750082224,78.88550567626953,114.6741714477539
263.2171109408848,40.952001154010404,78.88550567626953,114.6741714477539
259.8025895166235,42.84895750082224,78.88550567626953,114.6741714477539
261.7407538153486,44.43736456198582,77.2032470703125,112.22871398925781
260.05878549238065,44.56037944139324,75.5568618774414,109.83540344238281
261.9151675412415,43.98027324138749,73.94558715820312,107.49313354492188
262.2708008375211,45.758439722785525,73.94558715820312,107.49313354492188
261.34536139689874,43.13402996025225,72.3686752319336,105.20081329345703
262.4524713880943,46.60403381585765,70.82539367675781,102.9573745727539
263.47435254639504,46.94466086862455,70.82539367675781,102.9573745727539
262.58796437676347,48.370773494005945,69.31501770019531,100.76177978515625
262.9213274550316,48.704136572274095,69.31501770019531,100.76177978515625
261.25451206369087,49.037499650542244,69.31501770019531,100.76177978515625
262.95753583125344,52.36108291987448,67.83685302734375,98.61300659179688
263.99531753516897,53.09809674818548,66.39021301269531,96.51005554199219
263.67602098999254,52.778800203009055,66.39021301269531,96.51005554199219
263.4606510576894,55.346631468354786,64.97441864013672,94.45195007324219
265.05702784137753,56.654930972422704,63.58882141113281,92.43773651123047
264.1395571578401,55.7374602888853,63.58882141113281,92.43773651123047
265.7018924497471,58.196938811895976,62.23276901245117,90.46647644042969
264.8039871048827,57.29903346703159,62.23276901245117,90.46647644042969
265.1032888865042,57.59833524865306,62.23276901245117,90.46647644042969
263.00817641515397,58.49624059351744,62.23276901245117,90.46647644042969
263.90608176001837,58.196938811895976,62.23276901245117,90.46647644042969
263.6067799783969,57.89763703027451,62.23276901245117,90.46647644042969
264.5046853232613,58.196938811895976,62.23276901245117,90.46647644042969
264.20538354163983,57.89763703027451,62.23276901245117,90.46647644042969
263.30747819677543,57.59833524865304,62.23276901245117,90.46647644042969
264.20538354163983,59.094844156760345,62.23276901245117,90.46647644042969
265.7344010658043,61.50187343490887,60.905635833740234,88.5372543334961
266.02732014678156,61.20895435393163,60.905635833740234,88.5372543334961
266.3202392277588,61.50187343490887,60.905635833740234,88.5372543334961
267.19899647069053,61.794792515886115,60.905635833740234,88.5372543334961
265.14856290384984,60.330197110999904,60.905635833740234,88.5372543334961
266.61315830873605,61.794792515886115,60.905635833740234,88.5372543334961
264.56272474189535,59.74435894904542,60.905635833740234,88.5372543334961
266.02732014678156,60.62311619197715,60.905635833740234,88.5372543334961
266.3202392277588,61.50187343490887,60.905635833740234,88.5372543334961
267.19899647069053,61.794792515886115,60.905635833740234,88.5372543334961
266.4367542189621,63.58582965464291,59.60680389404297,86.649169921875
267.8701166856959,62.15246718790908,59.60680389404297,86.649169921875
268.2293725601609,64.45792960635534,58.335670471191406,84.80135345458984
267.3876952119239,62.49401579380228,58.335670471191406,84.80135345458984
267.1071360958449,62.77457490988128,58.335670471191406,84.80135345458984
267.9488134440819,62.49401579380228,58.335670471191406,84.80135345458984
267.6682543280029,62.21345667772327,58.335670471191406,84.80135345458984
266.8265769797659,61.93289756164427,58.335670471191406,84.80135345458984
267.6682543280029,62.774574909881295,58.335670471191406,84.80135345458984
266.8265769797659,62.49401579380229,58.335670471191406,84.80135345458984
267.1071360958449,62.213456677723286,58.335670471191406,84.80135345458984
267.3876952119239,61.93289756164428,58.335670471191406,84.80135345458984
266.5460178636869,63.33569314203932,58.335670471191406,84.80135345458984
267.3876952119239,61.93289756164428,58.335670471191406,84.80135345458984
267.1071360958449,63.33569314203932,58.335670471191406,84.80135345458984
267.9488134440819,62.49401579380229,58.335670471191406,84.80135345458984
267.6682543280029,62.774574909881295,58.335670471191406,84.80135345458984
267.9488134440819,63.61625225811832,58.335670471191406,84.80135345458984
268.2293725601609,63.33569314203932,58.335670471191406,84.80135345458984
269.0710499083979,63.61625225811832,58.335670471191406,84.80135345458984
268.2293725601609,63.33569314203932,58.335670471191406,84.80135345458984
269.0710499083979,63.055134025960314,58.335670471191406,84.80135345458984
268.7904907923189,63.33569314203932,58.335670471191406,84.80135345458984
269.6321681405559,63.055134025960314,58.335670471191406,84.80135345458984
268.22937256016087,63.89681137419734,58.335670471191406,84.80135345458984
269.6321681405559,64.17737049027635,58.335670471191406,84.80135345458984
269.98376280746055,63.72948368686001,57.091644287109375,82.9929428100586
270.2583389158834,64.00405979528287,57.091644287109375,82.9929428100586
271.63121945799776,63.18033147001428,57.091644287109375,82.9929428100586
271.3566433495749,62.90575536159142,57.091644287109375,82.9929428100586
271.082067241152,64.27863590370575,57.091644287109375,82.9929428100586
270.8074911327291,62.90575536159142,57.091644287109375,82.9929428100586
272.72952389168915,63.72948368686001,57.091644287109375,82.9929428100586
272.4549477832663,62.90575536159142,57.091644287109375,82.9929428100586
271.6312194579977,62.631179253168554,57.091644287109375,82.9929428100586
272.4549477832663,63.454907578437144,57.091644287109375,82.9929428100586
271.08206724115195,62.08202703632281,57.091644287109375,82.9929428100586
273.55325221695773,63.454907578437144,57.091644287109375,82.9929428100586
276.01456139464074,65.13378843302938,55.874149322509766,81.22309112548828
274.13351656319105,62.17786084075128,55.874149322509766,81.22309112548828
276.01456139464074,64.59634705261519,55.874149322509766,81.22309112548828
273.5960751827768,62.17786084075128,55.874149322509766,81.22309112548828
273.3273544925697,62.98402291137258,55.874149322509766,81.22309112548828
275.2083993240194,62.71530222116547,55.874149322509766,81.22309112548828
274.4022372533981,63.52146429178677,55.874149322509766,81.22309112548828
275.2083993240194,63.25274360157967,55.874149322509766,81.22309112548828
273.8647958729839,61.90914015054416,55.874149322509766,81.22309112548828
274.133516563191,62.71530222116546,55.874149322509766,81.22309112548828
274.9396786338123,64.05890567220096,55.874149322509766,81.22309112548828
274.133516563191,62.71530222116546,55.874149322509766,81.22309112548828
275.4771200142265,64.59634705261516,55.874149322509766,81.22309112548828
274.6709579436052,63.79018498199386,55.874149322509766,81.22309112548828
276.0437476936366,66.4692947761346,54.6826171875,79.49098205566406
277.35869839637894,66.73228491668307,54.6826171875,79.49098205566406
274.9917871314427,65.41733421394073,54.6826171875,79.49098205566406
274.72879699089424,65.15434407339227,54.6826171875,79.49098205566406
276.0437476936366,66.4692947761346,54.6826171875,79.49098205566406
275.2547772719912,65.6803243544892,54.6826171875,79.49098205566406
273.93982656924885,66.4692947761346,54.6826171875,79.49098205566406
273.67683642870037,66.20630463558614,54.6826171875,79.49098205566406
273.4138462881519,65.94331449503767,54.6826171875,79.49098205566406
274.72879699089424,67.78424547887694,54.6826171875,79.49098205566406
273.93982656924885,68.57321590052234,54.6826171875,79.49098205566406
274.72879699089424,70.94012716545855,54.6826171875,79.49098205566406
271.8359054448611,69.09919618161928,54.6826171875,79.49098205566406
273.67683642870037,70.41414688436161,54.6826171875,79.49098205566406
271.30992516376415,70.15115674381315,54.6826171875,79.49098205566406
269.9949744610218,68.83620604107081,54.6826171875,79.49098205566406
271.30992516376415,69.62517646271621,54.6826171875,79.49098205566406
269.4689941799249,71.99208772765242,54.6826171875,79.49098205566406
268.15404347718254,69.09919618161928,54.6826171875,79.49098205566406
269.4689941799249,70.94012716545855,54.6826171875,79.49098205566406
267.62806319608563,69.62517646271621,54.6826171875,79.49098205566406
268.943013898828,71.99208772765242,54.6826171875,79.49098205566406
268.1540434771826,70.15115674381315,54.6826171875,79.49098205566406
269.99497446102185,72.51806800874935,54.6826171875,79.49098205566406
268.2966754239234,71.59126046977671,53.51649475097656,77.79581451416016
269.0688208136855,73.39293304588833,53.51649475097656,77.79581451416016
268.2966754239234,71.59126046977671,53.51649475097656,77.79581451416016
269.0688208136855,73.90769663906308,53.51649475097656,77.79581451416016
268.8114390170981,72.62078765612621,53.51649475097656,77.79581451416016
270.09834800003495,74.42246023223782,53.51649475097656,77.79581451416016
268.4362656518014,73.0192604065873,52.375240325927734,76.13679504394531
270.19951701755497,75.2862978768419,52.375240325927734,76.13679504394531
267.9324795473004,75.53819092909241,52.375240325927734,76.13679504394531
268.6881587040519,76.29387008584393,52.375240325927734,76.13679504394531
268.9400517563024,75.53819092909241,52.375240325927734,76.13679504394531
268.6881587040519,77.30144229484597,52.375240325927734,76.13679504394531
268.9400517563024,76.04197703359343,52.375240325927734,76.13679504394531
270.71245250503387,79.03889437435204,51.258323669433594,74.51315307617188
268.4937602916751,76.82020216099325,51.258323669433594,74.51315307617188
269.7263670768744,78.05280894619258,51.258323669433594,74.51315307617188
268.9868030057548,77.31324487507298,51.258323669433594,74.51315307617188
270.2194097909541,78.54585166027232,51.258323669433594,74.51315307617188
269.5779039016156,78.15230300054812,50.165225982666016,72.92414093017578
270.7842249758535,79.8411525044811,50.165225982666016,72.92414093017578
269.5779039016156,78.63483143024325,50.165225982666016,72.92414093017578
271.74060559563173,80.57511554038379,49.095436096191406,71.36901092529297
269.6155329504677,79.39451962640378,49.095436096191406,71.36901092529297
271.2683672300397,81.04735390597578,49.095436096191406,71.36901092529297
270.0877713160597,80.33899635758777,49.095436096191406,71.36901092529297
271.7406055956317,81.04735390597578,49.095436096191406,71.36901092529297
268.6710562192836,80.33899635758777,49.095436096191406,71.36901092529297
270.32389049885563,80.10287717479177,49.095436096191406,71.36901092529297
271.50448641283566,82.22794981995578,49.095436096191406,71.36901092529297
268.43493703648767,80.10287717479177,49.095436096191406,71.36901092529297
270.5600096816517,81.28347308877179,49.095436096191406,71.36901092529297
267.9626986708957,80.10287717479177,49.095436096191406,71.36901092529297
269.6155329504677,81.28347308877179,49.095436096191406,71.36901092529297
267.49046030530366,79.63063880919978,49.095436096191406,71.36901092529297
268.6710562192837,80.33899635758779,49.095436096191406,71.36901092529297
270.7876365918633,81.78273313452203,48.0484619140625,69.8470458984375
268.2457140207342,79.70297830359826,48.0484619140625,69.8470458984375
270.325468851658,81.32056539431674,48.0484619140625,69.8470458984375
269.6322172413501,81.08948152421411,48.0484619140625,69.8470458984375
268.47679789083685,80.39622991390618,48.0484619140625,69.8470458984375
270.5565527217606,82.01381700462467,48.0484619140625,69.8470458984375
268.47679789083685,79.9340621737009,48.0484619140625,69.8470458984375
270.5565527217606,81.55164926441938,48.0484619140625,69.8470458984375
270.325468851658,82.2449008747273,48.0484619140625,69.8470458984375
271.48088820217123,81.08948152421411,48.0484619140625,69.8470458984375
269.40113337124745,80.85839765411147,48.0484619140625,69.8470458984375
311.5047559508764,300.45636561092704,48.0484619140625,69.8470458984375
323.1981376178333,41.17560581106132,48.0484619140625,69.8470458984375
361.7891439249744,73.29626375532843,48.0484619140625,69.8470458984375
362.93585442929987,71.80433301969255,49.111534118652344,71.39241027832031
362.637611588591,70.27939143683865,50.19812774658203,72.97196960449219
358.8261093621566,71.22547100717608,51.30876159667969,74.58647155761719
359.5385931438224,71.16841232598026,52.4439697265625,76.2366943359375
359.22011305352527,70.58672575374949,53.60429382324219,77.92343139648438
357.8247014421421,68.92228452505677,54.790287017822266,79.6474838256836
358.03875263988687,67.76779534203573,56.00252151489258,81.40968322753906
357.69866304749905,66.02888786492677,57.2415771484375,83.21086883544922
357.35104981855034,65.3939878775552,58.5080451965332,85.05191040039062
356.9957445666366,62.40951934004842,59.80253601074219,86.93368530273438
357.22937677936983,62.34301307927092,61.125667572021484,88.85709381103516
356.34744497312766,60.873126735533944,61.125667572021484,88.85709381103516
356.64142224187503,61.75505854177612,61.125667572021484,88.85709381103516
356.9353995106224,60.873126735533944,61.125667572021484,88.85709381103516
357.17420098555084,57.75513418575795,62.47807312011719,90.82305908203125
356.7947865414888,57.0621535338102,63.86040115356445,92.83251953125
356.4876568721329,56.75502386445429,63.86040115356445,92.83251953125
355.56626786406514,56.44789419509837,63.86040115356445,92.83251953125
356.4530458857874,55.73958276147896,65.2733154296875,94.88643646240234
356.139120972497,54.79780802160772,65.2733154296875,94.88643646240234
355.8251960592066,54.483883108317315,65.2733154296875,94.88643646240234
356.7669707990778,54.79780802160772,65.2733154296875,94.88643646240234
356.4530458857874,54.483883108317315,65.2733154296875,94.88643646240234
356.7669707990778,54.79780802160772,65.2733154296875,94.88643646240234
356.4530458857874,54.483883108317315,65.2733154296875,94.88643646240234
356.139120972497,54.16995819502691,65.2733154296875,94.88643646240234
356.394124405006,52.7945784803006,66.71749114990234,96.98580169677734
355.98896373857195,50.722962548694426,68.19361877441406,99.1316146850586
356.3169335004256,49.739053263133485,68.19361877441406,99.1316146850586
358.6127218334011,50.06702302498714,68.19361877441406,99.1316146850586
358.2847520715475,49.083113739426196,68.19361877441406,99.1316146850586
359.9246008808157,49.41108350127985,68.19361877441406,99.1316146850586
360.25257064266935,49.7390532631335,68.19361877441406,99.1316146850586
362.5483589756449,50.06702302498715,68.19361877441406,99.1316146850586
363.5322682612058,51.05093231054809,68.19361877441406,99.1316146850586
362.5483589756449,51.37890207240174,68.19361877441406,99.1316146850586
364.1882077849131,51.05093231054809,68.19361877441406,99.1316146850586
362.5483589756449,51.37890207240174,68.19361877441406,99.1316146850586
361.56444969008396,50.3949927868408,68.19361877441406,99.1316146850586
359.9246008808157,50.06702302498715,68.19361877441406,99.1316146850586
359.5966311189621,49.7390532631335,68.19361877441406,99.1316146850586
357.95678230969384,49.41108350127985,68.19361877441406,99.1316146850586
355.00505445301104,51.05093231054808,68.19361877441406,99.1316146850586
350.50770882930357,50.29455558324662,69.70240020751953,101.32490539550781
346.14976962245305,49.28887730474264,69.70240020751953,101.32490539550781
345.14409134394907,47.61274684056936,69.70240020751953,101.32490539550781
340.78615213709855,49.28887730474264,69.70240020751953,101.32490539550781
335.7577607445787,51.635459954585244,69.70240020751953,101.32490539550781
329.0741267004203,55.035915051858694,71.24456787109375,103.56671905517578
321.5316339936037,57.08963760877029,72.82085418701172,105.8581314086914
323.26955526120054,54.10179604957027,74.43201446533203,108.20024108886719
316.1324102304889,56.247401411144736,76.07881927490234,110.59416961669922
313.57116066163417,58.07686538889813,76.07881927490234,110.59416961669922
312.3499254873246,59.51071210955368,77.7620620727539,113.04106903076172
308.9840319244544,57.6407712412925,77.7620620727539,113.04106903076172
310.06385463899613,59.882370828639395,79.4825439453125,115.54209899902344
307.3880160050361,56.44200687069076,79.4825439453125,115.54209899902344
309.2993293150075,59.1178455046508,79.4825439453125,115.54209899902344
309.6815919770018,54.91295622271359,79.4825439453125,115.54209899902344
313.12195593495045,55.29521888470788,79.4825439453125,115.54209899902344
309.6815919770018,54.91295622271359,79.4825439453125,115.54209899902344
314.6510065829276,51.472592264764955,79.4825439453125,115.54209899902344
318.1343029373027,47.418226698632964,81.24109649658203,118.09846496582031
323.9951062881665,43.90174468811472,81.24109649658203,118.09846496582031
327.5115882986847,43.5110244647238,81.24109649658203,118.09846496582031
325.55798718173014,43.90174468811472,81.24109649658203,118.09846496582031
331.4187905325939,42.729584017941974,81.24109649658203,118.09846496582031
336.4981534366758,43.90174468811472,81.24109649658203,118.09846496582031
340.01463544719405,41.1667031243783,81.24109649658203,118.09846496582031
344.31255790449416,37.650221113860056,81.24109649658203,118.09846496582031
344.7032781278851,38.8223817840328,81.24109649658203,118.09846496582031
349.782641031967,37.650221113860056,81.24109649658203,118.09846496582031
379.0866577862857,7.564763912759531,81.24109649658203,118.09846496582031
385.72890158393125,3.2668414554594563,81.24109649658203,118.09846496582031
382.99386002019486,5.220442572414036,81.24109649658203,118.09846496582031
387.24948554107215,3.843500944142704,79.50860595703125,115.5799789428711
385.3375455563707,7.284992916605319,79.50860595703125,115.5799789428711
391.073365510475,8.43215690742619,79.50860595703125,115.5799789428711
389.34116899312113,12.244511658422638,77.81306457519531,113.11520385742188
394.9546708590476,13.367212031607934,77.81306457519531,113.11520385742188
393.8319704858623,13.741445489336371,77.81306457519531,113.11520385742188
393.5795424848141,16.751088318638722,76.15367889404297,110.70298767089844
398.34082909959295,19.314858034288875,76.15367889404297,110.70298767089844
402.3696100813289,21.146122116896137,76.15367889404297,110.70298767089844
402.82859559307485,25.503640572705933,74.52967834472656,108.34221649169922
403.277794340081,23.549477238876435,72.9403076171875,106.03178405761719
405.7333836545539,28.811454341318353,72.9403076171875,106.03178405761719
410.2304294349577,35.013820402398125,71.38483428955078,103.77062225341797
414.69355810998394,40.1635842581976,71.38483428955078,103.77062225341797
419.15668678501015,45.999983294770345,71.38483428955078,103.77062225341797
417.440098833077,49.77647678902329,71.38483428955078,103.77062225341797
421.9032275081032,54.239605464049504,71.38483428955078,103.77062225341797
425.6425545559019,60.30970147755187,69.86253356933594,101.55768585205078
428.0067323640247,66.89805632424161,68.37269592285156,99.39193725585938
430.95438570687196,73.34591096270921,66.91462707519531,97.27237701416016
431.9780580249757,75.93402581860896,65.48765563964844,95.19801330566406
433.55283662152783,79.39853873102356,65.48765563964844,95.19801330566406
435.76896821484894,83.1457489693629,64.09111022949219,93.16788482666016
434.2277722461992,85.91990171293239,64.09111022949219,93.16788482666016
437.0019249897687,88.69405445650187,64.09111022949219,93.16788482666016
434.8442506336591,89.00229365023182,64.09111022949219,93.16788482666016
437.0019249897687,91.77644639380131,64.09111022949219,93.16788482666016
435.460729021119,94.5505991373708,64.09111022949219,93.16788482666016
435.76896821484894,97.32475188094028,64.09111022949219,93.16788482666016
435.460729021119,100.09890462450977,64.09111022949219,93.16788482666016
434.53601143992915,97.94123026840018,64.09111022949219,93.16788482666016
434.8442506336591,101.33186139942956,64.09111022949219,93.16788482666016
433.30305466500937,104.72249253045894,64.09111022949219,93.16788482666016
431.76185869635964,107.49664527402842,64.09111022949219,93.16788482666016
428.9877059527901,109.03784124267816,64.09111022949219,93.16788482666016
430.52890192143985,108.72960204894821,64.09111022949219,93.16788482666016
427.13827079041044,111.5037547925177,64.09111022949219,93.16788482666016
424.36411804684093,112.42847237370754,64.09111022949219,93.16788482666016
422.8229220781912,113.96966834235727,64.09111022949219,93.16788482666016
420.6652477220816,112.42847237370754,64.09111022949219,93.16788482666016
420.3570085283516,114.58614672981713,64.09111022949219,93.16788482666016
418.8158125597019,113.0449507611674,64.09111022949219,93.16788482666016
416.6581382035923,112.12023317997756,64.09111022949219,93.16788482666016
414.50046384748265,111.81199398624761,64.09111022949219,93.16788482666016
411.72631110391313,111.50375479251767,64.09111022949219,93.16788482666016
412.0345502976431,113.0449507611674,64.09111022949219,93.16788482666016
409.87687594153346,111.50375479251767,64.09111022949219,93.16788482666016
407.10272319796394,109.96255882386794,64.09111022949219,93.16788482666016
405.1122230697891,109.47048456612268,62.72434616088867,91.1810531616211
404.3272194865344,106.66280731142808,61.3867301940918,89.23658752441406
403.4415211348401,107.54850566312234,61.3867301940918,89.23658752441406
401.37489164755357,103.71047947244728,61.3867301940918,89.23658752441406
398.71779659247085,100.46291884956838,61.3867301940918,89.23658752441406
397.2416326729804,98.3962893622818,61.3867301940918,89.23658752441406
395.17500318569387,95.14872873940291,61.3867301940918,89.23658752441406
394.8797704017958,94.85349595550483,61.3867301940918,89.23658752441406
393.40360648230535,92.19640090042208,61.3867301940918,89.23658752441406
391.3369769950188,89.53930584533933,61.3867301940918,89.23658752441406
389.86081307552837,86.88221079025658,61.3867301940918,89.23658752441406
389.5655802916303,84.22511573517386,61.3867301940918,89.23658752441406
389.86081307552837,85.11081408686809,61.3867301940918,89.23658752441406
388.38464915603794,82.45371903178535,61.3867301940918,89.23658752441406
387.4989508043437,79.79662397670262,61.3867301940918,89.23658752441406
386.6132524526494,77.72999448941604,61.3867301940918,89.23658752441406
385.72755410095516,75.66336500212947,61.3867301940918,89.23658752441406
386.6132524526494,75.95859778602755,61.3867301940918,89.23658752441406
385.137088533159,73.30150273094482,61.3867301940918,89.23658752441406
384.8418557492609,71.23487324365824,61.3867301940918,89.23658752441406
383.95615739756664,69.75870932416784,61.3867301940918,89.23658752441406
384.8418557492609,66.51114870128893,61.3867301940918,89.23658752441406
383.95615739756664,66.21591591739084,61.3867301940918,89.23658752441406
384.2513901814647,64.73975199790044,61.3867301940918,89.23658752441406
383.95615739756664,63.26358807841004,61.3867301940918,89.23658752441406
383.0704590458724,61.19695859112346,61.3867301940918,89.23658752441406
384.5466229653628,60.31126023942922,61.3867301940918,89.23658752441406
383.66092461366856,60.6064930233273,61.3867301940918,89.23658752441406
383.36569182977047,57.94939796824457,61.3867301940918,89.23658752441406
383.0704590458724,57.06369961655032,61.3867301940918,89.23658752441406
385.13708853315893,54.99707012926375,61.3867301940918,89.23658752441406
383.6609246136685,53.520906209773344,61.3867301940918,89.23658752441406
383.3656918297704,52.6352078580791,61.3867301940918,89.23658752441406
382.47999347807615,51.159043938588695,61.3867301940918,89.23658752441406
382.77522626197424,49.68288001909829,61.3867301940918,89.23658752441406
382.47999347807615,48.20671609960789,61.3867301940918,89.23658752441406
381.5942951263819,47.32101774791364,61.3867301940918,89.23658752441406
383.0704590458723,46.4353193962194,61.3867301940918,89.23658752441406
382.18476069417807,44.959155476728995,61.3867301940918,89.23658752441406
383.6609246136685,43.48299155723859,61.3867301940918,89.23658752441406
382.18476069417807,42.00682763774819,61.3867301940918,89.23658752441406
384.2513901814646,39.94019815046161,61.3867301940918,89.23658752441406
382.7752262619742,41.416362069952015,61.3867301940918,89.23658752441406
383.07045904587227,39.34973258266544,61.3867301940918,89.23658752441406
384.5466229653627,38.464034230971194,61.3867301940918,89.23658752441406
383.66092461366844,36.98787031148079,61.3867301940918,89.23658752441406
385.727554100955,37.28310309537888,61.3867301940918,89.23658752441406
384.25139018146456,36.98787031148079,61.3867301940918,89.23658752441406
386.9084852365473,36.102171959786546,61.3867301940918,89.23658752441406
387.20371802044536,35.2164736080923,61.3867301940918,89.23658752441406
389.2703475077319,34.330775256398056,61.3867301940918,89.23658752441406
390.74651142722234,33.44507690470381,61.3867301940918,89.23658752441406
388.6798819399358,32.559378553009566,61.3867301940918,89.23658752441406
391.3369769950185,32.26414576911148,61.3867301940918,89.23658752441406
391.6322097789166,32.559378553009566,61.3867301940918,89.23658752441406
393.69883926620315,30.49274906572299,61.3867301940918,89.23658752441406
394.5845376178974,29.607050714028745,61.3867301940918,89.23658752441406
393.69883926620315,29.90228349792683,61.3867301940918,89.23658752441406
396.3559343212859,30.197516281824917,61.3867301940918,89.23658752441406
395.4702359695916,29.311817930130672,61.3867301940918,89.23658752441406
398.12733102467433,30.787981849621076,61.3867301940918,89.23658752441406
399.60349494416477,29.311817930130672,61.3867301940918,89.23658752441406
398.12733102467433,28.426119578436428,61.3867301940918,89.23658752441406
400.78442607975705,28.721352362334514,61.3867301940918,89.23658752441406
400.48919329585897,27.83565401064027,61.3867301940918,89.23658752441406
400.78442607975705,27.540421226742183,61.3867301940918,89.23658752441406
401.6701244314513,27.83565401064027,61.3867301940918,89.23658752441406
401.3748916475532,27.540421226742183,61.3867301940918,89.23658752441406
401.6701244314513,26.654722875047938,61.3867301940918,89.23658752441406
402.5558227831456,28.13088679453834,61.3867301940918,89.23658752441406
402.85105556704366,27.245188442844096,61.3867301940918,89.23658752441406
403.14628835094175,27.540421226742183,61.3867301940918,89.23658752441406
404.031986702636,26.654722875047938,61.3867301940918,89.23658752441406
403.7367539187379,27.540421226742183,61.3867301940918,89.23658752441406
404.031986702636,26.06425730725178,61.3867301940918,89.23658752441406
404.91768505433026,28.130886794538355,61.3867301940918,89.23658752441406
405.21291783822835,26.06425730725178,61.3867301940918,89.23658752441406
404.91768505433026,26.949955658946024,61.3867301940918,89.23658752441406
405.21291783822835,25.47379173945562,61.3867301940918,89.23658752441406
405.50815062212644,25.178558955557534,61.3867301940918,89.23658752441406
404.6224522704322,24.883326171659448,61.3867301940918,89.23658752441406
404.3272194865341,25.178558955557534,61.3867301940918,89.23658752441406
404.031986702636,24.883326171659448,61.3867301940918,89.23658752441406
405.50815062212644,23.997627819965203,61.3867301940918,89.23658752441406
404.6224522704322,25.473791739455606,61.3867301940918,89.23658752441406
404.91768505433026,23.40716225216903,61.3867301940918,89.23658752441406
405.21291783822835,24.883326171659434,61.3867301940918,89.23658752441406
405.50815062212644,23.40716225216903,61.3867301940918,89.23658752441406
405.21291783822835,21.930998332678627,61.3867301940918,89.23658752441406
405.50815062212644,23.997627819965203,61.3867301940918,89.23658752441406
405.21291783822835,21.930998332678627,61.3867301940918,89.23658752441406
405.50815062212644,23.40716225216903,61.3867301940918,89.23658752441406
404.6224522704322,20.750067197086295,61.3867301940918,89.23658752441406
404.91768505433026,22.81669668437287,61.3867301940918,89.23658752441406
404.6224522704322,20.750067197086295,61.3867301940918,89.23658752441406
404.3272194865341,22.2262311165767,61.3867301940918,89.23658752441406
403.44152113483983,20.159601629290123,61.3867301940918,89.23658752441406
403.14628835094175,22.2262311165767,61.3867301940918,89.23658752441406
402.85105556704366,21.340532764882454,61.3867301940918,89.23658752441406
401.9653572153494,22.816696684372857,61.3867301940918,89.23658752441406
401.07965886365514,20.75006719708628,61.3867301940918,89.23658752441406
400.78442607975705,22.816696684372857,61.3867301940918,89.23658752441406
400.48919329585897,20.75006719708628,61.3867301940918,89.23658752441406
399.01302937636854,22.816696684372857,61.3867301940918,89.23658752441406
399.3082621602666,20.159601629290123,61.3867301940918,89.23658752441406
397.8320982407762,22.816696684372857,61.3867301940918,89.23658752441406
396.94639988908193,20.75006719708628,61.3867301940918,89.23658752441406
396.65116710518384,22.816696684372857,61.3867301940918,89.23658752441406
395.7654687534896,21.340532764882454,61.3867301940918,89.23658752441406
394.8797704017953,23.40716225216903,61.3867301940918,89.23658752441406
394.58453761789724,22.521463900474785,61.3867301940918,89.23658752441406
393.698839266203,22.2262311165767,61.3867301940918,89.23658752441406
394.58453761789724,24.292860603863275,61.3867301940918,89.23658752441406
392.5179081306107,25.17855895555752,61.3867301940918,89.23658752441406
392.2226753467126,27.245188442844096,61.3867301940918,89.23658752441406
392.4624968867175,28.40213773341368,62.744911193847656,91.21094512939453
391.557202458992,25.08272483175358,62.744911193847656,91.21094512939453
392.4624968867175,25.98801925947906,62.744911193847656,91.21094512939453
391.557202458992,22.66860635781896,62.744911193847656,91.21094512939453
391.8589672682338,25.384489640995398,62.744911193847656,91.21094512939453
393.36779131444297,25.68625445023723,62.744911193847656,91.21094512939453
393.06602650520114,24.177430404028087,62.744911193847656,91.21094512939453
392.7642616959593,25.082724831753566,62.744911193847656,91.21094512939453
393.6695561236848,25.384489640995398,62.744911193847656,91.21094512939453
393.36779131444297,25.68625445023723,62.744911193847656,91.21094512939453
393.06602650520114,26.59154887796271,62.744911193847656,91.21094512939453
394.5634787472613,26.52177008769469,64.13314056396484,93.22898864746094
393.6381546803224,23.745797886877966,64.13314056396484,93.22898864746094
393.32971332467605,25.904887376402087,64.13314056396484,93.22898864746094
393.6381546803224,26.830211443341,64.13314056396484,93.22898864746094
393.9465960359687,28.372418221572516,64.13314056396484,93.22898864746094
393.6381546803224,29.29774228851143,64.13314056396484,93.22898864746094
394.5634787472613,25.9048873764021,64.13314056396484,93.22898864746094
394.8719201029076,27.447094154633618,64.13314056396484,93.22898864746094
394.5634787472613,28.989300932865135,64.13314056396484,93.22898864746094
394.25503739161496,29.914624999804047,64.13314056396484,93.22898864746094
394.5634787472613,27.138652798987323,64.13314056396484,93.22898864746094
394.8719201029076,28.68085957721884,64.13314056396484,93.22898864746094
393.9465960359687,30.223066355450356,64.13314056396484,93.22898864746094
393.6381546803224,27.447094154633632,64.13314056396484,93.22898864746094
394.5634787472613,28.372418221572545,64.13314056396484,93.22898864746094
393.6381546803224,29.297742288511458,64.13314056396484,93.22898864746094
393.9465960359687,29.606183644157767,64.13314056396484,93.22898864746094
394.255037391615,26.830211443341042,64.13314056396484,93.22898864746094
393.9465960359687,28.37241822157256,64.13314056396484,93.22898864746094
394.255037391615,29.297742288511472,64.13314056396484,93.22898864746094
395.18036145855393,25.904887376402144,64.13314056396484,93.22898864746094
394.255037391615,27.44709415463366,64.13314056396484,93.22898864746094
395.18036145855393,28.372418221572573,64.13314056396484,93.22898864746094
394.255037391615,29.91462499980409,64.13314056396484,93.22898864746094
395.7972441698465,25.288004665109554,64.13314056396484,93.22898864746094
396.72256823678543,26.213328732048467,64.13314056396484,93.22898864746094
395.7972441698465,27.13865279898738,64.13314056396484,93.22898864746094
396.72256823678543,23.74579788687805,64.13314056396484,93.22898864746094
396.4141268811391,25.28800466510957,64.13314056396484,93.22898864746094
395.4888028142002,26.21332873204848,64.13314056396484,93.22898864746094
396.4141268811391,23.437356531231757,64.13314056396484,93.22898864746094
395.4888028142002,24.979563309463273,64.13314056396484,93.22898864746094
395.1803614585539,27.138652798987394,64.13314056396484,93.22898864746094
395.4888028142002,23.745797886878066,64.13314056396484,93.22898864746094
395.1803614585539,25.904887376402186,64.13314056396484,93.22898864746094
394.87192010290755,23.128915175585462,64.13314056396484,93.22898864746094
395.79724416984646,25.288004665109582,64.13314056396484,93.22898864746094
394.87192010290755,23.128915175585462,64.13314056396484,93.22898864746094
393.94659603596864,25.288004665109582,64.13314056396484,93.22898864746094
393.6381546803223,25.59644602075589,64.13314056396484,93.22898864746094
393.94659603596864,26.521770087694804,64.13314056396484,93.22898864746094
393.0212719690297,23.74579788687808,64.13314056396484,93.22898864746094
392.7128306133834,25.9048873764022,64.13314056396484,93.22898864746094
393.0212719690297,27.447094154633717,64.13314056396484,93.22898864746094
391.4790651907982,28.37241822157263,64.13314056396484,93.22898864746094
391.78750654644455,29.297742288511543,64.13314056396484,93.22898864746094
392.09594790209087,30.223066355450456,64.13314056396484,93.22898864746094
391.78750654644455,26.830211443341128,64.13314056396484,93.22898864746094
392.71283061338346,25.28800466510961,64.13314056396484,93.22898864746094
393.0212719690298,26.830211443341128,64.13314056396484,93.22898864746094
391.3517755933307,28.038921421290752,65.55208587646484,95.29167938232422
392.2975724552506,25.20153083553096,65.55208587646484,95.29167938232422
391.9823068346106,26.777858938730844,65.55208587646484,95.29167938232422
391.6670412139706,28.35418704193073,65.55208587646484,95.29167938232422
392.6128380758905,29.29998390385066,65.55208587646484,95.29167938232422
391.6670412139706,30.24578076577059,65.55208587646484,95.29167938232422
392.6128380758905,26.14732769745089,65.55208587646484,95.29167938232422
392.29757245525053,27.723655800650775,65.55208587646484,95.29167938232422
391.3517755933306,29.29998390385066,65.55208587646484,95.29167938232422
392.29757245525053,25.832062076810914,65.55208587646484,95.29167938232422
392.6128380758905,28.669452662570706,65.55208587646484,95.29167938232422
392.29757245525053,30.24578076577059,65.55208587646484,95.29167938232422
393.24336931717045,26.777858938730844,65.55208587646484,95.29167938232422
392.92810369653046,28.984718283210682,65.55208587646484,95.29167938232422
391.98230683461054,30.561046386410567,65.55208587646484,95.29167938232422
394.81969742037035,27.09312455937082,65.55208587646484,95.29167938232422
393.24336931717045,29.29998390385066,65.55208587646484,95.29167938232422
393.55863493781044,30.24578076577059,65.55208587646484,95.29167938232422
393.24336931717045,33.08317135153038,65.55208587646484,95.29167938232422
393.55863493781044,36.55109317857013,65.55208587646484,95.29167938232422
392.5063767208984,39.749073350477204,67.00242614746094,97.40000915527344
392.0994868739164,38.33726049970531,68.48485565185547,99.55498504638672
392.3670382694037,38.944543729651514,70.00008392333984,101.75763702392578
391.9419447934123,39.565261652429,71.54883575439453,104.00902557373047
391.5074473859757,38.05765090556869,73.13185119628906,106.31022644042969
390.3335172231848,39.43595916424542,74.74989318847656,108.66233825683594
390.6255460135516,36.36896929594198,76.40373229980469,111.06649017333984
390.2580905667446,38.20624652997704,76.40373229980469,111.06649017333984
390.6255460135516,37.10388018955601,76.40373229980469,111.06649017333984
390.99300146035864,36.736424742748994,76.40373229980469,111.06649017333984
390.6255460135516,37.10388018955601,76.40373229980469,111.06649017333984
391.72791235397267,36.736424742748994,76.40373229980469,111.06649017333984
392.0953678007797,36.36896929594198,76.40373229980469,111.06649017333984
390.2580905667446,38.94115742359105,76.40373229980469,111.06649017333984
392.0815209054305,35.80631026569179,78.09416198730469,113.52383422851562
390.20359391259245,36.933066461394645,78.09416198730469,113.52383422851562
392.0815209054305,35.05513946855656,78.09416198730469,113.52383422851562
390.20359391259245,37.684237258529876,78.09416198730469,113.52383422851562
392.0673645652464,34.48003244315764,79.8219985961914,116.0355453491211
390.1478884376918,37.16729902173411,79.8219985961914,116.0355453491211
392.0673645652464,34.48003244315764,79.8219985961914,116.0355453491211
390.1478884376918,37.16729902173411,79.8219985961914,116.0355453491211
392.0673645652464,34.48003244315764,79.8219985961914,116.0355453491211
390.1478884376918,36.39950857071226,79.8219985961914,116.0355453491211
392.8351550162683,34.48003244315764,79.8219985961914,116.0355453491211
390.1478884376918,35.63171811969042,79.8219985961914,116.0355453491211
392.8351550162683,34.48003244315764,79.8219985961914,116.0355453491211
390.1478884376918,36.39950857071226,79.8219985961914,116.0355453491211
392.8351550162683,35.24782289417948,79.8219985961914,116.0355453491211
390.1478884376918,34.86392766866855,79.8219985961914,116.0355453491211
392.0673645652464,35.24782289417948,79.8219985961914,116.0355453491211
390.1478884376918,34.86392766866855,79.8219985961914,116.0355453491211
392.0673645652464,34.480032443157626,79.8219985961914,116.0355453491211
389.3800979866699,36.39950857071224,79.8219985961914,116.0355453491211
392.83515501626823,35.247822894179464,79.8219985961914,116.0355453491211
390.14788843769173,34.096137217646685,79.8219985961914,116.0355453491211
392.06736456524635,36.783403796223155,79.8219985961914,116.0355453491211
390.14788843769173,34.096137217646685,79.8219985961914,116.0355453491211
392.06736456524635,36.0156133452013,79.8219985961914,116.0355453491211
390.14788843769173,34.096137217646685,79.8219985961914,116.0355453491211
392.06736456524635,36.0156133452013,79.8219985961914,116.0355453491211
390.14788843769173,34.096137217646685,79.8219985961914,116.0355453491211
392.06736456524635,35.247822894179464,79.8219985961914,116.0355453491211
390.14788843769173,34.86392766866854,79.8219985961914,116.0355453491211
392.06736456524635,35.247822894179464,79.8219985961914,116.0355453491211
390.91567888871356,35.63171811969039,79.8219985961914,116.0355453491211
392.06736456524635,34.48003244315761,79.8219985961914,116.0355453491211
390.91567888871356,36.39950857071223,79.8219985961914,116.0355453491211
392.06736456524635,35.24782289417945,79.8219985961914,116.0355453491211
390.91567888871356,34.86392766866852,79.8219985961914,116.0355453491211
392.06736456524635,34.4800324431576,79.8219985961914,116.0355453491211
390.91567888871356,35.631718119690376,79.8219985961914,116.0355453491211
391.29957411422447,33.71224199213576,79.8219985961914,116.0355453491211
392.45125979075726,34.096137217646685,79.8219985961914,116.0355453491211
392.06736456524635,35.247822894179464,79.8219985961914,116.0355453491211
393.21905024177914,34.86392766866854,79.8219985961914,116.0355453491211
392.06736456524635,35.247822894179464,79.8219985961914,116.0355453491211
393.21905024177914,35.63171811969039,79.8219985961914,116.0355453491211
393.60294546729006,34.48003244315761,79.8219985961914,116.0355453491211
391.68346933973544,36.39950857071223,79.8219985961914,116.0355453491211
394.37073591831194,34.48003244315761,79.8219985961914,116.0355453491211
393.21905024177914,36.39950857071223,79.8219985961914,116.0355453491211
394.37073591831194,35.24782289417945,79.8219985961914,116.0355453491211
393.986840692801,35.631718119690376,79.8219985961914,116.0355453491211
395.1385263693338,34.4800324431576,79.8219985961914,116.0355453491211
393.986840692801,36.399508570712214,79.8219985961914,116.0355453491211
395.1385263693338,35.247822894179436,79.8219985961914,116.0355453491211
393.986840692801,35.63171811969036,79.8219985961914,116.0355453491211
395.1385263693338,34.48003244315758,79.8219985961914,116.0355453491211
393.986840692801,35.63171811969036,79.8219985961914,116.0355453491211
395.1385263693338,34.48003244315758,79.8219985961914,116.0355453491211
393.2190502417792,35.63171811969036,79.8219985961914,116.0355453491211
395.1385263693338,33.712241992135745,79.8219985961914,116.0355453491211
392.4512597907573,34.09613721764667,79.8219985961914,116.0355453491211
395.1385263693338,32.94445154111389,79.8219985961914,116.0355453491211
391.6834693397355,31.792765864581114,79.8219985961914,116.0355453491211
393.6029454672901,32.17666109009204,79.8219985961914,116.0355453491211
390.9156788887136,31.792765864581114,79.8219985961914,116.0355453491211
392.83515501626823,30.641080188048335,79.8219985961914,116.0355453491211
391.68346933973544,31.02497541355926,79.8219985961914,116.0355453491211
393.60294546729006,31.408870639070187,79.8219985961914,116.0355453491211
391.68346933973544,31.792765864581114,79.8219985961914,116.0355453491211
393.60294546729006,31.408870639070187,79.8219985961914,116.0355453491211
391.68346933973544,31.792765864581114,79.8219985961914,116.0355453491211
392.83515501626823,30.641080188048335,79.8219985961914,116.0355453491211
392.4512597907573,29.489394511515556,79.8219985961914,116.0355453491211
393.6029454672901,29.873289737026482,79.8219985961914,116.0355453491211
392.4512597907573,27.953813609471865,79.8219985961914,116.0355453491211
394.37073591831194,28.33770883498279,79.8219985961914,116.0355453491211
392.4512597907573,27.186023158450013,79.8219985961914,116.0355453491211
392.83515501626823,27.56991838396094,79.8219985961914,116.0355453491211
390.9156788887136,27.186023158450013,79.8219985961914,116.0355453491211
391.2995741142245,30.641080188048335,79.8219985961914,116.0355453491211
388.42508769414246,32.942060041071045,81.58805847167969,118.60282897949219
386.4631431572657,34.904004577947816,81.58805847167969,118.60282897949219
384.3392638659212,34.813272815825485,83.39319610595703,121.22691345214844
385.49727838934297,34.72053270175354,85.23827362060547,123.9090576171875
381.8077806160914,32.6708117166138,85.23827362060547,123.9090576171875
383.03761320717524,33.90064430769765,85.23827362060547,123.9090576171875
378.5282270398678,31.031034928501995,85.23827362060547,123.9090576171875
378.9381712368957,30.62109073147404,85.23827362060547,123.9090576171875
376.06856185770005,30.211146534446087,85.23827362060547,123.9090576171875
374.8387292666162,28.981313943362238,85.23827362060547,123.9090576171875
372.78900828147647,27.75148135227839,85.23827362060547,123.9090576171875
369.9193989022808,27.341537155250435,85.23827362060547,123.9090576171875
366.22990112902926,30.211146534446087,85.23827362060547,123.9090576171875
367.4597337201131,27.341537155250435,85.23827362060547,123.9090576171875
367.869677917141,30.211146534446087,85.23827362060547,123.9090576171875
369.09951050822485,28.16142554930633,85.23827362060547,123.9090576171875
368.6895663111969,30.211146534446073,85.23827362060547,123.9090576171875
369.91939890228076,28.16142554930633,85.23827362060547,123.9090576171875
368.6895663111969,29.39125814039018,85.23827362060547,123.9090576171875
369.91939890228076,27.34153715525042,85.23827362060547,123.9090576171875
369.50945470525284,27.751481352278375,85.23827362060547,123.9090576171875
370.73928729633667,25.701760367138633,85.23827362060547,123.9090576171875
371.9691198874205,25.29181617011068,85.23827362060547,123.9090576171875
371.5591756903926,26.521648761194527,85.23827362060547,123.9090576171875
372.7890082814764,25.29181617011068,85.23827362060547,123.9090576171875
374.83872926661616,24.881871973082724,85.23827362060547,123.9090576171875
373.6088966755323,24.47192777605477,85.23827362060547,123.9090576171875
374.83872926661616,27.34153715525042,85.23827362060547,123.9090576171875
376.0685618577,25.29181617011068,85.23827362060547,123.9090576171875
371.5591756903925,28.16142554930633,85.23827362060547,123.9090576171875
373.60889667553226,27.751481352278375,85.23827362060547,123.9090576171875
374.79253480991946,29.357958285342306,87.1241683959961,126.65054321289062
370.18337847366035,28.10091564818073,87.1241683959961,126.65054321289062
372.27844953559634,30.1959867101167,87.1241683959961,126.65054321289062
372.69746374798353,27.262887223406352,87.1241683959961,126.65054321289062
371.2989265355908,28.904908299755064,89.05178833007812,129.4526824951172
372.5837812410996,25.906913986901245,89.05178833007812,129.4526824951172
369.58578692824574,26.33519888873751,89.05178833007812,129.4526824951172
372.5837812410996,25.05034418322873,89.05178833007812,129.4526824951172
370.44235673191827,27.191768692410037,89.05178833007812,129.4526824951172
374.2969208484446,25.05034418322873,89.05178833007812,129.4526824951172
372.15549633926327,27.191768692410037,89.05178833007812,129.4526824951172
376.0100604557896,25.90691398690126,89.05178833007812,129.4526824951172
372.15549633926327,25.478629085064995,89.05178833007812,129.4526824951172
376.0100604557896,25.90691398690126,89.05178833007812,129.4526824951172
373.01206614293574,25.478629085064995,89.05178833007812,129.4526824951172
376.0100604557896,26.763483790573773,89.05178833007812,129.4526824951172
373.01206614293574,24.622059281392467,89.05178833007812,129.4526824951172
376.0100604557896,26.763483790573773,89.05178833007812,129.4526824951172
373.01206614293574,24.622059281392467,89.05178833007812,129.4526824951172
376.0100604557896,26.763483790573773,89.05178833007812,129.4526824951172
374.7252057502808,24.622059281392467,89.05178833007812,129.4526824951172
376.8666302594621,25.906913986901245,89.05178833007812,129.4526824951172
374.7252057502808,24.622059281392467,89.05178833007812,129.4526824951172
376.8666302594621,25.05034418322873,89.05178833007812,129.4526824951172
373.86863594660826,25.478629085064995,89.05178833007812,129.4526824951172
377.7232000631346,24.193774379556217,89.05178833007812,129.4526824951172
374.7252057502808,26.335198888737523,89.05178833007812,129.4526824951172
377.72320006313464,23.337204575883703,89.05178833007812,129.4526824951172
374.7252057502808,24.62205928139248,89.05178833007812,129.4526824951172
377.72320006313464,25.050344183228745,89.05178833007812,129.4526824951172
375.5817755539533,25.47862908506501,89.05178833007812,129.4526824951172
377.72320006313464,24.19377437955623,89.05178833007812,129.4526824951172
374.7252057502808,26.335198888737537,89.05178833007812,129.4526824951172
378.5797698668071,24.19377437955623,89.05178833007812,129.4526824951172
375.5817755539533,26.335198888737537,89.05178833007812,129.4526824951172
378.57976986680717,23.337204575883717,89.05178833007812,129.4526824951172
375.5817755539533,24.622059281392495,89.05178833007812,129.4526824951172
378.57976986680717,25.05034418322876,89.05178833007812,129.4526824951172
376.43834535762585,24.622059281392495,89.05178833007812,129.4526824951172
380.29290947415217,25.05034418322876,89.05178833007812,129.4526824951172
377.2949151612984,25.478629085065023,89.05178833007812,129.4526824951172
380.2929094741522,24.193774379556245,89.05178833007812,129.4526824951172
377.2949151612984,25.478629085065023,89.05178833007812,129.4526824951172
381.1494792778247,24.193774379556245,89.05178833007812,129.4526824951172
378.1514849649709,26.33519888873755,89.05178833007812,129.4526824951172
381.14947927782475,23.33720457588373,89.05178833007812,129.4526824951172
381.577764179661,25.478629085065037,89.05178833007812,129.4526824951172
380.2929094741522,24.19377437955626,89.05178833007812,129.4526824951172
382.43433398333354,26.335198888737565,89.05178833007812,129.4526824951172
383.71918868884234,23.337204575883746,89.05178833007812,129.4526824951172
381.577764179661,24.622059281392524,89.05178833007812,129.4526824951172
384.57575849251486,25.9069139869013,89.05178833007812,129.4526824951172
381.577764179661,24.622059281392524,89.05178833007812,129.4526824951172
383.71918868884234,25.050344183228788,89.05178833007812,129.4526824951172
385.00404339435113,25.47862908506505,89.05178833007812,129.4526824951172
386.2888980998599,25.906913986901316,89.05178833007812,129.4526824951172
385.86061319802366,27.191768692410093,89.05178833007812,129.4526824951172
385.4323282961874,26.76348379057383,89.05178833007812,129.4526824951172
387.5737528053687,25.47862908506505,89.05178833007812,129.4526824951172
387.14546790353245,28.47662339791887,89.05178833007812,129.4526824951172
389.27075287836243,25.711518769859765,91.02205657958984,132.3168182373047
391.45955640480935,27.024800885727927,91.02205657958984,132.3168182373047
389.27075287836243,24.835997359280995,91.02205657958984,132.3168182373047
391.45955640480935,27.024800885727927,91.02205657958984,132.3168182373047
391.02179569951994,25.711518769859765,91.02205657958984,132.3168182373047
390.58403499423054,27.024800885727927,91.02205657958984,132.3168182373047
388.3952314677836,25.711518769859765,91.02205657958984,132.3168182373047
390.58403499423054,27.024800885727927,91.02205657958984,132.3168182373047
387.5197100572048,26.587040180438535,91.02205657958984,132.3168182373047
387.9574707624942,26.149279475149143,91.02205657958984,132.3168182373047
388.3952314677836,26.587040180438535,91.02205657958984,132.3168182373047
388.832992173073,28.775843706885468,91.02205657958984,132.3168182373047
387.51971005720486,27.462561591017305,91.02205657958984,132.3168182373047
389.7085135836518,27.900322296306697,91.02205657958984,132.3168182373047
387.51971005720486,26.587040180438535,91.02205657958984,132.3168182373047
389.7085135836518,24.398236653991603,91.02205657958984,132.3168182373047
389.2707528783624,20.458390306387116,91.02205657958984,132.3168182373047
390.58403499423054,19.145108190518954,91.02205657958984,132.3168182373047
388.3952314677836,17.83182607465079,91.02205657958984,132.3168182373047
391.45955640480935,17.3940653693614,91.02205657958984,132.3168182373047
291.21235489353967,36.21777569680505,91.02205657958984,132.3168182373047
286.3969871353564,37.53105781267321,91.02205657958984,132.3168182373047
290.3368334829609,39.71986133912014,91.02205657958984,132.3168182373047
290.7745941882503,41.033143454988306,91.02205657958984,132.3168182373047
287.7102692512246,42.34642557085647,91.02205657958984,132.3168182373047
289.02355136709275,45.410750507882184,91.02205657958984,132.3168182373047
285.959226430067,45.84851121317158,91.02205657958984,132.3168182373047
289.8990727776715,46.28627191846097,91.02205657958984,132.3168182373047
285.08370501948826,44.97298980259281,91.02205657958984,132.3168182373047
289.02355136709275,45.4107505078822,91.02205657958984,132.3168182373047
284.2081836089095,44.09746839201404,91.02205657958984,132.3168182373047
289.1055498165685,41.271185450218795,93.03591918945312,135.24432373046875
285.9734266903111,41.71863161111271,93.03591918945312,135.24432373046875
290.00044213835633,43.06097009379445,93.03591918945312,135.24432373046875
287.7632113338868,41.71863161111271,93.03591918945312,135.24432373046875
292.68511910371984,43.06097009379445,93.03591918945312,135.24432373046875
294.02745758640157,42.613523932900534,93.03591918945312,135.24432373046875
290.00044213835633,42.166077772006616,93.03591918945312,135.24432373046875
294.9223499081894,44.40330857647619,93.03591918945312,135.24432373046875
296.26468839087113,45.74564705915793,93.03591918945312,135.24432373046875
293.13256526461373,45.298200898264014,93.03591918945312,135.24432373046875
296.26468839087113,45.74564705915793,93.03591918945312,135.24432373046875
294.02745758640157,46.19309322005185,93.03591918945312,135.24432373046875
296.26468839087113,46.64053938094577,93.03591918945312,135.24432373046875
298.5019191953407,47.98287786362751,93.03591918945312,135.24432373046875
298.9493653562346,47.53543170273359,93.03591918945312,135.24432373046875
301.18659616070414,48.87777018541533,93.03591918945312,135.24432373046875
297.1595807126589,47.53543170273359,93.03591918945312,135.24432373046875
299.39681151712847,47.98287786362751,93.03591918945312,135.24432373046875
299.84425767802236,45.74564705915793,93.03591918945312,135.24432373046875
301.1865961607041,47.08798554183967,93.03591918945312,135.24432373046875
298.0544730344467,44.850754737370096,93.03591918945312,135.24432373046875
300.29170383891625,46.193093220051836,93.03591918945312,135.24432373046875
297.15958071265885,45.74564705915792,93.03591918945312,135.24432373046875
299.3968115171284,47.08798554183966,93.03591918945312,135.24432373046875
297.15958071265885,45.74564705915792,93.03591918945312,135.24432373046875
299.3968115171284,47.08798554183966,93.03591918945312,135.24432373046875
296.264688390871,45.74564705915792,93.03591918945312,135.24432373046875
298.5019191953406,47.08798554183966,93.03591918945312,135.24432373046875
299.8442576780223,48.4303240245214,93.03591918945312,135.24432373046875
295.81724222997707,47.08798554183966,93.03591918945312,135.24432373046875
298.05447303444663,47.535431702733575,93.03591918945312,135.24432373046875
294.92234990818923,47.08798554183966,93.03591918945312,135.24432373046875
297.1595807126588,47.535431702733575,93.03591918945312,135.24432373046875
298.5019191953405,48.877770185415315,93.03591918945312,135.24432373046875
294.4749037472953,47.535431702733575,93.03591918945312,135.24432373046875
387.68344917160204,25.149149539631736,95.0943374633789,138.23660278320312
392.71425415084263,19.20365274598373,95.0943374633789,138.23660278320312
387.39180386268947,22.893869442707597,97.19830322265625,141.2950897216797
390.6640566604935,20.556546015704726,97.19830322265625,141.2950897216797
386.4568744918883,23.82879881350874,97.19830322265625,141.2950897216797
384.89662353312895,23.72070281283365,99.34881591796875,144.42124938964844
387.28566024095426,21.33166610500834,99.34881591796875,144.42124938964844
382.7165396230333,23.204078043730064,101.54690551757812,147.6165771484375
386.13519142601365,20.762183898744127,101.54690551757812,147.6165771484375
380.45159061537936,22.676024280078394,103.79363250732422,150.88259887695312
383.94588008950063,19.181734805957134,103.79363250732422,150.88259887695312
380.45159061537936,22.676024280078394,103.79363250732422,150.88259887695312
383.94588008950063,19.181734805957134,103.79363250732422,150.88259887695312
381.4499590365569,21.67765585890089,103.79363250732422,150.88259887695312
383.94588008950063,17.18499796360213,103.79363250732422,150.88259887695312
382.44832745773436,19.680919016545886,103.79363250732422,150.88259887695312
383.94588008950063,17.18499796360213,103.79363250732422,150.88259887695312
382.44832745773436,19.680919016545886,103.79363250732422,150.88259887695312
385.94261693185564,16.186629542424626,103.79363250732422,150.88259887695312
383.4466958789119,18.682550595368383,103.79363250732422,150.88259887695312
385.94261693185564,15.188261121247123,103.79363250732422,150.88259887695312
383.4466958789119,17.68418217419088,103.79363250732422,150.88259887695312
386.94098535303317,15.188261121247123,103.79363250732422,150.88259887695312
384.4450643000894,18.682550595368383,103.79363250732422,150.88259887695312
386.94098535303317,15.188261121247123,103.79363250732422,150.88259887695312
385.4434327212669,17.68418217419088,103.79363250732422,150.88259887695312
385.94261693185564,16.186629542424626,103.79363250732422,150.88259887695312
385.4434327212669,18.682550595368383,103.79363250732422,150.88259887695312
386.94098535303317,16.186629542424626,103.79363250732422,150.88259887695312
385.4434327212669,18.682550595368383,103.79363250732422,150.88259887695312
387.93935377421064,16.186629542424626,103.79363250732422,150.88259887695312
386.4418011424444,18.682550595368383,103.79363250732422,150.88259887695312
385.94261693185564,16.186629542424626,103.79363250732422,150.88259887695312
387.4401695636219,17.68418217419088,103.79363250732422,150.88259887695312
385.94261693185564,16.186629542424626,103.79363250732422,150.88259887695312
388.4385379847994,16.685813753013377,103.79363250732422,150.88259887695312
385.94261693185564,17.18499796360213,103.79363250732422,150.88259887695312
388.4385379847994,16.685813753013377,103.79363250732422,150.88259887695312
385.94261693185564,17.18499796360213,103.79363250732422,150.88259887695312
389.4369064059769,15.687445331835875,103.79363250732422,150.88259887695312
386.94098535303317,18.18336638477963,103.79363250732422,150.88259887695312
389.4369064059769,15.687445331835875,103.79363250732422,150.88259887695312
386.94098535303317,17.18499796360213,103.79363250732422,150.88259887695312
389.4369064059769,15.687445331835875,103.79363250732422,150.88259887695312
386.94098535303317,17.18499796360213,103.79363250732422,150.88259887695312
390.43527482715444,14.689076910658372,103.79363250732422,150.88259887695312
386.94098535303317,17.18499796360213,103.79363250732422,150.88259887695312
390.43527482715444,15.687445331835875,103.79363250732422,150.88259887695312
387.9393537742107,17.18499796360213,103.79363250732422,150.88259887695312
390.43527482715444,15.687445331835875,103.79363250732422,150.88259887695312
387.9393537742107,17.18499796360213,103.79363250732422,150.88259887695312
391.433643248332,14.689076910658372,103.79363250732422,150.88259887695312
387.9393537742107,17.18499796360213,103.79363250732422,150.88259887695312
391.433643248332,15.687445331835875,103.79363250732422,150.88259887695312
387.9393537742107,18.18336638477963,103.79363250732422,150.88259887695312
391.433643248332,15.687445331835875,103.79363250732422,150.88259887695312
388.93772219538823,18.18336638477963,103.79363250732422,150.88259887695312
391.433643248332,15.687445331835875,103.79363250732422,150.88259887695312
388.93772219538823,18.18336638477963,103.79363250732422,150.88259887695312
392.4320116695095,15.687445331835875,103.79363250732422,150.88259887695312
388.93772219538823,19.181734805957134,103.79363250732422,150.88259887695312
391.433643248332,16.685813753013377,103.79363250732422,150.88259887695312
388.93772219538823,19.181734805957134,103.79363250732422,150.88259887695312
392.4320116695095,16.685813753013377,103.79363250732422,150.88259887695312
389.93609061656576,19.181734805957134,103.79363250732422,150.88259887695312
392.4320116695095,16.685813753013377,103.79363250732422,150.88259887695312
389.93609061656576,19.181734805957134,103.79363250732422,150.88259887695312
392.4320116695095,16.685813753013377,103.79363250732422,150.88259887695312
390.93445903774324,19.181734805957134,103.79363250732422,150.88259887695312
392.4320116695095,17.68418217419088,103.79363250732422,150.88259887695312
390.93445903774324,19.181734805957134,103.79363250732422,150.88259887695312
393.430380090687,16.685813753013377,103.79363250732422,150.88259887695312
391.9328274589207,19.181734805957134,103.79363250732422,150.88259887695312
393.430380090687,17.68418217419088,103.79363250732422,150.88259887695312
391.9328274589207,19.181734805957134,103.79363250732422,150.88259887695312
392.43201166950945,17.68418217419088,103.79363250732422,150.88259887695312
391.9328274589207,19.181734805957134,103.79363250732422,150.88259887695312
392.43201166950945,17.68418217419088,103.79363250732422,150.88259887695312
391.9328274589207,19.181734805957134,103.79363250732422,150.88259887695312
393.430380090687,16.685813753013377,103.79363250732422,150.88259887695312
391.9328274589207,19.181734805957134,103.79363250732422,150.88259887695312
393.430380090687,17.68418217419088,103.79363250732422,150.88259887695312
391.9328274589207,20.180103227134637,103.79363250732422,150.88259887695312
394.42874851186446,18.682550595368383,103.79363250732422,150.88259887695312
392.9311958800982,20.180103227134637,103.79363250732422,150.88259887695312
395.42711693304193,18.682550595368383,103.79363250732422,150.88259887695312
393.92956430127566,20.180103227134637,103.79363250732422,150.88259887695312
396.4254853542194,18.682550595368383,103.79363250732422,150.88259887695312
395.92630114363067,21.17847164831214,103.79363250732422,150.88259887695312
397.42385377539694,19.680919016545886,103.79363250732422,150.88259887695312
395.92630114363067,21.17847164831214,103.79363250732422,150.88259887695312
398.4222221965744,19.680919016545886,103.79363250732422,150.88259887695312
395.92630114363067,22.176840069489643,103.79363250732422,150.88259887695312
398.4222221965744,20.67928743772339,103.79363250732422,150.88259887695312
396.92466956480814,22.176840069489643,103.79363250732422,150.88259887695312
398.4222221965744,20.67928743772339,103.79363250732422,150.88259887695312
396.92466956480814,22.176840069489643,103.79363250732422,150.88259887695312
398.4222221965744,19.680919016545886,103.79363250732422,150.88259887695312
396.92466956480814,22.176840069489643,103.79363250732422,150.88259887695312
398.4222221965744,19.680919016545886,103.79363250732422,150.88259887695312
396.92466956480814,21.17847164831214,103.79363250732422,150.88259887695312
398.4222221965744,18.682550595368383,103.79363250732422,150.88259887695312
396.92466956480814,21.17847164831214,103.79363250732422,150.88259887695312
398.4222221965744,19.680919016545886,103.79363250732422,150.88259887695312
396.92466956480814,20.180103227134637,103.79363250732422,150.88259887695312
399.4205906177519,19.680919016545886,103.79363250732422,150.88259887695312
396.92466956480814,21.17847164831214,103.79363250732422,150.88259887695312
399.4205906177519,19.680919016545886,103.79363250732422,150.88259887695312
397.9230379859856,21.17847164831214,103.79363250732422,150.88259887695312
398.42222219657435,19.680919016545886,103.79363250732422,150.88259887695312
397.9230379859856,20.180103227134637,103.79363250732422,150.88259887695312
398.42222219657435,20.67928743772339,103.79363250732422,150.88259887695312
397.9230379859856,19.181734805957134,103.79363250732422,150.88259887695312
398.42222219657435,20.67928743772339,103.79363250732422,150.88259887695312
397.9230379859856,19.181734805957134,103.79363250732422,150.88259887695312
399.4205906177519,20.67928743772339,103.79363250732422,150.88259887695312
397.9230379859856,20.180103227134637,103.79363250732422,150.88259887695312
399.4205906177519,19.680919016545886,103.79363250732422,150.88259887695312
397.9230379859856,21.17847164831214,103.79363250732422,150.88259887695312
398.42222219657435,19.680919016545886,103.79363250732422,150.88259887695312
397.9230379859856,20.180103227134637,103.79363250732422,150.88259887695312
399.4205906177519,19.680919016545886,103.79363250732422,150.88259887695312
397.9230379859856,21.17847164831214,103.79363250732422,150.88259887695312
399.4205906177519,18.682550595368383,103.79363250732422,150.88259887695312
397.9230379859856,20.180103227134637,103.79363250732422,150.88259887695312
399.4205906177519,18.682550595368383,103.79363250732422,150.88259887695312
397.9230379859856,21.17847164831214,103.79363250732422,150.88259887695312
398.42222219657435,19.680919016545886,103.79363250732422,150.88259887695312
397.9230379859856,19.181734805957134,103.79363250732422,150.88259887695312
398.42222219657435,20.67928743772339,103.79363250732422,150.88259887695312
397.9230379859856,19.181734805957134,103.79363250732422,150.88259887695312
398.42222219657435,20.67928743772339,103.79363250732422,150.88259887695312
397.9230379859856,19.181734805957134,103.79363250732422,150.88259887695312
398.42222219657435,20.67928743772339,103.79363250732422,150.88259887695312
397.9230379859856,19.181734805957134,103.79363250732422,150.88259887695312
397.4238537753969,21.67765585890089,103.79363250732422,150.88259887695312
398.92140640716315,18.18336638477963,103.79363250732422,150.88259887695312
398.4222221965744,21.67765585890089,103.79363250732422,150.88259887695312
397.9230379859857,19.181734805957134,103.79363250732422,150.88259887695312
397.42385377539694,22.676024280078394,103.79363250732422,150.88259887695312
396.9246695648082,20.180103227134637,103.79363250732422,150.88259887695312
397.42385377539694,21.67765585890089,103.79363250732422,150.88259887695312
396.9246695648082,19.181734805957134,103.79363250732422,150.88259887695312
397.42385377539694,22.676024280078394,103.79363250732422,150.88259887695312
396.9246695648082,20.180103227134637,103.79363250732422,150.88259887695312
397.42385377539694,21.67765585890089,103.79363250732422,150.88259887695312
396.9246695648082,19.181734805957134,103.79363250732422,150.88259887695312
397.42385377539694,22.676024280078394,103.79363250732422,150.88259887695312
396.9246695648082,20.180103227134637,103.79363250732422,150.88259887695312
397.42385377539694,20.67928743772339,103.79363250732422,150.88259887695312
395.92630114363067,20.180103227134637,103.79363250732422,150.88259887695312
396.4254853542194,21.67765585890089,103.79363250732422,150.88259887695312
395.92630114363067,19.181734805957134,103.79363250732422,150.88259887695312
396.4254853542194,21.67765585890089,103.79363250732422,150.88259887695312
395.92630114363067,18.18336638477963,103.79363250732422,150.88259887695312
396.4254853542194,21.67765585890089,103.79363250732422,150.88259887695312
395.92630114363067,19.181734805957134,103.79363250732422,150.88259887695312
396.4254853542194,21.67765585890089,103.79363250732422,150.88259887695312
396.92466956480814,18.18336638477963,103.79363250732422,150.88259887695312
396.4254853542194,20.67928743772339,103.79363250732422,150.88259887695312
396.92466956480814,17.18499796360213,103.79363250732422,150.88259887695312
396.4254853542194,20.67928743772339,103.79363250732422,150.88259887695312
396.92466956480814,18.18336638477963,103.79363250732422,150.88259887695312
396.4254853542194,19.680919016545886,103.79363250732422,150.88259887695312
397.9230379859857,17.18499796360213,103.79363250732422,150.88259887695312
396.4254853542194,20.67928743772339,103.79363250732422,150.88259887695312
397.9230379859857,17.18499796360213,103.79363250732422,150.88259887695312
396.4254853542194,20.67928743772339,103.79363250732422,150.88259887695312
397.9230379859857,17.18499796360213,103.79363250732422,150.88259887695312
397.42385377539694,19.680919016545886,103.79363250732422,150.88259887695312
397.9230379859857,17.18499796360213,103.79363250732422,150.88259887695312
397.42385377539694,19.680919016545886,103.79363250732422,150.88259887695312
398.9214064071632,17.18499796360213,103.79363250732422,150.88259887695312
398.42222219657447,19.680919016545886,103.79363250732422,150.88259887695312
399.91977482834073,17.18499796360213,103.79363250732422,150.88259887695312
398.42222219657447,19.680919016545886,103.79363250732422,150.88259887695312
398.9214064071632,18.18336638477963,103.79363250732422,150.88259887695312
398.42222219657447,19.680919016545886,103.79363250732422,150.88259887695312
398.9214064071632,18.18336638477963,103.79363250732422,150.88259887695312
398.42222219657447,20.67928743772339,103.79363250732422,150.88259887695312
399.91977482834073,18.18336638477963,103.79363250732422,150.88259887695312
398.42222219657447,20.67928743772339,103.79363250732422,150.88259887695312
399.91977482834073,18.18336638477963,103.79363250732422,150.88259887695312
399.420590617752,20.67928743772339,103.79363250732422,150.88259887695312
399.91977482834073,18.18336638477963,103.79363250732422,150.88259887695312
399.420590617752,20.67928743772339,103.79363250732422,150.88259887695312
398.92140640716326,18.18336638477963,103.79363250732422,150.88259887695312
399.420590617752,20.67928743772339,103.79363250732422,150.88259887695312
398.92140640716326,18.18336638477963,103.79363250732422,150.88259887695312
399.420590617752,20.67928743772339,103.79363250732422,150.88259887695312
398.92140640716326,18.18336638477963,103.79363250732422,150.88259887695312
399.420590617752,19.680919016545886,103.79363250732422,150.88259887695312
398.92140640716326,18.18336638477963,103.79363250732422,150.88259887695312
399.420590617752,19.680919016545886,103.79363250732422,150.88259887695312
398.92140640716326,18.18336638477963,103.79363250732422,150.88259887695312
399.420590617752,20.67928743772339,103.79363250732422,150.88259887695312
398.92140640716326,18.18336638477963,103.79363250732422,150.88259887695312
396.21947930414717,20.13955566681716,106.0900650024414,154.2208709716797
397.75016528789126,18.60886968307308,106.0900650024414,154.2208709716797
397.2399366266432,18.09864102182506,106.0900650024414,154.2208709716797
397.75016528789126,19.629327005569138,106.0900650024414,154.2208709716797
397.2399366266432,17.078183699329003,106.0900650024414,154.2208709716797
397.75016528789126,19.629327005569138,106.0900650024414,154.2208709716797
397.2399366266432,17.078183699329003,106.0900650024414,154.2208709716797
397.75016528789126,19.629327005569138,106.0900650024414,154.2208709716797
397.2399366266432,17.078183699329003,106.0900650024414,154.2208709716797
397.75016528789126,20.649784328065195,106.0900650024414,154.2208709716797
394.9884564484091,19.473076617820965,108.43730926513672,157.6330108642578
396.5530088595435,16.865489265930265,108.43730926513672,157.6330108642578
396.0314913891654,18.43004167706468,108.43730926513672,157.6330108642578
396.5530088595435,18.951559147442822,108.43730926513672,157.6330108642578
396.0314913891654,18.43004167706468,108.43730926513672,157.6330108642578
396.5530088595435,18.951559147442822,108.43730926513672,157.6330108642578
396.0314913891654,18.43004167706468,108.43730926513672,157.6330108642578
396.5530088595435,18.951559147442822,108.43730926513672,157.6330108642578
396.0314913891654,18.43004167706468,108.43730926513672,157.6330108642578
396.5530088595435,18.951559147442822,108.43730926513672,157.6330108642578
302.8297018704469,39.39179598261782,110.83648681640625,161.12063598632812
294.83386120429304,36.72651576056654,110.83648681640625,161.12063598632812
299.63136560398533,40.45790807143834,110.83648681640625,161.12063598632812
292.701637026652,35.660403671746025,110.83648681640625,161.12063598632812
298.56525351516484,39.39179598261782,110.83648681640625,161.12063598632812
292.701637026652,36.72651576056654,110.83648681640625,161.12063598632812
298.56525351516484,40.45790807143834,110.83648681640625,161.12063598632812
292.701637026652,36.72651576056654,110.83648681640625,161.12063598632812
298.56525351516484,40.45790807143834,110.83648681640625,161.12063598632812
292.701637026652,36.72651576056654,110.83648681640625,161.12063598632812
298.56525351516484,40.45790807143834,110.83648681640625,161.12063598632812
292.701637026652,36.72651576056654,110.83648681640625,161.12063598632812
298.56525351516484,40.45790807143834,110.83648681640625,161.12063598632812
292.701637026652,35.660403671746025,110.83648681640625,161.12063598632812
298.56525351516484,39.39179598261782,110.83648681640625,161.12063598632812
292.701637026652,36.72651576056654,110.83648681640625,161.12063598632812
298.56525351516484,40.45790807143834,110.83648681640625,161.12063598632812
292.701637026652,35.660403671746025,110.83648681640625,161.12063598632812
298.56525351516484,40.45790807143834,110.83648681640625,161.12063598632812
292.701637026652,35.660403671746025,110.83648681640625,161.12063598632812
298.56525351516484,40.45790807143834,110.83648681640625,161.12063598632812
292.701637026652,36.72651576056654,110.83648681640625,161.12063598632812
298.56525351516484,40.45790807143834,110.83648681640625,161.12063598632812
292.701637026652,36.72651576056654,110.83648681640625,161.12063598632812
298.56525351516484,40.45790807143834,110.83648681640625,161.12063598632812
406.10138020435926,18.027798825213438,108.47286224365234,157.6846923828125
409.7531994502884,13.332602651876016,108.47286224365234,157.6846923828125
406.10138020435926,18.027798825213438,108.47286224365234,157.6846923828125
409.7531994502884,14.375979579284333,108.47286224365234,157.6846923828125
406.10138020435926,18.027798825213438,108.47286224365234,157.6846923828125
409.7531994502884,13.332602651876016,108.47286224365234,157.6846923828125
407.14475713176756,16.98442189780512,108.47286224365234,157.6846923828125
410.7965763776967,13.332602651876016,108.47286224365234,157.6846923828125
407.14475713176756,18.027798825213438,108.47286224365234,157.6846923828125
409.7531994502884,13.332602651876016,108.47286224365234,157.6846923828125
407.14475713176756,16.98442189780512,108.47286224365234,157.6846923828125
409.7531994502884,14.375979579284333,108.47286224365234,157.6846923828125
406.10138020435926,18.027798825213438,108.47286224365234,157.6846923828125
410.7965763776967,13.332602651876016,108.47286224365234,157.6846923828125
407.14475713176756,18.027798825213438,108.47286224365234,157.6846923828125
410.7965763776967,13.332602651876016,108.47286224365234,157.6846923828125
407.14475713176756,16.98442189780512,108.47286224365234,157.6846923828125
410.7965763776967,13.332602651876016,108.47286224365234,157.6846923828125
407.14475713176756,18.027798825213438,108.47286224365234,157.6846923828125
410.7965763776967,13.332602651876016,108.47286224365234,157.6846923828125
407.14475713176756,18.027798825213438,108.47286224365234,157.6846923828125
409.7531994502884,14.375979579284333,108.47286224365234,157.6846923828125
407.14475713176756,19.071175752621755,108.47286224365234,157.6846923828125
411.839953305105,14.375979579284333,108.47286224365234,157.6846923828125
408.18813405917587,19.071175752621755,108.47286224365234,157.6846923828125
412.8833302325133,15.419356506692651,108.47286224365234,157.6846923828125
409.5144485265021,20.620517735120174,106.1596450805664,154.322021484375
414.1095182272274,17.046574634556066,106.1596450805664,154.322021484375
409.5144485265021,20.620517735120174,106.1596450805664,154.322021484375
414.1095182272274,17.046574634556066,106.1596450805664,154.322021484375
409.5144485265021,20.620517735120174,106.1596450805664,154.322021484375
414.1095182272274,17.046574634556066,106.1596450805664,154.322021484375
409.5144485265021,20.620517735120174,106.1596450805664,154.322021484375
414.1095182272274,16.025448034394884,106.1596450805664,154.322021484375
410.8124781321783,23.084134212577766,103.89575958251953,151.0310516357422
414.310205819634,17.587704989433092,103.89575958251953,151.0310516357422
410.8124781321783,23.084134212577766,103.89575958251953,151.0310516357422
415.3095565874785,17.587704989433092,103.89575958251953,151.0310516357422
410.8124781321783,23.084134212577766,103.89575958251953,151.0310516357422
415.3095565874785,17.587704989433092,103.89575958251953,151.0310516357422
410.8124781321783,23.084134212577766,103.89575958251953,151.0310516357422
414.310205819634,16.588354221588617,103.89575958251953,151.0310516357422
411.08347571346883,17.71712910318442,101.6801528930664,147.81027221679688
416.46269192787895,15.272030823907087,101.6801528930664,147.81027221679688
413.03955433689066,18.695168414895363,101.6801528930664,147.81027221679688
415.484652616168,18.20614875903989,101.6801528930664,147.81027221679688
411.0834757134688,22.607325661739097,101.6801528930664,147.81027221679688
416.4626919278789,18.20614875903989,101.6801528930664,147.81027221679688
412.0615150251797,23.585364973450027,101.6801528930664,147.81027221679688
416.4626919278789,19.18418807075082,101.6801528930664,147.81027221679688
413.0395543368906,23.585364973450027,101.6801528930664,147.81027221679688
415.4846526161679,21.140266694172695,101.6801528930664,147.81027221679688
412.06151502517963,23.585364973450027,101.6801528930664,147.81027221679688
416.44510367599395,21.86200505188377,99.51179504394531,144.65817260742188
414.0521478539976,25.212143202678675,99.51179504394531,144.65817260742188
416.44510367599395,21.86200505188377,99.51179504394531,144.65817260742188
414.0521478539976,26.169325531477227,99.51179504394531,144.65817260742188
420.27383299118816,22.819187380682322,99.51179504394531,144.65817260742188
416.92369484039324,25.21214320267869,99.51179504394531,144.65817260742188
422.1881976487852,20.904822723085232,99.51179504394531,144.65817260742188
417.88087716919176,25.212143202678675,99.51179504394531,144.65817260742188
423.14537997758373,21.86200505188377,99.51179504394531,144.65817260742188
419.7952418267888,25.212143202678675,99.51179504394531,144.65817260742188
419.3166506623895,24.7335520382794,99.51179504394531,144.65817260742188
423.62397114198296,22.340596216283032,99.51179504394531,144.65817260742188
421.2310153199866,21.862005051883756,99.51179504394531,144.65817260742188
417.8808771691917,25.21214320267866,99.51179504394531,144.65817260742188
421.2310153199866,21.862005051883756,99.51179504394531,144.65817260742188
417.8808771691917,25.21214320267866,99.51179504394531,144.65817260742188
420.27383299118804,21.862005051883756,99.51179504394531,144.65817260742188
416.9236948403931,27.12650786027575,99.51179504394531,144.65817260742188
418.35946833359094,23.776369709480846,99.51179504394531,144.65817260742188
416.1914775579813,27.62527547414625,97.38967895507812,141.5732879638672
421.3437132582907,24.3465800284948,97.38967895507812,141.5732879638672
419.22195795189106,26.307579884103504,95.31281280517578,138.55419921875
419.68035456299305,22.182010384185418,95.31281280517578,138.55419921875
418.305164729687,23.55720021749144,95.31281280517578,138.55419921875
422.4307342296051,20.348423939777376,95.31281280517578,138.55419921875
420.13875117409503,23.55720021749144,95.31281280517578,138.55419921875
423.34752745180907,20.348423939777376,95.31281280517578,138.55419921875
425.63951050731913,21.7236137730834,95.31281280517578,138.55419921875
425.18111389621714,20.348423939777376,95.31281280517578,138.55419921875
425.63951050731913,19.890027328675373,95.31281280517578,138.55419921875
426.0979071184211,21.265217161981397,95.31281280517578,138.55419921875
423.80592406291106,18.05644088426733,95.31281280517578,138.55419921875
427.0147003406251,20.348423939777376,95.31281280517578,138.55419921875
424.72271728511504,17.13964766206331,95.31281280517578,138.55419921875
423.347527451809,20.348423939777376,95.31281280517578,138.55419921875
423.805924062911,18.05644088426733,95.31281280517578,138.55419921875
422.430734229605,19.431630717573356,95.31281280517578,138.55419921875
422.88913084070697,18.05644088426733,95.31281280517578,138.55419921875
420.5971477851969,19.431630717573356,95.31281280517578,138.55419921875
423.80592406291095,17.13964766206331,95.31281280517578,138.55419921875
421.5139410074009,19.431630717573356,95.31281280517578,138.55419921875
422.8891308407069,18.05644088426733,95.31281280517578,138.55419921875
419.6803545629929,18.514837495369335,95.31281280517578,138.55419921875
422.8891308407069,17.13964766206331,95.31281280517578,138.55419921875
418.76356134078884,19.431630717573356,95.31281280517578,138.55419921875
422.8891308407069,17.13964766206331,95.31281280517578,138.55419921875
418.76356134078884,19.431630717573356,95.31281280517578,138.55419921875
420.13875117409486,18.05644088426733,95.31281280517578,138.55419921875
417.8467681185848,19.431630717573356,95.31281280517578,138.55419921875
416.4715782852788,18.973234106471352,95.31281280517578,138.55419921875
419.6803545629928,18.51483749536935,95.31281280517578,138.55419921875
417.38837150748276,18.056440884267346,95.31281280517578,138.55419921875
416.92997489638077,19.43163071757337,95.31281280517578,138.55419921875
415.55478506307475,18.973234106471367,95.31281280517578,138.55419921875
418.7635613407888,18.514837495369363,95.31281280517578,138.55419921875
416.4715782852787,18.973234106471367,95.31281280517578,138.55419921875
416.01318167417674,19.43163071757337,95.31281280517578,138.55419921875
414.6379918408707,18.973234106471367,95.31281280517578,138.55419921875
417.84676811858475,17.598044273165343,95.31281280517578,138.55419921875
414.6379918408707,18.056440884267346,95.31281280517578,138.55419921875
416.92997489638077,18.51483749536935,95.31281280517578,138.55419921875
414.6379918408707,17.139647662063325,95.31281280517578,138.55419921875
415.0963884519727,19.43163071757337,95.31281280517578,138.55419921875
413.7211986186667,18.973234106471367,95.31281280517578,138.55419921875
416.01318167417674,18.514837495369363,95.31281280517578,138.55419921875
413.7211986186667,18.05644088426736,95.31281280517578,138.55419921875
414.17959522976867,19.431630717573384,95.31281280517578,138.55419921875
412.80440539646264,18.97323410647138,95.31281280517578,138.55419921875
415.0963884519727,18.514837495369378,95.31281280517578,138.55419921875
412.80440539646264,18.056440884267374,95.31281280517578,138.55419921875
414.17959522976867,19.431630717573398,95.31281280517578,138.55419921875
412.80440539646264,18.973234106471395,95.31281280517578,138.55419921875
414.17959522976867,19.431630717573398,95.31281280517578,138.55419921875
412.80440539646264,18.056440884267374,95.31281280517578,138.55419921875
414.17959522976867,19.431630717573398,95.31281280517578,138.55419921875
412.80440539646264,18.973234106471395,95.31281280517578,138.55419921875
414.17959522976867,19.431630717573398,95.31281280517578,138.55419921875
412.80440539646264,18.056440884267374,95.31281280517578,138.55419921875
413.26280200756463,19.431630717573398,95.31281280517578,138.55419921875
412.80440539646264,18.973234106471395,95.31281280517578,138.55419921875
413.26280200756463,19.431630717573398,95.31281280517578,138.55419921875
412.80440539646264,18.056440884267374,95.31281280517578,138.55419921875
411.4292155631566,19.431630717573398,95.31281280517578,138.55419921875
411.8876121742586,18.056440884267374,95.31281280517578,138.55419921875
409.59562911874855,20.34842393977742,95.31281280517578,138.55419921875
413.7211986186666,17.139647662063354,95.31281280517578,138.55419921875
410.5124223409526,20.34842393977742,95.31281280517578,138.55419921875
412.80440539646264,18.056440884267374,95.31281280517578,138.55419921875
410.5124223409526,20.34842393977742,95.31281280517578,138.55419921875
411.8876121742586,18.056440884267374,95.31281280517578,138.55419921875
408.67883589654457,20.34842393977742,95.31281280517578,138.55419921875
412.80440539646264,17.139647662063354,95.31281280517578,138.55419921875
409.5956291187486,20.34842393977742,95.31281280517578,138.55419921875
411.88761217425866,18.056440884267374,95.31281280517578,138.55419921875
408.6788358965446,20.34842393977742,95.31281280517578,138.55419921875
411.88761217425866,18.056440884267374,95.31281280517578,138.55419921875
407.7620426743406,20.34842393977742,95.31281280517578,138.55419921875
410.97081895205463,17.139647662063354,95.31281280517578,138.55419921875
406.84524945213656,20.34842393977742,95.31281280517578,138.55419921875
408.2204392854426,18.056440884267374,95.31281280517578,138.55419921875
407.7620426743406,20.34842393977742,95.31281280517578,138.55419921875
409.1372325076466,17.139647662063354,95.31281280517578,138.55419921875
406.84524945213656,19.431630717573398,95.31281280517578,138.55419921875
407.30364606323855,17.139647662063354,95.31281280517578,138.55419921875
405.9284562299325,19.431630717573398,95.31281280517578,138.55419921875
406.3868528410345,16.222854439859333,95.31281280517578,138.55419921875
405.9284562299325,19.431630717573398,95.31281280517578,138.55419921875
405.47005961883053,17.139647662063354,95.31281280517578,138.55419921875
405.9284562299325,20.34842393977742,95.31281280517578,138.55419921875
404.5532663966265,18.973234106471395,95.31281280517578,138.55419921875
406.84524945213656,20.34842393977742,95.31281280517578,138.55419921875
403.6364731744225,19.890027328675416,95.31281280517578,138.55419921875
405.9284562299326,21.26521716198144,95.31281280517578,138.55419921875
402.71967995221854,20.806820550879436,95.31281280517578,138.55419921875
404.09486978552457,23.09880360638948,95.31281280517578,138.55419921875
401.8028867300145,22.640406995287478,95.31281280517578,138.55419921875
403.17807656332053,24.0155968285935,95.31281280517578,138.55419921875
399.9693002856065,23.5572002174915,95.31281280517578,138.55419921875
400.4276968967085,24.932390050797522,95.31281280517578,138.55419921875
401.8028867300145,25.390786661899526,95.31281280517578,138.55419921875
400.4276968967085,24.932390050797522,95.31281280517578,138.55419921875
400.8860935078105,25.390786661899526,95.31281280517578,138.55419921875
398.5941104523004,24.0155968285935,95.31281280517578,138.55419921875
399.96930028560644,26.307579884103546,95.31281280517578,138.55419921875
398.5941104523004,24.0155968285935,95.31281280517578,138.55419921875
399.96930028560644,25.390786661899526,95.31281280517578,138.55419921875
398.5941104523004,24.0155968285935,95.31281280517578,138.55419921875
399.0525070634024,25.390786661899526,95.31281280517578,138.55419921875
399.5109036745044,24.0155968285935,95.31281280517578,138.55419921875
399.0525070634024,25.390786661899526,95.31281280517578,138.55419921875
399.5109036745044,24.0155968285935,95.31281280517578,138.55419921875
398.13571384119837,26.307579884103546,95.31281280517578,138.55419921875
400.4276968967084,24.0155968285935,95.31281280517578,138.55419921875
397.2189206189944,25.390786661899526,95.31281280517578,138.55419921875
400.4276968967084,24.0155968285935,95.31281280517578,138.55419921875
398.13571384119837,25.390786661899526,95.31281280517578,138.55419921875
399.5109036745044,24.932390050797522,95.31281280517578,138.55419921875
398.13571384119837,26.307579884103546,95.31281280517578,138.55419921875
400.4276968967084,24.0155968285935,95.31281280517578,138.55419921875
398.13571384119837,26.307579884103546,95.31281280517578,138.55419921875
400.4276968967084,24.932390050797522,95.31281280517578,138.55419921875
398.13571384119837,26.307579884103546,95.31281280517578,138.55419921875
400.4276968967084,24.932390050797522,95.31281280517578,138.55419921875
398.13571384119837,27.224373106307567,95.31281280517578,138.55419921875
400.4276968967084,25.849183273001543,95.31281280517578,138.55419921875
399.0525070634024,27.224373106307567,95.31281280517578,138.55419921875
400.4276968967084,25.849183273001543,95.31281280517578,138.55419921875
399.96930028560644,27.224373106307567,95.31281280517578,138.55419921875
400.4276968967084,25.849183273001543,95.31281280517578,138.55419921875
401.80288673001445,27.224373106307567,95.31281280517578,138.55419921875
401.34449011891246,25.849183273001543,95.31281280517578,138.55419921875
400.8860935078105,27.224373106307567,95.31281280517578,138.55419921875
403.17807656332053,25.849183273001543,95.31281280517578,138.55419921875
401.8028867300145,26.307579884103546,95.31281280517578,138.55419921875
405.01166300772854,25.849183273001543,95.31281280517578,138.55419921875
401.8028867300145,28.141166328511588,95.31281280517578,138.55419921875
405.01166300772854,27.682769717409585,95.31281280517578,138.55419921875
402.7196799522185,27.22437310630758,95.31281280517578,138.55419921875
405.01166300772854,27.682769717409585,95.31281280517578,138.55419921875
402.7196799522185,28.141166328511588,95.31281280517578,138.55419921875
405.01166300772854,28.59956293961359,95.31281280517578,138.55419921875
403.6364731744225,27.224373106307567,95.31281280517578,138.55419921875
405.9284562299326,26.765976495205564,95.31281280517578,138.55419921875
402.71967995221854,29.05795955071561,95.31281280517578,138.55419921875
405.9284562299326,27.682769717409585,95.31281280517578,138.55419921875
402.71967995221854,29.05795955071561,95.31281280517578,138.55419921875
405.9284562299326,28.599562939613605,95.31281280517578,138.55419921875
403.6364731744225,28.141166328511602,95.31281280517578,138.55419921875
405.01166300772854,28.599562939613605,95.31281280517578,138.55419921875
403.6364731744225,28.141166328511602,95.31281280517578,138.55419921875
405.9284562299326,27.6827697174096,95.31281280517578,138.55419921875
403.6364731744225,29.057959550715623,95.31281280517578,138.55419921875
406.84524945213656,27.6827697174096,95.31281280517578,138.55419921875
404.5532663966265,29.057959550715623,95.31281280517578,138.55419921875
407.76204267434053,27.6827697174096,95.31281280517578,138.55419921875
405.4700596188305,29.057959550715623,95.31281280517578,138.55419921875
407.76204267434053,27.6827697174096,95.31281280517578,138.55419921875
406.3868528410345,28.141166328511602,95.31281280517578,138.55419921875
408.67883589654457,26.765976495205578,95.31281280517578,138.55419921875
408.2204392854426,26.307579884103575,95.31281280517578,138.55419921875
408.67883589654457,24.93239005079755,95.31281280517578,138.55419921875
407.30364606323855,28.141166328511616,95.31281280517578,138.55419921875
408.67883589654457,26.765976495205592,95.31281280517578,138.55419921875
411.8876121742586,24.473993439695548,95.31281280517578,138.55419921875
406.8452494521365,26.765976495205592,95.31281280517578,138.55419921875
410.9708189520546,23.557200217491527,95.31281280517578,138.55419921875
406.8452494521365,26.765976495205592,95.31281280517578,138.55419921875
410.9708189520546,24.473993439695548,95.31281280517578,138.55419921875
407.76204267434053,26.765976495205592,95.31281280517578,138.55419921875
411.8876121742586,24.473993439695548,95.31281280517578,138.55419921875
407.76204267434053,26.765976495205592,95.31281280517578,138.55419921875
411.8876121742586,25.39078666189957,95.31281280517578,138.55419921875
408.67883589654457,25.84918327300157,95.31281280517578,138.55419921875
412.80440539646264,25.39078666189957,95.31281280517578,138.55419921875
409.5956291187486,25.84918327300157,95.31281280517578,138.55419921875
412.80440539646264,25.39078666189957,95.31281280517578,138.55419921875
409.5956291187486,24.932390050797565,95.31281280517578,138.55419921875
410.97081895205463,28.14116632851163,95.31281280517578,138.55419921875
409.5956291187486,25.849183273001586,95.31281280517578,138.55419921875
412.80440539646264,26.30757988410359,95.31281280517578,138.55419921875
410.5124223409526,24.932390050797565,95.31281280517578,138.55419921875
410.0540257298506,28.14116632851163,95.31281280517578,138.55419921875
410.5124223409526,25.849183273001586,95.31281280517578,138.55419921875
410.0540257298506,28.14116632851163,95.31281280517578,138.55419921875
411.4292155631566,25.849183273001586,95.31281280517578,138.55419921875
409.13723250764656,28.14116632851163,95.31281280517578,138.55419921875
412.3460087853606,25.849183273001586,95.31281280517578,138.55419921875
410.05402572985054,28.14116632851163,95.31281280517578,138.55419921875
413.2628020075646,24.932390050797565,95.31281280517578,138.55419921875
410.05402572985054,29.05795955071565,95.31281280517578,138.55419921875
413.2628020075646,25.849183273001586,95.31281280517578,138.55419921875
410.9708189520545,28.14116632851163,95.31281280517578,138.55419921875
414.17959522976855,24.932390050797565,95.31281280517578,138.55419921875
410.9708189520545,28.14116632851163,95.31281280517578,138.55419921875
414.17959522976855,24.932390050797565,95.31281280517578,138.55419921875
411.8876121742585,29.05795955071565,95.31281280517578,138.55419921875
413.2628020075645,25.849183273001586,95.31281280517578,138.55419921875
412.8044053964625,28.14116632851163,95.31281280517578,138.55419921875
416.01318167417656,24.932390050797565,95.31281280517578,138.55419921875
411.8876121742585,28.14116632851163,95.31281280517578,138.55419921875
415.09638845197253,24.932390050797565,95.31281280517578,138.55419921875
412.80440539646247,28.14116632851163,95.31281280517578,138.55419921875
416.0131816741765,25.849183273001586,95.31281280517578,138.55419921875
412.80440539646247,28.14116632851163,95.31281280517578,138.55419921875
416.92997489638054,24.932390050797565,95.31281280517578,138.55419921875
412.80440539646247,28.14116632851163,95.31281280517578,138.55419921875
416.92997489638054,25.849183273001586,95.31281280517578,138.55419921875
413.7211986186665,27.22437310630761,95.31281280517578,138.55419921875
416.92997489638054,24.015596828593544,95.31281280517578,138.55419921875
412.80440539646247,29.057959550715637,95.31281280517578,138.55419921875
416.92997489638054,24.93239005079755,95.31281280517578,138.55419921875
412.80440539646247,28.141166328511616,95.31281280517578,138.55419921875
416.92997489638054,24.93239005079755,95.31281280517578,138.55419921875
412.80440539646247,29.057959550715623,95.31281280517578,138.55419921875
416.92997489638054,24.93239005079755,95.31281280517578,138.55419921875
412.80440539646247,29.057959550715623,95.31281280517578,138.55419921875
416.92997489638054,24.93239005079755,95.31281280517578,138.55419921875
412.80440539646247,29.057959550715623,95.31281280517578,138.55419921875
416.92997489638054,24.93239005079755,95.31281280517578,138.55419921875
412.80440539646247,29.974752772919643,95.31281280517578,138.55419921875
416.0131816741765,25.849183273001557,95.31281280517578,138.55419921875
412.80440539646247,30.89154599512365,95.31281280517578,138.55419921875
416.92997489638054,26.765976495205564,95.31281280517578,138.55419921875
412.80440539646247,30.891545995123636,95.31281280517578,138.55419921875
416.0131816741765,27.68276971740957,95.31281280517578,138.55419921875
412.80440539646247,30.891545995123636,95.31281280517578,138.55419921875
416.0131816741765,28.59956293961359,95.31281280517578,138.55419921875
412.80440539646247,30.891545995123636,95.31281280517578,138.55419921875
414.1795952297685,28.59956293961359,95.31281280517578,138.55419921875
411.88761217425844,31.808339217327656,95.31281280517578,138.55419921875
413.26280200756446,28.59956293961359,95.31281280517578,138.55419921875
411.88761217425844,31.808339217327656,95.31281280517578,138.55419921875
413.26280200756446,29.516356161817612,95.31281280517578,138.55419921875
411.88761217425844,31.808339217327656,95.31281280517578,138.55419921875
413.26280200756446,29.516356161817612,95.31281280517578,138.55419921875
410.9708189520544,32.72513243953168,95.31281280517578,138.55419921875
414.17959522976844,30.433149384021632,95.31281280517578,138.55419921875
410.9708189520544,33.6419256617357,95.31281280517578,138.55419921875
414.17959522976844,30.433149384021632,95.31281280517578,138.55419921875
410.9708189520544,34.55871888393972,95.31281280517578,138.55419921875
413.26280200756446,30.433149384021647,95.31281280517578,138.55419921875
410.9708189520544,34.55871888393972,95.31281280517578,138.55419921875
413.26280200756446,30.433149384021647,95.31281280517578,138.55419921875
410.9708189520544,34.55871888393972,95.31281280517578,138.55419921875
412.3460087853604,32.266735828429674,95.31281280517578,138.55419921875
411.88761217425844,35.47551210614374,95.31281280517578,138.55419921875
410.5124223409524,32.266735828429674,95.31281280517578,138.55419921875
414.6379918408705,36.39230532834776,95.31281280517578,138.55419921875
411.42921556315645,32.26673582842969,95.31281280517578,138.55419921875
413.7211986186665,37.30909855055178,95.31281280517578,138.55419921875
410.51242234095247,33.183529050633695,95.31281280517578,138.55419921875
413.7211986186665,38.22589177275579,95.31281280517578,138.55419921875
410.51242234095247,33.183529050633695,95.31281280517578,138.55419921875
413.7211986186665,39.14268499495981,95.31281280517578,138.55419921875
410.51242234095247,35.017115495041736,95.31281280517578,138.55419921875
413.7211986186665,36.39230532834776,95.31281280517578,138.55419921875
410.51242234095247,33.183529050633695,95.31281280517578,138.55419921875
414.63799184087054,39.14268499495981,95.31281280517578,138.55419921875
411.4292155631565,35.017115495041736,95.31281280517578,138.55419921875
414.63799184087054,37.30909855055178,95.31281280517578,138.55419921875
411.4292155631565,34.100322272837715,95.31281280517578,138.55419921875
414.63799184087054,39.14268499495981,95.31281280517578,138.55419921875
412.3460087853605,35.017115495041736,95.31281280517578,138.55419921875
414.63799184087054,38.2258917727558,95.31281280517578,138.55419921875
412.3460087853605,34.10032227283773,95.31281280517578,138.55419921875
414.63799184087054,39.14268499495982,95.31281280517578,138.55419921875
412.3460087853605,35.017115495041736,95.31281280517578,138.55419921875
414.63799184087054,38.2258917727558,95.31281280517578,138.55419921875
412.3460087853605,34.10032227283773,95.31281280517578,138.55419921875
414.63799184087054,39.14268499495982,95.31281280517578,138.55419921875
412.3460087853605,35.017115495041736,95.31281280517578,138.55419921875
414.63799184087054,37.30909855055178,95.31281280517578,138.55419921875
412.3460087853605,34.100322272837715,95.31281280517578,138.55419921875
415.5547850630745,39.14268499495981,95.31281280517578,138.55419921875
412.3460087853605,35.017115495041736,95.31281280517578,138.55419921875
414.63799184087054,38.2258917727558,95.31281280517578,138.55419921875
412.3460087853605,34.10032227283773,95.31281280517578,138.55419921875
415.5547850630745,39.14268499495982,95.31281280517578,138.55419921875
412.3460087853605,35.017115495041736,95.31281280517578,138.55419921875
415.5547850630745,39.14268499495981,95.31281280517578,138.55419921875
412.3460087853605,35.017115495041736,95.31281280517578,138.55419921875
415.5547850630745,39.14268499495981,95.31281280517578,138.55419921875
413.26280200756446,35.93390871724574,95.31281280517578,138.55419921875
414.6379918408705,37.30909855055177,95.31281280517578,138.55419921875
413.26280200756446,34.1003222728377,95.31281280517578,138.55419921875
415.5547850630745,39.142684994959794,95.31281280517578,138.55419921875
313.3323407873266,77.18960371642652,95.31281280517578,138.55419921875
311.0403577318165,78.56479354973254,95.31281280517578,138.55419921875
311.4987543429185,77.18960371642652,95.31281280517578,138.55419921875
312.87394417622454,78.56479354973254,95.31281280517578,138.55419921875
310.5819611207145,77.18960371642652,95.31281280517578,138.55419921875
313.7907373984285,79.48158677193655,95.31281280517578,138.55419921875
311.49875434291846,77.18960371642652,95.31281280517578,138.55419921875
312.8739441762245,78.56479354973254,95.31281280517578,138.55419921875
311.49875434291846,77.18960371642652,95.31281280517578,138.55419921875
313.7907373984285,79.48158677193655,95.31281280517578,138.55419921875
312.4155475651225,77.18960371642652,95.31281280517578,138.55419921875
311.9571509540205,79.48158677193655,95.31281280517578,138.55419921875
311.4987543429185,77.18960371642652,95.31281280517578,138.55419921875
313.7907373984286,79.48158677193655,95.31281280517578,138.55419921875
312.41554756512255,76.27281049422248,95.31281280517578,138.55419921875
311.95715095402056,77.64800032752851,95.31281280517578,138.55419921875
313.3323407873266,79.02319016083453,95.31281280517578,138.55419921875
311.95715095402056,77.64800032752851,95.31281280517578,138.55419921875
313.3323407873266,78.10639693863052,95.31281280517578,138.55419921875
312.8739441762246,78.56479354973254,95.31281280517578,138.55419921875
312.4155475651226,77.18960371642652,95.31281280517578,138.55419921875
313.79073739842863,79.48158677193655,95.31281280517578,138.55419921875
313.33234078732664,77.18960371642652,95.31281280517578,138.55419921875
312.87394417622465,79.48158677193655,95.31281280517578,138.55419921875
312.41554756512267,77.18960371642652,95.31281280517578,138.55419921875
313.7907373984287,79.48158677193655,95.31281280517578,138.55419921875
313.3323407873267,77.18960371642652,95.31281280517578,138.55419921875
313.7907373984287,79.48158677193655,95.31281280517578,138.55419921875
313.3323407873267,77.18960371642652,95.31281280517578,138.55419921875
313.7907373984287,79.48158677193655,95.31281280517578,138.55419921875
312.41554756512267,76.27281049422248,95.31281280517578,138.55419921875
314.7075306206327,78.56479354973251,95.31281280517578,138.55419921875
313.3323407873267,76.27281049422248,95.31281280517578,138.55419921875
313.7907373984287,77.64800032752851,95.31281280517578,138.55419921875
315.1659272317347,79.02319016083453,95.31281280517578,138.55419921875
311.9571509540207,75.81441388312047,95.31281280517578,138.55419921875
314.24913400953074,78.1063969386305,95.31281280517578,138.55419921875
311.9571509540207,76.73120710532447,95.31281280517578,138.55419921875
314.24913400953074,78.1063969386305,95.31281280517578,138.55419921875
311.9571509540207,75.81441388312047,95.31281280517578,138.55419921875
313.3323407873267,78.1063969386305,95.31281280517578,138.55419921875
311.9571509540207,75.81441388312047,95.31281280517578,138.55419921875
313.3323407873267,78.1063969386305,95.31281280517578,138.55419921875
311.9571509540207,75.81441388312047,95.31281280517578,138.55419921875
313.3323407873267,77.18960371642649,95.31281280517578,138.55419921875
312.8739441762247,76.73120710532447,95.31281280517578,138.55419921875
312.4155475651227,76.27281049422245,95.31281280517578,138.55419921875
290.0149492010913,72.89005780342518,93.28023529052734,135.5994873046875
285.08011638280243,71.54419430752822,93.28023529052734,135.5994873046875
282.83701055630746,71.09557314222923,93.28023529052734,135.5994873046875
285.08011638280243,70.64695197693024,93.28023529052734,135.5994873046875
282.83701055630746,70.19833081163125,93.28023529052734,135.5994873046875
285.08011638280243,69.74970964633226,93.28023529052734,135.5994873046875
282.83701055630746,69.30108848103328,93.28023529052734,135.5994873046875
285.08011638280243,69.74970964633226,93.28023529052734,135.5994873046875
281.9397682257095,69.30108848103328,93.28023529052734,135.5994873046875
282.3883893910085,68.85246731573429,93.28023529052734,135.5994873046875
282.8370105563075,68.4038461504353,93.28023529052734,135.5994873046875
283.28563172160653,67.95522498513631,93.28023529052734,135.5994873046875
282.8370105563075,67.50660381983732,93.28023529052734,135.5994873046875
284.1828740522045,67.05798265453834,93.28023529052734,135.5994873046875
282.8370105563075,66.60936148923935,93.28023529052734,135.5994873046875
284.1828740522045,67.05798265453834,93.28023529052734,135.5994873046875
282.8370105563075,66.60936148923935,93.28023529052734,135.5994873046875
283.28563172160653,67.05798265453834,93.28023529052734,135.5994873046875
281.93976822570954,66.60936148923935,93.28023529052734,135.5994873046875
281.4911470604105,66.16074032394036,93.28023529052734,135.5994873046875
282.8370105563075,65.71211915864137,93.28023529052734,135.5994873046875
283.28563172160653,65.26349799334238,93.28023529052734,135.5994873046875
281.93976822570954,64.8148768280434,93.28023529052734,135.5994873046875
281.4911470604105,65.26349799334238,93.28023529052734,135.5994873046875
281.93976822570954,67.50660381983732,93.28023529052734,135.5994873046875
282.38838939100856,67.05798265453834,93.28023529052734,135.5994873046875
281.93976822570954,66.60936148923935,93.28023529052734,135.5994873046875
282.38838939100856,66.16074032394036,93.28023529052734,135.5994873046875
281.93976822570954,65.71211915864137,93.28023529052734,135.5994873046875
281.4911470604105,66.16074032394036,93.28023529052734,135.5994873046875
283.7342528869055,66.60936148923935,93.28023529052734,135.5994873046875
282.3883893910085,68.85246731573429,93.28023529052734,135.5994873046875
281.9397682257095,67.50660381983732,93.28023529052734,135.5994873046875
283.2856317216065,67.05798265453834,93.28023529052734,135.5994873046875
281.9397682257095,67.50660381983732,93.28023529052734,135.5994873046875
283.2856317216065,67.05798265453834,93.28023529052734,135.5994873046875
282.83701055630746,66.60936148923935,93.28023529052734,135.5994873046875
284.18287405220445,67.95522498513631,93.28023529052734,135.5994873046875
282.83701055630746,67.50660381983732,93.28023529052734,135.5994873046875
283.2856317216065,67.05798265453834,93.28023529052734,135.5994873046875
281.9397682257095,66.60936148923935,93.28023529052734,135.5994873046875
280.5939047298125,67.95522498513631,93.28023529052734,135.5994873046875
283.73425288690544,67.50660381983732,93.28023529052734,135.5994873046875
281.49114706041047,67.05798265453834,93.28023529052734,135.5994873046875
283.73425288690544,66.60936148923935,93.28023529052734,135.5994873046875
282.38838939100845,68.85246731573429,93.28023529052734,135.5994873046875
280.1452835645135,67.50660381983732,93.28023529052734,135.5994873046875
282.38838939100845,67.05798265453834,93.28023529052734,135.5994873046875
281.04252589511145,68.4038461504353,93.28023529052734,135.5994873046875
281.49114706041047,67.95522498513631,93.28023529052734,135.5994873046875
281.04252589511145,67.50660381983732,93.28023529052734,135.5994873046875
280.59390472981244,67.05798265453834,93.28023529052734,135.5994873046875
281.93976822570943,66.60936148923935,93.28023529052734,135.5994873046875
278.7994200686165,67.05798265453834,93.28023529052734,135.5994873046875
281.04252589511145,66.60936148923935,93.28023529052734,135.5994873046875
278.7994200686165,66.16074032394036,93.28023529052734,135.5994873046875
281.04252589511145,65.71211915864137,93.28023529052734,135.5994873046875
278.7994200686165,66.16074032394036,93.28023529052734,135.5994873046875
281.04252589511145,66.60936148923935,93.28023529052734,135.5994873046875
277.9021777380185,67.05798265453834,93.28023529052734,135.5994873046875
280.1452835645135,66.60936148923935,93.28023529052734,135.5994873046875
277.9021777380185,67.95522498513631,93.28023529052734,135.5994873046875
279.2480412339155,66.60936148923935,93.28023529052734,135.5994873046875
278.7994200686165,68.85246731573429,93.28023529052734,135.5994873046875
277.4535565727195,68.4038461504353,93.28023529052734,135.5994873046875
278.7994200686165,67.95522498513631,93.28023529052734,135.5994873046875
278.35079890331747,68.4038461504353,93.28023529052734,135.5994873046875
277.90217773801845,69.74970964633226,93.28023529052734,135.5994873046875
275.6590719115235,68.4038461504353,93.28023529052734,135.5994873046875
277.90217773801845,67.95522498513631,93.28023529052734,135.5994873046875
276.55631424212146,69.30108848103328,93.28023529052734,135.5994873046875
277.0049354074205,68.85246731573429,93.28023529052734,135.5994873046875
276.55631424212146,70.19833081163125,93.28023529052734,135.5994873046875
276.10769307682244,69.74970964633226,93.28023529052734,135.5994873046875
274.61033486050053,66.85330760478837,95.34406280517578,138.59962463378906
273.23469413475686,66.39476069620713,95.34406280517578,138.59962463378906
272.7761472261756,65.93621378762589,95.34406280517578,138.59962463378906
274.1517879519193,65.47766687904465,95.34406280517578,138.59962463378906
308.54280609551154,57.68236943316374,95.34406280517578,138.59962463378906
313.58682208990507,59.058010158907436,95.34406280517578,138.59962463378906
314.96246281564873,58.59946325032621,95.34406280517578,138.59962463378906
312.6697282727426,58.14091634174498,95.34406280517578,138.59962463378906
314.96246281564873,59.51655706748869,95.34406280517578,138.59962463378906
313.58682208990507,57.22382252458253,95.34406280517578,138.59962463378906
314.96246281564873,58.599463250326224,95.34406280517578,138.59962463378906
313.58682208990507,59.05801015890745,95.34406280517578,138.59962463378906
315.8795566328112,59.51655706748869,95.34406280517578,138.59962463378906
313.58682208990507,57.22382252458253,95.34406280517578,138.59962463378906
314.0453689984863,58.599463250326224,95.34406280517578,138.59962463378906
311.75263445558016,57.22382252458253,95.34406280517578,138.59962463378906
314.0453689984863,57.68236943316376,95.34406280517578,138.59962463378906
310.8355406384177,56.30672870742006,95.34406280517578,138.59962463378906
310.37699372983644,57.68236943316376,95.34406280517578,138.59962463378906
312.6697282727426,58.14091634174498,95.34406280517578,138.59962463378906
309.45989991267396,55.84818179883884,95.34406280517578,138.59962463378906
310.8355406384176,58.14091634174498,95.34406280517578,138.59962463378906
307.625712278349,54.93108798167637,95.34406280517578,138.59962463378906
309.91844682125515,57.223822524582516,95.34406280517578,138.59962463378906
305.7915246440241,54.0139941645139,95.34406280517578,138.59962463378906
309.0013530040927,57.223822524582516,95.34406280517578,138.59962463378906
304.87443082686167,53.09690034735145,95.34406280517578,138.59962463378906
307.1671653697678,56.30672870742006,95.34406280517578,138.59962463378906
303.9573370096992,53.09690034735145,95.34406280517578,138.59962463378906
308.1357588834235,54.89384074016091,97.45355224609375,141.6661376953125
303.91752855302116,50.675610409758605,97.45355224609375,141.6661376953125
307.1983743655563,53.01907170442655,97.45355224609375,141.6661376953125
310.4792201780914,52.550379445492965,97.45355224609375,141.6661376953125
308.1357588834234,53.01907170442655,97.45355224609375,141.6661376953125
313.2913737316929,53.48776396336014,97.45355224609375,141.6661376953125
318.44698857996235,50.206918150825004,97.45355224609375,141.6661376953125
323.6026034282318,49.73822589189142,97.45355224609375,141.6661376953125
328.7582182765013,46.457380079356284,97.45355224609375,141.6661376953125
328.2895260175677,46.92607233828987,97.45355224609375,141.6661376953125
331.57037183010283,44.582611043621924,97.45355224609375,141.6661376953125
333.9138331247708,44.11391878468834,97.45355224609375,141.6661376953125
333.44514086583723,41.77045749002039,97.45355224609375,141.6661376953125
335.7886021605052,40.36438071321962,97.45355224609375,141.6661376953125
333.44514086583723,42.707842007887564,97.45355224609375,141.6661376953125
336.72598667837235,40.36438071321962,97.45355224609375,141.6661376953125
333.44514086583723,42.707842007887564,97.45355224609375,141.6661376953125
335.8395076815289,42.863123477107976,95.37532806396484,138.6450653076172
333.5460214048316,43.321820732447435,95.37532806396484,138.6450653076172
336.75690219220786,43.780517987786894,95.37532806396484,138.6450653076172
335.38081042618944,42.4044262217685,95.37532806396484,138.6450653076172
337.67429670288675,44.697912498465826,95.37532806396484,138.6450653076172
339.96778297958406,46.074004264484216,95.37532806396484,138.6450653076172
339.5090857242446,44.697912498465826,95.37532806396484,138.6450653076172
340.885177490263,46.99139877516315,95.37532806396484,138.6450653076172
339.5090857242446,43.78051798778691,95.37532806396484,138.6450653076172
341.8025720009419,46.99139877516315,95.37532806396484,138.6450653076172
342.26126925628137,43.78051798778691,95.37532806396484,138.6450653076172
340.88517749026295,46.07400426448423,95.37532806396484,138.6450653076172
342.26126925628137,44.69791249846584,95.37532806396484,138.6450653076172
341.8025720009419,46.07400426448423,95.37532806396484,138.6450653076172
343.1786637669603,45.61530700914477,95.37532806396484,138.6450653076172
339.96778297958406,44.23921524312638,95.37532806396484,138.6450653076172
340.42648023492353,47.45009603050262,95.37532806396484,138.6450653076172
341.80257200094195,46.99139877516316,95.37532806396484,138.6450653076172
338.5916912135657,49.284885051860485,95.37532806396484,138.6450653076172
339.9677829795841,46.99139877516316,95.37532806396484,138.6450653076172
335.8395076815289,50.2022795625394,95.37532806396484,138.6450653076172
337.21559944754733,47.90879328584208,95.37532806396484,138.6450653076172
335.8395076815289,49.28488505186047,95.37532806396484,138.6450653076172
336.2982049368684,48.82618779652101,95.37532806396484,138.6450653076172
334.0047186601711,50.2022795625394,95.37532806396484,138.6450653076172
334.46341591551055,48.82618779652101,95.37532806396484,138.6450653076172
334.0047186601711,50.2022795625394,95.37532806396484,138.6450653076172
333.5460214048316,48.82618779652101,95.37532806396484,138.6450653076172
334.0047186601711,50.2022795625394,95.37532806396484,138.6450653076172
331.71123238347377,47.90879328584208,95.37532806396484,138.6450653076172
394.5527563649803,30.93699483828192,95.37532806396484,138.6450653076172
396.84624264167763,30.47829758294246,95.37532806396484,138.6450653076172
394.5527563649803,30.93699483828192,95.37532806396484,138.6450653076172
396.84624264167763,31.395692093621378,95.37532806396484,138.6450653076172
392.71796734362243,31.854389348960837,95.37532806396484,138.6450653076172
395.01145362031974,31.395692093621378,95.37532806396484,138.6450653076172
392.71796734362243,32.77178385963977,95.37532806396484,138.6450653076172
395.01145362031974,31.395692093621378,95.37532806396484,138.6450653076172
391.8005728329435,32.77178385963977,95.37532806396484,138.6450653076172
394.0940591096408,31.395692093621378,95.37532806396484,138.6450653076172
391.8005728329435,32.77178385963977,95.37532806396484,138.6450653076172
394.0940591096408,31.395692093621378,95.37532806396484,138.6450653076172
391.8005728329435,32.77178385963977,95.37532806396484,138.6450653076172
393.1766645989619,31.395692093621378,95.37532806396484,138.6450653076172
390.8831783222646,32.77178385963977,95.37532806396484,138.6450653076172
392.259270088283,31.395692093621378,95.37532806396484,138.6450653076172
391.80057283294354,31.854389348960837,95.37532806396484,138.6450653076172
393.17666459896196,31.395692093621378,95.37532806396484,138.6450653076172
390.88317832226465,31.854389348960837,95.37532806396484,138.6450653076172
392.2592700882831,31.395692093621378,95.37532806396484,138.6450653076172
391.8005728329436,30.93699483828192,95.37532806396484,138.6450653076172
393.176664598962,32.31308660430031,95.37532806396484,138.6450653076172
390.8831783222647,30.93699483828192,95.37532806396484,138.6450653076172
392.25927008828313,32.31308660430031,95.37532806396484,138.6450653076172
390.8831783222647,30.93699483828192,95.37532806396484,138.6450653076172
391.3418755776042,31.395692093621378,95.37532806396484,138.6450653076172
390.8831783222647,30.93699483828192,95.37532806396484,138.6450653076172
391.3418755776042,31.395692093621378,95.37532806396484,138.6450653076172
390.8831783222647,30.93699483828192,95.37532806396484,138.6450653076172
390.42448106692524,31.395692093621378,95.37532806396484,138.6450653076172
389.96578381158577,30.019600327602987,95.37532806396484,138.6450653076172
390.42448106692524,32.31308660430031,95.37532806396484,138.6450653076172
389.96578381158577,30.019600327602987,95.37532806396484,138.6450653076172
390.42448106692524,32.31308660430031,95.37532806396484,138.6450653076172
389.96578381158577,30.019600327602987,95.37532806396484,138.6450653076172
390.42448106692524,32.31308660430031,95.37532806396484,138.6450653076172
389.0483893009068,30.019600327602987,95.37532806396484,138.6450653076172
390.42448106692524,32.31308660430031,95.37532806396484,138.6450653076172
389.0483893009068,30.019600327602987,95.37532806396484,138.6450653076172
390.42448106692524,32.31308660430031,95.37532806396484,138.6450653076172
389.0483893009068,30.019600327602987,95.37532806396484,138.6450653076172
390.42448106692524,32.31308660430031,95.37532806396484,138.6450653076172
389.0483893009068,30.019600327602987,95.37532806396484,138.6450653076172
389.5070865562463,31.395692093621378,95.37532806396484,138.6450653076172
389.0483893009068,29.102205816924055,95.37532806396484,138.6450653076172
388.58969204556735,32.313086604300295,95.37532806396484,138.6450653076172
389.0483893009068,29.102205816924055,95.37532806396484,138.6450653076172
388.58969204556735,32.313086604300295,95.37532806396484,138.6450653076172
389.0483893009068,29.102205816924055,95.37532806396484,138.6450653076172
387.6722975348884,31.395692093621378,95.37532806396484,138.6450653076172
388.1309947902279,28.184811306245138,95.37532806396484,138.6450653076172
386.75490302420945,30.47829758294246,95.37532806396484,138.6450653076172
388.1309947902279,28.184811306245138,95.37532806396484,138.6450653076172
385.83750851353057,30.47829758294246,95.37532806396484,138.6450653076172
385.3788112581911,29.10220581692407,95.37532806396484,138.6450653076172
384.9201140028516,31.395692093621392,95.37532806396484,138.6450653076172
382.6266277261543,29.10220581692407,95.37532806396484,138.6450653076172
386.7549030242095,31.395692093621392,95.37532806396484,138.6450653076172
383.54402223683326,28.18481130624515,95.37532806396484,138.6450653076172
384.9201140028517,30.478297582942474,95.37532806396484,138.6450653076172
382.62662772615437,30.019600327603015,95.37532806396484,138.6450653076172
383.20146240433104,31.055807381267968,93.34142303466797,135.68841552734375
384.54820859895364,32.40255357589055,93.34142303466797,135.68841552734375
383.20146240433104,31.055807381267968,93.34142303466797,135.68841552734375
383.65037780253857,31.5047227794755,93.34142303466797,135.68841552734375
384.0992932007461,31.953638177683032,93.34142303466797,135.68841552734375
382.7525470061235,30.60689198306045,93.34142303466797,135.68841552734375
384.9971239971611,33.74929977051313,93.34142303466797,135.68841552734375
382.7525470061235,30.60689198306045,93.34142303466797,135.68841552734375
384.0992932007461,34.64713056692818,93.34142303466797,135.68841552734375
382.7525470061235,31.5047227794755,93.34142303466797,135.68841552734375
384.0992932007461,33.74929977051313,93.34142303466797,135.68841552734375
382.7525470061235,30.60689198306045,93.34142303466797,135.68841552734375
384.0992932007461,34.64713056692818,93.34142303466797,135.68841552734375
381.8547162097085,31.5047227794755,93.34142303466797,135.68841552734375
382.30363160791603,33.74929977051313,93.34142303466797,135.68841552734375
383.6503778025386,31.5047227794755,93.34142303466797,135.68841552734375
383.2014624043311,34.64713056692818,93.34142303466797,135.68841552734375
382.75254700612356,33.3003843723056,93.34142303466797,135.68841552734375
383.2014624043311,33.74929977051313,93.34142303466797,135.68841552734375
381.8547162097085,32.40255357589055,93.34142303466797,135.68841552734375
381.40580081150097,34.64713056692818,93.34142303466797,135.68841552734375
382.83375631263533,33.93048309665683,91.35089111328125,132.79481506347656
382.39441417051006,36.12719380728318,91.35089111328125,132.79481506347656
383.71244059688587,33.05179881240629,91.35089111328125,132.79481506347656
383.2730984547606,37.0058780915337,91.35089111328125,132.79481506347656
383.71244059688587,33.930483096656815,91.35089111328125,132.79481506347656
383.2730984547606,36.12719380728316,91.35089111328125,132.79481506347656
382.83375631263533,33.930483096656815,91.35089111328125,132.79481506347656
383.2730984547606,36.12719380728316,91.35089111328125,132.79481506347656
383.71244059688587,33.051798812406275,91.35089111328125,132.79481506347656
384.15178273901114,37.0058780915337,91.35089111328125,132.79481506347656
383.71244059688587,33.930483096656815,91.35089111328125,132.79481506347656
384.15178273901114,36.12719380728316,91.35089111328125,132.79481506347656
383.71244059688587,33.051798812406275,91.35089111328125,132.79481506347656
385.0304670232617,37.0058780915337,91.35089111328125,132.79481506347656
383.71244059688587,33.930483096656815,91.35089111328125,132.79481506347656
385.0304670232617,36.12719380728316,91.35089111328125,132.79481506347656
383.71244059688587,33.051798812406275,91.35089111328125,132.79481506347656
385.0304670232617,37.0058780915337,91.35089111328125,132.79481506347656
383.71244059688587,33.930483096656815,91.35089111328125,132.79481506347656
385.0304670232617,34.369825238782084,91.35089111328125,132.79481506347656
383.71244059688587,32.173114528155736,91.35089111328125,132.79481506347656
384.15178273901114,34.369825238782084,91.35089111328125,132.79481506347656
383.71244059688587,31.294430243905197,91.35089111328125,132.79481506347656
384.15178273901114,33.491140954531545,91.35089111328125,132.79481506347656
382.83375631263533,31.294430243905197,91.35089111328125,132.79481506347656
383.2730984547606,33.491140954531545,91.35089111328125,132.79481506347656
382.83375631263533,31.294430243905197,91.35089111328125,132.79481506347656
382.39441417051006,31.733772386030466,91.35089111328125,132.79481506347656
383.71244059688587,32.173114528155736,91.35089111328125,132.79481506347656
383.2730984547606,30.855088101779927,91.35089111328125,132.79481506347656
382.83375631263533,33.051798812406275,91.35089111328125,132.79481506347656
381.5157298862595,31.733772386030466,91.35089111328125,132.79481506347656
383.71244059688587,32.173114528155736,91.35089111328125,132.79481506347656
382.39441417051006,30.855088101779927,91.35089111328125,132.79481506347656
382.83375631263533,33.930483096656815,91.35089111328125,132.79481506347656
381.5157298862595,31.733772386030466,91.35089111328125,132.79481506347656
383.71244059688587,32.173114528155736,91.35089111328125,132.79481506347656
382.39441417051006,30.855088101779927,91.35089111328125,132.79481506347656
382.83375631263533,33.930483096656815,91.35089111328125,132.79481506347656
380.637045602009,32.612456670281006,91.35089111328125,132.79481506347656
383.71244059688587,31.294430243905197,91.35089111328125,132.79481506347656
381.5157298862595,33.491140954531545,91.35089111328125,132.79481506347656
382.83375631263533,32.173114528155736,91.35089111328125,132.79481506347656
380.637045602009,33.491140954531545,91.35089111328125,132.79481506347656
382.83375631263533,32.173114528155736,91.35089111328125,132.79481506347656
379.75836131775844,33.491140954531545,91.35089111328125,132.79481506347656
383.69663844250624,35.33055022064367,89.4028091430664,129.96292114257812
381.54677324944385,34.9005771820312,89.4028091430664,129.96292114257812
382.8366923652813,37.05044237509358,89.4028091430664,129.96292114257812
382.4067193266688,34.9005771820312,89.4028091430664,129.96292114257812
381.9767462880563,37.05044237509358,89.4028091430664,129.96292114257812
383.26666540389374,34.9005771820312,89.4028091430664,129.96292114257812
382.83669236528124,37.91038845231854,89.4028091430664,129.96292114257812
382.40671932666874,35.76052325925616,89.4028091430664,129.96292114257812
381.97674628805623,36.190496297868634,89.4028091430664,129.96292114257812
383.2666654038937,35.76052325925616,89.4028091430664,129.96292114257812
382.8366923652812,36.190496297868634,89.4028091430664,129.96292114257812
382.4067193266687,35.76052325925616,89.4028091430664,129.96292114257812
381.9767462880562,36.190496297868634,89.4028091430664,129.96292114257812
383.2666654038936,34.9005771820312,89.4028091430664,129.96292114257812
382.8366923652811,37.05044237509358,89.4028091430664,129.96292114257812
381.5467732494437,34.04063110480624,89.4028091430664,129.96292114257812
382.8366923652811,36.19049629786862,89.4028091430664,129.96292114257812
382.4067193266686,34.900577182031185,89.4028091430664,129.96292114257812
381.9767462880561,37.91038845231853,89.4028091430664,129.96292114257812
382.4067193266686,35.760523259256146,89.4028091430664,129.96292114257812
381.1168002108312,36.19049629786862,89.4028091430664,129.96292114257812
383.26666540389357,36.620469336481094,89.4028091430664,129.96292114257812
381.9767462880561,37.05044237509357,89.4028091430664,129.96292114257812
381.5467732494436,36.620469336481094,89.4028091430664,129.96292114257812
381.9767462880561,38.770334529543476,89.4028091430664,129.96292114257812
380.68682717221867,38.340361490931,89.4028091430664,129.96292114257812
381.1168002108312,39.63028060676844,89.4028091430664,129.96292114257812
381.5467732494437,40.06025364538091,89.4028091430664,129.96292114257812
380.2568541336062,39.63028060676844,89.4028091430664,129.96292114257812
381.5467732494437,40.92019972260587,89.4028091430664,129.96292114257812
379.3969080563813,39.63028060676844,89.4028091430664,129.96292114257812
380.6868271722187,41.78014579983082,89.4028091430664,129.96292114257812
380.39680159737753,41.92260008338806,87.49626922607422,127.19142150878906
381.6592127995399,43.1850112855504,87.49626922607422,127.19142150878906
381.23840906548577,42.764207551496284,87.49626922607422,127.19142150878906
382.5008202676481,42.343403817442166,87.49626922607422,127.19142150878906
380.39680159737753,42.764207551496284,87.49626922607422,127.19142150878906
381.6592127995399,41.501796349333944,87.49626922607422,127.19142150878906
381.23840906548577,41.080992615279825,87.49626922607422,127.19142150878906
382.5008202676481,43.1850112855504,87.49626922607422,127.19142150878906
380.39680159737753,41.92260008338806,87.49626922607422,127.19142150878906
381.6592127995399,41.501796349333944,87.49626922607422,127.19142150878906
380.39680159737753,41.080992615279825,87.49626922607422,127.19142150878906
380.81760533143165,41.501796349333944,87.49626922607422,127.19142150878906
382.080016533594,40.2393851471716,87.49626922607422,127.19142150878906
380.81760533143165,41.501796349333944,87.49626922607422,127.19142150878906
382.080016533594,40.2393851471716,87.49626922607422,127.19142150878906
380.81760533143165,39.818581413117485,87.49626922607422,127.19142150878906
382.080016533594,40.2393851471716,87.49626922607422,127.19142150878906
380.81760533143165,39.818581413117485,87.49626922607422,127.19142150878906
381.23840906548577,40.2393851471716,87.49626922607422,127.19142150878906
381.6592127995399,39.818581413117485,87.49626922607422,127.19142150878906
380.39680159737753,39.39777767906337,87.49626922607422,127.19142150878906
381.6592127995399,39.818581413117485,87.49626922607422,127.19142150878906
381.23840906548577,38.556170210955145,87.49626922607422,127.19142150878906
382.5008202676481,38.13536647690103,87.49626922607422,127.19142150878906
380.39680159737753,38.556170210955145,87.49626922607422,127.19142150878906
381.6592127995399,38.13536647690103,87.49626922607422,127.19142150878906
381.23840906548577,38.556170210955145,87.49626922607422,127.19142150878906
382.5008202676481,38.13536647690103,87.49626922607422,127.19142150878906
381.23840906548577,37.71456274284691,87.49626922607422,127.19142150878906
382.5008202676481,37.29375900879279,87.49626922607422,127.19142150878906
381.23840906548577,37.71456274284691,87.49626922607422,127.19142150878906
383.34242773575636,37.29375900879279,87.49626922607422,127.19142150878906
380.39680159737753,36.87295527473867,87.49626922607422,127.19142150878906
382.5008202676481,38.13536647690101,87.49626922607422,127.19142150878906
381.23840906548577,37.714562742846894,87.49626922607422,127.19142150878906
382.5008202676481,37.293759008792776,87.49626922607422,127.19142150878906
380.39680159737753,36.87295527473866,87.49626922607422,127.19142150878906
381.6592127995399,37.293759008792776,87.49626922607422,127.19142150878906
381.23840906548577,37.714562742846894,87.49626922607422,127.19142150878906
381.6592127995399,37.293759008792776,87.49626922607422,127.19142150878906
380.39680159737753,37.714562742846894,87.49626922607422,127.19142150878906
379.1343903952152,37.293759008792776,87.49626922607422,127.19142150878906
381.23840906548577,38.556170210955116,87.49626922607422,127.19142150878906
379.9759978633234,36.45215154068454,87.49626922607422,127.19142150878906
380.39680159737753,36.03134780663042,87.49626922607422,127.19142150878906
378.29278292710694,37.29375900879276,87.49626922607422,127.19142150878906
378.71358666116106,36.03134780663042,87.49626922607422,127.19142150878906
379.1343903952152,36.45215154068454,87.49626922607422,127.19142150878906
379.5551941292693,34.34813287041396,87.49626922607422,127.19142150878906
377.4511754589987,36.45215154068454,87.49626922607422,127.19142150878906
378.71358666116106,34.34813287041396,87.49626922607422,127.19142150878906
378.29278292710694,35.6105440725763,87.49626922607422,127.19142150878906
377.8719791930528,33.506525402305726,87.49626922607422,127.19142150878906
379.1343903952152,33.927329136359845,87.49626922607422,127.19142150878906
378.71358666116106,35.189740338522185,87.49626922607422,127.19142150878906
377.4511754589987,33.927329136359845,87.49626922607422,127.19142150878906
377.8719791930528,34.34813287041396,87.49626922607422,127.19142150878906
378.29278292710694,35.6105440725763,87.49626922607422,127.19142150878906
377.8719791930528,33.506525402305726,87.49626922607422,127.19142150878906
378.29278292710694,33.927329136359845,87.49626922607422,127.19142150878906
377.0303717249446,33.506525402305726,87.49626922607422,127.19142150878906
378.29278292710694,33.08572166825161,87.49626922607422,127.19142150878906
377.8719791930528,34.34813287041395,87.49626922607422,127.19142150878906
379.1343903952152,33.92732913635983,87.49626922607422,127.19142150878906
378.71358666116106,33.50652540230571,87.49626922607422,127.19142150878906
377.4511754589987,33.085721668251594,87.49626922607422,127.19142150878906
377.8719791930528,34.348132870413934,87.49626922607422,127.19142150878906
378.29278292710694,33.927329136359816,87.49626922607422,127.19142150878906
377.8719791930528,33.5065254023057,87.49626922607422,127.19142150878906
379.1343903952152,33.08572166825158,87.49626922607422,127.19142150878906
378.71358666116106,34.34813287041392,87.49626922607422,127.19142150878906
377.4511754589987,33.9273291363598,87.49626922607422,127.19142150878906
377.8719791930528,33.506525402305684,87.49626922607422,127.19142150878906
378.29278292710694,33.085721668251566,87.49626922607422,127.19142150878906
377.0303717249446,34.348132870413906,87.49626922607422,127.19142150878906
378.29278292710694,33.085721668251566,87.49626922607422,127.19142150878906
377.0303717249446,34.348132870413906,87.49626922607422,127.19142150878906
378.29278292710694,33.085721668251566,87.49626922607422,127.19142150878906
377.0303717249446,33.506525402305684,87.49626922607422,127.19142150878906
378.29278292710694,31.402506732035107,87.49626922607422,127.19142150878906
377.0303717249446,35.18974033852214,87.49626922607422,127.19142150878906
378.29278292710694,32.24411420014334,87.49626922607422,127.19142150878906
377.0303717249446,34.34813287041392,87.49626922607422,127.19142150878906
378.29278292710694,32.24411420014334,87.49626922607422,127.19142150878906
377.0303717249446,34.34813287041392,87.49626922607422,127.19142150878906
378.29278292710694,33.08572166825158,87.49626922607422,127.19142150878906
377.0303717249446,34.34813287041392,87.49626922607422,127.19142150878906
378.29278292710694,33.08572166825158,87.49626922607422,127.19142150878906
377.0303717249446,34.34813287041392,87.49626922607422,127.19142150878906
378.29278292710694,33.08572166825158,87.49626922607422,127.19142150878906
376.18876425683635,34.34813287041392,87.49626922607422,127.19142150878906
378.29278292710694,33.08572166825158,87.49626922607422,127.19142150878906
376.18876425683635,35.18974033852216,87.49626922607422,127.19142150878906
378.29278292710694,33.08572166825158,87.49626922607422,127.19142150878906
376.18876425683635,36.03134780663038,87.49626922607422,127.19142150878906
378.29278292710694,33.9273291363598,87.49626922607422,127.19142150878906
376.18876425683635,36.8729552747386,87.49626922607422,127.19142150878906
378.29278292710694,34.768936604468024,87.49626922607422,127.19142150878906
376.18876425683635,36.031347806630365,87.49626922607422,127.19142150878906
378.29278292710694,35.610544072576246,87.49626922607422,127.19142150878906
375.3471567887281,35.18974033852213,87.49626922607422,127.19142150878906
376.60956799089047,35.610544072576246,87.49626922607422,127.19142150878906
377.0303717249446,34.348132870413906,87.49626922607422,127.19142150878906
376.60956799089047,35.610544072576246,87.49626922607422,127.19142150878906
377.0303717249446,34.348132870413906,87.49626922607422,127.19142150878906
376.60956799089047,36.45215154068448,87.49626922607422,127.19142150878906
377.0303717249446,34.348132870413906,87.49626922607422,127.19142150878906
377.4511754589987,34.768936604468024,87.49626922607422,127.19142150878906
376.18876425683635,32.66491793419745,87.49626922607422,127.19142150878906
377.4511754589987,34.768936604468024,87.49626922607422,127.19142150878906
375.3471567887281,33.506525402305684,87.49626922607422,127.19142150878906
376.60956799089047,34.768936604468024,87.49626922607422,127.19142150878906
376.18876425683635,34.348132870413906,87.49626922607422,127.19142150878906
377.4511754589987,35.610544072576246,87.49626922607422,127.19142150878906
374.5055493206199,32.66491793419745,87.49626922607422,127.19142150878906
376.60956799089047,33.92732913635979,87.49626922607422,127.19142150878906
376.18876425683635,32.66491793419745,87.49626922607422,127.19142150878906
375.76796052278223,32.24411420014333,87.49626922607422,127.19142150878906
373.66394185251164,33.50652540230567,87.49626922607422,127.19142150878906
374.926353054674,32.24411420014333,87.49626922607422,127.19142150878906
372.8223343844034,33.50652540230567,87.49626922607422,127.19142150878906
374.08474558656576,32.24411420014333,87.49626922607422,127.19142150878906
373.66394185251164,33.50652540230567,87.49626922607422,127.19142150878906
374.00576744936444,29.916547316079644,89.43212127685547,130.0055389404297
374.4358814660345,33.7875734661102,89.43212127685547,130.0055389404297
372.2853113826842,31.6370033827599,89.43212127685547,130.0055389404297
373.57565343269437,33.7875734661102,89.43212127685547,130.0055389404297
374.00576744936444,31.6370033827599,89.43212127685547,130.0055389404297
373.57565343269437,33.7875734661102,89.43212127685547,130.0055389404297
374.00576744936444,31.6370033827599,89.43212127685547,130.0055389404297
373.57565343269437,33.7875734661102,89.43212127685547,130.0055389404297
374.00576744936444,31.6370033827599,89.43212127685547,130.0055389404297
374.4358814660345,33.7875734661102,89.43212127685547,130.0055389404297
373.14553941602435,32.49723141610002,89.43212127685547,130.0055389404297
374.4358814660345,33.7875734661102,89.43212127685547,130.0055389404297
373.14553941602435,32.49723141610002,89.43212127685547,130.0055389404297
374.4358814660345,33.7875734661102,89.43212127685547,130.0055389404297
373.14553941602435,33.35745944944014,89.43212127685547,130.0055389404297
374.4358814660345,31.20688936608984,89.43212127685547,130.0055389404297
372.2853113826842,32.49723141610002,89.43212127685547,130.0055389404297
373.57565343269437,30.34666133274972,89.43212127685547,130.0055389404297
373.1455394160243,32.49723141610002,89.43212127685547,130.0055389404297
373.57565343269437,29.486433299409583,89.43212127685547,130.0055389404297
372.2853113826842,30.776775349419765,89.43212127685547,130.0055389404297
371.8551973660141,28.626205266069462,89.43212127685547,130.0055389404297
372.2853113826842,29.916547316079644,89.43212127685547,130.0055389404297
370.99496933267403,28.626205266069462,89.43212127685547,130.0055389404297
371.4250833493441,28.1960912493994,89.43212127685547,130.0055389404297
369.2745132659938,27.76597723272934,89.43212127685547,130.0055389404297
368.8443992493237,29.056319282739523,89.43212127685547,130.0055389404297
368.41428523265364,26.90574919938922,89.43212127685547,130.0055389404297
367.1239431826435,29.056319282739523,89.43212127685547,130.0055389404297
370.1347412993339,26.90574919938922,89.43212127685547,130.0055389404297
367.1239431826435,29.916547316079658,89.43212127685547,130.0055389404297
368.41428523265364,27.765977232729355,89.43212127685547,130.0055389404297
365.40348711596323,29.916547316079658,89.43212127685547,130.0055389404297
368.41428523265364,27.765977232729355,89.43212127685547,130.0055389404297
365.40348711596323,29.916547316079658,89.43212127685547,130.0055389404297
367.55405719931355,28.626205266069476,89.43212127685547,130.0055389404297
366.2637151493034,29.056319282739537,89.43212127685547,130.0055389404297
368.4142852326537,27.765977232729355,89.43212127685547,130.0055389404297
365.4034871159633,29.916547316079658,89.43212127685547,130.0055389404297
366.69382916597345,28.626205266069476,89.43212127685547,130.0055389404297
365.4034871159633,30.77677534941978,89.43212127685547,130.0055389404297
365.83360113263336,29.486433299409597,89.43212127685547,130.0055389404297
366.26371514930344,30.77677534941978,89.43212127685547,130.0055389404297
365.83360113263336,31.20688936608984,89.43212127685547,130.0055389404297
364.5432590826232,29.916547316079658,89.43212127685547,130.0055389404297
364.97337309929327,32.927345432770096,89.43212127685547,130.0055389404297
363.6830310492831,31.637003382759914,89.43212127685547,130.0055389404297
361.5324609659328,34.64780149945035,89.43212127685547,130.0055389404297
363.6830310492831,32.49723141610005,89.43212127685547,130.0055389404297
360.6722329325927,34.64780149945035,89.43212127685547,130.0055389404297
361.96257498260286,35.938143549460534,89.43212127685547,130.0055389404297
360.6722329325927,34.64780149945035,89.43212127685547,130.0055389404297
359.3818908825825,35.938143549460534,89.43212127685547,130.0055389404297
360.6722329325927,35.508029532790474,89.43212127685547,130.0055389404297
358.5216628492424,34.21768748278029,89.43212127685547,130.0055389404297
358.0915488325723,35.508029532790474,89.43212127685547,130.0055389404297
358.5216628492424,34.21768748278029,89.43212127685547,130.0055389404297
356.37109276589206,32.92734543277011,89.43212127685547,130.0055389404297
356.80120678256213,35.93814354946055,89.43212127685547,130.0055389404297
357.2313207992322,32.92734543277011,89.43212127685547,130.0055389404297
355.94097874922204,32.49723141610005,89.43212127685547,130.0055389404297
355.51086473255197,30.346661332749747,89.43212127685547,130.0055389404297
353.36029464920165,29.056319282739565,89.43212127685547,130.0055389404297
352.9301806325316,30.346661332749747,89.43212127685547,130.0055389404297
352.5000666158615,28.196091249399444,89.43212127685547,130.0055389404297
350.3494965325112,28.626205266069505,89.43212127685547,130.0055389404297
348.19892644916087,29.056319282739565,89.43212127685547,130.0055389404297
346.9085843991507,29.486433299409626,89.43212127685547,130.0055389404297
346.4784703824806,29.056319282739565,89.43212127685547,130.0055389404297
344.3279002991303,29.486433299409626,89.43212127685547,130.0055389404297
342.17733021578,30.776775349419808,89.43212127685547,130.0055389404297
341.7472161991099,32.06711739942999,89.43212127685547,130.0055389404297
339.5966461157596,31.63700338275993,89.43212127685547,130.0055389404297
340.0267601324297,32.06711739942999,89.43212127685547,130.0055389404297
338.7364180824195,32.49723141610005,89.43212127685547,130.0055389404297
337.44607603240934,33.78757346611023,89.43212127685547,130.0055389404297
336.15573398239917,34.21768748278029,89.43212127685547,130.0055389404297
336.58584799906924,33.78757346611023,89.43212127685547,130.0055389404297
335.2955059490591,35.07791551612041,89.43212127685547,130.0055389404297
334.0051638990489,33.78757346611023,89.43212127685547,130.0055389404297
336.1557339823992,35.938143549460534,89.43212127685547,130.0055389404297
334.86539193238906,34.64780149945035,89.43212127685547,130.0055389404297
334.435277915719,35.938143549460534,89.43212127685547,130.0055389404297
334.0051638990489,34.64780149945035,89.43212127685547,130.0055389404297
336.1557339823992,35.07791551612041,89.43212127685547,130.0055389404297
334.86539193238906,32.067117399429975,89.43212127685547,130.0055389404297
337.0159620157394,31.637003382759914,89.43212127685547,130.0055389404297
336.5858479990693,32.067117399429975,89.43212127685547,130.0055389404297
336.1557339823992,29.916547316079672,89.43212127685547,130.0055389404297
337.4460760324094,30.346661332749733,89.43212127685547,130.0055389404297
337.87619004907947,27.335863216059295,89.43212127685547,130.0055389404297
338.30630406574954,26.045521166049113,89.43212127685547,130.0055389404297
337.87619004907947,23.89495108269881,89.43212127685547,130.0055389404297
338.30630406574954,26.045521166049113,89.43212127685547,130.0055389404297
338.7364180824196,22.174495016018554,89.43212127685547,130.0055389404297
338.30630406574954,21.744380999348493,89.43212127685547,130.0055389404297
337.87619004907947,20.45403894933831,89.43212127685547,130.0055389404297
340.0267601324298,18.30346886598801,89.43212127685547,130.0055389404297
338.7364180824196,19.59381091599819,89.43212127685547,130.0055389404297
340.0267601324298,16.583012799307753,89.43212127685547,130.0055389404297
339.5966461157597,16.152898782637692,89.43212127685547,130.0055389404297
339.16653209908964,14.86255673262751,89.43212127685547,130.0055389404297
337.7309470709546,15.65558654859565,91.41080474853516,132.8819122314453
339.04983793882127,13.457435102151223,91.41080474853516,132.8819122314453
337.7309470709546,14.77632597001788,91.41080474853516,132.8819122314453
338.1705773602435,14.336695680728994,91.41080474853516,132.8819122314453
337.7309470709546,15.65558654859565,91.41080474853516,132.8819122314453
338.1705773602435,16.974477416462307,91.41080474853516,132.8819122314453
337.7309470709546,16.53484712717342,91.41080474853516,132.8819122314453
339.04983793882127,16.974477416462307,91.41080474853516,132.8819122314453
336.8516864923768,19.172628862906734,91.41080474853516,132.8819122314453
337.2913167816657,18.73299857361785,91.41080474853516,132.8819122314453
335.97242591379904,21.81041059864006,91.41080474853516,132.8819122314453
335.53279562451013,21.370780309351176,91.41080474853516,132.8819122314453
336.8516864923768,22.689671177217832,91.41080474853516,132.8819122314453
334.65353504593236,24.88782262366226,91.41080474853516,132.8819122314453
335.0931653352213,27.085974070106687,91.41080474853516,132.8819122314453
334.65353504593236,25.76708320224003,91.41080474853516,132.8819122314453
335.0931653352213,27.965234648684458,91.41080474853516,132.8819122314453
333.7742744673546,27.525604359395572,91.41080474853516,132.8819122314453
334.2139047566435,28.84449522726223,91.41080474853516,132.8819122314453
332.01575331019905,31.042646673706656,91.41080474853516,132.8819122314453
333.33464417806573,32.36153754157331,91.41080474853516,132.8819122314453
332.8950138887768,30.163386095128885,91.41080474853516,132.8819122314453
332.4553835994879,32.36153754157331,91.41080474853516,132.8819122314453
334.65353504593236,31.042646673706656,91.41080474853516,132.8819122314453
333.3346441780657,33.240798120151084,91.41080474853516,132.8819122314453
334.65353504593236,31.921907252284427,91.41080474853516,132.8819122314453
333.3346441780657,34.120058698728855,91.41080474853516,132.8819122314453
335.53279562451013,31.921907252284427,91.41080474853516,132.8819122314453
334.21390475664344,34.99931927730664,91.41080474853516,132.8819122314453
334.65353504593236,33.68042840943998,91.41080474853516,132.8819122314453
334.21390475664344,34.99931927730664,91.41080474853516,132.8819122314453
333.77427446735453,34.559688988017754,91.41080474853516,132.8819122314453
335.0931653352212,34.12005869872887,91.41080474853516,132.8819122314453
333.77427446735453,34.559688988017754,91.41080474853516,132.8819122314453
335.0931653352212,34.99931927730664,91.41080474853516,132.8819122314453
333.77427446735453,36.318210145173296,91.41080474853516,132.8819122314453
334.21390475664344,34.12005869872887,91.41080474853516,132.8819122314453
333.77427446735453,36.318210145173296,91.41080474853516,132.8819122314453
334.21390475664344,35.87857985588441,91.41080474853516,132.8819122314453
333.77427446735453,37.19747072375107,91.41080474853516,132.8819122314453
333.3346441780656,34.99931927730664,91.41080474853516,132.8819122314453
333.77427446735453,38.07673130232885,91.41080474853516,132.8819122314453
333.3346441780656,35.878579855884425,91.41080474853516,132.8819122314453
332.8950138887767,38.07673130232885,91.41080474853516,132.8819122314453
332.4553835994878,36.757840434462196,91.41080474853516,132.8819122314453
335.5487656430799,39.445930665256114,89.46144104003906,130.0481719970703
333.39749043832467,39.015675624305075,89.46144104003906,130.0481719970703
332.9672353973736,38.585420583354036,89.46144104003906,130.0481719970703
335.9790206840309,39.87618570620715,89.46144104003906,130.0481719970703
334.68825556117775,39.445930665256114,89.46144104003906,130.0481719970703
335.9790206840309,39.015675624305075,89.46144104003906,130.0481719970703
335.54876564307983,38.585420583354036,89.46144104003906,130.0481719970703
335.11851060212877,39.87618570620715,89.46144104003906,130.0481719970703
338.13029588878607,40.30644074715819,89.46144104003906,130.0481719970703
336.8395307659329,39.87618570620715,89.46144104003906,130.0481719970703
338.13029588878607,39.445930665256114,89.46144104003906,130.0481719970703
337.700040847835,39.015675624305075,89.46144104003906,130.0481719970703
339.8513160525902,38.585420583354036,89.46144104003906,130.0481719970703
340.2815710935413,39.015675624305075,89.46144104003906,130.0481719970703
340.71182613449236,37.72491050145196,89.46144104003906,130.0481719970703
343.72361142114966,39.015675624305075,89.46144104003906,130.0481719970703
342.4328462982965,36.86440041954988,89.46144104003906,130.0481719970703
343.72361142114966,39.015675624305075,89.46144104003906,130.0481719970703
345.0143765440028,36.0038903376478,89.46144104003906,130.0481719970703
348.87119769035144,36.97584439856284,87.55364990234375,127.27485656738281
348.45011796774355,37.39692412117071,87.55364990234375,127.27485656738281
348.87119769035144,37.818003843778584,87.55364990234375,127.27485656738281
349.2922774129593,37.39692412117071,87.55364990234375,127.27485656738281
351.39767602599863,36.97584439856284,87.55364990234375,127.27485656738281
352.66091519382223,37.39692412117071,87.55364990234375,127.27485656738281
353.92415436164583,36.97584439856284,87.55364990234375,127.27485656738281
352.66091519382223,36.55476467595497,87.55364990234375,127.27485656738281
355.6084732520773,37.81800384377857,87.55364990234375,127.27485656738281
356.0295529746852,36.55476467595497,87.55364990234375,127.27485656738281
356.4506326972931,36.97584439856284,87.55364990234375,127.27485656738281
358.5560313103324,35.71260523073924,87.55364990234375,127.27485656738281
358.1349515877245,37.81800384377857,87.55364990234375,127.27485656738281
359.3981907555481,35.71260523073924,87.55364990234375,127.27485656738281
361.5035893685874,36.97584439856284,87.55364990234375,127.27485656738281
362.766828536411,34.870445785523515,87.55364990234375,127.27485656738281
364.0300677042346,34.449366062915644,87.55364990234375,127.27485656738281
363.60898798162674,35.71260523073924,87.55364990234375,127.27485656738281
365.71438659466605,35.29152550813137,87.55364990234375,127.27485656738281
366.97762576248965,34.8704457855235,87.55364990234375,127.27485656738281
366.55654603988177,33.6072066176999,87.55364990234375,127.27485656738281
368.6619446529211,36.55476467595497,87.55364990234375,127.27485656738281
368.2408649303132,33.6072066176999,87.55364990234375,127.27485656738281
370.3462635433525,35.71260523073923,87.55364990234375,127.27485656738281
371.6095027111761,33.6072066176999,87.55364990234375,127.27485656738281
372.8727418789997,35.71260523073923,87.55364990234375,127.27485656738281
370.7673432659604,34.44936606291563,87.55364990234375,127.27485656738281
372.8727418789997,34.02828634030776,87.55364990234375,127.27485656738281
372.4516621563918,33.60720661769989,87.55364990234375,127.27485656738281
280.23520290526903,66.03034525850563,87.55364990234375,127.27485656738281
275.6033259565825,63.082787200250564,87.55364990234375,127.27485656738281
279.3930434600533,64.34602636807416,87.55364990234375,127.27485656738281
276.44548540179824,63.082787200250564,87.55364990234375,127.27485656738281
280.23520290526903,62.66170747764269,87.55364990234375,127.27485656738281
281.49844207309263,63.082787200250564,87.55364990234375,127.27485656738281
282.76168124091623,60.97738858721124,87.55364990234375,127.27485656738281
283.1827609635241,59.71414941938764,87.55364990234375,127.27485656738281
283.603840686132,60.97738858721124,87.55364990234375,127.27485656738281
285.7092392991713,58.02983052895617,87.55364990234375,127.27485656738281
284.4460001313477,55.0822724707011,87.55364990234375,127.27485656738281
284.02492040873983,52.13471441244603,87.55364990234375,127.27485656738281
284.4460001313477,50.87147524462243,87.55364990234375,127.27485656738281
285.7092392991713,52.13471441244603,87.55364990234375,127.27485656738281
284.4460001313477,49.18715635419096,87.55364990234375,127.27485656738281
285.7092392991713,48.76607663158309,87.55364990234375,127.27485656738281
286.1303190217792,47.50283746375949,87.55364990234375,127.27485656738281
287.3935581896028,46.23959829593589,87.55364990234375,127.27485656738281
286.9724784669949,44.97635912811229,87.55364990234375,127.27485656738281
289.92003652525,43.713119960288694,87.55364990234375,127.27485656738281
290.3411162478579,42.449880792465095,87.55364990234375,127.27485656738281
292.4465148608972,42.028801069857224,87.55364990234375,127.27485656738281
291.1832756930736,41.60772134724935,87.55364990234375,127.27485656738281
292.4465148608972,42.87096051507295,87.55364990234375,127.27485656738281
290.3411162478579,40.765561902033625,87.55364990234375,127.27485656738281
293.28867430611297,42.87096051507295,87.55364990234375,127.27485656738281
290.3411162478579,40.765561902033625,87.55364990234375,127.27485656738281
293.28867430611297,43.713119960288694,87.55364990234375,127.27485656738281
290.3411162478579,41.60772134724937,87.55364990234375,127.27485656738281
292.4465148608972,43.713119960288694,87.55364990234375,127.27485656738281
291.1832756930736,43.29204023768082,87.55364990234375,127.27485656738281
292.4465148608972,43.713119960288694,87.55364990234375,127.27485656738281
290.3411162478579,42.449880792465095,87.55364990234375,127.27485656738281
291.6043554156815,42.870960515072966,87.55364990234375,127.27485656738281
292.8675945835051,43.29204023768084,87.55364990234375,127.27485656738281
289.92003652525,42.870960515072966,87.55364990234375,127.27485656738281
