889.0,131.0,80.0,118.0
882.4046,140.69913,80.0,118.0
872.70544,145.74268,80.0,118.0
862.2304,151.56215,80.0,118.0
854.0831,146.5186,80.0,118.0
838.1766,148.45842,80.0,118.0
826.14966,152.72603,80.0,118.0
811.9817,152.62819,81.77,120.61075
795.8546,149.23683,83.579155,123.27926
781.66833,149.64215,83.579155,123.27926
769.914,151.66876,83.579155,123.27926
749.22485,147.36134,85.428345,126.00681
733.8961,149.4328,85.428345,126.00681
718.5674,148.18993,85.428345,126.00681
702.41003,149.4328,85.428345,126.00681
687.0813,150.67567,85.428345,126.00681
673.4097,153.5757,85.428345,126.00681
660.5667,158.96147,85.428345,126.00681
642.75226,154.40428,85.428345,126.00681
629.0807,158.13289,85.428345,126.00681
622.86633,163.51866,85.428345,126.00681
603.3947,161.4472,85.428345,126.00681
584.75165,150.26137,85.428345,126.00681
574.3944,142.38985,85.428345,126.00681
558.1347,129.75735,83.60656,123.31968
546.9114,120.52066,81.82362,120.68985
535.40393,111.39406,81.82362,120.68985
520.722,105.441925,81.82362,120.68985
509.21454,100.28342,81.82362,120.68985
498.50067,95.12491,81.82362,120.68985
486.7517,88.37998,80.07871,118.116104
480.49368,82.52752,78.37101,115.597244
473.63644,80.46314,76.69972,113.132095
463.5935,84.55471,76.69972,113.132095
457.59952,83.25139,75.06408,110.71952
453.5952,89.439865,75.06408,110.71952
448.1348,98.54057,75.06408,110.71952
442.67438,106.91322,75.06408,110.71952
441.5823,113.1017,75.06408,110.71952
438.30606,120.018234,75.06408,110.71952
436.48593,126.20671,75.06408,110.71952
433.93774,132.39519,75.06408,110.71952
432.1176,137.8556,75.06408,110.71952
428.84137,143.31602,75.06408,110.71952
422.6529,151.68867,75.06408,110.71952
422.6529,151.68867,75.06408,110.71952
422.6529,151.68867,75.06408,110.71952
405.71923979313215,109.99924407069986,75.06407928466797,110.71952056884766
454.13497055572185,161.32719924006184,75.06407928466797,110.71952056884766
458.8673352167269,167.515676104453,75.06407928466797,110.71952056884766
464.327755979425,173.70415296884417,75.06407928466797,110.71952056884766
470.3911928430295,178.04255154330573,73.46331787109375,108.35839080810547
476.3253264932656,182.28843136113295,71.89669036865234,106.04761505126953
480.1606699135716,186.82110994876737,71.89669036865234,106.04761505126953
487.4826891705195,182.98576652846134,71.89669036865234,106.04761505126953
499.68605459876596,184.72910444678226,71.89669036865234,106.04761505126953
512.8870740032628,178.80248523705757,70.36347198486328,103.78611755371094
521.4178775638176,179.82618166432414,70.36347198486328,103.78611755371094
533.6795827316911,177.9727316569407,68.86295318603516,101.57284545898438
542.460958090876,175.51503566027628,67.3944320678711,99.40677642822266
551.6851113977938,172.47971201876734,65.95722198486328,97.28689575195312
564.4121827109781,173.82534886411867,64.55066680908203,95.21222686767578
577.8730124754463,169.75579567951198,64.55066680908203,95.21222686767578
591.9599273452387,166.9384127055535,64.55066680908203,95.21222686767578
604.1685868990588,163.49494462627092,64.55066680908203,95.21222686767578
617.6294166635271,160.05147654698834,64.55066680908203,95.21222686767578
629.8380762173472,157.23409357302987,64.55066680908203,95.21222686767578
643.2989059818154,153.16454038842318,64.55066680908203,95.21222686767578
656.7597357462837,149.7210723091406,64.55066680908203,95.21222686767578
663.9597144575109,145.0254340192098,64.55066680908203,95.21222686767578
680.5509697485998,144.08630636122365,64.55066680908203,95.21222686767578
692.7596293024199,141.26892338726518,64.55066680908203,95.21222686767578
704.3422037509158,136.57328509733438,64.55066680908203,95.21222686767578
715.9247781994118,131.87764680740358,64.55066680908203,95.21222686767578
720.6204164893426,127.18200851747278,64.55066680908203,95.21222686767578
726.5682249899215,123.7385404381902,64.55066680908203,95.21222686767578
733.1421185958246,122.17332767487994,64.55066680908203,95.21222686767578
736.0006244734416,116.24831925767049,65.97885131835938,97.31879425048828
743.5699178016647,110.85615483002184,67.43863677978516,99.47196960449219
747.1674449748846,105.95043595744934,67.43863677978516,99.47196960449219
748.8026845990754,99.73652538552417,67.43863677978516,99.47196960449219
752.4002117722953,94.83080651295168,67.43863677978516,99.47196960449219
758.4781435851762,91.1630373933888,66.00048828125,97.35070037841797
762.065006070106,82.44834035584242,67.46074676513672,99.50458526611328
766.972333412642,74.2694614516158,67.46074676513672,99.50458526611328
776.4598329415448,72.63368567077048,67.46074676513672,99.50458526611328
782.0214705964189,60.528944892515085,67.46074676513672,99.50458526611328
790.2003495006455,53.0043763006266,67.46074676513672,99.50458526611328
803.6137109035772,50.714290207443156,67.46074676513672,99.50458526611328
804.5951763720843,54.967307237640995,67.46074676513672,99.50458526611328
43.26320608149838,667.0810037897893,67.46074676513672,99.50458526611328
32.07808917729689,541.2525565535262,67.46074676513672,99.50458526611328
-25.82837346462754,628.6029832506665,67.46074676513672,99.50458526611328
4.787276788675904,598.2616543472843,67.46074676513672,99.50458526611328
687.0636306174349,-26.2702261255952,67.46074676513672,99.50458526611328
34.58756442380772,233.5877517088128,67.46074676513672,99.50458526611328
-2.2174270654471755,279.7409622132059,66.02212524414062,97.38262176513672
-2.2174270654471755,279.7409622132059,66.02212524414062,97.38262176513672
-2.2174270654471755,279.7409622132059,66.02212524414062,97.38262176513672
667.3653068565739,46.33784964847885,66.02212524414062,97.38262176513672
752.8529593940281,38.973744748248706,66.02212524414062,97.38262176513672
758.29599345072,39.93428017001786,66.02212524414062,97.38262176513672
759.8968858203352,42.8158864353253,66.02212524414062,97.38262176513672
772.3838463033342,47.61856354417104,66.02212524414062,97.38262176513672
775.2654525686416,51.14052675732458,66.02212524414062,97.38262176513672
776.2780301894327,58.659604456290964,64.61418151855469,95.305908203125
777.2180819040148,66.4933687444745,64.61418151855469,95.305908203125
781.2916393338702,75.58053531876739,64.61418151855469,95.305908203125
790.378805908163,84.0410007500056,64.61418151855469,95.305908203125
801.34607591162,95.00827075346254,64.61418151855469,95.305908203125
813.5667482011863,107.85564418608351,64.61418151855469,95.305908203125
828.781913722272,121.43087770520376,66.04376983642578,97.41455078125
843.0045375367869,132.64811059141996,67.50498962402344,99.5698471069336
847.9150834015612,136.90391700755774,67.50498962402344,99.5698471069336
848.2424531258795,137.23128673187603,67.50498962402344,99.5698471069336
877.3783585902074,141.4870931480138,67.50498962402344,99.5698471069336
904.9187944859902,137.81571673289747,66.06542205810547,97.44648742675781
913.961048256049,142.25164610833846,64.65655517578125,95.368408203125
924.9355112588592,144.44653870890048,64.65655517578125,95.368408203125
935.2828620900801,144.1329826231059,64.65655517578125,95.368408203125
938.7319790338205,141.31097785095474,64.65655517578125,95.368408203125
936.5370864332584,137.23474873562526,64.65655517578125,95.368408203125
929.9524086315723,128.76873441917175,64.65655517578125,95.368408203125
920.8592821435296,116.54004707318333,64.65655517578125,95.368408203125
909.8848191407195,104.31135972719491,64.65655517578125,95.368408203125
895.1476831083745,92.08267238120649,64.65655517578125,95.368408203125
877.2749862180838,77.34553634886149,64.65655517578125,95.368408203125
855.012504126669,62.60840031651648,64.65655517578125,95.368408203125
841.5295924375023,45.989927769404034,64.65655517578125,95.368408203125
846.232933724421,24.354557849578384,64.65655517578125,95.368408203125
860.3429575851768,2.719187929752742,64.65655517578125,95.368408203125
855.6396162982581,-11.39083593100311,64.65655517578125,95.368408203125
851.7956864621486,-19.742860627777958,63.277732849121094,93.33464813232422
849.8083941925709,-24.95899973836004,61.92831802368164,91.3442611694336
0.810994349613054,221.51344269856827,61.92831802368164,91.3442611694336
-10.301042685306143,290.28794218496006,61.92831802368164,91.3442611694336
-8.799416058965711,287.5850142575473,61.92831802368164,91.3442611694336
-8.799416058965711,287.5850142575473,61.92831802368164,91.3442611694336
54.56922757260054,207.39815241096824,61.92831802368164,91.3442611694336
54.56922757260054,207.39815241096824,61.92831802368164,91.3442611694336
58.47345680108566,213.1043335910619,61.92831802368164,91.3442611694336
204.81881247947047,340.5039986727818,61.92831802368164,91.3442611694336
37.65132985782725,172.03683254009783,61.92831802368164,91.3442611694336
115.02125129262211,205.72093667298583,60.6076774597168,89.39631652832031
64.76079496333224,241.28535313991023,60.6076774597168,89.39631652832031
2.155665149655391,265.6807793114369,60.6076774597168,89.39631652832031
355.0096587193167,-22.593196135106382,60.6076774597168,89.39631652832031
355.0096587193167,-22.593196135106382,60.6076774597168,89.39631652832031
35.25004118140821,668.6346920532109,60.6076774597168,89.39631652832031
-26.179405443279414,634.2459587752757,60.6076774597168,89.39631652832031
-7.65028224719568,650.5970941408052,60.6076774597168,89.39631652832031
-7.65028224719568,650.5970941408052,60.6076774597168,89.39631652832031
1.9370728063306366,664.3906754838689,60.6076774597168,89.39631652832031
-18.931303798228313,637.0560413398691,60.6076774597168,89.39631652832031
136.08038160651532,20.994113549548416,60.6076774597168,89.39631652832031
48.11846108749887,72.61142887879816,60.6076774597168,89.39631652832031
28.42576767192915,89.9527559163894,60.6076774597168,89.39631652832031
28.42576767192915,89.9527559163894,60.6076774597168,89.39631652832031
28.42576767192915,89.9527559163894,60.6076774597168,89.39631652832031
110.0715663473427,62.495102942959335,60.6076774597168,89.39631652832031
110.0715663473427,62.495102942959335,60.6076774597168,89.39631652832031
110.0715663473427,62.495102942959335,60.6076774597168,89.39631652832031
110.0715663473427,62.495102942959335,60.6076774597168,89.39631652832031
110.0715663473427,62.495102942959335,60.6076774597168,89.39631652832031
-16.14223915039387,-28.506131285095336,60.6076774597168,89.39631652832031
70.65668875689599,-8.65583370460098,60.6076774597168,89.39631652832031
18.40874720623527,85.0904614124008,60.6076774597168,89.39631652832031
73.51550090809613,65.33392483740843,60.6076774597168,89.39631652832031
271.0286354713049,63.30495262865173,60.6076774597168,89.39631652832031
18.227542898319257,-14.637174156667044,60.6076774597168,89.39631652832031
216.95516746305782,86.7122535090208,60.6076774597168,89.39631652832031
477.9380268165087,-13.458624683550198,60.6076774597168,89.39631652832031
342.006367198087,67.15799148514452,60.6076774597168,89.39631652832031
342.006367198087,67.15799148514452,60.6076774597168,89.39631652832031
342.006367198087,67.15799148514452,60.6076774597168,89.39631652832031
72.57544891573603,160.08260299541493,60.6076774597168,89.39631652832031
72.57544891573603,160.08260299541493,60.6076774597168,89.39631652832031
-20.52892347579585,199.5237907340206,60.6076774597168,89.39631652832031
-18.37943212898748,211.18082518775967,60.6076774597168,89.39631652832031
331.0489800413135,-24.119470008159823,60.6076774597168,89.39631652832031
331.0489800413135,-24.119470008159823,60.6076774597168,89.39631652832031
385.09407017638114,41.947167267945844,60.6076774597168,89.39631652832031
439.17157540368356,-13.689544252716786,60.6076774597168,89.39631652832031
234.7942913229901,104.79455142141776,60.6076774597168,89.39631652832031
75.30863091777252,123.10163921066436,60.6076774597168,89.39631652832031
64.53674885918628,34.687225665186105,60.6076774597168,89.39631652832031
446.1061404560086,5.63421875507035,60.6076774597168,89.39631652832031
27.331491220531376,59.960381300277874,60.6076774597168,89.39631652832031
29.03898988702427,37.48788700757376,60.6076774597168,89.39631652832031
18.635123082027803,148.06428871921898,60.6076774597168,89.39631652832031
674.5478334003734,-28.532631300079572,60.6076774597168,89.39631652832031
732.7033939839818,-19.36381254090827,59.31520080566406,87.48991394042969
739.7127341243264,-17.044660984519666,58.05028533935547,85.6241683959961
745.6246239703358,-15.637068164041217,58.05028533935547,85.6241683959961
751.5365138163453,-15.918586728136908,58.05028533935547,85.6241683959961
757.4484036623547,-15.074031035849842,58.05028533935547,85.6241683959961
763.3602935083642,-15.918586728136908,58.05028533935547,85.6241683959961
776.0286288926702,-15.074031035849842,58.05028533935547,85.6241683959961
765.0494048929384,-17.044660984519666,58.05028533935547,85.6241683959961
768.1461090979909,-16.2001052922326,58.05028533935547,85.6241683959961
773.3779123648686,-19.35727408089251,56.812347412109375,83.79821014404297
70.96217576434576,61.34269414369075,56.812347412109375,83.79821014404297
16.656523681385522,79.04745045988295,56.812347412109375,83.79821014404297
16.656523681385522,79.04745045988295,56.812347412109375,83.79821014404297
16.656523681385522,79.04745045988295,56.812347412109375,83.79821014404297
16.656523681385522,79.04745045988295,56.812347412109375,83.79821014404297
267.069749262978,683.2840950155023,56.812347412109375,83.79821014404297
122.4979441656296,-22.454597446139218,56.812347412109375,83.79821014404297
47.00317653384002,-37.78055520858641,56.812347412109375,83.79821014404297
216.99997336039414,629.8034428677499,56.812347412109375,83.79821014404297
188.07264243724595,653.173413177422,58.06932067871094,85.6522445678711
166.68609071116975,648.4276577639988,59.354103088378906,87.54730224609375
145.01621221256667,23.42158323920566,59.354103088378906,87.54730224609375
674.756488855162,651.6124599779521,59.354103088378906,87.54730224609375
652.8967590155416,647.3589781689082,60.66731262207031,89.48428344726562
142.35112225009846,604.4316520681191,60.66731262207031,89.48428344726562
14.472587628911022,2.7785504296820136,60.66731262207031,89.48428344726562
36.9548057720326,25.568034808155147,59.373565673828125,87.57600402832031
36.9548057720326,25.568034808155147,59.373565673828125,87.57600402832031
36.9548057720326,25.568034808155147,59.373565673828125,87.57600402832031
-2.4924103809574305,56.95304619995014,59.373565673828125,87.57600402832031
-11.994294563794444,67.60667392010073,59.373565673828125,87.57600402832031
-11.994294563794444,67.60667392010073,59.373565673828125,87.57600402832031
655.3780830643059,610.7203964264554,59.373565673828125,87.57600402832031
611.8997645307184,655.9263302660133,59.373565673828125,87.57600402832031
659.9850572135603,660.2453685309392,59.373565673828125,87.57600402832031
621.6895845978838,661.6850479525812,59.373565673828125,87.57600402832031
43.22750959453505,92.1045047896539,59.373565673828125,87.57600402832031
357.8144145725382,685.2118313107336,59.373565673828125,87.57600402832031
304.77991478817125,708.5471517862222,59.373565673828125,87.57600402832031
304.77991478817125,708.5471517862222,59.373565673828125,87.57600402832031
282.9130174115897,654.7025147927104,60.68720626831055,89.51362609863281
282.9130174115897,654.7025147927104,60.68720626831055,89.51362609863281
282.9130174115897,654.7025147927104,60.68720626831055,89.51362609863281
272.58740557168477,698.32314196343,60.68720626831055,89.51362609863281
226.48811396108636,649.1172792535077,60.68720626831055,89.51362609863281
227.4295569289177,16.770068569745945,60.68720626831055,89.51362609863281
227.4295569289177,16.770068569745945,60.68720626831055,89.51362609863281
227.4295569289177,16.770068569745945,60.68720626831055,89.51362609863281
190.63415003085655,650.386482541211,60.68720626831055,89.51362609863281
194.5429420179145,650.9229515132967,62.029911041259766,91.4941177368164
194.5429420179145,650.9229515132967,62.029911041259766,91.4941177368164
153.10484289520153,-39.5158849284733,62.029911041259766,91.4941177368164
567.3242519034499,638.2990580835524,62.029911041259766,91.4941177368164
608.1471683536226,641.9683845258611,63.40232467651367,93.51842498779297
602.0227154253572,644.4428810245747,64.80509948730469,95.58751678466797
602.0227154253572,644.4428810245747,64.80509948730469,95.58751678466797
602.0227154253572,644.4428810245747,64.80509948730469,95.58751678466797
586.3213348900512,668.141264886355,64.80509948730469,95.58751678466797
154.10293937247886,33.418475150153654,64.80509948730469,95.58751678466797
154.22809385426208,5.091186085033627,64.80509948730469,95.58751678466797
175.21453100916563,-16.00254452560361,63.42311096191406,93.54908752441406
168.14031962836643,-17.540416564907783,63.42311096191406,93.54908752441406
161.06610824756723,-16.00254452560361,63.42311096191406,93.54908752441406
150.91615278815968,-12.619226039134425,63.42311096191406,93.54908752441406
142.61164377591714,-10.466205184108581,63.42311096191406,93.54908752441406
134.92228357939626,-7.082886697639395,63.42311096191406,93.54908752441406
122.9268816728237,-6.775312289778562,63.42311096191406,93.54908752441406
113.60933537804198,-4.938221662872159,64.82634735107422,95.61885833740234
105.74984808717309,5.436301561074785,64.82634735107422,95.61885833740234
96.00408384649566,3.235645119631492,64.82634735107422,95.61885833740234
86.25831960581823,6.693819527613805,64.82634735107422,95.61885833740234
75.88379638187129,15.18206580175221,64.82634735107422,95.61885833740234
68.96945045526726,19.669149051280527,66.26062774658203,97.73442840576172
665.8796487632651,694.8711466163918,66.26062774658203,97.73442840576172
580.0831669473895,646.9922110712027,66.26062774658203,97.73442840576172
575.9058101548562,649.2415570364129,66.26062774658203,97.73442840576172
433.8393107232751,661.1727217949356,66.26062774658203,97.73442840576172
44.00165974419701,23.70396443954965,66.26062774658203,97.73442840576172
23.114875781530657,56.801483641928655,66.26062774658203,97.73442840576172
206.6717030808348,36.05021541395621,66.26062774658203,97.73442840576172
214.0624112522398,-15.68474178587892,66.26062774658203,97.73442840576172
210.1231144809465,-14.332914542629936,64.84760284423828,95.65021514892578
204.77691080311783,-12.760501696209744,64.84760284423828,95.65021514892578
198.172776848153,-11.188088849789551,64.84760284423828,95.65021514892578
192.82657317032434,-8.357745726233205,64.84760284423828,95.65021514892578
188.73829976963182,-5.527402602676858,64.84760284423828,95.65021514892578
184.6500263689393,-3.9549897562566656,64.84760284423828,95.65021514892578
179.93278782967872,-3.01154204840455,64.84760284423828,95.65021514892578
177.73140984469043,2.9636267679921815,64.84760284423828,95.65021514892578
584.1264386425684,703.048883180735,64.84760284423828,95.65021514892578
202.99235438591043,31.183752094655205,64.84760284423828,95.65021514892578
171.8585800267906,15.145141061169241,64.84760284423828,95.65021514892578
158.964794686145,7.912041967636355,64.84760284423828,95.65021514892578
152.04818033014902,4.569980136580163,66.28235626220703,97.7664794921875
149.155215864984,6.820063609486297,66.28235626220703,97.7664794921875
144.33360842304228,7.141504105615745,66.28235626220703,97.7664794921875
140.15488197335947,8.748706586262983,66.28235626220703,97.7664794921875
135.33327453141774,9.713028074651326,66.28235626220703,97.7664794921875
130.51166708947602,10.034468570780774,66.28235626220703,97.7664794921875
126.33294063979321,10.355909066910222,66.28235626220703,97.7664794921875
121.51133319785149,10.67734956303967,66.28235626220703,97.7664794921875
117.33260674816867,11.641671051428013,66.28235626220703,97.7664794921875
113.15388029848586,9.391587578521879,66.28235626220703,97.7664794921875
109.61803484106193,11.641671051428013,66.28235626220703,97.7664794921875
103.51066541460241,12.605992539816356,66.28235626220703,97.7664794921875
97.4032959881429,14.213195020463594,66.28235626220703,97.7664794921875
91.93880755394228,15.177516508851937,66.28235626220703,97.7664794921875
86.47431911974166,15.498957004981385,66.28235626220703,97.7664794921875
79.08118770876436,18.391921470146414,66.28235626220703,97.7664794921875
71.68805629778706,21.927766927570346,66.28235626220703,97.7664794921875
63.00916290229196,35.10682726887771,66.28235626220703,97.7664794921875
55.3507095965078,51.33056330230784,64.86886596679688,95.68157958984375
44.96938213241579,66.1160902966207,64.86886596679688,95.68157958984375
37.10474011416427,82.78913137531393,64.86886596679688,95.68157958984375
24.8358985656919,104.49554334568813,64.86886596679688,95.68157958984375
12.567057017219526,126.83112667752246,64.86886596679688,95.68157958984375
-0.3309558927129679,152.31256681665738,64.86886596679688,95.68157958984375
-6.937255188044247,183.4565492089334,64.86886596679688,95.68157958984375
520.4418696238562,-11.000367230496835,64.86886596679688,95.68157958984375
605.5723639237428,125.27443868694945,64.86886596679688,95.68157958984375
522.2071585302767,143.83499385002304,64.86886596679688,95.68157958984375
520.5103973787895,170.51903926032324,66.30409240722656,97.79853820800781
513.4384340532943,195.79184644502268,67.77107238769531,99.96233367919922
506.89197397338353,212.75820827690546,69.2705078125,102.17400360107422
500.8977329345736,228.70583726987917,70.80311584472656,104.43460083007812
496.43399852935534,242.09704048553397,70.80311584472656,104.43460083007812
496.7194592097611,247.71029921290204,72.36963653564453,106.7452163696289
494.8265022160624,254.90423882572514,73.97081756591797,109.1069564819336
494.3803784238214,261.51298751630196,75.607421875,111.52095031738281
493.92438452462375,267.50713108047114,77.28023529052734,113.98834991455078
496.5689376980239,272.0785749375865,78.99005889892578,116.51034545898438
500.06686403703065,273.57170633777736,80.73771667480469,119.088134765625
504.45463354039,267.78581269635686,82.52404022216797,121.72296142578125
511.430762846362,262.702332269556,84.34988403320312,124.41608428955078
519.2029040218258,259.83891183649035,84.34988403320312,124.41608428955078
525.3388049498236,253.70301090849256,84.34988403320312,124.41608428955078
534.7471863727536,250.0214703516939,84.34988403320312,124.41608428955078
546.6099281668827,245.52180967116215,84.34988403320312,124.41608428955078
561.745150455944,241.84026911436348,84.34988403320312,124.41608428955078
576.8803727450053,237.34060843383173,84.34988403320312,124.41608428955078
592.0155950340666,230.3865873821009,84.34988403320312,124.41608428955078
609.3316663165476,223.4930355801469,86.21612548828125,127.16879272460938
625.637976430225,215.54893578117589,86.21612548828125,127.16879272460938
641.6020073040246,218.0462357760536,88.1236572265625,129.98240661621094
658.2690945289671,221.89248667411727,88.1236572265625,129.98240661621094
673.6995542378218,225.3318192473737,90.07339477539062,132.85826110839844
684.0330471488253,228.8472466189379,92.06626892089844,135.79774475097656
692.7422728756777,233.36689512477915,94.10323333740234,138.80227661132812
702.5911367689099,237.98654484493915,96.18526458740234,141.87327575683594
711.4538101664538,246.84921824248295,96.18526458740234,141.87327575683594
718.616887823005,255.44266585214382,98.31336212158203,145.01222229003906
727.9170702450414,262.2476228067946,100.4885482788086,148.22061157226562
733.2776510996423,264.6842504679768,100.4885482788086,148.22061157226562
738.6382319542432,261.2729717423217,100.4885482788086,148.22061157226562
743.0241617443712,267.6082036613955,100.4885482788086,148.22061157226562
745.4607894055534,263.2222738712675,100.4885482788086,148.22061157226562
748.8720681312086,255.91239088772073,100.4885482788086,148.22061157226562
743.5114872766077,233.00809087260768,100.4885482788086,148.22061157226562
744.973463873317,214.97704617985914,100.4885482788086,148.22061157226562
747.4100915344992,210.5911163897311,100.4885482788086,148.22061157226562
748.8720681312085,211.07844192196757,100.4885482788086,148.22061157226562
744.4861383410805,202.79390787394794,100.4885482788086,148.22061157226562
739.8352804742484,192.5590095852604,102.71186065673828,151.5
736.3485272067882,186.08361065997707,102.71186065673828,151.5
730.5611978595647,177.68941229013234,104.98435974121094,154.85194396972656
726.9973001760619,169.0342322016255,104.98435974121094,154.85194396972656
726.4881719355615,161.3973085941195,104.98435974121094,154.85194396972656
723.7421218897872,153.87383170712351,107.30713653564453,158.27804565429688
719.8555005459027,151.58297060362983,109.68130493164062,161.7799530029297
724.6426580682453,156.37012812597243,109.68130493164062,161.7799530029297
728.3660028078451,161.157285648315,109.68130493164062,161.7799530029297
732.089347547445,154.24250256048683,109.68130493164062,161.7799530029297
736.8765050697875,156.90203451734382,109.68130493164062,161.7799530029297
743.940949896833,183.25684334043137,112.10800170898438,165.3593292236328
749.9213729199184,162.05352534949225,112.10800170898438,165.3593292236328
754.8144463024429,149.54900448304096,112.10800170898438,165.3593292236328
762.9695686066502,139.21918289771165,112.10800170898438,165.3593292236328
771.1246909108576,133.23875987462625,112.10800170898438,165.3593292236328
777.1051139339429,131.60773541378478,112.10800170898438,165.3593292236328
785.2602362381502,126.71466203126036,112.10800170898438,165.3593292236328
791.2406592612356,126.17098721097986,112.10800170898438,165.3593292236328
800.4831312060039,136.50080879630917,112.10800170898438,165.3593292236328
819.511749915821,131.60773541378475,112.10800170898438,165.3593292236328
832.0162707822723,128.8893613123823,112.10800170898438,165.3593292236328
851.0448894920894,132.69508505434572,112.10800170898438,165.3593292236328
868.9861585613455,127.8020116718213,112.10800170898438,165.3593292236328
883.6653787089188,116.38484044593102,112.10800170898438,165.3593292236328
897.257249215931,100.61827065779681,112.10800170898438,165.3593292236328
916.2858679257481,83.7643512291016,112.10800170898438,165.3593292236328
923.3536405893944,51.68753683255267,112.10800170898438,165.3593292236328
932.8306342561463,15.45043197608237,114.58839416503906,169.0178985595703
950.0574466522013,-10.667638430839844,114.58839416503906,169.0178985595703
968.3956662996147,-21.22600731874457,114.58839416503906,169.0178985595703
984.079168032687,-28.529335081397235,112.14476013183594,165.41354370117188
1000.9386134655972,-38.8625435725358,112.14476013183594,165.41354370117188
1011.0456998361908,-44.96173147801425,109.75324249267578,161.88604736328125
1023.2875705349284,-45.493986725785454,109.75324249267578,161.88604736328125
1035.529441233666,-48.155262964641466,109.75324249267578,161.88604736328125
1048.835822427946,-50.81653920349748,109.75324249267578,161.88604736328125
1061.805477255569,-43.447215780450776,107.4127197265625,158.43377685546875
1074.828095862935,-36.67545410462051,107.4127197265625,158.43377685546875
1086.8089049817115,-27.820073451611712,107.4127197265625,158.43377685546875
1098.789714100488,-20.006502287192184,107.4127197265625,158.43377685546875
1107.8697973770347,-9.329083114547387,109.78922271728516,161.93911743164062
1118.2555684225117,3.7941550863266684,112.21830749511719,165.5220184326172
1119.888197733235,-13.076347791148734,112.21830749511719,165.5220184326172
44.63063191757621,1.2370839971896999,112.21830749511719,165.5220184326172
-47.34081925317676,39.87597768431077,112.21830749511719,165.5220184326172
-41.24220690820171,51.031098121611905,114.70114135742188,169.18418884277344
-33.8544426321338,55.50770865176352,117.23890686035156,172.92738342285156
-41.640059658988775,48.2857938023987,119.83281707763672,176.75340270996094
-50.35711143969351,46.54238344625776,119.83281707763672,176.75340270996094
-58.60161607849238,37.784537274456255,117.27734375,172.9840850830078
207.57168039534542,146.68003427691596,117.27734375,172.9840850830078
170.60332894993823,104.02424414759997,117.27734375,172.9840850830078
58.74445042066969,170.91660794945915,117.27734375,172.9840850830078
414.5076794363336,-67.15179005628207,117.27734375,172.9840850830078
382.08927893805344,48.30321522706657,117.27734375,172.9840850830078
389.3698226913995,55.08136414004929,114.7763671875,169.29515075683594
396.6058207345572,50.07182703324784,114.7763671875,169.29515075683594
407.18151018224916,51.74167273551498,114.7763671875,169.29515075683594
416.64396916176304,47.84536609689164,114.7763671875,169.29515075683594
427.219658609455,47.2887508628026,114.7763671875,169.29515075683594
438.6369139543542,49.630385108250124,112.32872772216797,165.68487548828125
448.9870736391255,47.996149368549396,112.32872772216797,165.68487548828125
458.24774283076295,46.36191362884867,112.32872772216797,165.68487548828125
468.5979025155342,47.996149368549396,112.32872772216797,165.68487548828125
477.8585717071717,47.45140412198248,112.32872772216797,165.68487548828125
487.11924089880915,47.996149368549396,112.32872772216797,165.68487548828125
497.4694005835804,47.45140412198248,112.32872772216797,165.68487548828125
506.7300697752179,46.90665887541556,112.32872772216797,165.68487548828125
515.9907389668554,48.54089461511629,112.32872772216797,165.68487548828125
524.161917665359,45.81716838228175,112.32872772216797,165.68487548828125
533.4225868569965,46.36191362884864,112.32872772216797,165.68487548828125
542.683256048634,46.90665887541556,112.32872772216797,165.68487548828125
551.0485627006806,42.247907166662216,114.81400299072266,169.35064697265625
560.514124198183,43.91830037210383,114.81400299072266,169.35064697265625
569.0645140943711,40.31182381794254,117.35426330566406,173.0975341796875
578.7395011400058,42.019174473054534,117.35426330566406,173.0975341796875
587.2762544155659,40.31182381794254,117.35426330566406,173.0975341796875
596.0158204431852,38.987388482164874,119.95072937011719,176.9273223876953
604.9487519192909,37.63365101880218,122.6046371459961,180.8418426513672
612.6782776037937,40.60654551284176,122.6046371459961,180.8418426513672
615.6511720978333,43.57944000688133,122.6046371459961,180.8418426513672
607.9216464133304,41.79570331045758,122.6046371459961,180.8418426513672
596.0784454728129,44.113267987854755,125.31726837158203,184.8429718017578
581.4511160497129,45.22106519663086,128.0899200439453,188.9326171875
554.899625249838,46.3533718111606,130.9239044189453,193.1127471923828
526.3280596585419,50.79783756980666,130.9239044189453,193.1127471923828
493.91924472295,50.63773076050933,133.8206024169922,197.38536071777344
443.2873834176338,50.47407564666531,136.78138732910156,201.7525177001953
384.2510260823366,85.63055810476368,136.78138732910156,201.7525177001953
283.1406237736908,324.0429151862709,136.78138732910156,201.7525177001953
157.53154358073405,128.9835880409352,136.78138732910156,201.7525177001953
42.77547819863938,181.38664679923278,136.78138732910156,201.7525177001953
46.09212748713922,197.969893241732,136.78138732910156,201.7525177001953
109.56792353647097,209.71141903700357,133.86448669433594,197.45008850097656
204.99799339336698,202.57039340145354,133.86448669433594,197.45008850097656
377.0317927952543,194.13099946853077,133.86448669433594,197.45008850097656
491.93738711274136,183.0948689408625,133.86448669433594,197.45008850097656
625.0201375934466,153.88158224997596,133.86448669433594,197.45008850097656
717.1597335279693,137.5531945855694,136.82623291015625,201.81866455078125
589.3455961054049,30.215729993943228,136.82623291015625,201.81866455078125
473.2248102095956,159.6074628492736,136.82623291015625,201.81866455078125
480.52383103733223,149.6542526296328,136.82623291015625,201.81866455078125
489.3366452827877,134.34145529339702,139.853515625,206.28390502929688
498.3444469458591,121.5045139208529,142.94776916503906,210.84793090820312
506.1130824772946,109.82201425367526,146.11048889160156,215.512939453125
515.5238850293371,100.82161426541853,149.3431854248047,220.28115844726562
525.1429043210741,91.62207921625526,152.64739990234375,225.15487670898438
536.5108115520985,82.21900303124715,156.02471923828125,230.1364288330078
548.1302341807436,69.46778075011068,159.4767608642578,235.2281951904297
555.090767272169,74.88152871010823,159.4767608642578,235.2281951904297
567.9727936180226,90.06214103130733,156.07586669921875,230.21188354492188
577.8124901899293,92.3328402402089,156.07586669921875,230.21188354492188
587.6521867618361,87.03454208610526,156.07586669921875,230.21188354492188
599.0056828063439,93.84663971280992,156.07586669921875,230.21188354492188
592.1935851796392,99.14493786691355,156.07586669921875,230.21188354492188
579.3262896625304,107.47083496621923,156.07586669921875,230.21188354492188
543.752002056406,111.25533364772181,156.07586669921875,230.21188354492188
490.0121207790693,119.58123074702752,156.07586669921875,230.21188354492188
431.7308410839294,141.5313230997425,156.07586669921875,230.21188354492188
353.8749569730309,195.78346516740095,152.74749755859375,225.30255126953125
245.35853834814196,272.4503745988118,156.1270294189453,230.28736877441406
159.57849884704152,363.3821939199968,159.5813446044922,235.38247680664062
53.554225786663835,487.9800622610246,159.5813446044922,235.38247680664062
541.3356540855784,-56.52853291021992,159.5813446044922,235.38247680664062
412.0943869243881,-54.20683350013866,159.5813446044922,235.38247680664062
422.00115063293293,-67.36150767570223,156.17822265625,230.3628692626953
460.8974662110219,-75.85553761939566,152.84767150878906,225.4503173828125
73.10711898771572,72.60060182242273,152.84767150878906,225.4503173828125
-28.443371453191872,33.314645666451185,152.84767150878906,225.4503173828125
-32.44137464356283,34.66580983790277,156.22943115234375,230.4384002685547
-30.16844117549175,23.301142497547374,156.22943115234375,230.4384002685547
-30.926085664848777,10.42118617847791,156.22943115234375,230.4384002685547
-39.26017504777607,-3.9740591193055934,156.22943115234375,230.4384002685547
-47.59426443070337,-19.88459339580315,156.22943115234375,230.4384002685547
-58.34286289918475,6.6710629696278545,152.89779663085938,225.52423095703125
-67.43286919454127,21.22542351826499,149.63720703125,220.71485900878906
131.93112645975773,-84.39773126115088,149.63720703125,220.71485900878906
325.6863643558454,42.59540219134104,149.63720703125,220.71485900878906
259.6499349605496,67.99402888183943,149.63720703125,220.71485900878906
172.9182414952494,99.43232467932398,152.94793701171875,225.59817504882812
78.11124911611654,125.40982665977324,156.3319091796875,230.58953857421875
-21.205274082410966,144.36336162132432,156.3319091796875,230.58953857421875
482.2346213045963,189.34542822569733,156.3319091796875,230.58953857421875
-57.07071749262798,304.75308701545225,156.3319091796875,230.58953857421875
-35.08461693722876,507.17684040481754,156.3319091796875,230.58953857421875
-70.71726266494474,494.2884366309628,156.3319091796875,230.58953857421875
135.4090160881682,-24.767227489452864,156.3319091796875,230.58953857421875
135.4090160881682,-24.767227489452864,156.3319091796875,230.58953857421875
189.742613895293,-71.6995362421664,156.3319091796875,230.58953857421875
-70.71471073777579,171.8199355066867,156.3319091796875,230.58953857421875
30.59279018810072,572.5621579497654,156.3319091796875,230.58953857421875
337.4125591078914,87.08073303689793,156.3319091796875,230.58953857421875
-36.41052467573671,243.10308112526445,156.3319091796875,230.58953857421875
451.8568793051762,196.92495445644215,156.3319091796875,230.58953857421875
349.5077905128005,181.00398508873928,156.3319091796875,230.58953857421875
391.3653347585598,187.11637303331116,152.99807739257812,225.67214965820312
429.2059988025436,186.37439922852718,152.99807739257812,225.67214965820312
456.65902957955143,184.14847781417518,152.99807739257812,225.67214965820312
463.33679382260743,184.89045161895916,152.99807739257812,225.67214965820312
450.72323914127946,182.66453020460716,152.99807739257812,225.67214965820312
427.7220511929756,180.43860879025516,152.99807739257812,225.67214965820312
398.78507280639974,181.18058259503914,152.99807739257812,225.67214965820312
375.78388485809586,183.40650400939114,152.99807739257812,225.67214965820312
346.84690647152,191.5682158620151,152.99807739257812,225.67214965820312
331.2654565710561,195.27808488593507,152.99807739257812,225.67214965820312
299.5507984651985,199.70976718019546,156.38316345214844,230.66514587402344
269.9735894318197,205.01849700669936,156.38316345214844,230.66514587402344
383.28581527583196,379.9167454344123,156.38316345214844,230.66514587402344
-29.96498060470406,562.1087370695691,156.38316345214844,230.66514587402344
104.22354803239224,530.6806727480073,156.38316345214844,230.66514587402344
275.56999415519067,441.725605780902,156.38316345214844,230.66514587402344
205.98194168668766,260.6518958611671,156.38316345214844,230.66514587402344
179.43829255416819,288.71232494411623,156.38316345214844,230.66514587402344
179.43829255416819,288.71232494411623,156.38316345214844,230.66514587402344
124.82042185372944,348.9191129776769,153.04824829101562,225.7461395263672
429.58307271450036,141.444443540594,153.04824829101562,225.7461395263672
241.63663103741442,127.39752561213649,149.78445434570312,220.93203735351562
227.16795362714743,127.21435033736859,153.0984344482422,225.82015991210938
192.35128812938717,131.6489362317717,156.48573303222656,230.81643676757812
156.68358158642116,139.99669733757224,156.48573303222656,230.81643676757812
105.83812757836321,146.8266836968636,156.48573303222656,230.81643676757812
54.99267357030527,152.13889530964576,156.48573303222656,230.81643676757812
2.6294448157381396,158.96888166893712,156.48573303222656,230.81643676757812
-49.73378393882899,144.5500215770998,156.48573303222656,230.81643676757812
508.5674020821847,132.0764243833836,156.48573303222656,230.81643676757812
269.6207857386302,77.65033198438408,156.48573303222656,230.81643676757812
21.059167390005868,236.32848105509447,156.48573303222656,230.81643676757812
73.34600016365704,430.1390798298363,156.48573303222656,230.81643676757812
-76.39718941930272,499.1628443395666,153.14862060546875,225.8942108154297
-71.19826231922687,501.3909559538848,153.14862060546875,225.8942108154297
218.49039672852365,254.3384301034887,153.14862060546875,225.8942108154297
73.95010455538224,185.57643275425363,153.14862060546875,225.8942108154297
532.7272802284605,560.4163863069459,153.14862060546875,225.8942108154297
470.9119031450649,436.81898991506444,153.14862060546875,225.8942108154297
377.27891341543074,67.5152847459141,153.14862060546875,225.8942108154297
601.6263253668093,54.76927513237044,153.14862060546875,225.8942108154297
642.3126587930275,39.17088082690867,156.5370330810547,230.89212036132812
411.43032904051023,-87.70210077048995,156.5370330810547,230.89212036132812
301.79691872813777,69.62722601853329,160.0004119873047,236.0006103515625
477.93350154653285,23.847233127408572,160.0004119873047,236.0006103515625
609.023871024666,-1.308166067421368,156.58834838867188,230.9678192138672
609.023871024666,-1.308166067421368,156.58834838867188,230.9678192138672
-2.9858531596479025,208.6739691746725,156.58834838867188,230.9678192138672
-60.60313885751595,309.9482544401622,153.24905395507812,226.0423583984375
503.9760910188677,146.81971292405115,153.24905395507812,226.0423583984375
126.63554971408945,336.1284242913283,153.24905395507812,226.0423583984375
126.63554971408945,336.1284242913283,153.24905395507812,226.0423583984375
126.63554971408945,336.1284242913283,153.24905395507812,226.0423583984375
441.6498419953101,9.94765827088716,153.24905395507812,226.0423583984375
342.76826165764317,3.7690740186515654,153.24905395507812,226.0423583984375
146.99609631889084,280.9509941150957,153.24905395507812,226.0423583984375
146.99609631889084,280.9509941150957,153.24905395507812,226.0423583984375
-51.27874235958276,179.93286687171366,153.24905395507812,226.0423583984375
142.90276973457082,354.0397861822652,153.24905395507812,226.0423583984375
-63.637074930360455,401.032612144027,153.24905395507812,226.0423583984375
-51.002828243448434,275.4333362564898,153.24905395507812,226.0423583984375
-43.34395808173136,87.52663440749049,153.24905395507812,226.0423583984375
-33.47336856023951,290.8992311004946,156.6396942138672,231.04354858398438
55.11241297589382,472.8545312057961,156.6396942138672,231.04354858398438
637.6603717452166,67.88014644617002,156.6396942138672,231.04354858398438
195.8884944631435,446.8559165672018,156.6396942138672,231.04354858398438
-6.933805444362889,386.8448240852055,156.6396942138672,231.04354858398438
-13.770512182818152,378.48884918264906,156.6396942138672,231.04354858398438
-9.97234177256523,368.61360611599144,156.6396942138672,231.04354858398438
-9.212707690514648,357.21909488523266,156.6396942138672,231.04354858398438
-3.8952691161605486,345.8245836544739,156.6396942138672,231.04354858398438
-0.09709870590762648,334.4300724237151,156.6396942138672,231.04354858398438
-0.8567327879582081,323.0355611929563,156.6396942138672,231.04354858398438
-0.09709870590762648,313.1603181262987,156.6396942138672,231.04354858398438
5.220339868446473,301.7658068955399,156.6396942138672,231.04354858398438
18.13411926330643,307.08324546989405,156.6396942138672,231.04354858398438
25.070616991798587,295.8580056759722,160.1053466796875,236.15538024902344
36.71723178353791,284.2113908842329,160.1053466796875,236.15538024902344
49.91672854750914,275.6705400369574,160.1053466796875,236.15538024902344
61.56334333924846,268.6825711619138,160.1053466796875,236.15538024902344
77.8686040476835,260.1417203146383,160.1053466796875,236.15538024902344
94.17386475611855,253.1537514395947,160.1053466796875,236.15538024902344
108.60341696652685,248.93640327087212,156.69105529785156,231.11929321289062
113.96542742552424,240.86099684101174,160.15785217285156,236.23280334472656
119.44607846944257,232.60691828927492,163.7013397216797,241.45945739746094
125.01749697776711,231.35559102850897,160.21035766601562,236.3102569580078
127.34834764707017,224.36303902059984,160.21035766601562,236.3102569580078
129.67919831637323,217.37048701269072,160.21035766601562,236.3102569580078
125.79444720086815,208.82403455857957,160.21035766601562,236.3102569580078
131.23309876257525,201.83148255067044,160.21035766601562,236.3102569580078
128.9022480932722,193.2850300965593,160.21035766601562,236.3102569580078
132.78699920877727,186.29247808865017,160.21035766601562,236.3102569580078
132.01004898567626,176.19212518833695,160.21035766601562,236.3102569580078
132.78699920877727,167.6456727342258,160.21035766601562,236.3102569580078
128.9022480932722,157.54531983391257,160.21035766601562,236.3102569580078
135.89480010118132,162.98397139561968,160.21035766601562,236.3102569580078
133.3163906363156,148.27850203005545,163.7550048828125,241.5386199951172
134.1105308831027,137.95467882182282,163.7550048828125,241.5386199951172
131.475071680772,124.57169228478537,167.37808227539062,246.88265991210938
133.91020348001388,115.64287568756518,167.37808227539062,246.88265991210938
133.09849288026658,106.71405909034499,167.37808227539062,246.88265991210938
133.91020348001388,97.7852424931248,167.37808227539062,246.88265991210938
133.09849288026658,88.85642589590461,167.37808227539062,246.88265991210938
137.15704587900302,83.17445169767356,167.37808227539062,246.88265991210938
137.8318715855602,77.91686231924137,171.08132934570312,252.34494018554688
135.3428624952601,70.44983504834107,171.08132934570312,252.34494018554688
134.5131927984934,61.32346838390737,171.08132934570312,252.34494018554688
138.6615412823269,67.13115626127427,171.08132934570312,252.34494018554688
137.8318715855602,58.00478959684057,171.08132934570312,252.34494018554688
140.3208806758603,52.197101719473665,171.08132934570312,252.34494018554688
138.14665310169875,49.28999647013967,167.43296813964844,246.96360778808594
140.71455960570535,43.314371971965414,163.86241149902344,241.69703674316406
149.45583161790782,45.69835524802062,163.86241149902344,241.69703674316406
147.07184834185261,38.54640541985498,163.86241149902344,241.69703674316406
144.68786506579738,36.162422143799745,163.86241149902344,241.69703674316406
141.07350389378078,31.846109705001624,160.3679962158203,236.5427703857422
151.1837950571605,34.17925381962772,160.3679962158203,236.5427703857422
147.29522153278367,31.846109705001624,160.3679962158203,236.5427703857422
149.62836564740977,29.51296559037553,160.3679962158203,236.5427703857422
153.5169391717866,27.179821475749435,160.3679962158203,236.5427703857422
158.96094210591414,23.29124795137261,160.3679962158203,236.5427703857422
164.4049450400417,17.847245017245058,160.3679962158203,236.5427703857422
169.84894797416925,12.403242083117505,160.3679962158203,236.5427703857422
173.72303027858047,4.13833641444846,163.9161376953125,241.77627563476562
167.7860502823573,-5.958896524065736,167.54278564453125,247.12557983398438
173.47361527081875,-13.271480080659074,167.54278564453125,247.12557983398438
167.7860502823573,-22.209082205384263,167.54278564453125,247.12557983398438
158.8484481576321,-31.14668433010945,167.54278564453125,247.12557983398438
-56.4665121198384,10.291289157252777,167.54278564453125,247.12557983398438
-45.90389142698136,4.603724168791288,167.54278564453125,247.12557983398438
-48.34141927917914,13.541326293516477,167.54278564453125,247.12557983398438
-44.27887285884951,15.978854145714251,167.54278564453125,247.12557983398438
-40.21632643851988,26.541474838571304,167.54278564453125,247.12557983398438
-47.97061444510336,26.33658430163274,171.24966430664062,252.59323120117188
-45.479156289175705,32.14998666546393,171.24966430664062,252.59323120117188
-44.64867023719982,31.31950061348803,171.24966430664062,252.59323120117188
-45.479156289175705,30.489014561512136,171.24966430664062,252.59323120117188
-49.9584914526108,32.00284943269955,175.03855895996094,258.1818542480469
-47.411909784983244,27.75854665332028,175.03855895996094,258.1818542480469
-46.7061945250345,31.067256303649913,178.91128540039062,263.8941345214844
-51.38593889147405,27.247751365910943,182.8697052001953,269.7327880859375
-50.648650094981896,27.024117921192158,186.9156951904297,275.70062255859375
-49.74219063458071,24.30473953998859,186.9156951904297,275.70062255859375
-45.209893332574765,32.462874683599296,186.9156951904297,275.70062255859375
-47.92927171377833,27.930577381593366,186.9156951904297,275.70062255859375
-45.209893332574765,32.462874683599296,186.9156951904297,275.70062255859375
-42.4905149513712,29.743496302395727,186.9156951904297,275.70062255859375
-43.617819914037,33.2767161169578,191.05120849609375,281.8005065917969
-40.838275286149305,43.468379752546014,191.05120849609375,281.8005065917969
-39.91176041018674,49.95398388428396,191.05120849609375,281.8005065917969
-38.98524553422417,61.998677271797305,191.05120849609375,281.8005065917969
-42.060007220476734,67.53259354426183,195.27821350097656,288.03533935546875
-41.1129932028835,81.73780380816038,195.27821350097656,288.03533935546875
-46.22083739416589,91.3242692620507,199.59873962402344,294.4081115722656
-45.2528706914334,105.84376980303801,199.59873962402344,294.4081115722656
-44.28490398870091,120.3632703440253,199.59873962402344,294.4081115722656
-47.49723066104758,126.14476245813364,204.01486206054688,300.9219055175781
-52.833597374262645,127.94823761980717,208.5286865234375,307.5798034667969
-53.844870438416514,141.09478745380744,208.5286865234375,307.5798034667969
-52.833597374262645,152.21879115949997,208.5286865234375,307.5798034667969
-55.867416566724245,151.20751809534613,208.5286865234375,307.5798034667969
-52.833597374262645,166.37661405765414,208.5286865234375,307.5798034667969
-55.867416566724245,165.3653409935003,208.5286865234375,307.5798034667969
-57.12506738131695,165.11032525626513,213.1423797607422,314.385009765625
-58.15871486201522,170.27856265975646,213.1423797607422,314.385009765625
-59.192362342713494,169.24491517905818,213.1423797607422,314.385009765625
-62.293304784808306,172.34585762115302,213.1423797607422,314.385009765625
-57.03178529789887,168.72402337402838,208.59706115722656,307.6806640625
-66.13622702939386,175.80525583185783,208.59706115722656,307.6806640625
-67.14783166622664,164.6776048266973,208.59706115722656,307.6806640625
-60.06659920839721,171.75883728452675,208.59706115722656,307.6806640625
-75.24066876088887,160.6311862793662,208.59706115722656,307.6806640625
-66.13622702939386,173.7820465581923,208.59706115722656,307.6806640625
-79.28708730821998,166.70081410036283,208.59706115722656,307.6806640625
452.48541754628354,154.4480198128499,208.59706115722656,307.6806640625
589.7666104425355,269.642301382517,213.21226501464844,314.48809814453125
597.0045151684944,281.01615166616676,213.21226501464844,314.48809814453125
602.1551834847628,270.02780634794533,217.92958068847656,321.4461364746094
607.4395001762063,277.4258497159661,217.92958068847656,321.4461364746094
612.7238168676497,267.914079671368,217.92958068847656,321.4461364746094
615.8944068825158,262.6297629799246,217.92958068847656,321.4461364746094
619.0649968973819,255.23171961190383,217.92958068847656,321.4461364746094
624.3493135888253,252.0611295970378,217.92958068847656,321.4461364746094
621.1787235739592,259.45917296505854,217.92958068847656,321.4461364746094
622.235586912248,256.2885829501925,217.92958068847656,321.4461364746094
616.9512702208045,251.0042662587491,217.92958068847656,321.4461364746094
615.8944068825158,239.37876953757365,217.92958068847656,321.4461364746094
610.6100901910723,227.75327281639818,217.92958068847656,321.4461364746094
611.6669535293611,222.4689561249548,217.92958068847656,321.4461364746094
608.496363514495,229.86699949297554,217.92958068847656,321.4461364746094
603.2120468230515,235.15131618441893,217.92958068847656,321.4461364746094
606.3826368379176,246.7768129055944,217.92958068847656,321.4461364746094
609.5532268527837,258.40230962676986,217.92958068847656,321.4461364746094
593.7002767784535,261.5728996416359,217.92958068847656,321.4461364746094
596.8708667933196,266.8572163330793,217.92958068847656,321.4461364746094
583.1316433955667,270.02780634794533,217.92958068847656,321.4461364746094
575.7336000275459,266.8572163330793,217.92958068847656,321.4461364746094
564.1081033063704,265.8003529947906,217.92958068847656,321.4461364746094
565.1649666446591,271.084669686234,217.92958068847656,321.4461364746094
549.3120165703289,276.3689863776774,217.92958068847656,321.4461364746094
552.482606585195,279.53957639254344,217.92958068847656,321.4461364746094
542.9708365405968,291.1650731137189,217.92958068847656,321.4461364746094
546.1414265554629,292.2219364520076,217.92958068847656,321.4461364746094
531.1478553399738,290.55609413463606,213.28216552734375,314.5911865234375
523.9075774751025,283.31581626976464,213.28216552734375,314.5911865234375
519.2031510636135,279.6916053123773,208.73385620117188,307.8824462890625
518.1908829552426,266.5321199035554,208.73385620117188,307.8824462890625
509.08046997990436,259.44624314495894,208.73385620117188,307.8824462890625
510.09273808827527,254.38490260310436,208.73385620117188,307.8824462890625
505.03139754642064,243.24995341102425,208.73385620117188,307.8824462890625
499.970057004566,234.139540435686,208.73385620117188,307.8824462890625
495.36595087543947,254.00893912546474,204.2825469970703,301.3167724609375
494.3752696893796,253.01825793940486,204.2825469970703,301.3167724609375
499.32867561967896,246.08348963698575,204.2825469970703,301.3167724609375
492.39390731725985,241.13008370668638,204.2825469970703,301.3167724609375
489.79773229419743,252.93677418765196,199.92616271972656,294.89111328125
492.7063961283051,248.08900113080597,199.92616271972656,294.89111328125
484.5585253563852,257.7748920392862,195.6626739501953,288.60247802734375
489.3029181926213,253.03049920305006,195.6626739501953,288.60247802734375
495.9621077731932,262.50984197180776,191.4901123046875,282.44793701171875
498.7480381111749,257.86662474183834,191.4901123046875,282.44793701171875
499.67668155716876,258.7952681878322,191.4901123046875,282.44793701171875
504.3198987871382,252.29476406587503,191.4901123046875,282.44793701171875
501.53396844915653,251.36612061988114,191.4901123046875,282.44793701171875
496.8907512191871,256.00933784985057,191.4901123046875,282.44793701171875
507.10582912511984,262.50984197180776,191.4901123046875,282.44793701171875
515.4131690900075,264.62640640762737,187.40652465820312,276.4246520996094
523.543353441622,264.94585398496275,183.41001892089844,270.5298156738281
529.7855357960805,272.1169685293626,179.49874877929688,264.76068115234375
525.8262790759865,280.8132018729918,175.67088317871094,259.1145935058594
533.4936231164673,269.73814937007495,175.67088317871094,259.1145935058594
537.7532586945123,256.95924263594014,175.67088317871094,259.1145935058594
543.7167485037752,249.29189859545926,175.67088317871094,259.1145935058594
551.3378060281577,246.30680451101819,171.92465209960938,253.58889770507812
558.7963470780347,241.77811795226165,168.25830078125,248.18104553222656
564.5228602763174,245.210874815551,164.67013549804688,242.8885040283203
568.5157519528075,241.2179831390609,164.67013549804688,242.8885040283203
572.5086436292976,235.62793479197478,164.67013549804688,242.8885040283203
576.5015353057877,226.8435731036966,164.67013549804688,242.8885040283203
578.8972703116817,216.46205474482235,164.67013549804688,242.8885040283203
581.2930053175758,209.27484972714018,164.67013549804688,242.8885040283203
588.4802103352579,200.490488038862,164.67013549804688,242.8885040283203
581.2930053175758,202.88622304475604,164.67013549804688,242.8885040283203
583.6887403234698,192.5047046858818,164.67013549804688,242.8885040283203
580.0565631446672,186.62768616718296,161.1584930419922,237.70883178710938
570.9760408239592,147.5094907623738,164.72412109375,242.9681396484375
571.6401728586378,124.10173814998078,168.36863708496094,248.34381103515625
563.8476568902919,106.95315667126056,172.0937957763672,253.8384246826172
555.8827347143067,94.62043106575032,175.9013671875,259.45458984375
543.0870601225818,88.64911625627869,175.9013671875,259.45458984375
526.8792056397302,77.55953161011709,175.9013671875,259.45458984375
502.8074440654324,59.6437269036571,179.79318237304688,265.1950378417969
486.24099080214773,69.23483142450613,179.79318237304688,265.1950378417969
478.39372346690766,73.59442438852841,179.79318237304688,265.1950378417969
468.2632233404828,57.09147546769657,183.77110290527344,271.0624694824219
299.45570240268,384.1653641523187,183.77110290527344,271.0624694824219
209.19954742167948,419.0218839317414,183.77110290527344,271.0624694824219
1.5476659625100524,462.69116372358394,183.77110290527344,271.0624694824219
-13.602900495884285,476.0593105986378,183.77110290527344,271.0624694824219
599.9670723458656,-122.37226793134161,183.77110290527344,271.0624694824219
785.6340279802478,121.50535777473056,187.8370361328125,277.0597229003906
792.0105226384245,127.8818524329073,187.8370361328125,277.0597229003906
801.9153851344419,128.20203742772446,183.83135986328125,271.1513366699219
797.4578751423275,130.8765434229931,183.83135986328125,271.1513366699219
605.3398348477474,51.17857314745561,183.83135986328125,271.1513366699219
142.95514416491054,148.16148568338872,183.83135986328125,271.1513366699219
530.2689913216246,1.1459018650756718,183.83135986328125,271.1513366699219
481.2363814083661,237.39393144713944,183.83135986328125,271.1513366699219
355.5451331490534,252.4677326114354,183.83135986328125,271.1513366699219
251.78444450213453,-35.669451711112316,183.83135986328125,271.1513366699219
78.27562418909287,109.73549901445264,183.83135986328125,271.1513366699219
577.7516827704405,449.87263874048745,183.83135986328125,271.1513366699219
762.2925964439771,288.5107770259458,183.83135986328125,271.1513366699219
766.7501064360915,303.6663109991348,183.83135986328125,271.1513366699219
769.4246124313602,318.8218449723238,183.83135986328125,271.1513366699219
773.8821224234746,339.3263909360501,183.83135986328125,271.1513366699219
778.339632415589,359.83093689977636,183.83135986328125,271.1513366699219
784.6303943253744,374.40505151341404,187.8986358642578,277.15057373046875
794.6538856068922,409.9428842387955,187.8986358642578,277.15057373046875
794.6538856068922,409.9428842387955,187.8986358642578,277.15057373046875
794.6538856068922,409.9428842387955,187.8986358642578,277.15057373046875
214.7836518781312,459.1185162634406,187.8986358642578,277.15057373046875
520.1525676420652,304.37075370827506,187.8986358642578,277.15057373046875
220.76582846969302,539.889070600005,187.8986358642578,277.15057373046875
535.2020662590788,331.3392521525217,187.8986358642578,277.15057373046875
369.8771883272773,125.69816371006846,187.8986358642578,277.15057373046875
271.22989935379957,481.07087446336664,187.8986358642578,277.15057373046875
271.22989935379957,481.07087446336664,187.8986358642578,277.15057373046875
188.54991779986705,522.0085235630928,187.8986358642578,277.15057373046875
188.54991779986705,522.0085235630928,187.8986358642578,277.15057373046875
596.1868550254468,568.5210790543694,187.8986358642578,277.15057373046875
599.2124383359586,471.0402052150441,187.8986358642578,277.15057373046875
493.6599672374916,-17.850069941833112,187.8986358642578,277.15057373046875
645.8511512385927,5.305767892219421,183.8916473388672,271.2402648925781
684.198306180872,4.413973591236186,183.8916473388672,271.2402648925781
650.9170841808788,23.63776387996208,179.97010803222656,265.45599365234375
663.7720396878077,27.30945385435325,176.13218688964844,259.7950744628906
673.0596941827516,22.669939313022553,172.37611389160156,254.25486755371094
683.7607575747465,35.85550987514398,168.70013427734375,248.8328094482422
686.2151239405374,39.94612048479547,168.70013427734375,248.8328094482422
698.2650826752817,44.964988314245176,165.10255432128906,243.52638244628906
710.0580715528845,57.594181720656536,161.58169555664062,238.33311462402344
718.6776800969386,64.64658871124624,161.58169555664062,238.33311462402344
731.9988933013858,71.69899570183594,161.58169555664062,238.33311462402344
745.0509539189853,81.03775618128233,158.1359100341797,233.25059509277344
754.8679881384035,82.7856530282564,154.76361083984375,228.27645874023438
784.7311032433403,64.24084159011278,151.46322631835938,223.4084014892578
813.3777997762644,48.81569730315363,151.46322631835938,223.4084014892578
817.1167417759319,50.48984177901315,148.2332305908203,218.64414978027344
794.4463793657802,50.74252073725853,145.07211303710938,213.9814910888672
770.9032534614996,59.127096944338604,141.97840881347656,209.41827392578125
750.5167760615388,68.6601662135638,138.95068359375,204.95236206054688
730.5650500405138,75.39195887880135,135.98751831054688,200.58169555664062
714.8526637142504,80.7089095010152,133.08753967285156,196.30422973632812
699.4753482819741,84.66829864789574,130.24940490722656,192.11798095703125
686.8612469111811,84.89031735098567,127.47179412841797,188.02101135253906
673.3244669955877,83.91592264106035,124.75341796875,184.01141357421875
664.74142225159,89.9598999901944,122.09300994873047,180.08731079101562
656.3414106196254,84.46105327634368,119.48934173583984,176.24688720703125
648.1205342182731,76.84535952269641,116.94119262695312,172.48837280273438
642.2614315389405,74.85822905259758,114.4473876953125,168.8100128173828
640.8069503936389,73.98339878620217,112.00675964355469,165.2100830078125
640.4305879396753,72.08011647581455,109.61817932128906,161.6869354248047
640.0622493921743,77.39083269968748,107.2805404663086,158.23890686035156
638.6988475574389,76.57078489937592,104.99275207519531,154.86441040039062
637.3645195767455,80.67588009198343,102.75375366210938,151.56187438964844
635.8695867086013,76.19108148755112,102.75375366210938,151.56187438964844
636.3678976646494,74.69614861940701,102.75375366210938,151.56187438964844
634.8729647965052,79.18094722383933,102.75375366210938,151.56187438964844
635.4882919108871,83.1984965274182,100.5625,148.32977294921875
635.0006075860705,89.53839275003463,100.5625,148.32977294921875
632.5621859619872,97.82902627191766,100.5625,148.32977294921875
634.0252389364372,110.99650304196717,100.5625,148.32977294921875
629.6360800130874,133.91766630834965,100.5625,148.32977294921875
627.1976583890041,152.93735497619895,100.5625,148.32977294921875
624.7592367649208,166.10483174624846,100.5625,148.32977294921875
620.3700778415711,187.07525771336435,100.5625,148.32977294921875
619.8823935167544,184.63683608928113,100.5625,148.32977294921875
614.5178659437713,194.87820691043078,100.5625,148.32977294921875
608.5392700458815,173.42699380878577,98.41797637939453,145.16659545898438
601.768104377786,180.9552829053182,96.31918334960938,142.0708770751953
114.44620083353277,-0.3105600946902314,96.31918334960938,142.0708770751953
-10.271122001128788,50.604002410845766,96.31918334960938,142.0708770751953
-13.540864547355866,45.465835552488926,96.31918334960938,142.0708770751953
-17.74481924964783,59.0119118154297,96.31918334960938,142.0708770751953
664.2743535516169,346.51406049693423,96.31918334960938,142.0708770751953
557.0764811123448,215.54818278253538,98.45024871826172,145.2141876220703
546.0953427121399,195.97310998217017,98.45024871826172,145.2141876220703
532.2495595118816,199.31519558223255,98.45024871826172,145.2141876220703
521.2684211116766,193.10846518211673,98.45024871826172,145.2141876220703
509.3324011114539,198.36031398221473,98.45024871826172,145.2141876220703
498.3512627112491,204.56704438233055,98.45024871826172,145.2141876220703
490.23476911109765,220.3225907826245,98.45024871826172,145.2141876220703
485.93780191101746,209.34145238241962,98.45024871826172,145.2141876220703
481.381280587525,232.00691899916154,100.62846374511719,148.4270477294922
475.71134043680877,231.88385659944908,102.85486602783203,151.71099853515625
479.2029493277952,197.4665689597257,102.85486602783203,151.71099853515625
504.641814104982,161.05407623943861,102.85486602783203,151.71099853515625
486.186167109768,169.53369783183425,102.85486602783203,151.71099853515625
41.722709602295566,110.8830468632033,102.85486602783203,151.71099853515625
287.71025095991695,3.36242555422092,102.85486602783203,151.71099853515625
632.0959277441688,498.61819481250905,102.85486602783203,151.71099853515625
742.3279481798398,628.6020388348591,100.66145324707031,148.47572326660156
213.52756978640952,89.07804579756339,100.66145324707031,148.47572326660156
321.648126156964,55.61819717215565,100.66145324707031,148.47572326660156
112.88635218160195,41.242116854862246,100.66145324707031,148.47572326660156
223.6996216803385,76.87810220027092,100.66145324707031,148.47572326660156
370.8224673277551,49.58002054623145,100.66145324707031,148.47572326660156
375.21594497307944,0.2754380820358904,100.66145324707031,148.47572326660156
633.4226418059156,-56.922742646823735,100.66145324707031,148.47572326660156
658.1390617767569,8.795303068748694,102.88858795166016,151.7607421875
671.6111117914384,16.279775299127294,102.88858795166016,151.7607421875
58.80051494024573,47.9547450485089,102.88858795166016,151.7607421875
56.53107031456955,-18.238205154111085,100.6944580078125,148.52439880371094
66.76821127723012,31.871491014266496,100.6944580078125,148.52439880371094
647.5908152804851,492.38152066717737,100.6944580078125,148.52439880371094
593.3868245982558,604.2077717142992,100.6944580078125,148.52439880371094
615.0715290077853,572.6731730025502,102.92232513427734,151.8105010986328
614.0991701021208,371.8531065503329,102.92232513427734,151.8105010986328
635.4130176458971,397.38079659142113,102.92232513427734,151.8105010986328
596.0265779035136,610.4108550548322,102.92232513427734,151.8105010986328
485.44675304738746,643.3608625729696,102.92232513427734,151.8105010986328
614.9945733151637,605.0492951865724,100.72747802734375,148.57308959960938
605.5355261138974,8.919274311458793,100.72747802734375,148.57308959960938
618.7246035754044,-15.993427560276757,100.72747802734375,148.57308959960938
607.9810598581556,-4.96695755557019,102.95606994628906,151.8602752685547
598.0358456841979,5.267444856757606,105.23397064208984,155.22018432617188
609.1777162549738,-69.84047962415025,105.23397064208984,155.22018432617188
595.8356039284777,18.982896181515073,107.56227111816406,158.65443420410156
590.0976722575996,26.807348459985164,107.56227111816406,158.65443420410156
582.954661075089,22.34628035267832,109.94208526611328,162.16465759277344
573.8907503519403,30.34384863780957,109.94208526611328,162.16465759277344
550.964387934564,54.336553493203326,109.94208526611328,162.16465759277344
543.6633352831246,54.20210359986805,112.37455749511719,165.75254821777344
536.2007471912939,50.672250792308205,114.86084747314453,169.41983032226562
533.4156219858319,62.369776655248444,114.86084747314453,169.41983032226562
530.411232589133,69.16427231428005,117.40214538574219,173.16824340820312
248.52282239382293,202.06400985976666,117.40214538574219,173.16824340820312
654.5499211321294,122.60371514925336,117.40214538574219,173.16824340820312
573.1329826540311,116.34087372786118,117.40214538574219,173.16824340820312
553.2057599496015,124.8811120297596,117.40214538574219,173.16824340820312
544.6655216477031,130.00525501089865,117.40214538574219,173.16824340820312
548.6509661885891,137.40679487254394,117.40214538574219,173.16824340820312
553.7751091697281,145.94703317444237,117.40214538574219,173.16824340820312
547.512267748336,154.4872714763408,117.40214538574219,173.16824340820312
551.4977122892219,158.47271601722673,117.40214538574219,173.16824340820312
554.3444583898547,164.7355574386189,117.40214538574219,173.16824340820312
554.9138076099813,168.72100197950485,117.40214538574219,173.16824340820312
558.8992521508673,168.1516527593783,117.40214538574219,173.16824340820312
562.8846966917532,169.85970041975798,117.40214538574219,173.16824340820312
566.8701412326392,170.4290496398845,117.40214538574219,173.16824340820312
568.5781888930188,172.1370973002642,117.40214538574219,173.16824340820312
571.4249349936516,173.8451449606439,117.40214538574219,173.16824340820312
574.2716810942844,173.2757957405173,117.40214538574219,173.16824340820312
580.5345225156766,174.983843400897,117.40214538574219,173.16824340820312
589.074760817575,169.85970041975796,117.40214538574219,173.16824340820312
597.6149991194734,163.59685899836578,117.40214538574219,173.16824340820312
605.0165389811187,153.91792225621424,117.40214538574219,173.16824340820312
606.7245866414984,154.4872714763408,117.40214538574219,173.16824340820312
605.0165389811187,151.640525375708,117.40214538574219,173.16824340820312
602.1697928804859,146.51638239456895,117.40214538574219,173.16824340820312
597.0456498993469,136.83744565241741,117.40214538574219,173.16824340820312
590.430592095966,121.33567758490125,119.99966430664062,176.9995880126953
591.0125381675878,113.77037865381706,119.99966430664062,176.9995880126953
586.9389156662347,106.20507972273288,119.99966430664062,176.9995880126953
580.5375088783942,99.8036729348924,119.99966430664062,176.9995880126953
579.9555628067724,93.40226614705193,119.99966430664062,176.9995880126953
584.0291853081254,68.37858506731189,119.99966430664062,176.9995880126953
588.1028078094785,44.51879613081559,119.99966430664062,176.9995880126953
587.5208617378566,21.822899337563,119.99966430664062,176.9995880126953
588.1028078094785,1.4547868307978575,119.99966430664062,176.9995880126953
592.1764303108315,-8.438296386773786,119.99966430664062,176.9995880126953
531.2024690175252,-68.61620957894365,119.99966430664062,176.9995880126953
656.3792555423192,-6.295519504911539,119.99966430664062,176.9995880126953
656.3792555423192,-6.295519504911539,119.99966430664062,176.9995880126953
656.3792555423192,-6.295519504911539,119.99966430664062,176.9995880126953
656.3792555423192,-6.295519504911539,119.99966430664062,176.9995880126953
650.9827399037529,140.17540221913757,119.99966430664062,176.9995880126953
650.9827399037529,140.17540221913757,119.99966430664062,176.9995880126953
643.4174409726687,80.23495684208586,119.99966430664062,176.9995880126953
652.1466320469966,88.9641479164138,119.99966430664062,176.9995880126953
657.3841466915934,81.39884898532961,119.99966430664062,176.9995880126953
661.4577691929464,73.83355005424542,119.99966430664062,176.9995880126953
651.07373787838,44.70588161713806,122.65465545654297,180.91571044921875
649.2892729930105,34.59391393337765,122.65465545654297,180.91571044921875
659.401240676771,30.430162534182188,122.65465545654297,180.91571044921875
667.1339218467053,38.162843704116625,122.65465545654297,180.91571044921875
676.0562462735528,42.32659510331209,122.65465545654297,180.91571044921875
683.7889274434872,45.300703245594576,122.65465545654297,180.91571044921875
691.5216086134216,48.274811387877065,122.65465545654297,180.91571044921875
700.443933040269,51.248919530159554,122.65465545654297,180.91571044921875
710.5559007240295,56.60231418626802,122.65465545654297,180.91571044921875
718.2885818939639,61.95570884237648,122.65465545654297,180.91571044921875
726.0212630638982,70.87803326922392,122.65465545654297,180.91571044921875
733.7539442338326,79.80035769607133,122.65465545654297,180.91571044921875
737.9176956330281,88.72268212291874,122.65465545654297,180.91571044921875
742.0814470322235,102.40357957741813,122.65465545654297,180.91571044921875
745.055555174506,119.65340680265649,122.65465545654297,180.91571044921875
746.8400200598755,132.14466100024288,122.65465545654297,180.91571044921875
748.6244849452451,144.63591519782926,122.65465545654297,180.91571044921875
751.5985930875275,154.74788288158967,122.65465545654297,180.91571044921875
754.57270122981,162.4805640515241,122.65465545654297,180.91571044921875
757.5468093720925,170.21324522145852,122.65465545654297,180.91571044921875
753.3830579728971,174.37699662065398,122.65465545654297,180.91571044921875
745.6503768029627,174.97181824911047,122.65465545654297,180.91571044921875
730.7798360915504,166.04949382226306,122.65465545654297,180.91571044921875
717.098938637051,160.6960991661546,122.65465545654297,180.91571044921875
709.3662574671166,156.53234776695913,122.65465545654297,180.91571044921875
702.8232195540952,147.6100233401117,122.65465545654297,180.91571044921875
692.0912796532366,137.49929925956556,120.03900909423828,177.05763244628906
680.4660105026511,124.23761434133621,117.47914123535156,173.28182983398438
667.9903940370308,112.35699909641903,114.97386169433594,169.5865478515625
656.8556622086618,99.65490509444479,112.52201080322266,165.97006225585938
638.8481327076224,87.10420271493248,112.52201080322266,165.97006225585938
627.3887957524155,71.27940406250394,112.52201080322266,165.97006225585938
615.9294587972086,57.63733625868622,112.52201080322266,165.97006225585938
605.561487266307,43.995268454868494,112.52201080322266,165.97006225585938
595.1935157354055,31.444566075356192,112.52201080322266,165.97006225585938
587.7211379182166,22.248626183673096,115.01155853271484,169.64215087890625
583.816846323103,14.997798935604962,115.01155853271484,169.64215087890625
576.1791406542086,21.801212577447956,117.55619049072266,173.39547729492188
566.4875036837595,31.492849547897023,117.55619049072266,173.39547729492188
565.9174073913802,56.006990120209394,117.55619049072266,173.39547729492188
560.786540759966,96.48382687914375,117.55619049072266,173.39547729492188
557.9360592980692,122.13816003621483,117.55619049072266,173.39547729492188
549.3846149123788,97.62401946390247,117.55619049072266,173.39547729492188
539.6929779419297,71.96968630683139,117.55619049072266,173.39547729492188
537.9826890647917,49.73593090403645,117.55619049072266,173.39547729492188
532.8518224333775,51.446219781174534,117.55619049072266,173.39547729492188
544.823844573344,41.754582810725466,117.55619049072266,173.39547729492188
535.8342061997505,35.69606848487898,120.15711975097656,177.2318572998047
527.0935611070267,46.76755226899573,120.15711975097656,177.2318572998047
516.02207732291,76.4857455842565,120.15711975097656,177.2318572998047
508.44685157588276,107.36935824521379,120.15711975097656,177.2318572998047
505.5333032116415,128.92961614059905,120.15711975097656,177.2318572998047
507.2814322301863,141.16651927041232,120.15711975097656,177.2318572998047
510.19498059442753,152.2380030545291,120.15711975097656,177.2318572998047
511.9431096129723,159.81322880155633,120.15711975097656,177.2318572998047
514.8457997204312,151.20242996535146,122.81559753417969,181.15310668945312
520.2062188396714,143.4596023486712,122.81559753417969,181.15310668945312
523.1731328750137,130.9506644481425,125.53289031982422,185.16111755371094
531.087270552713,109.6433707004906,125.53289031982422,185.16111755371094
532.8566096687503,94.33123286943277,128.310302734375,189.2578125
540.9458476425687,73.79701339743227,128.310302734375,189.2578125
545.3366647857824,63.31076292293554,131.149169921875,193.4451446533203
539.2667599661825,56.55171015411685,134.05084228515625,197.72511291503906
534.4114867698014,63.13244255943425,137.0167236328125,202.0997772216797
532.206350623566,79.51022220652024,140.0482177734375,206.57122802734375
528.8104864827096,108.71465381788448,140.0482177734375,206.57122802734375
538.9980789052786,135.20239411656368,140.0482177734375,206.57122802734375
541.0355973897924,150.82336916450268,140.0482177734375,206.57122802734375
552.5815354687039,158.29427027438658,140.0482177734375,206.57122802734375
551.9023626405326,167.12351704061297,140.0482177734375,206.57122802734375
555.298226781389,166.4443442124417,140.0482177734375,206.57122802734375
557.3357452659028,157.61509744621532,140.0482177734375,206.57122802734375
559.3732637504166,144.71081371096136,140.0482177734375,206.57122802734375
553.2607082968752,135.88156694473497,140.0482177734375,206.57122802734375
555.2982267813891,127.05232017850858,140.0482177734375,206.57122802734375
560.052436578588,133.16487563204993,140.0482177734375,206.57122802734375
564.8066463757868,143.35246805461884,140.0482177734375,206.57122802734375
573.6358931420133,158.97344310255784,140.0482177734375,206.57122802734375
583.8234855645823,184.1028377448945,140.0482177734375,206.57122802734375
592.6527323308087,210.59057804357366,140.0482177734375,206.57122802734375
597.4069421280076,224.85320743517013,140.0482177734375,206.57122802734375
598.0861149561789,235.04079985773905,140.0482177734375,206.57122802734375
598.7652877843502,227.56989874785518,140.0482177734375,206.57122802734375
602.1611519252066,233.68245420139652,140.0482177734375,206.57122802734375
604.1986704097204,227.56989874785518,140.0482177734375,206.57122802734375
607.5945345505768,224.17403460699887,140.0482177734375,206.57122802734375
610.9903986914331,218.06147915345753,140.0482177734375,206.57122802734375
611.6695715196045,210.59057804357366,140.0482177734375,206.57122802734375
610.8249274401603,194.917189271275,143.14678955078125,211.14161682128906
604.5771316972093,178.9506001504003,143.14678955078125,211.14161682128906
608.048129332182,168.53760724548204,143.14678955078125,211.14161682128906
597.6351364272638,158.12461434056377,143.14678955078125,211.14161682128906
599.7177350082475,151.87681859761278,143.14678955078125,211.14161682128906
594.5330102036625,141.61851210125624,146.3139190673828,215.81312561035156
596.5952469779825,135.55024047586204,149.55111694335938,220.58799743652344
600.2215353658794,126.12189066732995,149.55111694335938,220.58799743652344
596.5952469779825,122.495602279433,149.55111694335938,220.58799743652344
585.7163818142916,69.55179181613747,149.55111694335938,220.58799743652344
593.6942162676648,112.34199479332153,149.55111694335938,220.58799743652344
591.5184432349266,115.96828318121848,149.55111694335938,220.58799743652344
589.3426702021884,109.44096408300396,149.55111694335938,220.58799743652344
591.5184432349266,115.96828318121848,149.55111694335938,220.58799743652344
592.243700912506,123.94611763459179,149.55111694335938,220.58799743652344
588.6174125246091,130.4734367328063,149.55111694335938,220.58799743652344
593.6942162676648,138.4512711861796,149.55111694335938,220.58799743652344
587.1668971694503,146.42910563955292,149.55111694335938,220.58799743652344
582.0900934263946,145.70384796197354,149.55111694335938,220.58799743652344
584.2658664591328,152.23116706018806,149.55111694335938,220.58799743652344
574.8375166506007,157.3079708032438,149.55111694335938,220.58799743652344
577.0132896833389,168.18683596693467,149.55111694335938,220.58799743652344
566.1344245196481,180.5162164857843,149.55111694335938,220.58799743652344
571.2112282627038,191.39508164947517,149.55111694335938,220.58799743652344
563.2333938093306,192.12033932705458,149.55111694335938,220.58799743652344
556.706074711116,194.29611235979274,149.55111694335938,220.58799743652344
550.1787556129015,193.57085468221334,149.55111694335938,220.58799743652344
553.8050440007984,204.4497198459042,149.55111694335938,220.58799743652344
539.3589003965739,198.24719143203532,152.8599395751953,225.468505859375
535.6523803780947,206.4015354726895,152.8599395751953,225.468505859375
539.3589003965739,213.073271505952,152.8599395751953,225.468505859375
541.5828124076613,218.26239953182284,152.8599395751953,225.468505859375
545.2893324261405,226.416743572477,152.8599395751953,225.468505859375
547.513244437228,234.57108761313117,152.8599395751953,225.468505859375
551.2197644557071,242.72543165378534,152.8599395751953,225.468505859375
554.9262844741863,244.94934366487286,152.8599395751953,225.468505859375
561.5980205074488,251.62107969813536,152.8599395751953,225.468505859375
568.2697565407113,256.8102077240062,152.8599395751953,225.468505859375
573.4588845665821,254.58629571291868,152.8599395751953,225.468505859375
580.1306205998446,256.8102077240062,152.8599395751953,225.468505859375
580.8719246035405,248.65586368335204,152.8599395751953,225.468505859375
586.0610526294113,243.4667356574812,152.8599395751953,225.468505859375
586.8023566331071,241.24282364639367,152.8599395751953,225.468505859375
589.0262686441946,236.05369562052283,152.8599395751953,225.468505859375
583.8371406183238,230.864567594652,152.8599395751953,225.468505859375
584.5784446220197,237.5363036279145,152.8599395751953,225.468505859375
576.4241005813655,236.79499962421863,152.8599395751953,225.468505859375
568.2697565407112,228.64065558356447,152.8599395751953,225.468505859375
564.563236522232,223.45152755769362,152.8599395751953,225.468505859375
556.4088924815778,221.2276155466061,152.8599395751953,225.468505859375
557.1501964852737,219.00370353551858,152.8599395751953,225.468505859375
548.9958524446195,215.2971835170394,152.8599395751953,225.468505859375
552.7023724630986,214.55587951334354,152.8599395751953,225.468505859375
546.0306364298361,212.33196750225602,152.8599395751953,225.468505859375
539.3589003965736,205.66023146899352,152.8599395751953,225.468505859375
529.7219483485278,197.50588742833935,152.8599395751953,225.468505859375
520.084996300482,189.35154338768518,152.8599395751953,225.468505859375
510.44804425243615,181.19719934703102,152.8599395751953,225.468505859375
502.2937002117819,176.00807132116017,152.8599395751953,225.468505859375
494.1393561711277,170.81894329528933,152.8599395751953,225.468505859375
484.5024041230819,164.14720726202682,152.8599395751953,225.468505859375
477.83066808981937,161.9232952509393,152.8599395751953,225.468505859375
478.5719720935152,164.14720726202682,152.8599395751953,225.468505859375
476.34806008242776,167.853727280506,152.8599395751953,225.468505859375
478.5719720935152,165.6298152694185,152.8599395751953,225.468505859375
482.2784921119944,172.301551302681,152.8599395751953,225.468505859375
491.91544416004024,168.5950312842018,152.8599395751953,225.468505859375
507.4828282376527,166.3711192731143,152.8599395751953,225.468505859375
536.3936843817903,161.18199124724345,152.8599395751953,225.468505859375
563.8219325185362,201.95371145051433,152.8599395751953,225.468505859375
577.906708588757,196.7645834246435,152.8599395751953,225.468505859375
594.9567006737612,190.09284739138099,152.8599395751953,225.468505859375
612.0066927587654,198.24719143203515,152.8599395751953,225.468505859375
621.6436448068113,197.5058874283393,152.8599395751953,225.468505859375
622.3849488105071,189.35154338768513,152.8599395751953,225.468505859375
612.7479967624613,182.67980735442262,152.8599395751953,225.468505859375
610.5240847513738,168.59503128420175,152.8599395751953,225.468505859375
608.3001727402864,153.02764720658922,152.8599395751953,225.468505859375
606.0762607291989,138.94287113636835,152.8599395751953,225.468505859375
600.8871327033281,130.7885270957142,152.8599395751953,225.468505859375
603.1110447144156,119.66896704027667,152.8599395751953,225.468505859375
594.9567006737614,105.5841909700558,152.8599395751953,225.468505859375
597.1806126848488,91.49941489983493,152.8599395751953,225.468505859375
594.72050025953,75.93041809812621,156.24195861816406,230.45700073242188
601.5398484525284,66.08024848601735,156.24195861816406,230.45700073242188
596.2359109690851,48.65302532613242,156.24195861816406,230.45700073242188
592.4473841951971,23.648748618471444,156.24195861816406,230.45700073242188
585.6280360021987,16.82940042547301,156.24195861816406,230.45700073242188
577.293277099645,16.071695070695398,156.24195861816406,230.45700073242188
571.9893396162017,18.34481113502821,156.24195861816406,230.45700073242188
577.2932770996449,20.61792719936102,156.24195861816406,230.45700073242188
581.081803873533,27.437275392359453,156.24195861816406,230.45700073242188
583.3549199378658,43.34908784268916,156.24195861816406,230.45700073242188
587.1434467117539,60.77631100257406,156.24195861816406,230.45700073242188
586.20114194507,74.73538557262316,159.6988067626953,235.5558624267578
579.2309156733015,90.99924687341641,159.6988067626953,235.5558624267578
566.0649327155165,97.96947314518493,159.6988067626953,235.5558624267578
555.4596283410704,89.73905281772309,163.23214721679688,240.7675323486328
546.7519763623653,82.61461028969168,163.23214721679688,240.7675323486328
535.9120318192245,70.91693106637501,166.84365844726562,246.09451293945312
524.8322507068935,67.35505038597489,170.5350799560547,251.5393524169922
512.4269396471707,64.87398817403033,170.5350799560547,251.5393524169922
495.9538181188542,59.51722469114958,174.30816650390625,257.10467529296875
479.8927652674232,51.90935755099807,174.30816650390625,257.10467529296875
456.0390311373859,44.68004444081092,178.16473388671875,262.7931213378906
437.03606508927567,46.255004378173396,182.10662841796875,268.607421875
432.2727420679762,47.86481520794334,186.1357421875,274.55035400390625
436.76930696406987,51.38329172513076,190.25399780273438,280.6247863769531
433.7073758410237,54.979613236356556,194.46336364746094,286.8336181640625
448.1893874855332,58.65550875309279,198.765869140625,293.1798095703125
308.2370374119271,-41.25243898838076,198.765869140625,293.1798095703125
286.06669958558416,5.980019859045427,198.765869140625,293.1798095703125
265.8242172224015,22.366791295907575,198.765869140625,293.1798095703125
250.2909342954809,30.1382942621305,194.52713012695312,286.92767333984375
238.0271024247424,46.17561286232703,194.52713012695312,286.92767333984375
225.7632705540039,45.23224117996253,194.52713012695312,286.92767333984375
205.95246522434934,53.72258632124306,194.52713012695312,286.92767333984375
169.16096961213378,64.09967482725258,194.52713012695312,286.92767333984375
146.45530443173828,69.73427461054987,198.83103942871094,293.27593994140625
125.24807919984411,83.49675478822329,203.2301788330078,299.7646789550781
104.55094803559967,112.07850734837035,203.2301788330078,299.7646789550781
375.32004597979665,60.70312914557155,207.72665405273438,306.39697265625
384.3864982046195,71.78434853146615,207.72665405273438,306.39697265625
373.9787806129346,89.61592870974744,203.29681396484375,299.86297607421875
376.9364830796911,96.51723446551253,203.29681396484375,299.86297607421875
364.119772390413,97.50313528776468,203.29681396484375,299.86297607421875
357.7350661778569,90.24753756741612,198.96144104003906,293.46832275390625
352.9106852265591,77.70414709404196,198.96144104003906,293.46832275390625
357.7350661778569,59.3714994791105,198.96144104003906,293.46832275390625
347.1214280850018,41.03885186417904,198.96144104003906,293.46832275390625
340.367294753185,32.35496615184309,198.96144104003906,293.46832275390625
337.47266618240633,25.600832820026227,198.96144104003906,293.46832275390625
338.43754237266586,16.916947107690277,198.96144104003906,293.46832275390625
335.5429138018872,8.233061395354326,198.96144104003906,293.46832275390625
340.367294753185,3.4086804440565857,198.96144104003906,293.46832275390625
339.40241856292545,0.5140518732779356,198.96144104003906,293.46832275390625
340.367294753185,7.268185205094795,198.96144104003906,293.46832275390625
341.5587535668844,18.76734592086288,194.71852111816406,287.21002197265625
336.8372539924998,25.37744532500122,194.71852111816406,287.21002197265625
341.5587535668844,30.098944899385742,194.71852111816406,287.21002197265625
334.94865416274604,31.043244814262636,194.71852111816406,287.21002197265625
343.4473533966382,37.653344218400974,194.71852111816406,287.21002197265625
342.7930652700481,39.80559933180322,190.5660858154297,281.0851745605469
349.26220231339937,35.18478715798085,190.5660858154297,281.0851745605469
346.48971500910596,39.80559933180322,190.5660858154297,281.0851745605469
351.1105271829283,42.57808663609663,190.5660858154297,281.0851745605469
344.641390139577,45.350573940390035,190.5660858154297,281.0851745605469
351.1105271829283,53.66803585327028,190.5660858154297,281.0851745605469
344.641390139577,60.13717289662159,190.5660858154297,281.0851745605469
352.95885205245725,64.75798507044397,190.5660858154297,281.0851745605469
348.3380398786349,65.68214750520843,190.5660858154297,281.0851745605469
356.6555017915151,70.3029596790308,190.5660858154297,281.0851745605469
363.1246388348664,67.5304723747374,190.5660858154297,281.0851745605469
371.4421007477466,68.45463480950187,190.5660858154297,281.0851745605469
372.3662631825111,76.77209672238212,190.5660858154297,281.0851745605469
380.6837250953913,77.69625915714659,190.5660858154297,281.0851745605469
383.4562123996847,87.86204593955577,190.5660858154297,281.0851745605469
391.77367431256494,86.9378835047913,190.5660858154297,281.0851745605469
394.54616161685834,97.10367028720049,190.5660858154297,281.0851745605469
404.71194839926756,96.17950785243602,190.5660858154297,281.0851745605469
411.18108544261884,102.64864489578733,190.5660858154297,281.0851745605469
417.65022248597006,98.02783272196496,190.5660858154297,281.0851745605469
422.27103465979246,106.3452946348452,190.5660858154297,281.0851745605469
428.7401717031438,103.5728073305518,190.5660858154297,281.0851745605469
431.51265900743726,113.73859411296098,190.5660858154297,281.0851745605469
436.13347118125967,122.05605602584126,190.5660858154297,281.0851745605469
440.83768474656836,138.41455671371284,186.50221252441406,275.0909423828125
445.3599567089731,135.70119353627,186.50221252441406,275.0909423828125
449.8822286713778,143.8412830685985,186.50221252441406,275.0909423828125
454.4045006337825,139.31901110619378,186.50221252441406,275.0909423828125
458.9267725961872,145.6501918535604,186.50221252441406,275.0909423828125
461.64013577363005,141.12791989115567,186.50221252441406,275.0909423828125
466.16240773603477,152.88582699340787,186.50221252441406,275.0909423828125
472.5098333993053,163.6648934436426,182.52499389648438,269.22454833984375
478.72189418683126,169.09506265541597,178.63259887695312,263.4832458496094
488.14139421558116,174.40943111389248,174.82321166992188,257.8643798828125
495.7256828190116,181.24481208132602,171.0950469970703,252.36534118652344
504.74772128177267,189.53391304851044,167.44639587402344,246.98358154296875
513.5773640662142,196.08086747492547,163.87554931640625,241.71658325195312
522.2187084398397,202.48820631557902,160.380859375,236.56190490722656
530.6757742368015,210.25823661018865,156.960693359375,231.51715087890625
540.4198459430231,214.92786017588583,153.61346435546875,226.57997131347656
548.6143864268072,217.1627348532815,153.61346435546875,226.57997131347656
546.3795117494116,217.90769307908005,153.61346435546875,226.57997131347656
541.5551477199527,215.29740823607216,150.33761596679688,221.7480926513672
540.8260759527044,208.73576233083662,150.33761596679688,221.7480926513672
543.1317925545374,204.77571000906636,147.13162231445312,217.0192413330078
535.2830275402065,199.78104136358309,147.13162231445312,217.0192413330078
537.4235998168422,189.07817998040468,147.13162231445312,217.0192413330078
532.428931171359,175.52122222837875,147.13162231445312,217.0192413330078
535.9965516324185,161.9642644763528,147.13162231445312,217.0192413330078
531.0018829869352,142.69911398663172,147.13162231445312,217.0192413330078
526.007214341452,130.56920441902955,147.13162231445312,217.0192413330078
531.0018829869352,122.72043940469874,147.13162231445312,217.0192413330078
524.5801661570282,110.59052983709657,147.13162231445312,217.0192413330078
529.5748348025114,95.60652390064683,147.13162231445312,217.0192413330078
523.1531179726044,83.47661433304467,147.13162231445312,217.0192413330078
529.5748348025114,69.9196565810187,147.13162231445312,217.0192413330078
523.5785695991807,61.91764860000316,143.99400329589844,212.3912353515625
528.4667254313807,54.236260863688784,143.99400329589844,212.3912353515625
531.9582653115236,47.95148907943158,143.99400329589844,212.3912353515625
532.6565732875522,44.4599491992887,143.99400329589844,212.3912353515625
533.3548812635808,40.96840931914582,143.99400329589844,212.3912353515625
538.2430370957808,43.063333247231554,143.99400329589844,212.3912353515625
544.527808880038,33.98532955886003,143.99400329589844,212.3912353515625
552.2091966163524,30.49378967871715,143.99400329589844,212.3912353515625
565.1867060185484,29.39310610210046,140.9232940673828,207.86192321777344
585.0057801136236,28.70968975399441,140.9232940673828,207.86192321777344
595.2570253352142,19.825277228615874,140.9232940673828,207.86192321777344
609.608768645441,20.50869357672191,140.9232940673828,207.86192321777344
619.674674708853,19.431482814276805,137.91806030273438,203.42919921875
648.4348931201314,26.788747989255,137.91806030273438,203.42919921875
655.7921582951096,19.431482814276805,137.91806030273438,203.42919921875
663.0647371157852,13.219906254670349,134.97691345214844,199.09100341796875
649.3185775829998,-1.835411328856523,134.97691345214844,199.09100341796875
636.8815761009558,4.055799899480078,134.97691345214844,199.09100341796875
624.4445746189119,11.256169178558153,134.97691345214844,199.09100341796875
609.3892570353851,17.147380406894754,134.97691345214844,199.09100341796875
596.3173165416619,24.94849717097648,132.09849548339844,194.84532165527344
604.6453756380623,29.432836684422895,132.09849548339844,194.84532165527344
607.848475290524,37.760895780823375,132.09849548339844,194.84532165527344
608.4890952210163,44.80771501623917,132.09849548339844,194.84532165527344
609.1297151515087,53.135774112639666,132.09849548339844,194.84532165527344
612.3328148039703,56.3388737651014,132.09849548339844,194.84532165527344
612.9734347344627,50.5732943906703,132.09849548339844,194.84532165527344
614.9994232872787,39.684097586711204,129.2814483642578,190.690185546875
616.9822034721634,31.444306520086386,126.52448272705078,186.6236572265625
615.3742375189979,24.563054687201344,123.82630920410156,182.6438446044922
616.1157552987308,18.986137721922375,121.18567657470703,178.74891662597656
613.1772674865337,10.170674285330705,121.18567657470703,178.74891662597656
616.1157552987308,4.8813962233757024,121.18567657470703,178.74891662597656
619.054243110928,3.1183035360573683,121.18567657470703,178.74891662597656
617.2911504236097,9.58297672289126,121.18567657470703,178.74891662597656
604.9495016123814,-0.40788183857929994,121.18567657470703,178.74891662597656
578.5031113026064,-20.97729652395985,121.18567657470703,178.74891662597656
590.8447601138347,-34.49434046006707,121.18567657470703,178.74891662597656
597.3094333006686,-43.309803896658735,121.18567657470703,178.74891662597656
587.3185747391981,-53.300662458129295,121.18567657470703,178.74891662597656
578.5031113026064,-62.116125894720966,121.18567657470703,178.74891662597656
620.2775664414776,710.4462364354096,121.18567657470703,178.74891662597656
728.079731872468,545.6692560573599,123.86691284179688,182.7037353515625
729.9794713720593,551.6702790815983,121.22541046142578,178.80752563476562
729.9794713720593,551.6702790815983,121.22541046142578,178.80752563476562
788.180606583678,578.1253405414251,121.22541046142578,178.80752563476562
788.180606583678,578.1253405414251,121.22541046142578,178.80752563476562
621.278317217859,395.36314313943853,121.22541046142578,178.80752563476562
655.8627519122272,650.082786446379,121.22541046142578,178.80752563476562
628.4988959065294,-36.43462776283249,121.22541046142578,178.80752563476562
530.629267742233,-50.96066002774988,118.64024353027344,174.99440002441406
536.9581542392073,-27.371173993572995,118.64024353027344,174.99440002441406
543.2870407361816,-24.49440740403923,118.64024353027344,174.99440002441406
501.6548730849653,-5.0451616547714195,118.64024353027344,174.99440002441406
21.532041250450902,24.238252857886522,118.64024353027344,174.99440002441406
8.298914938595573,-38.4752587939496,118.64024353027344,174.99440002441406
5.422148349061814,-32.146372296975315,118.64024353027344,174.99440002441406
8.298914938595573,-23.51607252837401,118.64024353027344,174.99440002441406
13.445835305679523,-0.02242758750983853,116.1102066040039,171.26258850097656
21.892091332227523,15.180833260276557,116.1102066040039,171.26258850097656
30.338347358775522,31.51026157826935,116.1102066040039,171.26258850097656
41.036938325736315,48.965857366468526,116.1102066040039,171.26258850097656
47.230859411871506,66.42145315466772,116.1102066040039,171.26258850097656
47.79394314697471,85.00321641307332,116.1102066040039,171.26258850097656
48.35702688207792,103.58497967147892,116.1102066040039,171.26258850097656
48.92011061718112,118.78824051926532,116.1102066040039,171.26258850097656
49.48319435228433,131.73916642663892,116.1102066040039,171.26258850097656
47.793943146974726,141.3115899233933,116.1102066040039,171.26258850097656
46.10469194166512,155.3886833009733,116.1102066040039,171.26258850097656
44.41544073635552,167.2134417381405,116.1102066040039,171.26258850097656
43.852357001252315,175.65969776468847,116.1102066040039,171.26258850097656
42.16310579594271,186.35828873164928,116.1102066040039,171.26258850097656
36.78924056526354,195.56348457471483,118.67914581298828,175.05177307128906
35.062614677036464,211.10311756875848,118.67914581298828,175.05177307128906
32.184904863324675,219.73624700989387,118.67914581298828,175.05177307128906
29.567164440079225,244.3470720122707,116.14827728271484,171.31874084472656
29.00389608304836,255.0491707958571,116.14827728271484,171.31874084472656
28.440627726017496,265.7512695794435,116.14827728271484,171.31874084472656
24.233783902728476,278.46583232381823,118.71805572509766,175.10916137695312
22.32314317328256,284.2938583093007,121.34469604492188,178.9834442138672
17.02692477886073,276.6437650729136,121.34469604492188,178.9834442138672
370.6689728609302,228.01482213605323,121.34469604492188,178.9834442138672
206.3134074869705,209.5503390264817,124.02944946289062,182.94345092773438
194.8851244534627,171.65655844169282,124.02944946289062,182.94345092773438
195.48661303417367,124.13896056552898,124.02944946289062,182.94345092773438
184.0583300006659,83.83922565789635,124.02944946289062,182.94345092773438
173.83302412858,56.77223952590427,124.02944946289062,182.94345092773438
161.82130251050341,39.59121525464093,121.38448333740234,179.04212951660156
135.33152801048274,31.938613732412747,121.38448333740234,179.04212951660156
108.84175351046207,25.463335521296585,121.38448333740234,179.04212951660156
82.3519790104414,22.52002724351651,121.38448333740234,179.04212951660156
35.20392853831905,16.264220114572197,124.07011413574219,183.00343322753906
-10.490275574153507,9.870001933014748,126.8151626586914,187.05238342285156
-36.77752515952939,7.162674138689454,129.62094116210938,191.19091796875
14.139473821996503,-27.410596774692323,129.62094116210938,191.19091796875
-1.575649320449756,-28.03920170039018,129.62094116210938,191.19091796875
59.64646990286373,-13.58139902179758,129.62094116210938,191.19091796875
183.48164026534027,154.25611613952853,129.62094116210938,191.19091796875
120.034126798232,165.38298486184965,126.85673522949219,187.11370849609375
6.222175579307503,177.07177985190134,126.85673522949219,187.11370849609375
-22.62677348728019,166.70432711924292,129.66343688964844,191.25360107421875
-29.932698950250064,158.71705857765977,132.53224182128906,195.48509216308594
-16.061850786252116,11.853350449872096,135.4645233154297,199.81019592285156
-22.331477938826055,19.86663382752775,138.461669921875,204.2310028076172
-31.060699887877526,68.88457246450912,138.461669921875,204.2310028076172
-3.530076817792107,198.47994447735022,138.461669921875,204.2310028076172
180.94616138893872,93.81175488489032,141.52513122558594,208.74961853027344
359.0831128799615,46.42299354488546,138.50706481933594,204.2979736328125
451.1058448530913,45.75129477135897,138.50706481933594,204.2979736328125
544.4719743732741,58.513571468362386,138.50706481933594,204.2979736328125
616.343743140609,77.99283590063075,138.50706481933594,204.2979736328125
672.0947413433081,89.41171505058117,138.50706481933594,204.2979736328125
719.7853542636892,102.17399174758458,138.50706481933594,204.2979736328125
747.3250039782755,114.936268444588,138.50706481933594,204.2979736328125
762.7740757693849,142.47591815917428,138.50706481933594,204.2979736328125
767.4759671840704,136.43062919743582,138.50706481933594,204.2979736328125
757.400485581173,147.84950834738623,138.50706481933594,204.2979736328125
736.5778236018517,143.14761693270077,138.50706481933594,204.2979736328125
713.0683665284243,133.07213532980336,138.50706481933594,204.2979736328125
698.9626922843679,121.65325617985295,138.50706481933594,204.2979736328125
686.2004155873645,111.5777745769555,138.50706481933594,204.2979736328125
674.7815364374142,100.15889542700509,138.50706481933594,204.2979736328125
666.5470812853486,91.3311068340912,135.55335998535156,199.94125366210938
656.6864623624165,82.78523710088345,135.55335998535156,199.94125366210938
649.455341818933,76.86886574712423,135.55335998535156,199.94125366210938
643.5389704651737,72.26724358308928,135.55335998535156,199.94125366210938
637.6225991114145,68.9803706087786,135.55335998535156,199.94125366210938
634.3357261371038,67.00824682419218,135.55335998535156,199.94125366210938
641.5668466805873,72.9246181779514,135.55335998535156,199.94125366210938
642.2242212754495,67.00824682419218,135.55335998535156,199.94125366210938
640.2520974908631,62.406624660157235,135.55335998535156,199.94125366210938
639.5947228960009,61.74925006529509,135.55335998535156,199.94125366210938
646.8258434394844,53.203380332087335,135.55335998535156,199.94125366210938
643.8359032444926,48.36553019343114,132.6626434326172,195.6774444580078
647.1107449364638,56.03288974200103,129.8335723876953,191.5045623779297
645.4607228660943,63.536739893470696,127.06483459472656,187.42066955566406
652.2390212676265,70.31503829500289,127.06483459472656,187.42066955566406
654.1878045550748,68.15588179043388,124.35514068603516,183.4238739013672
662.0276899099861,63.93440506086628,124.35514068603516,183.4238739013672
666.2831593170639,18.733138121414356,127.10649871826172,187.4821319580078
679.2277900236918,-6.539712305811506,127.10649871826172,187.4821319580078
687.2411328420804,-18.251521040379586,127.10649871826172,187.4821319580078
690.32318777223,-23.799219914648674,127.10649871826172,187.4821319580078
690.9395987582599,-19.484343012439382,127.10649871826172,187.4821319580078
695.2544756604692,-16.402288082289886,127.10649871826172,187.4821319580078
688.0926215928193,-12.720570885977892,129.91873168945312,191.6301727294922
688.7226706719151,-7.050129174115597,129.91873168945312,191.6301727294922
685.5724252764361,-12.720570885977892,129.91873168945312,191.6301727294922
689.9940831749459,-10.070005480592343,127.14817810058594,187.54359436035156
683.2113391551329,-3.287261460779334,127.14817810058594,187.54359436035156
687.5276308041049,-16.23613640769507,127.14817810058594,187.54359436035156
687.5276308041049,-16.23613640769507,127.14817810058594,187.54359436035156
527.7415576548822,59.963658886408126,127.14817810058594,187.54359436035156
395.64266103156143,-35.22708528596522,127.14817810058594,187.54359436035156
530.2733599792505,183.81280602620694,127.14817810058594,187.54359436035156
125.43469546778675,78.21971027109117,127.14817810058594,187.54359436035156
99.07841014003247,75.5052747855488,129.96133422851562,191.6929931640625
504.3512762241297,26.295882424545624,129.96133422851562,191.6929931640625
246.79741486794904,-67.1522008703192,129.96133422851562,191.6929931640625
246.79741486794904,-67.1522008703192,129.96133422851562,191.6929931640625
499.9098369797075,116.55313639974938,129.96133422851562,191.6929931640625
157.96364222042195,86.76737241691487,129.96133422851562,191.6929931640625
214.3988579843613,124.63977464443519,129.96133422851562,191.6929931640625
512.3267704615818,101.22200016740112,129.96133422851562,191.6929931640625
646.1029692132784,165.35316589962565,129.96133422851562,191.6929931640625
646.1029692132784,165.35316589962565,129.96133422851562,191.6929931640625
713.7035111905441,42.86467569527434,127.18987274169922,187.60508728027344
705.6849127370073,54.58416574275125,127.18987274169922,187.60508728027344
694.6786855228912,48.02916645795085,130.0039520263672,191.75584411621094
683.9608263649326,42.35500572726684,130.0039520263672,191.75584411621094
691.0260152954472,5.5661600748937445,132.8802947998047,195.99844360351562
720.0245229796992,-26.009992736847266,132.8802947998047,195.99844360351562
769.6441916838637,-39.54262965616484,132.8802947998047,195.99844360351562
769.6441916838637,-39.54262965616484,132.8802947998047,195.99844360351562
769.6441916838637,-39.54262965616484,132.8802947998047,195.99844360351562
-54.95955258768663,249.49653554688933,132.8802947998047,195.99844360351562
46.66985054919013,-93.81057140653371,132.8802947998047,195.99844360351562
46.66985054919013,-93.81057140653371,132.8802947998047,195.99844360351562
46.66985054919013,-93.81057140653371,132.8802947998047,195.99844360351562
123.20532688105556,616.0758106290052,132.8802947998047,195.99844360351562
66.14032065879033,697.2098299120321,132.8802947998047,195.99844360351562
235.39544488337106,505.76197668055056,132.8802947998047,195.99844360351562
50.97023944932914,586.6252839353359,132.8802947998047,195.99844360351562
105.3858933951773,469.0782064533578,132.8802947998047,195.99844360351562
68.63413813512145,24.5996304673599,132.8802947998047,195.99844360351562
-51.17392460161078,110.01494303601561,135.8202667236328,200.3349151611328
-20.558093339063156,78.41387577859797,138.82528686523438,204.76731872558594
-38.15908024807108,92.21387544395355,141.89678955078125,209.29779052734375
-53.98624063663726,98.40711211774033,141.89678955078125,209.29779052734375
90.1626533524705,6.266129574770588,141.89678955078125,209.29779052734375
90.1626533524705,6.266129574770588,141.89678955078125,209.29779052734375
-92.19375982013992,52.3713359240721,141.89678955078125,209.29779052734375
616.1103768927806,-59.75267455289929,141.89678955078125,209.29779052734375
805.1633080153601,18.607481447221176,145.0362548828125,213.92849731445312
776.3254476328083,16.497394102156406,145.0362548828125,213.92849731445312
751.707761940386,14.387306757091636,145.0362548828125,213.92849731445312
734.1237007315129,13.683944308736713,145.0362548828125,213.92849731445312
717.9463644193497,15.794031653801483,145.0362548828125,213.92849731445312
701.7690281071865,9.463769618607188,145.0362548828125,213.92849731445312
691.2185913818627,3.133507583412893,145.0362548828125,213.92849731445312
686.2950542433782,-4.603479348491248,145.0362548828125,213.92849731445312
677.1513424147643,-17.967365867234776,145.0362548828125,213.92849731445312
669.4143554828601,-31.331252385978303,145.0362548828125,213.92849731445312
662.1476099045991,-41.93106285552802,141.9433135986328,209.3664093017578
633.8043888399696,-58.9396546507263,138.9163360595703,204.901611328125
607.364265722403,-61.3001974308457,135.9539031982422,200.5320281982422
607.364265722403,-61.3001974308457,135.9539031982422,200.5320281982422
407.939860969811,20.612295180203148,135.9539031982422,200.5320281982422
407.939860969811,20.612295180203148,135.9539031982422,200.5320281982422
407.939860969811,20.612295180203148,135.9539031982422,200.5320281982422
329.91896148189295,34.206512539917384,135.9539031982422,200.5320281982422
329.91896148189295,34.206512539917384,135.9539031982422,200.5320281982422
329.91896148189295,34.206512539917384,135.9539031982422,200.5320281982422
329.91896148189295,34.206512539917384,135.9539031982422,200.5320281982422
329.91896148189295,34.206512539917384,135.9539031982422,200.5320281982422
609.7541013744241,15.872571118233083,135.9539031982422,200.5320281982422
609.7541013744241,15.872571118233083,135.9539031982422,200.5320281982422
538.1228138369124,-57.61208565812156,133.0546417236328,196.255615234375
531.4563842341535,-52.40980851598468,130.2172088623047,192.07040405273438
531.0188321795018,-40.014413899732915,127.4402847290039,187.9744415283203
530.4008024833628,-24.56367149625767,127.4402847290039,187.9744415283203
526.0745946103897,-0.4605133468362794,127.4402847290039,187.9744415283203
525.4565649142506,26.114763587141155,127.4402847290039,187.9744415283203
521.1303570412775,50.217921736562545,127.4402847290039,187.9744415283203
515.5680897760265,66.90472353231581,127.4402847290039,187.9744415283203
508.7697631184974,81.11940654351304,127.4402847290039,187.9744415283203
501.5891017182505,89.94043753572734,130.25990295410156,192.1333770751953
493.3769548770914,94.36236275788994,130.25990295410156,192.1333770751953
484.72663561386867,88.95992729400493,133.14190673828125,196.3843231201172
476.3327950238489,89.60560733939107,133.14190673828125,196.3843231201172
469.23031452460145,85.08584702168812,133.14190673828125,196.3843231201172
460.8364739345817,79.27472661321292,133.14190673828125,196.3843231201172
453.73399343533424,68.29816584164863,133.14190673828125,196.3843231201172
438.1933543146479,62.77619999585647,136.08767700195312,200.7293243408203
430.9337314343545,50.23685138444071,136.08767700195312,200.7293243408203
426.31397141962236,44.29715993692798,136.08767700195312,200.7293243408203
420.3742799721096,46.27705708609889,136.08767700195312,200.7293243408203
417.07445139015806,52.21674853361162,136.08767700195312,200.7293243408203
416.41448567376773,59.47637141390496,136.08767700195312,200.7293243408203
422.3541771212805,69.3758571597595,136.08767700195312,200.7293243408203
423.0141428376708,81.91520577117527,136.08767700195312,200.7293243408203
430.2737657179642,95.77448581537163,136.08767700195312,200.7293243408203
436.21345716547694,112.27362872512921,136.08767700195312,200.7293243408203
440.8332171802091,131.412634500448,136.08767700195312,200.7293243408203
446.7729086277218,149.2317088429862,136.08767700195312,200.7293243408203
450.0727372096733,167.05078318552438,136.08767700195312,200.7293243408203
454.69249722440543,182.22999466250138,136.08767700195312,200.7293243408203
461.9521201046988,196.08927470669778,136.08767700195312,200.7293243408203
467.8918115522115,209.94855475089417,136.08767700195312,200.7293243408203
473.8315029997242,222.48790336230996,136.08767700195312,200.7293243408203
481.09112588001756,235.02725197372575,136.08767700195312,200.7293243408203
487.03081732753026,246.24666915236094,136.08767700195312,200.7293243408203
492.97050877504296,254.8262234654349,136.08767700195312,200.7293243408203
500.2301316553363,262.08584634572827,136.08767700195312,200.7293243408203
506.169823102849,269.34546922602163,136.08767700195312,200.7293243408203
512.1095145503617,276.605092106315,136.08767700195312,200.7293243408203
516.7292745650939,282.54478355382776,136.08767700195312,200.7293243408203
522.6689660126066,284.5246807029987,136.08767700195312,200.7293243408203
528.6086574601193,285.184646419389,136.08767700195312,200.7293243408203
533.2284174748514,288.48447500134057,136.08767700195312,200.7293243408203
535.2083146240224,291.7843035832921,136.08767700195312,200.7293243408203
538.5081432059739,292.44426929968245,136.08767700195312,200.7293243408203
540.4880403551448,294.4241664488534,136.08767700195312,200.7293243408203
542.4679375043157,295.0841321652437,136.08767700195312,200.7293243408203
545.7677660862672,293.1042350160728,136.08767700195312,200.7293243408203
545.1078003698769,295.0841321652437,136.08767700195312,200.7293243408203
547.0876975190479,297.06402931441465,136.08767700195312,200.7293243408203
549.0675946682188,297.723995030805,136.08767700195312,200.7293243408203
549.7275603846091,297.06402931441465,136.08767700195312,200.7293243408203
550.3875261009994,300.3638578963662,136.08767700195312,200.7293243408203
551.0474918173896,298.38396074719526,136.08767700195312,200.7293243408203
550.3875261009994,299.0439264635856,136.08767700195312,200.7293243408203
549.7275603846091,297.06402931441465,136.08767700195312,200.7293243408203
547.7476632354382,299.0439264635856,136.08767700195312,200.7293243408203
544.4478346534867,297.06402931441465,136.08767700195312,200.7293243408203
541.1480060715352,295.0841321652437,136.08767700195312,200.7293243408203
537.8481774895837,294.4241664488534,136.08767700195312,200.7293243408203
535.8682803404128,293.76420073246305,136.08767700195312,200.7293243408203
529.9285888929,290.4643721505115,136.08767700195312,200.7293243408203
526.6287603109486,289.8044064341212,136.08767700195312,200.7293243408203
522.0090002962164,287.82450928495024,136.08767700195312,200.7293243408203
514.749377415923,284.5246807029987,136.08767700195312,200.7293243408203
508.80968596841035,281.22485212104715,136.08767700195312,200.7293243408203
500.23013165533644,276.605092106315,136.08767700195312,200.7293243408203
494.29044020782374,271.98533209158285,136.08767700195312,200.7293243408203
487.0308173275304,266.0456406440701,136.08767700195312,200.7293243408203
478.45126301445646,261.42588062933794,136.08767700195312,200.7293243408203
469.87170870138254,256.8061206146058,136.08767700195312,200.7293243408203
462.6120858210892,253.50629203265424,136.08767700195312,200.7293243408203
454.03253150801527,255.48618918182518,136.08767700195312,200.7293243408203
445.45297719494124,249.54649773431242,136.08767700195312,200.7293243408203
439.51328574742854,252.84632631626397,136.08767700195312,200.7293243408203
430.93373143435457,246.9066348687512,136.08767700195312,200.7293243408203
427.633902852403,250.20646345070276,136.08767700195312,200.7293243408203
419.05434853932906,248.22656630153182,136.08767700195312,200.7293243408203
411.7947256590357,251.52639488348336,136.08767700195312,200.7293243408203
404.5351027787423,250.86642916709303,136.08767700195312,200.7293243408203
395.95554846566836,252.84632631626397,136.08767700195312,200.7293243408203
387.3759941525944,250.86642916709303,136.08767700195312,200.7293243408203
378.7964398395204,252.84632631626397,136.08767700195312,200.7293243408203
370.21688552644645,248.22656630153182,136.08767700195312,200.7293243408203
358.99746834781126,243.60680628679967,136.08767700195312,200.7293243408203
349.0979826019567,238.98704627206752,136.08767700195312,200.7293243408203
340.5184282888827,238.32708055567718,136.08767700195312,200.7293243408203
334.57873684136996,235.02725197372564,136.08767700195312,200.7293243408203
328.6390453938572,235.68721769011597,136.08767700195312,200.7293243408203
321.37942251356384,236.3471834065063,136.08767700195312,200.7293243408203
315.4397310660511,234.36728625733537,136.08767700195312,200.7293243408203
308.1801081857577,233.70732054094503,136.08767700195312,200.7293243408203
300.92048530546435,231.7274233917741,136.08767700195312,200.7293243408203
304.2203138874159,232.38738910816443,136.08767700195312,200.7293243408203
296.96069100712253,235.68721769011597,136.08767700195312,200.7293243408203
288.38113669404856,235.02725197372564,136.08767700195312,200.7293243408203
282.4414452465358,239.6470119884578,136.08767700195312,200.7293243408203
281.7814795301455,236.34718340650625,136.08767700195312,200.7293243408203
274.5218566498521,240.9669434212384,136.08767700195312,200.7293243408203
271.22202806790057,237.66711483928685,136.08767700195312,200.7293243408203
266.6022680531684,237.00714912289652,136.08767700195312,200.7293243408203
265.9423023367781,237.66711483928685,136.08767700195312,200.7293243408203
261.32254232204593,239.6470119884578,136.08767700195312,200.7293243408203
261.98250803843626,240.30697770484812,136.08767700195312,200.7293243408203
256.0428165909235,240.96694342123845,136.08767700195312,200.7293243408203
259.34264517287505,244.26677200319,136.08767700195312,200.7293243408203
253.4029537253623,243.60680628679967,136.08767700195312,200.7293243408203
258.02271374009445,248.22656630153182,136.08767700195312,200.7293243408203
253.4029537253623,248.88653201792215,136.08767700195312,200.7293243408203
259.34264517287505,253.5062920326543,136.08767700195312,200.7293243408203
256.0428165909235,256.80612061460585,136.08767700195312,200.7293243408203
258.02271374009445,262.7458120621186,136.08767700195312,200.7293243408203
257.56543657256594,269.3388973646395,133.18556213378906,196.44871520996094
262.0982805014819,275.79138673865697,130.3453369140625,192.25938415527344
257.6734551131656,277.6877404765068,130.3453369140625,192.25938415527344
265.7652558908663,285.2211683938576,127.56568145751953,188.15939331054688
268.8584449295318,287.0770818170569,127.56568145751953,188.15939331054688
273.18890958366353,290.17027085572244,127.56568145751953,188.15939331054688
277.51937423779526,294.50073550985417,127.56568145751953,188.15939331054688
281.849838891927,298.8312001639859,127.56568145751953,188.15939331054688
287.41757916152494,305.63621604905006,127.56568145751953,188.15939331054688
292.9853194311229,312.4412319341142,127.56568145751953,188.15939331054688
299.79033531618705,316.77169658824596,127.56568145751953,188.15939331054688
306.5953512012512,322.3394368578439,127.56568145751953,188.15939331054688
314.6376427017816,322.958074665577,127.56568145751953,188.15939331054688
322.679934202312,319.8648856269115,127.56568145751953,188.15939331054688
330.72222570284237,316.77169658824596,127.56568145751953,188.15939331054688
340.00179281883896,308.7294050877156,127.56568145751953,188.15939331054688
349.28135993483556,296.97528674078654,127.56568145751953,188.15939331054688
358.56092705083216,267.89930977733053,127.56568145751953,188.15939331054688
369.077769782295,240.06060842934073,127.56568145751953,188.15939331054688
379.5946125137578,215.93373392774959,127.56568145751953,188.15939331054688
391.3487308606868,201.70506434988812,127.56568145751953,188.15939331054688
403.10284920761586,187.47639477202665,127.56568145751953,188.15939331054688
417.33151878547733,173.24772519416518,127.56568145751953,188.15939331054688
429.08563713240636,160.25633123176993,127.56568145751953,188.15939331054688
439.6024798638692,148.5022128848409,127.56568145751953,188.15939331054688
451.3565982107982,152.83267753897266,127.56568145751953,188.15939331054688
463.1107165577272,146.0276616539085,127.56568145751953,188.15939331054688
472.39028367372384,151.59540192350647,127.56568145751953,188.15939331054688
480.4325751742542,144.7903860384423,127.56568145751953,188.15939331054688
490.94941790571704,152.8326775389727,127.56568145751953,188.15939331054688
503.63887613206987,149.4724598852763,124.84530639648438,184.14683532714844
520.7262201686334,154.3537612813431,122.18294525146484,180.2198486328125
534.3544991678265,149.02095645557193,122.18294525146484,180.2198486328125
547.6507512142553,154.94039856430993,119.57735443115234,176.37660217285156
558.6688114337338,150.88111322029152,119.57735443115234,176.37660217285156
570.8466674657891,149.1414195014265,119.57735443115234,176.37660217285156
581.8647276852677,147.40172578256147,119.57735443115234,176.37660217285156
592.6416822522522,144.25193186550726,117.02732849121094,172.6153106689453
601.0007409892635,142.263342313175,114.53168487548828,168.93423461914062
609.1815391286968,141.38786261871522,112.08926391601562,165.3316650390625
616.1400063565484,138.43530639118683,109.69892883300781,161.80592346191406
622.9500834902233,141.69887685779722,107.35956573486328,158.35536193847656
627.6076195655962,138.87090540890813,105.0700912475586,154.9783935546875
632.1935157118569,135.30409729514983,105.0700912475586,154.9783935546875
631.6839716956057,130.71820114888916,105.0700912475586,154.9783935546875
630.3486648781966,126.96828783882154,102.82943725585938,151.67343139648438
627.855275695059,122.48018730917391,102.82943725585938,151.67343139648438
624.625831213358,116.88762816730892,100.63656616210938,148.43894958496094
620.2334407793426,109.56697744394992,100.63656616210938,148.43894958496094
618.9544759353178,105.03449111511043,98.49046325683594,145.2734375
621.3857621381732,101.5194052666522,96.39012145996094,142.17543029785156
619.9834121859498,96.37745544183318,96.39012145996094,142.17543029785156
618.5810622337264,91.23550561701416,96.39012145996094,142.17543029785156
618.1136122496519,85.15865582404624,96.39012145996094,142.17543029785156
612.9716624248329,76.27710612663157,96.39012145996094,142.17543029785156
612.6477746310712,73.73808663572754,94.3345718383789,139.14349365234375
614.094576188835,71.25320760730821,92.32286071777344,136.1762237548828
613.646850646663,68.11912881210384,92.32286071777344,136.1762237548828
614.094576188835,65.88050110124357,92.32286071777344,136.1762237548828
616.3736097801636,67.76403964210311,90.35404968261719,133.27223205566406
615.9354321200354,65.57315134146239,90.35404968261719,133.27223205566406
617.2499651004199,65.13497368133426,90.35404968261719,133.27223205566406
620.3250779058279,66.97834936131235,88.4272232055664,130.43016052246094
623.3269116326408,63.97651563449955,88.4272232055664,130.43016052246094
625.4710785803642,60.117015128597345,88.4272232055664,130.43016052246094
628.4806127969816,65.22774742773737,86.54148864746094,127.64869689941406
633.0440431634834,62.94814961128449,84.69596862792969,124.92655181884766
639.0937286916735,71.80215249018835,82.88980102539062,122.26245880126953
644.3194594201456,77.83184179227149,82.88980102539062,122.26245880126953
650.3491487222287,82.25361394713246,82.88980102539062,122.26245880126953
657.1827965979229,84.26351038116019,82.88980102539062,122.26245880126953
664.0164444736171,87.077365388799,82.88980102539062,122.26245880126953
673.2619680701446,90.69517897004889,82.88980102539062,122.26245880126953
683.3114502402832,94.31299255129878,82.88980102539062,122.26245880126953
693.3609324104218,97.12684755893758,82.88980102539062,122.26245880126953
704.2143731541714,99.94070256657639,82.88980102539062,122.26245880126953
714.26385532431,104.36247472143737,82.88980102539062,122.26245880126953
725.9212546416708,109.58820544990942,82.88980102539062,122.26245880126953
739.1865711062537,114.0099776047704,82.88980102539062,122.26245880126953
746.824177555559,113.60799831796484,82.88980102539062,122.26245880126953
759.2855354465308,117.22581189921473,82.88980102539062,122.26245880126953
766.119183322225,120.03966690685354,82.88980102539062,122.26245880126953
776.9726240659746,126.06935620893668,82.88980102539062,122.26245880126953
791.8458576777797,131.29508693740874,82.88980102539062,122.26245880126953
801.8953398479182,134.91290051865863,82.88980102539062,122.26245880126953
815.1606563125011,138.53071409990852,82.88980102539062,122.26245880126953
826.0140970562508,142.1485276811584,82.88980102539062,122.26245880126953
838.4754549472226,146.5702998360194,82.88980102539062,122.26245880126953
850.1328542645833,148.5801962700471,82.88980102539062,122.26245880126953
860.986295008333,152.198009851297,82.88980102539062,122.26245880126953
871.8397357520826,155.0118648589358,82.88980102539062,122.26245880126953
881.0852593486101,157.82571986657462,82.88980102539062,122.26245880126953
889.5268243715265,161.4435334478245,82.88980102539062,122.26245880126953
897.9683893944429,161.04155416101895,82.88980102539062,122.26245880126953
904.802037270137,163.05145059504667,82.88980102539062,122.26245880126953
910.8317265722202,168.27718132351873,82.88980102539062,122.26245880126953
913.652799541962,171.51807317143442,81.12215423583984,119.6551742553711
918.6888400496423,176.96497564810886,79.39219665527344,117.1034927368164
926.0041713255276,181.97020231055674,79.39219665527344,117.1034927368164
929.4693282456839,184.66532435956714,79.39219665527344,117.1034927368164
930.6243805524026,188.13048127972337,79.39219665527344,117.1034927368164
931.7794328591214,192.36567307102544,79.39219665527344,117.1034927368164
932.1644502946942,196.6008648623275,79.39219665527344,117.1034927368164
932.5494677302671,198.52595204019212,79.39219665527344,117.1034927368164
930.6243805524025,200.45103921805668,79.39219665527344,117.1034927368164
927.9292585033921,202.37612639592123,79.39219665527344,117.1034927368164
926.7742061966734,205.07124844493165,79.39219665527344,117.1034927368164
922.5390144053713,206.2263007516504,79.39219665527344,117.1034927368164
918.3038226140692,204.30121357378584,79.39219665527344,117.1034927368164
914.0686308227671,205.4562658805046,79.39219665527344,117.1034927368164
908.2933692891734,202.76114383149417,79.39219665527344,117.1034927368164
903.2881426267255,200.8360566536296,79.39219665527344,117.1034927368164
898.2829159642777,197.37089973347338,79.39219665527344,117.1034927368164
892.5076544306839,193.90574281331715,79.39219665527344,117.1034927368164
884.4222882836527,188.90051615086927,79.39219665527344,117.1034927368164
877.8769918789131,184.6653243595672,79.39219665527344,117.1034927368164
870.5616606030278,179.6600976971193,79.39219665527344,117.1034927368164
865.55643394058,176.19494077696308,79.39219665527344,117.1034927368164
859.7811724069862,171.1897141145152,79.39219665527344,117.1034927368164
852.4658411311009,163.87438283862983,79.39219665527344,117.1034927368164
844.3804749840697,155.78901669159862,79.39219665527344,117.1034927368164
834.3147196027599,143.70825984499515,81.14875030517578,119.69440460205078
827.6246085150655,133.0827892939511,81.14875030517578,119.69440460205078
820.9344974273711,122.45731874290703,81.14875030517578,119.69440460205078
813.4573144470068,112.6189200845329,81.14875030517578,119.69440460205078
798.8964844326131,95.69687439212939,81.14875030517578,119.69440460205078
788.271013881569,77.98775680705594,81.14875030517578,119.69440460205078
777.645543330525,58.704495436642645,81.14875030517578,119.69440460205078
769.3812884574908,50.44024056360837,81.14875030517578,119.69440460205078
765.0523930478062,40.60184190523424,81.14875030517578,119.69440460205078
757.5752100674418,29.976371354190164,81.14875030517578,119.69440460205078
750.0980270870775,21.71211648115589,81.14875030517578,119.69440460205078
744.982059784723,14.234933500791541,81.14875030517578,119.69440460205078
735.5101864611277,6.786410768082547,82.94416809082031,122.34264373779297
729.4765425239133,1.5572526891633984,82.94416809082031,122.34264373779297
727.4653278781751,3.568467334901527,82.94416809082031,122.34264373779297
719.8227122243702,7.18865369723018,82.94416809082031,122.34264373779297
710.1412761987792,1.244639825461796,84.77930450439453,125.04947662353516
701.5072825657238,2.478067487326854,84.77930450439453,125.04947662353516
695.3401442563985,3.7114951491919044,84.77930450439453,125.04947662353516
689.1730059470732,8.234063242697104,84.77930450439453,125.04947662353516
681.3612974219278,11.112061120382222,84.77930450439453,125.04947662353516
673.5495888967824,9.056348350607138,84.77930450439453,125.04947662353516
324.8301234721865,119.35241794179043,84.77930450439453,125.04947662353516
148.04472672987134,66.74825168385092,84.77930450439453,125.04947662353516
162.81856864565256,0.31739191711812964,82.97135925292969,122.38275909423828
160.98844376145112,7.4397831353916075,81.20197296142578,119.77291107177734
159.95647057369,16.687650083314466,79.4703140258789,117.21871948242188
157.46063649590022,23.50950708104682,77.77558898925781,114.718994140625
154.29093755562823,29.458797015719284,76.11700439453125,112.27257537841797
149.76566553695363,33.85804912462913,74.49378967285156,109.87832641601562
144.6404876211465,36.77066477678231,72.90518951416016,107.53514099121094
140.30616514116437,33.48714777378608,71.3504638671875,105.2419204711914
134.06320138574344,35.60984123926474,69.82889556884766,102.99760437011719
128.30632905304788,32.56208529842591,69.82889556884766,102.99760437011719
122.84929755435218,37.90350810170703,68.33977508544922,100.8011474609375
117.21519225814905,42.21194156350943,68.33977508544922,100.8011474609375
110.91825104474555,47.18321094251219,68.33977508544922,100.8011474609375
105.28414574854241,54.14298807311606,68.33977508544922,100.8011474609375
100.31287636953965,61.765601120920294,68.33977508544922,100.8011474609375
96.24997489760221,68.9097482628809,66.88240814208984,98.65153503417969
92.03342007709368,77.01850753308962,66.88240814208984,98.65153503417969
87.16816451496844,81.88376309521485,66.88240814208984,98.65153503417969
83.6003104360766,84.80291643248998,66.88240814208984,98.65153503417969
79.62404987965012,87.41793826184568,65.45612335205078,96.54776000976562
75.49741436073556,87.10050476039072,65.45612335205078,96.54776000976562
70.10104483600114,84.87847025020596,65.45612335205078,96.54776000976562
65.59766182387948,83.7662035179772,64.06024932861328,94.48885345458984
61.55902805036827,78.48491319877024,64.06024932861328,94.48885345458984
57.52039427685706,71.33963806101966,64.06024932861328,94.48885345458984
55.50852852990275,60.669164394123214,62.69414520263672,92.47384643554688
49.73178505722065,46.987403537770874,62.69414520263672,92.47384643554688
42.738885063973896,33.30564268141853,62.69414520263672,92.47384643554688
43.651002454397386,15.975412263372242,62.69414520263672,92.47384643554688
43.440338803902435,-2.672906604232864,61.357173919677734,90.50181579589844
44.92811582446669,-19.038453830439696,61.357173919677734,90.50181579589844
211.8709186942934,53.5194846369065,61.357173919677734,90.50181579589844
638.3306992133084,185.38250031106816,61.357173919677734,90.50181579589844
710.1996618353113,114.30330827318238,62.71470260620117,92.50416564941406
701.3796361298747,101.83361675859959,62.71470260620117,92.50416564941406
676.1361142832803,96.05497922745147,62.71470260620117,92.50416564941406
644.2015384532513,88.45150879173025,62.71470260620117,92.50416564941406
616.5249060672261,80.23976072115134,62.71470260620117,92.50416564941406
602.2627321756337,75.11436154730045,64.10226440429688,94.55081939697266
627.6781592294838,39.55817294378488,65.5205307006836,96.64275360107422
681.3772063252542,-26.215216102513793,65.5205307006836,96.64275360107422
170.89139027953678,596.8425664576902,65.5205307006836,96.64275360107422
617.2307353304343,142.14654387995228,65.5205307006836,96.64275360107422
674.7130767373045,8.238806455451623,65.5205307006836,96.64275360107422
630.2520189547341,76.99014773261626,65.5205307006836,96.64275360107422
566.9604948744058,-13.271006958500891,65.5205307006836,96.64275360107422
566.9604948744058,-13.271006958500891,65.5205307006836,96.64275360107422
568.4950354406385,-13.18514607783979,65.5205307006836,96.64275360107422
650.0821093339715,-39.571411798719794,65.5205307006836,96.64275360107422
650.0821093339715,-39.571411798719794,65.5205307006836,96.64275360107422
650.0821093339715,-39.571411798719794,65.5205307006836,96.64275360107422
681.100577077496,-23.534152294198634,64.12328338623047,94.58181762695312
673.6159602022465,-1.0283863522852386,65.54200744628906,96.6744384765625
666.3054096916588,36.79576628945068,65.54200744628906,96.6744384765625
655.8163589590766,121.02602217230799,65.54200744628906,96.6744384765625
638.9703077825052,188.72807690079327,65.54200744628906,96.6744384765625
634.8382574939122,245.62323087449687,65.54200744628906,96.6744384765625
639.6060078269041,271.36908267265324,65.54200744628906,96.6744384765625
685.0585610014272,199.21712763337547,65.54200744628906,96.6744384765625
626.6238568365601,286.19609508539406,66.99212646484375,98.81336212158203
633.4463883693132,229.34166564578476,66.99212646484375,98.81336212158203
629.2229164680851,158.84217314066922,66.99212646484375,98.81336212158203
632.796623461432,103.28727351682241,66.99212646484375,98.81336212158203
627.9233866523226,67.22532112941309,66.99212646484375,98.81336212158203
631.4970936456695,35.06195818929126,66.99212646484375,98.81336212158203
627.2736217444414,9.396244327981918,66.99212646484375,98.81336212158203
612.7128340486628,-7.538960721946225,68.47432708740234,100.9996109008789
608.1655838356896,-13.135070867440618,69.98931884765625,103.2342300415039
612.6735116041327,-10.403497028573923,71.53783416748047,105.5182876586914
628.2852333803954,-5.893444070986931,71.53783416748047,105.5182876586914
653.0493689596262,-10.300173702842685,73.12060546875,107.8528823852539
690.9918807351859,-6.399541651149633,73.12060546875,107.8528823852539
740.990891579615,-11.718585358003793,73.12060546875,107.8528823852539
814.1300016030709,-8.864802468141782,74.73839569091797,110.23912811279297
900.9206029887201,-14.220766580420076,76.39198303222656,112.67816925048828
999.0945372327242,-14.591234256812541,76.39198303222656,112.67816925048828
1085.4135058321692,-18.666378697129687,76.39198303222656,112.67816925048828
1162.1003148454101,-24.223393843016705,76.39198303222656,112.67816925048828
1221.8326066527916,-29.092261043473293,74.76290130615234,110.27527618408203
-9.962528973468089,144.2318638348182,74.76290130615234,110.27527618408203
-13.95076973114233,206.95601393278577,74.76290130615234,110.27527618408203
18.31772367185833,204.4180425415385,74.76290130615234,110.27527618408203
54.93702517413999,201.15493646707776,74.76290130615234,110.27527618408203
79.95417174500567,199.342099759044,74.76290130615234,110.27527618408203
94.81943275088238,199.70466710065077,74.76290130615234,110.27527618408203
100.25794287498363,197.891830392617,74.76290130615234,110.27527618408203
95.54456743409588,198.25439773422377,74.76290130615234,110.27527618408203
83.57984516107317,196.44156102619002,74.76290130615234,110.27527618408203
62.91350668948847,194.62872431815626,74.76290130615234,110.27527618408203
32.095282652914804,193.541022293336,74.76290130615234,110.27527618408203
-9.599961631861333,199.70466710065074,74.76290130615234,110.27527618408203
-5.6117208741870925,129.72917017054817,74.76290130615234,110.27527618408203
144.08312654467613,67.89512556781517,74.76290130615234,110.27527618408203
252.7668602982818,-12.654348952275996,74.76290130615234,110.27527618408203
251.11779535912905,69.9462400927635,73.1685562133789,107.92362213134766
189.99413681182045,84.43538720533695,71.60821533203125,105.62211608886719
122.81019416775393,99.28498237162191,70.08114624023438,103.36968994140625
248.66142913026277,-2.6003311198925303,70.08114624023438,103.36968994140625
199.57889314571972,-9.738191085954668,71.6316909790039,105.65674591064453
154.76656722806229,-6.611749742862287,71.6316909790039,105.65674591064453
118.29362833703223,-5.257712327057227,73.21654510498047,107.99440002441406
89.53310361675756,-4.192507707787797,73.21654510498047,107.99440002441406
89.53310361675756,-4.192507707787797,73.21654510498047,107.99440002441406
393.7363883302825,17.231555230446872,73.21654510498047,107.99440002441406
574.6316671196881,76.62568476504524,73.21654510498047,107.99440002441406
587.4518884821355,-22.927333656394424,74.83646392822266,110.38377380371094
580.5563307628206,-23.29025774688468,74.83646392822266,110.38377380371094
575.8383175864473,-20.749789113452884,74.83646392822266,110.38377380371094
569.6686080481129,-17.483472299040578,74.83646392822266,110.38377380371094
565.6764430527201,-15.668851846589298,74.83646392822266,110.38377380371094
566.0393671432104,-13.854231394138019,74.83646392822266,110.38377380371094
559.563483940278,-12.439614113954484,76.49221801757812,112.82601165771484
556.9668074383316,-9.842937612008015,76.49221801757812,112.82601165771484
552.6568312406807,-9.166753274907059,78.18460845947266,115.3222885131836
550.6117744419494,-8.475607890139983,79.91444396972656,117.87379455566406
547.7173061320979,-6.160836996616169,81.68254852294922,120.48175048828125
545.7366830111574,-4.1802138756757685,81.68254852294922,120.48175048828125
546.8879654549436,-1.8142287190480886,83.48977661132812,123.14740753173828
546.3844307969395,2.2843901238703808,85.33699035644531,125.8720474243164
547.6259719409436,7.664401747888448,85.33699035644531,125.8720474243164
548.8675130849477,13.044413371906515,85.33699035644531,125.8720474243164
541.4829761946156,12.940052439426069,87.2250747680664,128.65696716308594
542.7123787310813,14.588843553954632,89.1549301147461,131.50350952148438
534.9974647147505,9.096902285269437,91.12747955322266,134.41302490234375
538.0909633872508,13.074257721341155,91.12747955322266,134.41302490234375
533.2297511876076,8.213045521697936,91.12747955322266,134.41302490234375
536.3232498601078,13.958114484912642,91.12747955322266,134.41302490234375
538.5328917690365,17.93546992098436,91.12747955322266,134.41302490234375
532.7878228058217,14.841971248484128,91.12747955322266,134.41302490234375
534.9974647147504,18.819326684555847,91.12747955322266,134.41302490234375
530.1362525151072,15.725828012055615,91.12747955322266,134.41302490234375
529.5866546089151,16.531385386612143,93.1436767578125,137.3869171142578
528.087606447704,16.41747640344832,95.20448303222656,140.42660522460938
526.7025063171207,16.879176446976103,95.20448303222656,140.42660522460938
527.1642063606484,21.95787692578169,95.20448303222656,140.42660522460938
525.779106230065,25.189777230476153,95.20448303222656,140.42660522460938
526.2408062735929,29.345077622226185,95.20448303222656,140.42660522460938
521.834509939406,26.35456943987097,97.31088256835938,143.53353881835938
522.226845926575,29.173239999034593,99.46388244628906,146.70921325683594
521.7444896467358,33.514446517587885,99.46388244628906,146.70921325683594
522.226845926575,37.85565303614118,99.46388244628906,146.70921325683594
518.6243038162175,39.73579493741909,101.66452026367188,149.9551544189453
520.1033890538097,45.159107475256775,101.66452026367188,149.9551544189453
520.5964174663404,49.59636318803307,101.66452026367188,149.9551544189453
519.1173322287483,54.03361890080936,101.66452026367188,149.9551544189453
520.5964174663404,57.48481778852425,101.66452026367188,149.9551544189453
518.1312754036869,61.92207350130053,101.66452026367188,149.9551544189453
516.4950941190457,66.91291207419505,103.91384887695312,153.27291870117188
518.0069041175195,75.47983539888003,103.91384887695312,153.27291870117188
516.4950941190457,82.03101205893324,103.91384887695312,153.27291870117188
518.0069041175195,87.57431538667058,103.91384887695312,153.27291870117188
513.471474122098,94.12549204672379,103.91384887695312,153.27291870117188
516.9990307852036,99.66879537446113,103.91384887695312,153.27291870117188
512.463600789782,105.21209870219846,103.91384887695312,153.27291870117188
513.9754107882559,108.73965536530403,103.91384887695312,153.27291870117188
509.4399807928344,114.28295869304137,103.91384887695312,153.27291870117188
508.9360441266764,115.79476869151517,103.91384887695312,153.27291870117188
508.4321074605184,124.36169201620015,103.91384887695312,153.27291870117188
505.7140570101975,129.46295827219677,106.21294403076172,156.66407775878906
506.2291432750942,134.09873465626694,106.21294403076172,156.66407775878906
502.62353942081745,138.7345110403371,106.21294403076172,156.66407775878906
503.13862568571415,142.34011489461392,106.21294403076172,156.66407775878906
497.4726767718506,148.00606380847745,106.21294403076172,156.66407775878906
496.9575905069539,150.58149513296087,106.21294403076172,156.66407775878906
491.2916415930904,155.21727151703104,106.21294403076172,156.66407775878906
490.7765553281937,157.79270284151445,106.21294403076172,156.66407775878906
487.17095147391694,162.42847922558462,106.21294403076172,156.66407775878906
483.5653476196402,168.09442813944815,106.21294403076172,156.66407775878906
480.9899162951567,172.73020452351832,106.21294403076172,156.66407775878906
476.3541399110866,175.30563584800174,106.21294403076172,156.66407775878906
471.71836352701644,173.7603770533117,106.21294403076172,156.66407775878906
469.14293220253296,175.30563584800174,106.21294403076172,156.66407775878906
465.5373283482562,178.91123970227852,106.21294403076172,156.66407775878906
461.93172449397946,181.486671026762,106.21294403076172,156.66407775878906
459.35629316949604,183.03192982145202,106.21294403076172,156.66407775878906
457.811034374806,185.60736114593544,106.21294403076172,156.66407775878906
454.2054305205292,184.06210235124541,106.21294403076172,156.66407775878906
450.5998266662524,186.63753367572883,106.21294403076172,156.66407775878906
449.05456787156237,190.24313753000564,106.21294403076172,156.66407775878906
443.38861895769884,192.81856885448906,106.21294403076172,156.66407775878906
441.8433601630088,194.3638276491791,106.21294403076172,156.66407775878906
439.2679288385254,198.99960403324923,106.21294403076172,156.66407775878906
436.692497514042,200.54486282793926,106.21294403076172,156.66407775878906
436.1774112491453,203.12029415242267,106.21294403076172,156.66407775878906
432.5718073948685,205.6957254769061,106.21294403076172,156.66407775878906
438.237756308732,208.2711568013895,106.21294403076172,156.66407775878906
435.6623249842486,212.90693318545965,106.21294403076172,156.66407775878906
438.237756308732,216.51253703973646,106.21294403076172,156.66407775878906
438.7528425736287,217.02762330463315,106.21294403076172,156.66407775878906
440.2981013683187,218.57288209932318,106.21294403076172,156.66407775878906
440.8131876332154,221.1483134238066,106.21294403076172,156.66407775878906
444.41879148749223,220.6332271589099,106.21294403076172,156.66407775878906
448.02439534176904,222.17848595359993,106.21294403076172,156.66407775878906
449.56965413645906,219.6030546291165,106.21294403076172,156.66407775878906
452.1450854609425,222.17848595359993,106.21294403076172,156.66407775878906
453.6903442556325,222.69357221849663,106.21294403076172,156.66407775878906
457.2959481099093,221.1483134238066,106.21294403076172,156.66407775878906
459.8713794343928,222.69357221849663,106.21294403076172,156.66407775878906
464.50715581846293,221.1483134238066,106.21294403076172,156.66407775878906
469.1429322025331,220.6332271589099,106.21294403076172,156.66407775878906
471.71836352701655,220.1181408940132,106.21294403076172,156.66407775878906
477.3843124408801,217.5427095695298,106.21294403076172,156.66407775878906
479.95974376536356,217.0276233046331,106.21294403076172,156.66407775878906
482.53517508984703,214.45219198014968,106.21294403076172,156.66407775878906
488.20112400371056,209.81641559607954,106.21294403076172,156.66407775878906
493.8670729175741,204.150466682216,106.21294403076172,156.66407775878906
498.50284930164423,201.5750353577326,106.21294403076172,156.66407775878906
503.1386256857144,198.99960403324917,106.21294403076172,156.66407775878906
509.8347471293713,191.27331005979892,106.21294403076172,156.66407775878906
518.591213632615,186.63753367572878,106.21294403076172,156.66407775878906
530.4381977252388,185.09227488103875,106.21294403076172,156.66407775878906
539.1946642284825,181.48667102676194,106.21294403076172,156.66407775878906
544.860613142346,175.8207221128984,106.21294403076172,156.66407775878906
550.5265620562095,168.09442813944813,106.21294403076172,156.66407775878906
550.9547878921262,155.13889288129286,108.56290435791016,160.13026428222656
553.5773900752226,138.61936189259302,110.96485900878906,163.6731414794922
558.4205688492619,129.47113531940772,110.96485900878906,163.6731414794922
565.4162715228742,124.62795654536845,110.96485900878906,163.6731414794922
571.3357122467,126.2423494700482,110.96485900878906,163.6731414794922
577.2551529705258,131.08552824408747,110.96485900878906,163.6731414794922
586.2185377844504,135.42411638478043,108.59850311279297,160.18276977539062
591.9450602913786,142.71589989842934,106.28260803222656,156.76683044433594
599.6764216359737,149.41641306374513,106.28260803222656,156.76683044433594
607.4077829805689,162.302015304737,106.28260803222656,156.76683044433594
614.1082961458847,183.4344029799637,106.28260803222656,156.76683044433594
621.8396574904798,200.44339793807302,106.28260803222656,156.76683044433594
627.5093224765162,218.48324107546165,106.28260803222656,156.76683044433594
632.1481392832733,224.15290606149807,106.28260803222656,156.76683044433594
634.7252597314716,223.6374819718584,106.28260803222656,156.76683044433594
637.30238017967,205.59763883446976,106.28260803222656,156.76683044433594
642.9720451657064,182.40355480068433,106.28260803222656,156.76683044433594
645.5491656139047,142.71589989842929,106.28260803222656,156.76683044433594
647.0954378828237,108.18248589257101,106.28260803222656,156.76683044433594
649.6725583310221,78.80331278310948,106.28260803222656,156.76683044433594
655.3422233170585,56.640076928603406,106.28260803222656,156.76683044433594
657.9193437652568,35.5076892533767,106.28260803222656,156.76683044433594
660.4964642134552,24.6837833709435,106.28260803222656,156.76683044433594
656.8884955859775,13.859877488510307,106.28260803222656,156.76683044433594
660.4964642134552,5.097667964635818,106.28260803222656,156.76683044433594
664.1044328409329,2.520547516437432,106.28260803222656,156.76683044433594
668.7152479686857,10.650420394945641,104.01609802246094,153.42373657226562
670.2285455157254,14.181448004704876,104.01609802246094,153.42373657226562
673.7595731254846,18.721340645823886,104.01609802246094,153.42373657226562
673.2551406098047,21.243503224223332,104.01609802246094,153.42373657226562
673.7595731254846,13.677015489024981,104.01609802246094,153.42373657226562
673.2551406098047,8.128257816546196,104.01609802246094,153.42373657226562
672.7507080941248,2.57950014406741,104.01609802246094,153.42373657226562
675.2728706725243,-11.040177779289621,104.01609802246094,153.42373657226562
683.6749597969266,-18.642075661654253,101.79792022705078,150.1519317626953
689.0428786369932,-24.178529648842044,99.6270523071289,146.94989013671875
695.2276972288054,-26.80281760590794,97.50247192382812,143.81614685058594
699.4576067128212,-32.1056581802639,95.42320251464844,140.7492218017578
699.4576067128212,-32.1056581802639,95.42320251464844,140.7492218017578
539.9173057092305,227.38974814250446,95.42320251464844,140.7492218017578
-43.16542715180009,311.254204962432,95.42320251464844,140.7492218017578
-43.16542715180009,311.254204962432,95.42320251464844,140.7492218017578
49.09851589514744,310.71221118807506,95.42320251464844,140.7492218017578
105.72963621757677,292.9157073224386,95.42320251464844,140.7492218017578
69.27901696884692,144.25006897779332,95.42320251464844,140.7492218017578
662.3131373344155,15.73728634432831,95.42320251464844,140.7492218017578
696.7831853988041,-33.16384451588044,93.38827514648438,137.74769592285156
697.2360776370061,-27.27624541925379,93.38827514648438,137.74769592285156
693.1600474931877,-18.671292893414837,93.38827514648438,137.74769592285156
690.8955863021774,-6.44320246195948,93.38827514648438,137.74769592285156
693.1600474931877,14.842732733536877,93.38827514648438,137.74769592285156
694.5187242077939,24.35346973577994,93.38827514648438,137.74769592285156
693.1600474931877,34.769991214427094,93.38827514648438,137.74769592285156
690.8955863021774,44.280728216670155,93.38827514648438,137.74769592285156
692.2542630167836,58.320387600933714,93.38827514648438,137.74769592285156
691.8013707785816,65.11377117396447,93.38827514648438,137.74769592285156
693.1600474931878,72.81293922339933,93.38827514648438,137.74769592285156
695.424508684198,76.88896936721778,93.38827514648438,137.74769592285156
693.1600474931878,77.34186160541984,93.38827514648438,137.74769592285156
694.518724207794,79.60632279643008,93.38827514648438,137.74769592285156
695.8774009224002,83.68235294024853,93.38827514648438,137.74769592285156
691.5551632848894,77.92963743752125,95.4544906616211,140.7953643798828
692.9439007218062,76.54090000060444,95.4544906616211,140.7953643798828
687.8518634531113,71.44886273190946,95.4544906616211,140.7953643798828
686.6387593174333,66.25740341325445,93.41889190673828,137.79286193847656
683.7048611846955,60.303323693777514,91.42670440673828,134.85438537597656
681.6882347350963,52.76679960010722,89.47700500488281,131.97857666015625
678.8781355527482,44.55451478238122,87.56887817382812,129.16409301757812
675.0560989549303,34.7870879212913,87.56887817382812,129.16409301757812
670.3847208909308,25.019661060201386,87.56887817382812,129.16409301757812
665.9972612604662,16.982505322111493,85.70144653320312,126.40962982177734
660.5942727371333,9.917058791599345,85.70144653320312,126.40962982177734
657.6849712245695,3.682841264676867,85.70144653320312,126.40962982177734
654.9934437071762,2.226557472123119,83.87384033203125,123.71390533447266
652.1461839256634,5.887320048353814,83.87384033203125,123.71390533447266
648.4854213494327,8.734579829866576,83.87384033203125,123.71390533447266
646.4516643626379,14.022347995533138,83.87384033203125,123.71390533447266
643.6044045811251,20.123618955917635,83.87384033203125,123.71390533447266
640.7571447996123,27.038392711020066,83.87384033203125,123.71390533447266
637.0963822233816,45.34220559217354,83.87384033203125,123.71390533447266
634.4622539937269,64.3035533749689,82.085205078125,121.07566833496094
631.8842974484211,86.69743537777651,80.334716796875,118.49369049072266
630.8633466782545,113.87085471213015,78.62155151367188,115.9667739868164
632.007186971039,141.70430183655185,78.62155151367188,115.9667739868164
635.4179932521716,169.03323801832707,76.9449234008789,113.49374389648438
640.9140358788321,193.62140326954963,75.30404663085938,111.07345581054688
644.9311442038727,194.71697826728797,75.30404663085938,111.07345581054688
645.2963358697855,199.46446992415412,75.30404663085938,111.07345581054688
650.0438275266516,196.1777449309391,75.30404663085938,111.07345581054688
626.254237990976,55.07191323232939,75.30404663085938,111.07345581054688
609.105588035241,29.152869378142867,73.69816589355469,108.70478057861328
609.105588035241,29.152869378142867,73.69816589355469,108.70478057861328
639.1980965289841,19.443596934051868,73.69816589355469,108.70478057861328
610.9631928814478,20.515808464970974,73.69816589355469,108.70478057861328
603.4577121650141,13.725135435816668,73.69816589355469,108.70478057861328
623.7687433162558,107.8749530448516,73.69816589355469,108.70478057861328
721.9587908234945,7.667075642593431,75.3287353515625,111.10987091064453
716.776168996558,1.4575474398164516,73.72232818603516,108.74041748046875
716.776168996558,1.4575474398164516,73.72232818603516,108.74041748046875
665.2178512271295,58.486928420434936,73.72232818603516,108.74041748046875
665.2178512271295,58.486928420434936,73.72232818603516,108.74041748046875
665.2178512271295,58.486928420434936,73.72232818603516,108.74041748046875
665.2178512271295,58.486928420434936,73.72232818603516,108.74041748046875
650.3015117002002,36.22624748213897,73.72232818603516,108.74041748046875
650.3015117002002,36.22624748213897,73.72232818603516,108.74041748046875
294.4949959657683,72.33196256512787,73.72232818603516,108.74041748046875
27.483502709902936,141.10276377803277,73.72232818603516,108.74041748046875
-35.082677183655775,90.6922988352226,73.72232818603516,108.74041748046875
-15.623421826734457,180.474570331497,73.72232818603516,108.74041748046875
-33.1419521969309,111.47301193460083,73.72232818603516,108.74041748046875
-29.87729522311346,92.09459478099078,75.35343170166016,111.14630126953125
-27.298680663839157,78.3535876941855,77.0206298828125,113.60541534423828
-16.46670664201864,64.53348290772485,77.0206298828125,113.60541534423828
-16.46670664201864,64.53348290772485,77.0206298828125,113.60541534423828
-11.610994149478408,68.64216270910504,77.0206298828125,113.60541534423828
-13.625603112254417,70.87311194240377,78.7247085571289,116.11893463134766
-16.476980480940338,85.82853051113614,80.46649169921875,118.68806457519531
-20.201165752153262,112.45093806349666,82.24681091308594,121.31404113769531
-28.973569378201944,109.03980908963928,84.06652069091797,123.99811553955078
4.3304641747373935,619.5817078907965,84.06652069091797,123.99811553955078
63.51463894252879,138.6404774306331,84.06652069091797,123.99811553955078
63.51463894252879,138.6404774306331,84.06652069091797,123.99811553955078
72.3924481366232,572.7875982919574,84.06652069091797,123.99811553955078
-15.910880782265565,616.1554204870711,82.27377319335938,121.35382080078125
-34.045979609114305,683.0861195933632,82.27377319335938,121.35382080078125
-36.81332823989165,107.79228650546455,82.27377319335938,121.35382080078125
-30.03046692872373,125.74691938796786,82.27377319335938,121.35382080078125
-36.81332823989165,122.1559928114672,82.27377319335938,121.35382080078125
-36.81332823989165,122.1559928114672,82.27377319335938,121.35382080078125
-21.825885438001755,126.81821172676462,82.27377319335938,121.35382080078125
73.24823955636829,23.385953951014613,82.27377319335938,121.35382080078125
-15.551405902312347,159.84439396795264,82.27377319335938,121.35382080078125
-15.551405902312347,159.84439396795264,82.27377319335938,121.35382080078125
-15.551405902312347,159.84439396795264,82.27377319335938,121.35382080078125
-15.551405902312347,159.84439396795264,82.27377319335938,121.35382080078125
6.802433378415849,72.69653644579915,82.27377319335938,121.35382080078125
6.802433378415849,72.69653644579915,82.27377319335938,121.35382080078125
6.802433378415849,72.69653644579915,82.27377319335938,121.35382080078125
51.228721659860554,41.49969328597945,82.27377319335938,121.35382080078125
103.83953959610966,545.0373144065981,82.27377319335938,121.35382080078125
646.1454124415251,46.810408909275026,82.27377319335938,121.35382080078125
491.1552337665488,83.90242009568124,82.27377319335938,121.35382080078125
500.2800205816749,-44.02245054756551,82.27377319335938,121.35382080078125
596.353495801913,-38.20073612654954,82.27377319335938,121.35382080078125
596.353495801913,-38.20073612654954,82.27377319335938,121.35382080078125
596.353495801913,-38.20073612654954,82.27377319335938,121.35382080078125
513.5240564290785,32.98614726177658,82.27377319335938,121.35382080078125
513.5240564290785,32.98614726177658,82.27377319335938,121.35382080078125
98.27398702810783,679.8091141700249,82.27377319335938,121.35382080078125
30.92188399790355,596.6365902090461,82.27377319335938,121.35382080078125
62.79691555286645,599.8744797002673,82.27377319335938,121.35382080078125
18.387187613711617,695.6974997613233,82.27377319335938,121.35382080078125
425.0412472289062,93.10716446718214,82.27377319335938,121.35382080078125
410.6084432875859,45.58372196679824,82.27377319335938,121.35382080078125
410.6084432875859,45.58372196679824,82.27377319335938,121.35382080078125
98.4458225236796,674.5240254382442,82.27377319335938,121.35382080078125
-26.944249454740625,595.0018212026704,82.27377319335938,121.35382080078125
294.54921641901166,99.66968809806741,82.27377319335938,121.35382080078125
-37.128147024938194,0.7357158043921856,82.27377319335938,121.35382080078125
28.973827915416763,554.0430470682763,82.27377319335938,121.35382080078125
28.973827915416763,554.0430470682763,82.27377319335938,121.35382080078125
74.22558060493208,66.78181433349377,82.27377319335938,121.35382080078125
74.22558060493208,66.78181433349377,82.27377319335938,121.35382080078125
-21.383506253618087,-0.20497091823403935,82.27377319335938,121.35382080078125
-21.383506253618087,-0.20497091823403935,82.27377319335938,121.35382080078125
-21.383506253618087,-0.20497091823403935,82.27377319335938,121.35382080078125
-33.24822959020522,-42.323012005791895,82.27377319335938,121.35382080078125
-33.24822959020522,-42.323012005791895,82.27377319335938,121.35382080078125
-33.24822959020522,-42.323012005791895,82.27377319335938,121.35382080078125
-33.24822959020522,-42.323012005791895,82.27377319335938,121.35382080078125
-33.24822959020522,-42.323012005791895,82.27377319335938,121.35382080078125
-33.24822959020522,-42.323012005791895,82.27377319335938,121.35382080078125
-33.24822959020522,-42.323012005791895,82.27377319335938,121.35382080078125
-33.24822959020522,-42.323012005791895,82.27377319335938,121.35382080078125
54.05273227988913,64.71726234510083,82.27377319335938,121.35382080078125
54.05273227988913,64.71726234510083,82.27377319335938,121.35382080078125
54.05273227988913,64.71726234510083,82.27377319335938,121.35382080078125
54.05273227988913,64.71726234510083,82.27377319335938,121.35382080078125
54.05273227988913,64.71726234510083,82.27377319335938,121.35382080078125
54.05273227988913,64.71726234510083,82.27377319335938,121.35382080078125
54.05273227988913,64.71726234510083,82.27377319335938,121.35382080078125
81.42355739642144,-40.532887598089246,82.27377319335938,121.35382080078125
82.42332619272804,81.906021077243,82.27377319335938,121.35382080078125
522.7742119029257,146.21878740597904,82.27377319335938,121.35382080078125
340.0793686318196,22.357663376441053,82.27377319335938,121.35382080078125
262.04685676340307,164.97908052785317,82.27377319335938,121.35382080078125
276.98425906357926,191.867369796806,82.27377319335938,121.35382080078125
321.65514801146423,317.55047305996084,82.27377319335938,121.35382080078125
302.59715362353035,296.5630311908843,82.27377319335938,121.35382080078125
200.79410178501547,238.2485643889927,80.51925659179688,118.76591491699219
202.78175710354896,244.4077274262055,78.80216217041016,116.23319244384766
202.39960105521624,250.14006815119637,78.80216217041016,116.23319244384766
199.7245087168872,255.10809677952176,78.80216217041016,116.23319244384766
200.93309237451868,261.1359112879598,77.1216812133789,113.75448608398438
199.06306009704477,266.7460081203816,77.1216812133789,113.75448608398438
198.68905364154998,273.1041178637929,77.1216812133789,113.75448608398438
198.31504718605518,278.7142146962147,77.1216812133789,113.75448608398438
200.21883448113763,288.93934340035236,75.47703552246094,111.3286361694336
199.96521926877358,296.8296128939249,73.86746215820312,108.95452117919922
203.1892437396359,302.20298701202876,73.86746215820312,108.95452117919922
206.41326821049825,303.27766183564955,73.86746215820312,108.95452117919922
211.0701924461883,297.9042877175457,73.86746215820312,108.95452117919922
215.72711668187833,291.0980138346141,73.86746215820312,108.95452117919922
223.76555912808914,278.10339787628243,72.2922134399414,106.63103485107422
237.7150300460296,256.60013611557633,70.75055694580078,104.35709381103516
251.09629434796437,237.72912235643759,70.75055694580078,104.35709381103516
266.07111659077,212.71593056912377,69.24178314208984,102.13164520263672
280.0792864778765,187.58883986960336,67.76518249511719,99.95365905761719
295.524969623817,162.28421003476464,67.76518249511719,99.95365905761719
317.4699982790352,140.2269877993311,66.320068359375,97.8221206665039
333.2295443583207,122.53770138380659,66.320068359375,97.8221206665039
357.3512985613087,104.84841496828207,66.320068359375,97.8221206665039
381.47305276429665,87.8023753315039,66.320068359375,97.8221206665039
405.5948069672846,77.18880348218919,66.320068359375,97.8221206665039
431.64630150651163,67.86172519036717,66.320068359375,97.8221206665039
464.1302638332021,61.10763401353053,66.320068359375,97.8221206665039
590.6716887345327,71.66010413953089,66.320068359375,97.8221206665039
603.8582476988328,82.91692276759196,66.320068359375,97.8221206665039
203.9449899932289,-14.54342632233164,66.320068359375,97.8221206665039
203.9449899932289,-14.54342632233164,66.320068359375,97.8221206665039
263.40496287090315,-15.174153219337683,66.320068359375,97.8221206665039
263.40496287090315,-15.174153219337683,66.320068359375,97.8221206665039
263.40496287090315,-15.174153219337683,66.320068359375,97.8221206665039
416.79895111127394,42.41333019207943,66.320068359375,97.8221206665039
567.5304226742147,31.191009322897827,66.320068359375,97.8221206665039
567.5304226742147,31.191009322897827,66.320068359375,97.8221206665039
567.5304226742147,31.191009322897827,66.320068359375,97.8221206665039
343.1227592638233,0.07117706759927955,66.320068359375,97.8221206665039
364.11983035020324,-35.36313652778105,66.320068359375,97.8221206665039
364.11983035020324,-35.36313652778105,66.320068359375,97.8221206665039
364.11983035020324,-35.36313652778105,66.320068359375,97.8221206665039
-5.41297235406703,76.14896225121655,66.320068359375,97.8221206665039
-23.164535410583646,102.09523070065481,67.78739929199219,99.98643493652344
-30.394706000295436,95.87312706254968,69.28719329833984,102.1986312866211
-29.4181312419326,90.21058298377505,70.82017517089844,104.45977783203125
-34.121166758457,92.26193258274424,72.38706970214844,106.77095031738281
-30.187219023697256,98.00076875518155,73.98863220214844,109.13325500488281
-25.42169854609506,94.93214158833109,75.6256332397461,111.5478286743164
7.301510728695796,97.9505639788305,75.6256332397461,111.5478286743164
-10.713999337750678,102.94868095475286,75.6256332397461,111.5478286743164
-29.41831680012923,79.10984497329,75.6256332397461,111.5478286743164
371.0204954521606,-14.332358217709015,75.6256332397461,111.5478286743164
519.4976531106535,-45.63721034436918,75.6256332397461,111.5478286743164
519.4976531106535,-45.63721034436918,75.6256332397461,111.5478286743164
465.6635849040986,426.74325233595033,75.6256332397461,111.5478286743164
487.8460697793414,564.1379579299814,75.6256332397461,111.5478286743164
546.8571240894689,79.11018682022294,75.6256332397461,111.5478286743164
546.8571240894689,79.11018682022294,75.6256332397461,111.5478286743164
675.3083262414981,14.119655590238182,75.6256332397461,111.5478286743164
675.3083262414981,14.119655590238182,75.6256332397461,111.5478286743164
675.3083262414981,14.119655590238182,75.6256332397461,111.5478286743164
675.3083262414981,14.119655590238182,75.6256332397461,111.5478286743164
675.3083262414981,14.119655590238182,75.6256332397461,111.5478286743164
675.3083262414981,14.119655590238182,75.6256332397461,111.5478286743164
46.82333758584383,189.07579988520374,75.6256332397461,111.5478286743164
46.82333758584383,189.07579988520374,75.6256332397461,111.5478286743164
49.227150482612515,60.477856701571596,75.6256332397461,111.5478286743164
49.227150482612515,60.477856701571596,75.6256332397461,111.5478286743164
49.227150482612515,60.477856701571596,75.6256332397461,111.5478286743164
49.227150482612515,60.477856701571596,75.6256332397461,111.5478286743164
49.227150482612515,60.477856701571596,75.6256332397461,111.5478286743164
80.18588431577189,138.58955634815848,75.6256332397461,111.5478286743164
-29.696755792801888,634.2786392700159,75.6256332397461,111.5478286743164
-29.696755792801888,634.2786392700159,75.6256332397461,111.5478286743164
-6.43292650655777,655.9129591806524,75.6256332397461,111.5478286743164
-33.161598406366245,566.4087095164398,75.6256332397461,111.5478286743164
-33.161598406366245,566.4087095164398,75.6256332397461,111.5478286743164
66.80422515739563,308.4094989995484,75.6256332397461,111.5478286743164
674.4868879720851,157.18494791000145,75.6256332397461,111.5478286743164
751.6537010516338,257.5456513698766,77.2988510131836,114.01582336425781
745.742582181565,261.34035330879306,79.00908660888672,116.53842163085938
738.1105660521237,262.8338424404185,80.75716400146484,119.11683654785156
731.1223397578709,253.79596802026998,82.54391479492188,121.7522964477539
723.97949712628,252.03376904087548,84.37020111083984,124.4460678100586
715.8296155471847,245.98755979006097,86.23689270019531,127.1994400024414
710.9705728698652,241.5431538379368,88.14488220214844,130.01373291015625
707.9783233617535,237.69597589893607,88.14488220214844,130.01373291015625
703.8987630261404,228.718297600791,90.09508514404297,132.89028930664062
699.7289406104121,218.63537500883245,92.08843994140625,135.8304901123047
701.0268896258013,200.91599624436986,94.12590026855469,138.8357391357422
704.222176361336,192.24307510506162,94.12590026855469,138.8357391357422
697.0242761312418,171.2901289044323,96.20843505859375,141.90748596191406
693.5396454961464,154.7142512117139,98.33704376220703,145.0471954345703
696.9047698222707,136.78208585625651,100.51274871826172,148.25636291503906
691.2413476885537,116.43028477772239,102.7365951538086,151.53652954101562
689.7466646911372,95.00649514808597,102.7365951538086,151.53652954101562
693.2342583517757,74.57916085006056,102.7365951538086,151.53652954101562
686.7572986963042,55.14828188364612,102.7365951538086,151.53652954101562
690.2448923569427,34.720947585620706,102.7365951538086,151.53652954101562
681.7750220382493,17.282979282428272,102.7365951538086,151.53652954101562
674.3016070511668,-3.1443550155971423,102.7365951538086,151.53652954101562
670.1146369706222,-18.336251616424562,100.54570770263672,148.30496215820312
673.5366125540745,-23.804609091879172,98.40154266357422,145.14231872558594
675.0457897701997,-27.316527249773138,96.3031005859375,142.047119140625
674.7221951897011,-28.95296453102764,94.24940490722656,139.01792907714844
679.6920743375273,-29.67340444049163,92.23950958251953,136.05332946777344
680.2444379053883,-32.10309134463561,90.27247619628906,133.15194702148438
53.58663117849757,143.12656083548126,90.27247619628906,133.15194702148438
-35.32801884742689,52.98128673035694,88.3473892211914,130.31243896484375
-31.41572031182777,59.09642607929689,90.30207824707031,133.1956024169922
-39.22990434839718,75.34251981485588,92.30001068115234,136.14254760742188
-39.22990434839718,75.34251981485588,92.30001068115234,136.14254760742188
22.51953479083646,592.7676653932881,92.30001068115234,136.14254760742188
-27.165702223151413,586.0534441751817,92.30001068115234,136.14254760742188
-35.670382432752945,587.3962884188029,92.30001068115234,136.14254760742188
-29.851390710394,587.8439031666767,92.30001068115234,136.14254760742188
-22.24193999654,589.1867474102979,92.30001068115234,136.14254760742188
-24.480013735908823,587.8439031666767,92.30001068115234,136.14254760742188
-28.508546466772707,588.2915179145505,92.30001068115234,136.14254760742188
-34.327538189131644,587.8439031666767,92.30001068115234,136.14254760742188
-41.93698890298565,586.5010589230554,92.30001068115234,136.14254760742188
-38.803685667869296,587.8439031666767,92.30001068115234,136.14254760742188
619.7540889062996,-60.35167874522159,92.30001068115234,136.14254760742188
500.24095122400445,-10.666441731233718,92.30001068115234,136.14254760742188
493.18267873905904,-4.2777172430515975,94.34214782714844,139.1547088623047
484.06954185004724,3.201712557549456,96.4294662475586,142.23350524902344
476.1196479970831,10.216324780753112,96.4294662475586,142.23350524902344
468.583817862911,6.774791601396416,94.37307739257812,139.20033264160156
462.6341308254967,9.978469236927197,94.37307739257812,139.20033264160156
454.85377085349336,11.35147393786896,94.37307739257812,139.20033264160156
447.07341088149,14.55515157339974,94.37307739257812,139.20033264160156
440.2083873767812,19.589502143519553,94.37307739257812,139.20033264160156
439.89127689938454,40.92441781887419,92.36054229736328,136.23184204101562
434.9642853715432,48.53885927099263,92.36054229736328,136.23184204101562
426.97197217073267,45.63767980343795,94.40402221679688,139.2459716796875
420.47696684809137,52.858931746438344,92.39083099365234,136.27650451660156
411.96391844085815,57.78753871904705,92.39083099365234,136.27650451660156
402.5547596749688,56.44337318106285,92.39083099365234,136.27650451660156
390.840971119874,54.470955202529524,94.43497467041016,139.2916259765625
381.71886809809376,61.95774084802329,96.52434539794922,142.3734588623047
372.3949351452004,64.75362890057761,98.65995025634766,145.52346801757812
372.3949351452004,64.75362890057761,98.65995025634766,145.52346801757812
604.2105840552637,531.70457286698,98.65995025634766,145.52346801757812
731.9587858343565,610.6500908203519,98.65995025634766,145.52346801757812
720.954259089341,613.9992946123132,98.65995025634766,145.52346801757812
701.2538528403417,619.7014371719275,96.55599975585938,142.42013549804688
659.9581554604998,606.9063402207128,96.55599975585938,142.42013549804688
677.6868906179699,624.221452795439,94.49691772460938,139.3829803466797
664.3970964746861,626.5127966132465,94.49691772460938,139.3829803466797
646.5246146957872,626.9710653768079,94.49691772460938,139.3829803466797
642.6734489728157,627.132141675661,92.48174285888672,136.4105987548828
643.1219450169615,624.889661454932,92.48174285888672,136.4105987548828
638.8416635778956,617.331530226996,94.52790069580078,139.42868041992188
636.3691190488455,612.4598350376305,96.61933135986328,142.51353454589844
635.9005575089249,612.9283965775511,96.61933135986328,142.51353454589844
633.5577498093218,608.7113427182655,96.61933135986328,142.51353454589844
633.0891882694011,601.6829196194564,96.61933135986328,142.51353454589844
627.9350113302744,589.0317580415998,96.61933135986328,142.51353454589844
609.6611112733705,575.4434733839021,96.61933135986328,142.51353454589844
601.69556509472,567.4779272052516,96.61933135986328,142.51353454589844
57.14380605264141,-7.7322741582449055,96.61933135986328,142.51353454589844
155.0856538813377,32.31514000883965,96.61933135986328,142.51353454589844
86.34901073563208,96.47368878850034,96.61933135986328,142.51353454589844
14.866773759410847,63.43164852410939,96.61933135986328,142.51353454589844
502.8918649971347,114.470587051665,96.61933135986328,142.51353454589844
463.53187474916183,124.44406225224017,96.61933135986328,142.51353454589844
463.53187474916183,124.44406225224017,96.61933135986328,142.51353454589844
463.53187474916183,124.44406225224017,96.61933135986328,142.51353454589844
458.0878298992058,112.65872435649325,98.75703430175781,145.66664123535156
439.4096198035429,114.09550974846732,98.75703430175781,145.66664123535156
437.820232742855,114.96851621889905,100.94203186035156,148.88951110839844
440.2678565241408,120.35328853772788,100.94203186035156,148.88951110839844
433.90403469279767,124.75901134404236,100.94203186035156,148.88951110839844
437.3582995884798,123.61980618149121,103.17537689208984,152.18368530273438
434.65956662585785,125.57010522358891,105.4581298828125,155.55075073242188
436.19384419607354,132.21864136119015,105.4581298828125,155.55075073242188
434.65956662585785,136.82147407183717,105.4581298828125,155.55075073242188
436.19384419607354,143.4700102094384,105.4581298828125,155.55075073242188
439.77382519324345,150.11854634703965,105.4581298828125,155.55075073242188
440.28525104998204,158.8127859115951,105.4581298828125,155.55075073242188
441.81952862019773,166.48417376267346,105.4581298828125,155.55075073242188
443.3538061904134,174.15556161375181,105.4581298828125,155.55075073242188
446.93378718758333,180.80409775135303,105.4581298828125,155.55075073242188
450.51376818475325,184.38407874852294,105.4581298828125,155.55075073242188
454.09374918192316,191.03261488612418,105.4581298828125,155.55075073242188
458.6965818925702,198.70400273720253,105.4581298828125,155.55075073242188
464.32226631669425,208.4210940152351,105.4581298828125,155.55075073242188
466.86986680999826,213.59817083905108,107.79138946533203,158.9923095703125
471.5745371943683,217.25735891578336,107.79138946533203,158.9923095703125
474.17850097632174,221.46429223608527,110.17627716064453,162.510009765625
477.9487644446241,226.8729875868384,112.61392974853516,166.1055450439453
482.9356617341093,233.53457020271583,115.10551452636719,169.78062438964844
486.8746073790694,241.50182757169,117.6522216796875,173.53701782226562
484.9811205215277,233.0705363477158,120.25527954101562,177.37652587890625
489.0962932199908,240.18413442018692,122.91592407226562,181.3009796142578
492.06562961483985,230.13874477687915,125.63543701171875,185.31227111816406
495.1006644866809,236.30634969128312,128.4151153564453,189.4123077392578
499.49506685951803,242.61041276905087,131.2563018798828,193.60305786132812
503.9508169950782,236.88159116618783,131.2563018798828,193.60305786132812
508.40656713063834,236.2450554325364,131.2563018798828,193.60305786132812
512.8623172661985,240.70080556809654,131.2563018798828,193.60305786132812
517.3539433119814,245.82353836618665,134.1603546142578,197.8865203857422
521.9082769192909,251.67911014701303,134.1603546142578,197.8865203857422
526.4626105266003,256.2334437543224,134.1603546142578,197.8865203857422
529.7157059603927,259.4865391881149,134.1603546142578,197.8865203857422
535.5712777412191,264.04087279542426,134.1603546142578,197.8865203857422
540.1256113485285,258.1853010145979,134.1603546142578,197.8865203857422
544.679944955838,257.5346819278394,134.1603546142578,197.8865203857422
547.9330403896304,256.88406284108095,134.1603546142578,197.8865203857422
547.4822360321701,252.09592574556245,131.29934692382812,193.66653442382812
548.2685079785177,244.9549768646042,128.4993438720703,189.5365447998047
550.2392934802881,239.16760149271232,125.7590560913086,185.49461364746094
548.6410530490618,232.32797739751982,123.07720947265625,181.53887939453125
547.0768961991901,224.48361196073876,120.45255279541016,177.66751098632812
550.0503258839359,217.93259131410917,117.88386535644531,173.87869262695312
551.8583019764823,211.52127435828697,115.36995697021484,170.17066955566406
554.6557712821566,205.3668418858034,115.36995697021484,170.17066955566406
551.8583019764823,200.3313971355896,115.36995697021484,170.17066955566406
554.7062638662778,195.13534003045987,112.90966033935547,166.54173278808594
554.1587013802539,186.92190274010107,112.90966033935547,166.54173278808594
558.00147137692,178.67003211776006,110.5018310546875,162.99017333984375
559.6962293004693,169.5610994573548,108.14534759521484,159.5143585205078
558.1228564095907,159.59640448178996,108.14534759521484,159.5143585205078
556.549483518712,148.58279424563935,108.14534759521484,159.5143585205078
556.0250258884191,134.42243822773142,108.14534759521484,159.5143585205078
555.5005682581262,120.26208220982349,108.14534759521484,159.5143585205078
554.12617592496,108.31439009998354,105.83911895751953,156.1126708984375
553.6129025116022,90.34982063246318,105.83911895751953,156.1126708984375
552.0730822715291,76.49143847180463,105.83911895751953,156.1126708984375
550.5332620314559,57.50032217756882,105.83911895751953,156.1126708984375
548.9934417913828,46.72158049705661,105.83911895751953,156.1126708984375
546.4270747245941,36.96938564325984,105.83911895751953,156.1126708984375
543.8607076578055,28.24373761617852,105.83911895751953,156.1126708984375
540.2677937643015,23.624276895959,105.83911895751953,156.1126708984375
536.6748798707974,26.190643962747615,105.83911895751953,156.1126708984375
533.0819659772934,24.650823722674446,105.83911895751953,156.1126708984375
529.4890520837894,33.376471749755765,105.83911895751953,156.1126708984375
526.9226850170007,42.102119776837085,105.83911895751953,156.1126708984375
523.3297711234967,52.88086145734928,105.83911895751953,156.1126708984375
521.9846890924076,66.91346918359551,103.58206939697266,152.7835235595703
516.4590843570157,88.51356042194564,103.58206939697266,152.7835235595703
517.0793709320308,107.08862932596082,101.37315368652344,149.52537536621094
518.5542171729592,129.21132293988717,101.37315368652344,149.52537536621094
513.1464476228883,152.31724738109915,101.37315368652344,149.52537536621094
533.3026795822434,160.67470941302687,101.37315368652344,149.52537536621094
523.96198672303,162.1495556539553,101.37315368652344,149.52537536621094
517.5709863456735,140.02686204002896,101.37315368652344,149.52537536621094
510.1967551410314,128.71970752624438,101.37315368652344,149.52537536621094
513.6380630365311,117.4125530124598,101.37315368652344,149.52537536621094
505.8859592575725,108.10766673871782,103.61603546142578,152.8336181640625
501.09035649019233,96.51156560717507,105.90853881835938,156.21505737304688
502.6311866375612,86.75297467383862,105.90853881835938,156.21505737304688
495.9542559989626,82.13048423173188,105.90853881835938,156.21505737304688
488.92106952745803,77.73800557602758,108.25176239013672,159.6713104248047
477.3749895603005,79.78426181373496,110.64683532714844,163.20404052734375
467.1798039954241,70.66225367674025,110.64683532714844,163.20404052734375
461.27732814207457,72.27201981856285,110.64683532714844,163.20404052734375
451.0821425771981,91.05262480649313,110.64683532714844,163.20404052734375
437.0537648497686,114.29916757854869,113.09489440917969,166.81492614746094
424.43916784732204,140.07682232267862,113.09489440917969,166.81492614746094
406.3399634525074,163.66063410986132,113.09489440917969,166.81492614746094
397.0161308854817,178.4690740692551,113.09489440917969,166.81492614746094
388.78921979692956,194.37443550712248,113.09489440917969,166.81492614746094
372.8838583590622,217.95824729430518,113.09489440917969,166.81492614746094
370.14155466287815,232.766687253699,113.09489440917969,166.81492614746094
381.6592301868511,248.67204869156637,113.09489440917969,166.81492614746094
384.40153388303514,255.80203830164487,113.09489440917969,166.81492614746094
390.43460201464,245.38128425614553,113.09489440917969,166.81492614746094
414.0184138018227,231.66976577522536,113.09489440917969,166.81492614746094
422.24532489037483,227.8305406005677,113.09489440917969,166.81492614746094
420.5999426726644,238.25129464606704,113.09489440917969,166.81492614746094
426.63301080426925,253.05973460546085,113.09489440917969,166.81492614746094
427.18147154350606,266.771253086381,113.09489440917969,166.81492614746094
420.05148193342757,279.38585008882757,113.09489440917969,166.81492614746094
415.1153352802963,285.41891822043243,113.09489440917969,166.81492614746094
409.0822671486914,292.5489078305109,113.09489440917969,166.81492614746094
401.9522775386129,299.6788974405894,113.09489440917969,166.81492614746094
393.7253664500608,295.83967226593177,113.09489440917969,166.81492614746094
395.37074866777124,297.4850544836422,113.09489440917969,166.81492614746094
384.9499946222719,301.3242796582999,113.09489440917969,166.81492614746094
375.6261620552462,300.77581891906306,113.09489440917969,166.81492614746094
368.4961724451677,303.5181226152471,113.09489440917969,166.81492614746094
361.3661828350892,307.35734778990474,113.09489440917969,166.81492614746094
354.2361932250107,310.09965148608876,113.09489440917969,166.81492614746094
346.0092821364586,310.6481122253256,113.09489440917969,166.81492614746094
337.78237104790645,307.90580852914155,113.09489440917969,166.81492614746094
333.17325627537116,304.9267633387176,110.68311309814453,163.25755310058594
328.3423744364091,300.09588149975554,110.68311309814453,163.25755310058594
323.51149259744705,296.3385289583406,110.68311309814453,163.25755310058594
318.680610758485,290.43411782183136,110.68311309814453,163.25755310058594
312.77619962197576,279.1620601975865,110.68311309814453,163.25755310058594
308.26537671743375,266.93400604477426,108.32276153564453,159.77603149414062
301.82542436522345,262.05534462142634,106.01274871826172,156.36875915527344
297.1983856141131,254.34361336957573,106.01274871826172,156.36875915527344
293.5995776965828,246.63188211772513,106.01274871826172,156.36875915527344
285.8878464447322,246.11776670093508,106.01274871826172,156.36875915527344
282.2890385272019,237.37780461550443,106.01274871826172,156.36875915527344
277.66199977609153,229.66607336365382,106.01274871826172,156.36875915527344
268.9220376906609,226.06726544612354,106.01274871826172,156.36875915527344
262.2385372723904,221.44022669501317,106.01274871826172,156.36875915527344
257.61149852128,220.92611127822312,106.01274871826172,156.36875915527344
254.01269060374972,219.38376502785297,106.01274871826172,156.36875915527344
250.41388268621944,220.92611127822312,106.01274871826172,156.36875915527344
245.78684393510906,226.58138086291353,106.01274871826172,156.36875915527344
240.13157435041865,229.15195794686372,106.01274871826172,156.36875915527344
239.6174589336286,231.7225350308139,106.01274871826172,156.36875915527344
233.96218934893818,237.37780461550432,106.01274871826172,156.36875915527344
236.53276643288837,240.9766125330346,106.01274871826172,156.36875915527344
237.0468818496784,243.54718961698478,106.01274871826172,156.36875915527344
231.391612264988,242.00484336661464,106.01274871826172,156.36875915527344
234.99965564736164,243.17661542744457,103.75199127197266,153.03414916992188
230.4712898913051,247.7049811835011,103.75199127197266,153.03414916992188
233.99335214601575,251.22704343821175,103.75199127197266,153.03414916992188
237.5154144007264,251.7301951888847,103.75199127197266,153.03414916992188
229.96813814063216,252.23334693955763,103.75199127197266,153.03414916992188
232.48389689399693,247.7049811835011,103.75199127197266,153.03414916992188
227.9555311379404,252.23334693955763,103.75199127197266,153.03414916992188
233.49020039534287,255.75540919426828,103.75199127197266,153.03414916992188
238.0185661513994,258.27116794763305,103.75199127197266,153.03414916992188
232.48389689399693,251.7301951888847,103.75199127197266,153.03414916992188
237.01226265005346,253.23965044090352,103.75199127197266,153.03414916992188
242.54693190745593,248.711284684847,103.75199127197266,153.03414916992188
246.06899416216658,250.2207399368658,103.75199127197266,153.03414916992188
253.6162704222608,244.68607067946334,103.75199127197266,153.03414916992188
259.1509396796633,238.145097920715,103.75199127197266,153.03414916992188
260.6603949316821,235.62933916735022,103.75199127197266,153.03414916992188
261.16354668235505,232.10727691263958,103.75199127197266,153.03414916992188
263.6793054357198,229.5915181592748,103.75199127197266,153.03414916992188
267.20136769043046,224.05684890187234,103.75199127197266,153.03414916992188
269.7171264437952,226.5726076552371,103.75199127197266,153.03414916992188
274.24549219985175,224.05684890187234,103.75199127197266,153.03414916992188
278.7738579559083,223.5536971511994,103.75199127197266,153.03414916992188
285.31483071465664,228.08206290725593,103.75199127197266,153.03414916992188
288.8368929693673,224.56000065254528,103.75199127197266,153.03414916992188
295.2777837767834,229.58651146642654,101.5394515991211,149.77064514160156
303.47981612346,237.3535713971856,99.37409210205078,146.5767364501953
311.5069357690491,242.1679822468492,97.25491333007812,143.45094299316406
316.6950168631015,246.4127758692557,97.25491333007812,143.45094299316406
322.82638542879977,247.82770707672455,97.25491333007812,143.45094299316406
326.12789157956036,249.2426382841934,97.25491333007812,143.45094299316406
332.2592601452586,244.054557190141,97.25491333007812,143.45094299316406
336.50405376766514,249.2426382841934,97.25491333007812,143.45094299316406
341.69213486171753,253.4874319065999,97.25491333007812,143.45094299316406
346.8802159557699,256.7889380573605,97.25491333007812,143.45094299316406
351.12500957817645,259.1471567364752,97.25491333007812,143.45094299316406
353.48322825729116,260.56208794394405,97.25491333007812,143.45094299316406
356.78473440805175,257.26058179318346,97.25491333007812,143.45094299316406
362.91610297375,255.84565058571462,97.25491333007812,143.45094299316406
365.2743216528647,253.4874319065999,97.25491333007812,143.45094299316406
367.63254033197944,246.41277586925577,97.25491333007812,143.45094299316406
370.93404648274003,236.50825741697395,97.25491333007812,143.45094299316406
373.29226516185474,215.28428930494147,97.25491333007812,143.45094299316406
378.48034625590714,196.8901836078466,97.25491333007812,143.45094299316406
381.7818524066677,186.9856651555648,97.25491333007812,143.45094299316406
389.6377929189128,176.2411270186799,95.18092346191406,140.39181518554688
397.32620356275544,167.5053300124929,93.15116119384766,137.39791870117188
402.2953692485055,155.3082869656519,93.15116119384766,137.39791870117188
407.26453493425555,144.91821325908364,93.15116119384766,137.39791870117188
410.42673127973285,136.33510889278813,93.15116119384766,137.39791870117188
412.68544295507377,124.13806584594712,93.15116119384766,137.39791870117188
414.0406699602783,109.23056878869701,93.15116119384766,137.39791870117188
418.106350975892,102.45443376267423,93.15116119384766,137.39791870117188
421.2685473213693,96.58178340678782,93.15116119384766,137.39791870117188
425.33422833698296,90.70913305090141,93.15116119384766,137.39791870117188
429.39990935259664,86.64345203528774,93.15116119384766,137.39791870117188
432.56210569807394,82.57777101967406,93.15116119384766,137.39791870117188
433.9173327032785,79.41557467419676,93.15116119384766,137.39791870117188
436.1760443786194,79.86731700926495,93.15116119384766,137.39791870117188
439.3382407240967,80.31905934433314,93.15116119384766,137.39791870117188
442.500437069574,79.86731700926495,93.15116119384766,137.39791870117188
441.14521006436945,83.02951335474225,93.15116119384766,137.39791870117188
445.2108910799831,82.57777101967406,93.15116119384766,137.39791870117188
447.46960275532405,85.73996736515136,93.15116119384766,137.39791870117188
447.0178604202559,85.28822503008317,93.15116119384766,137.39791870117188
449.2765720955968,87.54693670542409,93.15116119384766,137.39791870117188
449.72831443066497,87.0951943703559,93.15116119384766,137.39791870117188
447.46960275532405,91.16087538596958,93.15116119384766,137.39791870117188
448.8248297605286,90.70913305090139,93.15116119384766,137.39791870117188
450.1800567657331,93.87132939637868,93.15116119384766,137.39791870117188
451.53528377093767,95.22655640158325,93.15116119384766,137.39791870117188
447.469602755324,95.67829873665144,93.15116119384766,137.39791870117188
447.01786042025583,95.22655640158325,93.15116119384766,137.39791870117188
446.56611808518767,96.58178340678782,93.15116119384766,137.39791870117188
447.01786042025583,96.13004107171963,93.15116119384766,137.39791870117188
444.7591487449149,99.29223741719693,93.15116119384766,137.39791870117188
445.21089107998307,99.74397975226512,93.15116119384766,137.39791870117188
440.241725394233,97.4852680769242,93.15116119384766,137.39791870117188
441.59695239943755,100.6474644224015,93.15116119384766,137.39791870117188
437.5312713838239,97.4852680769242,93.15116119384766,137.39791870117188
438.8864983890284,101.55094909253788,93.15116119384766,137.39791870117188
435.7243020435511,99.29223741719696,93.15116119384766,137.39791870117188
434.3690750383466,103.35791843281064,93.15116119384766,137.39791870117188
436.6277867136875,99.29223741719696,93.15116119384766,137.39791870117188
432.5621056980738,104.26140310294699,93.15116119384766,137.39791870117188
431.2068786928693,107.42359944842428,93.15116119384766,137.39791870117188
428.044682347392,103.3579184328106,93.15116119384766,137.39791870117188
424.8824860019147,106.5201147782879,93.15116119384766,137.39791870117188
419.91332031616463,101.55094909253788,93.15116119384766,137.39791870117188
414.04066996027825,97.4852680769242,93.15116119384766,137.39791870117188
409.9749889446646,100.6474644224015,93.15116119384766,137.39791870117188
405.9093079290509,102.00269142760607,93.15116119384766,137.39791870117188
401.8436269134372,106.06837244321974,93.15116119384766,137.39791870117188
397.77794589782354,111.03753812896977,93.15116119384766,137.39791870117188
394.61574955234624,113.29624980431069,93.15116119384766,137.39791870117188
389.6465838665962,117.36193081992437,93.15116119384766,137.39791870117188
385.5809028509825,116.0067038147198,93.15116119384766,137.39791870117188
380.91375350753884,123.13211655538026,91.16468811035156,134.46786499023438
377.19839231439124,129.25331957592041,89.22057342529297,131.6002960205078
373.30426609975797,132.2820844095241,89.22057342529297,131.6002960205078
372.1703862302865,139.10683146346037,87.31791687011719,128.79388427734375
364.9716742743973,143.76482155256517,87.31791687011719,128.79388427734375
360.3136841852925,147.57590435274182,87.31791687011719,128.79388427734375
356.50260138511584,151.38698715291846,87.31791687011719,128.79388427734375
359.4743835578937,158.06619572279516,85.4558334350586,126.04731750488281
354.08687977454895,161.79600603434153,85.4558334350586,126.04731750488281
352.8436096707002,166.3546630817871,85.4558334350586,126.04731750488281
351.6003395668514,170.91332012923266,85.4558334350586,126.04731750488281
350.35706946300263,175.47197717667822,85.4558334350586,126.04731750488281
350.86881147119243,181.2098614427914,83.63346099853516,123.35932159423828
350.5877877956503,186.8253849393106,81.8499526977539,120.72864532470703
354.1386509797848,191.5559775617274,80.10447692871094,118.15406799316406
354.61834646049954,197.68340829729945,78.39622497558594,115.6343994140625
356.5192832841068,204.14659349756408,78.39622497558594,115.6343994140625
360.65320495591806,212.3420282764008,76.72440338134766,113.16846466064453
365.41623164977466,218.9281710919093,75.0882339477539,110.75511169433594
369.3757203114732,223.96992852847308,73.48695373535156,108.39322662353516
373.93776769321346,228.21717159111677,71.9198226928711,106.08171081542969
377.7743437123187,230.65862905782012,71.9198226928711,106.08171081542969
380.91336045522297,232.40252724832249,71.9198226928711,106.08171081542969
386.1450550267301,235.54154399122677,71.9198226928711,106.08171081542969
389.98163104583534,237.28544218172914,71.9198226928711,106.08171081542969
395.9108848935434,239.7268996484325,71.9198226928711,106.08171081542969
403.0650317987448,241.8665302289233,70.3861083984375,103.81948852539062
408.8678425222307,240.84250480713166,70.3861083984375,103.81948852539062
414.6706532457166,243.2318974579788,70.3861083984375,103.81948852539062
421.1561475837302,244.93860649429814,70.3861083984375,103.81948852539062
427.6416419217438,245.279948301562,70.3861083984375,103.81948852539062
435.492503488813,246.98665733788135,70.3861083984375,103.81948852539062
443.34336505588215,248.6933663742007,70.3861083984375,103.81948852539062
455.97301192464556,246.98665733788135,70.3861083984375,103.81948852539062
463.8238734917147,248.6933663742007,70.3861083984375,103.81948852539062
476.45352036047814,246.98665733788135,70.3861083984375,103.81948852539062
486.35243277113057,248.010682759673,70.3861083984375,103.81948852539062
498.982079639894,244.93860649429809,70.3861083984375,103.81948852539062
510.24635927960185,247.3279991451452,70.3861083984375,103.81948852539062
524.2413733774207,244.93860649429809,70.3861083984375,103.81948852539062
534.8229694026008,246.64531553061744,70.3861083984375,103.81948852539062
548.135299885892,245.6212901088258,70.3861083984375,103.81948852539062
562.8129975982387,245.27994830156194,70.3861083984375,103.81948852539062
574.0772772379465,244.93860649429809,70.3861083984375,103.81948852539062
586.70692410671,243.23189745797873,70.3861083984375,103.81948852539062
600.0192545900011,240.8425048071316,70.3861083984375,103.81948852539062
614.0142686878199,237.7704285417567,70.3861083984375,103.81948852539062
628.0092827856388,237.42908673449284,70.3861083984375,103.81948852539062
641.3216132689299,233.67432685459022,70.3861083984375,103.81948852539062
653.9512601376933,230.60225058921532,70.3861083984375,103.81948852539062
667.2635906209845,226.8474907093127,70.3861083984375,103.81948852539062
680.5759211042756,223.09273082941007,70.3861083984375,103.81948852539062
693.205567973039,220.02065456403517,70.3861083984375,103.81948852539062
705.8352148418024,216.94857829866027,70.3861083984375,103.81948852539062
717.782178096038,213.87650203328536,70.3861083984375,103.81948852539062
729.7291413502736,210.12174215338274,70.3861083984375,103.81948852539062
741.6761046045092,207.7323495025356,70.3861083984375,103.81948852539062
752.9403842442171,205.34295685168848,70.3861083984375,103.81948852539062
761.4739294258139,200.22282974273034,70.3861083984375,103.81948852539062
772.0555254509941,197.15075347735547,70.3861083984375,103.81948852539062
779.9063870180632,194.0786772119806,70.3861083984375,103.81948852539062
786.3918813560769,189.64123371755022,70.3861083984375,103.81948852539062
797.6561609957847,186.56915745217535,70.3861083984375,103.81948852539062
802.0936044902151,181.4490303432172,70.3861083984375,103.81948852539062
807.896415213701,178.37695407784233,70.3861083984375,103.81948852539062
813.0165423226591,175.9875614269952,70.3861083984375,103.81948852539062
818.1366694316173,174.28085239067582,70.3861083984375,103.81948852539062
821.8914293115199,171.8914597398287,70.3861083984375,103.81948852539062
825.6461891914225,170.1847507035093,70.3861083984375,103.81948852539062
828.7182654567974,167.11267443813443,70.3861083984375,103.81948852539062
831.1076581076445,166.0886490163428,70.3861083984375,103.81948852539062
832.8143671439639,163.69925636549567,70.3861083984375,103.81948852539062
830.4249744931168,161.9925473291763,70.3861083984375,103.81948852539062
832.1316835294361,159.60315467832916,70.3861083984375,103.81948852539062
826.3288728059503,158.57912925653753,70.3861083984375,103.81948852539062
821.8914293115199,156.87242022021815,70.3861083984375,103.81948852539062
818.1366694316173,153.80034395484327,70.3861083984375,103.81948852539062
814.3819095517147,151.41095130399614,70.3861083984375,103.81948852539062
809.2617824427565,149.02155865314901,70.3861083984375,103.81948852539062
804.1416553337983,147.31484961682963,70.3861083984375,103.81948852539062
798.3388446103124,144.9254569659825,70.3861083984375,103.81948852539062
791.8533502722988,142.53606431513538,70.3861083984375,103.81948852539062
786.0505395488129,144.9254569659825,70.3861083984375,103.81948852539062
778.8823615962716,139.80532985702436,70.3861083984375,103.81948852539062
770.3488164146747,136.7332535916495,70.3861083984375,103.81948852539062
761.8152712330779,134.34386094080236,70.3861083984375,103.81948852539062
753.9644096660087,134.68520274806625,70.3861083984375,103.81948852539062
746.1135480989395,135.70922816985788,70.3861083984375,103.81948852539062
738.2626865318704,130.58910106089974,70.3861083984375,103.81948852539062
729.7291413502735,130.93044286816362,70.3861083984375,103.81948852539062
721.1955961686766,129.22373383184424,70.3861083984375,103.81948852539062
714.0274182161353,128.88239202458035,70.3861083984375,103.81948852539062
706.5528179666834,129.66037868720971,68.88510131835938,101.60550689697266
699.5375035680697,130.66256645844024,68.88510131835938,101.60550689697266
691.8540639886356,131.66475422967076,68.88510131835938,101.60550689697266
683.5024992283812,134.003192362542,68.88510131835938,101.60550689697266
676.4871848297676,136.34163049541323,68.88510131835938,101.60550689697266
668.8037452503335,134.67131754336233,68.88510131835938,101.60550689697266
661.1203056708994,128.324128325569,68.88510131835938,101.60550689697266
653.4368660914653,124.64943983105707,68.88510131835938,101.60550689697266
648.4259272353127,126.31975278310796,68.88510131835938,101.60550689697266
643.6866276434826,128.36910236748597,67.41610717773438,99.43873596191406
640.0903029879499,128.04216376243755,67.41610717773438,99.43873596191406
636.4939783324173,130.33073399777646,67.41610717773438,99.43873596191406
632.8976536768847,131.96542702301855,67.41610717773438,99.43873596191406
629.3013290213521,133.60012004826064,67.41610717773438,99.43873596191406
625.0511271557227,133.92705865330905,67.41610717773438,99.43873596191406
621.4548025001901,136.21562888864796,67.41610717773438,99.43873596191406
619.1662322648511,138.50419912398687,67.41610717773438,99.43873596191406
619.4931708698996,138.83113772903528,67.41610717773438,99.43873596191406
618.5123550547544,139.1580763340837,67.41610717773438,99.43873596191406
620.1470480799965,140.13889214922895,67.41610717773438,99.43873596191406
619.1662322648513,138.50419912398687,67.41610717773438,99.43873596191406
620.1470480799965,138.17726051893845,67.41610717773438,99.43873596191406
620.4739866850449,141.11970796437421,67.41610717773438,99.43873596191406
619.4931708698997,141.44664656942263,67.41610717773438,99.43873596191406
617.8584778446576,141.11970796437421,67.41610717773438,99.43873596191406
618.8392936598028,141.44664656942263,67.41610717773438,99.43873596191406
619.1662322648513,139.81195354418054,67.41610717773438,99.43873596191406
621.4548025001902,142.10052377951945,67.41610717773438,99.43873596191406
623.0894955254323,141.1197079643742,67.41610717773438,99.43873596191406
626.6858201809649,139.4850149391321,67.41610717773438,99.43873596191406
628.9743904163039,138.50419912398684,67.41610717773438,99.43873596191406
632.5707150718365,136.86950609874475,67.41610717773438,99.43873596191406
636.1670397273691,135.23481307350266,67.41610717773438,99.43873596191406
639.7633643829017,134.2539972583574,67.41610717773438,99.43873596191406
643.3596890384343,134.5809358634058,67.41610717773438,99.43873596191406
646.956013693967,133.60012004826055,67.41610717773438,99.43873596191406
651.2062155595963,133.92705865330896,67.41610717773438,99.43873596191406
655.4564174252257,134.90787446845422,67.41610717773438,99.43873596191406
659.7066192908551,136.5425674936963,67.41610717773438,99.43873596191406
664.6106983665813,138.1772605189384,67.41610717773438,99.43873596191406
