721.0,227.0,33.0,100.0
719.73315,229.28033,33.0,100.0
719.4798,230.54718,33.0,100.0
717.70624,229.28033,33.0,100.0
717.4529,231.05392,33.0,100.0
716.18604,230.29382,33.0,100.0
714.50665,229.97618,33.730125,102.2125
713.72974,230.7531,33.730125,102.2125
712.4349,231.01207,33.730125,102.2125
712.1759,232.30696,33.730125,102.2125
711.399,233.08388,33.730125,102.2125
710.6221,233.34285,33.730125,102.2125
709.84515,234.63774,33.730125,102.2125
708.03235,234.37877,33.730125,102.2125
707.25543,236.1916,33.730125,102.2125
705.9606,235.93263,33.730125,102.2125
704.6657,236.70955,33.730125,102.2125
703.37085,236.96852,33.730125,102.2125
703.6298,236.70955,33.730125,102.2125
702.8529,236.45058,33.730125,102.2125
701.1363,235.58853,34.476406,104.47395
701.02954,234.15816,35.239197,106.78544
699.1356,234.42873,35.239197,106.78544
698.8651,235.2404,35.239197,106.78544
699.1356,234.96983,35.239197,106.78544
697.2417,235.2404,35.239197,106.78544
696.00977,233.77838,36.018864,109.14806
695.7332,235.16113,36.018864,109.14806
694.90356,234.33148,36.018864,109.14806
694.0739,234.60803,36.018864,109.14806
694.35046,234.88458,36.018864,109.14806
692.51746,232.81639,36.81578,111.562965
691.8169,231.28894,37.63033,114.031296
689.90186,230.92674,38.462902,116.55424
688.4253,231.22206,38.462902,116.55424
688.7206,231.51738,38.462902,116.55424
687.83466,232.99394,38.462902,116.55424
686.3581,232.69862,38.462902,116.55424
686.0628,234.17519,38.462902,116.55424
685.7675,233.28926,38.462902,116.55424
684.8816,234.76582,38.462902,116.55424
683.99567,233.28926,38.462902,116.55424
683.10974,234.17519,38.462902,116.55424
682.2238,235.06111,38.462902,116.55424
681.3379,233.58455,38.462902,116.55424
680.45197,235.65175,38.462902,116.55424
679.56604,237.12831,38.462902,116.55424
679.27075,236.24239,38.462902,116.55424
678.3848,237.12831,38.462902,116.55424
677.4989,236.833,38.462902,116.55424
676.613,237.12831,38.462902,116.55424
676.3177,239.19551,38.462902,116.55424
675.43176,238.30959,38.462902,116.55424
673.9552,239.78615,38.462902,116.55424
672.47864,238.90022,38.462902,116.55424
672.18335,240.37679,38.462902,116.55424
670.7068,241.26271,38.462902,116.55424
670.4115,242.14864,38.462902,116.55424
668.93494,241.85332,38.462902,116.55424
668.049,242.73924,38.462902,116.55424
667.1631,243.03456,38.462902,116.55424
666.8678,243.92049,38.462902,116.55424
665.39124,244.2158,38.462902,116.55424
666.27716,245.10173,38.462902,116.55424
664.8006,244.2158,38.462902,116.55424
663.9147,245.10173,38.462902,116.55424
663.02875,244.80641,38.462902,116.55424
662.73346,245.10173,38.462902,116.55424
662.4382,245.98766,38.462902,116.55424
661.55225,245.69234,38.462902,116.55424
660.6663,246.57826,38.462902,116.55424
660.37103,246.87358,38.462902,116.55424
658.41364,243.43948,39.313892,119.133
658.1118,244.34503,39.313892,119.133
656.6026,244.04318,39.313892,119.133
656.9044,244.94873,39.313892,119.133
655.3952,244.04318,39.313892,119.133
655.0934,245.55243,39.313892,119.133
653.58417,245.85428,39.313892,119.133
653.28235,247.36353,39.313892,119.133
652.37683,247.06168,39.313892,119.133
652.075,246.75983,39.313892,119.133
650.5658,247.06168,39.313892,119.133
651.4713,247.36353,39.313892,119.133
649.9621,247.66537,39.313892,119.133
648.4529,248.57092,39.313892,119.133
648.7547,248.87277,39.313892,119.133
647.8492,249.17462,39.313892,119.133
646.33997,248.26907,39.313892,119.133
646.6418,249.17462,39.313892,119.133
645.73627,248.87277,39.313892,119.133
644.83075,249.77832,39.313892,119.133
643.92523,250.08017,39.313892,119.133
641.8123,249.17462,39.313892,119.133
643.32153,250.08017,39.313892,119.133
640.6049,248.57092,39.313892,119.133
640.90674,250.08017,39.313892,119.133
639.3975,249.17462,39.313892,119.133
639.0957,249.47647,39.313892,119.133
638.1902,249.17462,39.313892,119.133
637.28467,249.47647,39.313892,119.133
636.98285,250.98572,39.313892,119.133
636.07733,250.08017,39.313892,119.133
635.7755,250.38202,39.313892,119.133
634.87,250.68387,39.313892,119.133
633.3608,251.58942,39.313892,119.133
633.6626,250.68387,39.313892,119.133
633.9644,250.98572,39.313892,119.133
632.4552,250.68387,39.313892,119.133
632.1534,251.58942,39.313892,119.133
631.85156,251.89127,39.313892,119.133
630.94604,252.79681,39.313892,119.133
630.6442,252.49496,39.313892,119.133
630.3424,253.40051,39.313892,119.133
629.4369,253.09866,39.313892,119.133
629.7387,253.40051,39.313892,119.133
630.0405,253.70236,39.313892,119.133
628.5313,254.60791,39.313892,119.133
629.4368,254.30606,39.313892,119.133
628.5313,255.21161,39.313892,119.133
628.8331,254.90976,39.313892,119.133
628.5313,255.8153,39.313892,119.133
627.6258,255.51346,39.313892,119.133
627.9276,254.60791,39.313892,119.133
626.4184,255.51346,39.313892,119.133
626.7202,254.60791,39.313892,119.133
627.02203,254.90976,39.313892,119.133
625.5128,255.21161,39.313892,119.133
626.41833,253.70236,39.313892,119.133
626.1165,254.60791,39.313892,119.133
625.211,254.30606,39.313892,119.133
625.5128,254.60791,39.313892,119.133
625.211,254.90976,39.313892,119.133
624.9092,255.21161,39.313892,119.133
624.00366,253.70236,39.313892,119.133
623.09814,254.00421,39.313892,119.133
623.39996,253.09866,39.313892,119.133
623.09814,253.40051,39.313892,119.133
622.1926,253.70236,39.313892,119.133
622.49445,254.00421,39.313892,119.133
623.39996,252.49496,39.313892,119.133
623.09814,252.19312,39.313892,119.133
623.39996,252.49496,39.313892,119.133
622.0255,250.23753,40.183712,121.76882
622.9511,249.929,40.183712,121.76882
623.46686,248.26184,41.072777,124.46296
622.5208,249.20789,41.072777,124.46296
624.0976,248.89255,41.072777,124.46296
622.5208,248.57721,41.072777,124.46296
623.46686,248.26187,41.072777,124.46296
623.1515,249.20792,41.072777,124.46296
622.20544,248.26187,41.072777,124.46296
622.5208,247.94653,41.072777,124.46296
621.57477,247.6312,41.072777,124.46296
622.5208,246.68515,41.072777,124.46296
620.94403,247.6312,41.072777,124.46296
621.8901,247.31586,41.072777,124.46296
620.3133,246.36981,41.072777,124.46296
619.36725,246.68515,41.072777,124.46296
618.4212,246.36981,41.072777,124.46296
618.7366,245.42377,41.072777,124.46296
617.7905,244.47772,41.072777,124.46296
618.1059,244.16238,41.072777,124.46296
617.15985,243.84705,41.072777,124.46296
616.8445,243.53171,41.072777,124.46296
617.15985,243.21637,41.072777,124.46296
615.58307,243.53171,41.072777,124.46296
615.89844,242.58566,41.072777,124.46296
614.9524,242.27032,41.072777,124.46296
614.637,242.58566,41.072777,124.46296
613.691,242.901,41.072777,124.46296
612.9094,241.8513,41.98151,127.216705
611.94244,242.17363,41.98151,127.216705
610.97546,243.14061,41.98151,127.216705
611.2978,244.10759,41.98151,127.216705
609.0415,244.42992,41.98151,127.216705
608.0745,244.10759,41.98151,127.216705
607.7522,245.07457,41.98151,127.216705
607.4299,244.75224,41.98151,127.216705
605.81824,244.42992,41.98151,127.216705
605.4959,243.46294,41.98151,127.216705
603.8843,243.14061,41.98151,127.216705
604.2066,242.81828,41.98151,127.216705
601.9503,243.14061,41.98151,127.216705
602.27264,242.81828,41.98151,127.216705
600.661,243.14061,41.98151,127.216705
601.628,243.46294,41.98151,127.216705
600.01636,243.14061,41.98151,127.216705
599.0494,244.75224,41.98151,127.216705
598.72705,245.07457,41.98151,127.216705
599.0494,245.3969,41.98151,127.216705
597.43774,245.71922,41.98151,127.216705
597.1154,246.04155,41.98151,127.216705
596.14844,246.36388,41.98151,127.216705
595.18146,246.04155,41.98151,127.216705
594.2145,245.71922,41.98151,127.216705
593.2475,246.04155,41.98151,127.216705
592.9252,246.36388,41.98151,127.216705
592.12634,244.62213,42.91035,130.03137
589.8201,242.97482,42.91035,130.03137
590.1496,244.62213,42.91035,130.03137
588.5023,243.63376,42.91035,130.03137
587.5139,245.93997,42.91035,130.03137
587.18445,246.92834,42.91035,130.03137
585.5372,246.59888,42.91035,130.03137
585.2077,246.26941,42.91035,130.03137
584.2193,248.57562,42.91035,130.03137
583.2309,247.58725,42.91035,130.03137
582.2425,247.91672,42.91035,130.03137
581.913,248.90509,42.91035,130.03137
581.09656,248.49207,43.85974,132.90831
579.4128,249.50232,43.85974,132.90831
579.7495,249.83908,43.85974,132.90831
578.06573,248.82883,43.85974,132.90831
579.076,249.83908,43.85974,132.90831
576.71875,249.50232,43.85974,132.90831
577.729,251.18607,43.85974,132.90831
576.71875,251.52283,43.85974,132.90831
575.7085,252.53308,43.85974,132.90831
575.37177,252.86984,43.85974,132.90831
573.688,252.53308,43.85974,132.90831
574.0247,253.54333,43.85974,132.90831
573.01447,253.8801,43.85974,132.90831
572.67773,253.54333,43.85974,132.90831
571.6675,254.55359,43.85974,132.90831
570.6572,254.21683,43.85974,132.90831
569.647,253.88007,43.85974,132.90831
569.31024,253.5433,43.85974,132.90831
568.3,254.55356,43.85974,132.90831
568.6367,254.2168,43.85974,132.90831
568.3,255.22705,43.85974,132.90831
567.96326,255.56381,43.85974,132.90831
569.64703,256.57407,43.85974,132.90831
569.3103,256.91083,43.85974,132.90831
568.9736,257.2476,43.85974,132.90831
571.3308,258.93134,43.85974,132.90831
570.32056,258.59457,43.85974,132.90831
572.00433,259.60483,43.85974,132.90831
574.3616,261.28857,43.85974,132.90831
574.6983,262.29883,43.85974,132.90831
577.72906,263.98257,43.85974,132.90831
578.7393,262.97232,43.85974,132.90831
581.09656,263.98257,43.85974,132.90831
580.0863,261.62534,43.85974,132.90831
583.11707,263.30908,43.85974,132.90831
583.4538,264.31934,43.85974,132.90831
585.81104,262.6356,43.85974,132.90831
588.1683,262.97235,43.85974,132.90831
589.1785,263.9826,43.85974,132.90831
590.1888,262.29886,43.85974,132.90831
593.57764,267.28638,42.92442,130.074
594.56635,264.97937,42.92442,130.074
596.2142,266.6272,42.92442,130.074
596.54376,263.66107,42.92442,130.074
599.5099,265.96808,42.92442,130.074
600.4986,264.97937,42.92442,130.074
602.1464,265.96808,42.92442,130.074
603.13513,266.2976,42.92442,130.074
604.78296,267.28632,42.92442,130.074
607.08997,268.27502,42.92442,130.074
608.0787,267.9455,42.92442,130.074
610.3857,266.9568,42.92442,130.074
612.0335,266.6272,42.92442,130.074
614.3405,265.6385,42.92442,130.074
613.3518,265.96808,42.92442,130.074
615.6588,266.2976,42.92442,130.074
617.30664,267.28632,42.92442,130.074
618.29535,267.6159,42.92442,130.074
619.9432,266.6272,42.92442,130.074
621.591,265.6385,42.92442,130.074
622.5797,265.96802,42.92442,130.074
623.5684,266.2976,42.92442,130.074
625.8754,265.3089,42.92442,130.074
626.42633,262.84415,43.874123,132.95189
628.78436,263.181,43.874123,132.95189
629.7949,264.1916,43.874123,132.95189
632.15295,265.20218,43.874123,132.95189
634.511,266.88647,43.874123,132.95189
636.1953,268.57077,43.874123,132.95189
637.2059,268.90762,43.874123,132.95189
638.21643,269.24448,43.874123,132.95189
639.90076,268.90762,43.874123,132.95189
640.9113,270.59192,43.874123,132.95189
641.9219,271.6025,43.874123,132.95189
643.6062,271.93936,43.874123,132.95189
644.61676,272.2762,43.874123,132.95189
645.6273,271.93936,43.874123,132.95189
646.6379,273.62366,43.874123,132.95189
647.64844,273.2868,43.874123,132.95189
650.0065,273.62366,43.874123,132.95189
651.6908,274.63425,43.874123,132.95189
652.02765,274.9711,43.874123,132.95189
654.3857,275.9817,43.874123,132.95189
656.07,276.31854,43.874123,132.95189
656.40686,275.30795,43.874123,132.95189
658.0912,276.31854,43.874123,132.95189
659.10175,276.6554,43.874123,132.95189
660.7861,276.99225,43.874123,132.95189
661.1229,277.3291,43.874123,132.95189
662.1335,278.3397,43.874123,132.95189
662.47034,278.00284,43.874123,132.95189
664.82837,279.01343,43.874123,132.95189
664.4915,278.00284,43.874123,132.95189
666.17584,278.3397,43.874123,132.95189
666.5127,277.3291,43.874123,132.95189
668.197,277.66595,43.874123,132.95189
669.2076,278.0028,43.874123,132.95189
670.21814,278.33966,43.874123,132.95189
671.2287,278.0028,43.874123,132.95189
671.56555,278.33966,43.874123,132.95189
671.2287,278.0028,43.874123,132.95189
672.913,278.33966,43.874123,132.95189
673.2499,280.02396,43.874123,132.95189
672.913,280.3608,43.874123,132.95189
672.5762,279.35022,43.874123,132.95189
673.58673,280.3608,43.874123,132.95189
672.5762,276.65533,43.874123,132.95189
674.2605,276.31848,43.874123,132.95189
674.59735,277.32907,43.874123,132.95189
674.2605,277.66592,43.874123,132.95189
675.27106,279.35022,43.874123,132.95189
674.9342,281.03452,43.874123,132.95189
675.27106,279.35022,43.874123,132.95189
676.9554,280.3608,43.874123,132.95189
679.9871,280.02396,43.874123,132.95189
680.9977,281.03455,43.874123,132.95189
682.00824,282.04514,43.874123,132.95189
683.69257,282.382,43.874123,132.95189
684.0294,283.39258,43.874123,132.95189
685.04,284.40317,43.874123,132.95189
685.37683,284.0663,43.874123,132.95189
686.3874,284.40317,43.874123,132.95189
687.39795,284.74002,43.874123,132.95189
688.4085,285.7506,43.874123,132.95189
688.74536,286.08746,43.874123,132.95189
689.0822,285.7506,43.874123,132.95189
690.76654,286.08746,43.874123,132.95189
691.1034,286.42432,43.874123,132.95189
691.44025,287.4349,43.874123,132.95189
692.4508,287.09805,43.874123,132.95189
692.78766,286.7612,43.874123,132.95189
692.4508,287.7718,43.874123,132.95189
693.46136,287.43494,43.874123,132.95189
693.1245,287.7718,43.874123,132.95189
693.46136,288.10864,43.874123,132.95189
692.6265,284.8904,44.844837,135.89345
691.59357,286.61197,44.844837,135.89345
691.24927,285.57904,44.844837,135.89345
690.39594,283.00403,45.83703,138.90009
692.1556,284.76367,45.83703,138.90009
690.39594,285.81946,45.83703,138.90009
691.7145,283.18747,46.851173,141.97325
691.35474,283.54718,46.851173,141.97325
692.4339,284.62634,46.851173,141.97325
692.07416,284.98605,46.851173,141.97325
691.7144,285.34576,46.851173,141.97325
691.3547,285.70547,46.851173,141.97325
693.15326,286.78464,46.851173,141.97325
692.7935,287.14435,46.851173,141.97325
692.4338,286.0652,46.851173,141.97325
694.23236,285.70547,46.851173,141.97325
693.1532,286.0652,46.851173,141.97325
694.23236,285.70547,46.851173,141.97325
694.5921,287.50406,46.851173,141.97325
694.23236,287.86377,46.851173,141.97325
695.3115,287.50406,46.851173,141.97325
694.9518,287.14435,46.851173,141.97325
694.59204,286.78464,46.851173,141.97325
694.2323,287.14435,46.851173,141.97325
696.7503,287.50406,46.851173,141.97325
694.9517,287.86377,46.851173,141.97325
694.592,288.22348,46.851173,141.97325
693.5128,287.86377,46.851173,141.97325
696.0308,288.22348,46.851173,141.97325
693.5128,287.86377,46.851173,141.97325
693.87256,288.94293,46.851173,141.97325
690.63513,290.0221,46.851173,141.97325
692.4337,289.66238,46.851173,141.97325
690.63513,290.74155,46.851173,141.97325
688.83655,291.10126,46.851173,141.97325
689.9157,291.46097,46.851173,141.97325
688.1171,291.82068,46.851173,141.97325
687.7574,292.89984,46.851173,141.97325
685.2394,292.54013,46.851173,141.97325
686.31854,292.89984,46.851173,141.97325
683.80054,292.54013,46.851173,141.97325
683.4408,292.89984,46.851173,141.97325
683.08105,293.25955,46.851173,141.97325
681.2825,292.1804,46.851173,141.97325
680.2033,291.82068,46.851173,141.97325
679.84357,292.89984,46.851173,141.97325
678.7644,293.979,46.851173,141.97325
677.68524,293.6193,46.851173,141.97325
677.3255,293.25958,46.851173,141.97325
676.96576,292.89987,46.851173,141.97325
676.606,294.69846,46.851173,141.97325
674.80743,295.05817,46.851173,141.97325
675.1672,295.41788,46.851173,141.97325
676.24634,295.7776,46.851173,141.97325
675.8866,297.57617,46.851173,141.97325
674.088,298.65533,46.851173,141.97325
673.00885,298.29562,46.851173,141.97325
672.6491,299.3748,46.851173,141.97325
672.28937,299.7345,46.851173,141.97325
672.6491,300.81366,46.851173,141.97325
671.56995,301.89282,46.851173,141.97325
673.3685,302.25253,46.851173,141.97325
671.56995,302.61224,46.851173,141.97325
671.9297,303.6914,46.851173,141.97325
670.1311,304.05112,46.851173,141.97325
671.21027,304.41083,46.851173,141.97325
668.69226,304.05112,46.851173,141.97325
666.8937,303.6914,46.851173,141.97325
665.8145,304.77057,46.851173,141.97325
664.73535,305.13028,46.851173,141.97325
663.6562,304.77057,46.851173,141.97325
661.8576,307.2886,46.851173,141.97325
660.96606,303.852,47.887756,145.11441
660.0549,301.1023,48.947273,148.32507
658.9274,302.98135,48.947273,148.32507
657.8,302.60553,48.947273,148.32507
657.4242,302.2297,48.947273,148.32507
657.0484,303.35715,48.947273,148.32507
655.1694,302.98132,48.947273,148.32507
654.04193,302.6055,48.947273,148.32507
652.1629,302.98132,48.947273,148.32507
650.45166,300.9506,50.03023,151.60677
650.0675,302.10297,50.03023,151.60677
648.14685,302.4871,50.03023,151.60677
649.29926,303.63947,50.03023,151.60677
647.3786,304.0236,50.03023,151.60677
646.99445,304.4077,50.03023,151.60677
644.30554,304.79184,50.03023,151.60677
645.45795,304.4077,50.03023,151.60677
643.70886,303.1291,51.13715,154.96106
642.531,304.30698,51.13715,154.96106
641.35315,303.91434,51.13715,154.96106
642.531,303.5217,51.13715,154.96106
640.5679,303.91434,51.13715,154.96106
641.4916,308.97253,50.046635,151.65646
640.3388,307.05127,50.046635,151.65646
642.2601,307.43555,50.046635,151.65646
640.3388,309.3568,50.046635,151.65646
642.2601,309.74103,50.046635,151.65646
641.8758,309.3568,50.046635,151.65646
640.723,309.74103,50.046635,151.65646
642.6443,310.1253,50.046635,151.65646
642.26,310.50952,50.046635,151.65646
644.1813,310.8938,50.046635,151.65646
645.33405,311.278,50.046635,151.65646
645.7183,311.6623,50.046635,151.65646
646.1026,312.0465,50.046635,151.65646
647.2554,313.19928,50.046635,151.65646
646.8711,313.5835,50.046635,151.65646
648.02386,314.73627,50.046635,151.65646
646.1026,315.12048,50.046635,151.65646
648.02386,317.04175,50.046635,151.65646
647.6396,317.42603,50.046635,151.65646
648.79236,318.57874,50.046635,151.65646
649.17664,318.963,50.046635,151.65646
651.0979,319.34723,50.046635,151.65646
651.4822,321.2685,50.046635,151.65646
651.86646,320.88428,50.046635,151.65646
654.10345,319.60522,51.153915,155.01186
655.28174,319.998,51.153915,155.01186
657.2455,320.39075,51.153915,155.01186
657.63824,321.569,51.153915,155.01186
657.2455,322.74725,51.153915,155.01186
657.9021,318.18005,52.285694,158.4415
659.9093,320.9901,52.285694,158.4415
661.9165,322.19446,52.285694,158.4415
662.31793,322.5959,52.285694,158.4415
665.12805,325.40594,52.285694,158.4415
667.9382,327.41315,52.285694,158.4415
670.7483,330.22327,52.285694,158.4415
675.96704,331.42755,52.285694,158.4415
679.58,332.6319,52.285694,158.4415
683.193,333.03333,52.285694,158.4415
685.2002,333.43475,52.285694,158.4415
688.0103,333.03333,52.285694,158.4415
689.21466,331.82898,52.285694,158.4415
690.419,330.6247,52.285694,158.4415
690.82043,329.42035,52.285694,158.4415
692.32446,327.2511,53.442516,161.94702
694.3761,328.4821,53.442516,161.94702
695.91345,327.11627,54.62493,165.5301
699.6881,328.37448,54.62493,165.5301
701.78516,328.79388,54.62493,165.5301
705.5598,329.2133,54.62493,165.5301
703.6501,328.6875,55.833508,169.19246
709.22296,331.6883,55.833508,169.19246
709.6517,332.97433,55.833508,169.19246
714.3672,335.11774,55.833508,169.19246
716.8628,331.91174,57.068825,172.93584
720.8063,333.22626,57.068825,172.93584
724.74976,334.54077,57.068825,172.93584
727.81696,335.8553,57.068825,172.93584
731.76044,338.0461,57.068825,172.93584
734.82764,340.23694,57.068825,172.93584
737.0185,341.55145,57.068825,172.93584
740.962,342.86597,57.068825,172.93584
743.15283,345.0568,57.068825,172.93584
744.79456,340.87073,58.331474,176.76204
748.8253,342.21432,58.331474,176.76204
748.64465,339.79422,59.62206,180.6729
750.93353,342.99863,59.62206,180.6729
754.13794,344.37195,59.62206,180.6729
757.34235,348.49188,59.62206,180.6729
758.71564,351.6963,59.62206,180.6729
759.1734,354.9007,59.62206,180.6729
762.01526,358.15082,58.3506,176.81999
762.46326,359.49484,58.3506,176.81999
763.8073,359.94284,58.3506,176.81999
765.725,361.3964,57.10626,173.04926
770.1373,341.6886,55.88845,169.35893
768.85004,335.25204,55.88845,169.35893
772.712,338.25577,55.88845,169.35893
777.0302,345.43832,54.696613,165.7473
779.6373,349.2295,53.530193,162.21269
779.2263,343.8865,53.530193,162.21269
785.7392,351.55826,52.388645,158.75346
789.01166,349.76175,51.271442,155.368
783.8941,354.87927,51.271442,155.368
788.2243,349.76175,51.271442,155.368
792.5545,355.6666,51.271442,155.368
796.0974,360.78412,51.271442,155.368
793.3418,357.2412,51.271442,155.368
797.672,359.9968,51.271442,155.368
795.8795,359.5033,52.405823,158.80551
794.6725,355.07727,52.405823,158.80551
791.85596,358.69855,52.405823,158.80551
792.2583,352.66302,52.405823,158.80551
790.24646,356.2843,52.405823,158.80551
787.3148,353.71155,51.288254,155.41893
779.04535,356.46805,51.288254,155.41893
771.62164,358.5048,50.194515,152.10457
764.2993,360.43173,50.194515,152.10457
756.2062,354.65094,50.194515,152.10457
747.3423,354.26556,50.194515,152.10457
742.3323,350.0263,50.194515,152.10457
734.3239,352.0196,49.124104,148.86089
727.94055,351.0621,48.07652,145.68639
721.6654,352.1695,48.07652,145.68639
714.65204,349.5856,48.07652,145.68639
700.9944,350.693,48.07652,145.68639
691.76624,347.37085,48.07652,145.68639
685.4911,345.5252,48.07652,145.68639
679.9542,342.9413,48.07652,145.68639
673.6791,342.57217,48.07652,145.68639
670.2781,340.21198,47.051273,142.57957
666.25323,341.38406,46.04789,139.53902
662.3642,338.9092,46.04789,139.53902
658.47516,342.09116,46.04789,139.53902
654.5861,342.4447,46.04789,139.53902
651.4042,339.26276,46.04789,139.53902
647.51514,339.6163,46.04789,139.53902
643.6261,338.55566,46.04789,139.53902
639.73706,338.9092,46.04789,139.53902
636.5551,338.55566,46.04789,139.53902
632.6661,338.20212,46.04789,139.53902
630.1912,339.26276,46.04789,139.53902
627.7164,338.9092,46.04789,139.53902
626.6557,339.26276,46.04789,139.53902
622.0596,337.495,46.04789,139.53902
617.43896,338.6421,45.065903,136.56331
615.0169,337.60406,45.065903,136.56331
609.8268,337.25806,45.065903,136.56331
604.63666,336.22003,45.065903,136.56331
599.44653,333.79797,45.065903,136.56331
595.64044,331.37592,45.065903,136.56331
590.4503,330.3379,45.065903,136.56331
586.6442,328.60785,45.065903,136.56331
580.07,327.56982,45.065903,136.56331
574.8799,327.22382,45.065903,136.56331
571.0738,324.80176,45.065903,136.56331
564.4996,322.3797,45.065903,136.56331
559.30945,319.95764,45.065903,136.56331
554.1441,315.21603,46.062984,139.58478
550.9611,314.15503,46.062984,139.58478
550.6075,313.80136,46.062984,139.58478
550.9611,309.91104,46.062984,139.58478
550.6075,304.60605,46.062984,139.58478
547.4245,309.2037,46.062984,139.58478
550.2173,305.8249,47.082127,142.6731
548.40985,306.18637,47.082127,142.6731
548.04834,304.3789,47.082127,142.6731
544.7949,306.18637,47.082127,142.6731
541.5415,305.1019,47.082127,142.6731
538.2881,302.57147,47.082127,142.6731
536.48065,300.04105,47.082127,142.6731
533.22723,300.40253,47.082127,142.6731
532.14276,297.1491,47.082127,142.6731
529.6123,293.8957,47.082127,142.6731
524.18994,297.1491,47.082127,142.6731
518.7676,293.8957,47.082127,142.6731
511.89923,297.1491,47.082127,142.6731
505.03088,300.40253,47.082127,142.6731
498.16254,302.93295,47.082127,142.6731
491.2942,300.40253,47.082127,142.6731
484.39755,300.69946,48.123817,145.82974
476.6383,303.2859,48.123817,145.82974
470.357,321.3908,48.123817,145.82974
464.07568,318.06543,48.123817,145.82974
454.83847,312.52307,48.123817,145.82974
448.55716,303.2859,48.123817,145.82974
443.01483,298.48254,48.123817,145.82974
438.95047,295.89612,48.123817,145.82974
440.05893,293.3097,48.123817,145.82974
438.95047,293.67914,48.123817,145.82974
440.05893,294.04865,48.123817,145.82974
440.4284,293.67914,48.123817,145.82974
441.53687,293.3097,48.123817,145.82974
439.68942,292.20123,48.123817,145.82974
441.53687,290.35376,48.123817,145.82974
439.0878,289.89056,49.188557,149.05623
439.46545,290.26822,49.188557,149.05623
438.33246,289.89056,49.188557,149.05623
437.9548,288.75757,49.188557,149.05623
434.55582,289.13522,49.188557,149.05623
432.6675,289.51288,49.188557,149.05623
430.02386,289.89053,49.188557,149.05623
428.13556,284.9809,49.188557,149.05623
425.3839,288.3903,48.139595,145.87756
422.79663,289.4991,48.139595,145.87756
421.6878,292.8256,48.139595,145.87756
418.36133,295.41287,48.139595,145.87756
415.77405,297.26093,48.139595,145.87756
415.40445,299.8482,48.139595,145.87756
411.33875,303.17468,48.139595,145.87756
409.4907,305.76196,48.139595,145.87756
407.64264,299.4786,48.139595,145.87756
405.05536,300.58743,48.139595,145.87756
401.72888,301.69626,48.139595,145.87756
402.09848,299.8482,48.139595,145.87756
399.5112,301.69626,48.139595,145.87756
400.62003,305.02274,48.139595,145.87756
401.72885,309.08844,48.139595,145.87756
405.44843,325.25015,47.113003,142.76668
407.25705,327.05878,47.113003,142.76668
411.23605,327.4205,47.113003,142.76668
412.78436,306.28027,46.108303,139.72214
415.9705,300.9701,46.108303,139.72214
419.86465,302.74017,46.108303,139.72214
427.29895,304.51025,46.108303,139.72214
433.3172,303.44818,46.108303,139.72214
441.4595,301.6781,46.108303,139.72214
449.6018,305.57227,46.108303,139.72214
459.1602,308.75842,46.108303,139.72214
466.59448,309.82043,46.108303,139.72214
476.86087,311.5905,46.108303,139.72214
484.29517,311.94452,46.108303,139.72214
491.72943,311.5905,46.108303,139.72214
501.28778,309.82043,46.108303,139.72214
509.4301,312.29852,46.108303,139.72214
516.8644,309.11243,46.108303,139.72214
527.1308,313.0066,46.108303,139.72214
533.85706,314.0686,46.108303,139.72214
541.9994,315.83868,46.108303,139.72214
549.43365,313.3606,46.108303,139.72214
558.10583,308.50934,47.12845,142.81349
566.4283,308.8712,47.12845,142.81349
574.02704,306.33826,47.12845,142.81349
580.9021,307.4238,47.12845,142.81349
589.22455,304.16718,47.12845,142.81349
596.0996,305.25272,47.12845,142.81349
602.9747,305.61456,47.12845,142.81349
609.84973,304.52902,47.12845,142.81349
616.0011,305.61456,47.12845,142.81349
622.15247,300.18686,47.12845,142.81349
627.58014,301.2724,47.12845,142.81349
632.2841,302.35794,47.12845,142.81349
638.4355,301.9961,47.12845,142.81349
643.86316,302.35794,47.12845,142.81349
648.56714,302.7198,47.12845,142.81349
652.5474,300.18686,47.12845,142.81349
656.5277,301.9961,47.12845,142.81349
660.508,302.35794,47.12845,142.81349
663.7646,303.44348,47.12845,142.81349
667.7449,305.25272,47.12845,142.81349
670.2778,306.33826,47.12845,142.81349
674.25806,307.4238,47.12845,142.81349
676.5044,309.99286,46.12342,139.76794
680.0682,313.87247,45.139824,136.78735
682.4942,335.70688,45.139824,136.78735
684.9202,340.90555,45.139824,136.78735
686.65314,339.17267,45.139824,136.78735
687.6929,336.7466,45.139824,136.78735
690.5125,325.17715,44.177204,133.87032
692.20844,325.51633,44.177204,133.87032
694.58276,327.21225,44.177204,133.87032
696.2787,328.90817,44.177204,133.87032
697.9746,330.6041,44.177204,133.87032
699.67053,324.15955,44.177204,133.87032
700.6881,326.53384,44.177204,133.87032
697.7361,319.07047,45.154625,136.8322
696.8769,317.91644,46.15367,139.8596
696.734,316.00162,47.17482,142.954
697.8206,316.36383,47.17482,142.954
698.1828,319.62366,47.17482,142.954
695.03046,318.41803,48.218563,146.11685
693.9198,316.56696,48.218563,146.11685
695.7709,313.9754,48.218563,146.11685
691.0123,314.2795,49.2854,149.34969
690.8597,309.09393,50.37584,152.65405
692.7936,311.8014,50.37584,152.65405
692.4068,307.5468,50.37584,152.65405
689.0406,304.65424,51.490406,156.03152
683.13885,299.23666,52.62963,159.48372
678.7835,293.69922,53.79406,163.0123
672.61774,285.46823,54.984253,166.61894
665.4396,274.4272,56.20078,170.30539
667.95166,292.68896,57.44422,174.0734
663.1979,284.81458,58.715176,177.92477
659.27435,283.31403,60.014248,181.86136
655.1273,283.77478,60.014248,181.86136
650.9803,284.2356,60.014248,181.86136
647.7548,283.77478,60.014248,181.86136
643.6078,280.54932,60.014248,181.86136
644.9901,281.01013,60.014248,181.86136
645.45087,281.4709,60.014248,181.86136
647.1773,280.89325,61.342064,185.88504
648.5902,281.3642,61.342064,185.88504
650.3548,278.8192,62.699257,189.99774
652.15845,276.2179,64.08648,194.20145
654.6187,276.70996,64.08648,194.20145
658.06305,272.2815,64.08648,194.20145
660.5233,273.75763,64.08648,194.20145
662.9836,274.2497,64.08648,194.20145
666.4279,274.7417,64.08648,194.20145
669.87225,267.36102,64.08648,194.20145
673.3166,261.9485,64.08648,194.20145
668.8882,281.13837,64.08648,194.20145
662.4916,316.07373,64.08648,194.20145
662.98364,323.45447,64.08648,194.20145
665.4439,320.01013,64.08648,194.20145
665.936,320.50214,64.08648,194.20145
666.42804,318.04193,64.08648,194.20145
665.936,316.5658,64.08648,194.20145
666.7585,311.86493,65.504395,198.49815
666.25555,306.33264,65.504395,198.49815
671.78784,294.76514,65.504395,198.49815
674.3025,286.21524,65.504395,198.49815
676.81714,277.66534,65.504395,198.49815
676.3142,280.18002,65.504395,198.49815
678.82886,273.64188,65.504395,198.49815
676.3142,279.17416,65.504395,198.49815
673.79956,277.66537,65.504395,198.49815
672.2908,280.18005,65.504395,198.49815
671.78784,276.65952,65.504395,198.49815
668.2673,281.1859,65.504395,198.49815
666.7585,281.68884,65.504395,198.49815
664.24384,284.20352,65.504395,198.49815
661.7292,285.7123,65.504395,198.49815
657.20276,288.227,65.504395,198.49815
655.694,282.6947,65.504395,198.49815
651.3167,284.15137,66.95368,202.88992
649.77454,275.41235,66.95368,202.88992
644.1199,283.1233,66.95368,202.88992
627.1558,301.11542,66.95368,202.88992
620.473,306.77014,66.95368,202.88992
615.84644,309.34045,66.95368,202.88992
616.3605,302.65765,66.95368,202.88992
609.6777,309.34045,66.95368,202.88992
612.248,299.57324,66.95368,202.88992
605.5652,302.14355,66.95368,202.88992
610.1918,294.43262,66.95368,202.88992
603.509,298.03107,66.95368,202.88992
607.1074,299.57324,66.95368,202.88992
613.7902,289.80603,66.95368,202.88992
609.16364,294.43262,66.95368,202.88992
604.53705,304.19977,66.95368,202.88992
613.2761,297.51697,66.95368,202.88992
626.1277,288.77795,66.95368,202.88992
633.8386,286.20764,66.95368,202.88992
629.21204,291.8623,66.95368,202.88992
622.6046,296.55127,68.435036,207.37886
631.115,287.17032,69.94916,211.96712
634.8744,280.18854,69.94916,211.96712
638.6338,272.13263,69.94916,211.96712
643.0031,268.6986,68.45747,207.44685
646.2661,267.36426,66.9976,203.02298
648.4679,268.04163,65.568855,198.69345
648.9713,267.5382,65.568855,198.69345
650.4816,267.0348,65.568855,198.69345
649.7251,267.6977,64.17058,194.45625
648.9846,272.1455,62.80212,190.30942
647.33044,275.56903,61.462845,186.251
645.7116,274.37103,60.15213,182.27914
640.63135,279.45123,60.15213,182.27914
638.32214,276.21838,60.15213,182.27914
635.08923,272.98547,60.15213,182.27914
630.9327,278.06573,60.15213,182.27914
628.6235,274.83282,60.15213,182.27914
627.9294,271.8798,58.86937,178.39198
623.86145,275.94772,58.86937,178.39198
624.05347,272.18634,57.613964,174.58772
619.9778,277.8852,56.38533,170.8646
617.65814,277.62067,55.182896,167.22086
614.6923,276.3496,55.182896,167.22086
609.1551,280.99127,54.006104,163.65482
608.532,278.33997,52.85441,160.16483
608.7044,276.52747,51.727272,156.74927
611.17,274.75363,50.624172,153.40654
613.8908,279.80655,50.624172,153.40654
615.5545,278.07056,49.544598,150.1351
617.4565,281.49414,49.544598,150.1351
620.88007,278.83136,49.544598,150.1351
618.9781,282.25494,49.544598,150.1351
622.4017,278.83136,49.544598,150.1351
625.06445,276.92938,49.544598,150.1351
625.4448,278.83136,49.544598,150.1351
626.586,277.69012,49.544598,150.1351
627.7272,278.07056,49.544598,150.1351
628.10754,281.49414,49.544598,150.1351
628.4879,278.07056,49.544598,150.1351
631.1507,276.92932,49.544598,150.1351
628.37915,281.83002,48.488045,146.93343
632.4743,278.47946,48.488045,146.93343
633.5912,276.61804,48.488045,146.93343
630.2406,280.71317,48.488045,146.93343
634.33575,277.3626,48.488045,146.93343
630.188,282.15875,47.45402,143.80003
633.8211,277.1659,48.50394,146.98161
635.68317,275.30386,48.50394,146.98161
632.2519,281.5374,47.469578,143.84718
636.261,278.25723,47.469578,143.84718
635.0107,277.33197,46.457275,140.7796
636.08075,282.68237,46.457275,140.7796
636.67706,276.3141,47.48514,143.89435
638.5,274.49115,47.48514,143.89435
638.6549,280.59375,46.472507,140.82576
640.1822,277.62445,45.48147,137.8226
638.31104,277.4111,44.511562,134.8835
638.6528,281.1704,44.511562,134.8835
639.67804,276.0441,44.511562,134.8835
636.52924,280.4469,43.56234,132.00706
637.53265,276.76776,43.56234,132.00706
635.0958,282.3662,42.633358,129.19197
636.0778,278.76553,42.633358,129.19197
633.0618,282.98257,41.72419,126.43691
634.6636,278.17728,41.72419,126.43691
631.7804,274.65338,41.72419,126.43691
630.81934,278.17728,41.72419,126.43691
629.2176,274.65338,41.72419,126.43691
625.6937,278.81796,41.72419,126.43691
626.0141,275.29407,41.72419,126.43691
623.1309,279.45865,41.72419,126.43691
622.16986,275.93475,41.72419,126.43691
619.2867,271.77017,41.72419,126.43691
618.3256,275.29407,41.72419,126.43691
616.7239,271.77017,41.72419,126.43691
615.12213,275.29407,41.72419,126.43691
615.4425,272.4109,41.72419,126.43691
613.84076,277.2162,41.72419,126.43691
615.4425,274.333,41.72419,126.43691
615.7629,279.1383,41.72419,126.43691
617.3646,276.25513,41.72419,126.43691
618.9664,279.77902,41.72419,126.43691
621.84955,276.25513,41.72419,126.43691
624.09204,280.4197,41.72419,126.43691
626.33453,278.17725,41.72419,126.43691
628.577,282.34183,41.72419,126.43691
630.1788,278.17725,41.72419,126.43691
631.13983,281.70114,41.72419,126.43691
632.7416,277.53656,41.72419,126.43691
634.3433,281.06046,41.72419,126.43691
635.94507,278.17728,41.72419,126.43691
637.5468,281.06046,41.72419,126.43691
639.14856,278.818,41.72419,126.43691
639.46893,282.3419,41.72419,126.43691
641.0707,280.7401,41.72419,126.43691
642.6724,284.264,41.72419,126.43691
642.9928,281.38083,41.72419,126.43691
643.95386,284.264,41.72419,126.43691
645.5556,282.02155,41.72419,126.43691
645.876,284.90472,41.72419,126.43691
646.83704,282.66226,41.72419,126.43691
647.7981,285.54544,41.72419,126.43691
648.11847,283.94366,41.72419,126.43691
649.0795,282.9826,41.72419,126.43691
649.3999,285.86578,41.72419,126.43691
649.7203,282.9826,41.72419,126.43691
649.3999,287.7879,41.72419,126.43691
649.7203,284.90472,41.72419,126.43691
649.3999,287.1472,41.72419,126.43691
648.43884,284.90472,41.72419,126.43691
646.19635,287.1472,41.72419,126.43691
645.876,286.18613,41.72419,126.43691
646.83704,287.1472,41.72419,126.43691
649.0795,288.74896,41.72419,126.43691
648.75916,292.91354,41.72419,126.43691
646.51666,290.03036,41.72419,126.43691
644.9149,292.91354,41.72419,126.43691
643.3132,291.31177,41.72419,126.43691
646.5371,291.73358,40.834408,123.74061
641.2072,293.92822,40.834408,123.74061
643.40186,293.61472,40.834408,123.74061
638.7,296.44507,39.9636,121.1018
640.2342,295.52457,39.9636,121.1018
636.2453,295.21774,39.9636,121.1018
636.5521,296.75192,39.9636,121.1018
638.69995,293.99042,39.9636,121.1018
635.32477,296.75192,39.9636,121.1018
639.31366,293.37674,39.9636,121.1018
642.993,292.0063,39.111362,118.519264
639.0892,292.30658,39.111362,118.519264
636.38654,289.60394,39.111362,118.519264
638.4886,291.706,39.111362,118.519264
634.5848,290.20453,39.111362,118.519264
637.2874,292.90717,39.111362,118.519264
633.3836,289.00336,39.111362,118.519264
634.8851,292.90717,39.111362,118.519264
635.78595,290.20453,39.111362,118.519264
634.2845,293.50775,39.111362,118.519264
635.40955,289.39267,39.9767,121.1415
636.9442,292.1551,39.9767,121.1415
639.70667,288.77878,39.9767,121.1415
641.8552,292.1551,39.9767,121.1415
644.6177,288.16492,39.9767,121.1415
646.15234,292.1551,39.9767,121.1415
648.3009,287.55106,39.9767,121.1415
649.22174,292.1551,39.9767,121.1415
651.3703,288.16492,39.9767,121.1415
652.90497,292.76895,39.9767,121.1415
655.6674,288.77878,39.9767,121.1415
658.7281,283.29883,40.861183,123.821754
660.9242,288.00473,40.861183,123.821754
664.3752,284.55374,40.861183,123.821754
665.31635,288.6322,40.861183,123.821754
669.3948,283.9263,40.861183,123.821754
670.96344,288.00476,40.861183,123.821754
674.4144,283.29886,40.861183,123.821754
675.9831,287.37732,40.861183,123.821754
680.0615,283.29886,40.861183,123.821754
681.6302,287.37732,40.861183,123.821754
684.45374,285.18124,40.861183,123.821754
685.3949,288.63223,40.861183,123.821754
688.21844,284.55377,40.861183,123.821754
687.4409,288.71735,41.765236,126.56131
690.96826,285.19,41.765236,126.56131
693.21295,290.00006,41.765236,126.56131
696.09894,285.19,41.765236,126.56131
698.9849,289.3587,41.765236,126.56131
701.2296,286.47272,41.765236,126.56131
702.1916,289.3587,41.765236,126.56131
705.0776,287.114,41.765236,126.56131
707.32227,290.64136,41.765236,126.56131
709.56696,287.75537,41.765236,126.56131
711.1703,289.3587,41.765236,126.56131
713.0371,287.62592,42.689293,129.36148
715.987,285.98706,42.689293,129.36148
716.9703,285.00378,42.689293,129.36148
719.92017,281.39838,42.689293,129.36148
722.2145,286.31482,42.689293,129.36148
724.5088,282.7094,42.689293,129.36148
726.1476,281.07062,42.689293,129.36148
728.4419,282.0539,42.689293,129.36148
730.0807,285.00372,42.689293,129.36148
734.3416,282.7094,42.689293,129.36148
735.3249,286.31482,42.689293,129.36148
738.9303,283.36493,42.689293,129.36148
741.2246,286.31482,42.689293,129.36148
742.2079,284.02045,42.689293,129.36148
743.19116,287.62585,42.689293,129.36148
745.4855,289.2647,42.689293,129.36148
747.12427,287.62585,42.689293,129.36148
750.07416,290.57574,42.689293,129.36148
752.36847,288.9369,42.689293,129.36148
754.6628,288.60913,42.689293,129.36148
758.2682,290.9035,42.689293,129.36148
761.2181,289.92023,42.689293,129.36148
763.5124,292.87006,42.689293,129.36148
766.4623,291.88678,42.689293,129.36148
768.1011,290.248,42.689293,129.36148
769.08435,291.23126,42.689293,129.36148
768.7566,288.28137,42.689293,129.36148
768.42883,286.64258,42.689293,129.36148
769.4121,285.00372,42.689293,129.36148
769.73987,284.02045,42.689293,129.36148
769.4121,285.00372,42.689293,129.36148
768.42883,282.7094,42.689293,129.36148
768.1011,285.65924,42.689293,129.36148
769.08435,282.7094,42.689293,129.36148
770.72314,281.07056,42.689293,129.36148
769.08435,278.12073,42.689293,129.36148
766.79004,281.07056,42.689293,129.36148
767.7733,277.46515,42.689293,129.36148
766.79004,275.82635,42.689293,129.36148
767.1178,274.1875,42.689293,129.36148
767.44556,277.1374,42.689293,129.36148
765.80676,278.12067,42.689293,129.36148
766.79004,280.41498,42.689293,129.36148
767.7733,276.80957,42.689293,129.36148
766.1345,278.44843,42.689293,129.36148
767.7733,274.84302,42.689293,129.36148
765.479,275.8263,42.689293,129.36148
766.4623,274.84302,42.689293,129.36148
764.8235,279.75946,42.689293,129.36148
765.80676,282.05377,42.689293,129.36148
766.1345,279.75946,42.689293,129.36148
763.8402,284.6759,42.689293,129.36148
764.8235,281.726,42.689293,129.36148
763.8402,284.6759,42.689293,129.36148
764.8235,281.0705,42.689293,129.36148
762.5292,279.43164,42.689293,129.36148
759.5793,281.726,42.689293,129.36148
759.2515,278.77612,42.689293,129.36148
754.9906,281.726,42.689293,129.36148
755.9739,276.80957,42.689293,129.36148
751.71295,280.41498,42.689293,129.36148
750.07416,275.49854,42.689293,129.36148
745.81323,280.41498,42.689293,129.36148
746.141,276.15405,42.689293,129.36148
741.88007,279.75946,42.689293,129.36148
739.58575,275.49854,42.689293,129.36148
735.98035,276.4818,42.689293,129.36148
737.61914,272.2209,42.689293,129.36148
734.01373,275.8263,42.689293,129.36148
736.9636,271.56537,42.689293,129.36148
737.9469,274.5152,42.689293,129.36148
737.61914,276.15405,42.689293,129.36148
740.56903,271.2376,42.689293,129.36148
738.2747,274.84302,42.689293,129.36148
741.2246,268.61548,42.689293,129.36148
738.9303,272.8764,42.689293,129.36148
742.5357,269.92657,42.689293,129.36148
743.76373,270.19574,43.633793,132.2236
742.75867,271.87085,43.633793,132.2236
745.10376,270.86578,43.633793,132.2236
747.44885,269.19073,43.633793,132.2236
745.7738,271.53583,43.633793,132.2236
748.1189,269.19073,43.633793,132.2236
745.10376,271.53583,43.633793,132.2236
747.44885,271.87085,43.633793,132.2236
749.1239,269.52576,43.633793,132.2236
744.76874,272.5409,43.633793,132.2236
746.4438,273.5459,43.633793,132.2236
748.11884,271.2008,43.633793,132.2236
745.8982,273.56146,44.59919,135.14905
746.9255,269.79477,44.59919,135.14905
746.07684,272.20764,45.585945,138.13922
745.72687,275.35767,45.585945,138.13922
746.77686,269.40762,45.585945,138.13922
744.32684,273.95767,45.585945,138.13922
746.07684,270.10764,45.585945,138.13922
745.02686,275.3577,45.585945,138.13922
746.07684,272.20767,45.585945,138.13922
746.4268,278.1577,45.585945,138.13922
746.7768,273.60767,45.585945,138.13922
745.0268,279.5577,45.585945,138.13922
746.0768,274.30765,45.585945,138.13922
745.7268,270.4576,45.585945,138.13922
743.9768,274.30765,45.585945,138.13922
745.0268,270.4576,45.585945,138.13922
743.2768,275.00766,45.585945,138.13922
744.3268,269.7576,45.585945,138.13922
743.4594,274.40262,46.594536,141.19556
744.79974,267.2732,47.62544,144.3195
741.5088,271.29547,47.62544,144.3195
744.0684,266.54187,47.62544,144.3195
742.2401,272.75812,47.62544,144.3195
738.94916,278.97437,47.62544,144.3195
740.77747,274.9521,47.62544,144.3195
740.4118,279.7057,47.62544,144.3195
739.3148,276.41473,47.62544,144.3195
740.4118,280.437,47.62544,144.3195
741.5088,277.87738,47.62544,144.3195
743.3371,278.24304,47.62544,144.3195
745.1654,279.34003,47.62544,144.3195
749.1877,277.51172,47.62544,144.3195
751.7473,279.34003,47.62544,144.3195
755.7696,277.51172,47.62544,144.3195
753.9413,285.1906,47.62544,144.3195
755.7696,282.63098,47.62544,144.3195
758.3292,280.80267,47.62544,144.3195
761.6202,278.97437,47.62544,144.3195
764.91113,277.14606,47.62544,144.3195
764.5455,281.16833,47.62544,144.3195
767.1051,277.87738,47.62544,144.3195
770.7849,277.654,46.609814,141.24185
774.0057,275.14893,46.609814,141.24185
777.22644,275.50677,46.609814,141.24185
771.14276,278.72754,46.609814,141.24185
774.3635,280.51685,46.609814,141.24185
776.5852,285.81708,45.615845,138.22983
778.33636,282.66498,45.615845,138.22983
776.5852,288.61896,45.615845,138.22983
778.33636,287.56824,45.615845,138.22983
779.3871,291.42084,45.615845,138.22983
781.13824,289.66968,45.615845,138.22983
783.58984,292.12128,45.615845,138.22983
786.74194,288.26874,45.615845,138.22983
791.6878,282.74252,46.625095,141.28816
792.7618,285.96436,46.625095,141.28816
795.26764,281.3106,46.625095,141.28816
798.4895,280.23666,46.625095,141.28816
799.5635,282.02658,46.625095,141.28816
799.92145,279.52072,46.625095,141.28816
797.4156,283.45853,46.625095,141.28816
799.2055,285.9644,46.625095,141.28816
800.9954,284.17447,46.625095,141.28816
801.3534,288.11227,46.625095,141.28816
803.1433,284.89044,46.625095,141.28816
804.9332,280.95264,46.625095,141.28816
806.0072,282.74255,46.625095,141.28816
805.64923,285.9644,46.625095,141.28816
808.1551,282.74255,46.625095,141.28816
809.22906,284.53247,46.625095,141.28816
811.019,283.45853,46.625095,141.28816
808.5131,286.68036,46.625095,141.28816
809.5871,282.0266,46.625095,141.28816
807.7972,288.1123,46.625095,141.28816
806.7232,292.76605,46.625095,141.28816
807.0812,290.2602,46.625095,141.28816
808.15515,293.48203,46.625095,141.28816
809.94507,286.68036,46.625095,141.28816
811.735,282.74255,46.625095,141.28816
812.09296,284.53247,46.625095,141.28816
813.8829,282.0266,46.625095,141.28816
814.95685,282.38458,46.625095,141.28816
816.74677,279.87872,46.625095,141.28816
815.8596,279.42993,47.656677,144.41417
817.6891,280.52765,47.656677,144.41417
818.05505,281.62537,47.656677,144.41417
819.1527,282.72308,47.656677,144.41417
820.2505,282.35718,47.656677,144.41417
819.1527,283.4549,47.656677,144.41417
820.2505,284.5526,47.656677,144.41417
819.8845,287.84573,47.656677,144.41417
820.9823,282.3572,47.656677,144.41417
820.07544,284.9355,48.711082,147.60933
821.19745,280.8215,48.711082,147.60933
820.07544,284.18747,48.711082,147.60933
821.94543,280.0735,48.711082,147.60933
820.8234,282.69147,48.711082,147.60933
821.94543,280.0735,48.711082,147.60933
820.8234,281.94348,48.711082,147.60933
821.19745,280.0735,48.711082,147.60933
821.5715,281.19547,48.711082,147.60933
821.9455,281.56946,48.711082,147.60933
819.3275,284.18744,48.711082,147.60933
820.4495,283.81345,48.711082,147.60933
820.82355,281.94345,48.711082,147.60933
818.95355,284.56143,48.711082,147.60933
820.07556,281.94345,48.711082,147.60933
818.95355,285.30942,48.711082,147.60933
820.07556,280.44745,48.711082,147.60933
818.95355,282.31744,48.711082,147.60933
819.3276,280.44745,48.711082,147.60933
817.4576,282.31744,48.711082,147.60933
817.08356,284.93542,48.711082,147.60933
815.21356,287.5534,48.711082,147.60933
816.3356,284.93542,48.711082,147.60933
817.4576,282.31744,48.711082,147.60933
815.5876,284.93542,48.711082,147.60933
816.7096,284.56143,48.711082,147.60933
812.59564,287.1794,48.711082,147.60933
812.2216,291.2934,48.711082,147.60933
813.3436,284.18744,48.711082,147.60933
813.71765,286.80542,48.711082,147.60933
809.6037,290.1714,48.711082,147.60933
809.2297,295.03336,48.711082,147.60933
809.6037,289.4234,48.711082,147.60933
808.4817,294.28537,48.711082,147.60933
808.8557,290.9194,48.711082,147.60933
807.57275,298.62146,47.672302,144.46152
806.6656,293.60562,48.72705,147.65773
807.03973,296.97272,48.72705,147.65773
808.1621,292.10916,48.72705,147.65773
810.0327,290.9868,48.72705,147.65773
807.4139,294.35388,48.72705,147.65773
809.2845,290.23856,48.72705,147.65773
809.6586,289.11618,48.72705,147.65773
810.781,287.9938,48.72705,147.65773
806.6657,289.11618,48.72705,147.65773
809.28455,286.49734,48.72705,147.65773
804.42096,291.3609,48.72705,147.65773
807.0398,285.74908,48.72705,147.65773
803.6727,290.61264,48.72705,147.65773
806.29156,283.50436,48.72705,147.65773
802.1763,286.87146,48.72705,147.65773
805.54333,282.0079,48.72705,147.65773
802.9245,285.375,48.72705,147.65773
805.54333,282.0079,48.72705,147.65773
802.9245,284.62674,48.72705,147.65773
805.54333,281.25964,48.72705,147.65773
802.9245,283.13025,48.72705,147.65773
804.0469,285.00085,48.72705,147.65773
805.9175,280.88553,48.72705,147.65773
801.8022,284.25262,48.72705,147.65773
804.421,282.38202,48.72705,147.65773
801.05396,285.7491,48.72705,147.65773
803.6728,282.38202,48.72705,147.65773
802.5504,286.49734,48.72705,147.65773
804.421,281.6338,48.72705,147.65773
801.8022,286.49734,48.72705,147.65773
803.6728,281.6338,48.72705,147.65773
802.5504,287.99384,48.72705,147.65773
803.6728,281.6338,48.72705,147.65773
802.5504,287.2456,48.72705,147.65773
802.92456,282.38205,48.72705,147.65773
802.5504,287.2456,48.72705,147.65773
802.92456,282.38205,48.72705,147.65773
802.5504,287.99387,48.72705,147.65773
802.1763,282.38205,48.72705,147.65773
801.0539,287.2456,48.72705,147.65773
802.1763,282.38205,48.72705,147.65773
799.55743,287.2456,48.72705,147.65773
801.42804,281.6338,48.72705,147.65773
798.8092,287.2456,48.72705,147.65773
800.6798,280.88556,48.72705,147.65773
798.061,285.7491,48.72705,147.65773
799.9316,280.1373,48.72705,147.65773
798.8092,285.00085,48.72705,147.65773
798.43506,281.63376,48.72705,147.65773
796.56445,287.24557,48.72705,147.65773
796.1903,283.13025,48.72705,147.65773
795.06793,285.00085,48.72705,147.65773
796.93854,281.63376,48.72705,147.65773
792.82324,287.24557,48.72705,147.65773
793.1974,283.13025,48.72705,147.65773
791.3268,281.25964,48.72705,147.65773
788.70795,285.37497,48.72705,147.65773
789.0821,281.25964,48.72705,147.65773
787.2115,284.62674,48.72705,147.65773
786.0891,281.25964,48.72705,147.65773
784.96674,284.62674,48.72705,147.65773
785.3409,281.25964,48.72705,147.65773
782.72205,280.13727,48.72705,147.65773
781.5997,284.2526,48.72705,147.65773
780.4773,280.13727,48.72705,147.65773
778.6067,284.2526,48.72705,147.65773
778.23254,280.13727,48.72705,147.65773
775.6137,283.50436,48.72705,147.65773
775.23956,280.13727,48.72705,147.65773
773.36896,282.7561,48.72705,147.65773
772.9948,279.389,48.72705,147.65773
771.87244,282.7561,48.72705,147.65773
769.2536,280.13727,48.72705,147.65773
767.383,282.7561,48.72705,147.65773
766.2606,279.389,48.72705,147.65773
765.13824,282.00784,48.72705,147.65773
763.26764,278.64075,48.72705,147.65773
762.8935,280.51135,48.72705,147.65773
761.7711,277.14426,48.72705,147.65773
759.9005,277.51837,48.72705,147.65773
758.77814,277.14426,48.72705,147.65773
756.90753,276.77014,48.72705,147.65773
755.78516,275.64777,48.72705,147.65773
753.1663,276.77014,48.72705,147.65773
750.5475,275.64777,48.72705,147.65773
750.17334,276.77014,48.72705,147.65773
747.5545,275.64777,48.72705,147.65773
744.93567,277.51837,48.72705,147.65773
744.5615,276.396,48.72705,147.65773
741.9427,278.2666,48.72705,147.65773
740.8203,277.14423,48.72705,147.65773
738.2015,278.2666,48.72705,147.65773
736.3309,278.64072,48.72705,147.65773
733.71204,279.7631,48.72705,147.65773
734.3374,276.96515,49.805138,150.92465
730.8958,278.11237,49.805138,150.92465
729.7486,276.96515,49.805138,150.92465
727.8366,278.87714,49.805138,150.92465
725.9246,277.72998,49.805138,150.92465
725.54224,278.87714,49.805138,150.92465
724.395,278.49475,49.805138,150.92465
723.2478,278.11237,49.805138,150.92465
721.3358,278.49475,49.805138,150.92465
720.1886,279.64197,49.805138,150.92465
719.0414,279.25958,49.805138,150.92465
717.89417,278.8772,49.805138,150.92465
715.9822,280.02435,49.805138,150.92465
714.83496,279.64197,49.805138,150.92465
712.923,279.25958,49.805138,150.92465
712.5406,278.8772,49.805138,150.92465
711.3934,280.0244,49.805138,150.92465
710.24615,280.4068,49.805138,150.92465
709.09894,280.0244,49.805138,150.92465
707.9517,281.17157,49.805138,150.92465
706.03973,281.55396,49.805138,150.92465
705.65735,281.17157,49.805138,150.92465
704.51013,281.55396,49.805138,150.92465
704.12775,281.17157,49.805138,150.92465
702.9805,281.55396,49.805138,150.92465
701.06854,281.93634,49.805138,150.92465
701.9682,284.65134,48.743027,147.70613
700.84546,283.5286,48.743027,147.70613
700.4712,285.3998,48.743027,147.70613
699.90875,287.33545,47.703568,144.55626
701.00757,286.96918,47.703568,144.55626
699.90875,288.06796,47.703568,144.55626
698.80994,288.43423,47.703568,144.55626
698.44366,287.33545,47.703568,144.55626
700.27496,286.96918,47.703568,144.55626
698.44366,287.33545,47.703568,144.55626
700.27496,287.70172,47.703568,144.55626
697.7111,288.068,47.703568,144.55626
699.5424,289.16678,47.703568,144.55626
701.3737,289.53305,47.703568,144.55626
703.205,288.43427,47.703568,144.55626
702.1062,285.87042,47.703568,144.55626
703.205,284.77164,47.703568,144.55626
702.1062,282.2078,47.703568,144.55626
700.2749,282.57407,47.703568,144.55626
701.3737,282.2078,47.703568,144.55626
700.2749,281.109,47.703568,144.55626
702.1062,278.54517,47.703568,144.55626
701.1985,278.086,48.75901,147.75456
702.3216,278.46036,48.75901,147.75456
704.94214,278.086,48.75901,147.75456
705.8229,278.57898,47.71921,144.60365
704.72375,279.67813,47.71921,144.60365
704.35736,279.31174,47.71921,144.60365
704.72375,279.67813,47.71921,144.60365
702.15906,280.77728,47.71921,144.60365
704.72375,281.14368,47.71921,144.60365
702.89185,280.04453,47.71921,144.60365
704.72375,280.41092,47.71921,144.60365
703.62463,278.579,47.71921,144.60365
706.18933,279.67816,47.71921,144.60365
704.3574,280.04456,47.71921,144.60365
704.7238,281.1437,47.71921,144.60365
703.6247,282.24286,47.71921,144.60365
706.9221,279.6782,47.71921,144.60365
705.823,280.77734,47.71921,144.60365
705.4566,280.41095,47.71921,144.60365
706.5557,280.04456,47.71921,144.60365
707.65485,279.67816,47.71921,144.60365
706.5557,280.7773,47.71921,144.60365
706.9221,281.1437,47.71921,144.60365
707.2885,281.5101,47.71921,144.60365
708.38763,281.8765,47.71921,144.60365
710.21954,282.2429,47.71921,144.60365
709.1204,281.8765,47.71921,144.60365
710.21954,282.97565,47.71921,144.60365
709.85315,282.60925,47.71921,144.60365
710.9523,280.77734,47.71921,144.60365
710.5859,281.14374,47.71921,144.60365
712.4178,280.77734,47.71921,144.60365
711.31866,280.41095,47.71921,144.60365
710.9523,279.3118,47.71921,144.60365
708.3876,279.6782,47.71921,144.60365
708.75397,279.3118,47.71921,144.60365
709.12036,278.21265,47.71921,144.60365
710.2195,277.1135,47.71921,144.60365
710.5859,276.7471,47.71921,144.60365
711.685,274.9152,47.71921,144.60365
711.3186,274.5488,47.71921,144.60365
714.616,271.98413,47.71921,144.60365
713.5169,273.81604,47.71921,144.60365
715.3488,273.44965,47.71921,144.60365
716.44794,273.08325,47.71921,144.60365
717.54706,274.1824,47.71921,144.60365
719.37897,275.28156,47.71921,144.60365
719.0126,274.1824,47.71921,144.60365
718.6462,276.0143,47.71921,144.60365
720.4781,274.91516,47.71921,144.60365
722.0464,275.39758,46.701584,141.51994
721.6878,275.75616,46.701584,141.51994
722.0464,273.96332,46.701584,141.51994
723.83923,275.03903,46.701584,141.51994
723.48065,275.3976,46.701584,141.51994
723.83923,276.47333,46.701584,141.51994
724.9149,274.68048,46.701584,141.51994
723.1221,277.19046,46.701584,141.51994
722.0464,277.54904,46.701584,141.51994
721.6878,277.90762,46.701584,141.51994
722.0464,276.8319,46.701584,141.51994
721.5075,280.06897,45.705658,138.50198
723.26215,279.01617,45.705658,138.50198
722.20935,278.66528,45.705658,138.50198
725.3677,277.6125,45.705658,138.50198
723.61304,275.8579,45.705658,138.50198
725.3677,274.8051,45.705658,138.50198
723.61304,273.75238,45.705658,138.50198
726.0695,274.8051,45.705658,138.50198
724.3149,273.05054,45.705658,138.50198
725.3677,273.40143,45.705658,138.50198
724.498,270.777,46.716896,141.56635
726.29144,268.98358,46.716896,141.56635
725.2154,270.05963,46.716896,141.56635
726.29144,268.98358,46.716896,141.56635
727.3675,268.6249,46.716896,141.56635
726.4786,268.17526,47.750507,144.6985
725.56995,264.67267,48.806988,147.89996
725.1952,265.79688,48.806988,147.89996
727.06885,264.67267,48.806988,147.89996
726.6941,264.29794,48.806988,147.89996
725.7654,262.273,49.88684,151.17226
725.3824,263.4221,49.88684,151.17226
726.53143,262.273,49.88684,151.17226
725.3824,263.4221,49.88684,151.17226
728.06354,261.50696,49.88684,151.17226
726.9145,261.88998,49.88684,151.17226
728.8296,261.50696,49.88684,151.17226
728.4466,261.88998,49.88684,151.17226
726.5315,263.8051,49.88684,151.17226
726.1485,264.9542,49.88684,151.17226
725.7655,266.86932,49.88684,151.17226
728.44666,266.4863,49.88684,151.17226
726.53156,265.33722,49.88684,151.17226
726.91455,267.25235,49.88684,151.17226
728.0636,267.63538,49.88684,151.17226
725.38245,267.25235,49.88684,151.17226
724.2334,267.63538,49.88684,151.17226
724.6164,265.72025,49.88684,151.17226
723.46735,265.33722,49.88684,151.17226
723.85034,265.72025,49.88684,151.17226
724.23334,266.10327,49.88684,151.17226
724.61633,262.65604,49.88684,151.17226
725.7654,259.97485,49.88684,151.17226
725.3824,259.59183,49.88684,151.17226
725.7654,259.97485,49.88684,151.17226
725.3824,260.35788,49.88684,151.17226
724.23334,259.2088,49.88684,151.17226
723.85034,258.82578,49.88684,151.17226
724.23334,258.44275,49.88684,151.17226
723.0843,257.29367,49.88684,151.17226
722.7013,259.97485,49.88684,151.17226
723.0843,258.82578,49.88684,151.17226
720.40314,259.97485,49.88684,151.17226
721.5522,261.88998,49.88684,151.17226
721.1692,260.7409,49.88684,151.17226
720.7862,261.88998,49.88684,151.17226
720.4032,262.273,49.88684,151.17226
719.25415,263.4221,49.88684,151.17226
719.63715,261.50696,49.88684,151.17226
720.02014,261.88998,49.88684,151.17226
720.40314,262.273,49.88684,151.17226
720.02014,261.88998,49.88684,151.17226
719.63715,262.273,49.88684,151.17226
719.25415,262.65604,49.88684,151.17226
718.1051,260.7409,49.88684,151.17226
716.95605,262.65604,49.88684,151.17226
718.5955,263.1604,48.82299,147.94846
716.5869,267.26706,47.781826,144.79341
718.4212,264.699,47.781826,144.79341
716.5869,266.53333,47.781826,144.79341
716.9538,264.699,47.781826,144.79341
715.8532,265.7996,47.781826,144.79341
715.4863,266.16644,47.781826,144.79341
716.5869,263.5984,47.781826,144.79341
716.9538,265.4327,47.781826,144.79341
717.3207,261.39722,47.781826,144.79341
716.9538,264.69897,47.781826,144.79341
718.7881,262.13092,47.781826,144.79341
717.6875,263.96524,47.781826,144.79341
717.3206,259.92975,47.781826,144.79341
716.22003,263.2315,47.781826,144.79341
715.66876,266.5434,46.762863,141.70564
716.7459,261.8759,46.762863,141.70564
716.38684,264.38916,46.762863,141.70564
715.3097,266.18436,46.762863,141.70564
714.41986,260.5192,47.797493,144.84088
714.78687,261.62015,47.797493,144.84088
713.6859,258.3173,47.797493,144.84088
713.3189,260.88617,47.797493,144.84088
715.1538,256.84937,47.797493,144.84088
714.6023,259.4549,46.7782,141.7521
716.3981,260.5324,46.7782,141.7521
716.7572,262.3282,46.7782,141.7521
717.83466,262.68732,46.7782,141.7521
716.7572,263.0465,46.7782,141.7521
716.3981,265.5606,46.7782,141.7521
716.03894,268.0747,46.7782,141.7521
717.57623,269.9323,45.78064,138.7292
718.4032,272.42792,44.804356,135.77077
717.3712,273.45993,44.804356,135.77077
718.4032,276.55594,44.804356,135.77077
718.7472,280.33997,44.804356,135.77077
718.4032,281.37198,44.804356,135.77077
719.4352,281.02798,44.804356,135.77077
721.1552,279.99597,44.804356,135.77077
723.56323,281.02798,44.804356,135.77077
693.635,341.91638,44.804356,135.77077
691.227,345.7004,44.804356,135.77077
693.635,344.6684,44.804356,135.77077
695.63763,342.8095,45.79565,138.77469
695.49585,342.3687,46.80888,141.84508
696.8424,338.18948,47.84453,144.9834
695.5822,345.75452,46.82423,141.89159
695.2227,345.39502,46.82423,141.89159
694.8632,347.9116,46.82423,141.89159
696.66077,347.5521,46.82423,141.89159
697.7393,347.9116,46.82423,141.89159
699.53687,348.9901,46.82423,141.89159
702.05347,348.6306,46.82423,141.89159
703.851,349.70914,46.82423,141.89159
706.68994,346.2745,47.860218,145.03094
705.5875,348.11182,47.860218,145.03094
707.7268,343.8387,48.919125,148.23976
704.4578,340.25043,50.00146,151.51956
708.6808,342.93774,50.00146,151.51956
706.93274,338.47345,51.107742,154.87193
708.1099,338.08105,51.107742,154.87193
706.14795,337.68866,51.107742,154.87193
708.8947,342.00504,51.107742,154.87193
707.92224,337.442,52.238503,158.29848
705.26373,331.9457,53.39428,161.80083
704.85376,337.27512,53.39428,161.80083
701.9841,335.22534,53.39428,161.80083
699.9343,339.73483,53.39428,161.80083
705.26373,336.04523,53.39428,161.80083
703.214,340.55472,53.39428,161.80083
701.98413,337.68503,53.39428,161.80083
699.2668,329.5152,54.575626,165.38068
696.4894,304.64453,55.78311,169.03972
694.5392,307.66248,57.01731,172.77972
691.4748,300.22037,57.01731,172.77972
686.75635,306.93857,58.27882,176.60248
681.8343,311.8606,58.27882,176.60248
684.4392,305.7288,59.568237,180.50981
678.4936,310.75974,59.568237,180.50981
681.69507,307.55823,59.568237,180.50981
678.4936,310.75974,59.568237,180.50981
679.86566,309.38766,59.568237,180.50981
681.23773,310.75974,59.568237,180.50981
678.03625,310.30237,59.568237,180.50981
682.15247,308.9303,59.568237,180.50981
682.6098,305.7288,59.568237,180.50981
680.323,299.78314,59.568237,180.50981
679.86566,302.98465,59.568237,180.50981
679.4083,297.039,59.568237,180.50981
678.27484,299.31268,60.886185,184.50359
677.8074,294.17044,60.886185,184.50359
677.61884,296.49445,62.23329,188.58572
680.96356,299.83917,62.23329,188.58572
675.7075,292.67188,62.23329,188.58572
680.96356,302.70605,62.23329,188.58572
676.80493,294.17526,63.610203,192.75818
677.6214,300.6569,65.01758,197.02295
676.3842,295.88776,66.45609,201.38208
674.0609,293.13058,67.92644,205.83766
672.7684,293.55896,69.429306,210.39182
673.30145,289.82745,69.429306,210.39182
673.0864,290.2653,70.96543,215.04674
670.3621,285.3615,70.96543,215.04674
668.72754,276.09882,70.96543,215.04674
670.769,285.5911,72.53554,219.80464
670.21204,272.78195,72.53554,219.80464
669.9874,283.63983,74.14039,224.66782
669.4182,272.82422,74.14039,224.66782
671.55096,285.10352,75.78075,229.6386
671.3163,280.75217,77.4574,234.71935
671.0764,277.53857,79.17114,239.9125
670.46857,275.71497,79.17114,239.9125
671.4847,274.95294,80.922806,245.22057
671.2341,270.30637,82.71323,250.64607
668.0588,267.13104,82.71323,250.64607
670.4382,262.38165,84.54326,256.19162
667.4825,257.52716,86.41378,261.85986
669.9683,260.82553,88.32568,267.6535
668.2876,252.93953,90.27989,273.57535
667.5944,249.47374,90.27989,273.57535
668.2876,246.00795,90.27989,273.57535
670.88464,253.76878,92.277336,279.6282
663.0912,247.39235,92.277336,279.6282
668.05066,243.84987,92.277336,279.6282
665.9252,237.47343,92.277336,279.6282
670.88464,250.9348,92.277336,279.6282
663.2483,241.22585,94.31897,285.81497
668.3175,236.15666,94.31897,285.81497
671.03076,248.77266,96.40578,292.13864
661.40826,240.63057,96.40578,292.13864
668.07,236.92961,96.40578,292.13864
659.9279,228.78752,96.40578,292.13864
668.07,245.81194,96.40578,292.13864
659.9279,237.66985,96.40578,292.13864
669.5504,245.81194,96.40578,292.13864
659.9279,237.66985,96.40578,292.13864
671.03076,248.77272,96.40578,292.13864
661.40826,242.11101,96.40578,292.13864
669.55035,236.92967,96.40578,292.13864
699.8982,258.3952,96.40578,292.13864
711.88684,260.53906,98.53876,298.6022
706.8721,254.88097,100.718925,305.20877
714.5832,255.51613,102.947334,311.96152
720.1161,259.4682,102.947334,311.96152
722.48737,263.4203,102.947334,311.96152
721.69696,265.79156,102.947334,311.96152
722.48737,266.58197,102.947334,311.96152
724.85864,267.37238,102.947334,311.96152
725.64905,268.16278,102.947334,311.96152
728.0203,270.534,102.947334,311.96152
728.3562,274.6222,100.75195,305.30884
727.58264,270.7544,100.75195,305.30884
729.9033,271.52795,100.75195,305.30884
729.12976,272.3015,100.75195,305.30884
729.9033,271.52795,100.75195,305.30884
732.224,272.3015,100.75195,305.30884
736.0918,274.6222,100.75195,305.30884
735.31824,269.20728,100.75195,305.30884
734.5447,268.43372,100.75195,305.30884
736.86536,264.56592,100.75195,305.30884
735.7028,262.6021,98.603386,298.79803
734.94574,260.33093,98.603386,298.79803
734.18866,256.54562,98.603386,298.79803
736.45984,264.87332,98.603386,298.79803
738.731,258.05975,98.603386,298.79803
741.0022,269.4157,98.603386,298.79803
738.731,262.60214,98.603386,298.79803
741.0022,257.3027,98.603386,298.79803
738.731,252.00327,98.603386,298.79803
737.97394,258.81683,98.603386,298.79803
737.21686,255.03152,98.603386,298.79803
734.9457,258.81683,98.603386,298.79803
735.70276,259.57388,98.603386,298.79803
736.45984,261.84506,98.603386,298.79803
736.1545,259.32507,100.78499,305.40894
736.9283,261.6465,100.78499,305.40894
737.7021,262.42032,100.78499,305.40894
736.9283,264.74176,100.78499,305.40894
737.7021,267.0632,100.78499,305.40894
735.3806,263.19412,100.78499,305.40894
737.7021,267.0632,100.78499,305.40894
739.5226,268.08212,98.63572,298.896
738.76526,267.3248,98.63572,298.896
739.5226,269.59674,98.63572,298.896
738.76526,268.83942,98.63572,298.896
737.6272,268.37677,96.53228,292.52194
736.88605,266.15326,96.53228,292.52194
739.10956,275.7884,96.53228,292.52194
737.27264,265.63177,98.66806,298.994
736.5151,260.32886,98.66806,298.994
732.7273,267.1469,98.66806,298.994
733.48486,260.32886,98.66806,298.994
735.2671,254.02457,96.563934,292.61786
733.04285,260.6972,96.563934,292.61786
733.78424,268.85266,96.563934,292.61786
733.4852,260.2311,98.70041,299.09204
732.7274,268.56702,98.70041,299.09204
730.454,264.77798,98.70041,299.09204
732.7274,267.05142,98.70041,299.09204
731.9696,263.2624,98.70041,299.09204
731.664,265.45728,100.884155,305.70944
730.8894,263.13354,100.884155,305.70944
730.1148,262.359,100.884155,305.70944
730.4439,261.88574,98.73277,299.1901
731.20197,267.19214,98.73277,299.1901
731.96,263.40186,98.73277,299.1901
729.68585,262.6438,98.73277,299.1901
730.4439,261.88574,98.73277,299.1901
732.7181,264.1599,98.73277,299.1901
730.4439,263.40186,98.73277,299.1901
734.2342,268.70825,98.73277,299.1901
731.96,263.40186,98.73277,299.1901
731.20197,268.70825,98.73277,299.1901
731.96,266.43408,98.73277,299.1901
734.2342,265.67603,98.73277,299.1901
734.99225,264.91797,98.73277,299.1901
737.2664,264.1599,98.73277,299.1901
738.0245,263.40186,98.73277,299.1901
737.2664,262.6438,98.73277,299.1901
739.5406,260.36963,98.73277,299.1901
741.81476,258.09546,98.73277,299.1901
744.0889,255.8213,98.73277,299.1901
746.3631,252.03102,98.73277,299.1901
751.06915,247.18394,96.627266,292.80978
750.3273,252.37718,96.627266,292.80978
753.5028,244.77318,94.56666,286.56552
755.21094,237.33131,92.549995,280.45444
757.3427,242.30544,92.549995,280.45444
759.01447,239.1317,90.57634,274.47366
760.6505,245.40982,88.644775,268.62042
760.9397,250.24205,86.7544,262.892
765.6023,245.57942,86.7544,262.892
771.0214,245.17247,84.904335,257.28574
771.2984,249.8008,83.09373,251.79904
773.21234,249.16283,83.09373,251.79904
772.57434,248.52486,83.09373,251.79904
773.21234,249.16283,83.09373,251.79904
776.4023,248.52486,83.09373,251.79904
779.13306,250.59477,81.32173,246.42935
781.00616,251.21916,81.32173,246.42935
780.3818,251.84355,81.32173,246.42935
783.50366,251.21916,81.32173,246.42935
786.62555,251.84355,81.32173,246.42935
789.74744,252.46794,81.32173,246.42935
792.8693,254.34108,81.32173,246.42935
795.9912,251.2192,81.32173,246.42935
800.3619,253.09233,81.32173,246.42935
798.4888,254.96547,81.32173,246.42935
802.85944,254.34108,81.32173,246.42935
807.2301,253.71669,81.32173,246.42935
811.60077,253.0923,81.32173,246.42935
814.72266,252.46791,81.32173,246.42935
819.0933,253.0923,81.32173,246.42935
822.2152,251.21916,81.32173,246.42935
825.3371,250.59477,81.32173,246.42935
828.459,249.97038,81.32173,246.42935
830.3321,249.346,81.32173,246.42935
834.70276,249.97038,81.32173,246.42935
837.82465,250.59477,81.32173,246.42935
843.44403,251.21916,81.32173,246.42935
846.5659,251.84355,81.32173,246.42935
850.9366,253.71669,81.32173,246.42935
855.30725,255.58983,81.32173,246.42935
859.6779,256.21423,81.32173,246.42935
862.7998,256.83862,81.32173,246.42935
868.4192,249.97044,81.32173,246.42935
874.0386,250.59483,81.32173,246.42935
878.40924,251.21922,81.32173,246.42935
884.0286,248.09734,81.32173,246.42935
889.648,246.2242,81.32173,246.42935
894.0187,243.10231,81.32173,246.42935
898.38934,242.47792,81.32173,246.42935
900.26245,243.10231,81.32173,246.42935
904.6331,242.47792,81.32173,246.42935
906.5062,241.85353,81.32173,246.42935
910.8769,237.4829,81.32173,246.42935
915.24756,239.35603,81.32173,246.42935
918.36945,238.73164,81.32173,246.42935
920.24255,236.8585,81.32173,246.42935
922.11566,236.23412,81.32173,246.42935
923.9888,235.60973,81.32173,246.42935
924.61316,238.73161,81.32173,246.42935
928.9838,238.10722,81.32173,246.42935
932.1057,237.48283,81.32173,246.42935
933.9788,238.10722,81.32173,246.42935
934.6032,237.48283,81.32173,246.42935
931.4813,238.10722,81.32173,246.42935
935.852,237.48283,81.32173,246.42935
932.7301,239.35597,81.32173,246.42935
938.3495,239.98036,81.32173,246.42935
931.4813,241.8535,81.32173,246.42935
940.847,237.48286,81.32173,246.42935
933.89056,243.1195,79.587524,241.17418
941.83435,243.73056,79.587524,241.17418
947.3339,244.34161,79.587524,241.17418
939.39014,247.39694,79.587524,241.17418
948.5561,244.34161,79.587524,241.17418
950.3893,246.1748,79.587524,241.17418
954.66675,246.78586,79.587524,241.17418
951.8844,246.01982,81.3484,246.51016
956.2565,241.64775,81.3484,246.51016
956.88104,244.77068,81.3484,246.51016
958.75476,247.8936,81.3484,246.51016
960.6285,241.02318,81.3484,246.51016
960.0039,244.1461,81.3484,246.51016
963.12683,237.27568,81.3484,246.51016
963.7514,239.14943,81.3484,246.51016
966.8743,234.77736,81.3484,246.51016
971.2464,230.40529,81.3484,246.51016
975.61847,228.53154,81.3484,246.51016
972.49554,226.65779,81.3484,246.51016
975.61847,224.78404,81.3484,246.51016
974.9939,224.15947,81.3484,246.51016
976.8676,226.03322,81.3484,246.51016
978.74133,224.15947,81.3484,246.51016
980.61505,223.5349,81.3484,246.51016
981.2396,224.15947,81.3484,246.51016
983.11334,223.5349,81.3484,246.51016
983.7379,222.91032,81.3484,246.51016
983.11334,218.53825,81.3484,246.51016
983.7379,219.16283,81.3484,246.51016
980.615,218.53825,81.3484,246.51016
981.23956,219.16283,81.3484,246.51016
983.1133,219.7874,81.3484,246.51016
983.73785,220.41197,81.3484,246.51016
984.3624,221.03654,81.3484,246.51016
983.73785,220.41197,81.3484,246.51016
986.8607,219.7874,81.3484,246.51016
982.48865,219.16283,81.3484,246.51016
986.8607,218.53825,81.3484,246.51016
981.2395,219.16283,81.3484,246.51016
986.8607,218.53825,81.3484,246.51016
979.9903,219.16283,81.3484,246.51016
986.8607,218.53825,81.3484,246.51016
978.74115,220.412,81.3484,246.51016
986.8607,218.53825,81.3484,246.51016
979.9903,220.412,81.3484,246.51016
985.6116,219.78743,81.3484,246.51016
978.74115,220.412,81.3484,246.51016
983.1132,218.53825,81.3484,246.51016
978.74115,220.412,81.3484,246.51016
980.61487,216.03993,81.3484,246.51016
976.2428,219.16286,81.3484,246.51016
979.3657,219.78743,81.3484,246.51016
976.2428,219.16286,81.3484,246.51016
979.3657,214.79079,81.3484,246.51016
973.7445,217.91371,81.3484,246.51016
978.1166,218.53828,81.3484,246.51016
974.99365,219.16286,81.3484,246.51016
975.6182,218.53828,81.3484,246.51016
974.99365,215.41536,81.3484,246.51016
978.1166,212.29243,81.3484,246.51016
974.99365,209.16951,81.3484,246.51016
976.8674,208.54494,81.3484,246.51016
974.99365,209.16951,81.3484,246.51016
975.6182,211.04326,81.3484,246.51016
977.0876,211.86568,79.61362,241.25327
976.4763,211.25441,79.61362,241.25327
974.6425,211.86568,79.61362,241.25327
971.5862,212.47694,79.61362,241.25327
972.19745,213.08821,79.61362,241.25327
971.5862,212.47694,79.61362,241.25327
972.19745,210.64314,79.61362,241.25327
971.5862,210.03188,79.61362,241.25327
973.0243,213.19345,77.91583,236.10846
971.2296,209.00586,77.91583,236.10846
970.63135,210.80054,77.91583,236.10846
966.4437,210.2023,77.91583,236.10846
965.8456,208.40762,77.91583,236.10846
965.2473,207.80939,77.91583,236.10846
967.042,206.01471,77.91583,236.10846
966.44385,206.61295,77.91583,236.10846
965.8456,208.40762,77.91583,236.10846
965.24744,209.00586,77.91583,236.10846
963.45276,209.6041,77.91583,236.10846
964.0509,209.00586,77.91583,236.10846
959.8633,209.6041,77.91583,236.10846
961.65796,210.20233,77.91583,236.10846
954.9929,214.4497,76.25426,231.07338
961.4331,215.03519,76.25426,231.07338
954.9929,215.62067,76.25426,231.07338
960.26215,211.52237,76.25426,231.07338
953.82196,213.27878,76.25426,231.07338
957.9202,215.03519,76.25426,231.07338
952.651,215.62067,76.25426,231.07338
956.74927,215.03519,76.25426,231.07338
952.651,215.62067,76.25426,231.07338
955.57837,213.86426,76.25426,231.07338
952.4413,219.14963,74.62811,226.14568
956.4523,215.13873,74.62811,226.14568
957.02527,216.8577,74.62811,226.14568
957.59827,216.2847,74.62811,226.14568
955.8793,219.14963,74.62811,226.14568
956.4523,218.57663,74.62811,226.14568
953.5874,220.2956,74.62811,226.14568
954.1604,220.86859,74.62811,226.14568
955.8793,218.00366,74.62811,226.14568
955.3063,218.57666,74.62811,226.14568
955.8793,218.00366,74.62811,226.14568
956.4523,217.43066,74.62811,226.14568
957.02527,214.56573,74.62811,226.14568
956.4523,215.13873,74.62811,226.14568
958.17126,215.71173,74.62811,226.14568
957.59827,215.13873,74.62811,226.14568
953.5873,216.8577,74.62811,226.14568
958.74414,215.13873,74.62811,226.14568
952.4413,216.8577,74.62811,226.14568
957.59814,215.13873,74.62811,226.14568
952.4413,215.71173,74.62811,226.14568
956.4523,213.99277,74.62811,226.14568
950.1494,211.12784,74.62811,226.14568
954.1603,210.55484,74.62811,226.14568
952.4414,208.83588,74.62811,226.14568
954.1603,209.40887,74.62811,226.14568
954.7333,208.83588,74.62811,226.14568
956.4523,205.97095,74.62811,226.14568
955.8793,206.54395,74.62811,226.14568
958.74414,203.67902,74.62811,226.14568
955.8793,204.25201,74.62811,226.14568
953.0143,203.67902,74.62811,226.14568
956.5714,205.53806,73.036644,221.32304
952.64606,207.22037,73.036644,221.32304
958.81445,202.17346,73.036644,221.32304
952.64606,204.9773,73.036644,221.32304
957.69293,203.29498,73.036644,221.32304
951.52454,204.9773,73.036644,221.32304
955.4499,205.53806,73.036644,221.32304
947.0384,207.22037,73.036644,221.32304
954.32837,202.17346,73.036644,221.32304
950.403,202.73422,73.036644,221.32304
957.693,199.93039,73.036644,221.32304
951.44525,202.83078,71.47912,216.60326
959.67737,200.08673,71.47912,216.60326
953.6405,201.73315,71.47912,216.60326
961.8726,197.89151,71.47912,216.60326
955.83575,200.63556,71.47912,216.60326
962.9703,195.69629,71.47912,216.60326
956.9334,199.53793,71.47912,216.60326
961.8727,194.59866,71.47912,216.60326
955.8358,198.4403,71.47912,216.60326
960.7751,193.50104,71.47912,216.60326
953.64056,196.24509,71.47912,216.60326
958.57983,192.40344,71.47912,216.60326
960.22626,192.95224,71.47912,216.60326
957.48224,194.59866,71.47912,216.60326
960.22626,190.75702,71.47912,216.60326
962.9703,192.40344,71.47912,216.60326
958.031,190.75702,71.47912,216.60326
960.775,194.59866,71.47912,216.60326
958.031,189.6594,71.47912,216.60326
959.6774,191.30582,71.47912,216.60326
960.96857,190.97052,69.9548,211.98413
959.35724,190.43341,69.9548,211.98413
961.65625,191.14066,68.463,207.4635
963.2332,188.51239,68.463,207.4635
962.7076,191.14066,68.463,207.4635
963.2332,186.40979,68.463,207.4635
963.75885,187.98676,68.463,207.4635
963.2332,185.35849,68.463,207.4635
963.45654,188.07726,67.003006,203.03928
964.6669,190.73804,65.57415,198.7094
964.1634,190.23456,65.57415,198.7094
962.65295,187.71722,65.57415,198.7094
961.1425,187.21375,65.57415,198.7094
959.6321,187.71722,65.57415,198.7094
961.1425,191.24152,65.57415,198.7094
957.6182,192.75192,65.57415,198.7094
961.1425,193.2554,65.57415,198.7094
954.5974,192.75192,65.57415,198.7094
958.1217,191.24152,65.57415,198.7094
952.58356,190.73804,65.57415,198.7094
956.10785,190.23456,65.57415,198.7094
951.5766,188.72415,65.57415,198.7094
956.10785,187.21375,65.57415,198.7094
948.5558,187.71722,65.57415,198.7094
953.08704,188.2207,65.57415,198.7094
946.54193,188.72418,65.57415,198.7094
952.0801,187.21378,65.57415,198.7094
947.5488,187.71725,65.57415,198.7094
955.1009,185.19992,65.57415,198.7094
949.56274,187.71725,65.57415,198.7094
952.0801,184.19296,65.57415,198.7094
946.54193,187.71725,65.57415,198.7094
952.0801,184.19296,65.57415,198.7094
946.4707,187.76755,64.17576,194.47186
948.9344,184.31842,64.17576,194.47186
941.5434,185.79663,64.17576,194.47186
944.0071,183.33298,64.17576,194.47186
940.4171,186.83133,62.80719,190.32469
943.7926,185.38464,62.80719,190.32469
941.3815,184.9024,62.80719,190.32469
943.7926,182.49127,62.80719,190.32469
940.2792,188.70381,61.467808,186.26596
942.63885,185.40022,61.467808,186.26596
938.39136,186.81606,61.467808,186.26596
940.75104,185.40022,61.467808,186.26596
937.44745,183.04051,61.467808,186.26596
939.46747,187.30103,60.15699,182.29378
936.2343,184.06787,60.15699,182.29378
936.69617,184.52975,60.15699,182.29378
935.31055,184.06787,60.15699,182.29378
933.9249,182.68225,60.15699,182.29378
932.5393,183.14413,60.15699,182.29378
933.9249,179.91098,60.15699,182.29378
931.61554,180.37286,60.15699,182.29378
933.00116,180.83475,60.15699,182.29378
930.6918,180.37286,60.15699,182.29378
930.2299,181.75848,60.15699,182.29378
927.92053,181.2966,60.15699,182.29378
927.4587,179.91098,60.15699,182.29378
924.9838,183.19025,58.874123,178.40631
923.62775,181.83417,58.874123,178.40631
922.077,185.04352,57.618614,174.60175
920.7499,184.60114,57.618614,174.60175
919.4227,184.15875,57.618614,174.60175
917.2108,182.83157,57.618614,174.60175
915.88367,182.38919,57.618614,174.60175
913.67175,183.71637,57.618614,174.60175
912.3446,183.27399,57.618614,174.60175
908.3631,185.48593,57.618614,174.60175
912.3446,183.27399,57.618614,174.60175
905.7088,185.48593,57.618614,174.60175
908.80554,185.04355,57.618614,174.60175
903.0545,186.37073,57.618614,174.60175
898.18823,187.6979,57.618614,174.60175
903.9393,186.37073,57.618614,174.60175
897.30347,187.6979,57.618614,174.60175
892.4372,188.14029,57.618614,174.60175
897.30347,185.04358,57.618614,174.60175
890.66766,187.25552,57.618614,174.60175
887.5709,187.6979,57.618614,174.60175
888.8981,187.25552,57.618614,174.60175
884.0318,187.6979,57.618614,174.60175
886.2437,184.6012,57.618614,174.60175
881.37744,185.04358,57.618614,174.60175
881.8198,183.7164,57.618614,174.60175
879.6079,184.15878,57.618614,174.60175
879.1655,184.60117,57.618614,174.60175
876.0688,185.92834,57.618614,174.60175
872.97205,184.60117,57.618614,174.60175
873.4144,185.04355,57.618614,174.60175
868.54816,183.71637,57.618614,174.60175
868.99054,182.38919,57.618614,174.60175
865.00903,183.71637,57.618614,174.60175
863.6819,183.27399,57.618614,174.60175
859.7004,183.71637,57.618614,174.60175
859.258,181.50443,57.618614,174.60175
856.16125,181.94681,57.618614,174.60175
856.60364,178.8501,57.618614,174.60175
853.38043,182.84381,56.38988,170.87831
852.7298,185.91774,55.18735,167.23428
851.4586,183.79912,55.18735,167.23428
848.3714,186.8075,54.010464,163.66797
847.7482,189.75172,52.858673,160.1777
844.09564,189.34587,52.858673,160.1777
842.0664,190.5634,52.858673,160.1777
842.4722,190.15755,52.858673,160.1777
838.008,190.5634,52.858673,160.1777
839.2255,186.91081,52.858673,160.1777
833.9496,188.12834,52.858673,160.1777
835.1671,189.34587,52.858673,160.1777
829.07947,191.37508,52.858673,160.1777
830.297,189.34587,52.858673,160.1777
828.1224,192.22731,51.731445,156.76187
825.22845,194.28165,50.628258,153.41888
821.73,194.67035,50.628258,153.41888
826.00586,195.05905,50.628258,153.41888
820.1751,196.22519,50.628258,153.41888
815.095,198.98503,49.548595,150.14719
821.56226,197.84373,49.548595,150.14719
815.85583,199.74586,49.548595,150.14719
810.9103,200.88716,49.548595,150.14719
816.6167,198.22417,49.548595,150.14719
812.432,200.1263,49.548595,150.14719
808.9269,202.8273,48.491955,146.94525
806.9319,206.18842,47.457848,143.8116
812.3975,203.63779,47.457848,143.8116
809.11816,204.73093,47.457848,143.8116
805.11005,205.82407,47.457848,143.8116
811.30444,201.81595,47.457848,143.8116
809.35205,206.51021,46.445793,140.74478
806.85583,208.29323,46.445793,140.74478
804.94507,211.51251,45.455322,137.74336
804.59607,211.16351,45.455322,137.74336
800.70776,210.9503,44.485973,134.80594
803.7818,207.19316,44.485973,134.80594
797.97534,207.53471,44.485973,134.80594
799.6831,206.51006,44.485973,134.80594
795.24286,204.80226,44.485973,134.80594
796.2675,203.7776,44.485973,134.80594
791.8273,202.06981,44.485973,134.80594
794.2182,201.04515,44.485973,134.80594
793.19354,199.33736,44.485973,134.80594
790.1195,197.62956,44.485973,134.80594
790.46106,200.02046,44.485973,134.80594
786.77966,195.33987,45.470226,137.78851
784.3359,194.99075,45.470226,137.78851
785.38324,195.33987,45.470226,137.78851
783.6377,194.99075,45.470226,137.78851
783.2886,194.64163,45.470226,137.78851
780.8448,194.29251,45.470226,137.78851
779.09924,195.33984,45.470226,137.78851
778.0519,196.38718,45.470226,137.78851
778.401,196.7363,45.470226,137.78851
774.5607,197.08542,45.470226,137.78851
776.3063,198.831,45.470226,137.78851
771.76776,199.87833,45.470226,137.78851
775.60803,200.22745,45.470226,137.78851
771.0454,203.3791,44.50056,134.85013
767.9704,205.08745,44.50056,134.85013
773.7788,203.3791,44.50056,134.85013
770.7038,204.4041,44.50056,134.85013
769.6788,204.74577,44.50056,134.85013
769.3371,204.4041,44.50056,134.85013
767.6287,205.4291,44.50056,134.85013
770.0204,202.35408,44.50056,134.85013
766.262,204.06242,44.50056,134.85013
770.70374,200.30406,44.50056,134.85013
767.5558,203.38852,43.551575,131.97441
765.2151,203.7229,43.551575,131.97441
769.562,200.04468,43.551575,131.97441
766.5526,202.38538,43.551575,131.97441
765.40546,204.11487,42.622826,129.16002
766.8062,203.91495,41.713882,126.40564
765.20483,201.03247,41.713882,126.40564
763.60345,201.99329,41.713882,126.40564
767.12646,199.11081,41.713882,126.40564
763.60345,200.71219,41.713882,126.40564
764.5643,199.11081,41.713882,126.40564
761.04126,199.43109,41.713882,126.40564
763.9237,197.82971,41.713882,126.40564
760.4007,197.50943,41.713882,126.40564
762.64264,195.90805,41.713882,126.40564
759.1196,194.94724,41.713882,126.40564
762.0021,194.62695,41.713882,126.40564
759.76013,194.30667,41.713882,126.40564
757.5182,193.98639,41.713882,126.40564
756.5574,193.66614,41.713882,126.40564
754.3154,194.62695,41.713882,126.40564
756.5574,193.66614,41.713882,126.40564
753.6749,193.98639,41.713882,126.40564
755.9169,191.10394,41.713882,126.40564
752.39386,192.06476,41.713882,126.40564
753.3547,189.82285,41.713882,126.40564
749.83167,190.78366,41.713882,126.40564
753.3547,191.74448,41.713882,126.40564
749.1911,192.70529,41.713882,126.40564
745.0275,193.6661,41.713882,126.40564
749.8316,193.98639,41.713882,126.40564
745.668,194.30664,41.713882,126.40564
742.09973,197.19795,40.82432,123.71
747.67096,197.00647,39.95373,121.071846
744.9101,198.54025,39.95373,121.071846
742.08374,201.30956,39.101707,118.48995
744.7857,198.60759,39.101707,118.48995
742.6842,200.10869,39.101707,118.48995
739.98224,201.60979,39.101707,118.48995
742.08374,198.90782,39.101707,118.48995
740.58264,199.80849,39.101707,118.48995
739.682,200.10872,39.101707,118.48995
740.58264,200.40895,39.101707,118.48995
740.2824,197.10655,39.101707,118.48995
738.7813,198.60765,39.101707,118.48995
737.2802,198.90788,39.101707,118.48995
735.7791,198.00722,39.101707,118.48995
734.7492,198.40256,38.267853,115.96312
733.86774,196.34586,38.267853,115.96312
732.2934,197.86552,37.45178,113.49017
733.73114,194.70247,37.45178,113.49017
731.71826,194.99002,37.45178,113.49017
728.55524,195.27757,37.45178,113.49017
727.69257,192.68962,37.45178,113.49017
725.6797,193.55228,37.45178,113.49017
728.26764,190.96432,37.45178,113.49017
725.1046,191.25188,37.45178,113.49017
725.9673,190.38922,37.45178,113.49017
723.9544,188.37637,37.45178,113.49017
721.9415,188.08882,37.45178,113.49017
722.22906,188.37637,37.45178,113.49017
720.2162,188.66393,37.45178,113.49017
718.2033,188.37637,37.45178,113.49017
718.49084,188.08882,37.45178,113.49017
715.9029,188.95148,37.45178,113.49017
715.0402,189.23903,37.45178,113.49017
715.32776,188.95148,37.45178,113.49017
711.5896,189.81413,37.45178,113.49017
711.87714,188.37639,37.45178,113.49017
709.2892,189.23904,37.45178,113.49017
709.00165,189.5266,37.45178,113.49017
707.5639,189.81415,37.45178,113.49017
705.551,190.1017,37.45178,113.49017
706.4137,190.38925,37.45178,113.49017
703.2507,189.5266,37.45178,113.49017
705.8386,189.23904,37.45178,113.49017
702.10046,190.67679,37.45178,113.49017
704.6884,189.23904,37.45178,113.49017
700.3752,191.25189,37.45178,113.49017
702.96313,189.81415,37.45178,113.49017
700.95026,191.25189,37.45178,113.49017
702.388,191.53944,37.45178,113.49017
699.1843,193.0267,36.653107,111.06996
700.38885,196.10974,35.871468,108.70136
698.3822,198.06517,35.1065,106.38327
699.7299,198.8738,35.1065,106.38327
697.84314,199.68242,35.1065,106.38327
698.6518,198.8738,35.1065,106.38327
697.2075,200.78752,34.35784,104.11462
698.5265,201.05132,34.35784,104.11462
696.6045,201.39867,33.62515,101.89434
697.8953,201.1405,33.62515,101.89434
696.6045,200.88234,33.62515,101.89434
699.2026,200.22694,32.90808,99.72141
696.9286,201.49026,32.90808,99.72141
698.69727,199.72162,32.90808,99.72141
696.9286,199.46895,32.90808,99.72141
698.1919,199.72162,32.90808,99.72141
696.4232,196.43698,32.90808,99.72141
696.17053,196.68965,32.90808,99.72141
694.40186,194.921,32.90808,99.72141
695.15985,196.18433,32.90808,99.72141
694.40186,195.93166,32.90808,99.72141
695.34845,195.09064,33.636173,101.92775
693.54065,193.79935,33.636173,101.92775
694.3154,193.0246,33.636173,101.92775
694.2113,191.62907,34.380375,104.1829
693.5571,190.20268,35.14104,106.487946
691.12885,191.55173,35.14104,106.487946
693.0175,191.82153,35.14104,106.487946
691.66846,192.63095,35.14104,106.487946
693.0175,193.44037,35.14104,106.487946
691.12885,195.32903,35.14104,106.487946
691.9383,196.67807,35.14104,106.487946
690.0496,198.02711,35.14104,106.487946
692.4779,198.83653,35.14104,106.487946
690.0496,199.64595,35.14104,106.487946
693.5571,200.995,35.14104,106.487946
690.58923,201.80441,35.14104,106.487946
695.17596,200.995,35.14104,106.487946
698.14386,201.80441,35.14104,106.487946
695.7156,203.15346,35.14104,106.487946
696.525,203.42326,35.14104,106.487946
692.9989,205.85901,34.391647,104.21706
696.9597,206.65118,34.391647,104.21706
694.58325,207.44336,34.391647,104.21706
699.0722,207.70743,34.391647,104.21706
696.1676,207.9715,34.391647,104.21706
693.263,209.29178,34.391647,104.21706
697.95636,211.16652,33.658234,101.9946
695.1137,211.94179,33.658234,101.9946
699.5069,209.61598,33.658234,101.9946
697.1811,210.39125,33.658234,101.9946
699.5069,210.64967,33.658234,101.9946
700.28217,207.80702,33.658234,101.9946
698.99005,207.5486,33.658234,101.9946
698.8858,206.68842,34.402924,104.25123
698.0934,205.896,34.402924,104.25123
698.35754,204.04701,34.402924,104.25123
699.14996,203.2546,34.402924,104.25123
699.4141,202.99045,34.402924,104.25123
700.7348,202.19803,34.402924,104.25123
697.8878,202.41498,35.16409,106.557785
698.69775,201.60504,35.16409,106.557785
698.5888,200.70634,35.942093,108.915375
697.7609,201.53423,35.942093,108.915375
699.14075,202.91402,35.942093,108.915375
695.5533,204.29381,35.942093,108.915375
699.14075,205.12169,35.942093,108.915375
696.1052,206.50148,35.942093,108.915375
699.6927,206.77745,35.942093,108.915375
696.65717,208.15724,35.942093,108.915375
699.6927,208.98512,35.942093,108.915375
695.5533,209.813,35.942093,108.915375
701.3484,209.53703,35.942093,108.915375
699.96857,212.02068,35.942093,108.915375
705.7637,209.53703,35.942093,108.915375
702.72815,212.02068,35.942093,108.915375
704.65985,212.29665,35.942093,108.915375
701.05334,214.7879,35.175617,106.59272
704.56433,215.05798,35.175617,106.59272
701.5935,215.32806,35.175617,106.59272
705.6446,213.97769,35.175617,106.59272
703.2139,215.32806,35.175617,106.59272
707.8052,215.59814,35.175617,106.59272
705.3745,216.40836,35.175617,106.59272
710.5059,213.43753,35.175617,106.59272
708.07526,214.24774,35.175617,106.59272
711.0461,212.89737,35.175617,106.59272
709.256,212.55879,35.953876,108.95108
711.18835,211.17854,35.953876,108.95108
710.9123,210.90248,35.953876,108.95108
711.18835,211.17854,35.953876,108.95108
712.0165,210.35039,35.953876,108.95108
712.4779,208.28592,36.749355,111.361626
713.3244,208.00375,36.749355,111.361626
713.60657,208.28592,36.749355,111.361626
715.01733,208.56808,36.749355,111.361626
716.99243,209.41455,36.749355,111.361626
713.36584,207.8899,37.562435,113.8255
715.38464,207.02469,37.562435,113.8255
716.2498,207.31308,37.562435,113.8255
716.5382,208.17828,37.562435,113.8255
717.9802,209.62027,37.562435,113.8255
715.38464,210.48547,37.562435,113.8255
718.55707,211.35068,37.562435,113.8255
717.11505,212.21588,37.562435,113.8255
720.2875,213.08109,37.562435,113.8255
718.2687,213.94629,37.562435,113.8255
722.59467,214.23468,37.562435,113.8255
719.3815,216.83823,36.761406,111.39814
724.1797,216.55597,36.761406,111.39814
723.33295,217.96722,36.761406,111.39814
727.5667,217.68497,36.761406,111.39814
726.15546,219.09622,36.761406,111.39814
725.3087,219.94296,36.761406,111.39814
726.72,220.22522,36.761406,111.39814
724.11945,222.77324,35.97746,109.022545
727.71045,223.04948,35.97746,109.022545
725.16534,223.94572,35.210228,106.69761
728.1391,223.13472,35.210228,106.69761
725.16534,224.4864,35.210228,106.69761
728.67975,223.6754,35.210228,106.69761
726.2467,224.4864,35.210228,106.69761
725.43567,225.29741,35.210228,106.69761
727.8687,225.02708,35.210228,106.69761
727.0577,225.29741,35.210228,106.69761
724.62463,225.56773,35.210228,106.69761
728.44226,223.54596,35.989254,109.0583
724.8501,224.92755,35.989254,109.0583
728.99493,223.54596,35.989254,109.0583
724.8501,223.26965,35.989254,109.0583
727.88965,221.88806,35.989254,109.0583
724.2975,224.92758,35.989254,109.0583
728.4423,223.54599,35.989254,109.0583
725.4028,224.37494,35.989254,109.0583
729.5476,223.54599,35.989254,109.0583
726.50806,222.71704,35.989254,109.0583
724.0212,224.65128,35.989254,109.0583
727.61334,222.1644,35.989254,109.0583
723.4685,224.09863,35.989254,109.0583
725.4028,223.82233,35.989254,109.0583
724.0212,225.75656,35.989254,109.0583
723.1922,226.58551,35.989254,109.0583
723.4685,226.86182,35.989254,109.0583
722.6395,227.69077,35.989254,109.0583
721.81055,227.41446,35.989254,109.0583
722.27246,227.06804,36.785515,111.471214
721.4252,227.35048,36.785515,111.471214
722.83734,228.76265,36.785515,111.471214
720.8603,229.60994,36.785515,111.471214
722.27246,230.45723,36.785515,111.471214
720.2954,230.73967,36.785515,111.471214
720.5778,231.58696,36.785515,111.471214
720.2954,232.99913,36.785515,111.471214
720.013,233.28157,36.785515,111.471214
721.4252,233.56401,36.785515,111.471214
719.5531,231.45178,37.599396,113.937515
720.4191,232.8952,37.599396,113.937515
719.5531,233.1839,37.599396,113.937515
719.8418,234.62732,37.599396,113.937515
718.3984,234.91602,37.599396,113.937515
719.2644,235.78207,37.599396,113.937515
717.821,236.64813,37.599396,113.937515
716.95496,237.51419,37.599396,113.937515
716.66626,238.38025,37.599396,113.937515
716.95496,239.2463,37.599396,113.937515
715.51154,240.11237,37.599396,113.937515
716.95496,240.40106,37.599396,113.937515
714.3568,239.535,37.599396,113.937515
716.95496,238.66895,37.599396,113.937515
714.93414,238.38025,37.599396,113.937515
715.22284,239.2463,37.599396,113.937515
715.51154,239.535,37.599396,113.937515
716.37756,239.2463,37.599396,113.937515
715.51154,239.535,37.599396,113.937515
715.80023,239.2463,37.599396,113.937515
715.51154,239.535,37.599396,113.937515
715.80023,238.66895,37.599396,113.937515
713.2021,238.38025,37.599396,113.937515
713.4908,239.2463,37.599396,113.937515
714.3568,239.535,37.599396,113.937515
712.336,239.2463,37.599396,113.937515
713.7794,240.11237,37.599396,113.937515
710.6039,240.97842,37.599396,113.937515
712.6247,240.68973,37.599396,113.937515
710.6039,240.97842,37.599396,113.937515
710.3152,241.26712,37.599396,113.937515
708.87177,242.71054,37.599396,113.937515
708.58307,242.99924,37.599396,113.937515
707.13965,243.8653,37.599396,113.937515
706.85095,244.15399,37.599396,113.937515
704.2528,244.44269,37.599396,113.937515
705.11884,244.15399,37.599396,113.937515
703.098,244.44269,37.599396,113.937515
703.96405,245.30875,37.599396,113.937515
700.2112,247.32953,37.599396,113.937515
702.5598,250.49216,36.797577,111.50777
698.8675,252.49808,36.01286,109.12983
700.803,250.00955,36.01286,109.12983
697.7615,250.83905,36.01286,109.12983
698.591,252.22156,36.01286,109.12983
696.6555,253.60406,36.01286,109.12983
694.72003,254.98657,36.01286,109.12983
694.44354,254.71008,36.01286,109.12983
694.16705,256.6456,36.01286,109.12983
692.78455,256.3691,36.01286,109.12983
690.84906,256.09262,36.01286,109.12983
690.01953,255.81613,36.01286,109.12983
688.08405,257.19864,36.01286,109.12983
686.70154,256.92215,36.01286,109.12983
685.872,259.41068,36.01286,109.12983
686.1485,258.02817,36.01286,109.12983
684.766,259.41068,36.01286,109.12983
685.5955,259.1342,36.01286,109.12983
682.554,260.5167,36.01286,109.12983
683.5899,260.17007,36.809643,111.54433
682.3031,260.4022,37.624058,114.012245
679.1255,260.69107,37.624058,114.012245
679.9921,262.13544,37.624058,114.012245
678.4443,261.95898,36.821712,111.5809
677.5961,259.41455,36.821712,111.5809
676.18256,261.95898,36.821712,111.5809
677.5961,261.11084,36.821712,111.5809
677.3134,260.82812,36.821712,111.5809
675.3344,260.5454,36.821712,111.5809
675.0517,263.08978,36.821712,111.5809
675.89984,261.6762,36.821712,111.5809
673.92084,261.95892,36.821712,111.5809
674.20355,262.24164,36.821712,111.5809
671.6591,263.08978,36.821712,111.5809
672.50726,262.24164,36.821712,111.5809
671.0937,263.08978,36.821712,111.5809
670.24554,262.80707,36.821712,111.5809
669.9628,262.52435,36.821712,111.5809
670.811,263.93793,36.821712,111.5809
669.3974,263.08978,36.821712,111.5809
669.6801,263.93793,36.821712,111.5809
670.52826,264.22064,36.821712,111.5809
670.24554,265.63422,36.821712,111.5809
670.52826,266.48236,36.821712,111.5809
671.94183,267.3305,36.821712,111.5809
672.22455,268.17865,36.821712,111.5809
670.24554,268.46136,36.821712,111.5809
671.0937,269.3095,36.821712,111.5809
671.3764,269.59222,36.821712,111.5809
671.6591,268.17865,36.821712,111.5809
671.94183,267.3305,36.821712,111.5809
673.3554,266.48236,36.821712,111.5809
671.3764,266.19965,36.821712,111.5809
672.79,266.48236,36.821712,111.5809
671.3764,266.76508,36.821712,111.5809
672.79,267.0478,36.821712,111.5809
670.811,267.89594,36.821712,111.5809
673.3554,268.74408,36.821712,111.5809
671.3764,269.59222,36.821712,111.5809
673.3554,271.57123,36.821712,111.5809
672.50726,270.15765,36.821712,111.5809
674.48627,270.44037,36.821712,111.5809
673.0727,271.2885,36.821712,111.5809
675.0517,271.57123,36.821712,111.5809
675.89984,272.41937,36.821712,111.5809
676.748,272.7021,36.821712,111.5809
677.5961,273.55023,36.821712,111.5809
678.4443,273.83295,36.821712,111.5809
676.4653,273.55023,36.821712,111.5809
677.87885,275.52917,36.821712,111.5809
678.727,276.37732,36.821712,111.5809
679.57513,276.66003,36.821712,111.5809
679.85785,275.8119,36.821712,111.5809
680.706,275.52917,36.821712,111.5809
681.55414,276.37732,36.821712,111.5809
682.4023,274.39838,36.821712,111.5809
682.685,275.24652,36.821712,111.5809
683.53314,274.39838,36.821712,111.5809
684.3813,274.6811,36.821712,111.5809
684.0986,273.83295,36.821712,111.5809
683.2504,272.41937,36.821712,111.5809
684.664,273.83295,36.821712,111.5809
684.9467,272.9848,36.821712,111.5809
686.9257,272.7021,36.821712,111.5809
688.3393,273.55023,36.821712,111.5809
686.9257,273.26752,36.821712,111.5809
689.47015,272.41937,36.821712,111.5809
690.3183,273.83295,36.821712,111.5809
691.16644,272.41937,36.821712,111.5809
692.0146,273.26752,36.821712,111.5809
693.9936,272.9848,36.821712,111.5809
695.40717,273.26752,36.821712,111.5809
696.82074,272.9848,36.821712,111.5809
698.79974,272.13666,36.821712,111.5809
701.3442,274.1156,36.821712,111.5809
703.3232,275.52917,36.821712,111.5809
705.8676,272.41937,36.821712,111.5809
707.2812,277.7909,36.821712,111.5809
709.2602,278.0736,36.821712,111.5809
711.2392,278.35632,36.821712,111.5809
713.7836,276.37732,36.821712,111.5809
717.1894,271.91653,37.636395,114.04963
719.7901,273.9393,37.636395,114.04963
722.6981,277.105,36.833786,111.617485
725.5182,274.99002,37.648735,114.08702
728.6979,275.27908,37.648735,114.08702
731.87756,275.56815,37.648735,114.08702
735.05725,276.43533,37.648735,114.08702
738.23694,276.7244,37.648735,114.08702
740.8385,277.01346,37.648735,114.08702
743.44006,276.14627,37.648735,114.08702
746.0416,275.27908,37.648735,114.08702
749.2213,274.4119,37.648735,114.08702
751.8229,274.12283,37.648735,114.08702
755.5807,272.0994,37.648735,114.08702
759.9166,271.2322,37.648735,114.08702
764.8307,273.25565,37.648735,114.08702
769.1666,267.18533,37.648735,114.08702
775.23694,270.94315,37.648735,114.08702
778.99475,271.81033,37.648735,114.08702
781.5963,274.4119,37.648735,114.08702
786.5104,272.96658,37.648735,114.08702
791.42444,273.25565,37.648735,114.08702
796.9166,274.12283,37.648735,114.08702
802.4088,274.4119,37.648735,114.08702
807.3229,275.27908,37.648735,114.08702
813.3932,275.56815,37.648735,114.08702
820.47424,274.00616,38.481712,116.6112
825.497,274.89255,38.481712,116.6112
833.47437,275.18802,38.481712,116.6112
842.04266,278.43805,38.481712,116.6112
850.02,279.91534,38.481712,116.6112
859.1792,280.80173,38.481712,116.6112
868.9293,280.50626,38.481712,116.6112
878.67944,281.98355,38.481712,116.6112
890.2023,281.09717,38.481712,116.6112
899.9524,280.8017,38.481712,116.6112
908.5207,282.279,38.481712,116.6112
917.6799,283.7563,38.481712,116.6112
925.0663,285.8245,38.481712,116.6112
933.1656,290.20044,37.66108,114.12443
941.55115,290.4896,37.66108,114.12443
950.0352,294.77225,36.857944,111.69069
958.8079,293.92328,36.857944,111.69069
967.50183,291.21967,37.673428,114.16184
973.5761,293.24442,37.673428,114.16184
983.1214,292.95517,37.673428,114.16184
990.9312,295.55844,37.673428,114.16184
998.741,295.8477,37.673428,114.16184
1006.55084,294.97992,37.673428,114.16184
1013.3649,298.14877,36.87003,111.72731
1022.14056,295.03485,36.87003,111.72731
1027.519,295.8841,36.87003,111.72731
1035.7285,296.73334,36.87003,111.72731
1041.107,294.75174,36.87003,111.72731
1048.1841,295.60098,36.87003,111.72731
1054.1288,296.45023,36.87003,111.72731
1059.8887,295.50793,37.68578,114.19928
1066.3763,292.14322,38.519577,116.72594
1072.3938,291.77246,39.371822,119.308495
1077.9172,290.76624,40.242924,121.9482
1082.5519,292.31113,40.242924,121.9482
1089.6584,292.00214,40.242924,121.9482
1095.529,293.54703,40.242924,121.9482
1101.3997,293.23804,40.242924,121.9482
1107.8882,293.54703,40.242924,121.9482
1121.2274,290.59512,41.133297,124.6463
1125.9646,291.54257,41.133297,124.6463
1131.3335,291.8584,41.133297,124.6463
1140.4922,293.43747,41.133297,124.6463
1146.4927,293.7533,41.133297,124.6463
1154.3881,294.70074,41.133297,124.6463
1163.5468,295.6482,41.133297,124.6463
1172.0737,297.85892,41.133297,124.6463
1178.7058,299.438,41.133297,124.6463
1187.2328,299.7538,41.133297,124.6463
1193.8649,300.06964,41.133297,124.6463
1201.1287,301.6487,41.133297,124.6463
1207.7607,300.06964,41.133297,124.6463
1214.3928,299.7538,41.133297,124.6463
1221.6566,300.06964,41.133297,124.6463
1228.2887,301.6487,41.133297,124.6463
1233.0259,302.59616,41.133297,124.6463
1237.7631,301.6487,41.133297,124.6463
1240.6053,300.70126,41.133297,124.6463
1243.4476,301.0171,41.133297,124.6463
1245.6583,302.59616,41.133297,124.6463
1247.6189,306.05603,40.25612,121.98818
1247.928,310.69226,40.25612,121.98818
1247.928,310.69226,40.25612,121.98818
417.49104910696974,34.64296467383201,40.25611877441406,121.9881820678711
417.49104910696974,34.64296467383201,40.25611877441406,121.9881820678711
417.49104910696974,34.64296467383201,40.25611877441406,121.9881820678711
417.49104910696974,34.64296467383201,40.25611877441406,121.9881820678711
417.49104910696974,34.64296467383201,40.25611877441406,121.9881820678711
535.9114900104139,277.57914972535514,40.25611877441406,121.9881820678711
536.3240969360216,335.97601459998725,40.25611877441406,121.9881820678711
536.3240969360216,335.97601459998725,40.25611877441406,121.9881820678711
693.8347560064707,373.6391178969868,40.25611877441406,121.9881820678711
693.8347560064707,373.6391178969868,40.25611877441406,121.9881820678711
693.8347560064707,373.6391178969868,40.25611877441406,121.9881820678711
569.8894489717962,224.82574170342252,40.25611877441406,121.9881820678711
569.8894489717962,224.82574170342252,40.25611877441406,121.9881820678711
569.8894489717962,224.82574170342252,40.25611877441406,121.9881820678711
569.8894489717962,224.82574170342252,40.25611877441406,121.9881820678711
498.05672000256936,41.64123146711526,40.25611877441406,121.9881820678711
498.05672000256936,41.64123146711526,40.25611877441406,121.9881820678711
498.05672000256936,41.64123146711526,40.25611877441406,121.9881820678711
498.05672000256936,41.64123146711526,40.25611877441406,121.9881820678711
498.05672000256936,41.64123146711526,40.25611877441406,121.9881820678711
498.05672000256936,41.64123146711526,40.25611877441406,121.9881820678711
498.05672000256936,41.64123146711526,40.25611877441406,121.9881820678711
498.05672000256936,41.64123146711526,40.25611877441406,121.9881820678711
498.05672000256936,41.64123146711526,40.25611877441406,121.9881820678711
498.05672000256936,41.64123146711526,40.25611877441406,121.9881820678711
498.05672000256936,41.64123146711526,40.25611877441406,121.9881820678711
616.4552201276382,372.7107974525368,40.25611877441406,121.9881820678711
616.4552201276382,372.7107974525368,40.25611877441406,121.9881820678711
616.4552201276382,372.7107974525368,40.25611877441406,121.9881820678711
616.4552201276382,372.7107974525368,40.25611877441406,121.9881820678711
616.4552201276382,372.7107974525368,40.25611877441406,121.9881820678711
616.4552201276382,372.7107974525368,40.25611877441406,121.9881820678711
664.6839880812802,254.62954611819248,40.25611877441406,121.9881820678711
664.6839880812802,254.62954611819248,40.25611877441406,121.9881820678711
664.6839880812802,254.62954611819248,40.25611877441406,121.9881820678711
664.6839880812802,254.62954611819248,40.25611877441406,121.9881820678711
664.6839880812802,254.62954611819248,40.25611877441406,121.9881820678711
523.306231519606,374.18195327397706,40.25611877441406,121.9881820678711
605.8309289779037,291.6572558156794,40.25611877441406,121.9881820678711
600.5998829567479,290.8726046522391,39.39764404296875,119.38674926757812
600.5998829567479,290.8726046522391,39.39764404296875,119.38674926757812
600.5998829567479,290.8726046522391,39.39764404296875,119.38674926757812
632.51263582802,218.60523370513226,39.39764404296875,119.38674926757812
525.8952361704748,248.78987028254426,39.39764404296875,119.38674926757812
525.8952361704748,248.78987028254426,39.39764404296875,119.38674926757812
525.8952361704748,248.78987028254426,39.39764404296875,119.38674926757812
525.8952361704748,248.78987028254426,39.39764404296875,119.38674926757812
544.271284136869,315.28702334675296,39.39764404296875,119.38674926757812
515.6159285158996,305.59266334059083,39.39764404296875,119.38674926757812
589.7546461110393,311.77797462888645,39.39764404296875,119.38674926757812
589.7546461110393,311.77797462888645,39.39764404296875,119.38674926757812
589.7546461110393,311.77797462888645,39.39764404296875,119.38674926757812
589.7546461110393,311.77797462888645,39.39764404296875,119.38674926757812
589.7546461110393,311.77797462888645,39.39764404296875,119.38674926757812
547.4510784289861,384.7832704370951,39.39764404296875,119.38674926757812
586.6397109577771,381.2897013142266,39.39764404296875,119.38674926757812
586.6397109577771,381.2897013142266,39.39764404296875,119.38674926757812
492.0797709125769,387.04338036963725,39.39764404296875,119.38674926757812
492.0797709125769,387.04338036963725,39.39764404296875,119.38674926757812
492.0797709125769,387.04338036963725,39.39764404296875,119.38674926757812
492.0797709125769,387.04338036963725,39.39764404296875,119.38674926757812
617.4965445823622,346.61367942133717,39.39764404296875,119.38674926757812
617.4965445823622,346.61367942133717,39.39764404296875,119.38674926757812
537.6263281726373,373.52360559291276,39.39764404296875,119.38674926757812
476.8295016098234,351.3235592134189,39.39764404296875,119.38674926757812
472.6620628131436,-22.99380974260208,39.39764404296875,119.38674926757812
599.5811749230285,388.1761021375122,39.39764404296875,119.38674926757812
531.5587200756228,372.0107752142295,39.39764404296875,119.38674926757812
544.3251380271362,265.50911418444167,39.39764404296875,119.38674926757812
544.3251380271362,265.50911418444167,39.39764404296875,119.38674926757812
544.3251380271362,265.50911418444167,39.39764404296875,119.38674926757812
499.589511766378,-16.327368341530132,39.39764404296875,119.38674926757812
520.1397804561303,263.8221911299122,39.39764404296875,119.38674926757812
520.1397804561303,263.8221911299122,39.39764404296875,119.38674926757812
494.0366373942944,-5.743174433893245,39.39764404296875,119.38674926757812
494.0366373942944,-5.743174433893245,39.39764404296875,119.38674926757812
494.0366373942944,-5.743174433893245,39.39764404296875,119.38674926757812
562.7107373010047,316.85287479366264,39.39764404296875,119.38674926757812
524.4932653603435,394.102122181611,39.39764404296875,119.38674926757812
524.4932653603435,394.102122181611,39.39764404296875,119.38674926757812
524.4932653603435,394.102122181611,39.39764404296875,119.38674926757812
524.4932653603435,394.102122181611,39.39764404296875,119.38674926757812
469.7440800709784,88.85361359110811,39.39764404296875,119.38674926757812
543.7693964709987,291.55988047652806,39.39764404296875,119.38674926757812
543.7693964709987,291.55988047652806,39.39764404296875,119.38674926757812
543.7693964709987,291.55988047652806,39.39764404296875,119.38674926757812
543.7693964709987,291.55988047652806,39.39764404296875,119.38674926757812
543.7693964709987,291.55988047652806,39.39764404296875,119.38674926757812
543.7693964709987,291.55988047652806,39.39764404296875,119.38674926757812
543.7693964709987,291.55988047652806,39.39764404296875,119.38674926757812
499.5363693433126,313.6470643750911,39.39764404296875,119.38674926757812
499.5363693433126,313.6470643750911,39.39764404296875,119.38674926757812
499.5363693433126,313.6470643750911,39.39764404296875,119.38674926757812
499.5363693433126,313.6470643750911,39.39764404296875,119.38674926757812
499.5363693433126,313.6470643750911,39.39764404296875,119.38674926757812
499.5363693433126,313.6470643750911,39.39764404296875,119.38674926757812
499.5363693433126,313.6470643750911,39.39764404296875,119.38674926757812
559.1269018727062,307.2947741054603,39.39764404296875,119.38674926757812
559.1269018727062,307.2947741054603,39.39764404296875,119.38674926757812
559.1269018727062,307.2947741054603,39.39764404296875,119.38674926757812
559.1269018727062,307.2947741054603,39.39764404296875,119.38674926757812
568.551066344122,269.1172026240728,39.39764404296875,119.38674926757812
568.551066344122,269.1172026240728,39.39764404296875,119.38674926757812
568.551066344122,269.1172026240728,39.39764404296875,119.38674926757812
568.551066344122,269.1172026240728,39.39764404296875,119.38674926757812
568.551066344122,269.1172026240728,39.39764404296875,119.38674926757812
488.38017297808193,286.17573790390657,39.39764404296875,119.38674926757812
528.0069919582462,284.6725755478314,39.39764404296875,119.38674926757812
528.0069919582462,284.6725755478314,39.39764404296875,119.38674926757812
528.0069919582462,284.6725755478314,39.39764404296875,119.38674926757812
528.0069919582462,284.6725755478314,39.39764404296875,119.38674926757812
469.43958540019463,380.4779725753783,39.39764404296875,119.38674926757812
517.9243361486183,35.437487889775895,39.39764404296875,119.38674926757812
517.9243361486183,35.437487889775895,39.39764404296875,119.38674926757812
517.9243361486183,35.437487889775895,39.39764404296875,119.38674926757812
547.509152107741,345.88762583282255,39.39764404296875,119.38674926757812
455.6692380949262,20.780312591002797,39.39764404296875,119.38674926757812
455.6692380949262,20.780312591002797,39.39764404296875,119.38674926757812
455.6692380949262,20.780312591002797,39.39764404296875,119.38674926757812
455.6692380949262,20.780312591002797,39.39764404296875,119.38674926757812
540.7581874588661,31.39763666480627,39.39764404296875,119.38674926757812
452.76840534569436,87.41033982807815,39.39764404296875,119.38674926757812
418.318948626394,-23.08467014557698,39.39764404296875,119.38674926757812
418.318948626394,-23.08467014557698,39.39764404296875,119.38674926757812
533.5509704516037,362.8568508609751,39.39764404296875,119.38674926757812
533.5509704516037,362.8568508609751,39.39764404296875,119.38674926757812
556.4209156451134,307.27628601540977,38.55747604370117,116.84078979492188
559.4000927798706,307.09542483730024,37.735225677490234,114.34912109375
560.8487237523198,306.8056986428104,37.735225677490234,114.34912109375
562.2973547247689,307.6748772262799,37.735225677490234,114.34912109375
564.9048904751774,307.38515103179003,37.735225677490234,114.34912109375
567.5124262255858,308.8337820042392,37.735225677490234,114.34912109375
570.699414364974,308.54405580974935,37.735225677490234,114.34912109375
575.8490922435972,312.83511659088083,36.930511474609375,111.91059112548828
572.7300675862176,312.5515688947554,36.930511474609375,111.91059112548828
574.7149014590955,312.26802119863,36.930511474609375,111.91059112548828
577.2668307242242,313.1186642870062,36.930511474609375,111.91059112548828
579.8187599893529,315.10349815988405,36.930511474609375,111.91059112548828
579.8187599893529,315.10349815988405,36.930511474609375,111.91059112548828
579.8187599893529,315.10349815988405,36.930511474609375,111.91059112548828
624.7947577292828,260.74610958115477,36.930511474609375,111.91059112548828
597.5652795299384,254.75923645737078,36.930511474609375,111.91059112548828
597.5652795299384,254.75923645737078,36.930511474609375,111.91059112548828
597.5652795299384,254.75923645737078,36.930511474609375,111.91059112548828
634.1182412737147,-31.83523787759674,36.930511474609375,111.91059112548828
515.5382087428761,7.206989522408179,36.930511474609375,111.91059112548828
515.5382087428761,7.206989522408179,36.930511474609375,111.91059112548828
565.7277361904587,-40.19943636857127,36.930511474609375,111.91059112548828
565.7277361904587,-40.19943636857127,36.930511474609375,111.91059112548828
626.5152050317107,262.1604077574869,36.930511474609375,111.91059112548828
639.1596762356935,-1.6795838764753626,36.930511474609375,111.91059112548828
639.1596762356935,-1.6795838764753626,36.930511474609375,111.91059112548828
640.3629389969386,328.47704204141417,36.930511474609375,111.91059112548828
656.4510686422398,-33.72235644948438,36.930511474609375,111.91059112548828
656.4510686422398,-33.72235644948438,36.930511474609375,111.91059112548828
652.3663567033465,333.0126676272313,36.930511474609375,111.91059112548828
638.2752883871217,312.06871391320146,36.1429557800293,109.52406311035156
635.2227778700261,306.796195747309,36.1429557800293,109.52406311035156
631.0602635285321,308.73870244000625,36.1429557800293,109.52406311035156
624.6777415382413,307.3511976595082,36.1429557800293,109.52406311035156
620.5161177114835,308.25154302055773,35.372196197509766,107.18843078613281
616.4423702420912,308.5231261851839,35.372196197509766,107.18843078613281
613.4549554312035,306.0788777035485,35.372196197509766,107.18843078613281
608.8380416325589,307.4367935266793,35.372196197509766,107.18843078613281
613.4549554312035,303.9062123865393,35.372196197509766,107.18843078613281
616.4423702420912,303.63462922191314,35.372196197509766,107.18843078613281
617.8002860652219,302.81987972803466,35.372196197509766,107.18843078613281
621.3308672053619,301.4619639049039,35.372196197509766,107.18843078613281
616.7139534067172,302.81987972803466,35.372196197509766,107.18843078613281
621.8740335346141,301.4619639049039,35.372196197509766,107.18843078613281
617.8002860652218,302.81987972803466,35.372196197509766,107.18843078613281
622.9603661931187,299.832464917147,35.372196197509766,107.18843078613281
627.5772799917634,297.3882164355116,35.372196197509766,107.18843078613281
630.3103431687382,296.69876191422463,34.61787414550781,104.90260314941406
630.4232762579995,294.99926869395136,33.879638671875,102.66552734375
630.6833997445107,292.1379103423283,33.879638671875,102.66552734375
629.9030292849772,291.35753988279475,33.879638671875,102.66552734375
630.013553961204,291.7000639999765,33.15714645385742,100.47615051269531
629.2498251367714,290.93633517554383,33.15714645385742,100.47615051269531
627.9769437627169,291.7000639999765,33.15714645385742,100.47615051269531
627.1036124770513,291.5445328546918,32.4500617980957,98.33346557617188
627.8510545542641,290.29879605933706,32.4500617980957,98.33346557617188
625.1104336044838,292.0428275728337,32.4500617980957,98.33346557617188
624.362991527271,290.79709077747896,32.4500617980957,98.33346557617188
622.1206652956325,290.547943418408,32.4500617980957,98.33346557617188
621.3732232184198,289.8005013411952,32.4500617980957,98.33346557617188
618.6878314816104,288.4541966251044,33.16801834106445,100.50909423828125
620.4704496923431,288.199536880714,33.16801834106445,100.50909423828125
618.2540628275165,285.7666082005853,33.901859283447266,102.73285675048828
617.0688574142262,285.4402913207848,34.651939392089844,105.00582122802734
618.9312291002514,284.642132026774,34.651939392089844,105.00582122802734
617.6009636102333,283.8439727327632,34.651939392089844,105.00582122802734
617.8670167082369,283.04581343875236,34.651939392089844,105.00582122802734
615.4725388262044,282.24765414474155,34.651939392089844,105.00582122802734
615.738591924208,279.3210700667019,34.651939392089844,105.00582122802734
613.4230442790828,276.2272307193062,35.41861343383789,107.3290786743164
610.9755885739104,277.58692833329087,35.41861343383789,107.3290786743164
610.7036490511134,274.0517145369308,35.41861343383789,107.3290786743164
609.3439514371288,270.5165007405707,35.41861343383789,107.3290786743164
607.9842538231442,266.9812869442106,35.41861343383789,107.3290786743164
606.7460230581946,262.69044880166757,36.20225143432617,109.7037353515625
604.9036374500818,258.8814365826748,37.00322723388672,112.13092803955078
602.4309703427208,256.16718888949845,37.821922302246094,114.61182403564453
602.1405785329118,253.5536626012174,37.821922302246094,114.61182403564453
600.6886194838668,249.7785690737004,37.821922302246094,114.61182403564453
598.6558768152038,247.7458264050374,37.821922302246094,114.61182403564453
597.2039177661587,245.71308373637441,37.821922302246094,114.61182403564453
595.7519587171137,243.68034106771142,37.821922302246094,114.61182403564453
594.8807832876867,241.64759839904843,37.821922302246094,114.61182403564453
594.0096078582596,240.19563935000343,37.821922302246094,114.61182403564453
593.1384324288326,239.32446392057642,37.821922302246094,114.61182403564453
592.2672569994056,238.4532884911494,37.821922302246094,114.61182403564453
590.2345143307426,242.22838201866642,37.821922302246094,114.61182403564453
588.7825552816976,240.19563935000343,37.821922302246094,114.61182403564453
587.4603052408302,238.62646310245356,38.65873336791992,117.14761352539062
584.8770118536132,240.10204509189845,39.51405715942383,119.739501953125
583.4956055277738,240.35122925455244,40.3883056640625,122.38874053955078
580.7047400403616,241.28151775035656,40.3883056640625,122.38874053955078
578.6493197657974,242.1796673530082,41.281898498535156,125.09658813476562
581.1522258562542,238.49388621353398,42.19525909423828,127.86434936523438
578.8844378337591,240.76167423602902,42.19525909423828,127.86434936523438
575.3207709412668,243.02946225852406,42.19525909423828,127.86434936523438
575.6447406587661,245.9451897160177,42.19525909423828,127.86434936523438
578.2030224650075,238.81667644813564,43.12882995605469,130.69334411621094
572.5736841575251,242.45918947062427,43.12882995605469,130.69334411621094
569.5934462300344,242.7903270181232,43.12882995605469,130.69334411621094
573.235959252523,240.47236418563045,43.12882995605469,130.69334411621094
568.9311711350365,243.45260211312115,43.12882995605469,130.69334411621094
574.5605094425189,240.47236418563045,43.12882995605469,130.69334411621094
576.8784722750116,237.49212625813976,43.12882995605469,130.69334411621094
575.8850596325148,240.47236418563045,43.12882995605469,130.69334411621094
579.5275726550034,237.49212625813976,43.12882995605469,130.69334411621094
577.2096098225106,240.47236418563045,43.12882995605469,130.69334411621094
579.5275726550034,236.82985116314183,43.12882995605469,130.69334411621094
577.2096098225106,239.81008909063252,43.12882995605469,130.69334411621094
575.5539220850158,240.14122663813146,43.12882995605469,130.69334411621094
573.8982343475209,240.4723641856304,43.12882995605469,130.69334411621094
575.5539220850158,236.82985116314177,43.12882995605469,130.69334411621094
571.9114090625271,239.81008909063246,43.12882995605469,130.69334411621094
574.8916469900179,235.5053009731459,43.12882995605469,130.69334411621094
575.8850596325148,230.5382377606614,43.12882995605469,130.69334411621094
573.567096800022,230.20710021316245,43.12882995605469,130.69334411621094
575.2227845375169,227.22686228567176,43.12882995605469,130.69334411621094
573.567096800022,226.23344964317488,43.12882995605469,130.69334411621094
573.898234347521,225.240037000678,43.12882995605469,130.69334411621094
574.22937189502,223.58434926318319,43.12882995605469,130.69334411621094
572.4550583290704,225.2970535976778,42.2090950012207,127.9062728881836
572.1309823895122,223.67667389988617,42.2090950012207,127.9062728881836
571.1587545708372,223.35259796032784,42.2090950012207,127.9062728881836
570.834678631279,222.38037014165286,42.2090950012207,127.9062728881836
571.8069064499539,222.05629420209453,42.2090950012207,127.9062728881836
570.1865267521623,220.4359145043029,42.2090950012207,127.9062728881836
570.3242242915279,222.73682068076192,41.30897521972656,125.17863464355469
571.27571905913,223.05398560329593,41.30897521972656,125.17863464355469
570.3242242915279,221.4681609906259,41.30897521972656,125.17863464355469
571.910048904198,222.41965575822792,41.30897521972656,125.17863464355469
569.6898944464599,221.4681609906259,41.30897521972656,125.17863464355469
571.910048904198,221.7853259131599,41.30897521972656,125.17863464355469
571.5928839816639,222.1024908356939,41.30897521972656,125.17863464355469
573.178708594334,221.1509960680919,41.30897521972656,125.17863464355469
571.5928839816639,221.4681609906259,41.30897521972656,125.17863464355469
573.178708594334,221.1509960680919,41.30897521972656,125.17863464355469
571.5928839816639,221.4681609906259,41.30897521972656,125.17863464355469
573.178708594334,221.1509960680919,41.30897521972656,125.17863464355469
571.5928839816639,221.4681609906259,41.30897521972656,125.17863464355469
573.178708594334,221.7853259131599,41.30897521972656,125.17863464355469
570.3242242915279,222.73682068076192,41.30897521972656,125.17863464355469
571.910048904198,222.41965575822792,41.30897521972656,125.17863464355469
569.6898944464599,221.4681609906259,41.30897521972656,125.17863464355469
571.27571905913,221.7853259131599,41.30897521972656,125.17863464355469
569.0555646013919,222.1024908356939,41.30897521972656,125.17863464355469
569.372729523926,220.5166662230239,41.30897521972656,125.17863464355469
568.4212347563239,220.8338311455579,41.30897521972656,125.17863464355469
568.738399678858,219.88233637795588,41.30897521972656,125.17863464355469
568.4212347563239,218.29651176528586,41.30897521972656,125.17863464355469
566.2010802985858,216.07635730754777,41.30897521972656,125.17863464355469
567.1525750661879,213.85620284980968,41.30897521972656,125.17863464355469
566.8354101436538,214.17336777234368,41.30897521972656,125.17863464355469
569.6898944464599,211.9532133146056,41.30897521972656,125.17863464355469
572.544378749266,209.7330588568675,41.30897521972656,125.17863464355469
576.6675227422081,210.68455362446952,41.30897521972656,125.17863464355469
579.5220070450142,209.0987290117995,41.30897521972656,125.17863464355469
583.0108211928883,208.14723424419748,41.30897521972656,125.17863464355469
585.8653054956944,208.46439916673148,41.30897521972656,125.17863464355469
588.7197897985005,208.14723424419748,41.30897521972656,125.17863464355469
591.5742741013066,207.83006932166347,41.30897521972656,125.17863464355469
592.5257688689087,208.14723424419748,41.30897521972656,125.17863464355469
593.4772636365108,207.83006932166347,41.30897521972656,125.17863464355469
591.8914390238407,208.14723424419748,41.30897521972656,125.17863464355469
592.8429337914428,207.83006932166347,41.30897521972656,125.17863464355469
593.7944285590448,208.14723424419748,41.30897521972656,125.17863464355469
594.1115934815789,205.9270797864594,41.30897521972656,125.17863464355469
592.5257688689088,206.2442447089934,41.30897521972656,125.17863464355469
592.8429337914429,205.29274994139138,41.30897521972656,125.17863464355469
591.754892160452,205.71038242129293,40.42804718017578,122.50916290283203
590.6900526808403,206.11910713623593,39.5659065246582,119.89662170410156
590.9938345649721,203.99263394731366,39.5659065246582,119.89662170410156
589.4749251443133,200.04346945360084,39.5659065246582,119.89662170410156
590.7752074997537,199.27227242131823,38.72215270996094,117.33979034423828
591.66711843161,196.0019323378454,38.72215270996094,117.33979034423828
594.0859024792308,193.52783389798395,37.896392822265625,114.83748626708984
595.3313184994631,194.4718591446578,37.08824157714844,112.38854217529297
597.3246291808018,190.20047911321782,37.08824157714844,112.38854217529297
599.3179398621405,192.19378979455647,37.08824157714844,112.38854217529297
603.2814585114456,190.37302218332056,36.297325134277344,109.9918212890625
607.1604548091037,193.96334598335753,35.52327346801758,107.64620971679688
610.9567306872732,195.89979337088283,34.76572799682617,105.35062408447266
615.4944847878613,197.76828035347793,34.76572799682617,105.35062408447266
618.9645320412523,201.23832760686884,34.76572799682617,105.35062408447266
613.8929245170656,210.5807625198443,34.76572799682617,105.35062408447266
615.7614114996607,215.1185166204324,34.76572799682617,105.35062408447266
617.0960450586572,220.19012414461906,34.76572799682617,105.35062408447266
620.0322388884495,223.66017139800994,34.76572799682617,105.35062408447266
621.9007258710445,227.6640720749994,34.76572799682617,105.35062408447266
621.9007258710445,227.6640720749994,34.76572799682617,105.35062408447266
621.9007258710445,227.6640720749994,34.76572799682617,105.35062408447266
591.6552487402486,232.6465711689168,34.02433776855469,103.10398864746094
588.2411547241244,232.99055595455917,33.29875946044922,100.90526580810547
584.9175290083951,235.8028546370993,33.29875946044922,100.90526580810547
587.2185006577462,236.56984518688296,33.29875946044922,100.90526580810547
590.0307993402863,235.2915276039102,33.29875946044922,100.90526580810547
586.195846591368,238.61515331963943,33.29875946044922,100.90526580810547
589.2615488719348,237.4732656105482,32.588653564453125,98.75343322753906
595.1558860667254,237.8027374244511,31.89369010925293,96.6474838256836
649.8787357080535,259.98729561140453,31.89369010925293,96.6474838256836
649.8787357080535,259.98729561140453,31.89369010925293,96.6474838256836
649.8787357080535,259.98729561140453,31.89369010925293,96.6474838256836
649.8787357080535,259.98729561140453,31.89369010925293,96.6474838256836
625.6645986141325,270.2399117818252,31.89369010925293,96.6474838256836
625.6645986141325,270.2399117818252,31.89369010925293,96.6474838256836
625.6645986141325,270.2399117818252,31.89369010925293,96.6474838256836
613.7012444251337,256.30083151609347,31.89369010925293,96.6474838256836
613.7012444251337,256.30083151609347,31.89369010925293,96.6474838256836
613.7012444251337,256.30083151609347,31.89369010925293,96.6474838256836
631.087410697738,239.40441640609777,31.89369010925293,96.6474838256836
631.496761733427,235.03249272713316,32.59933853149414,98.78581237792969
632.247642094049,230.7775040169422,32.59933853149414,98.78581237792969
630.4955879192645,232.02897128464542,32.59933853149414,98.78581237792969
631.2464682798865,232.27926473818604,32.59933853149414,98.78581237792969
632.703594450825,230.92676606627043,33.32059860229492,100.97145080566406
632.6004108421513,231.6677433635379,34.05781555175781,103.2054443359375
631.2929535350705,232.97520067061873,34.05781555175781,103.2054443359375
630.508479150822,235.32862382336418,34.05781555175781,103.2054443359375
630.9456070269945,230.66004936349032,34.811344146728516,105.48886108398438
629.7286061706351,232.5433783701738,35.581546783447266,107.82279968261719
629.4554157078951,228.99190235455387,35.581546783447266,107.82279968261719
626.9967015432352,231.45061651921378,35.581546783447266,107.82279968261719
630.0017966333751,233.9093306838737,35.581546783447266,107.82279968261719
625.9039396922752,233.6361402211337,35.581546783447266,107.82279968261719
630.5481775588551,230.08466420551377,35.581546783447266,107.82279968261719
630.821368021595,232.54337837017368,35.581546783447266,107.82279968261719
630.5481775588551,233.36294975839365,35.581546783447266,107.82279968261719
697.5535060877419,275.0673482648207,35.581546783447266,107.82279968261719
697.5535060877419,275.0673482648207,35.581546783447266,107.82279968261719
697.5535060877419,275.0673482648207,35.581546783447266,107.82279968261719
574.7277553970354,222.12275082973514,35.581546783447266,107.82279968261719
574.7277553970354,222.12275082973514,35.581546783447266,107.82279968261719
574.7277553970354,222.12275082973514,35.581546783447266,107.82279968261719
574.7277553970354,222.12275082973514,35.581546783447266,107.82279968261719
593.5455886967916,252.18895068469317,35.581546783447266,107.82279968261719
578.0990913214472,196.76723849277573,35.581546783447266,107.82279968261719
608.7202859069537,181.7925335800198,35.581546783447266,107.82279968261719
647.7865220787726,243.80676862199806,35.581546783447266,107.82279968261719
647.6763357391632,241.76367232161243,36.36878967285156,110.20838165283203
645.825474806639,240.25478515402853,37.1734504699707,112.64674377441406
646.1108876783554,241.11102376917756,37.1734504699707,112.64674377441406
646.3963005500718,242.5380881277593,37.1734504699707,112.64674377441406
646.6817134217882,245.67762971663916,37.1734504699707,112.64674377441406
645.8254748066391,246.5338683317882,37.1734504699707,112.64674377441406
641.473774449504,193.97729966042237,37.1734504699707,112.64674377441406
588.6500362250641,242.18249256102007,37.995914459228516,115.13905334472656
592.7697174427233,236.97408871413018,38.83657455444336,117.68650817871094
596.9805461776929,232.26917885112903,39.69583511352539,120.29032135009766
603.8142096408981,226.82775553887052,40.57410430908203,122.95174407958984
605.6277920972964,223.20516925251616,41.471805572509766,125.67205047607422
606.8207880585276,220.16314375026928,42.38936996459961,128.45254516601562
606.8207880585276,220.16314375026928,42.38936996459961,128.45254516601562
603.8916480602522,224.39412374777805,42.38936996459961,128.45254516601562
598.9031212961769,207.5044420540832,42.38936996459961,128.45254516601562
600.6494454128461,177.93905793158038,42.38936996459961,128.45254516601562
600.6494454128461,177.93905793158038,42.38936996459961,128.45254516601562
552.4784881806086,234.8329623048902,41.48540496826172,125.7132568359375
551.9998126997774,237.09441747932493,40.60071563720703,123.03238677978516
550.9304250950972,239.30764809511152,39.734893798828125,120.40868377685547
550.0151872768928,239.0025688223767,39.734893798828125,120.40868377685547
547.7923958290721,244.69722800014097,38.887535095214844,117.84093475341797
545.1052355409005,243.20436117337897,38.887535095214844,117.84093475341797
543.6123687141385,245.89152146155055,38.887535095214844,117.84093475341797
541.5223551566717,244.99580136549338,38.887535095214844,117.84093475341797
543.0152219834337,244.1000812694362,38.887535095214844,117.84093475341797
542.7166486180813,240.21862751985503,38.887535095214844,117.84093475341797
544.8066621755481,233.35144011674987,38.887535095214844,117.84093475341797
543.910942079491,228.27569290575912,38.887535095214844,117.84093475341797
544.2095154448433,232.15714665534028,38.887535095214844,117.84093475341797
545.7023822716053,231.2614265592831,38.887535095214844,117.84093475341797
547.7923958290721,233.35144011674987,38.887535095214844,117.84093475341797
549.8824093865389,234.84430694351187,38.887535095214844,117.84093475341797
551.9724229440058,238.12861396238827,38.887535095214844,117.84093475341797
552.2709963093581,242.01006771196944,38.887535095214844,117.84093475341797
553.1667164054153,247.68296165366502,38.887535095214844,117.84093475341797
552.2709963093581,243.80150790408385,38.887535095214844,117.84093475341797
553.1667164054153,241.11434761591227,38.887535095214844,117.84093475341797
554.6595832321773,246.78724155760784,38.887535095214844,117.84093475341797
553.9196204182365,244.55431638788014,39.747920989990234,120.44816589355469
557.2765927299055,241.80770267833276,39.747920989990234,120.44816589355469
557.1535056376906,235.72589130948,40.627342224121094,123.11308288574219
560.2639826589664,236.62935457528295,41.526222229003906,125.83695983886719
556.827497676211,230.93702158647937,42.44498825073242,128.62110900878906
561.0640293591292,235.17355326939764,42.44498825073242,128.62110900878906
557.5515117343815,238.14608043974175,43.38408279418945,131.46685791015625
563.2141658950621,242.47634538614454,43.38408279418945,131.46685791015625
560.3151101281576,242.7499343158915,44.343955993652344,134.3755645751953
565.8295434669724,247.97486516894645,45.32506561279297,137.34861755371094
562.0786866318865,242.48389932322624,46.327880859375,140.387451171875
567.4141778376791,249.9535870113358,46.327880859375,140.387451171875
565.056484458721,245.81728046841664,47.35288619995117,143.4935302734375
566.8743307749612,243.27229562568033,47.35288619995117,143.4935302734375
565.2188795851915,236.78126047326685,48.400569915771484,146.66831970214844
567.8201722175734,242.35545897122802,48.400569915771484,146.66831970214844
569.6782383835604,246.44320453639955,48.400569915771484,146.66831970214844
569.306625150363,243.09868543762286,48.400569915771484,146.66831970214844
569.6782383835604,246.44320453639955,48.400569915771484,146.66831970214844
570.0498516167578,243.8419119040177,48.400569915771484,146.66831970214844
569.6782383835604,243.47029867082028,48.400569915771484,146.66831970214844
570.7930780831526,246.81481776959697,48.400569915771484,146.66831970214844
568.9350119171656,241.98384573803065,48.400569915771484,146.66831970214844
567.8201722175734,237.89610017285912,48.400569915771484,146.66831970214844
566.7053325179811,238.26771340605654,48.400569915771484,146.66831970214844
561.8743604864147,237.15287370646433,48.400569915771484,146.66831970214844
565.9621060515863,236.03803400687212,48.400569915771484,146.66831970214844
568.5633986839681,239.3825531056488,48.400569915771484,146.66831970214844
577.1105030475085,242.7270722044255,48.400569915771484,146.66831970214844
576.738889814311,238.63932663925397,48.400569915771484,146.66831970214844
581.5698618458774,241.2406192716358,48.400569915771484,146.66831970214844
583.4279280118644,242.35545897122802,48.400569915771484,146.66831970214844
583.7995412450618,245.6999780700047,48.400569915771484,146.66831970214844
584.9143809446541,246.8148177695969,48.400569915771484,146.66831970214844
586.7724471106411,247.92965746918912,48.400569915771484,146.66831970214844
587.1440603438385,247.5580442359917,48.400569915771484,146.66831970214844
589.0021265098255,249.41611040197876,48.400569915771484,146.66831970214844
588.6305132766281,249.04449716878133,48.400569915771484,146.66831970214844
590.4885794426151,250.15933686837354,48.400569915771484,146.66831970214844
589.3737397430228,251.27417656796575,48.400569915771484,146.66831970214844
590.4885794426151,253.1322427339528,48.400569915771484,146.66831970214844
591.6034191422074,253.50385596715023,48.400569915771484,146.66831970214844
586.772447110641,253.1322427339528,48.400569915771484,146.66831970214844
588.630513276628,254.24708243354502,48.400569915771484,146.66831970214844
588.2589000434306,255.36192213313723,48.400569915771484,146.66831970214844
589.3737397430228,254.9903088999398,48.400569915771484,146.66831970214844
580.7417855165312,250.66894734706625,49.471431732177734,149.91336059570312
576.5635985807303,251.04878252304815,49.471431732177734,149.91336059570312
574.6644227008208,249.1496066431386,49.471431732177734,149.91336059570312
572.0055764689474,248.76977146715672,49.471431732177734,149.91336059570312
568.5870598851103,251.42861769903004,49.471431732177734,149.91336059570312
568.9668950610923,250.28911217108435,49.471431732177734,149.91336059570312
568.5870598851103,251.42861769903004,49.471431732177734,149.91336059570312
566.6878840052008,251.80845287501194,49.471431732177734,149.91336059570312
564.7887081252912,255.22696945884906,49.471431732177734,149.91336059570312
562.8895322453817,255.60680463483095,49.471431732177734,149.91336059570312
559.4710156615446,255.98663981081285,49.471431732177734,149.91336059570312
556.0524990777075,257.12614533875853,49.471431732177734,149.91336059570312
554.9129935497617,256.74631016277664,49.471431732177734,149.91336059570312
553.773488021816,257.12614533875853,49.471431732177734,149.91336059570312
554.1533231977979,257.50598051474043,49.471431732177734,149.91336059570312
555.7791381168411,262.39940885341275,48.416439056396484,146.71641540527344
562.0986344164214,262.7711439298587,48.416439056396484,146.71641540527344
590.722235302756,266.8602297707636,48.416439056396484,146.71641540527344
598.5286719081199,267.97543500010136,48.416439056396484,146.71641540527344
596.6699965258904,269.8341103823309,48.416439056396484,146.71641540527344
593.3243808378772,269.46237530588496,48.416439056396484,146.71641540527344
590.722235302756,269.09064022943903,48.416439056396484,146.71641540527344
588.1200897676347,268.7189051529931,48.416439056396484,146.71641540527344
584.7744740796215,269.09064022943903,48.416439056396484,146.71641540527344
582.1723285445003,270.20584545877676,48.416439056396484,146.71641540527344
578.0832427035954,270.5775805352227,48.416439056396484,146.71641540527344
575.4810971684741,270.20584545877676,48.416439056396484,146.71641540527344
570.6485411746773,269.83411038233083,48.416439056396484,146.71641540527344
562.8421045693134,270.94931561166857,48.416439056396484,146.71641540527344
557.2660784226249,269.83411038233083,48.416439056396484,146.71641540527344
560.2015483146612,270.9107895000192,49.48765182495117,149.96250915527344
562.1013468897225,272.05066864505596,49.48765182495117,149.96250915527344
564.7610648948084,271.6707089300437,49.48765182495117,149.96250915527344
568.9406217599434,272.8105880750805,49.48765182495117,149.96250915527344
576.1598563451765,273.19054779009275,49.48765182495117,149.96250915527344
581.8592520703605,275.0903463651541,49.48765182495117,149.96250915527344
579.1995340652746,273.95046722011733,49.48765182495117,149.96250915527344
576.5398160601887,272.81058807508055,49.48765182495117,149.96250915527344
573.8800980551028,274.7103866501419,49.48765182495117,149.96250915527344
578.8195743502623,272.050668645056,49.48765182495117,149.96250915527344
575.3999369151519,274.7103866501419,49.48765182495117,149.96250915527344
573.5001383400905,271.2907492150315,49.48765182495117,149.96250915527344
569.3205814749556,273.9504672201174,49.48765182495117,149.96250915527344
563.6484180773946,271.1088841720831,50.58256530761719,153.28042602539062
556.2694579269632,273.8274484380315,50.58256530761719,153.28042602539062
548.8904977765319,274.9925474091523,50.58256530761719,153.28042602539062
550.8323293950665,273.0507157906177,50.58256530761719,153.28042602539062
545.0068345394627,274.9925474091523,50.58256530761719,153.28042602539062
545.6560544095005,276.11739438292534,51.70170593261719,156.6717529296875
540.4955883374544,270.9569283108792,51.70170593261719,156.6717529296875
539.5117925365366,272.10665771552107,52.84560775756836,160.13812255859375
535.0486344424758,268.45498291128945,52.84560775756836,160.13812255859375
528.9625097687564,262.36885823757007,52.84560775756836,160.13812255859375
520.4419352255493,256.2827335638507,52.84560775756836,160.13812255859375
517.6017437111469,252.63105875961907,52.84560775756836,160.13812255859375
514.7615521967446,251.4138338248752,52.84560775756836,160.13812255859375
516.7902604213177,255.87699191893608,52.84560775756836,160.13812255859375
513.9500689069154,255.4712502740215,52.84560775756836,160.13812255859375
511.109877392513,259.1229250782531,52.84560775756836,160.13812255859375
505.0237527187936,258.7171834333385,52.84560775756836,160.13812255859375
497.3146614654157,262.3688582375701,52.84560775756836,160.13812255859375
489.60557021203783,257.90570014350925,52.84560775756836,160.13812255859375
481.89647895866,264.8033081070579,52.84560775756836,160.13812255859375
474.99887099511136,270.88943278077727,52.84560775756836,160.13812255859375
468.1012630315627,276.97555745449665,52.84560775756836,160.13812255859375
463.72804615886673,273.9411564333327,54.01481628417969,163.68118286132812
443.40683089725707,269.37925096644074,54.01481628417969,163.68118286132812
432.20942656943134,266.4762202147822,54.01481628417969,163.68118286132812
426.81808374492266,265.2320641783571,54.01481628417969,163.68118286132812
421.426740920414,263.15847078431534,54.01481628417969,163.68118286132812
416.864835453522,266.0615015359739,54.01481628417969,163.68118286132812
412.30292998663003,263.9879081419321,54.01481628417969,163.68118286132812
408.5704618773548,263.57318946312375,54.01481628417969,163.68118286132812
406.496868483313,263.1584707843154,54.01481628417969,163.68118286132812
403.59383773165445,260.25544003265685,54.01481628417969,163.68118286132812
403.1791190528461,262.32903342669863,54.01481628417969,163.68118286132812
401.934963016421,260.25544003265685,54.01481628417969,163.68118286132812
400.9071543927726,260.596070827901,55.20989227294922,167.30262756347656
398.09744282298453,257.4259154253348,56.43141174316406,171.0041961669922
397.92269025161823,254.18562197671395,57.67995834350586,174.78765869140625
397.4798310950598,251.9713261939217,57.67995834350586,174.78765869140625
394.37981699915065,249.75703041112945,57.67995834350586,174.78765869140625
394.20119896245893,244.60717966601823,58.95612716674805,178.6548309326172
391.2008360138842,203.65134621748064,60.26053237915039,182.60757446289062
388.13409092532726,194.43091022243965,61.59379577636719,186.64776611328125
386.9620665200011,193.83805094330097,62.95655822753906,190.77734375
384.5452055075096,191.42118993080948,62.95655822753906,190.77734375
381.16160009002147,188.03758451332135,62.95655822753906,190.77734375
381.64497229251975,190.45444552581284,62.95655822753906,190.77734375
379.22811128002826,187.07084010832472,62.95655822753906,190.77734375
378.74473907752997,188.52095671581964,62.95655822753906,190.77734375
377.5467835082583,183.9029897825472,64.34947204589844,194.998291015625
378.3727019906623,183.283607209043,65.77320098876953,199.3126220703125
375.84771178713896,177.7286287612917,65.77320098876953,199.3126220703125
378.3727019906623,178.23362680199637,65.77320098876953,199.3126220703125
378.87770003136694,179.74862092411036,65.77320098876953,199.3126220703125
380.39269415348093,179.2436228834057,65.77320098876953,199.3126220703125
380.8976921941856,180.75861700551968,65.77320098876953,199.3126220703125
381.74188323943355,174.88617371537083,67.22843170166016,203.722412109375
384.3227388512098,176.4346870824366,67.22843170166016,203.722412109375
385.8712522182756,175.91851596008132,67.22843170166016,203.722412109375
387.41976558534134,175.40234483772605,67.22843170166016,203.722412109375
390.0006211971176,174.88617371537077,67.22843170166016,203.722412109375
413.22832170310403,176.43468708243654,67.22843170166016,203.722412109375
418.3754112580771,170.43231693816745,68.71585845947266,208.22976684570312
414.8783608438981,165.3918934160783,70.23619842529297,212.83685302734375
421.3747000288515,160.2399520589786,71.79017639160156,217.54586791992188
431.84741628632804,160.79114765147733,71.79017639160156,217.54586791992188
437.34375797668696,158.95641212654635,73.37853240966797,222.35906982421875
439.0339303616353,159.51980292152916,73.37853240966797,222.35906982421875
441.8508843365493,160.08319371651197,73.37853240966797,222.35906982421875
445.1307614804732,155.869793370546,75.00202941894531,227.2787628173828
450.31346382736933,154.14222592158063,75.00202941894531,227.2787628173828
452.0410312763347,152.41465847261526,75.00202941894531,227.2787628173828
446.8583289294386,148.38366775836272,75.00202941894531,227.2787628173828
452.6005753338458,141.68724029515772,76.66144561767578,232.30731201171875
456.02719009473924,137.28533278323465,78.35758209228516,237.44711303710938
459.5296215358154,134.03439034173604,80.09123992919922,242.7006378173828
463.1095425644947,130.71152481845652,81.8632583618164,248.0703887939453
465.4644574415511,128.61935242887756,83.67448425292969,253.55894470214844
467.8714767066437,127.81395232411478,85.5257797241211,259.1689453125
468.96918921627594,126.99074350806347,87.41803741455078,264.9030456542969
473.66747979097863,129.00429661150747,87.41803741455078,264.9030456542969
474.33866415879334,129.67548097932212,87.41803741455078,264.9030456542969
478.2460767262387,126.04863098189406,89.35216522216797,270.7640380859375
478.93211104819125,126.73466530384661,89.35216522216797,270.7640380859375
482.3622826579541,126.04863098189406,89.35216522216797,270.7640380859375
484.42038562381174,128.10673394775176,89.35216522216797,270.7640380859375
486.4784885896694,130.16483691360946,89.35216522216797,270.7640380859375
487.16452291162193,132.22293987946716,89.35216522216797,270.7640380859375
492.7459203025437,138.41619908500144,87.44670104980469,264.9898986816406
493.8682860778198,136.18132366512276,89.38146209716797,270.8528137207031
493.18202682133074,138.24010143458992,89.38146209716797,270.8528137207031
488.633275952952,167.2835230988759,91.35902404785156,276.8454284667969
491.2613519157122,162.0376757512002,93.38034057617188,282.97064208984375
486.2426167731894,169.92425954659325,93.38034057617188,282.97064208984375
491.2613519157122,167.7733730569406,93.38034057617188,282.97064208984375
496.28008705823504,175.65995685233366,93.38034057617188,282.97064208984375
488.39350326284193,174.94299468911612,93.38034057617188,282.97064208984375
495.542813931031,165.1180046551113,95.44638061523438,289.2313537597656
499.2069386864247,173.1790791169774,95.44638061523438,289.2313537597656
494.34953538185414,161.61609888427563,97.5581283569336,295.6305847167969
499.5928063037036,157.87090536866884,97.5581283569336,295.6305847167969
496.18218826333407,149.16059552748436,99.71659851074219,302.1714172363281
500.01024418547365,146.8637619742006,99.71659851074219,302.1714172363281
503.83830010761324,144.56692842091684,99.71659851074219,302.1714172363281
512.2600231363203,139.20765012992143,99.71659851074219,302.1714172363281
517.6193014273158,130.78592710121438,99.71659851074219,302.1714172363281
516.8536902428879,120.83298170365146,99.71659851074219,302.1714172363281
521.3108263880085,121.46181628537124,101.9228286743164,308.8569641113281
517.3980747285916,130.06986993608848,101.9228286743164,308.8569641113281
526.0061283793088,119.89671562160447,101.9228286743164,308.8569641113281
533.0490813662593,123.8094672810214,101.9228286743164,308.8569641113281
521.3669122500896,126.07600627823854,104.17787170410156,315.6904296875
528.5656905718763,122.07668498835704,104.17787170410156,315.6904296875
534.1647403777105,118.07736369847555,104.17787170410156,315.6904296875
535.5018520603492,127.03292638413023,106.48280334472656,322.6750793457031
541.2247808431374,122.94512011071009,106.48280334472656,322.6750793457031
546.9477096259257,133.57341642160247,106.48280334472656,322.6750793457031
551.0355158993458,132.75585516691842,106.48280334472656,322.6750793457031
553.4881996633978,138.4787839497066,106.48280334472656,322.6750793457031
556.551331600538,135.75740841452722,108.83873748779297,329.81427001953125
559.6822358415263,132.97582025027373,111.24679565429688,337.1114196777344
561.110074961692,131.90503266145498,113.7081298828125,344.57000732421875
563.7291840555331,132.7780690260687,113.7081298828125,344.57000732421875
568.0943658786015,135.39717811990977,113.7081298828125,344.57000732421875
570.7134749724426,139.7623599429782,113.7081298828125,344.57000732421875
573.3325840662836,144.12754176604665,113.7081298828125,344.57000732421875
577.697765889352,148.4927235891151,113.7081298828125,344.57000732421875
583.8090204416478,147.61968722450138,113.7081298828125,344.57000732421875
589.9202749939436,143.25450540143294,113.7081298828125,344.57000732421875
596.0315295462394,142.38146903681923,113.7081298828125,344.57000732421875
602.1427840985352,139.76235994297815,113.7081298828125,344.57000732421875
606.5079659216036,138.88932357836444,113.7081298828125,344.57000732421875
612.6192204738994,134.524141755296,113.7081298828125,344.57000732421875
618.7304750261952,130.15895993222756,113.7081298828125,344.57000732421875
624.841729578491,127.53985083838649,113.7081298828125,344.57000732421875
629.2069114015594,121.42859628609068,113.7081298828125,344.57000732421875
635.3181659538552,115.31734173379488,113.7081298828125,344.57000732421875
642.4209608340242,113.10100238951458,111.28327178955078,337.2219543457031
646.6930538399018,113.95542099069013,111.28327178955078,337.2219543457031
652.6739840481306,111.39216518716353,111.28327178955078,337.2219543457031
658.6549142563593,108.82890938363693,111.28327178955078,337.2219543457031
664.6358444645881,104.55681637775922,111.28327178955078,337.2219543457031
665.4902630657637,103.70239777658367,111.28327178955078,337.2219543457031
669.7623560716413,102.84797917540811,111.28327178955078,337.2219543457031
675.066609105871,103.97304377943084,108.91012573242188,330.0306091308594
678.6458007910401,105.07411942824604,106.58758544921875,322.99261474609375
683.7262369819289,107.72928768323231,104.3145751953125,316.1047058105469
687.7308059859726,103.72471867918864,104.3145751953125,316.1047058105469
692.7029018872634,104.77933726756453,102.09003448486328,309.3636779785156
697.5689660585886,104.3004534246084,99.91293334960938,302.76641845703125
699.8703217838016,105.06757199967944,99.91293334960938,302.76641845703125
692.9662546081623,107.36892772489256,99.91293334960938,302.76641845703125
696.2497669359044,105.42147468444483,97.78225708007812,296.3098449707031
678.9822975067543,109.17527238643402,97.78225708007812,296.3098449707031
670.6178078104643,113.0583503855326,95.697021484375,289.9909362792969
673.7627700357356,112.60946111359618,93.65625,283.8067932128906
658.8203286827114,116.32868916914333,91.65900421142578,277.7545166015625
649.6230169037888,117.25535459045841,89.704345703125,271.8313293457031
650.3117553130526,117.94409299972219,89.704345703125,271.8313293457031
637.327511813595,122.83406324940054,87.79137420654297,266.0344543457031
632.4164122338101,126.32039022500817,85.91919708251953,260.3611755371094
625.1599705388941,123.02200763640994,85.91919708251953,260.3611755371094
617.903528843978,121.04297808325103,85.91919708251953,260.3611755371094
619.4554878833623,121.91161802442457,84.08694458007812,254.80889892578125
613.5070709830454,127.73992717012075,82.29376220703125,249.37501525878906
610.3478663984203,125.84440441934564,82.29376220703125,249.37501525878906
606.9623114535991,123.02237136058139,80.53882598876953,244.05702209472656
608.4170845873969,121.45255347917296,78.8213119506836,238.85243225097656
609.8408331364523,118.74959916096532,77.14042663574219,233.7588348388672
610.4331073561201,114.60367962329059,77.14042663574219,233.7588348388672
605.1026393791097,110.45776008561586,77.14042663574219,233.7588348388672
608.0640104774488,106.31184054794113,77.14042663574219,233.7588348388672
600.3644456217672,104.53501788893769,77.14042663574219,233.7588348388672
602.8995669847403,101.88970247555537,75.4953842163086,228.77386474609375
593.045622494602,96.6729083337174,75.4953842163086,228.77386474609375
583.1916780044636,103.04899006263048,75.4953842163086,228.77386474609375
571.019158340175,97.83219592079251,75.4953842163086,228.77386474609375
557.8568192456584,95.24329928744035,73.88542175292969,223.8951873779297
538.4138290800787,101.45806277391694,72.3097915649414,219.1205596923828
516.7616047090746,96.46139561137753,72.3097915649414,219.1205596923828
491.77826889637754,100.34769229335262,72.3097915649414,219.1205596923828
467.90530356424483,98.68213657250615,72.3097915649414,219.1205596923828
438.48048582929056,102.56843325448125,72.3097915649414,219.1205596923828
409.0556680943363,100.90287753363478,72.3097915649414,219.1205596923828
380.39517654781974,106.98510855390609,70.76776123046875,214.44775390625
352.6845434095776,104.26837981486275,70.76776123046875,214.44775390625
329.32067625380483,104.81172556267143,70.76776123046875,214.44775390625
284.2229791856853,109.70183729294945,70.76776123046875,214.44775390625
262.458159163349,111.46471349485097,69.25862121582031,209.8745880126953
239.10732736008424,113.18999081098622,67.78166198730469,205.39895629882812
202.20942225127334,122.9042123356781,66.33619689941406,201.01876831054688
167.08020029425953,127.50216455411254,64.92155456542969,196.7319793701172
146.6433683907521,128.00062386883224,64.92155456542969,196.7319793701172
123.79391140124838,133.4614096272902,63.53708267211914,192.53660583496094
100.86592397558584,132.97358010759527,63.53708267211914,192.53660583496094
75.98661847114352,137.3640457848498,63.53708267211914,192.53660583496094
50.803249531455876,141.76797941998075,62.18213653564453,188.4307098388672
29.83828483484467,146.07800011245237,60.856082916259766,184.41236877441406
13.823972071246985,145.79254012744076,59.55830764770508,180.47972106933594
42.29087142220436,176.47996193799725,59.55830764770508,180.47972106933594
84.81744179931512,150.88089315878545,59.55830764770508,180.47972106933594
73.26214352902768,299.1122242087634,59.55830764770508,180.47972106933594
4.175957211909797,102.78024339062551,59.55830764770508,180.47972106933594
150.38035528216992,67.96277024465678,59.55830764770508,180.47972106933594
150.38035528216992,67.96277024465678,59.55830764770508,180.47972106933594
190.08005061121096,-22.587655655404745,59.55830764770508,180.47972106933594
-4.277733244505349,198.435894580097,59.55830764770508,180.47972106933594
252.7355988955266,23.174873202932645,59.55830764770508,180.47972106933594
252.7355988955266,23.174873202932645,59.55830764770508,180.47972106933594
252.7355988955266,23.174873202932645,59.55830764770508,180.47972106933594
252.7355988955266,23.174873202932645,59.55830764770508,180.47972106933594
252.7355988955266,23.174873202932645,59.55830764770508,180.47972106933594
194.3155160996407,-68.67420700931521,59.55830764770508,180.47972106933594
-14.910346772848467,10.795300313771008,59.55830764770508,180.47972106933594
-14.910346772848467,10.795300313771008,59.55830764770508,180.47972106933594
-14.910346772848467,10.795300313771008,59.55830764770508,180.47972106933594
295.1468978517565,45.006942906801555,59.55830764770508,180.47972106933594
295.1468978517565,45.006942906801555,59.55830764770508,180.47972106933594
295.1468978517565,45.006942906801555,59.55830764770508,180.47972106933594
295.1468978517565,45.006942906801555,59.55830764770508,180.47972106933594
295.1468978517565,45.006942906801555,59.55830764770508,180.47972106933594
295.1468978517565,45.006942906801555,59.55830764770508,180.47972106933594
295.1468978517565,45.006942906801555,59.55830764770508,180.47972106933594
295.1468978517565,45.006942906801555,59.55830764770508,180.47972106933594
295.1468978517565,45.006942906801555,59.55830764770508,180.47972106933594
295.1468978517565,45.006942906801555,59.55830764770508,180.47972106933594
275.79641712989553,-83.47495652283743,59.55830764770508,180.47972106933594
-9.5310257461419,-47.10104039908674,59.55830764770508,180.47972106933594
-9.5310257461419,-47.10104039908674,59.55830764770508,180.47972106933594
75.20617494773023,-21.270021901599023,59.55830764770508,180.47972106933594
75.20617494773023,-21.270021901599023,59.55830764770508,180.47972106933594
155.8667747231388,-60.94536782086567,59.55830764770508,180.47972106933594
155.8667747231388,-60.94536782086567,59.55830764770508,180.47972106933594
41.26383381618244,-25.344980249292945,59.55830764770508,180.47972106933594
41.26383381618244,-25.344980249292945,59.55830764770508,180.47972106933594
41.26383381618244,-25.344980249292945,59.55830764770508,180.47972106933594
41.26383381618244,-25.344980249292945,59.55830764770508,180.47972106933594
7.448945680021808,-70.55439242532916,59.55830764770508,180.47972106933594
219.68950108079457,43.37393213148201,59.55830764770508,180.47972106933594
219.68950108079457,43.37393213148201,59.55830764770508,180.47972106933594
219.68950108079457,43.37393213148201,59.55830764770508,180.47972106933594
219.68950108079457,43.37393213148201,59.55830764770508,180.47972106933594
219.68950108079457,43.37393213148201,59.55830764770508,180.47972106933594
247.01181927326985,3.291877956233378,59.55830764770508,180.47972106933594
350.2989978282128,-21.058272245198452,59.55830764770508,180.47972106933594
350.2989978282128,-21.058272245198452,59.55830764770508,180.47972106933594
231.17142027231296,-19.23440963886722,59.55830764770508,180.47972106933594
585.422423395909,-4.011369316962316,59.55830764770508,180.47972106933594
159.4189849009483,-18.893651948037046,59.55830764770508,180.47972106933594
219.59012832119265,74.92519749286981,59.55830764770508,180.47972106933594
308.1228076123964,75.73478527697003,59.55830764770508,180.47972106933594
685.6758788677421,14.19738667292404,59.55830764770508,180.47972106933594
685.6758788677421,14.19738667292404,59.55830764770508,180.47972106933594
660.2141580871091,-61.30186257749233,59.55830764770508,180.47972106933594
660.2141580871091,-61.30186257749233,59.55830764770508,180.47972106933594
514.5161386980265,9.648813019113874,59.55830764770508,180.47972106933594
519.2117335503389,7.785425515940403,59.55830764770508,180.47972106933594
519.2117335503389,7.785425515940403,59.55830764770508,180.47972106933594
690.1426058300914,-85.23783065686746,59.55830764770508,180.47972106933594
596.4314295950392,-82.72710478114493,59.55830764770508,180.47972106933594
512.3923730689788,-28.031366350928437,59.55830764770508,180.47972106933594
633.4114571611456,128.093265586059,59.55830764770508,180.47972106933594
486.3236626350965,-20.889996686434984,59.55830764770508,180.47972106933594
631.4406343082225,38.35928876690315,59.55830764770508,180.47972106933594
631.4406343082225,38.35928876690315,59.55830764770508,180.47972106933594
512.1952833008299,77.36009715675476,59.55830764770508,180.47972106933594
626.7166919957898,153.13846988089222,59.55830764770508,180.47972106933594
481.1549128772838,114.11823246534635,59.55830764770508,180.47972106933594
481.1549128772838,114.11823246534635,59.55830764770508,180.47972106933594
591.860181100874,90.7910614981621,59.55830764770508,180.47972106933594
554.0427525346765,42.27067825040817,59.55830764770508,180.47972106933594
554.0427525346765,42.27067825040817,59.55830764770508,180.47972106933594
554.0427525346765,42.27067825040817,59.55830764770508,180.47972106933594
554.0427525346765,42.27067825040817,59.55830764770508,180.47972106933594
519.1679243476594,108.41293196008405,59.55830764770508,180.47972106933594
519.1679243476594,108.41293196008405,59.55830764770508,180.47972106933594
519.1679243476594,108.41293196008405,59.55830764770508,180.47972106933594
519.1679243476594,108.41293196008405,59.55830764770508,180.47972106933594
663.3323234785541,-6.870775757843177,59.55830764770508,180.47972106933594
663.3323234785541,-6.870775757843177,59.55830764770508,180.47972106933594
663.3323234785541,-6.870775757843177,59.55830764770508,180.47972106933594
663.3323234785541,-6.870775757843177,59.55830764770508,180.47972106933594
663.3323234785541,-6.870775757843177,59.55830764770508,180.47972106933594
663.3323234785541,-6.870775757843177,59.55830764770508,180.47972106933594
663.3323234785541,-6.870775757843177,59.55830764770508,180.47972106933594
652.8407417590352,55.20545331706015,59.55830764770508,180.47972106933594
679.7825639629633,142.98321144190578,59.55830764770508,180.47972106933594
679.7825639629633,142.98321144190578,59.55830764770508,180.47972106933594
679.7825639629633,142.98321144190578,59.55830764770508,180.47972106933594
613.996150154845,13.851866572393703,59.55830764770508,180.47972106933594
613.996150154845,13.851866572393703,59.55830764770508,180.47972106933594
613.996150154845,13.851866572393703,59.55830764770508,180.47972106933594
558.4729621155655,139.2577798282478,59.55830764770508,180.47972106933594
540.5704433422566,-12.68672888407525,59.55830764770508,180.47972106933594
540.5704433422566,-12.68672888407525,59.55830764770508,180.47972106933594
647.9401074838388,-23.777388695776864,59.55830764770508,180.47972106933594
647.9401074838388,-23.777388695776864,59.55830764770508,180.47972106933594
574.530695485728,21.161329021886928,59.55830764770508,180.47972106933594
574.530695485728,21.161329021886928,59.55830764770508,180.47972106933594
574.530695485728,21.161329021886928,59.55830764770508,180.47972106933594
566.4478766029632,24.687786332919018,59.55830764770508,180.47972106933594
566.4478766029632,24.687786332919018,59.55830764770508,180.47972106933594
566.4478766029632,24.687786332919018,59.55830764770508,180.47972106933594
588.6017219802535,1.7363516175398956,59.55830764770508,180.47972106933594
551.5609962950235,-7.732759240363578,59.55830764770508,180.47972106933594
481.40453031388626,-70.89839851906763,59.55830764770508,180.47972106933594
481.40453031388626,-70.89839851906763,59.55830764770508,180.47972106933594
481.40453031388626,-70.89839851906763,59.55830764770508,180.47972106933594
481.40453031388626,-70.89839851906763,59.55830764770508,180.47972106933594
481.40453031388626,-70.89839851906763,59.55830764770508,180.47972106933594
481.40453031388626,-70.89839851906763,59.55830764770508,180.47972106933594
481.40453031388626,-70.89839851906763,59.55830764770508,180.47972106933594
481.40453031388626,-70.89839851906763,59.55830764770508,180.47972106933594
481.40453031388626,-70.89839851906763,59.55830764770508,180.47972106933594
481.40453031388626,-70.89839851906763,59.55830764770508,180.47972106933594
481.40453031388626,-70.89839851906763,59.55830764770508,180.47972106933594
481.40453031388626,-70.89839851906763,59.55830764770508,180.47972106933594
481.40453031388626,-70.89839851906763,59.55830764770508,180.47972106933594
481.40453031388626,-70.89839851906763,59.55830764770508,180.47972106933594
481.40453031388626,-70.89839851906763,59.55830764770508,180.47972106933594
481.40453031388626,-70.89839851906763,59.55830764770508,180.47972106933594
481.40453031388626,-70.89839851906763,59.55830764770508,180.47972106933594
481.40453031388626,-70.89839851906763,59.55830764770508,180.47972106933594
481.40453031388626,-70.89839851906763,59.55830764770508,180.47972106933594
481.40453031388626,-70.89839851906763,59.55830764770508,180.47972106933594
481.40453031388626,-70.89839851906763,59.55830764770508,180.47972106933594
481.40453031388626,-70.89839851906763,59.55830764770508,180.47972106933594
672.7539275788776,137.96451122865957,59.55830764770508,180.47972106933594
672.7539275788776,137.96451122865957,59.55830764770508,180.47972106933594
672.7539275788776,137.96451122865957,59.55830764770508,180.47972106933594
529.3953288695856,166.3275905589793,59.55830764770508,180.47972106933594
529.3953288695856,166.3275905589793,59.55830764770508,180.47972106933594
571.1625400798065,164.8955331861127,59.55830764770508,180.47972106933594
571.1625400798065,164.8955331861127,59.55830764770508,180.47972106933594
571.1625400798065,164.8955331861127,59.55830764770508,180.47972106933594
571.1625400798065,164.8955331861127,59.55830764770508,180.47972106933594
571.1625400798065,164.8955331861127,59.55830764770508,180.47972106933594
619.186623505271,141.55681152692023,59.55830764770508,180.47972106933594
619.186623505271,141.55681152692023,59.55830764770508,180.47972106933594
619.186623505271,141.55681152692023,59.55830764770508,180.47972106933594
619.186623505271,141.55681152692023,59.55830764770508,180.47972106933594
619.186623505271,141.55681152692023,59.55830764770508,180.47972106933594
619.186623505271,141.55681152692023,59.55830764770508,180.47972106933594
619.186623505271,141.55681152692023,59.55830764770508,180.47972106933594
377.6435507647847,227.39871959051965,59.55830764770508,180.47972106933594
347.74985215819413,155.16736683055169,59.55830764770508,180.47972106933594
347.74985215819413,155.16736683055169,59.55830764770508,180.47972106933594
347.74985215819413,155.16736683055169,59.55830764770508,180.47972106933594
347.74985215819413,155.16736683055169,59.55830764770508,180.47972106933594
395.33645611584313,177.32845722982086,59.55830764770508,180.47972106933594
296.54089005130703,323.7510375672015,59.55830764770508,180.47972106933594
296.54089005130703,323.7510375672015,59.55830764770508,180.47972106933594
296.54089005130703,323.7510375672015,59.55830764770508,180.47972106933594
296.54089005130703,323.7510375672015,59.55830764770508,180.47972106933594
296.54089005130703,323.7510375672015,59.55830764770508,180.47972106933594
296.54089005130703,323.7510375672015,59.55830764770508,180.47972106933594
411.04634715048047,250.8773437390165,59.55830764770508,180.47972106933594
318.22192093994425,368.1065869216307,59.55830764770508,180.47972106933594
318.22192093994425,368.1065869216307,59.55830764770508,180.47972106933594
318.22192093994425,368.1065869216307,59.55830764770508,180.47972106933594
318.22192093994425,368.1065869216307,59.55830764770508,180.47972106933594
286.1213303882792,192.93248427758112,59.55830764770508,180.47972106933594
286.1213303882792,192.93248427758112,59.55830764770508,180.47972106933594
286.1213303882792,192.93248427758112,59.55830764770508,180.47972106933594
286.1213303882792,192.93248427758112,59.55830764770508,180.47972106933594
286.1213303882792,192.93248427758112,59.55830764770508,180.47972106933594
286.1213303882792,192.93248427758112,59.55830764770508,180.47972106933594
286.1213303882792,192.93248427758112,59.55830764770508,180.47972106933594
286.1213303882792,192.93248427758112,59.55830764770508,180.47972106933594
342.6632687783132,355.29663097741036,59.55830764770508,180.47972106933594
342.6632687783132,355.29663097741036,59.55830764770508,180.47972106933594
534.3190371636114,66.17910856875636,59.55830764770508,180.47972106933594
305.3959742700441,296.96702146595,59.55830764770508,180.47972106933594
305.3959742700441,296.96702146595,59.55830764770508,180.47972106933594
493.8960997280619,281.79403671289987,59.55830764770508,180.47972106933594
493.8960997280619,281.79403671289987,59.55830764770508,180.47972106933594
493.8960997280619,281.79403671289987,59.55830764770508,180.47972106933594
488.69970257989416,297.6765505297261,59.55830764770508,180.47972106933594
635.6860721631689,2.5487280539929884,59.55830764770508,180.47972106933594
635.6860721631689,2.5487280539929884,59.55830764770508,180.47972106933594
635.6860721631689,2.5487280539929884,59.55830764770508,180.47972106933594
635.6860721631689,2.5487280539929884,59.55830764770508,180.47972106933594
635.6860721631689,2.5487280539929884,59.55830764770508,180.47972106933594
635.6860721631689,2.5487280539929884,59.55830764770508,180.47972106933594
635.6860721631689,2.5487280539929884,59.55830764770508,180.47972106933594
635.6860721631689,2.5487280539929884,59.55830764770508,180.47972106933594
449.1935165922923,257.70952547465794,59.55830764770508,180.47972106933594
449.1935165922923,257.70952547465794,59.55830764770508,180.47972106933594
579.9854279082143,135.01082430834327,59.55830764770508,180.47972106933594
529.6845683368786,120.32162645558029,59.55830764770508,180.47972106933594
529.6845683368786,120.32162645558029,59.55830764770508,180.47972106933594
529.6845683368786,120.32162645558029,59.55830764770508,180.47972106933594
529.6845683368786,120.32162645558029,59.55830764770508,180.47972106933594
529.6845683368786,120.32162645558029,59.55830764770508,180.47972106933594
529.6845683368786,120.32162645558029,59.55830764770508,180.47972106933594
529.6845683368786,120.32162645558029,59.55830764770508,180.47972106933594
529.6845683368786,120.32162645558029,59.55830764770508,180.47972106933594
451.88859494805786,284.5712874034941,59.55830764770508,180.47972106933594
451.88859494805786,284.5712874034941,59.55830764770508,180.47972106933594
451.88859494805786,284.5712874034941,59.55830764770508,180.47972106933594
451.88859494805786,284.5712874034941,59.55830764770508,180.47972106933594
263.3346267030265,226.34644068322893,59.55830764770508,180.47972106933594
318.3044224731186,134.5162561831378,59.55830764770508,180.47972106933594
345.82572833012955,177.8100761765192,59.55830764770508,180.47972106933594
345.82572833012955,177.8100761765192,59.55830764770508,180.47972106933594
461.2825539990403,265.03178524762814,59.55830764770508,180.47972106933594
461.2825539990403,265.03178524762814,59.55830764770508,180.47972106933594
405.4600741032747,192.7678547339508,59.55830764770508,180.47972106933594
405.4600741032747,192.7678547339508,59.55830764770508,180.47972106933594
317.7712221940469,317.4052422711653,59.55830764770508,180.47972106933594
317.7712221940469,317.4052422711653,59.55830764770508,180.47972106933594
339.4807065228527,258.3758761316734,59.55830764770508,180.47972106933594
455.6876882819961,266.87212185990614,59.55830764770508,180.47972106933594
317.26849710779794,180.9725657324331,59.55830764770508,180.47972106933594
360.6565659856995,228.29449413334385,58.2882080078125,176.6309356689453
364.96111132798615,188.520923609536,58.2882080078125,176.6309356689453
453.0779378840232,301.7079582532509,58.2882080078125,176.6309356689453
453.0779378840232,301.7079582532509,58.2882080078125,176.6309356689453
360.9584240795761,225.5163129877642,57.04519271850586,172.86422729492188
246.74143055500411,317.07228267210206,57.04519271850586,172.86422729492188
389.88352770048556,272.1492315554333,57.04519271850586,172.86422729492188
313.07547260272185,313.43863647693234,57.04519271850586,172.86422729492188
323.7700533974545,326.3919049397268,57.04519271850586,172.86422729492188
472.0400841218968,267.27058014464296,57.04519271850586,172.86422729492188
472.0400841218968,267.27058014464296,57.04519271850586,172.86422729492188
507.3627021548283,-11.60759121130161,57.04519271850586,172.86422729492188
507.3627021548283,-11.60759121130161,57.04519271850586,172.86422729492188
341.89907054070625,248.10386565809392,57.04519271850586,172.86422729492188
554.1747826744298,-3.263108880069069,57.04519271850586,172.86422729492188
346.95005226233025,267.55677123658336,57.04519271850586,172.86422729492188
690.8890150772318,-20.886814382079763,57.04519271850586,172.86422729492188
499.88555131957344,2.9696129520196166,57.04519271850586,172.86422729492188
499.88555131957344,2.9696129520196166,57.04519271850586,172.86422729492188
499.88555131957344,2.9696129520196166,57.04519271850586,172.86422729492188
675.4120432120976,115.28098204758928,57.04519271850586,172.86422729492188
675.4120432120976,115.28098204758928,57.04519271850586,172.86422729492188
529.2718484207309,249.09300043454869,57.04519271850586,172.86422729492188
515.1046823967444,266.5559226776235,55.82868576049805,169.17784118652344
512.8078981513642,269.59926588248305,54.63812255859375,165.570068359375
512.9861427725227,266.10824321401407,53.47294998168945,162.0392303466797
512.3691496209827,264.27454052330995,52.33262252807617,158.5836944580078
511.7653135999167,267.9018667886854,51.21661376953125,155.20184326171875
510.5856099034229,263.5762865682083,51.21661376953125,155.20184326171875
509.99465053072583,267.8842968940522,50.12440490722656,151.89212036132812
510.900047216374,271.3585650207792,49.05548858642578,148.65296936035156
510.52340551130055,267.2155062649715,49.05548858642578,148.65296936035156
510.6834391141515,272.0677968416321,48.00936508178711,145.48289489746094
509.4189143674905,277.5271793390958,46.98554992675781,142.38043212890625
509.57219440747247,281.4792987863953,45.98357009887695,139.34413146972656
508.36102698089815,283.98596216348244,45.00295639038086,136.37257385253906
508.50783978408276,287.10524592587944,44.04325485229492,133.46438598632812
505.3921634875496,291.461748848529,43.10401916503906,130.61822509765625
507.4466915992858,294.4494129465934,42.184814453125,127.83274841308594
503.83811894050893,296.7489981461511,41.28520965576172,125.10667419433594
500.985276389301,298.33391067459996,41.28520965576172,125.10667419433594
503.20415392912935,299.2848581916693,41.28520965576172,125.10667419433594
500.28358589795835,299.7022513878134,40.404788970947266,122.43873596191406
497.4915810734449,300.0124741460927,40.404788970947266,122.43873596191406
494.07913073237285,302.1840334540476,40.404788970947266,122.43873596191406
496.8711355568863,303.11470172888545,40.404788970947266,122.43873596191406
492.21779418269716,305.9067065533989,40.404788970947266,122.43873596191406
488.80534384162513,308.0782658613538,40.404788970947266,122.43873596191406
486.01333901711166,310.24982516930874,40.404788970947266,122.43873596191406
483.2213341925982,313.0418299938222,40.404788970947266,122.43873596191406
481.0497748846433,315.8338348183357,40.404788970947266,122.43873596191406
476.4186678169951,316.73235067162796,41.298744201660156,125.14768981933594
474.3169147080453,315.6768826593847,42.21247863769531,127.91658020019531
471.3999969400604,318.5938004273696,42.21247863769531,127.91658020019531
467.83487522363447,321.5107181953545,42.21247863769531,127.91658020019531
464.3415968735787,322.44943157365856,43.14643096923828,130.74673461914062
459.39624764899094,323.4089115335609,44.10104751586914,133.63951110839844
454.99441983470734,318.3298794401568,44.10104751586914,133.63951110839844
450.64225556162904,324.2287876305333,45.0767822265625,136.59628295898438
445.4756555811444,330.25821123886357,46.07410430908203,139.61846923828125
439.46071004159546,333.4848955512399,47.0934944152832,142.70753479003906
434.0370433876571,339.6317177590367,47.0934944152832,142.70753479003906
428.6392918231064,332.4259587715913,48.13543701171875,145.8649444580078
422.3552416904942,338.0976266898109,49.20043182373047,149.0922088623047
416.7159975387253,342.3271023813333,50.28899002075195,152.390869140625
412.5543507951351,348.25252176706624,51.401634216308594,155.76251220703125
406.63452356043564,354.9616592997256,51.401634216308594,155.76251220703125
400.7429820200625,350.37235463719225,52.53889465332031,159.20875549316406
390.5359511682929,349.029622812335,53.701316833496094,162.7312469482422
382.70202641379234,347.79268732478226,53.701316833496094,162.7312469482422
374.0434780009233,342.43263354538715,53.701316833496094,162.7312469482422
364.4661635880014,346.1934726667049,54.88945770263672,166.33168029785156
355.55142738656997,352.6609527798795,56.103885650634766,170.0117645263672
344.6518042801472,356.5900549552075,57.345184326171875,173.7732696533203
334.42462753396234,362.43328876421214,58.61394500732422,177.6179962158203
322.10354788850833,373.0748677848425,59.9107780456543,181.54779052734375
311.41881082264246,385.86084012850984,61.236305236816406,185.5645294189453
302.4856848085067,403.2569276297216,61.236305236816406,185.5645294189453
286.0299263614145,425.3546604015311,61.236305236816406,185.5645294189453
269.5741679143223,443.6910769568624,61.236305236816406,185.5645294189453
251.23775135899103,462.0274935121937,61.236305236816406,185.5645294189453
