440.0,439.0,99.0,169.0
440.52304,439.52307,99.0,169.0
442.09216,440.04614,99.0,169.0
441.56912,440.5692,99.0,169.0
443.13824,442.1383,99.0,169.0
442.6152,443.7074,99.0,169.0
444.18433,444.23047,99.0,169.0
443.6613,444.75354,99.0,169.0
445.2304,446.32263,99.0,169.0
444.70737,446.8457,99.0,169.0
446.2765,448.4148,99.0,169.0
446.79953,448.93787,99.0,169.0
447.32257,450.50696,99.0,169.0
447.8456,451.03003,99.0,169.0
449.41473,451.5531,99.0,169.0
448.8917,452.07617,99.0,169.0
450.46082,452.59924,99.0,169.0
450.98386,454.16833,99.0,169.0
451.5069,454.6914,99.0,169.0
452.02994,455.21448,99.0,169.0
452.55298,455.73755,99.0,169.0
453.07602,456.26062,99.0,169.0
453.59906,456.7837,99.0,169.0
454.1221,457.30676,99.0,169.0
454.67355,459.6129,96.888794,165.39603
456.20923,461.14856,96.888794,165.39603
456.72113,461.66046,96.888794,165.39603
457.23303,463.1961,96.888794,165.39603
457.74493,462.6842,96.888794,165.39603
459.2806,464.21985,96.888794,165.39603
458.7687,463.70795,96.888794,165.39603
460.30438,464.21985,96.888794,165.39603
459.79248,464.73175,96.888794,165.39603
461.31894,467.97546,94.82261,161.86891
462.82184,468.47644,94.82261,161.86891
461.31894,468.97742,94.82261,161.86891
463.8238,469.4784,94.82261,161.86891
462.3209,469.97937,94.82261,161.86891
463.8238,470.48035,94.82261,161.86891
465.31772,472.68915,92.80049,158.417
465.808,473.17944,92.80049,158.417
467.2789,473.66974,92.80049,158.417
466.7886,474.16003,92.80049,158.417
467.2789,474.65033,92.80049,158.417
467.7692,474.16003,92.80049,158.417
469.24008,475.63092,92.80049,158.417
469.757,478.7378,90.821495,155.03871
470.23685,478.25793,90.821495,155.03871
471.67636,479.69745,90.821495,155.03871
474.0322,481.81302,88.8847,151.73247
473.5626,483.22183,88.8847,151.73247
474.0322,481.81302,88.8847,151.73247
475.441,483.22183,88.8847,151.73247
475.9106,483.69144,88.8847,151.73247
476.38022,484.16104,88.8847,151.73247
477.78903,483.69144,88.8847,151.73247
477.31943,484.16104,88.8847,151.73247
478.72824,483.69144,88.8847,151.73247
479.19785,483.22183,88.8847,151.73247
481.50345,485.29236,86.989204,148.49673
482.88223,485.75195,86.989204,148.49673
483.34183,485.29236,86.989204,148.49673
483.80142,484.83276,86.989204,148.49673
484.26102,484.37317,86.989204,148.49673
488.28937,486.3995,85.13413,145.33
488.73914,485.94974,85.13413,145.33
487.3307,483.87537,87.01772,148.54543
487.7904,484.33508,87.01772,148.54543
488.25012,484.7948,87.01772,148.54543
488.70984,485.25452,87.01772,148.54543
489.16956,484.7948,87.01772,148.54543
490.54877,484.33508,87.01772,148.54543
491.00848,483.87537,87.01772,148.54543
491.4682,483.41565,87.01772,148.54543
491.92792,483.87537,87.01772,148.54543
492.38763,483.41565,87.01772,148.54543
492.84735,482.95593,87.01772,148.54543
493.30707,482.49622,87.01772,148.54543
494.68628,482.0365,87.01772,148.54543
495.146,480.6573,87.01772,148.54543
496.51694,484.45673,85.16204,145.37766
496.067,483.10693,85.16204,145.37766
497.41678,483.5569,85.16204,145.37766
497.86673,482.2071,85.16204,145.37766
498.31668,482.65704,85.16204,145.37766
498.76663,482.2071,85.16204,145.37766
498.31668,482.65704,85.16204,145.37766
499.66647,482.2071,85.16204,145.37766
499.21652,482.65704,85.16204,145.37766
499.66647,482.2071,85.16204,145.37766
500.11642,482.65704,85.16204,145.37766
501.45813,485.50818,83.34593,142.27744
503.6201,487.44968,81.56856,139.24333
506.56665,488.51904,79.82909,136.27393
507.82434,489.56558,78.12671,133.36784
508.23712,489.1528,78.12671,133.36784
507.82434,488.74002,78.12671,133.36784
509.85092,488.96854,76.46063,130.52373
509.447,488.5646,76.46063,130.52373
511.43036,489.567,74.830086,127.74027
511.82568,489.17166,74.830086,127.74027
511.43036,488.77634,74.830086,127.74027
513.4071,489.96237,74.830086,127.74027
513.0118,489.56705,74.830086,127.74027
513.4071,489.17172,74.830086,127.74027
515.34814,490.15274,73.234314,125.016174
516.5089,489.76584,73.234314,125.016174
515.34814,488.60507,73.234314,125.016174
517.2827,488.99197,73.234314,125.016174
517.6907,489.95206,71.67257,122.35017
518.06934,489.5734,71.67257,122.35017
519.2053,489.19473,71.67257,122.35017
519.584,488.81607,71.67257,122.35017
520.72,488.4374,71.67257,122.35017
520.3413,488.05875,71.67257,122.35017
521.4773,487.68008,71.67257,122.35017
522.6133,487.30142,71.67257,122.35017
523.0125,488.241,70.14413,119.74101
523.3831,487.8704,70.14413,119.74101
524.4949,486.75864,70.14413,119.74101
523.3831,486.38803,70.14413,119.74101
525.97723,486.01743,70.14413,119.74101
524.8655,484.90567,70.14413,119.74101
526.685,485.82526,68.648285,117.1875
527.04767,485.4626,68.648285,117.1875
528.13574,484.3745,68.648285,117.1875
528.4984,483.28644,68.648285,117.1875
528.13574,482.19836,68.648285,117.1875
529.2238,481.8357,68.648285,117.1875
528.86115,481.47302,68.648285,117.1875
530.67456,479.6596,68.648285,117.1875
531.03723,479.29694,68.648285,117.1875
531.3999,478.20886,68.648285,117.1875
531.03723,477.1208,68.648285,117.1875
532.85065,476.0327,68.648285,117.1875
532.53394,476.9327,67.18434,114.68844
534.3087,475.86783,67.18434,114.68844
535.3672,475.38007,65.75162,112.242676
535.71454,474.33795,65.75162,112.242676
536.08075,475.19992,64.34944,109.84907
537.10065,472.8201,64.34944,109.84907
537.4406,472.48013,64.34944,109.84907
537.7806,470.78024,64.34944,109.84907
538.8005,469.76035,64.34944,109.84907
539.14044,468.06046,64.34944,109.84907
538.8005,467.04056,64.34944,109.84907
540.50037,465.34067,64.34944,109.84907
540.2035,466.18427,62.97717,107.5065
541.8671,464.52063,62.97717,107.5065
540.86896,463.52246,62.97717,107.5065
541.8671,461.85883,62.97717,107.5065
542.8653,460.86066,62.97717,107.5065
543.198,460.52795,62.97717,107.5065
543.5307,459.5298,62.97717,107.5065
543.8634,458.53162,62.97717,107.5065
544.8616,457.53345,62.97717,107.5065
544.5289,456.53528,62.97717,107.5065
544.8616,456.2025,62.97717,107.5065
545.85974,455.8698,62.97717,107.5065
546.19244,454.87164,62.97717,107.5065
547.82605,455.05585,61.634163,105.21389
548.1517,454.07895,61.634163,105.21389
548.4773,453.10205,61.634163,105.21389
550.1054,452.12515,61.634163,105.21389
549.7798,451.79953,61.634163,105.21389
550.1054,451.4739,61.634163,105.21389
551.0823,451.1483,61.634163,105.21389
552.681,451.32855,60.319798,102.97017
552.9997,451.00986,60.319798,102.97017
553.31836,450.69116,60.319798,102.97017
553.637,449.7351,60.319798,102.97017
555.23047,448.77905,60.319798,102.97017
556.18085,449.56982,59.03346,100.7743
555.86896,449.25793,59.03346,100.7743
557.4284,448.32227,59.03346,100.7743
557.7403,448.01038,59.03346,100.7743
558.67596,447.6985,59.03346,100.7743
558.3641,447.3866,59.03346,100.7743
558.67596,446.45093,59.03346,100.7743
559.61163,445.51526,59.03346,100.7743
559.9235,445.20337,59.03346,100.7743
560.8592,444.2677,59.03346,100.7743
561.1711,443.9558,59.03346,100.7743
561.483,443.64392,59.03346,100.7743
564.21674,443.8166,57.77455,98.62526
565.7154,445.16238,56.542492,96.52205
566.6062,446.4795,55.336708,94.463684
567.4833,445.60242,55.336708,94.463684
568.9187,446.89145,54.156635,92.44922
569.20483,446.60532,54.156635,92.44922
571.1612,446.76373,53.001728,90.477715
571.4412,446.4837,53.001728,90.477715
572.2813,445.64365,53.001728,90.477715
572.56134,445.36362,53.001728,90.477715
573.9614,444.52356,53.001728,90.477715
576.41583,445.75818,51.87145,88.54825
577.238,444.93604,51.87145,88.54825
578.0601,444.662,51.87145,88.54825
580.4622,445.34204,50.765274,86.65993
579.1212,444.001,50.765274,86.65993
580.4622,444.26923,50.765274,86.65993
581.8032,443.4646,50.765274,86.65993
582.60785,443.19638,50.765274,86.65993
583.4125,442.39175,50.765274,86.65993
584.2171,442.12354,50.765274,86.65993
585.0217,442.39175,50.765274,86.65993
586.36273,441.58713,50.765274,86.65993
587.6795,441.7356,49.68269,84.81188
588.467,441.4731,49.68269,84.81188
589.7794,441.21063,49.68269,84.81188
591.0682,440.84998,48.62319,83.00324
592.3526,441.10687,48.62319,83.00324
593.61383,441.74432,47.58629,81.23317
594.87085,441.49292,47.58629,81.23317
595.62054,441.14746,46.571495,79.50085
597.3429,441.39352,46.571495,79.50085
597.5889,440.65536,46.571495,79.50085
598.797,441.2659,45.578342,77.805466
600.4435,441.39923,44.60637,76.14624
600.67914,441.6349,44.60637,76.14624
602.3288,440.45654,44.60637,76.14624
603.03156,440.587,43.655125,74.5224
604.18475,441.27893,43.655125,74.5224
604.87256,441.40665,42.724167,72.93319
606.45264,440.7295,42.724167,72.93319
607.1298,440.05234,42.724167,72.93319
608.7099,439.37518,42.724167,72.93319
608.9478,439.93527,41.81306,71.37787
610.4942,439.27255,41.81306,71.37787
610.2733,439.49347,41.81306,71.37787
611.8197,437.9471,41.81306,71.37787
612.92426,438.16803,41.81306,71.37787
613.587,437.5053,41.81306,71.37787
614.2497,436.40076,41.81306,71.37787
614.0288,436.17984,41.81306,71.37787
615.5752,436.84256,41.81306,71.37787
616.67975,435.738,41.81306,71.37787
617.34247,435.0753,41.81306,71.37787
617.56335,435.2962,41.81306,71.37787
618.6679,435.0753,41.81306,71.37787
619.3306,434.41257,41.81306,71.37787
619.99335,433.74985,41.81306,71.37787
621.0979,433.52893,41.81306,71.37787
620.4791,434.0771,40.921383,69.85571
622.7909,434.61356,40.04872,68.36602
623.42566,434.40198,40.04872,68.36602
624.4836,434.1904,40.04872,68.36602
623.8488,434.82516,40.04872,68.36602
625.3299,433.76724,40.04872,68.36602
626.3878,433.97882,40.04872,68.36602
627.44574,433.76724,40.04872,68.36602
628.50366,433.13248,40.04872,68.36602
627.44574,433.76724,40.04872,68.36602
629.35004,432.70932,40.04872,68.36602
629.9848,432.49774,40.04872,68.36602
630.61957,432.28616,40.04872,68.36602
630.40796,432.92093,40.04872,68.36602
631.88904,432.28616,40.04872,68.36602
632.10065,432.49774,40.04872,68.36602
633.15857,431.86298,40.04872,68.36602
634.2165,432.07455,40.04872,68.36602
634.85126,432.28613,40.04872,68.36602
634.63965,432.4977,40.04872,68.36602
635.6976,431.86295,40.04872,68.36602
635.9092,432.07452,40.04872,68.36602
636.9671,432.2861,40.04872,68.36602
637.60187,432.49768,40.04872,68.36602
637.82495,432.61484,39.19467,66.9081
639.2745,431.99362,39.19467,66.9081
640.3099,433.029,39.19467,66.9081
640.9311,432.82193,39.19467,66.9081
641.1382,432.61487,39.19467,66.9081
642.1736,432.4078,39.19467,66.9081
642.7948,433.44318,39.19467,66.9081
643.81146,433.5578,38.358833,65.48126
644.82477,433.35513,38.358833,65.48126
643.8665,434.2487,37.54082,64.084854
645.9873,435.50552,36.740253,62.718224
646.56964,435.3114,36.740253,62.718224
646.76373,435.11728,36.740253,62.718224
647.73425,436.08783,36.740253,62.718224
648.3166,435.5055,36.740253,62.718224
648.5107,434.92316,36.740253,62.718224
649.093,435.11728,36.740253,62.718224
650.4518,435.3114,36.740253,62.718224
650.6459,434.72906,36.740253,62.718224
651.2282,434.9232,36.740253,62.718224
651.807,435.40482,35.956757,61.380737
651.99695,435.5948,35.956757,61.380737
652.56683,435.40482,35.956757,61.380737
653.1367,435.5948,35.956757,61.380737
654.08655,435.40482,35.956757,61.380737
654.65643,435.5948,35.956757,61.380737
654.8464,435.78476,35.956757,61.380737
655.41626,435.97473,35.956757,61.380737
656.74603,435.0249,35.956757,61.380737
656.17615,435.21487,35.956757,61.380737
657.5059,435.0249,35.956757,61.380737
658.45575,435.21487,35.956757,61.380737
658.2658,435.40485,35.956757,61.380737
658.8357,435.21487,35.956757,61.380737
658.64575,435.0249,35.956757,61.380737
659.21564,434.83493,35.956757,61.380737
660.16547,434.265,35.956757,61.380737
660.3554,435.21484,35.956757,61.380737
661.30524,434.64493,35.956757,61.380737
660.77313,435.84872,35.18997,60.071774
662.0745,435.6628,35.18997,60.071774
661.5168,435.4769,35.18997,60.071774
662.44635,435.291,35.18997,60.071774
661.92554,436.8275,34.439533,58.790726
663.1992,436.64557,34.439533,58.790726
663.74506,436.46362,34.439533,58.790726
663.5631,436.28168,34.439533,58.790726
663.74506,436.09973,34.439533,58.790726
664.9892,437.95422,33.7051,57.536995
664.45496,437.06387,33.7051,57.536995
665.34534,436.8858,33.7051,57.536995
665.52344,437.06387,33.7051,57.536995
666.0577,437.24194,33.7051,57.536995
666.2454,438.37033,32.98633,56.31
665.7226,437.8475,32.98633,56.31
666.9425,439.0674,32.98633,56.31
667.11676,438.89313,32.98633,56.31
666.59393,439.0674,32.98633,56.31
667.11676,439.2417,32.98633,56.31
666.9425,439.416,32.98633,56.31
667.8139,438.54462,32.98633,56.31
667.63965,439.06744,32.98633,56.31
667.8139,439.59027,32.98633,56.31
667.98816,438.7189,32.98633,56.31
668.511,439.24173,32.98633,56.31
667.98816,439.76456,32.98633,56.31
668.511,439.24173,32.98633,56.31
668.33673,439.76456,32.98633,56.31
667.8139,439.59027,32.98633,56.31
668.6853,439.416,32.98633,56.31
668.51105,439.59027,32.98633,56.31
668.3368,439.76456,32.98633,56.31
668.51105,440.63593,32.98633,56.31
668.3368,440.46164,32.98633,56.31
668.51105,440.63593,32.98633,56.31
668.6853,441.15875,32.98633,56.31
668.85956,441.68158,32.98633,56.31
669.0338,441.15875,32.98633,56.31
669.2176,442.935,32.282887,55.109173
669.3881,442.76443,32.282887,55.109173
668.53534,442.935,32.282887,55.109173
668.7059,442.4233,32.282887,55.109173
668.8764,441.91162,32.282887,55.109173
669.38806,442.4233,32.282887,55.109173
668.5353,441.57053,32.282887,55.109173
668.7058,441.39996,32.282887,55.109173
669.21747,440.88828,32.282887,55.109173
669.7291,441.39996,32.282887,55.109173
668.87634,440.54718,32.282887,55.109173
669.388,440.71774,32.282887,55.109173
668.87634,440.54718,32.282887,55.109173
669.388,440.37662,32.282887,55.109173
668.5352,439.86493,32.282887,55.109173
669.0469,440.0355,32.282887,55.109173
669.2174,439.1827,32.282887,55.109173
669.38794,439.01215,32.282887,55.109173
668.53516,438.50046,32.282887,55.109173
669.0468,439.01215,32.282887,55.109173
669.5585,438.15936,32.282887,55.109173
668.7057,437.64767,32.282887,55.109173
669.21735,437.81824,32.282887,55.109173
670.0701,437.9888,32.282887,55.109173
669.5585,437.13602,32.282887,55.109173
669.0468,436.28323,32.282887,55.109173
669.8996,436.11267,32.282887,55.109173
669.38794,435.60098,32.282887,55.109173
669.2174,435.77155,32.282887,55.109173
670.0702,435.60098,32.282887,55.109173
669.89966,434.7482,32.282887,55.109173
669.388,434.57764,32.282887,55.109173
669.21747,434.06595,32.282887,55.109173
670.07025,433.21317,32.282887,55.109173
669.5586,432.70148,32.282887,55.109173
669.38806,432.5309,32.282887,55.109173
668.8764,432.01923,32.282887,55.109173
669.7292,431.16644,32.282887,55.109173
669.2175,430.65475,32.282887,55.109173
669.7292,430.4842,32.282887,55.109173
668.8764,429.6314,32.282887,55.109173
669.38806,429.46085,32.282887,55.109173
668.5353,428.60806,32.282887,55.109173
668.7151,429.03128,31.594444,53.933952
668.882,428.86435,31.594444,53.933952
669.04895,428.02975,31.594444,53.933952
669.2159,427.529,31.594444,53.933952
669.7167,427.69592,31.594444,53.933952
668.5482,426.86133,31.594444,53.933952
669.7167,426.02673,31.594444,53.933952
668.5482,425.52597,31.594444,53.933952
669.7167,425.35904,31.594444,53.933952
668.5482,424.85828,31.594444,53.933952
669.7167,423.68982,31.594444,53.933952
668.21436,423.18906,31.594444,53.933952
669.04895,422.6883,31.594444,53.933952
668.54816,421.51984,31.594444,53.933952
669.38275,422.0206,31.594444,53.933952
668.88196,421.186,31.594444,53.933952
668.04736,420.3514,31.594444,53.933952
668.54816,420.18448,31.594444,53.933952
669.04596,420.2769,30.920683,52.783794
668.2735,420.36734,30.26129,51.658165
668.43335,419.56796,30.26129,51.658165
668.91296,419.08832,30.26129,51.658165
667.7938,419.2482,30.26129,51.658165
668.5932,418.12906,30.26129,51.658165
668.43335,418.28894,30.26129,51.658165
668.60187,418.37744,29.61596,50.556538
669.0685,418.46408,28.98439,49.478405
667.6903,418.31094,28.98439,49.478405
668.456,417.239,28.98439,49.478405
667.9966,417.39215,28.98439,49.478405
668.456,417.239,28.98439,49.478405
667.6903,416.77963,28.98439,49.478405
667.5372,415.7077,28.98439,49.478405
667.6903,416.47336,28.98439,49.478405
667.5372,416.01398,28.98439,49.478405
667.38403,415.24832,28.98439,49.478405
666.9246,415.09518,28.98439,49.478405
667.07776,414.32953,28.98439,49.478405
666.00586,414.48267,28.98439,49.478405
666.79736,413.77643,29.62567,50.573116
665.3887,413.6199,29.62567,50.573116
666.17126,413.15036,29.62567,50.573116
665.7017,413.3069,29.62567,50.573116
664.9191,412.5243,29.62567,50.573116
665.3887,412.36777,29.62567,50.573116
665.54517,411.89822,29.62567,50.573116
665.0756,412.36777,29.62567,50.573116
664.293,411.58517,29.62567,50.573116
664.4495,411.11563,29.62567,50.573116
664.606,411.58517,29.62567,50.573116
664.7625,410.80258,29.62567,50.573116
663.3538,410.64606,29.62567,50.573116
664.1364,410.1765,29.62567,50.573116
663.3538,410.33304,29.62567,50.573116
663.82336,409.2374,29.62567,50.573116
662.7277,408.76785,29.62567,50.573116
662.8842,408.92438,29.62567,50.573116
663.0407,408.76785,29.62567,50.573116
662.8842,407.98526,29.62567,50.573116
662.1016,407.82874,29.62567,50.573116
662.57117,407.3592,29.62567,50.573116
663.0407,406.26355,29.62567,50.573116
661.632,406.10703,29.62567,50.573116
662.4146,405.9505,29.62567,50.573116
662.2581,405.48096,29.62567,50.573116
662.1016,404.69836,29.62567,50.573116
661.31903,404.54184,29.62567,50.573116
661.7886,403.75925,29.62567,50.573116
660.69293,403.60272,29.62567,50.573116
660.8494,402.82013,29.62567,50.573116
660.69293,402.6636,29.62567,50.573116
660.53644,402.19406,29.62567,50.573116
661.31903,402.03754,29.62567,50.573116
660.57886,402.1242,28.993893,49.49463
660.73206,401.3583,28.993893,49.49463
660.59827,401.14783,28.37559,48.43914
661.04803,400.6981,28.37559,48.43914
659.99866,400.848,28.37559,48.43914
659.84875,399.79858,28.37559,48.43914
659.99866,399.049,28.37559,48.43914
659.84875,398.8991,28.37559,48.43914
659.0992,398.44937,28.37559,48.43914
659.54895,397.99963,28.37559,48.43914
659.996,398.0826,27.770472,47.406162
659.55585,397.64246,27.770472,47.406162
659.996,397.78918,27.770472,47.406162
658.96893,397.64246,27.770472,47.406162
659.11566,396.61542,27.770472,47.406162
658.96893,396.17526,27.770472,47.406162
658.5288,395.44168,27.770472,47.406162
658.96893,395.29495,27.770472,47.406162
658.23535,395.14822,27.770472,47.406162
658.3821,394.70807,27.770472,47.406162
658.5288,394.56134,27.770472,47.406162
658.3821,394.1212,27.770472,47.406162
657.94196,393.68103,27.770472,47.406162
657.50183,393.82776,27.770472,47.406162
657.94196,392.80072,27.770472,47.406162
656.9149,392.654,27.770472,47.406162
656.7682,393.09415,27.770472,47.406162
656.32806,392.36057,27.770472,47.406162
657.06165,391.9204,27.770472,47.406162
656.0346,391.77368,27.770472,47.406162
656.18134,392.21384,27.770472,47.406162
656.0346,391.77368,27.770472,47.406162
655.5945,391.9204,27.770472,47.406162
656.32806,391.18683,27.770472,47.406162
655.301,391.0401,27.770472,47.406162
655.1543,390.30652,27.770472,47.406162
655.00757,390.74667,27.770472,47.406162
654.274,390.59995,27.770472,47.406162
654.7141,390.45322,27.770472,47.406162
653.6871,390.3065,27.770472,47.406162
653.8338,389.86633,27.770472,47.406162
653.9805,389.42618,27.770472,47.406162
653.8338,389.86633,27.770472,47.406162
653.1002,389.13275,27.770472,47.406162
653.54034,389.27948,27.770472,47.406162
653.6871,389.4262,27.770472,47.406162
652.36664,389.27948,27.770472,47.406162
653.3937,389.13275,27.770472,47.406162
652.6601,388.39917,27.770472,47.406162
652.22,388.83932,27.770472,47.406162
652.6601,388.10574,27.770472,47.406162
651.63306,388.25247,27.770472,47.406162
652.087,388.18472,28.384893,48.455025
651.937,387.73483,28.384893,48.455025
651.4871,387.8848,28.384893,48.455025
651.937,386.83505,28.384893,48.455025
650.88727,386.98502,28.384893,48.455025
651.03723,386.53513,28.384893,48.455025
651.1872,386.98502,28.384893,48.455025
651.03723,386.53513,28.384893,48.455025
650.88727,386.6851,28.384893,48.455025
650.4374,386.83505,28.384893,48.455025
651.1872,386.08524,28.384893,48.455025
650.7373,386.2352,28.384893,48.455025
651.4871,386.38516,28.384893,48.455025
650.7373,386.53513,28.384893,48.455025
651.1872,386.38516,28.384893,48.455025
650.4374,386.2352,28.384893,48.455025
650.58734,386.08524,28.384893,48.455025
650.7373,385.63535,28.384893,48.455025
650.2874,385.7853,28.384893,48.455025
649.8375,385.0355,28.384893,48.455025
649.0877,384.88553,28.384893,48.455025
649.5376,384.73557,28.384893,48.455025
649.68756,385.18546,28.384893,48.455025
649.8375,384.73557,28.384893,48.455025
648.48785,385.18546,28.384893,48.455025
649.5376,385.0355,28.384893,48.455025
649.38763,384.88553,28.384893,48.455025
648.93774,384.73557,28.384893,48.455025
648.1879,385.18546,28.384893,48.455025
648.6378,385.0355,28.384893,48.455025
649.0877,384.88553,28.384893,48.455025
648.03796,384.73557,28.384893,48.455025
647.5881,385.18546,28.384893,48.455025
648.03796,385.0355,28.384893,48.455025
647.5881,384.88553,28.384893,48.455025
648.03796,384.43564,28.384893,48.455025
646.9882,384.88553,28.384893,48.455025
647.1382,384.43564,28.384893,48.455025
646.6883,384.88553,28.384893,48.455025
647.1382,384.43564,28.384893,48.455025
646.38837,384.88553,28.384893,48.455025
646.5383,384.73557,28.384893,48.455025
646.08844,385.18546,28.384893,48.455025
645.63855,384.73557,28.384893,48.455025
645.7885,384.88553,28.384893,48.455025
645.9385,384.43564,28.384893,48.455025
644.88873,384.88553,28.384893,48.455025
644.43884,384.43564,28.384893,48.455025
644.88873,384.88553,28.384893,48.455025
643.839,384.73557,28.384893,48.455025
643.98895,385.18546,28.384893,48.455025
643.839,385.0355,28.384893,48.455025
643.0892,385.18546,28.384893,48.455025
643.53906,385.33542,28.384893,48.455025
643.689,385.7853,28.384893,48.455025
643.53906,385.33542,28.384893,48.455025
643.0892,385.7853,28.384893,48.455025
642.33936,385.63535,28.384893,48.455025
642.78925,386.08524,28.384893,48.455025
642.9392,385.93527,28.384893,48.455025
641.58954,386.08524,28.384893,48.455025
642.0394,385.93527,28.384893,48.455025
640.9897,386.08524,28.384893,48.455025
641.13965,386.2352,28.384893,48.455025
640.68976,386.98502,28.384893,48.455025
641.4396,386.83505,28.384893,48.455025
640.9897,386.98502,28.384893,48.455025
639.93994,387.13498,28.384893,48.455025
640.0899,387.58487,28.384893,48.455025
639.93994,388.6346,28.384893,48.455025
639.79,389.0845,28.384893,48.455025
640.5398,388.93454,28.384893,48.455025
639.79,389.0845,28.384893,48.455025
639.93994,389.5344,28.384893,48.455025
638.8902,389.98428,28.384893,48.455025
638.74023,390.13425,28.384893,48.455025
639.79,390.58414,28.384893,48.455025
639.64,391.03403,28.384893,48.455025
639.1901,390.88406,28.384893,48.455025
638.74023,391.03403,28.384893,48.455025
639.1901,391.184,28.384893,48.455025
638.1404,391.63388,28.384893,48.455025
638.29034,392.3837,28.384893,48.455025
637.84045,392.23373,28.384893,48.455025
637.39056,392.3837,28.384893,48.455025
637.84045,392.53366,28.384893,48.455025
637.09064,392.98355,28.384893,48.455025
637.5405,392.8336,28.384893,48.455025
637.6905,392.68362,28.384893,48.455025
637.5405,393.43344,28.384893,48.455025
637.09064,393.88333,28.384893,48.455025
636.64075,393.73337,28.384893,48.455025
637.09064,394.4832,28.384893,48.455025
636.0409,394.93307,28.384893,48.455025
636.19086,394.4832,28.384893,48.455025
636.0409,395.233,28.384893,48.455025
635.62085,395.8942,27.779577,47.421707
635.18054,395.74744,27.779577,47.421707
635.91437,396.7748,27.779577,47.421707
634.887,396.92157,27.779577,47.421707
634.75885,397.28577,27.18717,46.410423
634.61523,398.00394,27.18717,46.410423
634.1843,398.14758,27.18717,46.410423
634.61523,398.29123,27.18717,46.410423
633.6098,398.72214,27.18717,46.410423
633.7534,400.01486,27.18717,46.410423
633.0352,399.58395,27.18717,46.410423
633.4661,400.87668,27.18717,46.410423
631.8861,400.1585,27.18717,46.410423
632.317,400.87668,27.18717,46.410423
632.7479,401.3076,27.18717,46.410423
631.7425,402.02576,27.18717,46.410423
631.3116,402.1694,27.18717,46.410423
631.7425,402.6003,27.18717,46.410423
630.73706,403.60577,27.18717,46.410423
630.8807,403.74942,27.18717,46.410423
630.44977,403.89307,27.18717,46.410423
629.44434,403.46216,27.18717,46.410423
629.58795,404.75488,27.18717,46.410423
629.15704,405.1858,27.18717,46.410423
629.58795,404.75488,27.18717,46.410423
628.5825,405.47305,27.18717,46.410423
628.4389,405.6167,27.18717,46.410423
628.008,405.76035,27.18717,46.410423
628.4389,406.47852,27.18717,46.410423
627.1462,406.33487,27.18717,46.410423
628.1516,406.19122,27.18717,46.410423
627.4334,406.9094,27.18717,46.410423
626.428,406.4785,27.18717,46.410423
626.5716,407.7712,27.18717,46.410423
626.1407,408.20212,27.18717,46.410423
626.2843,407.7712,27.18717,46.410423
626.4279,409.06393,27.18717,46.410423
625.1352,408.05847,27.18717,46.410423
625.5661,408.48938,27.18717,46.410423
624.8479,409.49484,27.18717,46.410423
624.7043,409.6385,27.18717,46.410423
624.2734,410.0694,27.18717,46.410423
624.7043,409.6385,27.18717,46.410423
623.41156,410.9312,27.18717,46.410423
622.98065,410.21304,27.18717,46.410423
623.69885,410.64395,27.18717,46.410423
622.4061,411.6494,27.18717,46.410423
623.41156,411.50577,27.18717,46.410423
621.83154,411.6494,27.18717,46.410423
622.2759,410.98697,27.788687,47.437252
621.5418,411.1338,27.788687,47.437252
621.6886,411.86786,27.788687,47.437252
620.36725,411.72104,27.788687,47.437252
620.21216,411.65323,28.403511,48.4868
619.76196,412.40353,28.403511,48.4868
620.21216,412.25348,28.403511,48.4868
619.16174,412.40353,28.403511,48.4868
619.01166,412.85373,28.403511,48.4868
618.56146,412.70367,28.403511,48.4868
619.0257,413.25714,29.031939,49.55957
617.3385,413.41052,29.031939,49.55957
617.79865,413.5639,29.031939,49.55957
618.2588,414.02405,29.031939,49.55957
616.87836,414.17743,29.031939,49.55957
617.64526,414.3308,29.031939,49.55957
616.87836,414.79095,29.031939,49.55957
617.03174,414.3308,29.031939,49.55957
615.6513,415.40448,29.031939,49.55957
616.4182,415.55786,29.031939,49.55957
615.95807,416.018,29.031939,49.55957
616.4182,415.55786,29.031939,49.55957
615.0378,416.63153,29.031939,49.55957
614.2709,416.7849,29.031939,49.55957
614.731,416.018,29.031939,49.55957
615.19116,416.47815,29.031939,49.55957
613.8107,417.24506,29.031939,49.55957
614.57764,417.09167,29.031939,49.55957
613.50397,417.55182,29.031939,49.55957
613.65735,418.01196,29.031939,49.55957
613.1972,417.85858,29.031939,49.55957
612.73706,418.01196,29.031939,49.55957
612.89044,418.16534,29.031939,49.55957
612.73706,418.93225,29.031939,49.55957
611.97015,418.77887,29.031939,49.55957
612.4303,418.93225,29.031939,49.55957
611.6634,419.08563,29.031939,49.55957
611.51,419.85254,29.031939,49.55957
610.7431,419.69916,29.031939,49.55957
611.20325,421.0796,29.031939,49.55957
609.8228,420.61945,29.031939,49.55957
610.5897,421.0796,29.031939,49.55957
609.8228,420.61945,29.031939,49.55957
609.9762,421.6931,29.031939,49.55957
609.2509,421.77805,28.412825,48.502697
609.70123,421.92816,28.412825,48.502697
609.8513,422.07828,28.412825,48.502697
608.5003,422.52863,28.412825,48.502697
609.25085,423.5794,28.412825,48.502697
607.89984,423.4293,28.412825,48.502697
607.4495,423.5794,28.412825,48.502697
608.2001,424.02975,28.412825,48.502697
607.1493,423.5794,28.412825,48.502697
607.2994,424.32996,28.412825,48.502697
606.84906,424.48007,28.412825,48.502697
606.0985,424.6302,28.412825,48.502697
606.5488,425.08054,28.412825,48.502697
606.0985,424.6302,28.412825,48.502697
605.0477,425.08054,28.412825,48.502697
605.1978,424.93042,28.412825,48.502697
605.0477,424.7803,28.412825,48.502697
604.2972,424.32996,28.412825,48.502697
604.7475,425.68097,28.412825,48.502697
604.8976,425.8311,28.412825,48.502697
602.9461,425.08054,28.412825,48.502697
603.099,424.6997,29.041458,49.57582
603.25244,424.85315,29.041458,49.57582
602.7921,425.31345,29.041458,49.57582
602.02496,424.85315,29.041458,49.57582
601.8715,425.6203,29.041458,49.57582
601.7181,425.46686,29.041458,49.57582
600.9509,425.31342,29.041458,49.57582
601.41125,425.46686,29.041458,49.57582
601.5647,425.6203,29.041458,49.57582
600.1838,425.77374,29.041458,49.57582
600.9509,426.5409,29.041458,49.57582
599.8769,426.0806,29.041458,49.57582
600.03033,426.84775,29.041458,49.57582
599.8769,426.6943,29.041458,49.57582
599.10974,426.54086,29.041458,49.57582
599.57007,426.38742,29.041458,49.57582
598.49603,426.54086,29.041458,49.57582
598.0357,426.6943,29.041458,49.57582
598.80286,427.1546,29.041458,49.57582
597.7288,427.6149,29.041458,49.57582
597.88226,427.46146,29.041458,49.57582
597.42194,427.308,29.041458,49.57582
598.1891,427.15457,29.041458,49.57582
597.11505,428.2286,29.041458,49.57582
597.2685,427.46146,29.041458,49.57582
596.80817,427.6149,29.041458,49.57582
596.34784,427.76834,29.041458,49.57582
596.80817,428.22864,29.041458,49.57582
596.041,427.76834,29.041458,49.57582
596.50134,428.22864,29.041458,49.57582
595.1204,427.76834,29.041458,49.57582
596.19446,428.22864,29.041458,49.57582
596.041,428.0752,29.041458,49.57582
595.5807,429.14923,29.041458,49.57582
595.12036,428.9958,29.041458,49.57582
595.8875,428.84235,29.041458,49.57582
595.4272,428.6889,29.041458,49.57582
596.19434,428.53546,29.041458,49.57582
595.4272,428.6889,29.041458,49.57582
595.5806,428.53546,29.041458,49.57582
594.5066,428.38202,29.041458,49.57582
594.66003,428.53546,29.041458,49.57582
594.5066,428.6889,29.041458,49.57582
594.35315,428.53546,29.041458,49.57582
595.1203,428.38202,29.041458,49.57582
594.66,428.22858,29.041458,49.57582
594.19965,427.76828,29.041458,49.57582
594.9668,429.45605,29.041458,49.57582
594.19965,428.6889,29.041458,49.57582
594.66,429.1492,29.041458,49.57582
593.8928,429.6095,29.041458,49.57582
594.35315,428.84235,29.041458,49.57582
594.8135,429.91638,29.041458,49.57582
594.35315,430.37668,29.041458,49.57582
594.8135,430.53012,29.041458,49.57582
594.35315,430.68356,29.041458,49.57582
594.5066,431.14386,29.041458,49.57582
593.43256,432.2179,29.041458,49.57582
594.1859,433.19016,28.42214,48.5186
593.76526,435.0101,27.816029,47.483925
592.5037,437.6411,27.222843,46.471317
592.9352,440.9491,27.222843,46.471317
592.8096,442.415,26.642307,45.4803
593.51337,444.52637,26.642307,45.4803
592.3051,444.8756,26.074152,44.510418
592.3051,444.8756,26.074152,44.510418
1242.9519804874717,599.1118002576391,26.07415199279785,44.51041793823242
131.7590087630179,79.97151326022237,26.07415199279785,44.51041793823242
102.96800512018217,86.99706917306744,26.07415199279785,44.51041793823242
100.0751291560695,85.75726518844772,26.07415199279785,44.51041793823242
99.11083716803194,86.44604517990312,26.07415199279785,44.51041793823242
97.87103318341221,88.23687315768716,26.07415199279785,44.51041793823242
98.28430117828545,86.99706917306743,26.07415199279785,44.51041793823242
97.04449719366572,89.06340914743363,26.07415199279785,44.51041793823242
95.804693209046,87.2725811696496,26.07415199279785,44.51041793823242
95.804693209046,87.2725811696496,26.07415199279785,44.51041793823242
95.804693209046,87.2725811696496,26.07415199279785,44.51041793823242
473.2119938747348,191.40205644536053,26.07415199279785,44.51041793823242
473.2119938747348,191.40205644536053,26.07415199279785,44.51041793823242
473.2119938747348,191.40205644536053,26.07415199279785,44.51041793823242
459.08674647238735,417.7529607016419,26.07415199279785,44.51041793823242
459.08674647238735,417.7529607016419,26.07415199279785,44.51041793823242
531.6108552240994,104.21041945156972,26.07415199279785,44.51041793823242
512.1872594650571,100.76651949429272,26.07415199279785,44.51041793823242
512.1872594650571,100.76651949429272,26.07415199279785,44.51041793823242
70.36905304466978,90.92206124100139,26.07415199279785,44.51041793823242
523.5062342499587,117.34516919632523,26.07415199279785,44.51041793823242
512.3479983883811,106.73795732791206,26.07415199279785,44.51041793823242
584.1996575986219,379.71348273724385,26.07415199279785,44.51041793823242
592.6027734943777,407.6779503903331,26.07415199279785,44.51041793823242
592.6027734943777,407.6779503903331,26.07415199279785,44.51041793823242
593.8102314602272,410.9408644108672,25.518112182617188,43.56121826171875
592.5968666690144,411.88459258181047,25.518112182617188,43.56121826171875
593.8102314602272,423.0745123229949,25.518112182617188,43.56121826171875
592.5968666690144,425.6360602155552,25.518112182617188,43.56121826171875
593.8102314602272,427.38869824730693,25.518112182617188,43.56121826171875
592.3272300487449,428.3324264182502,25.518112182617188,43.56121826171875
593.8102314602272,427.6583348675764,25.518112182617188,43.56121826171875
593.1361399095534,425.90569683582464,25.518112182617188,43.56121826171875
594.0798680804967,426.3101517662289,25.518112182617188,43.56121826171875
593.6754131500924,427.52351655744167,25.518112182617188,43.56121826171875
594.6191413210356,429.2761545891934,25.518112182617188,43.56121826171875
593.3577290703055,430.89236909388814,26.082700729370117,44.52500915527344
593.495530235552,433.51059123357135,26.082700729370117,44.52500915527344
592.4921468043613,432.017252745334,26.659780502319336,45.51012420654297
593.4780969165541,432.7215028254718,26.659780502319336,45.51012420654297
593.0555468684714,433.4257529056096,26.659780502319336,45.51012420654297
594.0414969806643,433.0032028575269,26.659780502319336,45.51012420654297
594.1823469966919,432.01725274533396,26.659780502319336,45.51012420654297
593.196396884499,431.8764027293064,26.659780502319336,45.51012420654297
593.6189469325817,432.01725274533396,26.659780502319336,45.51012420654297
594.0414969806644,431.8764027293064,26.659780502319336,45.51012420654297
594.4640470287471,431.7355527132788,26.659780502319336,45.51012420654297
593.7597969486093,433.84830295369227,26.659780502319336,45.51012420654297
594.182346996692,432.2989527773891,26.659780502319336,45.51012420654297
594.0335551059719,431.35710098678067,27.2496280670166,46.51703643798828
592.9852809852961,430.39441077584974,27.85252571105957,47.546226501464844
593.7210388728981,431.7187749735334,27.85252571105957,47.546226501464844
593.279584140337,431.2773202409722,27.85252571105957,47.546226501464844
594.015342027939,431.1301686634518,27.85252571105957,47.546226501464844
593.5738872953779,430.9830170859314,27.85252571105957,47.546226501464844
593.1324325628167,430.5415623533702,27.85252571105957,47.546226501464844
593.8681904504188,431.27732024097224,27.85252571105957,47.546226501464844
593.4267357178576,430.835865508411,27.85252571105957,47.546226501464844
594.4567967605004,430.10010762080896,27.85252571105957,47.546226501464844
594.6039483380208,430.24725919832935,27.85252571105957,47.546226501464844
593.573887295378,430.39441077584974,27.85252571105957,47.546226501464844
593.7210388728984,430.24725919832935,27.85252571105957,47.546226501464844
593.8681904504188,430.10010762080896,27.85252571105957,47.546226501464844
594.0153420279391,429.65865288824773,27.85252571105957,47.546226501464844
594.4567967605003,430.6887139308906,27.85252571105957,47.546226501464844
594.8982514930615,429.9529560432885,27.85252571105957,47.546226501464844
593.8681904504186,428.92289500064567,27.85252571105957,47.546226501464844
594.6039483380207,428.7757434231253,27.85252571105957,47.546226501464844
593.8681904504186,428.6285918456049,27.85252571105957,47.546226501464844
594.3096451829798,429.65865288824773,27.85252571105957,47.546226501464844
594.751099915541,429.2171981556865,27.85252571105957,47.546226501464844
594.0153420279389,428.48144026808444,27.85252571105957,47.546226501464844
594.751099915541,428.92289500064567,27.85252571105957,47.546226501464844
594.3096451829798,427.8928339580028,27.85252571105957,47.546226501464844
595.0454030705819,427.4513792254416,27.85252571105957,47.546226501464844
594.6039483380207,427.8928339580028,27.85252571105957,47.546226501464844
593.8681904504186,426.86277291536,27.85252571105957,47.546226501464844
594.3096451829798,426.7156213378396,27.85252571105957,47.546226501464844
594.751099915541,428.0399855355233,27.85252571105957,47.546226501464844
594.0153420279389,427.00992449288043,27.85252571105957,47.546226501464844
594.4567967605001,426.27416660527837,27.85252571105957,47.546226501464844
594.8982514930613,426.42131818279876,27.85252571105957,47.546226501464844
593.8681904504184,426.56846976031915,27.85252571105957,47.546226501464844
594.0153420279388,426.71562133783954,27.85252571105957,47.546226501464844
593.8681904504184,426.56846976031915,27.85252571105957,47.546226501464844
594.0153420279388,426.1270150277579,27.85252571105957,47.546226501464844
593.8681904504184,425.6855602951967,27.85252571105957,47.546226501464844
594.0153420279388,425.8327118727171,27.85252571105957,47.546226501464844
594.4567967605,424.80265083007424,27.85252571105957,47.546226501464844
594.3096451829796,424.361196097513,27.85252571105957,47.546226501464844
594.4567967605,425.0969539851151,27.85252571105957,47.546226501464844
594.6039483380204,424.361196097513,27.85252571105957,47.546226501464844
593.8681904504183,424.2140445199926,27.85252571105957,47.546226501464844
594.6039483380204,423.47828663239056,27.85252571105957,47.546226501464844
593.8681904504183,423.3311350548702,27.85252571105957,47.546226501464844
594.3096451829795,423.1839834773498,27.85252571105957,47.546226501464844
594.7510999155406,422.4482255897477,27.85252571105957,47.546226501464844
594.0153420279386,422.5953771672681,27.85252571105957,47.546226501464844
594.4567967604997,422.1539224347069,27.85252571105957,47.546226501464844
595.1925546481018,421.4181645471048,27.85252571105957,47.546226501464844
594.4567967604997,421.5653161246252,27.85252571105957,47.546226501464844
594.6039483380201,421.7124677021456,27.85252571105957,47.546226501464844
593.5738872953773,421.2710129695844,27.85252571105957,47.546226501464844
594.0153420279385,420.5352550819823,27.85252571105957,47.546226501464844
594.4567967604996,420.3881035044619,27.85252571105957,47.546226501464844
594.8982514930608,419.9466487719007,27.85252571105957,47.546226501464844
594.1624936054587,419.21089088429864,27.85252571105957,47.546226501464844
594.8982514930608,418.7694361517374,27.85252571105957,47.546226501464844
594.4567967604996,418.03367826413535,27.85252571105957,47.546226501464844
595.1925546481017,417.88652668661496,27.85252571105957,47.546226501464844
594.7510999155405,417.44507195405373,27.85252571105957,47.546226501464844
594.3096451829794,417.29792037653334,27.85252571105957,47.546226501464844
595.3397062256222,416.5621624889313,27.85252571105957,47.546226501464844
594.898251493061,416.4150109114109,27.85252571105957,47.546226501464844
594.4567967604999,415.6792530238088,27.85252571105957,47.546226501464844
595.4868578031427,415.8264046013292,27.85252571105957,47.546226501464844
595.9283125357039,414.7963435586864,27.85252571105957,47.546226501464844
594.6039483380202,414.0605856710843,27.85252571105957,47.546226501464844
594.4567967604999,413.6191309385231,27.85252571105957,47.546226501464844
595.4868578031427,414.0605856710843,27.85252571105957,47.546226501464844
595.0746753856521,413.8583908939746,27.258562088012695,46.53228759765625
595.226515628395,413.9381229335435,26.677265167236328,45.539974212646484
595.0855732344033,412.95152617560217,26.677265167236328,45.539974212646484
596.3540547803279,412.5286989936273,26.677265167236328,45.539974212646484
595.3674580223866,412.6696413876189,26.677265167236328,45.539974212646484
595.5084004163782,412.5286989936273,26.677265167236328,45.539974212646484
595.6493428103698,411.8239870236692,26.677265167236328,45.539974212646484
595.7902852043615,410.83739026572783,26.677265167236328,45.539974212646484
596.2131123863363,410.1326782957697,26.677265167236328,45.539974212646484
595.226515628395,409.70985111379485,26.677265167236328,45.539974212646484
595.6493428103698,410.1326782957697,26.677265167236328,45.539974212646484
596.0721699923447,408.8641967498452,26.677265167236328,45.539974212646484
596.4949971743196,408.15948477988707,26.677265167236328,45.539974212646484
595.5084004163782,407.7366575979122,26.677265167236328,45.539974212646484
596.2131123863363,407.0319456279541,26.677265167236328,45.539974212646484
595.5084004163782,406.6091184459792,26.677265167236328,45.539974212646484
595.9312275983531,406.75006083997084,26.677265167236328,45.539974212646484
596.6359395683112,405.4815792940463,26.677265167236328,45.539974212646484
596.2131123863363,405.6225216880379,26.677265167236328,45.539974212646484
595.5084004163782,405.19969450606305,26.677265167236328,45.539974212646484
596.2131123863363,404.2130977481217,26.677265167236328,45.539974212646484
595.7902852043615,403.79027056614683,26.677265167236328,45.539974212646484
596.4949971743196,402.8036738082055,26.677265167236328,45.539974212646484
596.0721699923447,402.3808466262306,26.677265167236328,45.539974212646484
597.058766750286,402.52178902022223,26.677265167236328,45.539974212646484
596.6359395683112,402.09896183824736,26.677265167236328,45.539974212646484
596.2131123863363,401.112365080306,26.677265167236328,45.539974212646484
595.7902852043615,400.4076531103479,26.677265167236328,45.539974212646484
596.7768819623028,400.2667107163563,26.677265167236328,45.539974212646484
596.1103958591483,399.80135071183463,26.10836410522461,44.56882095336914
596.5242061241099,399.38754044687295,26.10836410522461,44.56882095336914
596.9380163890715,399.52547720186016,26.10836410522461,44.56882095336914
597.3518266540332,398.83579342692406,26.10836410522461,44.56882095336914
596.6621428790971,397.87023614201354,26.10836410522461,44.56882095336914
597.3518266540332,397.18055236707744,26.10836410522461,44.56882095336914
596.6621428790971,397.31848912206465,26.10836410522461,44.56882095336914
597.3518266540332,396.62880534712855,26.10836410522461,44.56882095336914
596.6621428790971,396.76674210211576,26.10836410522461,44.56882095336914
597.3518266540332,395.52531130723077,26.10836410522461,44.56882095336914
596.9380163890715,395.663248062218,26.10836410522461,44.56882095336914
597.9035736739821,394.9735642872819,26.10836410522461,44.56882095336914
597.4897634090205,394.00800700237136,26.10836410522461,44.56882095336914
597.3518266540333,393.31832322743526,26.10836410522461,44.56882095336914
597.4897634090205,393.45625998242247,26.10836410522461,44.56882095336914
597.6277001640077,393.0424497174608,26.10836410522461,44.56882095336914
597.4897634090205,392.07689243255027,26.10836410522461,44.56882095336914
597.9035736739821,391.38720865761417,26.10836410522461,44.56882095336914
598.3173839389437,390.9733983926525,26.10836410522461,44.56882095336914
597.3518266540332,390.2837146177164,26.10836410522461,44.56882095336914
597.7656369189948,390.1457778627292,26.10836410522461,44.56882095336914
598.4553206939308,389.4560940877931,26.10836410522461,44.56882095336914
597.4897634090203,388.766410312857,26.10836410522461,44.56882095336914
597.9035736739819,388.0767265379209,26.10836410522461,44.56882095336914
598.8691309588925,387.6629162729592,26.10836410522461,44.56882095336914
598.1794471839564,387.8008530279464,26.10836410522461,44.56882095336914
597.4897634090204,386.5594222330614,26.10836410522461,44.56882095336914
598.455320693931,386.6973589880486,26.10836410522461,44.56882095336914
598.0415104289693,386.0076752131125,26.10836410522461,44.56882095336914
597.9035736739821,385.042117928202,26.10836410522461,44.56882095336914
598.8691309588927,384.3524341532659,26.10836410522461,44.56882095336914
599.0070677138799,384.2144973982787,26.10836410522461,44.56882095336914
597.7656369189949,383.2489401133682,26.10836410522461,44.56882095336914
599.0070677138799,382.8351298484065,26.10836410522461,44.56882095336914
598.0415104289693,381.869572563496,26.10836410522461,44.56882095336914
598.455320693931,381.4557622985343,26.10836410522461,44.56882095336914
599.145004468867,381.5936990535215,26.10836410522461,44.56882095336914
598.1794471839564,380.9040152785854,26.10836410522461,44.56882095336914
598.593257448918,379.6625844837004,26.10836410522461,44.56882095336914
599.0070677138797,379.8005212386876,26.10836410522461,44.56882095336914
598.3173839389436,378.55909044380263,26.10836410522461,44.56882095336914
599.0070677138797,378.69702719878984,26.10836410522461,44.56882095336914
598.593257448918,378.00734342385374,26.10836410522461,44.56882095336914
599.2829412238541,376.76591262896875,26.10836410522461,44.56882095336914
599.4208779788413,376.07622885403265,26.10836410522461,44.56882095336914
599.5588147338285,375.66241858907097,26.10836410522461,44.56882095336914
599.6967514888157,375.52448183408376,26.10836410522461,44.56882095336914
600.1105617537773,374.83479805914766,26.10836410522461,44.56882095336914
599.1450044688668,373.59336726426267,26.10836410522461,44.56882095336914
599.5588147338284,373.45543050927546,26.10836410522461,44.56882095336914
599.97262499879,372.76574673433936,26.10836410522461,44.56882095336914
599.282941223854,371.80018944942884,26.10836410522461,44.56882095336914
600.2484985087646,370.55875865454385,26.10836410522461,44.56882095336914
599.8346882438029,370.42082189955664,26.10836410522461,44.56882095336914
600.8002455287135,369.73113812462054,26.10836410522461,44.56882095336914
600.6623087737263,368.48970732973555,26.10836410522461,44.56882095336914
601.0761190386879,368.35177057474834,26.10836410522461,44.56882095336914
600.1105617537773,367.3862132898378,26.10836410522461,44.56882095336914
600.8002455287134,366.4206560049273,26.10836410522461,44.56882095336914
601.4899293036494,365.4550987200168,26.10836410522461,44.56882095336914
601.3519925486622,364.7654149450807,26.10836410522461,44.56882095336914
601.214055793675,363.5239841501957,26.10836410522461,44.56882095336914
601.6278660586366,363.110173885234,26.10836410522461,44.56882095336914
601.7658028136238,361.868743090349,26.10836410522461,44.56882095336914
602.1796130785855,360.62731229546404,26.10836410522461,44.56882095336914
601.7658028136238,360.76524905045125,26.10836410522461,44.56882095336914
602.1771381114473,360.0439108820636,25.55159568786621,43.618377685546875
602.8521141721468,358.5589635485247,25.55159568786621,43.618377685546875
602.1771381114473,358.15397791210495,25.55159568786621,43.618377685546875
602.8521141721468,356.66903057856604,25.55159568786621,43.618377685546875
602.4471285357271,356.5340353664261,25.55159568786621,43.618377685546875
603.3920950207064,355.319078457167,25.55159568786621,43.618377685546875
603.2741950053976,354.0926600751956,25.00670051574707,42.688201904296875
603.9347769982967,352.90361248797734,25.00670051574707,42.688201904296875
603.8026605997169,351.97879769791865,25.00670051574707,42.688201904296875
603.6705442011371,351.05398290785996,25.00670051574707,42.688201904296875
603.8026605997169,350.3934009149609,25.00670051574707,42.688201904296875
604.1990097954563,349.46858612490223,25.00670051574707,42.688201904296875
604.5953589911957,348.54377133484354,25.00670051574707,42.688201904296875
603.9347769982966,347.61895654478485,25.00670051574707,42.688201904296875
604.5953589911957,346.9583745518858,25.00670051574707,42.688201904296875
603.9347769982966,345.50509416750793,25.00670051574707,42.688201904296875
604.5953589911957,344.8445121746089,25.00670051574707,42.688201904296875
603.9347769982966,343.391231790231,25.00670051574707,42.688201904296875
604.8595917883553,342.730649797332,25.00670051574707,42.688201904296875
604.4632425926159,341.2773694129541,25.00670051574707,42.688201904296875
605.6522901798342,340.61678742005506,25.00670051574707,42.688201904296875
604.7274753897755,339.4277398328368,25.00670051574707,42.688201904296875
605.1238245855149,338.5029250427781,25.00670051574707,42.688201904296875
605.784406578414,337.5781102527194,25.00670051574707,42.688201904296875
604.8595917883553,336.6532954626607,25.00670051574707,42.688201904296875
605.5201737812544,335.728480672602,25.00670051574707,42.688201904296875
605.3880573826746,333.48250189674525,25.00670051574707,42.688201904296875
606.3128721727333,333.0861527010058,25.00670051574707,42.688201904296875
606.444988571313,331.8971051137875,25.00670051574707,42.688201904296875
606.5771049698928,330.70805752656923,25.00670051574707,42.688201904296875
605.3880573826746,329.51900993935095,25.00670051574707,42.688201904296875
606.8413377670524,328.59419514929226,25.00670051574707,42.688201904296875
606.444988571313,328.1978459535528,25.00670051574707,42.688201904296875
607.1055705642121,327.00879836633453,25.00670051574707,42.688201904296875
606.9734541656323,325.81975077911625,25.00670051574707,42.688201904296875
607.1055705642121,324.63070319189796,25.00670051574707,42.688201904296875
607.2376869627919,324.2343539961585,25.00670051574707,42.688201904296875
607.3698033613717,322.78107361178064,25.00670051574707,42.688201904296875
607.7661525571111,321.32779322740276,25.00670051574707,42.688201904296875
607.105570564212,320.9314440316633,25.00670051574707,42.688201904296875
607.5019197599514,319.47816364728544,25.00670051574707,42.688201904296875
607.105570564212,319.081814451546,25.00670051574707,42.688201904296875
607.7542316875307,318.64559637982626,24.473424911499023,41.777862548828125
608.1421286172887,316.7061117310363,24.473424911499023,41.777862548828125
608.7886235002187,315.8010188949343,24.473424911499023,41.777862548828125
608.4007265704607,315.15452401200434,24.473424911499023,41.777862548828125
608.0128296407028,313.9908332227304,24.473424911499023,41.777862548828125
608.9179224768047,312.8271424334564,24.473424911499023,41.777862548828125
608.7886235002187,311.40485369101043,24.473424911499023,41.777862548828125
608.9179224768047,311.27555471442446,24.473424911499023,41.777862548828125
609.3058194065627,310.1118639251505,24.473424911499023,41.777862548828125
608.4007265704607,308.4309772295325,24.473424911499023,41.777862548828125
608.7886235002187,308.04308029977454,24.473424911499023,41.777862548828125
609.4351183831487,306.3621936041566,24.473424911499023,41.777862548828125
609.0472214533908,305.7156987212266,24.473424911499023,41.777862548828125
609.6820500080432,305.28878326456186,23.951520919799805,40.88693618774414
610.3147581928673,303.89682525794876,23.951520919799805,40.88693618774414
609.4289667341135,302.50486725133567,23.951520919799805,40.88693618774414
610.0616749189376,302.12524234044116,23.951520919799805,40.88693618774414
609.4289667341135,300.73328433382807,23.951520919799805,40.88693618774414
610.7820636723716,300.07153642511105,23.44074821472168,40.015010833740234
609.9151619832803,298.95694853913665,23.44074821472168,40.015010833740234
610.2866912786051,297.84236065316225,23.44074821472168,40.015010833740234
610.4105343770467,296.48008657030465,23.44074821472168,40.015010833740234
611.0297498692547,295.86087107809664,23.44074821472168,40.015010833740234
609.9151619832803,294.2509107983558,23.44074821472168,40.015010833740234
610.2866912786051,293.1363229123814,23.44074821472168,40.015010833740234
610.9059067708131,292.021735026407,23.44074821472168,40.015010833740234
610.0390050817218,290.9071471404326,23.44074821472168,40.015010833740234
610.6582205739298,289.7925592544582,23.44074821472168,40.015010833740234
611.0297498692546,288.925657565367,23.44074821472168,40.015010833740234
610.1628481801633,287.8110696793926,23.44074821472168,40.015010833740234
610.7820636723714,286.6964817934182,23.44074821472168,40.015010833740234
609.9151619832801,285.58189390744377,23.44074821472168,40.015010833740234
610.5343774754881,284.46730602146937,23.44074821472168,40.015010833740234
611.1535929676961,284.34346292302774,23.44074821472168,40.015010833740234
610.5343774754881,283.47656123393654,23.44074821472168,40.015010833740234
611.4012791645794,282.8573457417285,23.44074821472168,40.015010833740234
610.5343774754881,281.2473854619877,23.44074821472168,40.015010833740234
611.1535929676961,281.12354236354605,23.44074821472168,40.015010833740234
610.7820636723714,280.50432687133804,23.44074821472168,40.015010833740234
609.9151619832801,278.8943665915972,23.44074821472168,40.015010833740234
610.7820636723714,279.0182096900388,23.44074821472168,40.015010833740234
610.905906770813,278.3989941978308,23.44074821472168,40.015010833740234
610.7820636723714,278.2751510993892,23.44074821472168,40.015010833740234
610.905906770813,277.90362180406436,23.44074821472168,40.015010833740234
610.286691278605,276.2936615243235,23.44074821472168,40.015010833740234
611.1535929676962,276.41750462276514,23.44074821472168,40.015010833740234
611.2774360661379,276.0459753274403,23.44074821472168,40.015010833740234
610.6582205739298,275.1790736383491,23.44074821472168,40.015010833740234
611.5251222630211,274.5598581461411,23.44074821472168,40.015010833740234
611.4012791645795,274.1883288508163,23.44074821472168,40.015010833740234
611.0297498692547,274.5598581461411,23.44074821472168,40.015010833740234
610.9215902158328,274.1509565128068,22.940866470336914,39.161678314208984
611.7700049652892,273.78735019161115,22.940866470336914,39.161678314208984
611.1639944299633,274.1509565128067,22.940866470336914,39.161678314208984
610.5579838946373,272.81773333508954,22.940866470336914,39.161678314208984
611.1639944299633,272.93893544215473,22.940866470336914,39.161678314208984
610.8003881087677,272.09052069269836,22.940866470336914,39.161678314208984
611.4063986440937,271.48451015737237,22.940866470336914,39.161678314208984
610.8003881087677,271.3633080503072,22.940866470336914,39.161678314208984
611.6488028582241,270.9997017291116,22.940866470336914,39.161678314208984
611.527600751159,270.15128697965525,22.940866470336914,39.161678314208984
611.1639944299634,270.03008487259007,22.940866470336914,39.161678314208984
610.5579838946375,269.4240743372641,22.940866470336914,39.161678314208984
611.4063986440939,269.54527644432926,22.940866470336914,39.161678314208984
611.2851965370287,268.93926590900327,22.940866470336914,39.161678314208984
610.6791860017028,267.6060427312861,22.940866470336914,39.161678314208984
611.5276007511592,267.7272448383513,22.940866470336914,39.161678314208984
611.406398644094,267.6060427312861,22.940866470336914,39.161678314208984
610.8003881087681,267.2424364100905,22.940866470336914,39.161678314208984
611.406398644094,265.9092132323733,22.940866470336914,39.161678314208984
610.8003881087681,266.0304153394385,22.940866470336914,39.161678314208984
611.6488028582245,264.93959637585175,22.940866470336914,39.161678314208984
611.0427923228985,264.57599005465613,22.940866470336914,39.161678314208984
610.1943775734421,264.6971921617213,22.940866470336914,39.161678314208984
610.8003881087681,264.57599005465613,22.940866470336914,39.161678314208984
611.406398644094,264.45478794759094,22.940866470336914,39.161678314208984
610.8003881087681,264.0911816263954,22.940866470336914,39.161678314208984
611.406398644094,263.242766876939,22.940866470336914,39.161678314208984
610.5579838946376,263.1215647698738,22.940866470336914,39.161678314208984
610.9215902158331,263.00036266280864,22.940866470336914,39.161678314208984
611.2851965370287,262.636756341613,22.940866470336914,39.161678314208984
610.1943775734419,263.242766876939,22.940866470336914,39.161678314208984
610.5579838946375,264.0911816263954,22.940866470336914,39.161678314208984
610.921590215833,265.1820005899821,22.940866470336914,39.161678314208984
611.527600751159,267.0000321959601,22.940866470336914,39.161678314208984
610.1943775734418,267.6060427312861,22.940866470336914,39.161678314208984
610.315579680507,268.2120532666121,22.940866470336914,39.161678314208984
610.6791860017025,268.57565958780765,22.940866470336914,39.161678314208984
610.8003881087677,269.424074337264,22.940866470336914,39.161678314208984
609.9936071230738,270.65939170015366,22.451644897460938,38.326541900634766
610.5866943012007,272.43865323453423,22.451644897460938,38.326541900634766
610.9425466080769,273.26897528391186,22.451644897460938,38.326541900634766
609.8749896874485,274.0992973332895,22.451644897460938,38.326541900634766
609.7563722518231,274.9296193826671,22.451644897460938,38.326541900634766
610.8239291724515,276.2344111745462,22.451644897460938,38.326541900634766
609.9936071230738,279.1998470651805,22.451644897460938,38.326541900634766
609.400519944947,282.1652829558148,22.451644897460938,38.326541900634766
610.2308419943246,285.84242346020136,22.451644897460938,38.326541900634766
609.8749896874484,288.5706244795849,22.451644897460938,38.326541900634766
609.2819025093215,291.77329524147,22.451644897460938,38.326541900634766
609.8749896874484,293.78979164710137,22.451644897460938,38.326541900634766
609.0446676380708,297.2296972802372,22.451644897460938,38.326541900634766
609.1632850736962,299.72066342837,22.451644897460938,38.326541900634766
609.2819025093216,303.6350388040073,22.451644897460938,38.326541900634766
609.4005199449471,307.31217930839387,22.451644897460938,38.326541900634766
609.2819025093216,309.3286757140252,22.451644897460938,38.326541900634766
608.9260502024455,311.81964186215805,22.451644897460938,38.326541900634766
608.3329630243186,315.2595474952939,22.451644897460938,38.326541900634766
609.1632850736962,316.8015741584237,22.451644897460938,38.326541900634766
608.3329630243186,320.95318440531173,22.451644897460938,38.326541900634766
608.9260502024455,322.9696808109431,22.451644897460938,38.326541900634766
608.0957281530679,325.4606469590759,22.451644897460938,38.326541900634766
608.6888153311947,327.95161310720874,22.451644897460938,38.326541900634766
609.0446676380709,329.0191700278371,22.451644897460938,38.326541900634766
607.7398758461918,331.74737104722067,22.451644897460938,38.326541900634766
608.7795804431577,335.0142853040935,21.972856521606445,37.50921630859375
607.734789495415,335.82690048567116,21.972856521606445,37.50921630859375
608.3152289108276,337.3360429657439,21.972856521606445,37.50921630859375
608.8956683262402,340.00606427664184,21.972856521606445,37.50921630859375
607.6187016123325,340.8186794582195,21.972856521606445,37.50921630859375
607.9669652615801,341.39911887363206,21.972856521606445,37.50921630859375
608.0830531446626,342.6760855875398,21.972856521606445,37.50921630859375
608.1991410277451,343.9530523014475,21.972856521606445,37.50921630859375
608.3152289108276,344.53349171686006,21.972856521606445,37.50921630859375
608.1991410277451,346.0426341969328,21.972856521606445,37.50921630859375
608.0830531446626,346.62307361234537,21.972856521606445,37.50921630859375
607.270437963085,347.435688793923,21.972856521606445,37.50921630859375
608.0830531446626,348.0161282093356,21.972856521606445,37.50921630859375
607.50261372925,347.435688793923,21.972856521606445,37.50921630859375
608.3152289108276,347.78395244317056,21.972856521606445,37.50921630859375
608.1991410277451,346.2748099630978,21.972856521606445,37.50921630859375
607.6187016123325,346.8552493785104,21.972856521606445,37.50921630859375
607.270437963085,346.50698572926285,21.972856521606445,37.50921630859375
608.0830531446626,346.8552493785104,21.972856521606445,37.50921630859375
607.50261372925,344.8817553661076,21.972856521606445,37.50921630859375
608.0830531446626,345.23001901535514,21.972856521606445,37.50921630859375
607.50261372925,345.1139311322726,21.972856521606445,37.50921630859375
608.0830531446626,344.06914018452994,21.972856521606445,37.50921630859375
607.3103148944631,344.13341249814346,21.5042781829834,36.709320068359375
607.6511517164918,344.247024772153,21.5042781829834,36.709320068359375
608.2192130865395,342.7700652100288,21.5042781829834,36.709320068359375
607.4239271684727,343.1109020320575,21.5042781829834,36.709320068359375
607.7647639905014,343.45173885408616,21.5042781829834,36.709320068359375
606.5150289763963,343.3381265800766,21.5042781829834,36.709320068359375
607.5375394424823,343.6789634021053,21.5042781829834,36.709320068359375
607.878376264511,344.24702477215305,21.5042781829834,36.709320068359375
606.6286412504058,344.8150861422008,21.5042781829834,36.709320068359375
607.6511517164919,346.0648211563059,21.5042781829834,36.709320068359375
607.7647639905015,347.5417807184301,21.5042781829834,36.709320068359375
606.2878044283773,348.5642911845161,21.5042781829834,36.709320068359375
607.3103148944633,350.0412507466403,21.5042781829834,36.709320068359375
606.5150289763965,351.5182103087645,21.5042781829834,36.709320068359375
607.0830903464442,352.08627167881224,21.5042781829834,36.709320068359375
606.5150289763965,353.33600669291735,21.5042781829834,36.709320068359375
607.0830903464442,354.13129261098425,21.5042781829834,36.709320068359375
606.0605798803582,355.60825217310844,21.5042781829834,36.709320068359375
606.4014167023869,356.40353809117534,21.5042781829834,36.709320068359375
606.7422535244156,357.19882400924223,21.5042781829834,36.709320068359375
607.3103148944633,357.9941099273091,21.5042781829834,36.709320068359375
605.8333553323391,359.4710694894333,21.5042781829834,36.709320068359375
606.1741921543678,360.0391308594811,21.5042781829834,36.709320068359375
606.0605798803582,361.06164132556705,21.5042781829834,36.709320068359375
605.2652939622914,362.084151791653,21.5042781829834,36.709320068359375
606.0605798803582,362.8794377097199,21.5042781829834,36.709320068359375
605.2652939622914,363.2202745317486,21.5042781829834,36.709320068359375
605.8333553323391,361.06164132556705,21.5042781829834,36.709320068359375
604.3563957702149,361.85692724363395,21.5042781829834,36.709320068359375
605.60613078432,361.2888658735862,21.5042781829834,36.709320068359375
606.1741921543678,359.811906311462,21.5042781829834,36.709320068359375
604.6972325922436,360.1527431334907,21.5042781829834,36.709320068359375
605.4925185103104,358.22133447532826,21.5042781829834,36.709320068359375
604.6972325922436,358.56217129735694,21.5042781829834,36.709320068359375
605.2652939622914,358.6757835713665,21.5042781829834,36.709320068359375
604.4700080442245,357.42604855726137,21.5042781829834,36.709320068359375
605.0380694142723,357.0852117352327,21.5042781829834,36.709320068359375
603.7883344001672,357.19882400924223,21.5042781829834,36.709320068359375
603.9019466741768,354.8129662550416,21.5042781829834,36.709320068359375
604.2427834962054,355.6082521731085,21.5042781829834,36.709320068359375
604.356395770215,354.8129662550416,21.5042781829834,36.709320068359375
604.4700080442246,354.69935398103206,21.5042781829834,36.709320068359375
603.9019466741769,353.22239441890787,21.5042781829834,36.709320068359375
603.5611098521482,352.6543330488601,21.5042781829834,36.709320068359375
604.356395770215,352.76794532286965,21.5042781829834,36.709320068359375
603.5611098521482,351.7454348567837,21.5042781829834,36.709320068359375
604.129171222196,351.63182258277413,21.5042781829834,36.709320068359375
603.1066607561099,350.15486302064994,21.5042781829834,36.709320068359375
603.2202730301195,349.5868016506022,21.5042781829834,36.709320068359375
603.3338853041291,349.7004139246117,21.5042781829834,36.709320068359375
602.9930484821004,349.35957710258305,21.5042781829834,36.709320068359375
602.6522116600718,347.88261754045885,21.5042781829834,36.709320068359375
603.2202730301195,348.4506789105066,21.5042781829834,36.709320068359375
601.9705380160144,346.9737193483824,21.5042781829834,36.709320068359375
602.5385993860622,347.5417807184302,21.5042781829834,36.709320068359375
602.8794362080909,346.064821156306,21.5042781829834,36.709320068359375
601.4024766459667,346.40565797833466,21.5042781829834,36.709320068359375
602.1977625640335,344.2470247721531,21.5042781829834,36.709320068359375
601.6297011939857,344.5878615941818,21.5042781829834,36.709320068359375
602.4249871120526,344.2470247721531,21.5042781829834,36.709320068359375
601.1752520979475,342.7700652100289,21.5042781829834,36.709320068359375
601.0616398239379,343.1109020320576,21.5042781829834,36.709320068359375
601.4024766459665,343.22451430606714,21.5042781829834,36.709320068359375
601.0616398239379,340.8386565518665,21.5042781829834,36.709320068359375
600.4935784538901,341.40671792191426,21.5042781829834,36.709320068359375
601.288864371957,339.92975835979007,21.5042781829834,36.709320068359375
600.4935784538901,340.49781972983783,21.5042781829834,36.709320068359375
601.0616398239379,338.5664110716754,21.5042781829834,36.709320068359375
600.3053804370373,339.50535856007804,21.045692443847656,35.926483154296875
601.0837066433575,338.05989560548346,21.045692443847656,35.926483154296875
600.3053804370373,338.1710850635292,21.045692443847656,35.926483154296875
600.861327727266,336.2808642767517,21.045692443847656,35.926483154296875
599.8606226048544,336.6144326508889,21.045692443847656,35.926483154296875
600.4165698950831,336.7256221089346,21.045692443847656,35.926483154296875
600.7501382692203,335.9472959026144,21.045692443847656,35.926483154296875
599.7494331468087,336.05848536066014,21.045692443847656,35.926483154296875
599.8606226048544,333.7235067416997,21.045692443847656,35.926483154296875
600.1941909789916,334.27945403192837,21.045692443847656,35.926483154296875
600.3053804370373,333.27874890951676,21.045692443847656,35.926483154296875
600.4165698950831,333.16755945147105,21.045692443847656,35.926483154296875
600.0830015209458,332.3892332451509,21.045692443847656,35.926483154296875
599.9718120629001,331.8332859549222,21.045692443847656,35.926483154296875
599.4158647726714,331.9444754129679,21.045692443847656,35.926483154296875
599.9718120629001,331.6109070388307,21.045692443847656,35.926483154296875
598.9711069404884,330.3878230003276,21.045692443847656,35.926483154296875
599.5270542307171,330.2766335422819,21.045692443847656,35.926483154296875
598.5263491083055,329.0535495037788,21.045692443847656,35.926483154296875
599.0822963985341,328.9423600457331,21.045692443847656,35.926483154296875
599.4158647726714,329.2759284198703,21.045692443847656,35.926483154296875
599.7494331468087,327.1633287170013,21.045692443847656,35.926483154296875
598.748728024397,327.4968970911385,21.045692443847656,35.926483154296875
598.8599174824427,327.1633287170013,21.045692443847656,35.926483154296875
598.5263491083055,325.71786576240675,21.045692443847656,35.926483154296875
598.4151596502597,326.27381305263543,21.045692443847656,35.926483154296875
599.1934858565799,324.82835009804086,21.045692443847656,35.926483154296875
598.6375385663512,325.16191847217806,21.045692443847656,35.926483154296875
597.859212360031,323.49407660149205,21.045692443847656,35.926483154296875
598.4151596502597,323.82764497562925,21.045692443847656,35.926483154296875
598.748728024397,323.71645551758354,21.045692443847656,35.926483154296875
597.7480229019853,322.93812931126337,21.045692443847656,35.926483154296875
598.0815912761226,323.27169768540057,21.045692443847656,35.926483154296875
598.1927807341683,320.9367190664401,21.045692443847656,35.926483154296875
598.748728024397,321.7150452727603,21.045692443847656,35.926483154296875
597.5256439858939,320.4919612342572,21.045692443847656,35.926483154296875
597.6368334439396,320.3807717762115,21.045692443847656,35.926483154296875
597.9704018180769,318.71292990552547,21.045692443847656,35.926483154296875
598.3039701922141,319.04649827966267,21.045692443847656,35.926483154296875
598.4151596502599,316.9338985767937,21.045692443847656,35.926483154296875
598.5263491083056,317.4898458670224,21.045692443847656,35.926483154296875
597.080886153711,316.2667618285193,21.045692443847656,35.926483154296875
598.0815912761227,316.377951286565,21.045692443847656,35.926483154296875
597.3032650698026,314.4877304997875,21.045692443847656,35.926483154296875
598.4922025552221,315.19231408511695,20.596887588500977,35.16033935546875
598.3833842458599,313.7776760634095,20.596887588500977,35.16033935546875
598.0569293177736,313.23358451659897,20.596887588500977,35.16033935546875
597.512837770963,313.12476620723686,20.596887588500977,35.16033935546875
598.0569293177736,311.274854948081,20.596887588500977,35.16033935546875
597.2952011522387,311.3836732574431,20.596887588500977,35.16033935546875
597.4040194616009,310.62194509190834,20.596887588500977,35.16033935546875
597.5128377709631,308.55439721402826,20.596887588500977,35.16033935546875
597.1863828428767,308.44557890466615,20.596887588500977,35.16033935546875
596.8599279147903,306.8133042642345,20.596887588500977,35.16033935546875
596.0981997492555,306.9221225735966,20.596887588500977,35.16033935546875
596.6422912960661,306.8133042642345,20.596887588500977,35.16033935546875
596.9687462241525,305.39866624252704,20.596887588500977,35.16033935546875
595.9893814398935,305.72512117061336,20.596887588500977,35.16033935546875
596.3158363679798,303.6575732927333,20.596887588500977,35.16033935546875
596.6422912960662,303.7663916020954,20.596887588500977,35.16033935546875
596.9687462241526,302.7870268178364,20.596887588500977,35.16033935546875
595.5541082024451,302.0252986523017,20.596887588500977,35.16033935546875
596.31583636798,302.1341169616638,20.596887588500977,35.16033935546875
595.7717448211694,300.71947893995633,20.596887588500977,35.16033935546875
595.0100166556346,300.1753873931458,20.596887588500977,35.16033935546875
595.7717448211694,300.2842057025079,20.596887588500977,35.16033935546875
594.7923800369103,298.86956768080046,20.596887588500977,35.16033935546875
595.5364234678256,299.34935552347764,20.157651901245117,34.4105339050293
595.8559166462406,297.9648850836789,20.157651901245117,34.4105339050293
595.7494189201022,297.2194010007104,20.157651901245117,34.4105339050293
595.8559166462406,297.7518896314022,20.157651901245117,34.4105339050293
595.962414372379,297.85838735754055,20.157651901245117,34.4105339050293
594.3649484803036,295.4089396563582,20.157651901245117,34.4105339050293
595.5037185259856,296.28908882978806,19.727783203125,33.676719665527344
595.6079451560364,294.93414263912723,19.727783203125,33.676719665527344
595.9206250461889,294.41300948887306,19.727783203125,33.676719665527344
594.9825853757313,294.5172361189239,19.727783203125,33.676719665527344
595.0868120057821,293.1622899282631,19.727783203125,33.676719665527344
595.3994918959346,292.0157969977039,19.727783203125,33.676719665527344
594.8783587456804,292.12002362775473,19.727783203125,33.676719665527344
594.3572255954263,290.5566241769922,19.727783203125,33.676719665527344
595.5037185259854,291.2862105873481,19.727783203125,33.676719665527344
595.1910386358329,289.51435787648387,19.727783203125,33.676719665527344
594.8783587456804,289.82703776663635,19.727783203125,33.676719665527344
594.3572255954263,287.6382785355688,19.727783203125,33.676719665527344
594.8783587456804,288.3678649459247,19.727783203125,33.676719665527344
593.9403190752229,287.2213720153655,19.727783203125,33.676719665527344
594.2529989653754,286.4917856050096,19.727783203125,33.676719665527344
594.5656788555278,285.97065245475545,19.727783203125,33.676719665527344
594.8783587456803,284.19879974389124,19.727783203125,33.676719665527344
593.7318658151212,284.3030263739421,19.727783203125,33.676719665527344
594.2529989653754,283.9903464837896,19.727783203125,33.676719665527344
594.5656788555278,282.2184937729254,19.727783203125,33.676719665527344
594.6699054855786,282.5311736630779,19.727783203125,33.676719665527344
593.5234125550195,282.0100405128237,19.727783203125,33.676719665527344
594.461452225477,280.4466410620612,19.727783203125,33.676719665527344
594.9825853757312,280.96777421231536,19.727783203125,33.676719665527344
593.6276391850704,279.19592150145115,19.727783203125,33.676719665527344
594.565678855528,279.50860139160363,19.727783203125,33.676719665527344
594.4614522254772,278.77901498124777,19.727783203125,33.676719665527344
593.940319075223,277.00716227038356,19.727783203125,33.676719665527344
593.6276391850705,277.31984216053604,19.727783203125,33.676719665527344
594.3572255954264,276.38180249007854,19.727783203125,33.676719665527344
593.8360924451722,276.06912259992606,19.727783203125,33.676719665527344
593.314959294918,274.50572314916354,19.727783203125,33.676719665527344
593.6276391850705,275.2353095595194,19.727783203125,33.676719665527344
594.3572255954264,273.6719101087569,19.727783203125,33.676719665527344
593.6276391850705,273.98458999890937,19.727783203125,33.676719665527344
593.940319075223,272.42119054814685,19.727783203125,33.676719665527344
593.2107326648671,273.1507769585027,19.727783203125,33.676719665527344
593.7318658151213,272.2127372880452,19.727783203125,33.676719665527344
592.5853728845622,272.5254171781977,19.727783203125,33.676719665527344
593.7318658151213,272.62964380824855,19.727783203125,33.676719665527344
593.0022794047654,271.066244357486,19.727783203125,33.676719665527344
593.7318658151213,271.3789242476385,19.727783203125,33.676719665527344
592.7938261446637,271.691604137791,19.727783203125,33.676719665527344
593.3149592949179,269.50284490672345,19.727783203125,33.676719665527344
594.0445457052738,270.2324313170793,19.727783203125,33.676719665527344
593.3149592949179,268.6690318663168,19.727783203125,33.676719665527344
594.0445457052738,268.77325849636765,19.727783203125,33.676719665527344
593.5234125550196,267.4183123057068,19.727783203125,33.676719665527344
594.4614522254772,267.939445455961,19.727783203125,33.676719665527344
594.565678855528,266.3760460051985,19.727783203125,33.676719665527344
594.2529989653755,266.89717915545265,19.727783203125,33.676719665527344
593.940319075223,265.5422329647918,19.727783203125,33.676719665527344
594.0445457052738,266.063366115046,19.727783203125,33.676719665527344
593.940319075223,264.4999666642835,19.727783203125,33.676719665527344
593.8360924451722,265.02109981453765,19.727783203125,33.676719665527344
593.5234125550197,263.6661536238768,19.727783203125,33.676719665527344
594.6699054855789,263.77038025392767,19.727783203125,33.676719665527344
593.1065060348163,262.41543406326684,19.727783203125,33.676719665527344
593.8360924451722,263.1450204736227,19.727783203125,33.676719665527344
593.1065060348163,262.41543406326684,19.727783203125,33.676719665527344
594.0445457052739,262.5196606933177,19.727783203125,33.676719665527344
593.5234125550197,262.41543406326684,19.727783203125,33.676719665527344
594.0445457052739,261.060487872606,19.727783203125,33.676719665527344
593.314959294918,261.16471450265686,19.727783203125,33.676719665527344
594.0445457052739,260.0182215720977,19.727783203125,33.676719665527344
593.1065060348163,260.1224482021485,19.727783203125,33.676719665527344
593.4191859249688,259.184408531691,19.727783203125,33.676719665527344
593.940319075223,259.4970884218435,19.727783203125,33.676719665527344
592.7938261446639,258.9759552715893,19.727783203125,33.676719665527344
592.8980527747146,257.6210090809285,19.727783203125,33.676719665527344
592.7938261446639,258.1421422311827,19.727783203125,33.676719665527344
592.8980527747146,257.8294623410302,19.727783203125,33.676719665527344
592.3769196244605,256.2660628902677,19.727783203125,33.676719665527344
593.314959294918,256.99564930062354,19.727783203125,33.676719665527344
592.5853728845622,257.0998759306744,19.727783203125,33.676719665527344
592.8980527747146,256.3702895203185,19.727783203125,33.676719665527344
592.1684663643588,256.682969410471,19.727783203125,33.676719665527344
592.689599514613,254.9111166996068,19.727783203125,33.676719665527344
591.5431065840538,255.64070310996266,19.727783203125,33.676719665527344
592.4811462545114,256.16183626021683,19.727783203125,33.676719665527344
593.0022794047655,254.5984368094543,19.727783203125,33.676719665527344
591.8557864742064,255.32802321981018,19.727783203125,33.676719665527344
592.3769196244606,253.97307702914935,19.727783203125,33.676719665527344
592.8980527747148,254.70266343950522,19.727783203125,33.676719665527344
591.7515598441556,252.930810728641,19.727783203125,33.676719665527344
592.4811462545115,253.66039713899687,19.727783203125,33.676719665527344
593.2107326648674,253.97307702914935,19.727783203125,33.676719665527344
592.2726929944098,252.20122431828514,19.727783203125,33.676719665527344
593.0022794047657,252.72235746853931,19.727783203125,33.676719665527344
592.6895995146132,251.1589580177768,19.727783203125,33.676719665527344
593.0022794047657,251.68009116803097,19.727783203125,33.676719665527344
592.8980527747149,250.9505047576751,19.727783203125,33.676719665527344
593.0022794047657,251.2631846478276,19.727783203125,33.676719665527344
593.5234125550198,251.57586453798007,19.727783203125,33.676719665527344
594.044545705274,251.47163790792922,19.727783203125,33.676719665527344
592.6895995146132,249.9082384571667,19.727783203125,33.676719665527344
593.2107326648674,250.01246508721755,19.727783203125,33.676719665527344
593.5234125550198,249.49133193696338,19.727783203125,33.676719665527344
593.6276391850706,249.80401182711586,19.727783203125,33.676719665527344
593.9403190752231,248.44906563645503,19.727783203125,33.676719665527344
592.793826144664,248.9701987867092,19.727783203125,33.676719665527344
593.7318658151215,248.65751889655672,19.727783203125,33.676719665527344
592.793826144664,248.9701987867092,19.727783203125,33.676719665527344
593.3149592949181,247.4067993359467,19.727783203125,33.676719665527344
593.6276391850706,247.92793248620086,19.727783203125,33.676719665527344
594.3572255954265,247.82370585615,19.727783203125,33.676719665527344
593.8360924451723,247.71947922609917,19.727783203125,33.676719665527344
593.5234125550198,247.198346075845,19.727783203125,33.676719665527344
594.4614522254774,247.71947922609917,19.727783203125,33.676719665527344
594.5656788555282,246.36453303543834,19.727783203125,33.676719665527344
594.044545705274,246.88566618569251,19.727783203125,33.676719665527344
593.5234125550198,246.78143955564167,19.727783203125,33.676719665527344
594.669905485579,246.88566618569251,19.727783203125,33.676719665527344
593.3149592949181,246.36453303543834,19.727783203125,33.676719665527344
594.2529989653757,246.88566618569251,19.727783203125,33.676719665527344
593.9403190752232,245.73917325513332,19.727783203125,33.676719665527344
594.044545705274,246.0518531452858,19.727783203125,33.676719665527344
594.1487723353248,246.36453303543828,19.727783203125,33.676719665527344
594.669905485579,246.46875966548913,19.727783203125,33.676719665527344
593.9403190752231,246.57298629553998,19.727783203125,33.676719665527344
594.669905485579,246.0518531452858,19.727783203125,33.676719665527344
593.9403190752231,245.1138134748283,19.727783203125,33.676719665527344
594.4614522254773,245.4264933649808,19.727783203125,33.676719665527344
595.1910386358331,245.73917325513327,19.727783203125,33.676719665527344
594.669905485579,244.59268032457408,19.727783203125,33.676719665527344
593.7318658151214,245.32226673492994,19.727783203125,33.676719665527344
594.4614522254773,245.63494662508242,19.727783203125,33.676719665527344
594.9825853757314,245.9476265152349,19.727783203125,33.676719665527344
594.0445457052739,244.38422706447238,19.727783203125,33.676719665527344
594.5656788555281,245.11381347482825,19.727783203125,33.676719665527344
595.0868120057822,245.42649336498073,19.727783203125,33.676719665527344
594.3572255954264,245.53071999503157,19.727783203125,33.676719665527344
595.0868120057822,245.63494662508242,19.727783203125,33.676719665527344
594.7741321156298,245.73917325513327,19.727783203125,33.676719665527344
594.0445457052739,243.75886728416742,19.727783203125,33.676719665527344
594.7741321156298,244.2800004344216,19.727783203125,33.676719665527344
593.8360924451722,244.80113358467577,19.727783203125,33.676719665527344
594.3572255954264,243.65464065411658,19.727783203125,33.676719665527344
594.6796624082486,244.2553077552094,20.164260864257812,34.421817779541016
594.7861950524893,244.3618403994501,20.164260864257812,34.421817779541016
594.6796624082486,244.4683730436908,20.164260864257812,34.421817779541016
594.9992603409707,244.5749056879315,20.164260864257812,34.421817779541016
593.6143359658415,244.8945036206536,20.164260864257812,34.421817779541016
594.573129764008,243.29651395704298,20.164260864257812,34.421817779541016
594.6796624082486,243.82917717824654,20.164260864257812,34.421817779541016
594.7861950524893,244.14877511096864,20.164260864257812,34.421817779541016
595.1057929852115,244.46837304369075,20.164260864257812,34.421817779541016
593.7208686100822,244.78797097641285,20.164260864257812,34.421817779541016
594.6796624082486,245.3206341976164,20.164260864257812,34.421817779541016
594.9992603409707,244.57490568793145,20.164260864257812,34.421817779541016
593.8274012543229,245.107568909135,20.164260864257812,34.421817779541016
595.2123256294522,245.2141015533757,20.164260864257812,34.421817779541016
594.4665971197672,245.3206341976164,20.164260864257812,34.421817779541016
594.7861950524893,245.64023213033852,20.164260864257812,34.421817779541016
595.3188582736929,245.95983006306062,20.164260864257812,34.421817779541016
593.9339338985636,245.42716684185706,20.164260864257812,34.421817779541016
593.4012706773601,245.74676477457916,20.164260864257812,34.421817779541016
594.3600644755265,246.06636270730127,20.164260864257812,34.421817779541016
594.4665971197672,246.17289535154197,20.164260864257812,34.421817779541016
594.573129764008,246.27942799578267,20.164260864257812,34.421817779541016
594.0404665428044,246.59902592850477,20.164260864257812,34.421817779541016
593.7208686100823,246.91862386122688,20.164260864257812,34.421817779541016
594.2535318312858,247.02515650546758,20.164260864257812,34.421817779541016
593.5078033216009,247.13168914970828,20.164260864257812,34.421817779541016
593.827401254323,247.45128708243038,20.164260864257812,34.421817779541016
593.7148615890924,247.62313446397985,20.610395431518555,35.18339920043945
592.5170751201525,247.94980350096347,20.610395431518555,35.18339920043945
593.4970822311034,248.2764725379471,20.610395431518555,35.18339920043945
592.7348544781416,248.82092093291976,20.610395431518555,35.18339920043945
592.190406083169,249.14758996990338,20.610395431518555,35.18339920043945
592.9526338361308,249.474259006887,20.610395431518555,35.18339920043945
592.190406083169,249.36536932789244,20.610395431518555,35.18339920043945
592.9526338361308,249.9098177228651,20.610395431518555,35.18339920043945
591.9726267251799,250.23648675984873,20.610395431518555,35.18339920043945
592.3094893867462,250.18619041635884,21.0664005279541,35.961830139160156
592.1981905236039,250.29748927950112,21.0664005279541,35.961830139160156
592.3094893867462,250.63138586892796,21.0664005279541,35.961830139160156
592.6433859761731,250.52008700578568,21.0664005279541,35.961830139160156
593.1998802918846,250.63138586892796,21.0664005279541,35.961830139160156
591.6966345309216,250.57997643202083,21.532495498657227,36.757484436035156
592.9480093863041,250.92126048348877,21.532495498657227,36.757484436035156
591.6966345309216,251.2625445349567,21.532495498657227,36.757484436035156
593.1755320872827,250.46621508153152,21.532495498657227,36.757484436035156
591.6966345309216,250.80749913299945,21.532495498657227,36.757484436035156
592.4929639843468,251.1487831844674,21.532495498657227,36.757484436035156
591.6966345309216,251.2625445349567,21.532495498657227,36.757484436035156
592.4929639843468,251.37630588544602,21.532495498657227,36.757484436035156
591.469111829943,251.49006723593533,21.532495498657227,36.757484436035156
592.0379185823896,251.60382858642464,21.532495498657227,36.757484436035156
590.7865437270071,251.94511263789258,21.532495498657227,36.757484436035156
590.6663680794337,251.89256527891263,22.008901596069336,37.570743560791016
591.4803163220159,252.00884359928153,22.008901596069336,37.570743560791016
590.4338114386959,252.12512191965044,22.008901596069336,37.570743560791016
591.0152030405403,252.4739568807571,22.008901596069336,37.570743560791016
589.9686981572203,251.1948953566993,22.008901596069336,37.570743560791016
591.247759681278,251.77628695854372,22.008901596069336,37.570743560791016
589.9686981572203,251.89256527891263,22.008901596069336,37.570743560791016
591.247759681278,252.00884359928153,22.008901596069336,37.570743560791016
589.9686981572203,252.12512191965044,22.008901596069336,37.570743560791016
590.8109739206863,252.0714116659197,22.495847702026367,38.40199661254883
589.2659112039946,251.00175286205626,22.495847702026367,38.40199661254883
590.0978680514439,251.1206038402633,22.495847702026367,38.40199661254883
590.2189313619215,251.06570565629505,22.993568420410156,39.25164031982422
588.8826452448228,251.18718621239492,22.993568420410156,39.25164031982422
589.733009137522,251.3086667684948,22.993568420410156,39.25164031982422
589.3685674692224,251.43014732459466,22.993568420410156,39.25164031982422
589.2470869131225,251.55162788069453,22.993568420410156,39.25164031982422
588.3967230204233,251.43014732459466,22.993568420410156,39.25164031982422
589.0041258009228,251.55162788069453,22.993568420410156,39.25164031982422
587.9108007960239,251.6731084367944,22.993568420410156,39.25164031982422
589.2470869131225,251.79458899289426,22.993568420410156,39.25164031982422
588.1537619082236,251.91606954899413,22.993568420410156,39.25164031982422
588.5182035765232,250.8227445440952,22.993568420410156,39.25164031982422
587.9108007960238,251.4301473245946,22.993568420410156,39.25164031982422
588.7611646887229,251.55162788069447,22.993568420410156,39.25164031982422
588.3967230204233,251.91606954899413,22.993568420410156,39.25164031982422
588.2752424643235,251.55162788069447,22.993568420410156,39.25164031982422
588.9031290819784,251.24344268994793,23.502300262451172,40.12008285522461
587.785614261346,251.3676110033515,23.502300262451172,40.12008285522461
588.406455828364,251.49177931675507,23.502300262451172,40.12008285522461
587.2889410077316,251.61594763015864,23.502300262451172,40.12008285522461
587.9097825747496,251.74011594356222,23.502300262451172,40.12008285522461
588.7789607685747,251.8642842569658,23.502300262451172,40.12008285522461
587.9097825747496,251.74011594356222,23.502300262451172,40.12008285522461
588.5306241417675,251.61594763015864,23.502300262451172,40.12008285522461
587.4131093211352,251.49177931675507,23.502300262451172,40.12008285522461
588.0339508881531,251.3676110033515,23.502300262451172,40.12008285522461
588.654792455171,251.24344268994793,23.502300262451172,40.12008285522461
587.5372776345387,250.87093774973715,23.502300262451172,40.12008285522461
587.9097825747494,251.24344268994793,23.502300262451172,40.12008285522461
588.5306241417674,251.11927437654435,23.502300262451172,40.12008285522461
587.413109321135,250.25009618271923,23.502300262451172,40.12008285522461
587.2889410077314,250.3742644961228,23.502300262451172,40.12008285522461
587.4154203763642,250.3169097888278,24.022289276123047,41.00774002075195
588.3347480896163,249.99493704529021,24.553781509399414,41.915035247802734
586.3888949355977,249.60576641448648,24.553781509399414,41.915035247802734
587.2969597408064,249.21659578368275,24.553781509399414,41.915035247802734
587.6982741507647,248.88749797078913,25.097034454345703,42.8424072265625
586.504931057734,248.75490429378573,25.097034454345703,42.8424072265625
586.9027120887442,248.35712326277547,25.097034454345703,42.8424072265625
587.3004931197545,248.48971693977887,25.097034454345703,42.8424072265625
587.433086796758,248.62231061678227,25.097034454345703,42.8424072265625
586.7701184117409,247.16378016974465,25.097034454345703,42.8424072265625
586.9027120887444,247.5615612007549,25.097034454345703,42.8424072265625
587.0353057657478,247.6941548777583,25.097034454345703,42.8424072265625
587.1678994427513,247.0311864927412,25.097034454345703,42.8424072265625
586.2024341689552,247.24507248186927,25.652305603027344,43.7902946472168
586.8800707294907,247.10954516976216,25.652305603027344,43.7902946472168
585.6603249205267,247.24507248186927,25.652305603027344,43.7902946472168
586.8800707294907,246.83849054554793,25.652305603027344,43.7902946472168
585.6603249205267,246.16085398501235,25.652305603027344,43.7902946472168
586.8800707294907,246.5674359213337,25.652305603027344,43.7902946472168
585.6603249205267,246.97401785765504,25.652305603027344,43.7902946472168
586.8800707294907,245.2121628002625,25.652305603027344,43.7902946472168
585.6603249205267,245.61874473658384,25.652305603027344,43.7902946472168
586.8800707294907,244.1279443034055,25.652305603027344,43.7902946472168
585.3892702963125,244.53452623972686,25.652305603027344,43.7902946472168
586.3379614810623,244.9411081760482,25.652305603027344,43.7902946472168
586.4734887931694,243.7213623670841,25.652305603027344,43.7902946472168
586.8800707294907,243.85688967919123,25.652305603027344,43.7902946472168
585.3892702963125,243.99241699129834,25.652305603027344,43.7902946472168
586.3379614810623,243.585835054977,25.652305603027344,43.7902946472168
586.2024341689552,243.7213623670841,25.652305603027344,43.7902946472168
585.4968272194089,243.09632246766262,26.21986198425293,44.7591552734375
586.4665081966214,242.68074490600014,26.21986198425293,44.7591552734375
585.4968272194089,241.71106392878772,26.21986198425293,44.7591552734375
586.4665081966214,242.1266414904502,26.21986198425293,44.7591552734375
585.4968272194089,242.54221905211267,26.21986198425293,44.7591552734375
586.1894564888464,242.95779661377514,26.21986198425293,44.7591552734375
584.665672096084,241.15696051323778,26.21986198425293,44.7591552734375
585.9124047810714,241.8495897826752,26.21986198425293,44.7591552734375
584.665672096084,240.04875368213783,26.21986198425293,44.7591552734375
585.9124047810714,240.74138295157525,26.21986198425293,44.7591552734375
584.3886203883089,239.49465026658783,26.21986198425293,44.7591552734375
585.6353530732963,240.18727953602524,26.21986198425293,44.7591552734375
585.2197755116339,240.32580538991272,26.21986198425293,44.7591552734375
584.8041979499715,239.3561244127003,26.21986198425293,44.7591552734375
585.4968272194089,239.49465026658777,26.21986198425293,44.7591552734375
584.5271462421965,239.63317612047524,26.21986198425293,44.7591552734375
584.665672096084,236.72413318883798,26.21986198425293,44.7591552734375
585.0812496577464,237.13971075050046,26.21986198425293,44.7591552734375
583.834516972759,237.55528831216293,26.21986198425293,44.7591552734375
585.0812496577464,237.6938141660504,26.21986198425293,44.7591552734375
583.557465264984,235.0618229421881,26.21986198425293,44.7591552734375
584.5271462421964,235.75445221162556,26.21986198425293,44.7591552734375
584.111568680534,234.2306678188632,26.21986198425293,44.7591552734375
583.4189394110965,234.64624538052567,26.21986198425293,44.7591552734375
584.111568680534,234.2306678188632,26.21986198425293,44.7591552734375
583.1418877033216,234.36919367275073,26.21986198425293,44.7591552734375
583.280413557209,233.95361611108822,26.21986198425293,44.7591552734375
583.4189394110965,232.15278001055088,26.21986198425293,44.7591552734375
583.280413557209,232.29130586443839,26.21986198425293,44.7591552734375
583.1418877033216,231.8757283027759,26.21986198425293,44.7591552734375
583.280413557209,231.18309903333846,26.21986198425293,44.7591552734375
583.1418877033216,231.32162488722597,26.21986198425293,44.7591552734375
582.1722067261092,231.18309903333846,26.21986198425293,44.7591552734375
583.1418877033216,229.93636634835107,26.21986198425293,44.7591552734375
582.1722067261092,230.07489220223857,26.21986198425293,44.7591552734375
582.5877842877716,229.38226293280113,26.21986198425293,44.7591552734375
582.1722067261092,229.52078878668863,26.21986198425293,44.7591552734375
581.4795774566717,228.27405610170123,26.21986198425293,44.7591552734375
582.1722067261092,228.41258195558873,26.21986198425293,44.7591552734375
581.4795774566717,227.99700439392626,26.21986198425293,44.7591552734375
582.4492584338841,226.75027170893887,26.21986198425293,44.7591552734375
581.4795774566717,226.3346941472764,26.21986198425293,44.7591552734375
581.8951550183341,226.4732200011639,26.21986198425293,44.7591552734375
580.6484223333467,226.3346941472764,26.21986198425293,44.7591552734375
581.8951550183341,225.91911658561392,26.21986198425293,44.7591552734375
580.0943189177967,223.8412287773016,26.21986198425293,44.7591552734375
581.0639998950091,224.25680633896408,26.21986198425293,44.7591552734375
580.0943189177967,224.39533219285158,26.21986198425293,44.7591552734375
580.7869481872342,223.9797546311891,26.21986198425293,44.7591552734375
581.2025257488966,222.45597023842674,26.21986198425293,44.7591552734375
579.9557930639093,222.87154780008922,26.21986198425293,44.7591552734375
580.0943189177967,221.34776340732685,26.21986198425293,44.7591552734375
580.2328447716842,221.76334096898933,26.21986198425293,44.7591552734375
579.8172672100218,219.962504868452,26.21986198425293,44.7591552734375
580.7869481872342,220.65513413788943,26.21986198425293,44.7591552734375
580.0943189177967,219.13134974512707,26.21986198425293,44.7591552734375
579.4016896483593,219.54692730678954,26.21986198425293,44.7591552734375
580.0943189177967,219.96250486845202,26.21986198425293,44.7591552734375
578.8475862328094,217.33051364458973,26.21986198425293,44.7591552734375
580.0943189177967,217.7460912062522,26.21986198425293,44.7591552734375
578.8475862328094,216.77641022903978,26.21986198425293,44.7591552734375
579.8172672100218,216.91493608292728,26.21986198425293,44.7591552734375
579.1246379405843,214.55999656683997,26.21986198425293,44.7591552734375
578.1549569633719,214.97557412850244,26.21986198425293,44.7591552734375
578.8475862328094,215.11409998238994,26.21986198425293,44.7591552734375
579.2631637944718,213.59031558962758,26.21986198425293,44.7591552734375
578.0164311094844,214.00589315129005,26.21986198425293,44.7591552734375
577.600853547822,211.92800534297774,26.21986198425293,44.7591552734375
578.8475862328094,212.34358290464021,26.21986198425293,44.7591552734375
578.1549569633719,212.48210875852772,26.21986198425293,44.7591552734375
577.4623276939344,210.95832436576535,26.21986198425293,44.7591552734375
577.8779052555968,210.2656950963279,26.21986198425293,44.7591552734375
577.7393794017094,210.4042209502154,26.21986198425293,44.7591552734375
577.6008535478219,210.2656950963279,26.21986198425293,44.7591552734375
577.4623276939344,210.1271692424404,26.21986198425293,44.7591552734375
576.7696984244969,208.60338484967804,26.21986198425293,44.7591552734375
577.1852759861594,209.0189624113405,26.21986198425293,44.7591552734375
576.2155950089469,209.157488265228,26.21986198425293,44.7591552734375
576.6311725706094,209.2960141191155,26.21986198425293,44.7591552734375
576.4926467167219,208.60338484967806,26.21986198425293,44.7591552734375
575.8000174472844,209.01896241134054,26.21986198425293,44.7591552734375
576.4926467167219,207.49517801857817,26.21986198425293,44.7591552734375
575.5229657395095,207.91075558024065,26.21986198425293,44.7591552734375
576.2155950089469,208.04928143412815,26.21986198425293,44.7591552734375
574.9688623239596,208.18780728801565,26.21986198425293,44.7591552734375
574.8303364700721,208.32633314190315,26.21986198425293,44.7591552734375
575.8000174472845,208.74191070356562,26.21986198425293,44.7591552734375
575.3844398856221,208.88043655745312,26.21986198425293,44.7591552734375
574.4147589084097,209.2960141191156,26.21986198425293,44.7591552734375
574.0267378723952,209.10567069540582,25.660715103149414,43.80465316772461
574.1623096207238,209.51238594039188,25.660715103149414,43.80465316772461
574.2978813690524,209.91910118537794,25.660715103149414,43.80465316772461
574.9757401106958,210.325816430364,25.660715103149414,43.80465316772461
573.7555943757377,210.73253167535006,25.660715103149414,43.80465316772461
573.8985338798092,211.33027668055598,25.113492965698242,42.870506286621094
573.7658532398485,211.72831860043812,25.113492965698242,42.870506286621094
573.3678113199664,211.86099924039883,25.113492965698242,42.870506286621094
574.2965757996914,212.52440244020238,25.113492965698242,42.870506286621094
573.3678113199664,213.71852819984878,25.113492965698242,42.870506286621094
574.03121451977,214.1165701197309,25.113492965698242,42.870506286621094
572.8370887601236,215.04533459945588,25.113492965698242,42.870506286621094
572.4390468402415,216.23946035910228,25.113492965698242,42.870506286621094
573.6331725998879,217.96430867859152,25.113492965698242,42.870506286621094
572.1736855603201,218.8930731583165,25.113492965698242,42.870506286621094
573.3678113199664,220.0871989179629,25.113492965698242,42.870506286621094
572.7403931299713,221.4395068632071,24.577939987182617,41.95627975463867
572.6105419446218,223.6469770141486,24.577939987182617,41.95627975463867
571.7015836471753,224.5559353115951,24.577939987182617,41.95627975463867
572.8702443153209,225.4648936090416,24.577939987182617,41.95627975463867
571.9612860178744,227.4126613892841,24.577939987182617,41.95627975463867
572.8702443153209,228.5813220574296,24.577939987182617,41.95627975463867
571.7015836471753,229.4902803548761,24.577939987182617,41.95627975463867
572.6421755890946,230.77750637157433,25.121726989746094,42.88456344604492
571.4476583036663,231.70657537135185,25.121726989746094,42.88456344604492
572.1112790177931,232.63564437112936,25.121726989746094,42.88456344604492
573.8366928745228,234.09560994220828,25.121726989746094,42.88456344604492
574.5003135886495,235.55557551328718,25.121726989746094,42.88456344604492
575.6948308740778,237.81188594131828,25.121726989746094,42.88456344604492
576.3584515882045,238.21005836979435,25.121726989746094,42.88456344604492
578.3493137305849,239.40457565522257,25.121726989746094,42.88456344604492
579.5438310160131,240.5990929406508,25.121726989746094,42.88456344604492
578.8802103018863,240.99726536912686,25.121726989746094,42.88456344604492
580.8710724442667,242.19178265455508,25.121726989746094,42.88456344604492
581.8001414440442,243.3862999399833,25.121726989746094,42.88456344604492
582.1983138725203,244.0499206541101,25.121726989746094,42.88456344604492
583.1273828722979,244.44809308258618,25.121726989746094,42.88456344604492
582.9946587294725,244.84626551106226,25.121726989746094,42.88456344604492
582.3670347642108,245.6873101115483,24.58599853515625,41.970035552978516
583.2762910877279,245.55741635104584,24.58599853515625,41.970035552978516
582.6268222852157,245.6873101115483,24.58599853515625,41.970035552978516
583.5360786087329,245.81720387205075,24.58599853515625,41.970035552978516
583.1463973272255,245.9470976325532,24.58599853515625,41.970035552978516
584.5752286927525,246.07699139305566,24.58599853515625,41.970035552978516
583.6659723692353,246.20688515355812,24.58599853515625,41.970035552978516
584.5752286927525,245.81720387205075,24.58599853515625,41.970035552978516
584.9649099742599,245.16773506953848,24.58599853515625,41.970035552978516
585.874166297777,245.29762883004094,24.58599853515625,41.970035552978516
586.0040600582795,245.4275225905434,24.58599853515625,41.970035552978516
586.3937413397869,243.47911618300657,24.58599853515625,41.970035552978516
586.0040600582795,243.60900994350902,24.58599853515625,41.970035552978516
587.4328914238065,241.6606035359722,24.58599853515625,41.970035552978516
586.7834226212942,241.79049729647465,24.58599853515625,41.970035552978516
588.4720415078261,240.62145345195256,24.58599853515625,41.970035552978516
587.8225727053139,239.9719846494403,24.58599853515625,41.970035552978516
589.5111915918458,240.10187840994274,24.58599853515625,41.970035552978516
589.9130332814591,237.34658277548692,25.129962921142578,42.898624420166016
589.7802656215056,238.01042107525478,25.129962921142578,42.898624420166016
590.7096392411805,236.5499768157655,25.129962921142578,42.898624420166016
590.8496223776416,237.13535836436296,24.594058990478516,41.98379898071289
592.2789222234044,235.1863131201409,24.594058990478516,41.98379898071289
591.9149604969805,235.75921151400968,24.069583892822266,41.08848190307617
593.568110928664,235.88637693183148,24.069583892822266,41.08848190307617
594.2253800917571,233.45282295694534,24.602123260498047,41.99756622314453
593.6107370434781,234.02590927986492,24.077476501464844,41.10195541381836
595.706606097221,233.1154626755894,23.564016342163086,40.22544479370117
596.0800892443847,232.24400199887404,23.564016342163086,40.22544479370117
597.4495274506517,232.36849638126196,23.564016342163086,40.22544479370117
596.5780667739363,230.99905817499496,23.564016342163086,40.22544479370117
598.4454825097549,229.87860873350377,23.564016342163086,40.22544479370117
598.8189656569186,230.2520918806675,23.564016342163086,40.22544479370117
599.9394150984098,228.63366490962468,23.564016342163086,40.22544479370117
601.0598645399009,229.00714805678842,23.564016342163086,40.22544479370117
601.1843589222888,226.39276602664233,23.564016342163086,40.22544479370117
602.8027858933316,227.0152379385819,23.564016342163086,40.22544479370117
602.2140788306931,226.36419597143254,23.061506271362305,39.36762619018555
603.5543133547301,226.4860354736177,23.061506271362305,39.36762619018555
604.6508688743967,224.90212194521038,23.061506271362305,39.36762619018555
605.9911033984337,223.56188742117342,23.061506271362305,39.36762619018555
605.1382268831375,223.92740592772896,23.061506271362305,39.36762619018555
606.7221404115448,221.61245538621054,23.061506271362305,39.36762619018555
608.0623749355818,221.97797389276607,23.061506271362305,39.36762619018555
607.2094984202856,219.66302335124766,23.061506271362305,39.36762619018555
609.0370909530633,220.0285418578032,23.061506271362305,39.36762619018555
609.6462884639892,217.71359131628478,23.061506271362305,39.36762619018555
611.4738809967669,218.32278882721067,23.061506271362305,39.36762619018555
610.0810862750566,215.23270576002102,23.57174301147461,40.2386360168457
611.75840312862,215.69200181990254,24.0932674407959,41.1289176940918
613.1195081705866,213.30868251075697,23.579471588134766,40.2518310546875
613.5048982981766,213.7681301557526,24.101167678833008,41.14240264892578
614.4272447160666,211.8598132794111,24.6344051361084,42.052677154541016
614.5598168915725,211.79969555928713,25.179441452026367,42.98309326171875
615.7570784542504,209.80425962149053,25.179441452026367,42.98309326171875
616.9543400169283,210.20334680904986,25.179441452026367,42.98309326171875
614.9589040791317,207.14367837109506,25.179441452026367,42.98309326171875
617.1506951736345,208.24309527513427,24.64248275756836,42.06646728515625
617.280887351327,206.55059696513118,24.64248275756836,42.06646728515625
618.2239490071864,206.76060824543177,25.187698364257812,42.997188568115234
618.3570216868104,205.03066341031987,25.187698364257812,42.997188568115234
619.8208211626743,205.16373608994385,25.187698364257812,42.997188568115234
619.6877484830503,202.901500536336,25.187698364257812,42.997188568115234
620.8854025996662,204.0991546529519,25.187698364257812,42.997188568115234
620.2200392015462,201.30462838084807,25.187698364257812,42.997188568115234
621.4600923180334,201.7954122072179,25.744976043701172,43.94850158691406
622.7275819432704,199.19246965212955,26.31458282470703,44.920860290527344
621.1982927878842,199.60954851268943,26.31458282470703,44.920860290527344
622.7275819432704,199.74857479954272,26.31458282470703,44.920860290527344
623.7007659512434,197.94123307044995,26.31458282470703,44.920860290527344
623.0056345169769,198.35831193100984,26.31458282470703,44.920860290527344
624.8129762460696,195.9948650545039,26.31458282470703,44.920860290527344
626.1085084743971,196.5076066646802,26.896793365478516,45.91473388671875
624.2611793095482,194.09186852603156,26.896793365478516,45.91473388671875
626.1085084743971,194.80237974328116,26.896793365478516,45.91473388671875
624.7789454982976,192.67270522694508,27.491884231567383,46.930599212646484
626.3766543097463,193.68942901604882,27.491884231567383,46.930599212646484
627.6838706100225,194.12516778280758,27.491884231567383,46.930599212646484
627.5304349533426,190.74283211580388,28.100141525268555,47.968936920166016
626.7881358083871,191.78205091874153,28.100141525268555,47.968936920166016
628.124274269307,189.8520731418573,28.100141525268555,47.968936920166016
627.0850554663693,190.89129194479494,28.100141525268555,47.968936920166016
628.7181135852713,191.6335910897504,28.100141525268555,47.968936920166016
627.9451745947094,187.86836575103175,28.72185707092285,49.030250549316406
629.007386113662,188.62708826456935,28.72185707092285,49.030250549316406
629.1619552063421,186.35290758200958,29.357328414916992,50.11504364013672
628.3864459571924,187.74882423047893,29.357328414916992,50.11504364013672
629.5099442745961,184.4588177710958,30.006858825683594,51.223838806152344
628.0831429702794,185.8856190754125,30.006858825683594,51.223838806152344
629.5099442745961,186.67828646669957,30.006858825683594,51.223838806152344
628.7172768833091,184.30028429283837,30.006858825683594,51.223838806152344
629.827011231111,185.41001864064026,30.006858825683594,51.223838806152344
628.7172768833091,183.6661503798087,30.006858825683594,51.223838806152344
630.1440781876258,184.45881777109577,30.006858825683594,51.223838806152344
629.6476485625764,181.42497677364935,30.670761108398438,52.3571662902832
630.4578537198956,182.55926399389637,30.670761108398438,52.3571662902832
628.9994844367209,183.36946915121567,30.670761108398438,52.3571662902832
629.8096895940402,180.61477161633007,30.670761108398438,52.3571662902832
628.9994844367209,181.7490588365771,30.670761108398438,52.3571662902832
629.5007769001716,178.98432968007938,31.34935188293457,53.515567779541016
628.3413935751765,180.14371300507437,31.34935188293457,53.515567779541016
629.1695245216015,180.97184395149935,31.34935188293457,53.515567779541016
629.6664030894565,178.1561987336544,31.34935188293457,53.515567779541016
628.5070197644615,179.64683443721938,31.34935188293457,53.515567779541016
629.3351507108864,176.83118921937444,31.34935188293457,53.515567779541016
627.8445150073214,178.3218249229394,31.34935188293457,53.515567779541016
629.3351507108864,175.50617970509447,31.34935188293457,53.515567779541016
627.8445150073214,176.99681540865944,31.34935188293457,53.515567779541016
628.7005724955169,177.2639850454826,32.0429573059082,54.69960021972656
627.8541191519023,174.38604367719284,32.0429573059082,54.69960021972656
629.0391538329628,175.9096596956992,32.0429573059082,54.69960021972656
627.1769564770107,173.03171832740944,32.0429573059082,54.69960021972656
627.7006767996486,174.00735596345547,32.75190734863281,55.909828186035156
627.1815681253433,171.75788504146598,32.75190734863281,55.909828186035156
626.6397250032056,172.39605896063864,33.47654342651367,57.14683151245117
628.2315068643784,172.9266529143629,33.47654342651367,57.14683151245117
626.6397250032056,169.56622454077586,33.47654342651367,57.14683151245117
627.8777775618956,171.15800640194868,33.47654342651367,57.14683151245117
626.2859957007229,171.68860035567295,33.47654342651367,57.14683151245117
625.3651698484898,167.9369631797539,34.21721267700195,58.41120529174805
627.3537254466413,169.56396321460514,34.21721267700195,58.41120529174805
627.1729476649912,170.10629655955555,34.21721267700195,58.41120529174805
625.4815204307863,166.6467688554524,34.97426986694336,59.70355224609375
626.0358529009937,168.30976626607475,34.97426986694336,59.70355224609375
625.111965450648,168.8640987362822,34.97426986694336,59.70355224609375
625.2967429407171,165.35332642496834,34.97426986694336,59.70355224609375
626.2206303910629,167.0163238355907,34.97426986694336,59.70355224609375
625.2967429407171,167.57065630579814,34.97426986694336,59.70355224609375
624.7424104705096,165.53810391503748,34.97426986694336,59.70355224609375
626.0358529009936,166.83154634552153,34.97426986694336,59.70355224609375
624.003300510233,163.690329014346,34.97426986694336,59.70355224609375
625.6662979208553,164.98377144483004,34.97426986694336,59.70355224609375
625.1119654506479,166.2772138753141,34.97426986694336,59.70355224609375
624.1880780003021,166.83154634552153,34.97426986694336,59.70355224609375
624.3728554903712,163.690329014346,34.97426986694336,59.70355224609375
624.5576329804403,165.35332642496834,34.97426986694336,59.70355224609375
624.7424104705094,166.6467688554524,34.97426986694336,59.70355224609375
624.188078000302,163.50555152427685,34.97426986694336,59.70355224609375
623.2641905499562,165.1685489348992,34.97426986694336,59.70355224609375
623.4489680400253,162.39688658386197,34.97426986694336,59.70355224609375
624.0033005102327,164.05988399448432,34.97426986694336,59.70355224609375
624.9271879605785,174.22264594828755,34.97426986694336,59.70355224609375
623.2641905499562,173.2987584979418,34.97426986694336,59.70355224609375
622.3403030996104,172.37487104759606,34.97426986694336,59.70355224609375
623.6337455300944,174.776978418495,34.97426986694336,59.70355224609375
622.7098580797486,173.48353598801094,34.97426986694336,59.70355224609375
622.5250805896795,172.5596485376652,34.97426986694336,59.70355224609375
622.3403030996104,171.63576108731945,34.97426986694336,59.70355224609375
622.5250805896795,174.4074234383567,34.97426986694336,59.70355224609375
621.9707481194721,173.48353598801094,34.97426986694336,59.70355224609375
622.5250805896795,172.5596485376652,34.97426986694336,59.70355224609375
621.1796435971285,170.94064434540707,35.748077392578125,61.02449417114258
620.9907779050915,169.99631588522243,35.748077392578125,61.02449417114258
622.31283774935,173.20703264985022,35.748077392578125,61.02449417114258
620.6130465210176,172.64043557373944,35.748077392578125,61.02449417114258
621.1796435971285,172.07383849762866,35.748077392578125,61.02449417114258
619.1021209847222,171.12951003744402,35.748077392578125,61.02449417114258
620.8019122130546,170.18518157725939,35.748077392578125,61.02449417114258
619.034811181155,168.1384613284408,36.539005279541016,62.37466049194336
620.0000329085212,171.80630389243248,36.539005279541016,62.37466049194336
618.6487224902085,170.84108216506624,36.539005279541016,62.37466049194336
620.0000329085212,169.8758604377,36.539005279541016,62.37466049194336
617.8765451083156,168.52455001938728,36.539005279541016,62.37466049194336
618.8743167156548,166.43254585284387,37.34743118286133,63.75469970703125
