563.0,311.0,103.0,123.0
568.7778,311.44446,103.0,123.0
571.8889,313.6667,103.0,123.0
567.0,316.7778,103.0,123.0
560.3333,318.11115,103.0,123.0
553.6666,320.33337,103.0,123.0
546.99994,321.66672,103.0,123.0
542.111,322.11118,103.0,123.0
535.44434,324.3334,103.0,123.0
534.9999,327.44452,103.0,123.0
538.9999,328.77786,103.0,123.0
541.2221,327.44452,103.0,123.0
541.466,327.46716,105.27888,125.721375
543.7374,327.01288,105.27888,125.721375
547.8259,330.19284,105.27888,125.721375
551.9144,331.55566,105.27888,125.721375
556.9115,332.9185,105.27888,125.721375
553.73157,335.18988,105.27888,125.721375
555.0944,334.7356,105.27888,125.721375
554.64014,336.09842,105.27888,125.721375
556.91156,334.7356,105.27888,125.721375
562.8172,334.2813,105.27888,125.721375
565.8944,331.47656,107.60817,128.50296
566.35876,331.94092,107.60817,128.50296
570.5377,331.47656,107.60817,128.50296
571.9307,329.1549,107.60817,128.50296
573.3237,330.5479,107.60817,128.50296
578.43134,331.01227,107.60817,128.50296
578.8957,330.5479,107.60817,128.50296
577.5027,331.01227,107.60817,128.50296
576.1097,330.5479,107.60817,128.50296
573.788,325.4403,107.60817,128.50296
570.5377,323.11865,107.60817,128.50296
570.07336,322.6543,107.60817,128.50296
572.395,317.5467,107.60817,128.50296
568.21606,315.22504,107.60817,128.50296
569.6091,316.61804,107.60817,128.50296
570.0734,317.08234,107.60817,128.50296
566.8231,314.76068,107.60817,128.50296
567.2875,314.2964,107.60817,128.50296
575.1811,313.83203,107.60817,128.50296
579.36005,315.22504,107.60817,128.50296
582.61035,315.6894,107.60817,128.50296
584.932,316.1537,107.60817,128.50296
583.539,316.61804,107.60817,128.50296
582.146,315.22504,107.60817,128.50296
585.3963,314.76068,107.60817,128.50296
585.86066,316.1537,107.60817,128.50296
583.539,316.61804,107.60817,128.50296
583.07465,315.22504,107.60817,128.50296
582.6103,316.61804,107.60817,128.50296
581.2173,318.01105,107.60817,128.50296
583.53894,315.6894,107.60817,128.50296
585.8606,317.0824,107.60817,128.50296
590.03955,316.61804,107.60817,128.50296
591.43256,315.22504,107.60817,128.50296
592.82556,317.5467,107.60817,128.50296
589.57526,317.0824,107.60817,128.50296
590.0396,319.40405,107.60817,128.50296
584.0033,321.7257,107.60817,128.50296
581.3676,322.71286,109.989,131.34608
580.893,324.13666,109.989,131.34608
578.51996,325.56046,109.989,131.34608
576.1469,326.98425,109.989,131.34608
577.57074,326.50964,109.989,131.34608
570.93756,328.50342,112.42251,134.25212
571.42267,328.98853,112.42251,134.25212
571.9078,329.47363,112.42251,134.25212
570.45245,330.92896,112.42251,134.25212
572.878,331.41406,112.42251,134.25212
570.45245,332.8694,112.42251,134.25212
567.0567,334.3247,112.42251,134.25212
567.5418,333.8396,112.42251,134.25212
565.1163,336.26514,112.42251,134.25212
561.7205,334.8098,112.42251,134.25212
559.295,336.26514,112.42251,134.25212
556.86945,336.75024,112.42251,134.25212
553.4737,339.17578,112.42251,134.25212
553.9588,337.72046,112.42251,134.25212
551.53326,341.11618,112.42251,134.25212
549.1077,339.66086,112.42251,134.25212
548.6226,342.0864,112.42251,134.25212
551.04816,339.66086,112.42251,134.25212
547.6524,338.20554,112.42251,134.25212
552.0184,337.72043,112.42251,134.25212
558.3247,337.23532,112.42251,134.25212
562.6907,335.78,112.42251,134.25212
568.997,335.2949,112.42251,134.25212
575.30334,333.83957,112.42251,134.25212
576.75867,335.2949,112.42251,134.25212
579.1842,334.80978,112.42251,134.25212
582.57996,334.32468,112.42251,134.25212
585.0055,333.83957,112.42251,134.25212
583.5502,335.2949,112.42251,134.25212
586.9459,332.86935,112.42251,134.25212
582.57996,337.2353,112.42251,134.25212
585.9757,334.80975,112.42251,134.25212
584.5204,332.38422,112.42251,134.25212
584.0353,334.80975,112.42251,134.25212
581.60974,331.41403,112.42251,134.25212
585.0055,327.0481,112.42251,134.25212
583.5502,322.68216,112.42251,134.25212
586.9459,318.31622,112.42251,134.25212
589.37146,313.9503,112.42251,134.25212
588.88635,311.52475,112.42251,134.25212
593.2523,310.06943,112.42251,134.25212
597.6183,306.6737,112.42251,134.25212
597.1332,309.09924,112.42251,134.25212
603.4395,307.64392,112.42251,134.25212
606.83527,310.06946,112.42251,134.25212
603.4395,309.58435,112.42251,134.25212
607.8055,312.0099,112.42251,134.25212
608.2906,311.52478,112.42251,134.25212
610.7161,316.86093,112.42251,134.25212
606.35016,319.28647,112.42251,134.25212
612.6565,317.83115,112.42251,134.25212
612.1714,323.1673,112.42251,134.25212
608.77563,323.6524,112.42251,134.25212
616.0522,326.07794,112.42251,134.25212
610.71606,325.59283,112.42251,134.25212
608.2905,329.95877,112.42251,134.25212
612.6565,325.59283,112.42251,134.25212
614.1118,328.98856,112.42251,134.25212
611.6863,324.62262,112.42251,134.25212
617.9926,328.98856,112.42251,134.25212
614.59686,325.59283,112.42251,134.25212
528.0897492475592,283.52741329397065,112.4225082397461,134.2521209716797
608.1319783009732,323.7910800299304,112.4225082397461,134.2521209716797
608.1319783009732,323.7910800299304,112.4225082397461,134.2521209716797
608.1319783009732,323.7910800299304,112.4225082397461,134.2521209716797
652.3810777881879,452.40147071547926,112.4225082397461,134.2521209716797
652.3810777881879,452.40147071547926,112.4225082397461,134.2521209716797
652.3810777881879,452.40147071547926,112.4225082397461,134.2521209716797
652.3810777881879,452.40147071547926,112.4225082397461,134.2521209716797
652.3810777881879,452.40147071547926,112.4225082397461,134.2521209716797
472.6152286064739,430.20767616173134,112.4225082397461,134.2521209716797
472.6152286064739,430.20767616173134,112.4225082397461,134.2521209716797
472.6152286064739,430.20767616173134,112.4225082397461,134.2521209716797
472.6152286064739,430.20767616173134,112.4225082397461,134.2521209716797
472.6152286064739,430.20767616173134,112.4225082397461,134.2521209716797
472.6152286064739,430.20767616173134,112.4225082397461,134.2521209716797
472.6152286064739,430.20767616173134,112.4225082397461,134.2521209716797
472.6152286064739,430.20767616173134,112.4225082397461,134.2521209716797
472.6152286064739,430.20767616173134,112.4225082397461,134.2521209716797
623.4935280704192,326.9325459579183,112.4225082397461,134.2521209716797
623.4935280704192,326.9325459579183,112.4225082397461,134.2521209716797
623.4935280704192,326.9325459579183,112.4225082397461,134.2521209716797
623.4935280704192,326.9325459579183,112.4225082397461,134.2521209716797
623.4935280704192,326.9325459579183,112.4225082397461,134.2521209716797
623.4935280704192,326.9325459579183,112.4225082397461,134.2521209716797
623.4935280704192,326.9325459579183,112.4225082397461,134.2521209716797
623.4935280704192,326.9325459579183,112.4225082397461,134.2521209716797
559.3251951863758,405.7205061285848,112.4225082397461,134.2521209716797
559.3251951863758,405.7205061285848,112.4225082397461,134.2521209716797
559.3251951863758,405.7205061285848,112.4225082397461,134.2521209716797
559.3251951863758,405.7205061285848,112.4225082397461,134.2521209716797
584.1226571650611,339.092785325356,112.4225082397461,134.2521209716797
584.1226571650611,339.092785325356,112.4225082397461,134.2521209716797
596.4355407633004,378.71443960526767,112.4225082397461,134.2521209716797
397.576192499158,435.2549238389946,112.4225082397461,134.2521209716797
397.576192499158,435.2549238389946,112.4225082397461,134.2521209716797
397.576192499158,435.2549238389946,112.4225082397461,134.2521209716797
397.576192499158,435.2549238389946,112.4225082397461,134.2521209716797
397.576192499158,435.2549238389946,112.4225082397461,134.2521209716797
397.576192499158,435.2549238389946,112.4225082397461,134.2521209716797
397.576192499158,435.2549238389946,112.4225082397461,134.2521209716797
397.576192499158,435.2549238389946,112.4225082397461,134.2521209716797
397.576192499158,435.2549238389946,112.4225082397461,134.2521209716797
397.576192499158,435.2549238389946,112.4225082397461,134.2521209716797
496.5788470158692,250.48000824673636,112.4225082397461,134.2521209716797
496.5788470158692,250.48000824673636,112.4225082397461,134.2521209716797
497.5515339778276,307.3369078104463,112.4225082397461,134.2521209716797
497.5515339778276,307.3369078104463,112.4225082397461,134.2521209716797
497.5515339778276,307.3369078104463,112.4225082397461,134.2521209716797
497.5515339778276,307.3369078104463,112.4225082397461,134.2521209716797
497.5515339778276,307.3369078104463,112.4225082397461,134.2521209716797
497.5515339778276,307.3369078104463,112.4225082397461,134.2521209716797
497.5515339778276,307.3369078104463,112.4225082397461,134.2521209716797
451.5045058109198,479.94120618952843,112.4225082397461,134.2521209716797
451.5045058109198,479.94120618952843,112.4225082397461,134.2521209716797
451.5045058109198,479.94120618952843,112.4225082397461,134.2521209716797
451.5045058109198,479.94120618952843,112.4225082397461,134.2521209716797
451.5045058109198,479.94120618952843,112.4225082397461,134.2521209716797
463.73083905756425,351.4922861966197,112.4225082397461,134.2521209716797
463.73083905756425,351.4922861966197,112.4225082397461,134.2521209716797
463.73083905756425,351.4922861966197,112.4225082397461,134.2521209716797
363.46263977453935,461.36668470021425,112.4225082397461,134.2521209716797
363.46263977453935,461.36668470021425,112.4225082397461,134.2521209716797
363.46263977453935,461.36668470021425,112.4225082397461,134.2521209716797
363.46263977453935,461.36668470021425,112.4225082397461,134.2521209716797
477.12469494793163,387.2156978723682,112.4225082397461,134.2521209716797
477.12469494793163,387.2156978723682,112.4225082397461,134.2521209716797
477.12469494793163,387.2156978723682,112.4225082397461,134.2521209716797
477.12469494793163,387.2156978723682,112.4225082397461,134.2521209716797
481.039828650303,461.35287755076206,112.4225082397461,134.2521209716797
424.0901540283598,425.98827852395004,112.4225082397461,134.2521209716797
424.0901540283598,425.98827852395004,112.4225082397461,134.2521209716797
532.5581427813042,416.1713070177416,112.4225082397461,134.2521209716797
532.5581427813042,416.1713070177416,112.4225082397461,134.2521209716797
532.5581427813042,416.1713070177416,112.4225082397461,134.2521209716797
544.0708008595183,272.02130088220747,112.4225082397461,134.2521209716797
544.0708008595183,272.02130088220747,112.4225082397461,134.2521209716797
544.0708008595183,272.02130088220747,112.4225082397461,134.2521209716797
339.4316828816315,405.3726426962377,112.4225082397461,134.2521209716797
339.4316828816315,405.3726426962377,112.4225082397461,134.2521209716797
366.4896308272036,499.13290026440063,112.4225082397461,134.2521209716797
366.4896308272036,499.13290026440063,112.4225082397461,134.2521209716797
366.4896308272036,499.13290026440063,112.4225082397461,134.2521209716797
366.4896308272036,499.13290026440063,112.4225082397461,134.2521209716797
411.9552247424962,321.5699386923766,112.4225082397461,134.2521209716797
411.9552247424962,321.5699386923766,112.4225082397461,134.2521209716797
411.9552247424962,321.5699386923766,112.4225082397461,134.2521209716797
548.2754345944596,274.1656774132815,112.4225082397461,134.2521209716797
548.2754345944596,274.1656774132815,112.4225082397461,134.2521209716797
548.2754345944596,274.1656774132815,112.4225082397461,134.2521209716797
548.2754345944596,274.1656774132815,112.4225082397461,134.2521209716797
548.2754345944596,274.1656774132815,112.4225082397461,134.2521209716797
548.2754345944596,274.1656774132815,112.4225082397461,134.2521209716797
548.2754345944596,274.1656774132815,112.4225082397461,134.2521209716797
548.2754345944596,274.1656774132815,112.4225082397461,134.2521209716797
548.2754345944596,274.1656774132815,112.4225082397461,134.2521209716797
548.2754345944596,274.1656774132815,112.4225082397461,134.2521209716797
548.2754345944596,274.1656774132815,112.4225082397461,134.2521209716797
548.2754345944596,274.1656774132815,112.4225082397461,134.2521209716797
548.2754345944596,274.1656774132815,112.4225082397461,134.2521209716797
548.2754345944596,274.1656774132815,112.4225082397461,134.2521209716797
548.2754345944596,274.1656774132815,112.4225082397461,134.2521209716797
428.7522193710688,296.1328239051111,112.4225082397461,134.2521209716797
419.3294393792069,436.63871541872214,112.4225082397461,134.2521209716797
419.3294393792069,436.63871541872214,112.4225082397461,134.2521209716797
419.3294393792069,436.63871541872214,112.4225082397461,134.2521209716797
419.3294393792069,436.63871541872214,112.4225082397461,134.2521209716797
453.2219377521827,375.39961219906763,112.4225082397461,134.2521209716797
453.2219377521827,375.39961219906763,112.4225082397461,134.2521209716797
453.2219377521827,375.39961219906763,112.4225082397461,134.2521209716797
453.2219377521827,375.39961219906763,112.4225082397461,134.2521209716797
426.7471781424894,326.4272051067735,112.4225082397461,134.2521209716797
432.0134814793256,459.0655035699614,112.4225082397461,134.2521209716797
432.0134814793256,459.0655035699614,112.4225082397461,134.2521209716797
416.10842130180913,400.8044201471445,112.4225082397461,134.2521209716797
470.81643486192627,296.0756599792204,112.4225082397461,134.2521209716797
453.46028804375624,357.8868804755648,112.4225082397461,134.2521209716797
453.46028804375624,357.8868804755648,112.4225082397461,134.2521209716797
471.36023291118556,355.41826075410347,112.4225082397461,134.2521209716797
314.6938377609349,361.52119176580715,112.4225082397461,134.2521209716797
419.2605423883859,326.3075694088714,112.4225082397461,134.2521209716797
436.6993283963312,426.50047720180567,112.4225082397461,134.2521209716797
436.6993283963312,426.50047720180567,112.4225082397461,134.2521209716797
436.6993283963312,426.50047720180567,112.4225082397461,134.2521209716797
436.6993283963312,426.50047720180567,112.4225082397461,134.2521209716797
407.29349899417844,435.683227024429,112.4225082397461,134.2521209716797
407.29349899417844,435.683227024429,112.4225082397461,134.2521209716797
407.29349899417844,435.683227024429,112.4225082397461,134.2521209716797
413.27543551285396,368.0605408287179,112.4225082397461,134.2521209716797
413.27543551285396,368.0605408287179,112.4225082397461,134.2521209716797
413.27543551285396,368.0605408287179,112.4225082397461,134.2521209716797
199.43466815502273,453.57650845639796,112.4225082397461,134.2521209716797
358.84827028045254,401.3440548268318,112.4225082397461,134.2521209716797
269.67816892981426,392.72218102634554,112.4225082397461,134.2521209716797
269.67816892981426,392.72218102634554,112.4225082397461,134.2521209716797
269.67816892981426,392.72218102634554,112.4225082397461,134.2521209716797
405.08671974046365,485.7806066445803,112.4225082397461,134.2521209716797
405.08671974046365,485.7806066445803,112.4225082397461,134.2521209716797
405.08671974046365,485.7806066445803,112.4225082397461,134.2521209716797
405.08671974046365,485.7806066445803,112.4225082397461,134.2521209716797
405.08671974046365,485.7806066445803,112.4225082397461,134.2521209716797
248.4631620662891,222.21092911542996,112.4225082397461,134.2521209716797
248.4631620662891,222.21092911542996,112.4225082397461,134.2521209716797
476.6895184216745,404.66610482639885,112.4225082397461,134.2521209716797
476.6895184216745,404.66610482639885,112.4225082397461,134.2521209716797
476.6895184216745,404.66610482639885,112.4225082397461,134.2521209716797
476.6895184216745,404.66610482639885,112.4225082397461,134.2521209716797
476.6895184216745,404.66610482639885,112.4225082397461,134.2521209716797
260.7728412812883,345.39973578798515,112.4225082397461,134.2521209716797
260.7728412812883,345.39973578798515,112.4225082397461,134.2521209716797
260.7728412812883,345.39973578798515,112.4225082397461,134.2521209716797
260.7728412812883,345.39973578798515,112.4225082397461,134.2521209716797
317.5159804254099,288.03967649174626,112.4225082397461,134.2521209716797
430.1283011782396,371.1800777235135,112.4225082397461,134.2521209716797
223.61402894075377,325.0889778754628,112.4225082397461,134.2521209716797
223.61402894075377,325.0889778754628,112.4225082397461,134.2521209716797
223.61402894075377,325.0889778754628,112.4225082397461,134.2521209716797
223.61402894075377,325.0889778754628,112.4225082397461,134.2521209716797
223.61402894075377,325.0889778754628,112.4225082397461,134.2521209716797
223.61402894075377,325.0889778754628,112.4225082397461,134.2521209716797
308.72996724375207,447.13009342071155,112.4225082397461,134.2521209716797
308.72996724375207,447.13009342071155,112.4225082397461,134.2521209716797
528.8828413832966,308.43216585530115,112.4225082397461,134.2521209716797
528.8828413832966,308.43216585530115,112.4225082397461,134.2521209716797
528.8828413832966,308.43216585530115,112.4225082397461,134.2521209716797
345.4083953968975,267.3061903664895,112.4225082397461,134.2521209716797
299.8384404423454,418.24326832306497,112.4225082397461,134.2521209716797
651.2269723105314,488.5900193322195,112.4225082397461,134.2521209716797
626.5959266646373,600.3663207224427,112.4225082397461,134.2521209716797
626.5959266646373,600.3663207224427,112.4225082397461,134.2521209716797
626.5959266646373,600.3663207224427,112.4225082397461,134.2521209716797
-42.6233943333559,447.13126878794276,112.4225082397461,134.2521209716797
-42.6233943333559,447.13126878794276,112.4225082397461,134.2521209716797
546.2561135957316,642.0357994639025,112.4225082397461,134.2521209716797
136.3720392079387,453.29580084017584,112.4225082397461,134.2521209716797
136.3720392079387,453.29580084017584,112.4225082397461,134.2521209716797
136.3720392079387,453.29580084017584,112.4225082397461,134.2521209716797
136.3720392079387,453.29580084017584,112.4225082397461,134.2521209716797
281.021835573379,502.724487424136,112.4225082397461,134.2521209716797
281.021835573379,502.724487424136,112.4225082397461,134.2521209716797
610.2117770423433,405.4121299045539,112.4225082397461,134.2521209716797
624.0168510837938,399.07518389545817,112.4225082397461,134.2521209716797
624.0168510837938,399.07518389545817,112.4225082397461,134.2521209716797
624.0168510837938,399.07518389545817,112.4225082397461,134.2521209716797
624.0168510837938,399.07518389545817,112.4225082397461,134.2521209716797
624.0168510837938,399.07518389545817,112.4225082397461,134.2521209716797
624.0168510837938,399.07518389545817,112.4225082397461,134.2521209716797
624.0168510837938,399.07518389545817,112.4225082397461,134.2521209716797
624.0168510837938,399.07518389545817,112.4225082397461,134.2521209716797
641.9080645294739,338.59313373015004,112.4225082397461,134.2521209716797
330.4323012942683,373.80267174967247,112.4225082397461,134.2521209716797
-38.61057020587174,506.079053488823,112.4225082397461,134.2521209716797
111.93582042257987,518.9960113642446,112.4225082397461,134.2521209716797
-27.226146739956924,508.34037610408745,112.4225082397461,134.2521209716797
-27.226146739956924,508.34037610408745,112.4225082397461,134.2521209716797
-27.226146739956924,508.34037610408745,112.4225082397461,134.2521209716797
108.00433675201799,228.7781592902585,112.4225082397461,134.2521209716797
586.8834345270229,559.3510388258433,112.4225082397461,134.2521209716797
586.8834345270229,559.3510388258433,112.4225082397461,134.2521209716797
586.8834345270229,559.3510388258433,112.4225082397461,134.2521209716797
586.8834345270229,559.3510388258433,112.4225082397461,134.2521209716797
586.8834345270229,559.3510388258433,112.4225082397461,134.2521209716797
586.8834345270229,559.3510388258433,112.4225082397461,134.2521209716797
256.9691205056183,414.3555843644417,112.4225082397461,134.2521209716797
254.4900139154766,318.8144609352203,112.4225082397461,134.2521209716797
254.4900139154766,318.8144609352203,112.4225082397461,134.2521209716797
254.4900139154766,318.8144609352203,112.4225082397461,134.2521209716797
646.2487077989824,399.64098551726386,112.4225082397461,134.2521209716797
646.2487077989824,399.64098551726386,112.4225082397461,134.2521209716797
646.2487077989824,399.64098551726386,112.4225082397461,134.2521209716797
660.2415499386998,433.29575584167856,112.4225082397461,134.2521209716797
660.2415499386998,433.29575584167856,112.4225082397461,134.2521209716797
324.75091855459584,352.5992433216955,112.4225082397461,134.2521209716797
210.7907107825822,272.22681640373924,112.4225082397461,134.2521209716797
389.4085288959337,413.60853436565014,112.4225082397461,134.2521209716797
389.4085288959337,413.60853436565014,112.4225082397461,134.2521209716797
389.4085288959337,413.60853436565014,112.4225082397461,134.2521209716797
389.4085288959337,413.60853436565014,112.4225082397461,134.2521209716797
389.4085288959337,413.60853436565014,112.4225082397461,134.2521209716797
389.4085288959337,413.60853436565014,112.4225082397461,134.2521209716797
459.20647412445044,501.2657138978559,112.4225082397461,134.2521209716797
459.20647412445044,501.2657138978559,112.4225082397461,134.2521209716797
459.20647412445044,501.2657138978559,112.4225082397461,134.2521209716797
459.20647412445044,501.2657138978559,112.4225082397461,134.2521209716797
459.20647412445044,501.2657138978559,112.4225082397461,134.2521209716797
459.20647412445044,501.2657138978559,112.4225082397461,134.2521209716797
459.20647412445044,501.2657138978559,112.4225082397461,134.2521209716797
549.3971407111762,304.07832778895227,112.4225082397461,134.2521209716797
549.3971407111762,304.07832778895227,112.4225082397461,134.2521209716797
549.3971407111762,304.07832778895227,112.4225082397461,134.2521209716797
549.3971407111762,304.07832778895227,112.4225082397461,134.2521209716797
549.3971407111762,304.07832778895227,112.4225082397461,134.2521209716797
549.3971407111762,304.07832778895227,112.4225082397461,134.2521209716797
549.3971407111762,304.07832778895227,112.4225082397461,134.2521209716797
351.91346792432313,345.85144341014984,112.4225082397461,134.2521209716797
351.91346792432313,345.85144341014984,112.4225082397461,134.2521209716797
351.91346792432313,345.85144341014984,112.4225082397461,134.2521209716797
293.9479482505803,465.6511543783829,112.4225082397461,134.2521209716797
293.9479482505803,465.6511543783829,112.4225082397461,134.2521209716797
293.9479482505803,465.6511543783829,112.4225082397461,134.2521209716797
494.861549909078,363.9401153038641,112.4225082397461,134.2521209716797
494.861549909078,363.9401153038641,112.4225082397461,134.2521209716797
494.861549909078,363.9401153038641,112.4225082397461,134.2521209716797
601.6300861344365,240.72407950155753,112.4225082397461,134.2521209716797
601.6300861344365,240.72407950155753,112.4225082397461,134.2521209716797
601.6300861344365,240.72407950155753,112.4225082397461,134.2521209716797
601.6300861344365,240.72407950155753,112.4225082397461,134.2521209716797
607.0041506458069,441.3163212901296,112.4225082397461,134.2521209716797
607.0041506458069,441.3163212901296,112.4225082397461,134.2521209716797
607.0041506458069,441.3163212901296,112.4225082397461,134.2521209716797
607.0041506458069,441.3163212901296,112.4225082397461,134.2521209716797
225.4199865423086,512.9063956238774,112.4225082397461,134.2521209716797
225.4199865423086,512.9063956238774,112.4225082397461,134.2521209716797
225.4199865423086,512.9063956238774,112.4225082397461,134.2521209716797
395.01384832503373,271.9621021154747,112.4225082397461,134.2521209716797
395.01384832503373,271.9621021154747,112.4225082397461,134.2521209716797
395.01384832503373,271.9621021154747,112.4225082397461,134.2521209716797
521.0774501212735,362.86174870450657,112.4225082397461,134.2521209716797
521.0774501212735,362.86174870450657,112.4225082397461,134.2521209716797
521.0774501212735,362.86174870450657,112.4225082397461,134.2521209716797
611.2389578139577,152.17747939976024,112.4225082397461,134.2521209716797
259.89780724466567,431.8846218419577,112.4225082397461,134.2521209716797
328.08347395651856,492.66230156439997,112.4225082397461,134.2521209716797
328.08347395651856,492.66230156439997,112.4225082397461,134.2521209716797
482.0079423372331,311.2436489408228,112.4225082397461,134.2521209716797
482.0079423372331,311.2436489408228,112.4225082397461,134.2521209716797
482.0079423372331,311.2436489408228,112.4225082397461,134.2521209716797
415.4824576441304,464.44491021105955,112.4225082397461,134.2521209716797
415.4824576441304,464.44491021105955,112.4225082397461,134.2521209716797
415.4824576441304,464.44491021105955,112.4225082397461,134.2521209716797
415.4824576441304,464.44491021105955,112.4225082397461,134.2521209716797
415.4824576441304,464.44491021105955,112.4225082397461,134.2521209716797
503.11825706447394,275.0703522536901,112.4225082397461,134.2521209716797
503.11825706447394,275.0703522536901,112.4225082397461,134.2521209716797
542.4093854168206,363.2828199480004,112.4225082397461,134.2521209716797
519.2469299129912,467.68279533128,112.4225082397461,134.2521209716797
519.2469299129912,467.68279533128,112.4225082397461,134.2521209716797
319.45857762070676,475.26227606670875,112.4225082397461,134.2521209716797
435.27018336213274,329.1275447214059,112.4225082397461,134.2521209716797
311.7231825831213,306.0775911078074,112.4225082397461,134.2521209716797
495.30124174897185,363.0521406340199,112.4225082397461,134.2521209716797
495.30124174897185,363.0521406340199,112.4225082397461,134.2521209716797
390.6567252552934,393.21899109752894,112.4225082397461,134.2521209716797
548.8088716649033,359.994075164792,112.4225082397461,134.2521209716797
548.8088716649033,359.994075164792,112.4225082397461,134.2521209716797
548.8088716649033,359.994075164792,112.4225082397461,134.2521209716797
548.8088716649033,359.994075164792,112.4225082397461,134.2521209716797
339.6092767781514,466.39054494232255,112.4225082397461,134.2521209716797
355.2383212103332,282.3685796636481,112.4225082397461,134.2521209716797
355.2383212103332,282.3685796636481,112.4225082397461,134.2521209716797
355.2383212103332,282.3685796636481,112.4225082397461,134.2521209716797
215.96338595247767,302.01204269950455,112.4225082397461,134.2521209716797
215.96338595247767,302.01204269950455,112.4225082397461,134.2521209716797
371.59402258928264,416.93994944349186,112.4225082397461,134.2521209716797
204.9978282599837,416.30558328698885,112.4225082397461,134.2521209716797
204.9978282599837,416.30558328698885,112.4225082397461,134.2521209716797
204.9978282599837,416.30558328698885,112.4225082397461,134.2521209716797
204.9978282599837,416.30558328698885,112.4225082397461,134.2521209716797
118.85679582729927,359.41143347821253,112.4225082397461,134.2521209716797
24.3013323713445,433.35483367182405,112.4225082397461,134.2521209716797
24.3013323713445,433.35483367182405,112.4225082397461,134.2521209716797
555.9333502062859,611.1186320325364,112.4225082397461,134.2521209716797
590.973080603261,597.5274923319618,112.4225082397461,134.2521209716797
645.7898798943869,560.1744521070352,112.4225082397461,134.2521209716797
649.1856108239257,569.3914360586405,112.4225082397461,134.2521209716797
679.7471891897746,579.5786288472568,112.4225082397461,134.2521209716797
746.2064945250335,584.9147774508177,112.4225082397461,134.2521209716797
843.7124826446468,546.5915283888801,112.4225082397461,134.2521209716797
821.8827838118975,555.8085123404853,112.4225082397461,134.2521209716797
821.8827838118975,555.8085123404853,112.4225082397461,134.2521209716797
57.737339595773506,320.2105446876777,112.4225082397461,134.2521209716797
324.4768458696837,345.9524302173986,112.4225082397461,134.2521209716797
324.4768458696837,345.9524302173986,112.4225082397461,134.2521209716797
221.6190449983177,240.14185594295145,112.4225082397461,134.2521209716797
221.6190449983177,240.14185594295145,112.4225082397461,134.2521209716797
221.6190449983177,240.14185594295145,112.4225082397461,134.2521209716797
88.15553728592343,144.26135214748288,112.4225082397461,134.2521209716797
230.28097640164685,282.58149165960464,112.4225082397461,134.2521209716797
230.28097640164685,282.58149165960464,112.4225082397461,134.2521209716797
230.28097640164685,282.58149165960464,112.4225082397461,134.2521209716797
133.64399016817816,191.22843076323778,112.4225082397461,134.2521209716797
263.92752573727023,235.81263827174143,112.4225082397461,134.2521209716797
309.0019274285061,218.8164045362173,112.4225082397461,134.2521209716797
309.0019274285061,218.8164045362173,112.4225082397461,134.2521209716797
335.06934124564094,28.62901389683276,112.4225082397461,134.2521209716797
375.8169340380685,79.06116470453927,112.4225082397461,134.2521209716797
375.8169340380685,79.06116470453927,112.4225082397461,134.2521209716797
529.0986344935931,171.0633372937173,112.4225082397461,134.2521209716797
381.48250274743384,267.3770421372984,112.4225082397461,134.2521209716797
379.309666788964,248.02393017628663,112.4225082397461,134.2521209716797
379.309666788964,248.02393017628663,112.4225082397461,134.2521209716797
379.309666788964,248.02393017628663,112.4225082397461,134.2521209716797
379.309666788964,248.02393017628663,112.4225082397461,134.2521209716797
615.0635218636576,223.41574191186015,112.4225082397461,134.2521209716797
615.0635218636576,223.41574191186015,112.4225082397461,134.2521209716797
615.0635218636576,223.41574191186015,112.4225082397461,134.2521209716797
615.0635218636576,223.41574191186015,112.4225082397461,134.2521209716797
615.0635218636576,223.41574191186015,112.4225082397461,134.2521209716797
605.73948353961,306.86483452585026,112.4225082397461,134.2521209716797
658.8385345275099,314.374731743755,110.02506256103516,131.38916015625
665.9599258374867,332.89034914969466,110.02506256103516,131.38916015625
671.1822794648031,341.91077814233194,110.02506256103516,131.38916015625
674.5055954094589,349.0321694523087,110.02506256103516,131.38916015625
679.7971509368818,355.46671851015833,107.67874145507812,128.58724975585938
684.9081363000976,349.4264630809034,107.67874145507812,128.58724975585938
690.0191216633133,324.800806330864,107.67874145507812,128.58724975585938
696.0935125694236,305.1233618397393,105.38246154785156,125.84508514404297
700.186051528335,296.48355737092635,105.38246154785156,125.84508514404297
707.0074872251356,296.5105280676232,103.13514709472656,123.1613998413086
711.9028102987047,297.84561617859663,103.13514709472656,123.1613998413086
716.7981333722738,301.8508805115168,103.13514709472656,123.1613998413086
717.2431627425983,303.1859686224902,103.13514709472656,123.1613998413086
716.7981333722738,306.30117421476143,103.13514709472656,123.1613998413086
719.913338964545,309.4163798070327,103.13514709472656,123.1613998413086
724.8735280054585,312.8743282711958,100.93576049804688,120.53494262695312
713.1139754116114,313.3098672561531,100.93576049804688,120.53494262695312
703.0965787575934,318.10079609068345,100.93576049804688,120.53494262695312
700.918883832807,322.8917249252138,100.93576049804688,120.53494262695312
704.8387346974226,318.97187406059805,100.93576049804688,120.53494262695312
709.6296635319529,322.8917249252138,100.93576049804688,120.53494262695312
712.678436426654,325.0694198500003,100.93576049804688,120.53494262695312
716.5982872912697,325.5049588349576,100.93576049804688,120.53494262695312
720.5181381558854,326.81157578982953,100.93576049804688,120.53494262695312
726.1801449603303,328.98927071461605,100.93576049804688,120.53494262695312
730.9710737948606,329.42480969957336,100.93576049804688,120.53494262695312
738.3752365391347,334.2157385341037,100.93576049804688,120.53494262695312
743.166165373665,339.00666736863406,100.93576049804688,120.53494262695312
747.9570942081953,348.1529860527374,100.93576049804688,120.53494262695312
741.4240094338357,358.17038270675533,100.93576049804688,120.53494262695312
732.2776907497324,365.57454545102945,100.93576049804688,120.53494262695312
724.0024500355437,366.88116240590136,100.93576049804688,120.53494262695312
707.0164296222089,367.31670139085867,100.93576049804688,120.53494262695312
690.9014871787887,366.01008443598676,100.93576049804688,120.53494262695312
675.6576227052831,362.090233571371,100.93576049804688,120.53494262695312
665.6402260512651,363.39685052624293,100.93576049804688,120.53494262695312
659.1071412769056,355.1216098120542,100.93576049804688,120.53494262695312
652.5740565025461,334.651277519061,100.93576049804688,120.53494262695312
651.2674395476743,324.63388086504307,100.93576049804688,120.53494262695312
650.831900562717,315.48756218093973,100.93576049804688,120.53494262695312
648.6542056379305,309.8255553764948,100.93576049804688,120.53494262695312
650.831900562717,312.0032503012813,100.93576049804688,120.53494262695312
649.5252836078452,308.08339943666556,100.93576049804688,120.53494262695312
647.3475886830587,308.51893842162286,100.93576049804688,120.53494262695312
645.1698937582722,309.8255553764948,100.93576049804688,120.53494262695312
641.2500428936565,311.1321723313667,100.93576049804688,120.53494262695312
635.5880360892116,313.3098672561532,100.93576049804688,120.53494262695312
633.4103411644252,311.1321723313667,100.93576049804688,120.53494262695312
632.9748021794679,316.79417913581165,100.93576049804688,120.53494262695312
632.5392631945107,318.10079609068356,100.93576049804688,120.53494262695312
632.1037242095534,319.4074130455555,100.93576049804688,120.53494262695312
631.6681852245962,320.7140300004274,100.93576049804688,120.53494262695312
631.2326462396389,322.8917249252139,100.93576049804688,120.53494262695312
633.4103411644254,325.06941985000043,100.93576049804688,120.53494262695312
633.2271956826523,329.2932172339032,98.78327178955078,117.9645004272461
638.7997745543767,335.0703172848267,96.67668914794922,115.4488754272461
635.8796471744555,338.8247667732967,96.67668914794922,115.4488754272461
637.1311303372788,341.74489415321784,96.67668914794922,115.4488754272461
636.1515460011847,346.5946320116541,94.61502838134766,112.98689270019531
641.4889847280496,345.8318286086402,92.59733581542969,110.5774154663086
644.2858948979692,351.0260903527768,92.59733581542969,110.5774154663086
658.2516029602267,331.0440406526801,92.59733581542969,110.5774154663086
658.2516029602267,331.0440406526801,92.59733581542969,110.5774154663086
658.2516029602267,331.0440406526801,92.59733581542969,110.5774154663086
655.5042371355485,428.61928601005184,92.59733581542969,110.5774154663086
655.5042371355485,428.61928601005184,92.59733581542969,110.5774154663086
655.5042371355485,428.61928601005184,92.59733581542969,110.5774154663086
712.9303083623829,368.11651106822774,94.64604949951172,113.02394104003906
718.2394931476085,361.1737309644712,94.64604949951172,113.02394104003906
713.7471060216484,357.49814149777654,94.64604949951172,113.02394104003906
719.056290806874,361.1737309644712,94.64604949951172,113.02394104003906
720.9752635338884,354.41512368583477,96.74009704589844,115.52459716796875
716.3834823427665,349.8233424947128,96.74009704589844,115.52459716796875
719.305524918935,344.39669199611404,96.74009704589844,115.52459716796875
712.2091358053829,338.9700414975153,96.74009704589844,115.52459716796875
705.1127466918307,341.89208407368386,96.74009704589844,115.52459716796875
689.6676645035112,344.8141266498524,96.74009704589844,115.52459716796875
671.7179743927616,341.89208407368386,96.74009704589844,115.52459716796875
650.428807052105,344.8141266498524,96.74009704589844,115.52459716796875
640.8278100161226,343.56182268863733,96.74009704589844,115.52459716796875
635.4011595175239,348.9884731872361,96.74009704589844,115.52459716796875
631.6442476338785,351.91051576340465,96.74009704589844,115.52459716796875
631.2268129801402,349.82334249471285,96.74009704589844,115.52459716796875
629.1396397114484,349.40590784097446,96.74009704589844,115.52459716796875
631.2268129801402,349.82334249471285,96.74009704589844,115.52459716796875
627.125007192375,350.71079251244544,98.8804702758789,118.08058166503906
644.6184934059204,346.0174181624699,98.8804702758789,118.08058166503906
664.6720019921796,341.3240438124943,98.8804702758789,118.08058166503906
668.5120355512505,334.92398788070943,98.8804702758789,118.08058166503906
668.5120355512505,334.92398788070943,98.8804702758789,118.08058166503906
668.5120355512505,334.92398788070943,98.8804702758789,118.08058166503906
655.6022562923196,396.4758123289829,98.8804702758789,118.08058166503906
686.7491951603392,324.36851549754,98.8804702758789,118.08058166503906
688.0292063466962,319.67514114756443,98.8804702758789,118.08058166503906
684.1891727876254,320.95515233392143,98.8804702758789,118.08058166503906
676.9357760649358,320.5284819384691,98.8804702758789,118.08058166503906
667.1223569695323,321.8084931248261,98.8804702758789,118.08058166503906
659.0156194559381,322.23516352027843,98.8804702758789,118.08058166503906
656.0289266877719,323.51517470663543,98.8804702758789,118.08058166503906
651.3355523377963,325.64852668389705,98.8804702758789,118.08058166503906
650.0555411514393,326.92853787025405,98.8804702758789,118.08058166503906
652.188893128701,329.06188984751566,98.8804702758789,118.08058166503906
650.0555411514393,326.0751970793494,98.8804702758789,118.08058166503906
651.3355523377963,328.208549056611,98.8804702758789,118.08058166503906
652.6155635241533,327.78187866115866,98.8804702758789,118.08058166503906
652.188893128701,330.76857142932494,98.8804702758789,118.08058166503906
650.908881942344,332.04858261568194,98.8804702758789,118.08058166503906
650.4822115468917,329.9152306384203,98.8804702758789,118.08058166503906
644.0821556151068,331.1952418247773,98.8804702758789,118.08058166503906
637.6820996833219,332.4752530111343,98.8804702758789,118.08058166503906
623.6019766333952,332.048582615682,98.8804702758789,118.08058166503906
615.495239119801,332.4752530111343,98.8804702758789,118.08058166503906
609.9485239789208,334.60860498839594,98.8804702758789,118.08058166503906
608.6685127925638,334.1819345929436,98.8804702758789,118.08058166503906
605.6818200243976,337.1686273611099,98.8804702758789,118.08058166503906
604.4018088380406,337.5952977565622,98.8804702758789,118.08058166503906
604.8284792334929,339.72864973382383,98.8804702758789,118.08058166503906
602.6951272562312,342.7153425019901,98.8804702758789,118.08058166503906
599.708434488065,340.5819905247285,98.8804702758789,118.08058166503906
600.1351048835173,343.5686832928948,98.8804702758789,118.08058166503906
596.2950713244464,346.55537606106105,98.8804702758789,118.08058166503906
595.0150601380894,345.27536487470405,98.8804702758789,118.08058166503906
592.0283673699232,347.40871685196566,98.8804702758789,118.08058166503906
589.041674601757,348.68872803832267,98.8804702758789,118.08058166503906
586.9083226244953,347.40871685196566,98.8804702758789,118.08058166503906
585.6283114381383,349.5420688292273,98.8804702758789,118.08058166503906
582.6416186699721,350.8220800155843,98.8804702758789,118.08058166503906
581.3616074836151,351.2487504110366,98.8804702758789,118.08058166503906
580.9349370881628,348.26205764287033,98.8804702758789,118.08058166503906
578.8015851109011,352.1020912019413,98.8804702758789,118.08058166503906
577.5215739245441,353.3821023882983,98.8804702758789,118.08058166503906
580.5082666927103,350.395409620132,98.8804702758789,118.08058166503906
577.8613584457978,355.3556990621129,96.77181243896484,115.5624771118164
576.6086438835355,353.2678414583423,96.77181243896484,115.5624771118164
576.1910723627814,352.85026993758817,96.77181243896484,115.5624771118164
579.1140730080602,350.76241233381757,96.77181243896484,115.5624771118164
577.8613584457979,352.01512689607995,96.77181243896484,115.5624771118164
574.1032147590108,349.92726929230935,96.77181243896484,115.5624771118164
570.3450710722237,352.01512689607995,96.77181243896484,115.5624771118164
569.9274995514696,351.59755537532584,96.77181243896484,115.5624771118164
571.180214113732,353.68541297909644,96.77181243896484,115.5624771118164
567.4220704269449,351.59755537532584,96.77181243896484,115.5624771118164
567.839641947699,349.50969777155524,96.77181243896484,115.5624771118164
569.0923565099613,349.92726929230935,96.77181243896484,115.5624771118164
567.0044989061906,348.67455473004696,96.77181243896484,115.5624771118164
567.4220704269447,351.59755537532584,96.77181243896484,115.5624771118164
566.1693558646824,352.01512689607995,96.77181243896484,115.5624771118164
571.5977856344861,351.59755537532584,96.77181243896484,115.5624771118164
576.1910723627815,352.01512689607995,96.77181243896484,115.5624771118164
591.6412186306841,349.92726929230935,96.77181243896484,115.5624771118164
598.7399344835042,349.50969777155524,96.77181243896484,115.5624771118164
604.1683642533078,351.59755537532584,96.77181243896484,115.5624771118164
608.7616509816032,348.67455473004696,96.77181243896484,115.5624771118164
608.3440794608491,350.76241233381757,96.77181243896484,115.5624771118164
607.0913648985868,346.1691256055222,96.77181243896484,115.5624771118164
606.6737933778327,345.7515540847681,96.77181243896484,115.5624771118164
617.324301047981,359.673955616669,96.77181243896484,115.5624771118164
617.324301047981,359.673955616669,96.77181243896484,115.5624771118164
617.324301047981,359.673955616669,96.77181243896484,115.5624771118164
617.324301047981,359.673955616669,96.77181243896484,115.5624771118164
582.6658648253886,343.3886663072581,96.77181243896484,115.5624771118164
577.2374350555849,344.6413808695205,96.77181243896484,115.5624771118164
571.8090052857813,346.7292384732911,96.77181243896484,115.5624771118164
580.5780072216179,345.4765239110287,96.77181243896484,115.5624771118164
580.5780072216179,345.4765239110287,96.77181243896484,115.5624771118164
606.0498699876196,350.90495368083236,96.77181243896484,115.5624771118164
614.8188719234562,348.81709607706176,96.77181243896484,115.5624771118164
611.8958712781773,350.06981063932415,96.77181243896484,115.5624771118164
611.4782997574232,345.4765239110288,96.77181243896484,115.5624771118164
613.5661573611939,349.2346675978159,96.77181243896484,115.5624771118164
616.4891580064727,347.1468099940453,96.77181243896484,115.5624771118164
616.0715864857186,349.2346675978159,96.77181243896484,115.5624771118164
624.8405884215553,352.1576682430948,96.77181243896484,115.5624771118164
624.8405884215553,352.1576682430948,96.77181243896484,115.5624771118164
624.8405884215553,352.1576682430948,96.77181243896484,115.5624771118164
624.8405884215553,352.1576682430948,96.77181243896484,115.5624771118164
624.8405884215553,352.1576682430948,96.77181243896484,115.5624771118164
624.8405884215553,352.1576682430948,96.77181243896484,115.5624771118164
668.6855981007384,356.7509549713902,96.77181243896484,115.5624771118164
668.6855981007384,356.7509549713902,96.77181243896484,115.5624771118164
668.6855981007384,356.7509549713902,96.77181243896484,115.5624771118164
668.6855981007384,356.7509549713902,96.77181243896484,115.5624771118164
668.6855981007384,356.7509549713902,96.77181243896484,115.5624771118164
649.9633922211127,271.99988000617077,96.77181243896484,115.5624771118164
649.9633922211127,271.99988000617077,96.77181243896484,115.5624771118164
649.9633922211127,271.99988000617077,96.77181243896484,115.5624771118164
649.9633922211127,271.99988000617077,96.77181243896484,115.5624771118164
649.9633922211127,271.99988000617077,96.77181243896484,115.5624771118164
649.9633922211127,271.99988000617077,96.77181243896484,115.5624771118164
649.9633922211127,271.99988000617077,96.77181243896484,115.5624771118164
649.9633922211127,271.99988000617077,96.77181243896484,115.5624771118164
649.9633922211127,271.99988000617077,96.77181243896484,115.5624771118164
649.9633922211127,271.99988000617077,96.77181243896484,115.5624771118164
573.2251640170258,427.65652244772195,96.77181243896484,115.5624771118164
573.2251640170258,427.65652244772195,96.77181243896484,115.5624771118164
573.2251640170258,427.65652244772195,96.77181243896484,115.5624771118164
565.5192910552929,506.44237135489516,96.77181243896484,115.5624771118164
665.1194157623644,530.9654217265715,96.77181243896484,115.5624771118164
665.1194157623644,530.9654217265715,96.77181243896484,115.5624771118164
585.253414687073,347.0644695877278,96.77181243896484,115.5624771118164
632.3059906026483,507.34936493115856,96.77181243896484,115.5624771118164
632.3059906026483,507.34936493115856,96.77181243896484,115.5624771118164
632.3059906026483,507.34936493115856,96.77181243896484,115.5624771118164
632.3059906026483,507.34936493115856,96.77181243896484,115.5624771118164
656.2294460349592,491.27582667242586,96.77181243896484,115.5624771118164
656.2294460349592,491.27582667242586,96.77181243896484,115.5624771118164
393.8559906615332,653.2480218129016,96.77181243896484,115.5624771118164
393.8559906615332,653.2480218129016,96.77181243896484,115.5624771118164
393.8559906615332,653.2480218129016,96.77181243896484,115.5624771118164
393.8559906615332,653.2480218129016,96.77181243896484,115.5624771118164
393.8559906615332,653.2480218129016,96.77181243896484,115.5624771118164
393.8559906615332,653.2480218129016,96.77181243896484,115.5624771118164
393.8559906615332,653.2480218129016,96.77181243896484,115.5624771118164
393.8559906615332,653.2480218129016,96.77181243896484,115.5624771118164
393.8559906615332,653.2480218129016,96.77181243896484,115.5624771118164
393.8559906615332,653.2480218129016,96.77181243896484,115.5624771118164
393.8559906615332,653.2480218129016,96.77181243896484,115.5624771118164
393.8559906615332,653.2480218129016,96.77181243896484,115.5624771118164
393.8559906615332,653.2480218129016,96.77181243896484,115.5624771118164
393.8559906615332,653.2480218129016,96.77181243896484,115.5624771118164
393.8559906615332,653.2480218129016,96.77181243896484,115.5624771118164
393.8559906615332,653.2480218129016,96.77181243896484,115.5624771118164
317.8268092771012,613.0153247030273,96.77181243896484,115.5624771118164
317.8268092771012,613.0153247030273,96.77181243896484,115.5624771118164
317.8268092771012,613.0153247030273,96.77181243896484,115.5624771118164
317.8268092771012,613.0153247030273,96.77181243896484,115.5624771118164
314.3729521724684,499.33518207008206,96.77181243896484,115.5624771118164
314.3729521724684,499.33518207008206,96.77181243896484,115.5624771118164
314.3729521724684,499.33518207008206,96.77181243896484,115.5624771118164
314.3729521724684,499.33518207008206,96.77181243896484,115.5624771118164
445.5532981393198,477.45232992533727,96.77181243896484,115.5624771118164
445.5532981393198,477.45232992533727,96.77181243896484,115.5624771118164
445.5532981393198,477.45232992533727,96.77181243896484,115.5624771118164
642.6534332274964,319.91242726983705,96.77181243896484,115.5624771118164
642.6534332274964,319.91242726983705,96.77181243896484,115.5624771118164
642.6534332274964,319.91242726983705,96.77181243896484,115.5624771118164
625.9264922991572,298.36269965043607,96.77181243896484,115.5624771118164
625.9264922991572,298.36269965043607,96.77181243896484,115.5624771118164
541.885450431914,475.2727643125162,96.77181243896484,115.5624771118164
541.885450431914,475.2727643125162,96.77181243896484,115.5624771118164
541.885450431914,475.2727643125162,96.77181243896484,115.5624771118164
541.885450431914,475.2727643125162,96.77181243896484,115.5624771118164
563.1815979903744,364.61631131267313,96.77181243896484,115.5624771118164
563.1815979903744,364.61631131267313,96.77181243896484,115.5624771118164
563.1815979903744,364.61631131267313,96.77181243896484,115.5624771118164
563.1815979903744,364.61631131267313,96.77181243896484,115.5624771118164
563.1815979903744,364.61631131267313,96.77181243896484,115.5624771118164
563.1815979903744,364.61631131267313,96.77181243896484,115.5624771118164
596.8142075950361,363.8361190641275,94.70812225341797,113.09807586669922
618.4735417569091,361.7927856526301,94.70812225341797,113.09807586669922
618.4735417569091,361.7927856526301,94.70812225341797,113.09807586669922
618.4735417569091,361.7927856526301,94.70812225341797,113.09807586669922
618.4735417569091,361.7927856526301,94.70812225341797,113.09807586669922
618.4735417569091,361.7927856526301,94.70812225341797,113.09807586669922
618.4735417569091,361.7927856526301,94.70812225341797,113.09807586669922
618.4735417569091,361.7927856526301,94.70812225341797,113.09807586669922
618.4735417569091,361.7927856526301,94.70812225341797,113.09807586669922
618.4735417569091,361.7927856526301,94.70812225341797,113.09807586669922
618.4735417569091,361.7927856526301,94.70812225341797,113.09807586669922
618.4735417569091,361.7927856526301,94.70812225341797,113.09807586669922
698.9808781699084,371.19211934551834,94.70812225341797,113.09807586669922
698.9808781699084,371.19211934551834,94.70812225341797,113.09807586669922
698.9808781699084,371.19211934551834,94.70812225341797,113.09807586669922
698.9808781699084,371.19211934551834,94.70812225341797,113.09807586669922
698.9808781699084,371.19211934551834,94.70812225341797,113.09807586669922
698.9808781699084,371.19211934551834,94.70812225341797,113.09807586669922
698.9808781699084,371.19211934551834,94.70812225341797,113.09807586669922
698.9808781699084,371.19211934551834,94.70812225341797,113.09807586669922
698.9808781699084,371.19211934551834,94.70812225341797,113.09807586669922
698.9808781699084,371.19211934551834,94.70812225341797,113.09807586669922
698.9808781699084,371.19211934551834,94.70812225341797,113.09807586669922
698.9808781699084,371.19211934551834,94.70812225341797,113.09807586669922
698.9808781699084,371.19211934551834,94.70812225341797,113.09807586669922
698.9808781699084,371.19211934551834,94.70812225341797,113.09807586669922
698.9808781699084,371.19211934551834,94.70812225341797,113.09807586669922
698.9808781699084,371.19211934551834,94.70812225341797,113.09807586669922
698.9808781699084,371.19211934551834,94.70812225341797,113.09807586669922
698.9808781699084,371.19211934551834,94.70812225341797,113.09807586669922
698.9808781699084,371.19211934551834,94.70812225341797,113.09807586669922
698.9808781699084,371.19211934551834,94.70812225341797,113.09807586669922
698.9808781699084,371.19211934551834,94.70812225341797,113.09807586669922
698.9808781699084,371.19211934551834,94.70812225341797,113.09807586669922
661.2370013245043,258.2979028039759,94.70812225341797,113.09807586669922
467.9807632007521,435.2660801969064,94.70812225341797,113.09807586669922
467.9807632007521,435.2660801969064,94.70812225341797,113.09807586669922
619.4938975917709,405.2156164339118,94.70812225341797,113.09807586669922
525.8130116009197,395.15901283440417,94.70812225341797,113.09807586669922
620.5963240681232,394.2380431409052,94.70812225341797,113.09807586669922
620.5963240681232,394.2380431409052,94.70812225341797,113.09807586669922
620.5963240681232,394.2380431409052,94.70812225341797,113.09807586669922
620.5963240681232,394.2380431409052,94.70812225341797,113.09807586669922
620.5963240681232,394.2380431409052,94.70812225341797,113.09807586669922
454.1935005097814,439.6443382196229,94.70812225341797,113.09807586669922
668.8872973508669,229.01215057163427,94.70812225341797,113.09807586669922
668.8872973508669,229.01215057163427,94.70812225341797,113.09807586669922
668.8872973508669,229.01215057163427,94.70812225341797,113.09807586669922
668.8872973508669,229.01215057163427,94.70812225341797,113.09807586669922
597.2843508658326,348.0856038011993,94.70812225341797,113.09807586669922
597.2843508658326,348.0856038011993,94.70812225341797,113.09807586669922
566.3676881738035,-25.979441512518378,94.70812225341797,113.09807586669922
566.3676881738035,-25.979441512518378,94.70812225341797,113.09807586669922
566.3676881738035,-25.979441512518378,94.70812225341797,113.09807586669922
566.3676881738035,-25.979441512518378,94.70812225341797,113.09807586669922
566.3676881738035,-25.979441512518378,94.70812225341797,113.09807586669922
566.3676881738035,-25.979441512518378,94.70812225341797,113.09807586669922
576.1898528385727,568.6039162814008,94.70812225341797,113.09807586669922
576.1898528385727,568.6039162814008,94.70812225341797,113.09807586669922
644.3264337589264,622.6373292696771,94.70812225341797,113.09807586669922
644.3264337589264,622.6373292696771,94.70812225341797,113.09807586669922
644.3264337589264,622.6373292696771,94.70812225341797,113.09807586669922
622.6860690337364,-1.9998218682870572,94.70812225341797,113.09807586669922
16.437499270219007,505.00709853294416,94.70812225341797,113.09807586669922
651.4306028167515,266.4475947715572,94.70812225341797,113.09807586669922
617.0999912538196,266.0193160163375,94.70812225341797,113.09807586669922
644.980891803062,456.4193319171304,94.70812225341797,113.09807586669922
644.980891803062,456.4193319171304,94.70812225341797,113.09807586669922
644.980891803062,456.4193319171304,94.70812225341797,113.09807586669922
644.980891803062,456.4193319171304,94.70812225341797,113.09807586669922
644.980891803062,456.4193319171304,94.70812225341797,113.09807586669922
504.4068217001326,448.24799553208265,94.70812225341797,113.09807586669922
504.4068217001326,448.24799553208265,94.70812225341797,113.09807586669922
504.4068217001326,448.24799553208265,94.70812225341797,113.09807586669922
504.4068217001326,448.24799553208265,94.70812225341797,113.09807586669922
504.4068217001326,448.24799553208265,94.70812225341797,113.09807586669922
504.4068217001326,448.24799553208265,94.70812225341797,113.09807586669922
504.4068217001326,448.24799553208265,94.70812225341797,113.09807586669922
504.4068217001326,448.24799553208265,94.70812225341797,113.09807586669922
504.4068217001326,448.24799553208265,94.70812225341797,113.09807586669922
553.7141818154951,313.6471783205717,94.70812225341797,113.09807586669922
553.7141818154951,313.6471783205717,94.70812225341797,113.09807586669922
553.7141818154951,313.6471783205717,94.70812225341797,113.09807586669922
553.7141818154951,313.6471783205717,94.70812225341797,113.09807586669922
553.7141818154951,313.6471783205717,94.70812225341797,113.09807586669922
528.9147257035412,431.0286654159924,94.70812225341797,113.09807586669922
528.9147257035412,431.0286654159924,94.70812225341797,113.09807586669922
528.9147257035412,431.0286654159924,94.70812225341797,113.09807586669922
528.9147257035412,431.0286654159924,94.70812225341797,113.09807586669922
528.9147257035412,431.0286654159924,94.70812225341797,113.09807586669922
528.9147257035412,431.0286654159924,94.70812225341797,113.09807586669922
528.9147257035412,431.0286654159924,94.70812225341797,113.09807586669922
528.9147257035412,431.0286654159924,94.70812225341797,113.09807586669922
528.9147257035412,431.0286654159924,94.70812225341797,113.09807586669922
528.9147257035412,431.0286654159924,94.70812225341797,113.09807586669922
528.9147257035412,431.0286654159924,94.70812225341797,113.09807586669922
528.9147257035412,431.0286654159924,94.70812225341797,113.09807586669922
556.8871069994617,440.2190798116129,94.70812225341797,113.09807586669922
556.8871069994617,440.2190798116129,94.70812225341797,113.09807586669922
556.8871069994617,440.2190798116129,94.70812225341797,113.09807586669922
556.8871069994617,440.2190798116129,94.70812225341797,113.09807586669922
556.8871069994617,440.2190798116129,94.70812225341797,113.09807586669922
556.8871069994617,440.2190798116129,94.70812225341797,113.09807586669922
614.5967741809897,237.12304774521954,94.70812225341797,113.09807586669922
614.5967741809897,237.12304774521954,94.70812225341797,113.09807586669922
614.5967741809897,237.12304774521954,94.70812225341797,113.09807586669922
614.5967741809897,237.12304774521954,94.70812225341797,113.09807586669922
614.5967741809897,237.12304774521954,94.70812225341797,113.09807586669922
614.5967741809897,237.12304774521954,94.70812225341797,113.09807586669922
614.5967741809897,237.12304774521954,94.70812225341797,113.09807586669922
614.5967741809897,237.12304774521954,94.70812225341797,113.09807586669922
614.5967741809897,237.12304774521954,94.70812225341797,113.09807586669922
578.3948512369731,288.1896683071912,94.70812225341797,113.09807586669922
578.3948512369731,288.1896683071912,94.70812225341797,113.09807586669922
578.3948512369731,288.1896683071912,94.70812225341797,113.09807586669922
578.3948512369731,288.1896683071912,94.70812225341797,113.09807586669922
578.3948512369731,288.1896683071912,94.70812225341797,113.09807586669922
578.3948512369731,288.1896683071912,94.70812225341797,113.09807586669922
578.3948512369731,288.1896683071912,94.70812225341797,113.09807586669922
578.3948512369731,288.1896683071912,94.70812225341797,113.09807586669922
666.2526571006849,230.90972234395423,94.70812225341797,113.09807586669922
133.95763420309623,472.9603058410345,94.70812225341797,113.09807586669922
133.95763420309623,472.9603058410345,94.70812225341797,113.09807586669922
269.61913492771714,611.9708227408375,94.70812225341797,113.09807586669922
269.61913492771714,611.9708227408375,94.70812225341797,113.09807586669922
612.8129910283676,407.938400114962,94.70812225341797,113.09807586669922
612.8129910283676,407.938400114962,94.70812225341797,113.09807586669922
612.8129910283676,407.938400114962,94.70812225341797,113.09807586669922
560.870066507019,256.8570626638906,94.70812225341797,113.09807586669922
624.6869223488862,326.09645362859766,94.70812225341797,113.09807586669922
624.6869223488862,326.09645362859766,94.70812225341797,113.09807586669922
624.6869223488862,326.09645362859766,94.70812225341797,113.09807586669922
624.6869223488862,326.09645362859766,94.70812225341797,113.09807586669922
624.6869223488862,326.09645362859766,94.70812225341797,113.09807586669922
624.6869223488862,326.09645362859766,94.70812225341797,113.09807586669922
624.6869223488862,326.09645362859766,94.70812225341797,113.09807586669922
624.6869223488862,326.09645362859766,94.70812225341797,113.09807586669922
624.6869223488862,326.09645362859766,94.70812225341797,113.09807586669922
624.6869223488862,326.09645362859766,94.70812225341797,113.09807586669922
624.6869223488862,326.09645362859766,94.70812225341797,113.09807586669922
624.6869223488862,326.09645362859766,94.70812225341797,113.09807586669922
624.6869223488862,326.09645362859766,94.70812225341797,113.09807586669922
624.6869223488862,326.09645362859766,94.70812225341797,113.09807586669922
624.6869223488862,326.09645362859766,94.70812225341797,113.09807586669922
624.6869223488862,326.09645362859766,94.70812225341797,113.09807586669922
624.6869223488862,326.09645362859766,94.70812225341797,113.09807586669922
624.6869223488862,326.09645362859766,94.70812225341797,113.09807586669922
624.6869223488862,326.09645362859766,94.70812225341797,113.09807586669922
562.7139730374345,403.5342568071711,94.70812225341797,113.09807586669922
562.7139730374345,403.5342568071711,94.70812225341797,113.09807586669922
562.7139730374345,403.5342568071711,94.70812225341797,113.09807586669922
562.7139730374345,403.5342568071711,94.70812225341797,113.09807586669922
562.7139730374345,403.5342568071711,94.70812225341797,113.09807586669922
562.7139730374345,403.5342568071711,94.70812225341797,113.09807586669922
562.7139730374345,403.5342568071711,94.70812225341797,113.09807586669922
562.7139730374345,403.5342568071711,94.70812225341797,113.09807586669922
562.7139730374345,403.5342568071711,94.70812225341797,113.09807586669922
562.7139730374345,403.5342568071711,94.70812225341797,113.09807586669922
562.7139730374345,403.5342568071711,94.70812225341797,113.09807586669922
562.7139730374345,403.5342568071711,94.70812225341797,113.09807586669922
145.04468886841073,58.47602789182531,94.70812225341797,113.09807586669922
145.04468886841073,58.47602789182531,94.70812225341797,113.09807586669922
145.04468886841073,58.47602789182531,94.70812225341797,113.09807586669922
122.28109267755207,-9.90251883142065,94.70812225341797,113.09807586669922
122.28109267755207,-9.90251883142065,94.70812225341797,113.09807586669922
122.28109267755207,-9.90251883142065,94.70812225341797,113.09807586669922
535.009133485524,437.33815621790484,94.70812225341797,113.09807586669922
535.009133485524,437.33815621790484,94.70812225341797,113.09807586669922
535.009133485524,437.33815621790484,94.70812225341797,113.09807586669922
535.009133485524,437.33815621790484,94.70812225341797,113.09807586669922
535.009133485524,437.33815621790484,94.70812225341797,113.09807586669922
536.7528170415289,419.7792639961426,94.70812225341797,113.09807586669922
536.7528170415289,419.7792639961426,94.70812225341797,113.09807586669922
536.7528170415289,419.7792639961426,94.70812225341797,113.09807586669922
536.7528170415289,419.7792639961426,94.70812225341797,113.09807586669922
536.7528170415289,419.7792639961426,94.70812225341797,113.09807586669922
580.7417887151357,399.6434897422448,94.70812225341797,113.09807586669922
580.7417887151357,399.6434897422448,94.70812225341797,113.09807586669922
580.7417887151357,399.6434897422448,94.70812225341797,113.09807586669922
580.7417887151357,399.6434897422448,94.70812225341797,113.09807586669922
580.7417887151357,399.6434897422448,94.70812225341797,113.09807586669922
580.7417887151357,399.6434897422448,94.70812225341797,113.09807586669922
580.7417887151357,399.6434897422448,94.70812225341797,113.09807586669922
580.7417887151357,399.6434897422448,94.70812225341797,113.09807586669922
580.7417887151357,399.6434897422448,94.70812225341797,113.09807586669922
580.7417887151357,399.6434897422448,94.70812225341797,113.09807586669922
580.7417887151357,399.6434897422448,94.70812225341797,113.09807586669922
580.7417887151357,399.6434897422448,94.70812225341797,113.09807586669922
580.7417887151357,399.6434897422448,94.70812225341797,113.09807586669922
580.7417887151357,399.6434897422448,94.70812225341797,113.09807586669922
580.7417887151357,399.6434897422448,94.70812225341797,113.09807586669922
580.7417887151357,399.6434897422448,94.70812225341797,113.09807586669922
580.7417887151357,399.6434897422448,94.70812225341797,113.09807586669922
580.7417887151357,399.6434897422448,94.70812225341797,113.09807586669922
580.7417887151357,399.6434897422448,94.70812225341797,113.09807586669922
580.7417887151357,399.6434897422448,94.70812225341797,113.09807586669922
580.7417887151357,399.6434897422448,94.70812225341797,113.09807586669922
580.7417887151357,399.6434897422448,94.70812225341797,113.09807586669922
580.7417887151357,399.6434897422448,94.70812225341797,113.09807586669922
598.9777321697152,462.7449099414822,94.70812225341797,113.09807586669922
598.9777321697152,462.7449099414822,94.70812225341797,113.09807586669922
626.8315334430636,-46.788086978296235,94.70812225341797,113.09807586669922
626.8315334430636,-46.788086978296235,94.70812225341797,113.09807586669922
656.8970562569742,255.7450570052457,94.70812225341797,113.09807586669922
656.8970562569742,255.7450570052457,94.70812225341797,113.09807586669922
656.8970562569742,255.7450570052457,94.70812225341797,113.09807586669922
536.3326436370874,262.17134124228994,94.70812225341797,113.09807586669922
536.3326436370874,262.17134124228994,94.70812225341797,113.09807586669922
536.3326436370874,262.17134124228994,94.70812225341797,113.09807586669922
536.3326436370874,262.17134124228994,94.70812225341797,113.09807586669922
536.3326436370874,262.17134124228994,94.70812225341797,113.09807586669922
536.3326436370874,262.17134124228994,94.70812225341797,113.09807586669922
536.3326436370874,262.17134124228994,94.70812225341797,113.09807586669922
21.123207258188216,555.4583088893626,94.70812225341797,113.09807586669922
103.93711009444044,532.9512918691701,94.70812225341797,113.09807586669922
654.3961085101906,103.80768477077154,94.70812225341797,113.09807586669922
654.3961085101906,103.80768477077154,94.70812225341797,113.09807586669922
654.3961085101906,103.80768477077154,94.70812225341797,113.09807586669922
654.3961085101906,103.80768477077154,94.70812225341797,113.09807586669922
654.3961085101906,103.80768477077154,94.70812225341797,113.09807586669922
614.2698824905596,458.2073617782522,94.70812225341797,113.09807586669922
614.2698824905596,458.2073617782522,94.70812225341797,113.09807586669922
614.2698824905596,458.2073617782522,94.70812225341797,113.09807586669922
614.2698824905596,458.2073617782522,94.70812225341797,113.09807586669922
614.2698824905596,458.2073617782522,94.70812225341797,113.09807586669922
614.2698824905596,458.2073617782522,94.70812225341797,113.09807586669922
664.7525749572984,60.50071478793697,94.70812225341797,113.09807586669922
596.5358194195132,546.7492768105468,94.70812225341797,113.09807586669922
596.5358194195132,546.7492768105468,94.70812225341797,113.09807586669922
596.5358194195132,546.7492768105468,94.70812225341797,113.09807586669922
596.5358194195132,546.7492768105468,94.70812225341797,113.09807586669922
596.5358194195132,546.7492768105468,94.70812225341797,113.09807586669922
596.5358194195132,546.7492768105468,94.70812225341797,113.09807586669922
491.4755346808222,348.822733488405,94.70812225341797,113.09807586669922
491.4755346808222,348.822733488405,94.70812225341797,113.09807586669922
491.4755346808222,348.822733488405,94.70812225341797,113.09807586669922
493.9746153881507,465.57842138126284,94.70812225341797,113.09807586669922
515.951763208435,264.1711777134222,94.70812225341797,113.09807586669922
431.6042409602744,516.2607733505901,94.70812225341797,113.09807586669922
581.4292276682366,454.2170831599188,94.70812225341797,113.09807586669922
581.4292276682366,454.2170831599188,94.70812225341797,113.09807586669922
581.4292276682366,454.2170831599188,94.70812225341797,113.09807586669922
73.79685007578408,261.46837809016927,94.70812225341797,113.09807586669922
73.79685007578408,261.46837809016927,94.70812225341797,113.09807586669922
73.79685007578408,261.46837809016927,94.70812225341797,113.09807586669922
69.35967507498968,248.37532711517622,94.70812225341797,113.09807586669922
160.7338310679005,298.17985910877394,94.70812225341797,113.09807586669922
564.5843987576233,272.60861595032065,94.70812225341797,113.09807586669922
564.5843987576233,272.60861595032065,94.70812225341797,113.09807586669922
564.5843987576233,272.60861595032065,94.70812225341797,113.09807586669922
564.5843987576233,272.60861595032065,94.70812225341797,113.09807586669922
571.097449401147,294.9320752293339,94.70812225341797,113.09807586669922
571.097449401147,294.9320752293339,94.70812225341797,113.09807586669922
571.097449401147,294.9320752293339,94.70812225341797,113.09807586669922
571.097449401147,294.9320752293339,94.70812225341797,113.09807586669922
221.08226889110523,238.54441035546188,94.70812225341797,113.09807586669922
221.08226889110523,238.54441035546188,94.70812225341797,113.09807586669922
285.4766966591436,322.45249912713984,94.70812225341797,113.09807586669922
285.4766966591436,322.45249912713984,94.70812225341797,113.09807586669922
285.4766966591436,322.45249912713984,94.70812225341797,113.09807586669922
285.4766966591436,322.45249912713984,94.70812225341797,113.09807586669922
148.88977112502153,402.9176859923706,94.70812225341797,113.09807586669922
148.88977112502153,402.9176859923706,94.70812225341797,113.09807586669922
200.19320460806168,334.49833866676283,94.70812225341797,113.09807586669922
375.47411602929503,274.42908985825994,94.70812225341797,113.09807586669922
375.47411602929503,274.42908985825994,94.70812225341797,113.09807586669922
375.47411602929503,274.42908985825994,94.70812225341797,113.09807586669922
278.422293254276,285.4411185030466,94.70812225341797,113.09807586669922
649.71717944254,363.11511525507615,94.70812225341797,113.09807586669922
649.71717944254,363.11511525507615,94.70812225341797,113.09807586669922
649.71717944254,363.11511525507615,94.70812225341797,113.09807586669922
649.71717944254,363.11511525507615,94.70812225341797,113.09807586669922
295.6055712321083,296.4811416589893,94.70812225341797,113.09807586669922
295.6055712321083,296.4811416589893,94.70812225341797,113.09807586669922
490.9533555796287,410.01822598676483,94.70812225341797,113.09807586669922
560.3700021365197,300.00920610296714,94.70812225341797,113.09807586669922
560.3700021365197,300.00920610296714,94.70812225341797,113.09807586669922
560.3700021365197,300.00920610296714,94.70812225341797,113.09807586669922
199.40692465163104,-4.061840344613188,94.70812225341797,113.09807586669922
659.691346308725,253.81282474596946,94.70812225341797,113.09807586669922
659.691346308725,253.81282474596946,94.70812225341797,113.09807586669922
659.691346308725,253.81282474596946,94.70812225341797,113.09807586669922
659.691346308725,253.81282474596946,94.70812225341797,113.09807586669922
659.691346308725,253.81282474596946,94.70812225341797,113.09807586669922
659.691346308725,253.81282474596946,94.70812225341797,113.09807586669922
659.691346308725,253.81282474596946,94.70812225341797,113.09807586669922
659.691346308725,253.81282474596946,94.70812225341797,113.09807586669922
659.691346308725,253.81282474596946,94.70812225341797,113.09807586669922
659.691346308725,253.81282474596946,94.70812225341797,113.09807586669922
659.691346308725,253.81282474596946,94.70812225341797,113.09807586669922
659.691346308725,253.81282474596946,94.70812225341797,113.09807586669922
659.691346308725,253.81282474596946,94.70812225341797,113.09807586669922
659.691346308725,253.81282474596946,94.70812225341797,113.09807586669922
659.691346308725,253.81282474596946,94.70812225341797,113.09807586669922
320.9390241092161,479.8164934090064,94.70812225341797,113.09807586669922
45.477910489544556,245.16779533056638,94.70812225341797,113.09807586669922
45.477910489544556,245.16779533056638,94.70812225341797,113.09807586669922
45.477910489544556,245.16779533056638,94.70812225341797,113.09807586669922
45.477910489544556,245.16779533056638,94.70812225341797,113.09807586669922
45.477910489544556,245.16779533056638,94.70812225341797,113.09807586669922
45.477910489544556,245.16779533056638,94.70812225341797,113.09807586669922
45.477910489544556,245.16779533056638,94.70812225341797,113.09807586669922
45.477910489544556,245.16779533056638,94.70812225341797,113.09807586669922
159.55315145434076,274.5973066649815,94.70812225341797,113.09807586669922
131.10816578466063,117.02404338789549,94.70812225341797,113.09807586669922
131.10816578466063,117.02404338789549,94.70812225341797,113.09807586669922
131.10816578466063,117.02404338789549,94.70812225341797,113.09807586669922
131.10816578466063,117.02404338789549,94.70812225341797,113.09807586669922
131.10816578466063,117.02404338789549,94.70812225341797,113.09807586669922
131.10816578466063,117.02404338789549,94.70812225341797,113.09807586669922
131.10816578466063,117.02404338789549,94.70812225341797,113.09807586669922
131.10816578466063,117.02404338789549,94.70812225341797,113.09807586669922
131.10816578466063,117.02404338789549,94.70812225341797,113.09807586669922
131.10816578466063,117.02404338789549,94.70812225341797,113.09807586669922
131.10816578466063,117.02404338789549,94.70812225341797,113.09807586669922
131.10816578466063,117.02404338789549,94.70812225341797,113.09807586669922
131.10816578466063,117.02404338789549,94.70812225341797,113.09807586669922
131.10816578466063,117.02404338789549,94.70812225341797,113.09807586669922
35.52951887821989,497.69120813472693,94.70812225341797,113.09807586669922
320.0760356161608,125.6052766993335,94.70812225341797,113.09807586669922
320.0760356161608,125.6052766993335,94.70812225341797,113.09807586669922
320.0760356161608,125.6052766993335,94.70812225341797,113.09807586669922
320.0760356161608,125.6052766993335,94.70812225341797,113.09807586669922
320.0760356161608,125.6052766993335,94.70812225341797,113.09807586669922
320.0760356161608,125.6052766993335,94.70812225341797,113.09807586669922
320.0760356161608,125.6052766993335,94.70812225341797,113.09807586669922
320.0760356161608,125.6052766993335,94.70812225341797,113.09807586669922
378.0729062519168,293.4226751012467,94.70812225341797,113.09807586669922
378.0729062519168,293.4226751012467,94.70812225341797,113.09807586669922
378.0729062519168,293.4226751012467,94.70812225341797,113.09807586669922
378.0729062519168,293.4226751012467,94.70812225341797,113.09807586669922
378.0729062519168,293.4226751012467,94.70812225341797,113.09807586669922
397.2089262210972,452.2087140777479,94.70812225341797,113.09807586669922
571.0536179678608,141.3788314915871,94.70812225341797,113.09807586669922
439.34364157982225,107.85064056274067,94.70812225341797,113.09807586669922
485.07008505898045,186.8957234255646,94.70812225341797,113.09807586669922
626.6251327089597,305.6466742228676,94.70812225341797,113.09807586669922
626.6251327089597,305.6466742228676,94.70812225341797,113.09807586669922
626.6251327089597,305.6466742228676,94.70812225341797,113.09807586669922
626.6251327089597,305.6466742228676,94.70812225341797,113.09807586669922
622.414474190976,326.4049130535736,94.70812225341797,113.09807586669922
622.414474190976,326.4049130535736,94.70812225341797,113.09807586669922
622.414474190976,326.4049130535736,94.70812225341797,113.09807586669922
671.7183542632636,126.55816457673623,94.70812225341797,113.09807586669922
671.7183542632636,126.55816457673623,94.70812225341797,113.09807586669922
54.59449662165062,315.6990117139493,94.70812225341797,113.09807586669922
54.59449662165062,315.6990117139493,94.70812225341797,113.09807586669922
54.59449662165062,315.6990117139493,94.70812225341797,113.09807586669922
54.59449662165062,315.6990117139493,94.70812225341797,113.09807586669922
54.59449662165062,315.6990117139493,94.70812225341797,113.09807586669922
54.59449662165062,315.6990117139493,94.70812225341797,113.09807586669922
54.59449662165062,315.6990117139493,94.70812225341797,113.09807586669922
54.59449662165062,315.6990117139493,94.70812225341797,113.09807586669922
54.59449662165062,315.6990117139493,94.70812225341797,113.09807586669922
54.59449662165062,315.6990117139493,94.70812225341797,113.09807586669922
54.59449662165062,315.6990117139493,94.70812225341797,113.09807586669922
641.6278298070525,324.5198346543714,94.70812225341797,113.09807586669922
641.6278298070525,324.5198346543714,94.70812225341797,113.09807586669922
641.6278298070525,324.5198346543714,94.70812225341797,113.09807586669922
75.57875911138223,405.6243370263198,94.70812225341797,113.09807586669922
75.57875911138223,405.6243370263198,94.70812225341797,113.09807586669922
75.57875911138223,405.6243370263198,94.70812225341797,113.09807586669922
328.02414381874087,433.52411570821243,94.70812225341797,113.09807586669922
328.02414381874087,433.52411570821243,94.70812225341797,113.09807586669922
328.02414381874087,433.52411570821243,94.70812225341797,113.09807586669922
268.6744736042363,239.60121040628917,94.70812225341797,113.09807586669922
268.6744736042363,239.60121040628917,94.70812225341797,113.09807586669922
177.20637506789137,305.59924986859386,94.70812225341797,113.09807586669922
177.20637506789137,305.59924986859386,94.70812225341797,113.09807586669922
316.1418473336882,379.3865513500914,94.70812225341797,113.09807586669922
284.1370699022082,289.47262315816346,94.70812225341797,113.09807586669922
284.1370699022082,289.47262315816346,94.70812225341797,113.09807586669922
319.52124477329727,310.58745777000763,94.70812225341797,113.09807586669922
458.64361625342457,359.2090620116687,94.70812225341797,113.09807586669922
458.64361625342457,359.2090620116687,94.70812225341797,113.09807586669922
375.97866294687486,217.4222621085379,94.70812225341797,113.09807586669922
375.97866294687486,217.4222621085379,94.70812225341797,113.09807586669922
375.97866294687486,217.4222621085379,94.70812225341797,113.09807586669922
375.97866294687486,217.4222621085379,94.70812225341797,113.09807586669922
455.2762542794843,215.81976829456278,94.70812225341797,113.09807586669922
390.336112703412,328.7980130928612,94.70812225341797,113.09807586669922
390.336112703412,328.7980130928612,94.70812225341797,113.09807586669922
550.9845235961557,244.49559395278993,94.70812225341797,113.09807586669922
550.9845235961557,244.49559395278993,94.70812225341797,113.09807586669922
593.5418339249734,303.53515561015865,94.70812225341797,113.09807586669922
595.8825271557812,343.88167240699534,94.70812225341797,113.09807586669922
458.1673117020884,291.8298334998471,94.70812225341797,113.09807586669922
458.1673117020884,291.8298334998471,94.70812225341797,113.09807586669922
458.1673117020884,291.8298334998471,94.70812225341797,113.09807586669922
588.8507024097245,279.9222491460272,94.70812225341797,113.09807586669922
588.8507024097245,279.9222491460272,94.70812225341797,113.09807586669922
588.8507024097245,279.9222491460272,94.70812225341797,113.09807586669922
499.1355536755028,297.84009228100103,94.70812225341797,113.09807586669922
499.1355536755028,297.84009228100103,94.70812225341797,113.09807586669922
499.1355536755028,297.84009228100103,94.70812225341797,113.09807586669922
633.931030737169,366.2630646544882,94.70812225341797,113.09807586669922
633.931030737169,366.2630646544882,94.70812225341797,113.09807586669922
633.931030737169,366.2630646544882,94.70812225341797,113.09807586669922
633.931030737169,366.2630646544882,94.70812225341797,113.09807586669922
651.1389531550645,445.482302733683,94.70812225341797,113.09807586669922
645.8605168428521,415.7125503654237,94.70812225341797,113.09807586669922
645.8605168428521,415.7125503654237,94.70812225341797,113.09807586669922
644.7265608328385,383.5881376440308,94.70812225341797,113.09807586669922
644.7265608328385,383.5881376440308,94.70812225341797,113.09807586669922
644.7265608328385,383.5881376440308,94.70812225341797,113.09807586669922
644.7265608328385,383.5881376440308,94.70812225341797,113.09807586669922
659.7666027761716,427.0979280720894,94.70812225341797,113.09807586669922
659.7666027761716,427.0979280720894,94.70812225341797,113.09807586669922
659.7666027761716,427.0979280720894,94.70812225341797,113.09807586669922
659.7666027761716,427.0979280720894,94.70812225341797,113.09807586669922
659.7666027761716,427.0979280720894,94.70812225341797,113.09807586669922
659.7666027761716,427.0979280720894,94.70812225341797,113.09807586669922
659.7666027761716,427.0979280720894,94.70812225341797,113.09807586669922
659.7666027761716,427.0979280720894,94.70812225341797,113.09807586669922
659.7666027761716,427.0979280720894,94.70812225341797,113.09807586669922
659.7666027761716,427.0979280720894,94.70812225341797,113.09807586669922
659.7666027761716,427.0979280720894,94.70812225341797,113.09807586669922
659.7666027761716,427.0979280720894,94.70812225341797,113.09807586669922
659.7666027761716,427.0979280720894,94.70812225341797,113.09807586669922
659.7666027761716,427.0979280720894,94.70812225341797,113.09807586669922
659.7666027761716,427.0979280720894,94.70812225341797,113.09807586669922
631.2753973186324,275.9291296265708,94.70812225341797,113.09807586669922
631.2753973186324,275.9291296265708,94.70812225341797,113.09807586669922
631.2753973186324,275.9291296265708,94.70812225341797,113.09807586669922
631.2753973186324,275.9291296265708,94.70812225341797,113.09807586669922
619.6177266055296,448.43691925539997,94.70812225341797,113.09807586669922
619.6177266055296,448.43691925539997,94.70812225341797,113.09807586669922
599.2199674629588,392.5842920534102,94.70812225341797,113.09807586669922
599.2199674629588,392.5842920534102,94.70812225341797,113.09807586669922
599.2199674629588,392.5842920534102,94.70812225341797,113.09807586669922
599.2199674629588,392.5842920534102,94.70812225341797,113.09807586669922
599.2199674629588,392.5842920534102,94.70812225341797,113.09807586669922
599.2199674629588,392.5842920534102,94.70812225341797,113.09807586669922
599.2199674629588,392.5842920534102,94.70812225341797,113.09807586669922
665.7739780984148,426.0537519346289,94.70812225341797,113.09807586669922
665.7739780984148,426.0537519346289,94.70812225341797,113.09807586669922
665.7739780984148,426.0537519346289,94.70812225341797,113.09807586669922
568.0804130940969,422.1411612155913,94.70812225341797,113.09807586669922
568.0804130940969,422.1411612155913,94.70812225341797,113.09807586669922
568.0804130940969,422.1411612155913,94.70812225341797,113.09807586669922
557.8571006161214,526.8550678503418,94.70812225341797,113.09807586669922
557.8571006161214,526.8550678503418,94.70812225341797,113.09807586669922
557.8571006161214,526.8550678503418,94.70812225341797,113.09807586669922
557.8571006161214,526.8550678503418,94.70812225341797,113.09807586669922
557.8571006161214,526.8550678503418,94.70812225341797,113.09807586669922
557.8571006161214,526.8550678503418,94.70812225341797,113.09807586669922
557.8571006161214,526.8550678503418,94.70812225341797,113.09807586669922
557.8571006161214,526.8550678503418,94.70812225341797,113.09807586669922
557.8571006161214,526.8550678503418,94.70812225341797,113.09807586669922
557.8571006161214,526.8550678503418,94.70812225341797,113.09807586669922
496.5812686909238,442.09086603228957,94.70812225341797,113.09807586669922
460.0666536136552,350.31672458371247,94.70812225341797,113.09807586669922
460.0666536136552,350.31672458371247,94.70812225341797,113.09807586669922
424.41460543958317,440.1363683354944,94.70812225341797,113.09807586669922
496.2279487789392,365.3232564199368,94.70812225341797,113.09807586669922
496.2279487789392,365.3232564199368,94.70812225341797,113.09807586669922
496.2279487789392,365.3232564199368,94.70812225341797,113.09807586669922
371.45247106942077,321.32118435534494,94.70812225341797,113.09807586669922
318.17792453354195,505.15481502295756,94.70812225341797,113.09807586669922
368.0876263787099,502.75221586689906,94.70812225341797,113.09807586669922
280.6579996897997,326.004982849867,94.70812225341797,113.09807586669922
339.50761895537056,500.26038428422794,94.70812225341797,113.09807586669922
354.14496820306147,388.565474408002,94.70812225341797,113.09807586669922
354.14496820306147,388.565474408002,94.70812225341797,113.09807586669922
334.78023768870645,392.5765964696369,94.70812225341797,113.09807586669922
334.78023768870645,392.5765964696369,94.70812225341797,113.09807586669922
334.78023768870645,392.5765964696369,94.70812225341797,113.09807586669922
334.78023768870645,392.5765964696369,94.70812225341797,113.09807586669922
334.78023768870645,392.5765964696369,94.70812225341797,113.09807586669922
334.78023768870645,392.5765964696369,94.70812225341797,113.09807586669922
334.78023768870645,392.5765964696369,94.70812225341797,113.09807586669922
334.78023768870645,392.5765964696369,94.70812225341797,113.09807586669922
129.85793891441634,487.2103123237981,94.70812225341797,113.09807586669922
129.85793891441634,487.2103123237981,94.70812225341797,113.09807586669922
111.30330006215661,395.7104246573775,94.70812225341797,113.09807586669922
111.30330006215661,395.7104246573775,94.70812225341797,113.09807586669922
243.4790142558893,494.15456289471445,94.70812225341797,113.09807586669922
243.4790142558893,494.15456289471445,94.70812225341797,113.09807586669922
243.4790142558893,494.15456289471445,94.70812225341797,113.09807586669922
243.4790142558893,494.15456289471445,94.70812225341797,113.09807586669922
243.4790142558893,494.15456289471445,94.70812225341797,113.09807586669922
243.4790142558893,494.15456289471445,94.70812225341797,113.09807586669922
148.0199686163767,404.900000650705,94.70812225341797,113.09807586669922
148.0199686163767,404.900000650705,94.70812225341797,113.09807586669922
560.7111481774461,517.4065406212629,94.70812225341797,113.09807586669922
560.7111481774461,517.4065406212629,94.70812225341797,113.09807586669922
23.174147732807114,313.45526362580557,94.70812225341797,113.09807586669922
23.174147732807114,313.45526362580557,94.70812225341797,113.09807586669922
23.174147732807114,313.45526362580557,94.70812225341797,113.09807586669922
23.174147732807114,313.45526362580557,94.70812225341797,113.09807586669922
41.140008420795624,290.03873148674813,94.70812225341797,113.09807586669922
41.140008420795624,290.03873148674813,94.70812225341797,113.09807586669922
580.4081618280263,342.2881729225252,94.70812225341797,113.09807586669922
580.4081618280263,342.2881729225252,94.70812225341797,113.09807586669922
580.4081618280263,342.2881729225252,94.70812225341797,113.09807586669922
580.4081618280263,342.2881729225252,94.70812225341797,113.09807586669922
518.7199082894648,249.0135830114856,94.70812225341797,113.09807586669922
518.7199082894648,249.0135830114856,94.70812225341797,113.09807586669922
518.7199082894648,249.0135830114856,94.70812225341797,113.09807586669922
518.7199082894648,249.0135830114856,94.70812225341797,113.09807586669922
518.7199082894648,249.0135830114856,94.70812225341797,113.09807586669922
518.7199082894648,249.0135830114856,94.70812225341797,113.09807586669922
518.7199082894648,249.0135830114856,94.70812225341797,113.09807586669922
518.7199082894648,249.0135830114856,94.70812225341797,113.09807586669922
300.1825811554028,186.72201280769698,94.70812225341797,113.09807586669922
385.4248790244112,259.21738202534215,94.70812225341797,113.09807586669922
385.4248790244112,259.21738202534215,94.70812225341797,113.09807586669922
265.64507137558985,359.1079680849384,94.70812225341797,113.09807586669922
265.64507137558985,359.1079680849384,94.70812225341797,113.09807586669922
287.6642139621587,369.67910624702284,94.70812225341797,113.09807586669922
287.6642139621587,369.67910624702284,94.70812225341797,113.09807586669922
320.9677755034294,339.6231793467366,94.70812225341797,113.09807586669922
402.02874243826454,319.8398458000769,94.70812225341797,113.09807586669922
402.02874243826454,319.8398458000769,94.70812225341797,113.09807586669922
402.02874243826454,319.8398458000769,94.70812225341797,113.09807586669922
432.6231423063494,395.8902649311891,94.70812225341797,113.09807586669922
448.6146039069496,408.6978539448944,94.70812225341797,113.09807586669922
448.6146039069496,408.6978539448944,94.70812225341797,113.09807586669922
448.6146039069496,408.6978539448944,94.70812225341797,113.09807586669922
448.6146039069496,408.6978539448944,94.70812225341797,113.09807586669922
448.6146039069496,408.6978539448944,94.70812225341797,113.09807586669922
448.6146039069496,408.6978539448944,94.70812225341797,113.09807586669922
368.2326024951803,343.1353086865903,94.70812225341797,113.09807586669922
368.2326024951803,343.1353086865903,94.70812225341797,113.09807586669922
78.26055682286388,548.5108465482931,94.70812225341797,113.09807586669922
78.26055682286388,548.5108465482931,94.70812225341797,113.09807586669922
78.26055682286388,548.5108465482931,94.70812225341797,113.09807586669922
280.631024777912,292.69079776032015,94.70812225341797,113.09807586669922
346.27450749207475,196.13930256776484,94.70812225341797,113.09807586669922
346.27450749207475,196.13930256776484,94.70812225341797,113.09807586669922
204.1435447528396,322.3374513636521,94.70812225341797,113.09807586669922
204.1435447528396,322.3374513636521,94.70812225341797,113.09807586669922
204.1435447528396,322.3374513636521,94.70812225341797,113.09807586669922
288.2520506797008,292.62880615210224,94.70812225341797,113.09807586669922
413.17120419162546,348.5318137405126,94.70812225341797,113.09807586669922
260.6961795228802,331.0917972454587,94.70812225341797,113.09807586669922
260.6961795228802,331.0917972454587,94.70812225341797,113.09807586669922
260.6961795228802,331.0917972454587,94.70812225341797,113.09807586669922
260.6961795228802,331.0917972454587,94.70812225341797,113.09807586669922
260.6961795228802,331.0917972454587,94.70812225341797,113.09807586669922
267.2973283887312,226.98523130063876,94.70812225341797,113.09807586669922
267.2973283887312,226.98523130063876,94.70812225341797,113.09807586669922
267.2973283887312,226.98523130063876,94.70812225341797,113.09807586669922
267.2973283887312,226.98523130063876,94.70812225341797,113.09807586669922
101.61268556369896,357.9807084343102,94.70812225341797,113.09807586669922
101.61268556369896,357.9807084343102,94.70812225341797,113.09807586669922
101.61268556369896,357.9807084343102,94.70812225341797,113.09807586669922
101.61268556369896,357.9807084343102,94.70812225341797,113.09807586669922
101.61268556369896,357.9807084343102,94.70812225341797,113.09807586669922
101.61268556369896,357.9807084343102,94.70812225341797,113.09807586669922
101.61268556369896,357.9807084343102,94.70812225341797,113.09807586669922
101.61268556369896,357.9807084343102,94.70812225341797,113.09807586669922
-25.326917835652658,327.47832778581255,94.70812225341797,113.09807586669922
-25.326917835652658,327.47832778581255,94.70812225341797,113.09807586669922
-25.326917835652658,327.47832778581255,94.70812225341797,113.09807586669922
-25.326917835652658,327.47832778581255,94.70812225341797,113.09807586669922
-25.326917835652658,327.47832778581255,94.70812225341797,113.09807586669922
-25.326917835652658,327.47832778581255,94.70812225341797,113.09807586669922
632.8522899568991,355.17399287298446,94.70812225341797,113.09807586669922
633.5718125098538,296.6068474166507,94.70812225341797,113.09807586669922
64.06103707569156,680.457182100523,94.70812225341797,113.09807586669922
33.74076063393272,613.5143814438619,94.70812225341797,113.09807586669922
33.74076063393272,613.5143814438619,94.70812225341797,113.09807586669922
33.74076063393272,613.5143814438619,94.70812225341797,113.09807586669922
87.10141235196852,643.9447618486162,94.70812225341797,113.09807586669922
-29.842666555709734,660.8258989594251,94.70812225341797,113.09807586669922
527.3255367441446,534.7157891809564,94.70812225341797,113.09807586669922
527.3255367441446,534.7157891809564,94.70812225341797,113.09807586669922
527.3255367441446,534.7157891809564,94.70812225341797,113.09807586669922
527.3255367441446,534.7157891809564,94.70812225341797,113.09807586669922
527.3255367441446,534.7157891809564,94.70812225341797,113.09807586669922
605.7196999692482,382.9498020472688,94.70812225341797,113.09807586669922
605.7196999692482,382.9498020472688,94.70812225341797,113.09807586669922
605.7196999692482,382.9498020472688,94.70812225341797,113.09807586669922
605.7196999692482,382.9498020472688,94.70812225341797,113.09807586669922
605.7196999692482,382.9498020472688,94.70812225341797,113.09807586669922
539.0638761417323,427.3564020627798,94.70812225341797,113.09807586669922
539.0638761417323,427.3564020627798,94.70812225341797,113.09807586669922
546.278639271258,466.9238158765826,94.70812225341797,113.09807586669922
-13.483333590336485,627.9314571928109,94.70812225341797,113.09807586669922
-13.483333590336485,627.9314571928109,94.70812225341797,113.09807586669922
527.8330145852326,418.9021423985673,94.70812225341797,113.09807586669922
527.8330145852326,418.9021423985673,94.70812225341797,113.09807586669922
527.8330145852326,418.9021423985673,94.70812225341797,113.09807586669922
527.8330145852326,418.9021423985673,94.70812225341797,113.09807586669922
415.0218631637969,432.9476675423938,94.70812225341797,113.09807586669922
415.0218631637969,432.9476675423938,94.70812225341797,113.09807586669922
415.0218631637969,432.9476675423938,94.70812225341797,113.09807586669922
415.0218631637969,432.9476675423938,94.70812225341797,113.09807586669922
415.0218631637969,432.9476675423938,94.70812225341797,113.09807586669922
415.0218631637969,432.9476675423938,94.70812225341797,113.09807586669922
415.0218631637969,432.9476675423938,94.70812225341797,113.09807586669922
415.0218631637969,432.9476675423938,94.70812225341797,113.09807586669922
454.78946468641027,520.3033993141149,94.70812225341797,113.09807586669922
454.78946468641027,520.3033993141149,94.70812225341797,113.09807586669922
454.78946468641027,520.3033993141149,94.70812225341797,113.09807586669922
458.45336994290074,441.54989018683835,94.70812225341797,113.09807586669922
419.42458959131545,447.0840749767055,94.70812225341797,113.09807586669922
378.49950158730934,403.5680008895413,94.70812225341797,113.09807586669922
274.33127667499224,341.9933249438097,94.70812225341797,113.09807586669922
471.8165325078993,397.4971064976387,94.70812225341797,113.09807586669922
468.97485176411215,418.804348831162,94.70812225341797,113.09807586669922
395.54645985049,304.37805812522697,94.70812225341797,113.09807586669922
395.54645985049,304.37805812522697,94.70812225341797,113.09807586669922
395.54645985049,304.37805812522697,94.70812225341797,113.09807586669922
395.54645985049,304.37805812522697,94.70812225341797,113.09807586669922
395.54645985049,304.37805812522697,94.70812225341797,113.09807586669922
395.54645985049,304.37805812522697,94.70812225341797,113.09807586669922
370.0219755349668,297.1017341473899,94.70812225341797,113.09807586669922
370.0219755349668,297.1017341473899,94.70812225341797,113.09807586669922
399.77180522274676,432.0737171854907,94.70812225341797,113.09807586669922
399.77180522274676,432.0737171854907,94.70812225341797,113.09807586669922
399.77180522274676,432.0737171854907,94.70812225341797,113.09807586669922
427.8582138690516,338.35493008842974,94.70812225341797,113.09807586669922
427.8582138690516,338.35493008842974,94.70812225341797,113.09807586669922
427.8582138690516,338.35493008842974,94.70812225341797,113.09807586669922
427.8582138690516,338.35493008842974,94.70812225341797,113.09807586669922
427.8582138690516,338.35493008842974,94.70812225341797,113.09807586669922
427.8582138690516,338.35493008842974,94.70812225341797,113.09807586669922
427.8582138690516,338.35493008842974,94.70812225341797,113.09807586669922
427.8582138690516,338.35493008842974,94.70812225341797,113.09807586669922
427.8582138690516,338.35493008842974,94.70812225341797,113.09807586669922
427.8582138690516,338.35493008842974,94.70812225341797,113.09807586669922
387.1511856660922,398.32819344710754,94.70812225341797,113.09807586669922
387.1511856660922,398.32819344710754,94.70812225341797,113.09807586669922
387.1511856660922,398.32819344710754,94.70812225341797,113.09807586669922
387.1511856660922,398.32819344710754,94.70812225341797,113.09807586669922
387.1511856660922,398.32819344710754,94.70812225341797,113.09807586669922
387.1511856660922,398.32819344710754,94.70812225341797,113.09807586669922
387.1511856660922,398.32819344710754,94.70812225341797,113.09807586669922
387.1511856660922,398.32819344710754,94.70812225341797,113.09807586669922
336.7190441761544,392.00203537976137,94.70812225341797,113.09807586669922
336.7190441761544,392.00203537976137,94.70812225341797,113.09807586669922
336.7190441761544,392.00203537976137,94.70812225341797,113.09807586669922
336.7190441761544,392.00203537976137,94.70812225341797,113.09807586669922
336.7190441761544,392.00203537976137,94.70812225341797,113.09807586669922
336.7190441761544,392.00203537976137,94.70812225341797,113.09807586669922
336.7190441761544,392.00203537976137,94.70812225341797,113.09807586669922
336.7190441761544,392.00203537976137,94.70812225341797,113.09807586669922
336.7190441761544,392.00203537976137,94.70812225341797,113.09807586669922
336.7190441761544,392.00203537976137,94.70812225341797,113.09807586669922
336.7190441761544,392.00203537976137,94.70812225341797,113.09807586669922
270.76222499489256,435.64324587428246,94.70812225341797,113.09807586669922
152.01843837436758,311.5628807454655,94.70812225341797,113.09807586669922
152.01843837436758,311.5628807454655,94.70812225341797,113.09807586669922
152.01843837436758,311.5628807454655,94.70812225341797,113.09807586669922
152.01843837436758,311.5628807454655,94.70812225341797,113.09807586669922
152.01843837436758,311.5628807454655,94.70812225341797,113.09807586669922
152.01843837436758,311.5628807454655,94.70812225341797,113.09807586669922
135.9244002399367,380.3381367284454,94.70812225341797,113.09807586669922
-11.925112846577079,569.0726152438801,94.70812225341797,113.09807586669922
547.8026829559617,545.628917898571,94.70812225341797,113.09807586669922
547.8026829559617,545.628917898571,94.70812225341797,113.09807586669922
85.128127903706,654.499524716282,94.70812225341797,113.09807586669922
85.128127903706,654.499524716282,94.70812225341797,113.09807586669922
85.128127903706,654.499524716282,94.70812225341797,113.09807586669922
85.128127903706,654.499524716282,94.70812225341797,113.09807586669922
85.128127903706,654.499524716282,94.70812225341797,113.09807586669922
85.128127903706,654.499524716282,94.70812225341797,113.09807586669922
85.128127903706,654.499524716282,94.70812225341797,113.09807586669922
139.01827960576935,683.1421898042508,94.70812225341797,113.09807586669922
31.66959183807377,606.4451676697273,94.70812225341797,113.09807586669922
31.66959183807377,606.4451676697273,94.70812225341797,113.09807586669922
16.501123176913644,533.9682761643405,94.70812225341797,113.09807586669922
16.501123176913644,533.9682761643405,94.70812225341797,113.09807586669922
16.501123176913644,533.9682761643405,94.70812225341797,113.09807586669922
16.501123176913644,533.9682761643405,94.70812225341797,113.09807586669922
2.3168568275828605,586.7562827732152,94.70812225341797,113.09807586669922
160.12923687965912,682.7275738076912,94.70812225341797,113.09807586669922
160.12923687965912,682.7275738076912,94.70812225341797,113.09807586669922
160.12923687965912,682.7275738076912,94.70812225341797,113.09807586669922
160.12923687965912,682.7275738076912,94.70812225341797,113.09807586669922
-14.78041820148124,334.9296551906423,94.70812225341797,113.09807586669922
-14.78041820148124,334.9296551906423,94.70812225341797,113.09807586669922
-14.78041820148124,334.9296551906423,94.70812225341797,113.09807586669922
90.73164952639536,449.15322968129556,94.70812225341797,113.09807586669922
90.73164952639536,449.15322968129556,94.70812225341797,113.09807586669922
90.73164952639536,449.15322968129556,94.70812225341797,113.09807586669922
90.73164952639536,449.15322968129556,94.70812225341797,113.09807586669922
-26.468803693642464,433.36007358675874,94.70812225341797,113.09807586669922
-26.468803693642464,433.36007358675874,94.70812225341797,113.09807586669922
197.56812902580393,394.85715319340216,94.70812225341797,113.09807586669922
197.56812902580393,394.85715319340216,94.70812225341797,113.09807586669922
-15.21594157634538,610.3721959288159,94.70812225341797,113.09807586669922
-15.21594157634538,610.3721959288159,94.70812225341797,113.09807586669922
-17.07421337563352,292.0398278145146,94.70812225341797,113.09807586669922
69.908051028959,522.6737494812614,94.70812225341797,113.09807586669922
150.05997324253184,577.7837160321055,94.70812225341797,113.09807586669922
150.05997324253184,577.7837160321055,94.70812225341797,113.09807586669922
-0.9924773866674315,471.5376206910453,94.70812225341797,113.09807586669922
-24.51951398884929,569.031351845815,94.70812225341797,113.09807586669922
-21.53827110263005,529.0840255576353,94.70812225341797,113.09807586669922
-21.53827110263005,529.0840255576353,94.70812225341797,113.09807586669922
-21.53827110263005,529.0840255576353,94.70812225341797,113.09807586669922
-21.53827110263005,529.0840255576353,94.70812225341797,113.09807586669922
148.45521068843516,272.6322428599549,94.70812225341797,113.09807586669922
148.45521068843516,272.6322428599549,94.70812225341797,113.09807586669922
148.45521068843516,272.6322428599549,94.70812225341797,113.09807586669922
148.45521068843516,272.6322428599549,94.70812225341797,113.09807586669922
20.997301091707143,252.10021855486661,94.70812225341797,113.09807586669922
20.997301091707143,252.10021855486661,94.70812225341797,113.09807586669922
20.997301091707143,252.10021855486661,94.70812225341797,113.09807586669922
45.36650462638627,413.21024307336916,94.70812225341797,113.09807586669922
45.36650462638627,413.21024307336916,94.70812225341797,113.09807586669922
45.36650462638627,413.21024307336916,94.70812225341797,113.09807586669922
-42.58903654900898,254.66710169345833,94.70812225341797,113.09807586669922
50.59575184459486,417.68846142010045,94.70812225341797,113.09807586669922
-39.22798368144774,432.0567538112252,94.70812225341797,113.09807586669922
1.468360042986241,393.5549850904954,94.70812225341797,113.09807586669922
120.5178335427716,436.925703522022,94.70812225341797,113.09807586669922
120.5178335427716,436.925703522022,94.70812225341797,113.09807586669922
120.5178335427716,436.925703522022,94.70812225341797,113.09807586669922
120.5178335427716,436.925703522022,94.70812225341797,113.09807586669922
-24.456328078950364,400.9791971692688,94.70812225341797,113.09807586669922
-24.456328078950364,400.9791971692688,94.70812225341797,113.09807586669922
-24.456328078950364,400.9791971692688,94.70812225341797,113.09807586669922
32.676708154338115,463.8636380387584,94.70812225341797,113.09807586669922
-38.6015969598086,379.9273541522457,94.70812225341797,113.09807586669922
-38.6015969598086,379.9273541522457,94.70812225341797,113.09807586669922
-38.6015969598086,379.9273541522457,94.70812225341797,113.09807586669922
-38.6015969598086,379.9273541522457,94.70812225341797,113.09807586669922
317.98894552598995,704.0000691214549,94.70812225341797,113.09807586669922
317.98894552598995,704.0000691214549,94.70812225341797,113.09807586669922
433.41660214580594,511.93999737195736,94.70812225341797,113.09807586669922
433.41660214580594,511.93999737195736,94.70812225341797,113.09807586669922
433.41660214580594,511.93999737195736,94.70812225341797,113.09807586669922
433.41660214580594,511.93999737195736,94.70812225341797,113.09807586669922
433.41660214580594,511.93999737195736,94.70812225341797,113.09807586669922
433.41660214580594,511.93999737195736,94.70812225341797,113.09807586669922
433.41660214580594,511.93999737195736,94.70812225341797,113.09807586669922
433.41660214580594,511.93999737195736,94.70812225341797,113.09807586669922
433.41660214580594,511.93999737195736,94.70812225341797,113.09807586669922
433.41660214580594,511.93999737195736,94.70812225341797,113.09807586669922
433.41660214580594,511.93999737195736,94.70812225341797,113.09807586669922
433.41660214580594,511.93999737195736,94.70812225341797,113.09807586669922
460.352505785707,626.2460385985371,94.70812225341797,113.09807586669922
460.352505785707,626.2460385985371,94.70812225341797,113.09807586669922
355.2671021379297,668.6276598300874,94.70812225341797,113.09807586669922
355.2671021379297,668.6276598300874,94.70812225341797,113.09807586669922
355.2671021379297,668.6276598300874,94.70812225341797,113.09807586669922
355.2671021379297,668.6276598300874,94.70812225341797,113.09807586669922
308.96694756493804,653.8222948670983,94.70812225341797,113.09807586669922
250.52182533679917,577.8258898515468,94.70812225341797,113.09807586669922
250.52182533679917,577.8258898515468,94.70812225341797,113.09807586669922
250.52182533679917,577.8258898515468,94.70812225341797,113.09807586669922
250.52182533679917,577.8258898515468,94.70812225341797,113.09807586669922
250.52182533679917,577.8258898515468,94.70812225341797,113.09807586669922
331.6770844647459,555.291216149829,94.70812225341797,113.09807586669922
331.6770844647459,555.291216149829,94.70812225341797,113.09807586669922
331.6770844647459,555.291216149829,94.70812225341797,113.09807586669922
277.9126087166647,691.8012847807694,94.70812225341797,113.09807586669922
262.7441046454056,515.6506440539031,94.70812225341797,113.09807586669922
262.7441046454056,515.6506440539031,94.70812225341797,113.09807586669922
249.2966738330902,634.1901359838431,94.70812225341797,113.09807586669922
249.2966738330902,634.1901359838431,94.70812225341797,113.09807586669922
249.2966738330902,634.1901359838431,94.70812225341797,113.09807586669922
249.2966738330902,634.1901359838431,94.70812225341797,113.09807586669922
249.2966738330902,634.1901359838431,94.70812225341797,113.09807586669922
249.2966738330902,634.1901359838431,94.70812225341797,113.09807586669922
249.2966738330902,634.1901359838431,94.70812225341797,113.09807586669922
249.2966738330902,634.1901359838431,94.70812225341797,113.09807586669922
251.07300028662013,702.5581667521508,94.70812225341797,113.09807586669922
251.07300028662013,702.5581667521508,94.70812225341797,113.09807586669922
222.25097809348523,638.7121531007467,94.70812225341797,113.09807586669922
222.25097809348523,638.7121531007467,94.70812225341797,113.09807586669922
222.25097809348523,638.7121531007467,94.70812225341797,113.09807586669922
222.25097809348523,638.7121531007467,94.70812225341797,113.09807586669922
222.25097809348523,638.7121531007467,94.70812225341797,113.09807586669922
222.25097809348523,638.7121531007467,94.70812225341797,113.09807586669922
253.3201798262881,556.9456908139858,94.70812225341797,113.09807586669922
253.3201798262881,556.9456908139858,94.70812225341797,113.09807586669922
253.3201798262881,556.9456908139858,94.70812225341797,113.09807586669922
253.3201798262881,556.9456908139858,94.70812225341797,113.09807586669922
99.52615041860969,678.0267240527781,94.70812225341797,113.09807586669922
265.49121745283855,698.6810843382534,94.70812225341797,113.09807586669922
298.3180978194167,666.9210167859477,94.70812225341797,113.09807586669922
298.3180978194167,666.9210167859477,94.70812225341797,113.09807586669922
298.3180978194167,666.9210167859477,94.70812225341797,113.09807586669922
84.01763028971973,571.6560604516377,94.70812225341797,113.09807586669922
84.01763028971973,571.6560604516377,94.70812225341797,113.09807586669922
84.01763028971973,571.6560604516377,94.70812225341797,113.09807586669922
84.01763028971973,571.6560604516377,94.70812225341797,113.09807586669922
84.01763028971973,571.6560604516377,94.70812225341797,113.09807586669922
84.01763028971973,571.6560604516377,94.70812225341797,113.09807586669922
84.01763028971973,571.6560604516377,94.70812225341797,113.09807586669922
84.01763028971973,571.6560604516377,94.70812225341797,113.09807586669922
178.02159759124368,625.6082985984235,94.70812225341797,113.09807586669922
178.02159759124368,625.6082985984235,94.70812225341797,113.09807586669922
