183.0,260.0,38.0,48.0
181.14095,259.49298,38.0,48.0
179.95792,259.662,38.0,48.0
178.43687,258.14093,38.0,48.0
177.25385,258.30994,38.0,48.0
175.7328,257.4649,38.0,48.0
174.88777,256.61987,38.0,48.0
175.39479,255.09882,38.0,48.0
176.23982,254.25378,38.0,48.0
177.42285,254.42279,38.0,48.0
178.9439,253.91577,38.0,48.0
180.12692,252.73273,38.0,48.0
181.64796,252.22571,38.0,48.0
182.493,251.71869,38.0,48.0
184.01404,250.87366,38.0,48.0
184.85907,251.38068,38.0,48.0
186.0421,251.54968,38.0,48.0
187.22513,250.70465,38.0,48.0
188.03215,252.10242,38.84075,49.062
189.93234,251.5842,38.84075,49.062
191.14156,253.13889,38.84075,49.062
192.35077,252.62067,38.84075,49.062
193.2145,254.52084,38.84075,49.062
194.07822,255.73004,38.84075,49.062
195.63292,256.59375,38.84075,49.062
196.49664,257.11197,38.84075,49.062
197.36037,256.59375,38.84075,49.062
198.22409,257.45746,38.84075,49.062
198.39684,256.93924,38.84075,49.062
198.56958,258.14844,38.84075,49.062
199.08781,256.24826,38.84075,49.062
198.91507,255.38455,38.84075,49.062
199.7788,255.21182,38.84075,49.062
200.29703,255.0391,38.84075,49.062
200.81526,255.55731,38.84075,49.062
202.02448,255.73004,38.84075,49.062
203.57918,255.55731,38.84075,49.062
204.78839,254.6936,38.84075,49.062
205.65211,254.86633,38.84075,49.062
206.51584,254.00262,38.84075,49.062
207.37956,252.10245,38.84075,49.062
207.8978,251.23874,38.84075,49.062
208.76152,250.37503,38.84075,49.062
207.8978,250.89325,38.84075,49.062
209.4525,251.06598,38.84075,49.062
210.31622,250.54776,38.84075,49.062
211.17995,252.79343,38.84075,49.062
212.73465,254.34811,38.84075,49.062
215.6713,254.17538,38.84075,49.062
218.26245,254.6936,38.84075,49.062
220.8536,257.28476,38.84075,49.062
263.76158282283905,261.8850725473701,38.84075164794922,49.0620002746582
263.76158282283905,261.8850725473701,38.84075164794922,49.0620002746582
229.03999734348417,265.1672124683041,38.84075164794922,49.0620002746582
229.03999734348417,265.1672124683041,38.84075164794922,49.0620002746582
226.62363438168825,257.1988204518129,38.0124626159668,48.01573944091797
221.32570599914902,254.2888496619134,37.20183563232422,46.991790771484375
219.64920279250651,257.5009781873497,36.40849685668945,45.98967742919922
222.3785225865606,261.5810511208335,35.632076263427734,45.008934020996094
154.63715196334155,42.55712138283009,35.632076263427734,45.008934020996094
176.66498288177533,50.6392751730468,35.632076263427734,45.008934020996094
175.44872076457574,50.634612811408545,36.42043685913086,46.004756927490234
173.01902328139184,48.204915328224644,36.42043685913086,46.004756927490234
169.42309514310688,46.18350034599247,37.22623825073242,47.022613525390625
164.71697269104746,46.86571887451247,38.049869537353516,48.06298828125
161.5016647935648,46.358038680173095,38.049869537353516,48.06298828125
158.28635689608214,45.17345156004791,38.049869537353516,48.06298828125
154.39414207281368,43.98886443992272,38.049869537353516,48.06298828125
150.50192724954522,43.48118424558335,38.049869537353516,48.06298828125
144.5789916489193,44.66577136570854,38.049869537353516,48.06298828125
141.36368375143664,43.819637708476264,38.049869537353516,48.06298828125
134.7638412250249,45.342678291494366,38.049869537353516,48.06298828125
131.54853332754223,44.834998097154994,38.049869537353516,48.06298828125
125.2871442640234,46.358038680173095,38.049869537353516,48.06298828125
121.73338290364785,46.52726541161955,38.049869537353516,48.06298828125
117.84116808037939,47.71185253174474,38.049869537353516,48.06298828125
114.62586018289673,48.55798618897701,38.049869537353516,48.06298828125
111.07209882252118,48.388759457530554,38.049869537353516,48.06298828125
338.95357509446774,97.03524312514494,38.049869537353516,48.06298828125
321.86167521837575,73.17427399119477,38.049869537353516,48.06298828125
319.3232742466789,74.69731457421287,38.049869537353516,48.06298828125
319.3232742466789,74.69731457421287,38.049869537353516,48.06298828125
17.63625521439429,153.9395130655314,38.049869537353516,48.06298828125
17.63625521439429,153.9395130655314,38.049869537353516,48.06298828125
111.08237263138332,11.979808358763847,38.049869537353516,48.06298828125
79.0291743418693,56.04268553479943,37.23844528198242,47.038028717041016
76.2136696946196,53.889652569255546,37.23844528198242,47.038028717041016
71.07951416139957,52.39909128541747,37.23844528198242,47.038028717041016
64.95165110562083,54.220888410108444,37.23844528198242,47.038028717041016
58.82378804984208,52.06785544456456,37.23844528198242,47.038028717041016
52.03742057021077,50.81345708315631,36.4443244934082,46.03492736816406
40.36724692409842,51.81767366177246,37.25065612792969,47.05345153808594
31.255274678263888,49.332590321999405,37.25065612792969,47.05345153808594
18.49851353409555,50.82364032586324,37.25065612792969,47.05345153808594
6.073096835230288,48.00721254078711,37.25065612792969,47.05345153808594
4.913391276669529,45.52212920101405,37.25065612792969,47.05345153808594
4.913391276669529,45.52212920101405,37.25065612792969,47.05345153808594
210.19442808931504,325.5327199770652,37.25065612792969,47.05345153808594
219.9690892257557,302.50428102850157,37.25065612792969,47.05345153808594
220.13476144840723,289.41617543903016,37.25065612792969,47.05345153808594
220.13476144840723,289.41617543903016,37.25065612792969,47.05345153808594
218.89124201393278,-14.05655558701119,37.25065612792969,47.05345153808594
226.01514758794886,-5.938616677085886,37.25065612792969,47.05345153808594
211.93300866256823,-3.784877782615908,37.25065612792969,47.05345153808594
193.32779442351864,-2.8041108661182754,36.456275939941406,46.05002212524414
171.05609581505584,-4.032162736008832,35.6788330078125,45.0679931640625
148.36463487199546,-3.238755010727001,35.6788330078125,45.0679931640625
125.67317392893509,-1.8106211052197025,35.6788330078125,45.0679931640625
98.2212666341837,-3.5561181008397327,35.6788330078125,45.0679931640625
71.08672242954506,-5.301615096459763,35.6788330078125,45.0679931640625
43.63481513479368,-3.8734811909524645,35.6788330078125,45.0679931640625
16.182907840042304,-2.445347285445166,35.6788330078125,45.0679931640625
-4.604374562341686,5.01268533220405,35.6788330078125,45.0679931640625
215.08887244578898,58.705156936824906,35.6788330078125,45.0679931640625
178.7507986278811,65.52846337424866,35.6788330078125,45.0679931640625
155.74197459470798,66.00450800941776,35.6788330078125,45.0679931640625
127.97270420984387,65.8458264643614,35.6788330078125,45.0679931640625
100.20343382497975,68.2260496402069,35.6788330078125,45.0679931640625
78.46406215225757,66.16318955447413,35.6788330078125,45.0679931640625
51.329517947618925,68.54341273031963,35.6788330078125,45.0679931640625
17.843768056095875,71.50212312675572,36.46822738647461,46.065120697021484
177.69923900163158,61.902589358893906,36.46822738647461,46.065120697021484
132.36649490089695,106.32230855728477,37.27508544921875,47.084312438964844
114.95950244621139,108.14589824301373,37.27508544921875,47.084312438964844
93.1463105771916,111.04477302092931,36.48018264770508,46.08022689819336
69.94519645390332,109.90905414776137,36.48018264770508,46.08022689819336
44.79715895898008,112.26089828395862,37.28730773925781,47.09975051879883
16.77100404512023,114.08508588190216,37.28730773925781,47.09975051879883
-1.7071628406040134,110.9832331487853,38.11228942871094,48.1418342590332
1.1744109526065962,155.9018834547154,38.11228942871094,48.1418342590332
31.743814297193367,-15.789908223564495,38.11228942871094,48.1418342590332
229.2860057987922,4.230332529646319,38.11228942871094,48.1418342590332
199.28373748124642,38.63971370739653,38.11228942871094,48.1418342590332
192.66487512573488,37.02912291075273,37.29953384399414,47.115196228027344
181.39035505756436,35.452878856781126,36.50410842895508,46.110450744628906
165.6422145726633,33.01759940035313,36.50410842895508,46.110450744628906
154.4399290730945,33.50465529163873,36.50410842895508,46.110450744628906
141.61412393590703,30.419967980163257,36.50410842895508,46.110450744628906
174.09536077065283,272.20017514413644,36.50410842895508,46.110450744628906
216.26577157053083,245.93310100419967,35.72564697265625,45.127132415771484
217.35419061656262,243.62055363988736,36.516075134277344,46.12556838989258
219.14064776328402,236.31231985784524,36.516075134277344,46.12556838989258
217.02938022624963,230.95294841768103,36.516075134277344,46.12556838989258
28.720565926575546,13.213790967317507,36.516075134277344,46.12556838989258
305.97136784099376,243.07791327856899,36.516075134277344,46.12556838989258
204.58633000976744,208.8780207386289,36.516075134277344,46.12556838989258
210.75369094449496,219.65694842395132,37.32399368286133,47.146095275878906
207.5997211526077,217.1669722724614,37.32399368286133,47.146095275878906
209.09370684350168,215.3409897613688,37.32399368286133,47.146095275878906
211.60860669164325,215.6805534742083,38.14978790283203,48.18920135498047
208.3848553181105,214.1535133499033,38.14978790283203,48.18920135498047
203.91404669705287,214.85265739587567,38.99385070800781,49.25538635253906
208.59652435821857,214.33238210019059,38.99385070800781,49.25538635253906
211.54475103376734,211.7310056217652,38.99385070800781,49.25538635253906
209.9839251467121,209.8233295375866,38.99385070800781,49.25538635253906
206.68884827403994,212.77155621313537,38.99385070800781,49.25538635253906
202.9257074428297,219.81586061258213,38.162296295166016,48.20500183105469
195.96691044279575,222.02230844186118,38.162296295166016,48.20500183105469
172.3748913451197,219.13695358818856,38.162296295166016,48.20500183105469
168.60698202649212,220.5406922173079,39.00663757324219,49.27153778076172
160.80029380052417,221.0611380990391,39.00663757324219,49.27153778076172
153.34056949571035,223.31640358654096,39.00663757324219,49.27153778076172
150.0444122447461,221.40810202019324,39.00663757324219,49.27153778076172
153.03266446732854,219.96309751620362,39.869659423828125,50.361671447753906
160.87024638520714,220.69376073268535,40.751773834228516,51.475921630859375
158.15159449326276,218.33759575966687,40.751773834228516,51.475921630859375
156.52040335809613,217.06889154342616,40.751773834228516,51.475921630859375
153.62506509043519,217.8157198820093,41.65340805053711,52.61482620239258
153.06930467742444,215.40742475896278,41.65340805053711,52.61482620239258
179.56055103093595,199.66087972365872,41.65340805053711,52.61482620239258
189.7494919361327,197.2525846006122,41.65340805053711,52.61482620239258
197.95746292133668,245.82054837492728,41.65340805053711,52.61482620239258
230.37682034696266,213.03068400729416,41.65340805053711,52.61482620239258
215.74179613768007,209.51086805822618,41.65340805053711,52.61482620239258
207.01638502837773,211.8118229698844,42.574989318847656,53.7789306640625
115.87690766021018,19.415220821262892,42.574989318847656,53.7789306640625
115.87690766021018,19.415220821262892,42.574989318847656,53.7789306640625
269.23742196777175,204.55524331416092,42.574989318847656,53.7789306640625
241.40264797249068,217.99924980167762,42.574989318847656,53.7789306640625
240.45588695224302,218.94601082192528,42.574989318847656,53.7789306640625
267.00851451114386,217.14683018463484,41.66706466674805,52.632080078125
273.8651403279259,217.3321443958992,41.66706466674805,52.632080078125
277.0154819194203,218.99997229727862,41.66706466674805,52.632080078125
274.23576875045467,217.3321443958992,41.66706466674805,52.632080078125
265.5074971857253,215.788583959267,42.58894729614258,53.796566009521484
264.93925432115947,215.59916967107839,42.58894729614258,53.796566009521484
264.37101145659364,213.13678392462654,42.58894729614258,53.796566009521484
277.7874497475388,206.2251105118736,41.68072509765625,52.64933776855469
277.7874497475388,206.2251105118736,41.68072509765625,52.64933776855469
277.7874497475388,206.2251105118736,41.68072509765625,52.64933776855469
266.2606742628214,215.54155169770368,40.7918701171875,51.526573181152344
257.71573484984987,217.04201487932923,41.69438934326172,52.66659927368164
243.43718198139118,215.00222161240657,41.69438934326172,52.66659927368164
235.09257316216207,212.96242834548391,41.69438934326172,52.66659927368164
233.0527798952394,211.2935065816381,41.69438934326172,52.66659927368164
230.27124362216304,212.96242834548391,41.69438934326172,52.66659927368164
223.84592168017858,213.72653105560693,42.616878509521484,53.83184814453125
222.3912417221181,213.7209553939686,43.559776306152344,55.02287673950195
220.1003884496344,214.51924419784643,44.523536682128906,56.240257263183594
221.09048034467585,211.54896851272213,44.523536682128906,56.240257263183594
219.70435169161786,212.93509716578012,44.523536682128906,56.240257263183594
217.9221862805433,213.529152302805,44.523536682128906,56.240257263183594
222.0805722397173,211.35095013371384,44.523536682128906,56.240257263183594
223.86273765079187,211.9450052707387,44.523536682128906,56.240257263183594
224.39741572505164,212.35006756130707,45.50862121582031,57.48457336425781
229.45740411614776,210.1236726692248,45.50862121582031,57.48457336425781
234.92219157853157,209.11167499100557,45.50862121582031,57.48457336425781
238.36298368447694,206.4804810276356,45.50862121582031,57.48457336425781
240.99417764784693,207.4924787058548,45.50862121582031,57.48457336425781
244.4349697537923,205.6708828850602,45.50862121582031,57.48457336425781
248.62680650318703,208.03957582030108,44.53813552856445,56.258697509765625
250.40955624442972,211.406991998204,44.53813552856445,56.258697509765625
231.20822436983,69.77194687393842,44.53813552856445,56.258697509765625
231.20822436983,69.77194687393842,44.53813552856445,56.258697509765625
223.0868088819465,62.44286460438502,44.53813552856445,56.258697509765625
297.9528463942362,266.25360631535835,44.53813552856445,56.258697509765625
283.4927651597119,231.58902801341657,44.53813552856445,56.258697509765625
276.1636828901585,229.0139450538437,44.53813552856445,56.258697509765625
268.042267402275,227.62736192176607,44.53813552856445,56.258697509765625
259.1285186960614,226.2407787896884,44.53813552856445,56.258697509765625
248.6301035531876,228.41969514009617,44.53813552856445,56.258697509765625
238.9240216286439,225.84461218052334,44.53813552856445,56.258697509765625
246.92365914791174,98.29709589352896,44.53813552856445,56.258697509765625
281.5882374498535,130.1885079313154,44.53813552856445,56.258697509765625
279.8054877086108,126.82109175341247,44.53813552856445,56.258697509765625
275.2495717032128,124.6421754030047,44.53813552856445,56.258697509765625
267.5147494966055,123.14188193232769,43.58834457397461,55.058963775634766
267.5147494966055,123.14188193232769,43.58834457397461,55.058963775634766
267.5147494966055,123.14188193232769,43.58834457397461,55.058963775634766
23.753430613557818,52.98973957209817,43.58834457397461,55.058963775634766
23.753430613557818,52.98973957209817,43.58834457397461,55.058963775634766
228.17677674669807,173.20035619752554,43.58834457397461,55.058963775634766
200.9444448319028,159.92015067022018,44.552738189697266,56.27714157104492
191.23518051113052,157.34422340144386,44.552738189697266,56.27714157104492
183.50739870480155,158.7312611615542,44.552738189697266,56.27714157104492
176.57220990424992,160.91089192744184,44.552738189697266,56.27714157104492
172.01480012103028,160.31644717310883,44.552738189697266,56.27714157104492
165.42335823482682,164.54524955967844,43.602638244628906,55.0770149230957
157.08468298196664,167.45408976416454,43.602638244628906,55.0770149230957
118.82468390815325,44.89898069006655,43.602638244628906,55.0770149230957
138.4108746183597,45.48074873096377,43.602638244628906,55.0770149230957
134.20295899244783,44.38579481181225,42.67279815673828,53.90248107910156
125.32866511309737,43.314191107668194,41.762786865234375,52.752994537353516
115.8559276077965,43.87141096092118,41.762786865234375,52.752994537353516
111.21242883068822,42.1997514011622,41.762786865234375,52.752994537353516
102.48265112972467,42.75697125441519,41.762786865234375,52.752994537353516
97.46767245044774,42.94271120549952,41.762786865234375,52.752994537353516
57.482914735639795,86.62107265773085,41.762786865234375,52.752994537353516
92.58776549057833,53.37362141363563,41.762786865234375,52.752994537353516
87.94426671347006,55.04528097339461,41.762786865234375,52.752994537353516
84.78668754503643,55.23102092447894,41.762786865234375,52.752994537353516
81.43410966309806,54.4547357081391,42.68678665161133,53.9201545715332
78.58636795056698,52.746090680620455,42.68678665161133,53.9201545715332
75.56476140320929,49.84426181270612,41.7764778137207,52.77029037475586
74.26415544725563,47.42885075164935,41.7764778137207,52.77029037475586
81.51038863042596,46.499846497396746,41.7764778137207,52.77029037475586
86.52701160339004,46.31404564654622,41.7764778137207,52.77029037475586
147.09800978398613,122.15151521990686,41.7764778137207,52.77029037475586
168.29253182925993,116.21032714696207,41.7764778137207,52.77029037475586
324.90453646307935,236.758419622026,41.7764778137207,52.77029037475586
324.90453646307935,236.758419622026,41.7764778137207,52.77029037475586
324.90453646307935,236.758419622026,41.7764778137207,52.77029037475586
331.05986075171546,217.4488960097823,41.7764778137207,52.77029037475586
343.51318991538324,202.7930333165378,42.700782775878906,53.93783187866211
343.51318991538324,202.7930333165378,42.700782775878906,53.93783187866211
343.51318991538324,202.7930333165378,42.700782775878906,53.93783187866211
392.84215332764944,206.47996032387246,41.79017639160156,52.78759002685547
394.8866328040769,203.69203376510774,41.79017639160156,52.78759002685547
397.3028102195564,199.7762916504037,40.89898681640625,51.66188049316406
401.420697737689,197.69728979985766,40.02680206298828,50.560176849365234
405.87117719212114,195.02700212719836,40.02680206298828,50.560176849365234
408.52857108755165,195.05135424606573,39.1732177734375,49.481964111328125
410.09657687779344,192.4380112623294,39.1732177734375,49.481964111328125
408.1801253563868,189.8246682785931,39.1732177734375,49.481964111328125
409.0512396842989,187.55977102602162,39.1732177734375,49.481964111328125
411.66458266803517,185.99176523577984,39.1732177734375,49.481964111328125
317.37570504235106,284.9970256612064,39.1732177734375,49.481964111328125
299.4307498873617,289.70104303193176,39.1732177734375,49.481964111328125
276.2443898476298,256.7137237243261,39.1732177734375,49.481964111328125
276.2443898476298,256.7137237243261,39.1732177734375,49.481964111328125
276.2443898476298,256.7137237243261,39.1732177734375,49.481964111328125
269.7981438210802,264.553752675535,39.1732177734375,49.481964111328125
267.88169229967355,268.5608785839307,39.1732177734375,49.481964111328125
-8.135732631312358,-1.6037935782465809,39.1732177734375,49.481964111328125
20.611040189787104,12.159812802764677,39.1732177734375,49.481964111328125
30.19329779682026,8.849578356698679,39.1732177734375,49.481964111328125
40.4724468661831,4.842452448302996,39.1732177734375,49.481964111328125
51.79693312904047,1.1837722710721543,39.1732177734375,49.481964111328125
64.86364804772204,-2.4749079061586876,39.1732177734375,49.481964111328125
77.58191723523876,-5.785142352224685,39.1732177734375,49.481964111328125
91.34552361625002,-8.050039604796158,39.1732177734375,49.481964111328125
105.10912999726128,-9.618045395037946,39.1732177734375,49.481964111328125
118.5242906471077,-10.837605454114893,39.1732177734375,49.481964111328125
132.20810755650731,-11.821327464815692,38.33783721923828,48.4267463684082
98.22762759039779,101.88689958502661,38.33783721923828,48.4267463684082
209.80717748618034,29.639974281282633,38.33783721923828,48.4267463684082
237.47387273920913,12.571815947724517,38.33783721923828,48.4267463684082
276.85260740093173,3.014116473350917,39.18606185913086,49.49818801879883
286.0894468267752,1.097036592515483,39.18606185913086,49.49818801879883
294.9777262742849,0.5741966250149098,39.18606185913086,49.49818801879883
302.8203257867935,1.097036592515483,39.18606185913086,49.49818801879883
310.88515728332266,-2.5243998060145785,40.05305480957031,50.59333419799805
310.88515728332266,-2.5243998060145785,40.05305480957031,50.59333419799805
306.19130193583993,27.410556815028357,40.93922805786133,51.712711334228516
306.19130193583993,27.410556815028357,40.93922805786133,51.712711334228516
306.19130193583993,27.410556815028357,40.93922805786133,51.712711334228516
334.13415765226915,141.64197405632876,40.93922805786133,51.712711334228516
219.20436784892973,194.38115910987926,40.93922805786133,51.712711334228516
219.20436784892973,194.38115910987926,40.93922805786133,51.712711334228516
219.20436784892973,194.38115910987926,40.93922805786133,51.712711334228516
219.20436784892973,194.38115910987926,40.93922805786133,51.712711334228516
219.20436784892973,194.38115910987926,40.93922805786133,51.712711334228516
219.20436784892973,194.38115910987926,40.93922805786133,51.712711334228516
296.30419607299075,240.07902657666256,40.93922805786133,51.712711334228516
330.7924423466207,36.57295718745445,40.93922805786133,51.712711334228516
373.21642795803865,17.09069770066595,40.93922805786133,51.712711334228516
380.13083592158574,18.974392745114905,41.845008850097656,52.85685348510742
382.1779980641771,18.416075797135456,41.845008850097656,52.85685348510742
383.8529489081154,19.71881534242084,41.845008850097656,52.85685348510742
385.52789975205377,21.765977485012158,41.845008850097656,52.85685348510742
387.94727319329803,23.440928328950505,41.845008850097656,52.85685348510742
390.7388579331953,22.13818878366512,41.845008850097656,52.85685348510742
393.15823137443954,19.71881534242084,41.845008850097656,52.85685348510742
391.8554918291542,16.555019303870623,41.845008850097656,52.85685348510742
396.1359217636633,11.157955473402609,41.845008850097656,52.85685348510742
394.96768974795384,7.23707681377126,40.95265197753906,51.72966384887695
396.2426479800446,4.8692972398884535,40.95265197753906,51.72966384887695
393.5105946255644,2.8657914466030014,40.95265197753906,51.72966384887695
396.2294563865093,4.646241558059064,40.079322814941406,50.62651443481445
395.45413811815183,7.075962493086735,39.2246208190918,49.54689025878906
398.07091020297617,8.994928688624569,39.2246208190918,49.54689025878906
396.8497498967248,13.007312552021851,39.2246208190918,49.54689025878906
394.93078370118695,15.62408463684617,39.2246208190918,49.54689025878906
391.9651086717194,13.705118441308336,39.2246208190918,49.54689025878906
389.3483365868951,11.088346356484017,39.2246208190918,49.54689025878906
387.080467446714,6.7270595484434885,39.2246208190918,49.54689025878906
383.7658894726032,2.7146756850462026,39.2246208190918,49.54689025878906
380.4513114984924,-0.5999022890645982,39.2246208190918,49.54689025878906
369.8097716868735,-2.5188684846024287,39.2246208190918,49.54689025878906
361.26164954311406,-0.9488052337078372,39.2246208190918,49.54689025878906
353.4113332886411,1.319063906473236,39.2246208190918,49.54689025878906
347.7286028011995,3.847838880283131,40.092464447021484,50.64311599731445
339.70459829959634,7.948996736658081,40.092464447021484,50.64311599731445
330.96734895340626,10.623664903859137,40.092464447021484,50.64311599731445
327.2228135193248,7.948996736658081,40.092464447021484,50.64311599731445
319.19880901772166,5.987573414043975,40.092464447021484,50.64311599731445
311.1748045161185,4.382772513723342,40.092464447021484,50.64311599731445
307.7868915043305,2.421349191109236,40.092464447021484,50.64311599731445
301.54599911419473,1.8864155576690251,40.092464447021484,50.64311599731445
293.5219946125916,4.204461302576604,40.092464447021484,50.64311599731445
285.14136768869497,5.452639780603761,40.092464447021484,50.64311599731445
276.76074076479836,5.630950991750499,40.092464447021484,50.64311599731445
271.94633806383644,7.592374314364605,40.092464447021484,50.64311599731445
268.55842505204845,10.26704248156566,40.092464447021484,50.64311599731445
260.5344205504453,7.592374314364605,40.092464447021484,50.64311599731445
257.85975238324426,4.561083724870077,40.092464447021484,50.64311599731445
254.82846179374974,1.8864155576690216,40.092464447021484,50.64311599731445
252.86703847113563,-0.4316301872385573,40.092464447021484,50.64311599731445
249.8357478816411,-3.1062983544396126,40.092464447021484,50.64311599731445
246.2472604880581,-5.701514843521863,40.97951126098633,51.76359558105469
242.78438990088426,-3.6966950298949186,40.97951126098633,51.76359558105469
240.0505447004839,-1.6918752162679738,40.97951126098633,51.76359558105469
240.92084470264615,-3.588147584763256,41.88618469238281,52.90886688232422
242.58349971679013,-2.0474312760635947,42.81291580200195,54.07947540283203
239.72734360633012,-5.284408201251619,42.81291580200195,54.07947540283203
241.44103727260614,-8.521385126439643,42.81291580200195,54.07947540283203
243.91637256833815,-10.235078792715655,42.81291580200195,54.07947540283203
251.72319927026223,-8.140564311711639,42.81291580200195,54.07947540283203
254.57935538072223,-7.950153904347637,42.81291580200195,54.07947540283203
258.5779739353663,-7.378922682255634,42.81291580200195,54.07947540283203
262.57659249001034,-5.665229015979623,42.81291580200195,54.07947540283203
269.82363141862663,-1.9686216180903777,41.89991760253906,52.92621612548828
272.6188791397431,2.317424887621552,41.89991760253906,52.92621612548828
277.7621620509824,4.631997495814076,42.82695388793945,54.09720993041992
285.5715484279686,4.822470334277156,42.82695388793945,54.09720993041992
293.20001283779294,5.6073296165840105,43.77450180053711,55.29410934448242
300.9972583907305,6.005578167291787,44.743011474609375,56.51749038696289
303.58418690367375,3.816638656339798,44.743011474609375,56.51749038696289
308.1610604265734,6.403567169283058,44.743011474609375,56.51749038696289
314.72787895942935,9.786473686208858,44.743011474609375,56.51749038696289
317.3148074723726,13.567369205125928,44.743011474609375,56.51749038696289
323.88162600522855,18.144242728025546,44.743011474609375,56.51749038696289
326.4685545181718,21.129160242960076,44.743011474609375,56.51749038696289
333.43336205301904,21.328154743955714,44.743011474609375,56.51749038696289
337.6122465739274,19.935193236986265,44.743011474609375,56.51749038696289
346.56699911873096,17.746253726034276,44.743011474609375,56.51749038696289
349.5519166336655,17.945248227029914,44.743011474609375,56.51749038696289
358.10868017647783,19.338209733999363,44.743011474609375,56.51749038696289
360.2976196874298,21.129160242960083,44.743011474609375,56.51749038696289
367.26242722227704,24.512066759885883,44.743011474609375,56.51749038696289
370.2329316864729,29.52613791984431,43.78885269165039,55.31223678588867
377.4387143694535,32.44740116970132,43.78885269165039,55.31223678588867
385.42350058572936,33.421155586320324,43.78885269165039,55.31223678588867
394.9662938685956,32.44740116970132,43.78885269165039,55.31223678588867
399.8350659516906,33.03165381967273,43.78885269165039,55.31223678588867
408.9883574679092,34.00540823629173,43.78885269165039,55.31223678588867
418.92065251742304,32.64215205302512,43.78885269165039,55.31223678588867
433.1374670000605,33.61590646964412,43.78885269165039,55.31223678588867
443.06976204957436,34.20015911961553,43.78885269165039,55.31223678588867
455.72856946562143,35.95291706952973,43.78885269165039,55.31223678588867
468.3873768816685,38.87418031938674,43.78885269165039,55.31223678588867
478.31967193118237,42.184945335891356,43.78885269165039,55.31223678588867
488.3598739583208,50.47089990690765,42.85504150390625,54.132686614990234
503.03590163825106,59.4289947245274,42.85504150390625,54.132686614990234
516.9495382698732,67.62469849383909,42.85504150390625,54.132686614990234
529.7195883290333,70.48366492499433,42.85504150390625,54.132686614990234
542.1084428640394,73.34263135614957,42.85504150390625,54.132686614990234
555.6408839715075,75.82040226315078,42.85504150390625,54.132686614990234
564.9801743132813,74.8674134527657,42.85504150390625,54.132686614990234
577.7502243724414,75.82040226315078,42.85504150390625,54.132686614990234
587.8519057625232,74.10502240445764,42.85504150390625,54.132686614990234
601.3843468699913,73.91442464238062,42.85504150390625,54.132686614990234
608.6385174985539,74.67533135728436,41.94114303588867,52.97829055786133
265.8655149656122,242.61743521647537,41.94114303588867,52.97829055786133
265.8655149656122,242.61743521647537,41.94114303588867,52.97829055786133
265.8655149656122,242.61743521647537,41.94114303588867,52.97829055786133
309.129264936676,218.58354166740182,41.94114303588867,52.97829055786133
309.129264936676,218.58354166740182,41.94114303588867,52.97829055786133
320.2918288002865,182.47085963805358,41.94114303588867,52.97829055786133
320.2918288002865,182.47085963805358,41.94114303588867,52.97829055786133
318.0084995831845,256.7489370001518,41.94114303588867,52.97829055786133
-17.571324945037475,317.2933302913053,41.94114303588867,52.97829055786133
-9.550397027191826,279.4270891907782,41.94114303588867,52.97829055786133
-12.348395138068215,272.1522941024996,41.94114303588867,52.97829055786133
-12.348395138068215,272.1522941024996,41.94114303588867,52.97829055786133
337.42508004958154,215.85654244617626,41.94114303588867,52.97829055786133
337.42508004958154,215.85654244617626,41.94114303588867,52.97829055786133
337.42508004958154,215.85654244617626,41.94114303588867,52.97829055786133
337.42508004958154,215.85654244617626,41.94114303588867,52.97829055786133
337.42508004958154,215.85654244617626,41.94114303588867,52.97829055786133
337.42508004958154,215.85654244617626,41.94114303588867,52.97829055786133
337.42508004958154,215.85654244617626,41.94114303588867,52.97829055786133
337.42508004958154,215.85654244617626,41.94114303588867,52.97829055786133
337.42508004958154,215.85654244617626,41.94114303588867,52.97829055786133
337.42508004958154,215.85654244617626,41.94114303588867,52.97829055786133
151.72761381354303,19.447270299847943,41.94114303588867,52.97829055786133
307.15308706296094,234.26910944255894,41.94114303588867,52.97829055786133
307.15308706296094,234.26910944255894,41.94114303588867,52.97829055786133
308.6559514832538,208.76601350827013,41.94114303588867,52.97829055786133
308.6559514832538,208.76601350827013,41.94114303588867,52.97829055786133
308.6559514832538,208.76601350827013,41.94114303588867,52.97829055786133
308.6559514832538,208.76601350827013,41.94114303588867,52.97829055786133
308.6559514832538,208.76601350827013,41.94114303588867,52.97829055786133
310.00094589225785,220.48421382554415,41.94114303588867,52.97829055786133
310.00094589225785,220.48421382554415,41.94114303588867,52.97829055786133
310.00094589225785,220.48421382554415,41.94114303588867,52.97829055786133
310.00094589225785,220.48421382554415,41.94114303588867,52.97829055786133
69.80449839023444,44.81355525125427,41.94114303588867,52.97829055786133
69.80449839023444,44.81355525125427,41.94114303588867,52.97829055786133
141.78409247432435,-20.47510493000327,41.94114303588867,52.97829055786133
84.60649063512525,29.684379811106865,41.94114303588867,52.97829055786133
84.60649063512525,29.684379811106865,41.94114303588867,52.97829055786133
84.60649063512525,29.684379811106865,41.94114303588867,52.97829055786133
278.9537174045712,217.4057171035455,41.94114303588867,52.97829055786133
278.9537174045712,217.4057171035455,41.94114303588867,52.97829055786133
301.3305527816646,179.82237326976605,41.94114303588867,52.97829055786133
301.3305527816646,179.82237326976605,41.94114303588867,52.97829055786133
301.3305527816646,179.82237326976605,41.94114303588867,52.97829055786133
319.63881444152935,188.71918227879166,42.86909103393555,54.15043640136719
314.10966705797557,185.47795795050152,42.86909103393555,54.15043640136719
314.10966705797557,185.47795795050152,42.86909103393555,54.15043640136719
314.10966705797557,185.47795795050152,42.86909103393555,54.15043640136719
291.2457730583376,168.2770465996024,42.86909103393555,54.15043640136719
307.83321520899887,155.12148903183655,42.86909103393555,54.15043640136719
304.97331138991933,151.1176236851252,42.86909103393555,54.15043640136719
294.4869973866277,147.49507884762448,42.86909103393555,54.15043640136719
286.6699269478103,139.2966878995965,42.86909103393555,54.15043640136719
286.6699269478103,139.2966878995965,42.86909103393555,54.15043640136719
322.35499061249055,32.482208464224485,42.86909103393555,54.15043640136719
357.68436382481843,-6.2941633450634455,43.817569732666016,55.348514556884766
69.89730473011926,65.38751801988309,43.817569732666016,55.348514556884766
107.74364218406211,106.73783351565166,42.883148193359375,54.168190002441406
108.75237839264506,108.60221341453595,41.968650817871094,53.013038635253906
108.3003300012526,109.70720023135385,41.07365798950195,51.88251876831055
107.02160457150472,109.5245251699613,41.07365798950195,51.88251876831055
105.74287914175684,111.16860072249429,41.07365798950195,51.88251876831055
104.46415371200897,111.71662590667196,41.07365798950195,51.88251876831055
102.61316713269132,111.38946965513341,40.197750091552734,50.77610778808594
101.71926982926257,113.35604372267665,40.197750091552734,50.77610778808594
100.82537252583383,114.96505886884839,40.197750091552734,50.77610778808594
99.35849311140343,117.40196048481687,39.34052276611328,49.69329071044922
96.73398908884256,119.32659676802817,39.34052276611328,49.69329071044922
93.40961732693214,121.95110079058904,39.34052276611328,49.69329071044922
88.68551008632258,124.57560481314991,39.34052276611328,49.69329071044922
81.86179962766433,129.64964592343426,39.34052276611328,49.69329071044922
73.28841982063216,135.42355477306816,39.34052276611328,49.69329071044922
64.71504001359999,139.44779427432815,39.34052276611328,49.69329071044922
55.441792467218264,144.5218353846125,39.34052276611328,49.69329071044922
45.81861105116175,146.79640553749857,39.34052276611328,49.69329071044922
36.19542963510524,144.87176925428727,39.34052276611328,49.69329071044922
22.722975652626126,140.4975958833525,39.34052276611328,49.69329071044922
10.300323279171359,134.7236870337186,39.34052276611328,49.69329071044922
-2.822196833632976,126.15030722668644,39.34052276611328,49.69329071044922
-6.846436334892971,118.9766628983534,39.34052276611328,49.69329071044922
254.00760178091423,25.573240299975268,39.34052276611328,49.69329071044922
309.65036216789844,206.75310356887775,39.34052276611328,49.69329071044922
307.7257258846871,221.2753591603812,39.34052276611328,49.69329071044922
312.44983312529666,236.14754862155945,39.34052276611328,49.69329071044922
316.82400649623145,244.37099455891683,39.34052276611328,49.69329071044922
323.99765082456446,249.44503566920116,39.34052276611328,49.69329071044922
326.27222097745056,257.3185477368838,39.34052276611328,49.69329071044922
328.54679113033666,269.7412001103385,39.34052276611328,49.69329071044922
335.8806207575241,285.2802733200787,38.5015754699707,48.633567810058594
344.6136420823302,303.6024945309464,38.5015754699707,48.633567810058594
351.4609825812586,316.49954207081197,37.680519104003906,47.59644317626953
358.8084086043729,320.39910846353035,36.87697219848633,46.58143615722656
361.88901158272165,328.0094885065672,36.09056091308594,45.58807373046875
359.9531668343536,336.07641945548414,35.320919036865234,44.61589431762695
289.7694320159183,251.55698002544284,35.320919036865234,44.61589431762695
289.7694320159183,251.55698002544284,35.320919036865234,44.61589431762695
276.01770259396784,53.53296440805528,35.320919036865234,44.61589431762695
213.551142869841,-3.10508422909146,35.320919036865234,44.61589431762695
187.63133773435322,-0.7487383076834817,35.320919036865234,44.61589431762695
3.8433114670879185,357.8429062684563,35.320919036865234,44.61589431762695
287.17121231614294,241.4052972288208,35.320919036865234,44.61589431762695
268.36366778516907,244.66028816709644,36.102394104003906,45.60301971435547
268.36366778516907,244.66028816709644,36.102394104003906,45.60301971435547
276.87363071655,253.81251245178913,36.102394104003906,45.60301971435547
276.7740621298227,275.05756016730174,36.102394104003906,45.60301971435547
287.83757121282525,273.22238351277247,35.33250045776367,44.63051986694336
294.9089267484523,285.9508234769011,35.33250045776367,44.63051986694336
294.9089267484523,285.9508234769011,35.33250045776367,44.63051986694336
257.18326845984046,314.64019009635047,36.11423110961914,45.61796951293945
278.86669629039875,311.90968436953943,36.11423110961914,45.61796951293945
246.58248152045638,269.024682660213,36.11423110961914,45.61796951293945
245.5742415969038,247.9921513600931,35.344085693359375,44.6451530456543
264.280179685121,215.13886513793008,35.344085693359375,44.6451530456543
261.9222883294634,193.9178429370114,35.344085693359375,44.6451530456543
254.21984323431514,176.7838324192326,35.344085693359375,44.6451530456543
241.80161542785163,153.99088264787548,35.344085693359375,44.6451530456543
239.75810958628165,137.80002867235973,35.344085693359375,44.6451530456543
236.457061688361,126.95372843633461,35.344085693359375,44.6451530456543
228.12584556503737,114.84988614395877,35.344085693359375,44.6451530456543
223.56725561076595,108.09059759107356,35.344085693359375,44.6451530456543
219.95182219875758,108.5621758622051,35.344085693359375,44.6451530456543
206.90482336411867,111.86322376012578,35.344085693359375,44.6451530456543
188.51327078998912,123.65268053841393,35.344085693359375,44.6451530456543
181.7539822371039,125.0674153518085,35.344085693359375,44.6451530456543
-4.612128962371752,258.4830231872582,35.344085693359375,44.6451530456543
-6.026863775766332,277.18896127547544,35.344085693359375,44.6451530456543
-6.026863775766332,277.18896127547544,35.344085693359375,44.6451530456543
-6.026863775766332,277.18896127547544,35.344085693359375,44.6451530456543
324.6226197547464,212.63378779528125,35.344085693359375,44.6451530456543
366.59308588545224,210.5902819537113,35.344085693359375,44.6451530456543
363.29203798753156,208.23239059805366,35.344085693359375,44.6451530456543
359.6766045755232,206.5032702705714,35.344085693359375,44.6451530456543
357.3187132198656,204.14537891491375,35.344085693359375,44.6451530456543
354.3320508360326,205.874499242396,35.344085693359375,44.6451530456543
348.49695767210784,204.07786894727442,34.590362548828125,43.69308090209961
346.8047113564285,205.77011526295377,34.590362548828125,43.69308090209961
327.5535851972553,229.78340992704835,34.590362548828125,43.69308090209961
327.5535851972553,229.78340992704835,34.590362548828125,43.69308090209961
336.48849214694854,43.68414840601807,34.590362548828125,43.69308090209961
336.48849214694854,43.68414840601807,34.590362548828125,43.69308090209961
329.5686073216776,71.18806893372457,34.590362548828125,43.69308090209961
271.6745338904454,64.82227241813531,34.590362548828125,43.69308090209961
282.28953350697935,77.5910400728066,34.590362548828125,43.69308090209961
221.92472284133595,33.89683576376909,34.590362548828125,43.69308090209961
255.656562927764,6.634345653425942,33.85271453857422,42.761314392089844
251.22863044305217,6.074469756751746,33.130794525146484,41.84941482543945
243.77061252966973,7.23081222774816,32.42427062988281,40.95696258544922
237.30560692580417,5.860593030007291,31.732812881469727,40.08354187011719
230.70640847021835,7.78432508293016,31.056100845336914,39.2287483215332
224.49092078755544,8.751178722455503,31.056100845336914,39.2287483215332
221.49382158276512,10.633885755741957,30.39381980895996,38.39218521118164
218.82121725490853,13.51876919509808,29.745662689208984,37.57345962524414
216.57222303398564,16.826113637631735,29.745662689208984,37.57345962524414
214.58781636846544,21.720983412581546,29.745662689208984,37.57345962524414
212.48225422760552,24.799369843608055,29.111328125,36.772193908691406
206.65598844061014,29.84880019233738,29.111328125,36.772193908691406
204.9728449910337,31.53194364191382,29.111328125,36.772193908691406
199.4179852649257,33.79592610799165,28.490520477294922,35.988014221191406
194.4762355392958,35.443176016534956,28.490520477294922,35.988014221191406
191.5618703164884,37.090425925078264,28.490520477294922,35.988014221191406
187.10252242124338,37.59628554897759,27.882951736450195,35.220558166503906
184.2503069146332,38.712369877651135,27.882951736450195,35.220558166503906
181.39809140802302,39.58043546661945,27.882951736450195,35.220558166503906
179.1853282958936,40.314560371397,27.288339614868164,34.4694709777832
177.25370944204363,41.73490028409522,26.70640754699707,33.734397888183594
176.65982598666594,43.27899726807723,26.70640754699707,33.734397888183594
177.25370944204363,43.87288072345492,26.70640754699707,33.734397888183594
178.79780642602563,44.70431756098369,26.70640754699707,33.734397888183594
180.34190341000763,43.63532734130384,26.70640754699707,33.734397888183594
183.54887406904717,43.75410403237938,26.70640754699707,33.734397888183594
187.9436116388421,42.92266719485061,26.70640754699707,33.734397888183594
192.33834920863703,43.75410403237938,26.70640754699707,33.734397888183594
196.97064016058303,45.773307780663544,26.70640754699707,33.734397888183594
202.79069802328445,48.030064911098776,26.70640754699707,33.734397888183594
210.98628970749664,51.94969571659156,26.70640754699707,33.734397888183594
218.94432800955775,54.206452847026796,26.70640754699707,33.734397888183594
227.37747307592102,53.6125693916491,26.70640754699707,33.734397888183594
235.81061814228428,53.01868593627141,26.70640754699707,33.734397888183594
243.99474504987603,53.03493260520085,26.136884689331055,33.0150032043457
249.2257134561769,52.22122640866516,26.136884689331055,33.0150032043457
258.1316483080643,51.34079052728853,25.57950782775879,32.31094741821289
266.43647940471726,52.137144194090865,25.57950782775879,32.31094741821289
274.5137808822838,51.34079052728853,25.57950782775879,32.31094741821289
282.3525711795303,52.67218655241447,25.03401756286621,31.621906280517578
287.58549199304946,53.89691270025938,25.03401756286621,31.621906280517578
294.8278598430509,53.482885020012276,24.500160217285156,30.947559356689453
301.91054639761137,52.72013416029037,24.500160217285156,30.947559356689453
307.46773123272806,50.64981039818808,24.500160217285156,30.947559356689453
315.42213305554213,47.70777136783219,24.500160217285156,30.947559356689453
323.1586060612928,44.111945886286094,24.500160217285156,30.947559356689453
331.1130078841069,40.2981915876766,24.500160217285156,30.947559356689453
336.67019271922356,39.3175119108913,24.500160217285156,30.947559356689453
344.84252335910105,39.2085475023596,24.500160217285156,30.947559356689453
352.5789963648517,39.3175119108913,24.500160217285156,30.947559356689453
360.3154693706024,39.6444051364864,24.500160217285156,30.947559356689453
366.5264406569093,38.8816542767645,24.500160217285156,30.947559356689453
373.8270560285332,39.8623339535498,24.500160217285156,30.947559356689453
379.1663120465865,38.009939008510905,24.500160217285156,30.947559356689453
386.25423407310336,35.50422149585671,23.97768783569336,30.287593841552734
394.03900588114175,33.904610850369366,23.97768783569336,30.287593841552734
400.330807753392,32.30500020488202,23.97768783569336,30.287593841552734
407.68901672263377,33.47804801157274,23.97768783569336,30.287593841552734
414.83394427247725,35.2909400764584,23.97768783569336,30.287593841552734
421.97887182232074,37.10383214134406,23.97768783569336,30.287593841552734
429.1237993721642,37.42375427044153,23.97768783569336,30.287593841552734
433.70934988922795,36.46398788314912,23.97768783569336,30.287593841552734
438.93474466448663,35.50422149585672,23.97768783569336,30.287593841552734
446.0796722143301,34.331173689166,23.97768783569336,30.287593841552734
452.37147408658035,35.71750291525503,23.97768783569336,30.287593841552734
459.30312021702554,37.31711356074238,23.97768783569336,30.287593841552734
464.7417964116825,41.26281981961116,23.97768783569336,30.287593841552734
470.82031686453445,43.28899330389513,23.97768783569336,30.287593841552734
475.19258596219987,42.75578975539935,23.97768783569336,30.287593841552734
478.71172938227204,43.71555614269175,23.97768783569336,30.287593841552734
483.29727989933576,42.32922691660272,23.97768783569336,30.287593841552734
488.0108149663985,41.883530875358204,24.508193969726562,30.957706451416016
490.1145334376935,40.070922333740775,25.050437927246094,31.64264488220215
492.2313569422366,38.62256940957974,25.050437927246094,31.64264488220215
494.5710039735736,38.06551059259473,25.050437927246094,31.64264488220215
496.24218042452867,36.61715766843369,25.050437927246094,31.64264488220215
497.0220627683077,35.39162827106666,25.050437927246094,31.64264488220215
496.24218042452867,34.611745927287636,25.050437927246094,31.64264488220215
497.2448862951017,33.831863583508614,25.050437927246094,31.64264488220215
495.9012179611182,34.49141279443373,24.5162296295166,30.96785545349121
494.0476081033766,35.47273566029694,24.5162296295166,30.96785545349121
492.5224040444732,36.118219356830934,23.9934139251709,30.307456970214844
490.82401851704356,35.51569486420121,23.481746673583984,29.66114044189453
489.04862327304534,35.202389821142695,23.481746673583984,29.66114044189453
487.2732280290471,35.09795480678986,23.481746673583984,29.66114044189453
485.4978327850489,35.62012987855404,23.481746673583984,29.66114044189453
483.93130756975637,34.47134472067284,23.481746673583984,29.66114044189453
484.6623526702262,33.32255956279164,23.481746673583984,29.66114044189453
483.09582745493367,32.38264443361611,23.481746673583984,29.66114044189453
484.2446281323432,30.645951223857907,24.001279830932617,30.317392349243164
482.8569348247531,30.7526968629033,24.001279830932617,30.317392349243164
483.8176455761617,29.791986111494765,24.001279830932617,30.317392349243164
482.64344354666235,29.2582579162678,24.001279830932617,30.317392349243164
483.3906630199801,28.297547164859267,24.001279830932617,30.317392349243164
483.4974086590255,27.55032769154152,24.001279830932617,30.317392349243164
485.09859324470636,26.589616940132984,24.001279830932617,30.317392349243164
486.48628655229646,25.62890618872445,24.001279830932617,30.317392349243164
488.08747113797733,25.095177993497487,24.001279830932617,30.317392349243164
489.47516444556743,24.134467242088952,24.001279830932617,30.317392349243164
491.0763490312483,23.173756490680418,24.001279830932617,30.317392349243164
492.89102489502,22.213045739271884,24.001279830932617,30.317392349243164
497.2675960958811,21.038843709772557,24.001279830932617,30.317392349243164
499.0822719596528,19.651150402182445,24.001279830932617,30.317392349243164
500.8969478234245,18.47694837268312,24.001279830932617,30.317392349243164
504.2060626338317,16.662272508911435,24.001279830932617,30.317392349243164
504.73979082905873,15.701561757502898,24.001279830932617,30.317392349243164
504.73979082905873,15.701561757502898,24.001279830932617,30.317392349243164
511.8944326894223,10.825482860364371,24.53230857849121,30.9881649017334
513.0946295547002,9.690283651192207,25.07508659362793,31.673778533935547
520.3435197247389,8.24050561718446,25.07508659362793,31.673778533935547
522.6854688565976,9.021155327804017,25.07508659362793,31.673778533935547
524.3750339828264,9.24928113612727,25.629873275756836,32.37456130981445
525.6289276595339,9.9555086839581,26.19693374633789,33.09084701538086
529.7068056622613,10.305041084191874,26.19693374633789,33.09084701538086
531.2214460632744,12.285724685516588,26.19693374633789,33.09084701538086
531.7778022438964,13.491096215215052,26.776540756225586,33.82298278808594
533.3259540637819,14.324716425922592,26.776540756225586,33.82298278808594
535.8268146959044,16.349222651926617,26.776540756225586,33.82298278808594
538.5658525310863,18.135551674871344,26.776540756225586,33.82298278808594
292.8131941680786,63.267937943250345,26.776540756225586,33.82298278808594
335.3452652267259,192.3855525158767,26.776540756225586,33.82298278808594
303.7867858213691,199.88813441224454,26.776540756225586,33.82298278808594
301.20269007473007,199.90442521634904,26.205522537231445,33.1016960144043
299.45445505625054,198.6223862027974,26.205522537231445,33.1016960144043
298.1724160426989,196.64105318185395,26.205522537231445,33.1016960144043
296.89037702914726,194.89281816337441,26.205522537231445,33.1016960144043
296.30763202298743,192.91148514243096,26.205522537231445,33.1016960144043
296.1386527393901,190.24782490632938,26.785320281982422,33.83407211303711
294.3517380211267,189.8904419626767,26.785320281982422,33.83407211303711
291.61180211978956,190.7243354978663,26.785320281982422,33.83407211303711
289.58663210575776,191.7964843288243,26.785320281982422,33.83407211303711
288.5144832747997,193.58339904708768,26.785320281982422,33.83407211303711
281.247696753862,183.45754897692854,26.785320281982422,33.83407211303711
281.247696753862,183.45754897692854,26.785320281982422,33.83407211303711
281.3668244017462,192.39212256824544,26.785320281982422,33.83407211303711
310.16475438142646,271.19214964583296,26.785320281982422,33.83407211303711
310.16475438142646,271.19214964583296,26.785320281982422,33.83407211303711
310.16475438142646,271.19214964583296,26.785320281982422,33.83407211303711
175.293934060486,256.9601965430966,26.785320281982422,33.83407211303711
225.41290158912696,295.9148018669593,26.785320281982422,33.83407211303711
225.41290158912696,295.9148018669593,26.785320281982422,33.83407211303711
225.41290158912696,295.9148018669593,26.785320281982422,33.83407211303711
225.41290158912696,295.9148018669593,26.785320281982422,33.83407211303711
334.8987981547582,5.7447823292446145,26.785320281982422,33.83407211303711
354.55486005565535,13.488079441719258,26.785320281982422,33.83407211303711
345.38203116857,14.798483568445736,26.785320281982422,33.83407211303711
334.77967050687397,13.488079441719258,26.785320281982422,33.83407211303711
325.1303310282517,14.321972976908835,26.785320281982422,33.83407211303711
312.3836727046396,13.249824145950807,26.785320281982422,33.83407211303711
302.019567338712,13.13069649806658,26.785320281982422,33.83407211303711
290.9406960854791,13.249824145950807,26.785320281982422,33.83407211303711
277.9557824660985,14.083717681140385,26.785320281982422,33.83407211303711
264.97086884671796,14.202845329024612,26.785320281982422,33.83407211303711
251.74769993156895,14.321972976908839,26.785320281982422,33.83407211303711
235.42721217143009,14.679355920561516,26.785320281982422,33.83407211303711
219.10672441129122,14.56022827267729,26.785320281982422,33.83407211303711
202.5479813553839,16.108887695172214,26.785320281982422,33.83407211303711
185.75098300370814,16.70452593459334,26.785320281982422,33.83407211303711
165.38015521550562,17.30016417401447,26.785320281982422,33.83407211303711
145.0093274273031,18.134057709204043,26.785320281982422,33.83407211303711
126.78279730101664,17.061908878246015,26.785320281982422,33.83407211303711
106.65022480858258,17.657547117667143,26.785320281982422,33.83407211303711
86.27939702038006,16.585398286709115,26.785320281982422,33.83407211303711
66.38507982371445,16.94278123036179,26.785320281982422,33.83407211303711
49.11157088050179,17.776674765551363,26.785320281982422,33.83407211303711
27.68052471808835,18.26755074935059,27.377944946289062,34.58264923095703
12.344448634458278,19.527263626552745,27.98368263244629,35.3477897644043
12.344448634458278,19.527263626552745,27.98368263244629,35.3477897644043
232.2645107017205,61.78375248502822,27.98368263244629,35.3477897644043
274.8026611389646,166.80263110137025,27.98368263244629,35.3477897644043
196.17485077180402,86.84668127220836,27.98368263244629,35.3477897644043
316.43297420803077,218.87013654102472,27.98368263244629,35.3477897644043
320.38451375151357,211.3772532905546,28.602821350097656,36.129859924316406
303.6462899063922,210.90420289418864,27.992856979370117,35.359378814697266
285.8430519120171,211.27769739756715,27.992856979370117,35.359378814697266
265.86182848963807,211.534724767798,27.39590072631836,34.60532760620117
248.42061722833466,211.31651281254648,26.811674118041992,33.86735916137695
228.8227792679594,212.71204249800377,26.239906311035156,33.14512634277344
210.09280598170884,213.62787597878804,25.68033218383789,32.438297271728516
190.33391765724454,213.28523629686092,25.68033218383789,32.438297271728516
170.57502933278025,213.62787597878804,25.68033218383789,32.438297271728516
151.04456746293403,214.42736856995134,25.68033218383789,32.438297271728516
130.82882622923356,214.77000825187847,25.68033218383789,32.438297271728516
110.38465854091501,215.79792729765984,25.68033218383789,32.438297271728516
90.39734376183264,216.36899343420504,25.68033218383789,32.438297271728516
70.86688189198644,215.56950084304174,25.68033218383789,32.438297271728516
50.87956711290406,216.8258463434412,25.68033218383789,32.438297271728516
31.120678788439776,217.3969124799864,25.68033218383789,32.438297271728516
11.818643373211653,216.8258463434412,25.68033218383789,32.438297271728516
11.818643373211653,216.8258463434412,25.68033218383789,32.438297271728516
35.23235497156529,218.31061829845876,25.68033218383789,32.438297271728516
19.12828992099035,219.56696379885824,25.68033218383789,32.438297271728516
-0.08294099345296857,222.66496835918647,25.1326904296875,31.746540069580078
-0.08294099345296857,222.66496835918647,25.1326904296875,31.746540069580078
24.995607410657726,54.15949999167887,25.1326904296875,31.746540069580078
-3.502308012368907,25.732104969653214,24.59672737121582,31.069536209106445
233.01902190933697,207.76381266685206,24.59672737121582,31.069536209106445
233.01902190933697,207.76381266685206,24.59672737121582,31.069536209106445
268.7255883188209,73.21171983973657,24.59672737121582,31.069536209106445
99.45989206870073,7.438238388302466,24.59672737121582,31.069536209106445
230.30753262336611,219.29004361886228,24.59672737121582,31.069536209106445
25.429097292402133,-4.981415844038665,24.59672737121582,31.069536209106445
27.694721710528086,14.012731507144377,24.072195053100586,30.40696907043457
14.020560496852575,17.948648226988524,23.558847427368164,29.75853157043457
0.03205974452916038,20.790722425892007,23.056447982788086,29.12392234802246
0.03205974452916038,20.790722425892007,23.056447982788086,29.12392234802246
0.5447773285508148,25.815354749304213,23.056447982788086,29.12392234802246
-1.6803078535614056,28.99216965552509,22.564762115478516,28.502845764160156
-0.9778106356082663,33.106796217822044,22.564762115478516,28.502845764160156
-2.6838753077801734,35.816428344212724,22.564762115478516,28.502845764160156
244.30131254700302,4.3993901425617,22.564762115478516,28.502845764160156
344.3835365876307,20.4587337875669,22.564762115478516,28.502845764160156
352.31171947595897,36.81688329133284,22.564762115478516,28.502845764160156
341.12948417659254,40.354015470656066,23.064006805419922,29.13347053527832
330.40088927769347,43.53187220479039,22.572160720825195,28.512189865112305
316.50697660554476,44.57046127365775,23.071569442749023,29.143022537231445
304.6477520383685,44.99327762736169,23.582027435302734,29.787811279296875
300.1378675609953,72.78675173210341,23.582027435302734,29.787811279296875
292.2717899841816,73.31115690389099,23.582027435302734,29.787811279296875
280.15018030937176,74.6138401461604,24.103778839111328,30.446866989135742
268.46521383992007,76.8650722182566,24.103778839111328,30.446866989135742
256.99465042495376,78.6874981813821,24.103778839111328,30.446866989135742
245.09528090101674,80.9387302534783,24.103778839111328,30.446866989135742
233.6247174860504,82.54675316211843,24.103778839111328,30.446866989135742
222.79736323454014,84.58358217972928,24.103778839111328,30.446866989135742
212.18441203751522,86.40600814285477,24.103778839111328,30.446866989135742
201.35705778600496,88.01403105149491,24.103778839111328,30.446866989135742
193.1025401883189,89.62205396013505,24.103778839111328,30.446866989135742
184.6336195361475,91.44447992326054,24.103778839111328,30.446866989135742
173.80626528463725,93.05250283190068,24.103778839111328,30.446866989135742
165.76615074143655,94.44612268605547,24.103778839111328,30.446866989135742
157.72603619823585,95.83974254021027,24.103778839111328,30.446866989135742
149.68592165503514,97.23336239436506,24.103778839111328,30.446866989135742
141.64580711183444,98.41257919403449,24.103778839111328,30.446866989135742
136.6073353314287,98.51978072127717,24.103778839111328,30.446866989135742
131.56886355102293,99.48459446646126,24.103778839111328,30.446866989135742
123.95755511679295,100.44940821164535,24.103778839111328,30.446866989135742
118.49027722741647,100.34220668440267,24.103778839111328,30.446866989135742
113.44110080076109,101.0063822499628,24.637075424194336,31.12050437927246
108.72944627634553,100.4585154447982,24.637075424194336,31.12050437927246
107.08584586085172,101.66382241616031,24.637075424194336,31.12050437927246
104.56565855709455,101.77339577719323,24.637075424194336,31.12050437927246
101.60717780920571,101.66382241616031,24.637075424194336,31.12050437927246
99.30613722751438,101.5542490551274,24.637075424194336,31.12050437927246
97.88168353408642,101.22552897202864,24.637075424194336,31.12050437927246
96.45722984065846,101.5542490551274,24.637075424194336,31.12050437927246
94.81362942516465,102.102115860292,24.637075424194336,31.12050437927246
93.38917573173669,101.33510233306156,24.637075424194336,31.12050437927246
91.74557531624288,102.32126258235783,24.637075424194336,31.12050437927246
90.32112162281491,101.99254249925907,24.637075424194336,31.12050437927246
88.6775212073211,102.32126258235783,24.637075424194336,31.12050437927246
89.00624129041987,102.64998266545659,24.637075424194336,31.12050437927246
87.5817875969919,103.63614291475287,24.637075424194336,31.12050437927246
85.71904045943226,103.52656955371995,24.637075424194336,31.12050437927246
84.07544004393846,104.07443635888455,24.637075424194336,31.12050437927246
83.08927979464218,104.18400971991747,24.637075424194336,31.12050437927246
81.88397282328006,104.51272980301623,24.637075424194336,31.12050437927246
80.67866585191794,105.06059660818083,24.637075424194336,31.12050437927246
79.47335888055582,104.29358308095038,24.637075424194336,31.12050437927246
78.04890518712786,105.06059660818083,24.637075424194336,31.12050437927246
77.93933182609494,104.07443635888455,24.637075424194336,31.12050437927246
76.95317157679867,104.62230316404916,24.637075424194336,31.12050437927246
77.06274493783158,104.51272980301624,24.637075424194336,31.12050437927246
76.73402485473282,103.96486299785164,24.637075424194336,31.12050437927246
76.62445149369991,103.1978494706212,24.637075424194336,31.12050437927246
76.95317157679867,103.30742283165411,24.637075424194336,31.12050437927246
77.93933182609494,102.7595560264895,24.637075424194336,31.12050437927246
78.68992536287705,102.98369713067102,25.182170867919922,31.809045791625977
79.68952098596901,101.81842633740169,25.73932647705078,32.512821197509766
81.17770404767118,100.33024327569952,25.73932647705078,32.512821197509766
81.72434183719974,100.56441300874202,26.308809280395508,33.2321662902832
83.94750130850008,99.27732068325236,26.308809280395508,33.2321662902832
85.46861042044242,99.86236264938402,26.308809280395508,33.2321662902832
87.69176989174275,98.34125353744169,26.308809280395508,33.2321662902832
88.97887922117637,98.58060457242048,26.890892028808594,33.96742630004883
90.29446592594365,97.58442923025018,27.48585319519043,34.718955993652344
91.63914213864038,98.68461885882023,27.48585319519043,34.718955993652344
93.71727810371713,97.09545606199683,27.48585319519043,34.718955993652344
95.31562744680441,97.85282382214606,28.093976974487305,35.48711395263672
96.69005462070706,98.47756344664727,28.093976974487305,35.48711395263672
98.06449969584837,97.6960868127439,28.715557098388672,36.27226638793945
99.98018566192823,98.07922400595987,28.715557098388672,36.27226638793945
101.38502203705347,99.22863558560779,28.715557098388672,36.27226638793945
102.53443361670139,99.35634798334645,28.715557098388672,36.27226638793945
103.93926999182663,99.48406038108511,28.715557098388672,36.27226638793945
105.59953116242919,97.82379921048256,28.715557098388672,36.27226638793945
106.4935179465998,98.46236119917586,28.715557098388672,36.27226638793945
108.40920391267966,96.54667523309598,28.715557098388672,36.27226638793945
109.55861549232758,96.67438763083464,28.715557098388672,36.27226638793945
186.82144972122023,77.88159052336717,28.715557098388672,36.27226638793945
190.52510925564133,105.33975603717863,28.715557098388672,36.27226638793945
191.93915965343695,107.08057399824713,28.10318946838379,35.498748779296875
194.28682538092994,107.3386142055001,27.50387954711914,34.74172592163086
345.76975211586233,131.82350925326745,27.50387954711914,34.74172592163086
314.5831460611805,114.15492189920644,26.91735076904297,34.00084686279297
315.9086467953309,115.32517605602771,26.34333038330078,33.2757682800293
317.2058807241275,116.24462065100528,25.781551361083984,32.5661506652832
318.6964886774528,117.36549471578562,25.231752395629883,31.871667861938477
320.5879574531826,119.32776236541676,24.69367790222168,31.19199562072754
322.65080110824886,121.88331727807088,24.167078018188477,30.526817321777344
326.5344197304091,124.38437430036606,23.651708602905273,29.875823974609375
330.2161023788635,127.43491135194259,23.651708602905273,29.875823974609375
334.21967949854496,128.66596684198848,23.147329330444336,29.238712310791016
338.64643079147436,128.7689145464752,23.147329330444336,29.238712310791016
342.4554958574834,126.81290816122731,23.147329330444336,29.238712310791016
346.67635174143936,124.85690177597942,23.147329330444336,29.238712310791016
351.72078926128916,120.84194130099692,23.147329330444336,29.238712310791016
356.5593313721655,117.65056246190827,23.147329330444336,29.238712310791016
360.574291847148,114.25328821384616,23.147329330444336,29.238712310791016
362.11850741444897,112.09138641962483,23.147329330444336,29.238712310791016
363.66272298174994,109.3117983984831,23.147329330444336,29.238712310791016
364.5892523221305,106.73810578631485,23.147329330444336,29.238712310791016
365.5157816625111,103.95851776517313,23.147329330444336,29.238712310791016
364.5892523221305,102.00251137992525,23.147329330444336,29.238712310791016
362.8391413458561,100.87008663057122,23.147329330444336,29.238712310791016
360.6772395516347,100.35534810813758,23.147329330444336,29.238712310791016
353.1620571241034,103.95851776517314,23.147329330444336,29.238712310791016
348.5294104222005,105.5027333324741,23.147329330444336,29.238712310791016
340.6024371767222,107.04694889977505,23.147329330444336,29.238712310791016
333.010339497023,108.25175108393181,22.653705596923828,28.615188598632812
322.66682568232255,110.2077461607498,22.170608520507812,28.004961013793945
312.54389071558677,114.59306226751315,21.697813034057617,27.407747268676758
312.54389071558677,114.59306226751315,21.697813034057617,27.407747268676758
305.42722046709497,90.23685689515099,21.23509979248047,26.82326889038086
298.34398997747894,91.27573070029467,21.23509979248047,26.82326889038086
288.805239584796,92.12571835904859,21.23509979248047,26.82326889038086
281.91089524156973,91.65350299307418,21.23509979248047,26.82326889038086
273.54325322876116,93.61041887833449,21.704925537109375,27.416732788085938
87.04519990697567,-1.8411331780220053,21.704925537109375,27.416732788085938
342.46926104553836,160.99673930987882,21.704925537109375,27.416732788085938
342.46926104553836,160.99673930987882,21.704925537109375,27.416732788085938
334.8431835765823,186.57788525004787,21.704925537109375,27.416732788085938
334.55358569801433,188.02587464288763,21.704925537109375,27.416732788085938
335.22931408133957,187.35014625956242,21.704925537109375,27.416732788085938
310.5896332181724,199.67484348871784,21.704925537109375,27.416732788085938
336.3638444107201,188.766656729325,21.704925537109375,27.416732788085938
334.7227897655017,188.47705885075706,21.704925537109375,27.416732788085938
334.0470613821765,189.15278723408227,21.704925537109375,27.416732788085938
334.33665926074445,188.86318935551432,21.704925537109375,27.416732788085938
334.4331918869338,189.53891773883953,21.704925537109375,27.416732788085938
334.52972451312314,190.60077662692203,21.704925537109375,27.416732788085938
335.01238764406975,189.92504824359682,21.704925537109375,27.416732788085938
335.01238764406975,189.92504824359682,21.704925537109375,27.416732788085938
320.52360015226674,52.595129927199196,21.704925537109375,27.416732788085938
299.57602026918494,35.70192034406869,21.704925537109375,27.416732788085938
298.6348416741462,35.899385345904776,22.18514633178711,28.02332878112793
297.35215233707737,36.392727398623556,22.18514633178711,28.02332878112793
296.06946300000857,36.2940589880798,22.18514633178711,28.02332878112793
294.98411048402727,37.1820746829736,22.18514633178711,28.02332878112793
294.0960947891335,37.47807991460487,22.18514633178711,28.02332878112793
293.2080790942397,38.36609560949867,22.18514633178711,28.02332878112793
293.89875796804597,38.85943766221745,22.18514633178711,28.02332878112793
294.19476319967725,39.550116536023744,22.18514633178711,28.02332878112793
292.7147370415209,39.451448125479985,22.18514633178711,28.02332878112793
293.0107422731522,39.944790178198765,22.18514633178711,28.02332878112793
292.1227265782584,40.83280587309257,22.18514633178711,28.02332878112793
291.6293845255396,41.72082156798637,22.18514633178711,28.02332878112793
291.9253897571709,42.01682679961764,22.18514633178711,28.02332878112793
290.5539132048847,42.832871985937025,22.675992965698242,28.64334487915039
291.461576247028,42.530317638555914,22.675992965698242,28.64334487915039
291.56242769615505,43.63968357895332,22.675992965698242,28.64334487915039
290.8564675522658,44.547346621096644,22.675992965698242,28.64334487915039
290.1505074083766,45.2533067649859,22.675992965698242,28.64334487915039
290.6547646540118,45.354158214112935,22.675992965698242,28.64334487915039
291.360724797901,46.26182125625626,22.675992965698242,28.64334487915039
290.2513588575036,46.76607850189144,22.675992965698242,28.64334487915039
290.35221030663064,46.66522705276441,22.675992965698242,28.64334487915039
290.8564675522658,47.97629589141588,22.675992965698242,28.64334487915039
290.7556161031388,48.48055313705106,22.675992965698242,28.64334487915039
289.4445472644873,49.589919077448464,22.675992965698242,28.64334487915039
287.7300726293277,49.48906762832143,22.675992965698242,28.64334487915039
286.5137653920496,48.919625883916,22.192420959472656,28.032516479492188
294.64919327696134,49.529500064312984,22.192420959472656,28.032516479492188
170.9990834082037,-1.3344103466016861,22.192420959472656,28.032516479492188
154.4554377202625,26.719063225898665,22.192420959472656,28.032516479492188
154.35673695866504,22.47493047720789,22.192420959472656,28.032516479492188
154.06063467387267,21.38922209963583,22.192420959472656,28.032516479492188
162.0030595130471,-3.522192306551645,21.719160079956055,27.434715270996094
162.0030595130471,-3.522192306551645,21.719160079956055,27.434715270996094
163.63121088847598,-2.5779334770220768,21.255992889404297,26.849660873413086
164.67110689564274,-2.6724694776735998,21.255992889404297,26.849660873413086
164.2599191079004,-1.7483479588521575,20.802701950073242,26.277084350585938
165.81936979414866,-2.092395437813094,20.35907745361328,25.716716766357422
167.17101632713707,-1.2072680177673902,19.92491340637207,25.16830062866211
166.55070409091434,-0.40972371405246655,19.92491340637207,25.16830062866211
168.21517778349624,-1.0809061127588215,19.500009536743164,24.63157844543457
169.34261929524982,-0.12691714127502607,19.500009536743164,24.63157844543457
170.12315572646384,1.0005243704785514,19.500009536743164,24.63157844543457
169.5160718355196,2.127965882232129,19.500009536743164,24.63157844543457
170.99041842781273,2.908502313446144,19.500009536743164,24.63157844543457
171.77095485902674,3.342133664120597,19.500009536743164,24.63157844543457
171.64521414126924,2.6197544510893103,19.931447982788086,25.176551818847656
172.97489047419361,3.4175602508439358,19.931447982788086,25.176551818847656
173.94999970091303,3.0470751554151363,20.3724308013916,25.733583450317383
175.12788239979798,3.3188942397732024,20.3724308013916,25.733583450317383
175.9365570927723,3.880253634344516,20.823171615600586,26.30293846130371
319.656694016979,41.4170513474202,20.823171615600586,26.30293846130371
303.4497642570089,63.18064273938005,20.823171615600586,26.30293846130371
304.46848555620704,65.12547431057646,20.823171615600586,26.30293846130371
305.6724289098048,65.95897355537493,20.823171615600586,26.30293846130371
306.69115020900296,66.42202869137407,20.823171615600586,26.30293846130371
308.0803156170004,66.51463971857389,20.823171615600586,26.30293846130371
309.28425897059816,67.16291690897269,20.823171615600586,26.30293846130371
309.7473141065973,68.36686026257047,20.823171615600586,26.30293846130371
310.95125746019505,68.08902718097099,20.823171615600586,26.30293846130371
312.1552008137928,69.47819258896843,20.823171615600586,26.30293846130371
312.28796781276674,70.56202475903093,20.37911033630371,25.742019653320312
314.01005312661493,71.37774938138008,20.37911033630371,25.742019653320312
314.6445056106643,71.6496575888298,20.37911033630371,25.742019653320312
315.27895809471363,71.19647724308027,20.37911033630371,25.742019653320312
316.2759548553626,72.37474614202904,20.37911033630371,25.742019653320312
317.09167947771175,73.00919862607837,20.37911033630371,25.742019653320312
317.7261319617611,72.73729041862866,20.37911033630371,25.742019653320312
318.7231287224101,73.19047076437819,20.37911033630371,25.742019653320312
319.90139762135885,74.18746752502715,20.37911033630371,25.742019653320312
321.0796665203076,74.64064787077668,20.37911033630371,25.742019653320312
322.0766632809566,74.36873966332696,20.37911033630371,25.742019653320312
323.0736600416056,75.36573642397592,20.37911033630371,25.742019653320312
323.88938466395473,75.45637249312583,20.37911033630371,25.742019653320312
324.70510928630387,75.90955283887536,20.37911033630371,25.742019653320312
325.15828963205337,75.63764463142564,20.37911033630371,25.742019653320312
325.9740142544025,75.90955283887536,20.37911033630371,25.742019653320312
326.0646503235524,76.54400532292469,20.37911033630371,25.742019653320312
326.88037494590156,77.35972994527384,20.37911033630371,25.742019653320312
328.2399159831501,77.08782173782413,20.37911033630371,25.742019653320312
330.1432734352981,77.72227422187346,20.37911033630371,25.742019653320312
332.54457074822835,78.95771291370828,19.94451904296875,25.193063735961914
336.35880953826467,77.80457095392987,19.94451904296875,25.193063735961914
67.36584301874632,63.79254619591829,19.94451904296875,25.193063735961914
43.85948768480175,76.47710775348084,19.94451904296875,25.193063735961914
42.994644126012304,74.81796580525527,20.385791778564453,25.750459671020508
43.99196777847566,73.82064215279192,20.385791778564453,25.750459671020508
45.17062300411417,73.72997636620434,20.385791778564453,25.750459671020508
46.71194137610299,73.4579790064416,20.385791778564453,25.750459671020508
47.8905966017415,74.99929737843043,20.385791778564453,25.750459671020508
49.250583400555165,74.36463687231738,20.385791778564453,25.750459671020508
50.61057019936883,75.18062895160557,20.385791778564453,25.750459671020508
51.60789385183219,75.27129473819315,20.385791778564453,25.750459671020508
52.605217504295545,75.72462367113104,20.385791778564453,25.750459671020508
53.23987801040859,75.08996316501799,20.385791778564453,25.750459671020508
54.599864809222254,76.08728681748134,20.385791778564453,25.750459671020508
55.597188461685604,75.8152894577186,20.385791778564453,25.750459671020508
56.231848967798655,75.72462367113103,20.385791778564453,25.750459671020508
57.229172620262005,75.63395788454345,20.385791778564453,25.750459671020508
58.226496272725356,76.44994996383164,20.385791778564453,25.750459671020508
59.22381992518871,77.62860518947015,20.385791778564453,25.750459671020508
58.589159419075656,76.26861839065648,20.385791778564453,25.750459671020508
57.954498912962606,77.08461046994468,20.385791778564453,25.750459671020508
58.045164699550185,76.63128153700679,20.385791778564453,25.750459671020508
57.77316733978745,75.99662103089373,20.385791778564453,25.750459671020508
58.60225452810185,77.7567976580198,19.951059341430664,25.201322555541992
57.98112834844447,76.78074223284392,19.951059341430664,25.201322555541992
58.95718377362036,77.93426228077905,19.951059341430664,25.201322555541992
58.33605759396298,77.31313610112167,19.951059341430664,25.201322555541992
58.0698606598241,78.64412077181606,19.951059341430664,25.201322555541992
56.91634061188897,77.49060072388093,19.951059341430664,25.201322555541992
57.182537546027845,77.22440378974206,19.951059341430664,25.201322555541992
56.02901749809271,78.55538846043645,19.951059341430664,25.201322555541992
54.87549745015758,77.75679765801982,19.951059341430664,25.201322555541992
55.85155287533347,78.7328530831957,19.951059341430664,25.201322555541992
54.34310358187983,77.93426228077908,19.951059341430664,25.201322555541992
52.65718966566694,77.6680653466402,19.951059341430664,25.201322555541992
51.681134240491055,77.57933303526058,19.951059341430664,25.201322555541992
52.65718966566694,78.7328530831957,19.951059341430664,25.201322555541992
51.24494375841717,78.57394048362198,19.525596618652344,24.663896560668945
49.94234273672434,79.87654150531482,19.525596618652344,24.663896560668945
49.39722603515836,79.38621243955205,19.109207153320312,24.13793182373047
48.699900987878785,80.54466667536923,18.701698303222656,23.62318229675293
46.95320962846746,79.96243622223213,18.701698303222656,23.62318229675293
47.701791639643744,81.21007290752593,18.701698303222656,23.62318229675293
46.1214518382716,80.29513933831048,18.701698303222656,23.62318229675293
44.95798108859707,80.46685532687296,18.302879333496094,23.11941146850586
42.27171408278848,79.73423705256153,18.302879333496094,23.11941146850586
43.48684838325093,81.31456777596526,17.912565231323242,22.62638282775879
39.90187353853298,80.91623723766327,17.912565231323242,22.62638282775879
38.22888527766461,80.35857448404047,17.912565231323242,22.62638282775879
37.193225878079424,81.39423388362566,17.912565231323242,22.62638282775879
35.67956983253185,80.83657113000287,17.912565231323242,22.62638282775879
34.006581571663475,79.96024394573848,17.912565231323242,22.62638282775879
31.218267803549516,79.40258119211569,17.912565231323242,22.62638282775879
32.89125606441789,80.91623723766327,17.912565231323242,22.62638282775879
32.54474501223543,81.69500117375686,17.530574798583984,22.14386749267578
32.15490899264181,80.83736193065089,17.530574798583984,22.14386749267578
30.98540093386093,81.85093558159431,17.530574798583984,22.14386749267578
29.659958467242603,81.46109956200068,17.530574798583984,22.14386749267578
28.02264718494937,80.75939472673215,17.530574798583984,22.14386749267578
26.385335902656138,81.77296837767558,17.530574798583984,22.14386749267578
23.656483765500752,80.9153291345696,17.530574798583984,22.14386749267578
22.2652744824378,82.12838018791474,17.15673065185547,21.671642303466797
20.357661237161278,81.4416394196152,17.15673065185547,21.671642303466797
19.213093289995363,81.97577112829262,17.15673065185547,21.671642303466797
18.06852534282945,81.28903035999308,17.15673065185547,21.671642303466797
16.854077850830112,81.1523748804187,16.790857315063477,21.209487915039062
16.032627410805084,81.82447069498464,16.790857315063477,21.209487915039062
14.763113094402769,81.600438756796,16.790857315063477,21.209487915039062
12.298761774327687,81.07769756768916,16.790857315063477,21.209487915039062
11.029247457925372,80.85366562950051,16.790857315063477,21.209487915039062
10.05844239244125,81.97382532044374,16.790857315063477,21.209487915039062
8.788928076038935,81.1523748804187,16.790857315063477,21.209487915039062
7.3700591341775255,80.77898831677096,16.790857315063477,21.209487915039062
4.457643937725157,80.55495637858232,16.790857315063477,21.209487915039062
254.0726643558736,1.839178823644275,16.790857315063477,21.209487915039062
268.14347916365585,5.304344356476987,16.43278694152832,20.75718879699707
267.19337680860434,5.231259559934562,16.43278694152832,20.75718879699707
266.38944404663766,5.01200517030729,16.43278694152832,20.75718879699707
265.43934169158615,4.792750780680018,16.43278694152832,20.75718879699707
264.423473960201,4.63894960151417,16.796361923217773,21.216442108154297
263.8501482956977,4.326739607773664,17.16798210144043,21.685855865478516
263.6210845708798,4.097675882955814,17.16798210144043,21.685855865478516
262.323056796912,4.02132130801653,17.16798210144043,21.685855865478516
261.1777381728227,3.944966733077246,17.16798210144043,21.685855865478516
260.8456306533276,5.1329275848430225,16.801870346069336,21.223398208618164
259.8741888751332,4.310938387909312,16.801870346069336,21.223398208618164
259.20165225946016,3.9373069347576255,16.801870346069336,21.223398208618164
258.3004246426698,5.2439844187965186,16.443565368652344,20.770803451538086
256.98038983230384,4.331330216536903,16.8073787689209,21.230358123779297
256.222965023634,5.782534229993713,16.448955535888672,20.77761459350586
255.4182412303682,4.977810436727941,16.448955535888672,20.77761459350586
255.31217453379867,4.064856994916415,16.812889099121094,21.237319946289062
255.31217453379867,4.064856994916415,16.812889099121094,21.237319946289062
255.31217453379867,4.064856994916415,16.812889099121094,21.237319946289062
255.31217453379867,4.064856994916415,16.812889099121094,21.237319946289062
309.5668964026789,47.92040301159656,16.812889099121094,21.237319946289062
299.17312961180096,63.99709265216313,16.812889099121094,21.237319946289062
298.3506013046092,64.52051975673972,16.812889099121094,21.237319946289062
297.677623598725,64.8943962600087,16.812889099121094,21.237319946289062
296.85509529153325,64.37096915543212,16.812889099121094,21.237319946289062
296.18211758564905,65.1934974626239,16.812889099121094,21.237319946289062
295.13615353426036,64.91543556175336,16.454349517822266,20.784427642822266
294.4775272806583,65.28133903597673,16.454349517822266,20.784427642822266
293.81890102705626,65.79360389988945,16.454349517822266,20.784427642822266
293.81890102705626,65.79360389988945,16.454349517822266,20.784427642822266
243.9077849658926,91.35020061698785,16.454349517822266,20.784427642822266
256.27532239464267,87.17890101084139,16.454349517822266,20.784427642822266
256.64122586886606,86.66663614692867,16.454349517822266,20.784427642822266
256.7144065637107,86.3007326727053,16.454349517822266,20.784427642822266
255.61669614104062,86.95935892630737,16.454349517822266,20.784427642822266
254.81170849774918,86.3007326727053,16.454349517822266,20.784427642822266
253.49080802480512,87.05782927776025,16.818401336669922,21.24428367614746
252.96720930077834,86.235031282861,16.818401336669922,21.24428367614746
253.19160875393266,87.05782927776025,16.818401336669922,21.24428367614746
253.39357953228335,87.52125766023683,17.190507888793945,21.714313507080078
253.600018330814,86.88443422578088,17.57084846496582,22.19474220275879
252.89670140282908,86.80628790044922,17.57084846496582,22.19474220275879
251.7245065228542,86.72814157511756,17.57084846496582,22.19474220275879
251.93551268634224,87.21230371309724,17.959604263305664,22.685800552368164
252.48267040275937,86.54698922434201,18.35696029663086,23.18772315979004
252.72759806498397,85.97549134581791,18.35696029663086,23.18772315979004
251.9315955144283,85.63427264670986,18.763107299804688,23.70075225830078
252.33007590363968,86.67075621912011,19.178241729736328,24.22513198852539
252.75655191563254,86.4148706119244,19.178241729736328,24.22513198852539
251.47712387965402,86.50016581432297,19.178241729736328,24.22513198852539
250.70946705806688,86.24428020712726,19.178241729736328,24.22513198852539
251.47712387965402,86.15898500472869,19.178241729736328,24.22513198852539
250.70946705806688,86.07368980233012,19.178241729736328,24.22513198852539
251.29375185366422,86.60214364242208,19.60256004333496,24.761112213134766
250.16038118989292,86.68932600117371,19.60256004333496,24.761112213134766
250.7706577011544,86.07904948991225,19.60256004333496,24.761112213134766
249.28855760237656,86.86369071867699,19.60256004333496,24.761112213134766
248.32955165610855,86.4277789249188,19.60256004333496,24.761112213134766
247.19618099233725,87.21242015368354,19.60256004333496,24.761112213134766
248.15518693860525,86.77650835992534,19.60256004333496,24.761112213134766
247.37054570984048,86.34059656616715,19.60256004333496,24.761112213134766
246.2371750460692,87.29960251243517,19.60256004333496,24.761112213134766
245.2781690998012,86.68932600117371,19.60256004333496,24.761112213134766
245.73927755985395,86.86931382446667,19.18453025817871,24.233074188232422
244.45943002948124,87.46657600530726,19.18453025817871,24.233074188232422
243.69152151125763,86.69866748708364,19.18453025817871,24.233074188232422
242.58232031826796,87.29592966792423,19.18453025817871,24.233074188232422
241.81441180004435,86.5280211497006,19.18453025817871,24.233074188232422
242.58232031826796,86.95463699315818,19.18453025817871,24.233074188232422
241.4731191252783,86.18672847493455,19.18453025817871,24.233074188232422
240.53456426967165,86.44269798100909,19.18453025817871,24.233074188232422
239.596009414065,86.69866748708363,19.18453025817871,24.233074188232422
238.9987472332244,86.78399065577514,19.18453025817871,24.233074188232422
239.596009414065,87.03996016184968,19.18453025817871,24.233074188232422
238.8281008958414,86.27205164362606,19.18453025817871,24.233074188232422
238.57213138976687,86.01608213755152,19.18453025817871,24.233074188232422
236.60969850986208,85.41881995671093,19.18453025817871,24.233074188232422
235.5004973168724,86.35737481231757,19.18453025817871,24.233074188232422
211.33602479349872,39.245188348401584,19.18453025817871,24.233074188232422
209.885530925743,30.11560929840971,19.18453025817871,24.233074188232422
211.15919888184507,29.140409836614708,18.775413513183594,23.716297149658203
211.743724266781,29.724935221550624,18.775413513183594,23.716297149658203
212.99023007899416,28.770532064814645,18.375022888183594,23.210540771484375
214.3676924527382,29.88447769813839,17.983169555664062,22.71556854248047
216.20723524185132,30.444338546998914,17.983169555664062,22.71556854248047
218.5266587585592,29.404596970543665,17.983169555664062,22.71556854248047
219.40644009248288,30.124418061935764,17.983169555664062,22.71556854248047
219.40644009248288,30.124418061935764,17.983169555664062,22.71556854248047
254.8145642900801,174.89975397413747,17.983169555664062,22.71556854248047
334.58365160869045,5.470582993403156,17.983169555664062,22.71556854248047
335.46343294261413,2.5113185065689763,17.983169555664062,22.71556854248047
338.902578157043,2.27137814277161,17.983169555664062,22.71556854248047
341.54192215881403,1.8714775364426668,17.983169555664062,22.71556854248047
344.34122640311665,2.7512588703663425,17.983169555664062,22.71556854248047
347.94033186007715,2.5113185065689763,17.983169555664062,22.71556854248047
350.8995963469113,2.111417900240033,17.983169555664062,22.71556854248047
354.3387415613402,3.1511594766952857,17.983169555664062,22.71556854248047
357.61792653323755,2.111417900240033,17.983169555664062,22.71556854248047
360.8971115051349,2.83123899163213,17.983169555664062,22.71556854248047
364.93012130185997,1.5012158310353918,18.381046295166016,23.218151092529297
367.95485951546533,1.7464648753817738,18.381046295166016,23.218151092529297
371.79709454355867,2.318712645523334,18.381046295166016,23.218151092529297
376.12982766034474,2.727461052767305,18.381046295166016,23.218151092529297
379.8085633255405,1.9917139197281575,18.381046295166016,23.218151092529297
384.14129644232656,2.2369629640745394,18.381046295166016,23.218151092529297
392.16503947873406,1.5560352952698562,18.78772735595703,23.731853485107422
396.25940074312564,1.4724769021190074,18.78772735595703,23.731853485107422
400.3537620075172,1.3889185089681586,18.78772735595703,23.731853485107422
404.2810064856071,1.3053601158173098,18.78772735595703,23.731853485107422
408.208250963697,1.3889185089681586,18.78772735595703,23.731853485107422
411.38139343441725,1.213077153995954,19.203405380249023,24.256919860839844
415.5663424417835,0.7860415409993973,19.203405380249023,24.256919860839844
418.89722022315664,1.725519889591821,19.203405380249023,24.256919860839844
422.74054074012565,1.4692985217938865,19.203405380249023,24.256919860839844
426.58386125709467,1.2130771539959522,19.203405380249023,24.256919860839844
430.08555328366646,0.6152272958007732,19.203405380249023,24.256919860839844
433.4164310650396,1.5547056443931968,19.203405380249023,24.256919860839844
436.4056803560155,0.9568557861980178,19.203405380249023,24.256919860839844
439.56574389219,0.5298201732014611,19.203405380249023,24.256919860839844
441.87173620237144,1.2984842765952624,19.203405380249023,24.256919860839844
446.1784029472078,0.40987303059032243,19.628280639648438,24.793603897094727
449.4935096135493,-0.6795400153880067,20.062557220458984,25.3421630859375
452.6164964698858,0.301970139460618,20.062557220458984,25.3421630859375
455.91793971801303,-0.3226272318066883,20.062557220458984,25.3421630859375
459.21938296614024,-1.1256809948646538,20.062557220458984,25.3421630859375
461.31179734923836,-1.1283060592371204,20.506441116333008,25.90285873413086
463.95666607139424,0.7869437050826669,20.506441116333008,25.90285873413086
466.23672531463205,0.14852711697607113,20.506441116333008,25.90285873413086
469.42880825516505,-0.4898894711305246,20.506441116333008,25.90285873413086
471.70886749840287,0.3309318564350985,20.506441116333008,25.90285873413086
473.6241172627227,-0.4898894711305246,20.506441116333008,25.90285873413086
475.3371702630284,0.9290798749176954,20.069135665893555,25.350473403930664
478.99672578373037,-0.052752094051127685,20.069135665893555,25.350473403930664
480.51410246304584,0.9290798749176954,20.069135665893555,25.350473403930664
483.8166281768501,0.30427771284662697,20.069135665893555,25.350473403930664
485.6910346630633,1.28610968181545,20.069135665893555,25.350473403930664
487.92247095617427,0.6613075197443798,20.069135665893555,25.350473403930664
491.40351157342735,-0.1420095457755668,20.069135665893555,25.350473403930664
493.09940315619167,0.6613075197443798,20.069135665893555,25.350473403930664
494.795294738956,0.036505357673309646,20.069135665893555,25.350473403930664
498.2763353562091,1.0183373266421327,20.069135665893555,25.350473403930664
499.79371203552455,0.5720500680199407,20.069135665893555,25.350473403930664
503.0962377493288,0.12576280939774875,20.069135665893555,25.350473403930664
504.61361442864427,0.9290798749176954,20.069135665893555,25.350473403930664
506.30950601140864,0.30427771284662697,20.069135665893555,25.350473403930664
509.6120317252129,1.1075947783665736,20.069135665893555,25.350473403930664
511.48643821142605,0.30427771284662697,20.069135665893555,25.350473403930664
515.145993732128,1.1075947783665736,20.069135665893555,25.350473403930664
518.2700045424833,0.30427771284662697,20.069135665893555,25.350473403930664
520.5014408355943,1.1075947783665736,20.069135665893555,25.350473403930664
523.6254516459496,0.4827926162955052,20.069135665893555,25.350473403930664
525.4998581321628,-0.32052444922444145,20.069135665893555,25.350473403930664
527.9098093287226,0.6613075197443816,20.069135665893555,25.350473403930664
531.2123350425269,0.0365053576733132,20.069135665893555,25.350473403930664
116.88923651187874,148.04600230799826,20.069135665893555,25.350473403930664
302.75435525738465,24.162359458635265,20.069135665893555,25.350473403930664
114.88041556553523,328.19301473486144,20.069135665893555,25.350473403930664
190.38261226671878,15.072429029146335,20.069135665893555,25.350473403930664
190.38261226671878,15.072429029146335,20.069135665893555,25.350473403930664
190.38261226671878,15.072429029146335,20.069135665893555,25.350473403930664
41.483340204607345,314.8939776059692,20.069135665893555,25.350473403930664
265.88477465244927,-0.7723800712585671,20.069135665893555,25.350473403930664
178.4299910581373,296.0527576285645,20.069135665893555,25.350473403930664
185.70894973024474,306.97747559759017,20.513164520263672,25.911352157592773
187.62482745996542,300.31751967998974,20.513164520263672,25.911352157592773
189.72316973537377,290.92059557707404,20.513164520263672,25.911352157592773
192.1864411021575,282.61845874828447,20.513164520263672,25.911352157592773
194.28478337756584,272.8566055539934,20.513164520263672,25.911352157592773
197.4779129271003,263.82461054245306,20.513164520263672,25.911352157592773
201.40090065938548,254.61015098522506,20.513164520263672,25.911352157592773
204.77649475460763,245.21322688230936,20.513164520263672,25.911352157592773
209.0644115782682,235.63383823370597,20.513164520263672,25.911352157592773
214.44711567605486,226.41937867647798,20.513164520263672,25.911352157592773
220.9246070479676,217.38738366493766,20.513164520263672,25.911352157592773
227.037169328505,208.35538865339734,20.513164520263672,25.911352157592773
234.73034484843248,200.10200399866338,20.075716018676758,25.35878562927246
243.12005684035404,190.81979247187127,19.647594451904297,24.818002700805664
247.96188569129527,180.3879392952518,19.22860336303711,24.28875160217285
233.906845984293,169.18941124306218,18.81854820251465,23.77078628540039
246.93408436130687,160.48846456455183,18.417236328125,23.263866424560547
246.93408436130687,160.48846456455183,18.417236328125,23.263866424560547
255.55280766074344,186.718692408968,18.417236328125,23.263866424560547
262.5152117318797,196.6298793808207,18.417236328125,23.263866424560547
271.7711136146843,193.1077220271871,18.417236328125,23.263866424560547
268.59299256656846,191.57563110872144,18.824718475341797,23.778579711914062
256.1182791322119,179.77070094600822,18.824718475341797,23.778579711914062
264.74173875461946,185.88247329975337,18.824718475341797,23.778579711914062
263.6533409381991,185.12896711915465,18.824718475341797,23.778579711914062
278.4722958233072,177.17529076839043,18.824718475341797,23.778579711914062
278.4722958233072,177.17529076839043,18.824718475341797,23.778579711914062
278.4722958233072,177.17529076839043,18.824718475341797,23.778579711914062
278.4722958233072,177.17529076839043,18.824718475341797,23.778579711914062
288.43532198900135,168.88672278180454,18.824718475341797,23.778579711914062
288.43532198900135,168.88672278180454,18.824718475341797,23.778579711914062
300.0728063338037,167.79832496538418,18.824718475341797,23.778579711914062
290.5724128317571,171.32659136014766,18.824718475341797,23.778579711914062
290.5724128317571,171.32659136014766,18.824718475341797,23.778579711914062
308.34528909549056,138.1069968456798,18.824718475341797,23.778579711914062
319.8634808926303,161.0362390833454,19.241214752197266,24.30467987060547
319.8634808926303,161.0362390833454,19.241214752197266,24.30467987060547
308.4819688765955,156.15844821933047,19.241214752197266,24.30467987060547
331.3305681869812,158.12667962059965,19.241214752197266,24.30467987060547
331.3305681869812,158.12667962059965,19.241214752197266,24.30467987060547
170.1406943082341,246.28372093522484,19.241214752197266,24.30467987060547
170.1406943082341,246.28372093522484,19.241214752197266,24.30467987060547
170.1406943082341,246.28372093522484,19.241214752197266,24.30467987060547
170.1406943082341,246.28372093522484,19.241214752197266,24.30467987060547
288.1276979432891,251.9881330132862,19.241214752197266,24.30467987060547
339.4019808663467,235.37512638286213,19.241214752197266,24.30467987060547
347.56868962974374,162.50955406874465,19.241214752197266,24.30467987060547
371.0612551215443,138.53526193052073,19.666927337646484,24.84242057800293
214.28131938247316,125.93780781141061,19.666927337646484,24.84242057800293
226.96427092804828,138.09594756889297,19.666927337646484,24.84242057800293
67.15991111586321,28.265205289238352,19.666927337646484,24.84242057800293
254.11159333965298,68.52148795894996,19.666927337646484,24.84242057800293
287.6661948091208,26.437534755469926,19.666927337646484,24.84242057800293
74.71162142087417,295.47104852537535,19.666927337646484,24.84242057800293
-3.047098189367845,286.17099612243055,19.666927337646484,24.84242057800293
9.776120725426239,332.495311814704,19.666927337646484,24.84242057800293
74.38936151289364,254.8435871125563,19.666927337646484,24.84242057800293
81.47432065214596,253.5315576423244,19.666927337646484,24.84242057800293
329.2195872694262,172.10065859922074,19.666927337646484,24.84242057800293
335.95467188328337,165.190636722666,19.666927337646484,24.84242057800293
358.50575877792875,161.155859782865,19.24752426147461,24.31264877319336
196.36998792480892,265.6113383440162,19.24752426147461,24.31264877319336
196.36998792480892,265.6113383440162,19.24752426147461,24.31264877319336
286.9026783713715,74.5683481772548,19.24752426147461,24.31264877319336
333.12797675752336,12.86144993474197,19.24752426147461,24.31264877319336
333.12797675752336,12.86144993474197,19.24752426147461,24.31264877319336
122.73343670155018,56.955743488359204,19.24752426147461,24.31264877319336
122.73343670155018,56.955743488359204,19.24752426147461,24.31264877319336
122.73343670155018,56.955743488359204,19.24752426147461,24.31264877319336
122.73343670155018,56.955743488359204,19.24752426147461,24.31264877319336
344.54093730542286,273.75035101958554,19.24752426147461,24.31264877319336
56.00640339825355,70.9195214026955,19.24752426147461,24.31264877319336
272.65345439227036,98.90176393505045,19.24752426147461,24.31264877319336
290.7516260333568,64.59704814428429,19.24752426147461,24.31264877319336
290.7516260333568,64.59704814428429,19.24752426147461,24.31264877319336
28.675683748841543,62.55859234453959,19.24752426147461,24.31264877319336
28.675683748841543,62.55859234453959,19.24752426147461,24.31264877319336
7.203541064801101,70.34413373496557,19.24752426147461,24.31264877319336
64.34088765121433,124.17268795482443,19.24752426147461,24.31264877319336
108.59396589041802,130.52961662276553,19.24752426147461,24.31264877319336
72.85132805351124,90.82129964305702,19.24752426147461,24.31264877319336
72.85132805351124,90.82129964305702,19.24752426147461,24.31264877319336
117.05024411829513,104.79216654200621,19.24752426147461,24.31264877319336
117.05024411829513,104.79216654200621,19.24752426147461,24.31264877319336
57.379579726907195,177.42447144943867,19.24752426147461,24.31264877319336
118.32235085171409,79.39692307762046,19.24752426147461,24.31264877319336
89.02321077379857,157.07639562246487,19.24752426147461,24.31264877319336
89.02321077379857,157.07639562246487,19.24752426147461,24.31264877319336
89.02321077379857,157.07639562246487,19.24752426147461,24.31264877319336
89.02321077379857,157.07639562246487,19.24752426147461,24.31264877319336
89.02321077379857,157.07639562246487,19.24752426147461,24.31264877319336
89.02321077379857,157.07639562246487,19.24752426147461,24.31264877319336
89.02321077379857,157.07639562246487,19.24752426147461,24.31264877319336
89.02321077379857,157.07639562246487,19.24752426147461,24.31264877319336
48.0602132351922,223.81814242153007,19.24752426147461,24.31264877319336
68.48494217560969,250.24781566413014,19.24752426147461,24.31264877319336
21.721215905911674,213.06255976226396,19.24752426147461,24.31264877319336
141.14786292902144,14.585143834614215,19.24752426147461,24.31264877319336
141.14786292902144,14.585143834614215,19.24752426147461,24.31264877319336
152.8755200212066,7.993686928787522,19.24752426147461,24.31264877319336
138.75096950872083,13.21549045158529,19.24752426147461,24.31264877319336
123.77038563184198,18.950913993018904,19.24752426147461,24.31264877319336
123.77038563184198,18.950913993018904,19.24752426147461,24.31264877319336
123.77038563184198,18.950913993018904,19.24752426147461,24.31264877319336
123.77038563184198,18.950913993018904,19.24752426147461,24.31264877319336
106.89620272316749,36.45458243022141,18.837064743041992,23.794174194335938
92.31985995574084,40.180528608183344,18.43535804748535,23.28675651550293
76.31575217880388,42.40451959706702,18.042219161987305,22.790159225463867
60.498252515914714,44.73576836058851,17.65746307373047,22.30415153503418
44.87047528994451,46.22786769372134,17.65746307373047,22.30415153503418
28.771508800879715,49.29059790383611,17.65746307373047,22.30415153503418
11.88722687332396,50.468571061572554,17.65746307373047,22.30415153503418
292.1003793212276,31.604869581631405,17.65746307373047,22.30415153503418
327.6513920005278,28.008150252284167,17.65746307373047,22.30415153503418
324.27453561501665,27.3013663576423,17.65746307373047,22.30415153503418
327.1802027374332,38.845503303459495,17.65746307373047,22.30415153503418
316.2643181424088,37.19634088262847,17.65746307373047,22.30415153503418
305.66255972278077,34.604799935608284,17.65746307373047,22.30415153503418
296.31730600473827,31.22794355009713,17.65746307373047,22.30415153503418
287.44324154979034,29.107591866171525,17.65746307373047,22.30415153503418
278.8833032702388,25.88779856835857,17.65746307373047,22.30415153503418
269.8521757275927,24.238636147527544,17.65746307373047,22.30415153503418
204.69145494451357,14.24261819147155,17.65746307373047,22.30415153503418
312.0477400844133,-3.844391690257396,17.65746307373047,22.30415153503418
32.32243292516405,198.9192288157338,17.65746307373047,22.30415153503418
190.55092406837608,3.9995441487010908,17.65746307373047,22.30415153503418
199.73911469872036,-1.105006201490184,17.65746307373047,22.30415153503418
35.00279652231369,38.33848378318777,17.65746307373047,22.30415153503418
329.2402334853916,204.5724240506521,17.65746307373047,22.30415153503418
329.2402334853916,204.5724240506521,17.65746307373047,22.30415153503418
214.84332098939493,-5.343597903374686,17.65746307373047,22.30415153503418
290.55461426572396,175.5515616932703,17.65746307373047,22.30415153503418
287.4918840556092,174.05946236013745,17.65746307373047,22.30415153503418
258.82134609220753,217.51160464572285,17.65746307373047,22.30415153503418
258.82134609220753,217.51160464572285,17.65746307373047,22.30415153503418
269.68234208747265,230.2387801862454,17.280912399291992,21.828508377075195
265.76264350132845,231.69906005167167,17.280912399291992,21.828508377075195
262.7652269354535,232.39077156687358,17.280912399291992,21.828508377075195
300.8651563992914,208.1623300494448,17.280912399291992,21.828508377075195
297.4065988232818,204.08891779325575,17.280912399291992,21.828508377075195
295.79260528781066,207.70118903931018,17.280912399291992,21.828508377075195
316.8917395606934,225.87941229656593,17.663251876831055,22.311464309692383
107.27721198135858,9.941612228323592,17.663251876831055,22.311464309692383
96.18358633671087,11.921023071187918,17.286577224731445,21.835664749145508
90.72496188203027,11.22908476003122,17.286577224731445,21.835664749145508
90.72496188203027,11.22908476003122,17.286577224731445,21.835664749145508
307.66521345445847,250.50777622816167,17.286577224731445,21.835664749145508
313.6158943101319,237.42403625690298,17.669042587280273,22.31877899169922
310.3939892770283,238.44561590154558,17.669042587280273,22.31877899169922
307.0149181447489,241.19602263712184,17.669042587280273,22.31877899169922
303.63584701246947,244.1035954718739,17.669042587280273,22.31877899169922
299.9613677553791,245.32622757894055,17.292245864868164,21.842824935913086
296.179465252711,246.44104279027567,17.674837112426758,22.32609748840332
292.6420685721479,247.77739264737727,17.674837112426758,22.32609748840332
291.06007756500946,251.03734583761707,18.065893173217773,22.8200626373291
288.54217220701173,252.44232654969073,17.680631637573242,22.333417892456055
288.54217220701173,252.44232654969073,17.680631637573242,22.333417892456055
287.20538419218815,256.1381522377324,17.680631637573242,22.333417892456055
285.39678864272094,259.6767087475596,17.680631637573242,22.333417892456055
284.531808162541,260.85622758416866,17.680631637573242,22.333417892456055
283.66682768236103,264.2375149157813,17.680631637573242,22.333417892456055
282.08431819040686,265.5405356167785,18.071815490722656,22.827545166015625
279.8754641791636,268.8052400701559,17.68642807006836,22.340740203857422
327.4489043476753,166.26803126114123,17.68642807006836,22.340740203857422
211.04733436504347,226.2448095070867,17.68642807006836,22.340740203857422
190.99271946227665,219.8869225132046,17.30925941467285,21.864316940307617
192.14746319366054,222.7352903839515,17.30925941467285,21.864316940307617
193.61013858674679,223.582102453633,17.30925941467285,21.864316940307617
197.57892169077292,224.77983906765712,16.940134048461914,21.398054122924805
202.17473681633038,227.71814709875125,16.940134048461914,21.398054122924805
207.67464672068604,231.7112323717766,16.940134048461914,21.398054122924805
213.77728647757382,238.56728444432952,16.940134048461914,21.398054122924805
225.90722475978288,246.6287962219467,16.940134048461914,21.398054122924805
241.95490708345073,255.14235538896298,16.940134048461914,21.398054122924805
262.07101591171045,265.6147865767087,16.940134048461914,21.398054122924805
267.1654157572159,292.82967543556884,16.940134048461914,21.398054122924805
351.3921180940707,154.90682720526343,16.940134048461914,21.398054122924805
227.83556672127568,272.3914282112986,16.940134048461914,21.398054122924805
145.7361704930777,344.15840233776066,16.940134048461914,21.398054122924805
158.6195210909519,339.7132696753362,16.940134048461914,21.398054122924805
41.288739997765354,125.81065591149459,16.940134048461914,21.398054122924805
115.5595964902627,242.4081748030656,16.940134048461914,21.398054122924805
338.4213786208668,167.1930882549278,16.940134048461914,21.398054122924805
137.04698118292436,8.888542995798957,16.940134048461914,21.398054122924805
125.06772536384835,3.0872681651772425,16.940134048461914,21.398054122924805
106.00456778473514,0.4833239433014498,16.578880310058594,20.941734313964844
162.97988256707146,33.54095201554587,16.578880310058594,20.941734313964844
172.04033912525347,47.480650632479964,16.225330352783203,20.495145797729492
173.70006847107814,50.00632572395231,16.225330352783203,20.495145797729492
176.2257435625505,54.84118947048509,16.225330352783203,20.495145797729492
142.44213194181614,85.36229509815946,16.225330352783203,20.495145797729492
322.05739715687156,104.87364302707711,16.225330352783203,20.495145797729492
140.48169557577143,183.92893293146562,16.225330352783203,20.495145797729492
156.7618788456721,171.80078838207044,16.225330352783203,20.495145797729492
156.7618788456721,171.80078838207044,16.225330352783203,20.495145797729492
156.7618788456721,171.80078838207044,16.225330352783203,20.495145797729492
52.5304336897279,41.683915909114404,16.225330352783203,20.495145797729492
72.34075706147368,27.756303079038574,16.58431625366211,20.94860076904297
76.39748737312839,30.337858731909748,16.58431625366211,20.94860076904297
79.86414782126967,33.214449316537625,16.58431625366211,20.94860076904297
82.74073840589755,34.76338270826033,16.58431625366211,20.94860076904297
85.76484645640377,36.312316099983036,16.58431625366211,20.94860076904297
88.64143704103165,38.3038018893408,16.58431625366211,20.94860076904297
91.28938635144131,38.91382961644811,16.951244354248047,21.41208839416504
94.22962150275407,40.346251869651766,16.951244354248047,21.41208839416504
97.62220052349957,41.32633025342269,16.951244354248047,21.41208839416504
100.26087309519052,42.30640863719361,16.951244354248047,21.41208839416504
103.43671535285156,43.08636919466991,17.326290130615234,21.88582992553711
107.26085632639084,44.28528476948541,16.956802368164062,21.41910743713379
325.16461459082427,182.64426626895943,16.956802368164062,21.41910743713379
321.9255355590187,203.2983157463203,17.331972122192383,21.89300537109375
321.0776123438781,201.9878889592848,17.331972122192383,21.89300537109375
318.37967484115796,201.13996574414418,17.331972122192383,21.89300537109375
318.30259091250883,205.68791753444387,17.331972122192383,21.89300537109375
317.6088355546665,207.61501575067254,17.331972122192383,21.89300537109375
316.60674448222755,209.85044968149782,17.331972122192383,21.89300537109375
318.22550698385965,213.01089075611284,17.331972122192383,21.89300537109375
1.3610294534896514,6.0381250680161145,17.331972122192383,21.89300537109375
-0.6701210615397839,14.193264230535323,17.715442657470703,22.37738800048828
-1.0640681143923318,14.587211283387873,17.715442657470703,22.37738800048828
-0.9852787038218223,12.775054840266154,17.715442657470703,22.37738800048828
-1.3792257566743702,11.593213681708512,17.715442657470703,22.37738800048828
-1.4580151672448798,10.096214880868832,17.715442657470703,22.37738800048828
-0.2761740086872351,9.071952543452205,17.715442657470703,22.37738800048828
-1.3004363461038606,7.1022172791894675,17.715442657470703,22.37738800048828
-1.8519622200974277,5.605218478349784,17.715442657470703,22.37738800048828
131.227202799404,1.2182145557915476,17.715442657470703,22.37738800048828
128.4543736961346,-0.28983961861126417,17.337656021118164,21.900182723999023
139.17255286564432,-0.5211672265862948,17.337656021118164,21.900182723999023
152.51244492553772,-1.36936845582807,17.337656021118164,21.900182723999023
165.38968176948106,-0.5211672265862948,17.337656021118164,21.900182723999023
161.30289402858887,10.968103969506856,17.337656021118164,21.900182723999023
176.80184376291587,12.278960414698691,17.337656021118164,21.900182723999023
192.60923030787623,11.430759185456914,17.337656021118164,21.900182723999023
212.48945791244938,12.630460617123621,16.967926025390625,21.433155059814453
232.48763671923692,13.309644048297535,16.967926025390625,21.433155059814453
252.08938761070232,14.77471083031335,16.6060791015625,20.976085662841797
268.8545896400683,0.07746323628767193,16.6060791015625,20.976085662841797
311.9737550340947,-7.292453692627973,16.6060791015625,20.976085662841797
315.8880973581317,2.9734629685256415,16.6060791015625,20.976085662841797
315.8880973581317,2.9734629685256415,16.6060791015625,20.976085662841797
58.97822351089417,92.34666439855148,16.6060791015625,20.976085662841797
5.3433696768096794,88.60570748761413,16.6060791015625,20.976085662841797
2.6107156015385726,85.13449825686435,16.6060791015625,20.976085662841797
1.3551718372248214,97.616080384454,16.6060791015625,20.976085662841797
-1.2297712069505486,88.82727403425773,16.6060791015625,20.976085662841797
137.10324548313002,22.453265909931105,16.6060791015625,20.976085662841797
147.2214511131879,16.47096915055382,16.6060791015625,20.976085662841797
311.487998398556,34.742423280100084,16.6060791015625,20.976085662841797
140.63923771710327,221.70835368646436,16.6060791015625,20.976085662841797
99.3717414513719,-5.447831428866422,16.6060791015625,20.976085662841797
119.6469380758549,-1.7719994971078386,16.973487854003906,21.440181732177734
210.30278814500411,230.62299445982802,16.973487854003906,21.440181732177734
342.94672111231057,348.63456282696734,16.973487854003906,21.440181732177734
362.9514568520921,340.4061998245666,16.973487854003906,21.440181732177734
86.3335838896976,21.57985142250341,16.973487854003906,21.440181732177734
86.3335838896976,21.57985142250341,16.973487854003906,21.440181732177734
325.4291298928246,82.18532180066249,16.973487854003906,21.440181732177734
119.81549130470017,139.46546689824135,16.973487854003906,21.440181732177734
104.79306710765668,156.29964074718958,16.973487854003906,21.440181732177734
124.94878198509696,157.58296341728877,16.973487854003906,21.440181732177734
123.11628406806994,156.32761619418955,17.34902572631836,21.9145450592041
287.8270874725167,75.54141543605353,17.34902572631836,21.9145450592041
84.00379022737928,48.06640443825904,17.34902572631836,21.9145450592041
70.44875977246491,42.392790176012255,17.34902572631836,21.9145450592041
251.8628099368857,44.04784166235848,17.34902572631836,21.9145450592041
139.38511492762078,8.049974770803331,17.34902572631836,21.9145450592041
299.0888909407739,43.47990150583085,17.34902572631836,21.9145450592041
200.13941655197755,147.94691331901709,17.34902572631836,21.9145450592041
199.22701400639596,159.31220731849643,17.732872009277344,22.399404525756836
185.89850189446938,151.18891295442282,17.732872009277344,22.399404525756836
80.45103461399076,34.73912142119204,17.732872009277344,22.399404525756836
80.45103461399076,34.73912142119204,17.732872009277344,22.399404525756836
276.8306273769111,153.06455866026965,17.732872009277344,22.399404525756836
224.1781961790225,129.67090795590977,17.732872009277344,22.399404525756836
41.812847359172544,3.5424500636332112,17.732872009277344,22.399404525756836
33.0586175105107,-4.265376558146274,17.732872009277344,22.399404525756836
53.958355437496195,-3.2401063956903817,17.732872009277344,22.399404525756836
75.4456636835332,-2.0968840171440792,18.125211715698242,22.894990921020508
89.88124567410813,-1.262907338690697,18.52623176574707,23.40154266357422
108.58500239797951,0.13781453049790926,18.52623176574707,23.40154266357422
127.61834073813057,4.0103985217840545,18.52623176574707,23.40154266357422
149.61791362479866,8.047773321210038,18.52623176574707,23.40154266357422
48.83805179434855,103.75590049787766,18.52623176574707,23.40154266357422
50.56835527981683,103.0143418612484,18.52623176574707,23.40154266357422
45.21265401527216,97.49384978856389,18.52623176574707,23.40154266357422
116.72280023362806,45.22263202923908,18.52623176574707,23.40154266357422
99.45100721139795,218.68498613678375,18.52623176574707,23.40154266357422
101.84047392942557,215.6363561861968,18.52623176574707,23.40154266357422
79.84090104275748,209.62149168909278,18.52623176574707,23.40154266357422
96.00130806251897,210.90343823841346,18.131155014038086,22.902498245239258
116.94685128155166,210.60357427850064,17.744503021240234,22.414094924926758
134.8613873926828,210.99816758491323,17.744503021240234,22.414094924926758
155.20812823560632,211.1610950500782,17.36609649658203,21.936107635498047
172.586160074103,210.31150238241835,17.36609649658203,21.936107635498047
190.41456709048754,211.36428409053508,16.995759963989258,21.468313217163086
208.02671614613266,210.38163199730167,16.995759963989258,21.468313217163086
224.73180173110077,210.9107523551966,16.995759963989258,21.468313217163086
240.37864660027904,211.59104995820434,16.995759963989258,21.468313217163086
254.7668848703284,212.47566798371653,16.633319854736328,21.010494232177734
269.7841493701154,213.73327141473317,16.633319854736328,21.010494232177734
281.84234697339264,214.39906146644788,16.633319854736328,21.010494232177734
281.84234697339264,214.39906146644788,16.633319854736328,21.010494232177734
254.23130027845053,222.1282298381828,16.633319854736328,21.010494232177734
342.6200406910238,91.73903279393629,16.633319854736328,21.010494232177734
341.2144839151817,72.13521460455918,16.633319854736328,21.010494232177734
332.41125989806517,61.70450379436231,16.633319854736328,21.010494232177734
344.6174108461679,60.29894701852018,16.633319854736328,21.010494232177734
357.56332851839807,61.11269041506036,16.633319854736328,21.010494232177734
370.65719953545374,61.92643381160053,16.633319854736328,21.010494232177734
383.7510705525094,62.8881305529662,16.633319854736328,21.010494232177734
395.95722150061215,63.70187394950638,16.633319854736328,21.010494232177734
408.45927913836584,62.8881305529662,16.633319854736328,21.010494232177734
421.5531501554215,63.5539206046809,16.633319854736328,21.010494232177734
434.79497451730265,64.07175731157011,16.633319854736328,21.010494232177734
447.5929388447073,64.7375473632848,16.633319854736328,21.010494232177734
462.3142966548433,63.92380396674463,16.633319854736328,21.010494232177734
475.8252782059551,64.50434568432846,16.278610229492188,20.56243896484375
489.9431022362804,63.85275380600575,16.278610229492188,20.56243896484375
503.48173348587443,64.64914387951129,16.278610229492188,20.56243896484375
517.8211058389529,65.49643396950147,15.931464195251465,20.123939514160156
531.4449222345609,64.55000848890434,15.591720581054688,19.69478988647461
545.1792331293451,64.82684531534535,15.259222030639648,19.274791717529297
558.2772499738116,64.08032622058302,15.259222030639648,19.274791717529297
570.8323438402692,64.69111457084311,15.259222030639648,19.274791717529297
584.066091429238,63.808864731578524,15.259222030639648,19.274791717529297
597.507514038948,64.60309702436264,14.93381404876709,18.863750457763672
609.7948667470486,63.341152692179335,14.93381404876709,18.863750457763672
622.8216118031839,64.11844744427108,14.61534595489502,18.461475372314453
212.02455799129064,152.95286652497987,14.61534595489502,18.461475372314453
291.1834604464973,124.94413616090327,14.61534595489502,18.461475372314453
286.43833369853456,131.8993219421637,14.61534595489502,18.461475372314453
268.27035810017594,134.1903457848285,14.93871021270752,18.869935989379883
278.70142235127236,133.19374728950083,14.93871021270752,18.869935989379883
291.1256835930242,132.33002859355017,14.93871021270752,18.869935989379883
302.35402664038276,132.13070889448463,14.93871021270752,18.869935989379883
313.84812928649535,131.13411039915695,14.93871021270752,18.869935989379883
325.607991531362,130.2703917032063,14.93871021270752,18.869935989379883
335.7732961837044,129.67243260600966,14.93871021270752,18.869935989379883
346.6270046135838,128.91305908929567,14.620138168334961,18.467529296875
357.37460038960074,128.92195340039194,14.308359146118164,18.07370376586914
368.1383455362244,128.4399678223537,14.003229141235352,17.688276290893555
379.0372312692147,127.63033631076013,14.003229141235352,17.688276290893555
389.6869996140224,126.94526349325787,14.003229141235352,17.688276290893555
400.2122092647388,125.88651459348165,14.003229141235352,17.688276290893555
411.2266406291913,126.37526037988539,13.704606056213379,17.311067581176758
423.18114902272634,126.03110865127272,13.412351608276367,16.941904067993164
435.05178121665506,126.32936574157245,13.412351608276367,16.941904067993164
447.0417162467037,126.03110865127272,13.412351608276367,16.941904067993164
459.6281654573517,125.13633738037356,13.412351608276367,16.941904067993164
472.4532203402395,124.48017178171418,13.412351608276367,16.941904067993164
485.9940922398466,124.53982319977413,13.412351608276367,16.941904067993164
501.8017180257316,123.4064462566352,13.412351608276367,16.941904067993164
515.2232870892188,125.13633738037356,13.412351608276367,16.941904067993164
531.0309128751038,125.79250297903295,13.412351608276367,16.941904067993164
546.4101897859639,125.57068152276227,13.12632942199707,16.580612182617188
561.4614988885605,126.59151317932071,12.846406936645508,16.227025985717773
576.1918344829013,126.48919000932148,12.572453498840332,15.880979537963867
591.0095662510494,128.893576673587,12.572453498840332,15.880979537963867
605.9391299570702,132.3044507787079,12.572453498840332,15.880979537963867
620.8686936630911,133.9260138778637,12.572453498840332,15.880979537963867
630.6499381350247,135.55050990090254,12.304342269897461,15.542312622070312
616.1481989600046,129.147855246271,12.304342269897461,15.542312622070312
631.0576363725817,128.3513858108936,12.576576232910156,15.886186599731445
12.0003179632178,57.53254832196316,12.576576232910156,15.886186599731445
-0.47303148735441347,69.11094893303243,12.576576232910156,15.886186599731445
0.37438156428100466,68.41292118805005,12.854832649230957,16.237668991088867
5.1553857347808005,76.24092395028853,13.139245986938477,16.596927642822266
1.240121738210327,74.19563678790097,13.139245986938477,16.596927642822266
-1.154386367941168,71.61269884022761,12.859047889709473,16.242992401123047
5.880056720764928,61.375582475362634,12.859047889709473,16.242992401123047
21.58031280244038,62.56060457619441,13.1435546875,16.60236930847168
37.18804774492553,62.151413023395165,13.1435546875,16.60236930847168
52.79578268741067,46.54367808091002,13.1435546875,16.60236930847168
90.71201724067353,-4.4965755937886485,13.1435546875,16.60236930847168
106.31975218315867,5.031741992822134,13.1435546875,16.60236930847168
122.3673766618476,4.180950253693997,13.434355735778809,16.969696044921875
323.97834954291795,81.85498910143599,13.434355735778809,16.969696044921875
307.27843611745624,67.22362207572506,13.73159122467041,17.345149993896484
313.39930892049705,64.81409198794341,14.035402297973633,17.728912353515625
312.78314007543446,153.08482866657872,14.035402297973633,17.728912353515625
306.2543468239422,139.25514256524025,13.736093521118164,17.35083770751953
323.02543116587503,138.2392311595053,14.04000473022461,17.734724044799805
52.34927582481529,47.86597416277387,14.04000473022461,17.734724044799805
221.72057811185107,135.85307435216086,14.04000473022461,17.734724044799805
78.22029649072057,53.005612897021365,14.04000473022461,17.734724044799805
6.310210133567111,88.7872172632361,14.04000473022461,17.734724044799805
182.8712984700163,40.028964977562595,14.04000473022461,17.734724044799805
340.5436766878454,59.97495546729978,14.04000473022461,17.734724044799805
349.7814544179389,67.20580765734229,13.74059772491455,17.356525421142578
265.434784604257,31.65591181491307,13.74059772491455,17.356525421142578
277.8999671768989,26.20146055419245,14.044608116149902,17.740537643432617
277.8999671768989,26.20146055419245,14.044608116149902,17.740537643432617
271.8915708368209,10.262530210780369,14.044608116149902,17.740537643432617
78.79641133943862,20.907763157461787,14.044608116149902,17.740537643432617
92.4758888592375,33.71275352987626,14.044608116149902,17.740537643432617
92.4758888592375,33.71275352987626,14.044608116149902,17.740537643432617
26.644564642352016,273.7741486408913,14.044608116149902,17.740537643432617
42.74881598948334,277.0337983764286,13.745102882385254,17.362215042114258
158.39449149655115,-4.6730659795978795,13.745102882385254,17.362215042114258
180.44242767125724,34.40155082426482,13.745102882385254,17.362215042114258
194.71852205985414,26.297368549678552,13.745102882385254,17.362215042114258
338.04264437397893,55.673809860646514,13.745102882385254,17.362215042114258
346.96854463750304,71.59104486189432,13.451984405517578,16.991960525512695
362.8228781894361,68.06121210882243,13.451984405517578,16.991960525512695
165.87559905756356,249.73238151088935,13.451984405517578,16.991960525512695
179.57613635338498,254.93738912982587,13.451984405517578,16.991960525512695
195.43046990531806,252.1254884621245,13.451984405517578,16.991960525512695
283.41246332582136,288.69328239918764,13.451984405517578,16.991960525512695
21.65052963499835,277.8170682622939,13.451984405517578,16.991960525512695
325.53531843276164,15.457667504004704,13.451984405517578,16.991960525512695
339.4766706832375,-1.3033199553564394,13.74960994720459,17.367908477783203
339.4766706832375,-1.3033199553564394,13.74960994720459,17.367908477783203
295.94634363961154,235.45821631383592,13.74960994720459,17.367908477783203
295.94634363961154,235.45821631383592,13.74960994720459,17.367908477783203
260.1077743686333,15.717166868025629,13.74960994720459,17.367908477783203
248.1714622322247,27.749510413260566,13.456395149230957,16.99753189086914
232.19223583706224,26.253328166522508,13.456395149230957,16.99753189086914
273.9104823883862,249.03171261889742,13.456395149230957,16.99753189086914
300.82777753620934,228.6419123233806,13.456395149230957,16.99753189086914
16.132032624102536,190.62252083568967,13.456395149230957,16.99753189086914
149.9290431712998,216.45414009684995,13.456395149230957,16.99753189086914
160.04076272202713,182.54896275199312,13.456395149230957,16.99753189086914
306.77400547561825,244.02172644911593,13.456395149230957,16.99753189086914
306.77400547561825,244.02172644911593,13.456395149230957,16.99753189086914
201.62182544846414,180.50263286625642,13.456395149230957,16.99753189086914
241.83066841066392,224.41047783161554,13.456395149230957,16.99753189086914
241.83066841066392,224.41047783161554,13.456395149230957,16.99753189086914
157.25817813331966,165.5431573554971,13.456395149230957,16.99753189086914
180.46364098213854,181.32407319921646,13.456395149230957,16.99753189086914
180.46364098213854,181.32407319921646,13.456395149230957,16.99753189086914
206.87946014120564,122.33935018807938,13.456395149230957,16.99753189086914
307.68876636658666,207.517979341746,13.456395149230957,16.99753189086914
307.68876636658666,207.517979341746,13.456395149230957,16.99753189086914
290.8645432181028,61.598256479967304,13.456395149230957,16.99753189086914
295.5924791177951,62.49596582801014,13.456395149230957,16.99753189086914
295.5924791177951,62.49596582801014,13.456395149230957,16.99753189086914
295.5924791177951,62.49596582801014,13.456395149230957,16.99753189086914
327.09696190021435,157.61550263339052,13.456395149230957,16.99753189086914
332.06428695938473,144.7483353114432,13.456395149230957,16.99753189086914
332.06428695938473,144.7483353114432,13.456395149230957,16.99753189086914
344.93145428133204,144.09001512287847,13.456395149230957,16.99753189086914
344.93145428133204,144.09001512287847,13.456395149230957,16.99753189086914
344.93145428133204,144.09001512287847,13.456395149230957,16.99753189086914
344.93145428133204,144.09001512287847,13.456395149230957,16.99753189086914
13.534397065772144,28.377677588342365,13.456395149230957,16.99753189086914
206.58376755076975,221.88667774217595,13.456395149230957,16.99753189086914
216.21918121976285,230.68422935299574,13.456395149230957,16.99753189086914
223.457810579625,223.42421509010288,13.16943359375,16.635053634643555
223.457810579625,223.42421509010288,13.16943359375,16.635053634643555
228.90491621959393,211.1828701572695,13.16943359375,16.635053634643555
221.70067972802212,205.61862246052704,13.16943359375,16.635053634643555
267.8202549565094,274.49399605551423,13.16943359375,16.635053634643555
109.21586880846786,172.04873946487837,13.16943359375,16.635053634643555
210.92703440262036,284.6311569319523,13.16943359375,16.635053634643555
78.24580543436824,73.2112947206214,13.16943359375,16.635053634643555
90.53605557358763,201.92058716299778,13.16943359375,16.635053634643555
254.0412973311246,-2.782323755833218,13.16943359375,16.635053634643555
37.332590350450076,172.67576303946853,13.16943359375,16.635053634643555
347.13599748327636,119.28008267088451,13.16943359375,16.635053634643555
312.4030568927937,259.8404324742454,13.16943359375,16.635053634643555
91.6334216126415,38.317941354115774,13.16943359375,16.635053634643555
36.86188498650798,20.321023799964948,13.16943359375,16.635053634643555
36.86188498650798,20.321023799964948,13.16943359375,16.635053634643555
25.65618069150692,8.95552608070119,13.16943359375,16.635053634643555
23.4890526411967,-0.8258356598881722,13.16943359375,16.635053634643555
208.80374697008602,251.00993019835198,13.16943359375,16.635053634643555
169.28704290081228,169.42413575559456,13.16943359375,16.635053634643555
169.28704290081228,169.42413575559456,13.16943359375,16.635053634643555
169.28704290081228,169.42413575559456,13.16943359375,16.635053634643555
169.28704290081228,169.42413575559456,13.16943359375,16.635053634643555
78.51116726706218,231.0111582748106,13.16943359375,16.635053634643555
78.51116726706218,231.0111582748106,13.16943359375,16.635053634643555
288.35254516887034,47.13560700113874,13.16943359375,16.635053634643555
30.77452106444467,256.88251670248656,13.16943359375,16.635053634643555
298.005301806527,-6.774299533007948,13.16943359375,16.635053634643555
298.005301806527,-6.774299533007948,13.16943359375,16.635053634643555
333.69404068321364,218.8217563405017,13.16943359375,16.635053634643555
87.19358050666125,-3.6998676554092214,13.16943359375,16.635053634643555
214.64772287921852,60.75658289435417,13.16943359375,16.635053634643555
248.90563970435412,106.9106422375102,13.16943359375,16.635053634643555
248.90563970435412,106.9106422375102,13.16943359375,16.635053634643555
268.64706774047016,51.309799513630736,13.16943359375,16.635053634643555
264.0413848080305,76.69904444881325,13.16943359375,16.635053634643555
181.49346309577183,162.08160392930878,13.16943359375,16.635053634643555
181.49346309577183,162.08160392930878,13.16943359375,16.635053634643555
181.49346309577183,162.08160392930878,13.16943359375,16.635053634643555
197.5726834703256,154.90932329412215,13.460806846618652,17.003103256225586
189.37091647292027,147.06675777105576,13.460806846618652,17.003103256225586
179.7323435781593,140.7807319701247,13.460806846618652,17.003103256225586
172.2489795294318,134.37497234441398,13.460806846618652,17.003103256225586
166.68135667717857,128.4481480178218,13.460806846618652,17.003103256225586
161.47293529926424,122.16212221689074,13.460806846618652,17.003103256225586
159.01839189128162,114.7984919929429,13.460806846618652,17.003103256225586
161.1137338249253,106.71645882031723,13.460806846618652,17.003103256225586
165.24455077982287,99.47256242114904,13.460806846618652,17.003103256225586
171.6503104055336,92.94706897065868,13.460806846618652,17.003103256225586
179.8145620741864,85.3384557348917,13.173750877380371,16.640506744384766
190.18503321799648,78.7177594679395,13.173750877380371,16.640506744384766
201.90236559206375,72.28790748311536,12.892816543579102,16.285642623901367
216.79645196836353,64.66873636456768,12.617873191833496,15.938346862792969
229.42569159357444,56.99568838421146,12.348793029785156,15.598456382751465
243.691309582456,50.01563146963626,12.085451126098633,15.265814781188965
255.68403321282386,45.567560102547965,11.827725410461426,14.940266609191895
269.3477014130724,40.80872545286494,11.575495719909668,14.621661186218262
282.71998784887757,36.94531380894524,11.328644752502441,14.309849739074707
296.55169782462093,33.91196671814953,11.579291343688965,14.626455307006836
310.30189795229796,32.521497042317016,11.579291343688965,14.626455307006836
310.30189795229796,32.521497042317016,11.579291343688965,14.626455307006836
252.58478007147278,154.9372208011539,11.579291343688965,14.626455307006836
254.90222953119365,160.96258939642811,11.579291343688965,14.626455307006836
255.36571942313782,164.82500516262954,11.579291343688965,14.626455307006836
255.52021605378587,171.46836028049597,11.579291343688965,14.626455307006836
256.91068572961836,166.26697371534473,11.579291343688965,14.626455307006836
240.7095541905677,44.15901736791555,11.579291343688965,14.626455307006836
183.20497922249956,178.2106011476578,11.579291343688965,14.626455307006836
189.65739313264862,107.0569538412422,11.579291343688965,14.626455307006836
159.62214069213587,55.96621192595977,11.579291343688965,14.626455307006836
312.235346824942,230.1143901646779,11.579291343688965,14.626455307006836
288.4585430568265,163.6182700468757,11.579291343688965,14.626455307006836
314.58541895680617,186.38598977688036,11.579291343688965,14.626455307006836
321.2656713369861,267.77681249218074,11.579291343688965,14.626455307006836
332.85291863559036,272.2572147809744,11.579291343688965,14.626455307006836
332.85291863559036,272.2572147809744,11.579291343688965,14.626455307006836
151.3176587957201,1.6305933532947279,11.579291343688965,14.626455307006836
354.92745578458954,152.41453843469026,11.579291343688965,14.626455307006836
231.33154647345998,12.072952487487228,11.579291343688965,14.626455307006836
230.97105433528117,10.373489550358606,11.579291343688965,14.626455307006836
232.77351502617518,4.657114216380506,11.579291343688965,14.626455307006836
275.2926123363873,256.4033050479677,11.579291343688965,14.626455307006836
-4.223392665770079,33.324701799923645,11.579291343688965,14.626455307006836
305.78710726578186,308.4971179837163,11.579291343688965,14.626455307006836
6.2313557200090095,128.24962712492737,11.579291343688965,14.626455307006836
265.4570843173701,21.682546453155155,11.579291343688965,14.626455307006836
85.76666066163183,11.736093026273778,11.579291343688965,14.626455307006836
99.90439719042855,2.6514637174944014,11.83548355102539,14.950065612792969
99.90439719042855,2.6514637174944014,11.83548355102539,14.950065612792969
90.21632780006401,5.162077515387782,12.097343444824219,15.28083610534668
90.05491906499506,-1.8861039159561637,12.097343444824219,15.28083610534668
95.81183061578744,-1.4018777107493277,12.097343444824219,15.28083610534668
114.12840568824639,97.30299237347445,12.097343444824219,15.28083610534668
338.27346868053587,27.83467738679306,12.097343444824219,15.28083610534668
332.7250514227334,26.381761388807078,12.364996910095215,15.618924140930176
344.5486111615515,30.176299165451027,12.364996910095215,15.618924140930176
357.2493219982117,32.913347882014584,12.638572692871094,15.964492797851562
369.1096378846597,37.01667991855822,12.638572692871094,15.964492797851562
380.74511365951633,39.77097128555326,12.638572692871094,15.964492797851562
392.1557493227815,42.5252626525483,12.638572692871094,15.964492797851562
403.45396493025095,44.49261362897333,12.638572692871094,15.964492797851562
413.9652401471504,46.68480471698979,12.638572692871094,15.964492797851562
423.35231480609264,48.876995805006246,12.638572692871094,15.964492797851562
432.8518095208306,50.84434678143128,12.638572692871094,15.964492797851562
439.42838278488,52.02475736728629,12.638572692871094,15.964492797851562
447.4664167742737,52.755487729958446,12.638572692871094,15.964492797851562
453.7057298709359,55.17251892956634,12.638572692871094,15.964492797851562
458.554006319963,55.50527766291502,12.369050979614258,15.624045372009277
465.7379483848252,55.93698606815175,12.105277061462402,15.290858268737793
472.3600468489127,55.0217366869364,12.105277061462402,15.290858268737793
478.33608692625995,54.10648730572105,12.105277061462402,15.290858268737793
79.52442512706727,35.5299060647113,12.105277061462402,15.290858268737793
350.35651873361445,49.87523521312208,12.105277061462402,15.290858268737793
359.23982155129283,52.94401255013825,12.105277061462402,15.290858268737793
363.1700100706293,52.78249795345319,12.105277061462402,15.290858268737793
367.74625697670604,52.728659754558166,12.105277061462402,15.290858268737793
372.32250388278277,51.921086771132856,12.105277061462402,15.290858268737793
373.8838116507384,52.297954163397996,12.105277061462402,15.290858268737793
377.0602653855446,51.81341037334281,12.105277061462402,15.290858268737793
378.94460234687034,51.11351378770755,12.105277061462402,15.290858268737793
381.36732129714625,50.95199919102249,12.105277061462402,15.290858268737793
382.2825706783616,50.682808196547384,12.105277061462402,15.290858268737793
383.19782005957694,49.875235213122075,12.105277061462402,15.290858268737793
384.22074583858233,49.498367820856934,12.105277061462402,15.290858268737793
384.9206424242176,49.01382403080175,12.105277061462402,15.290858268737793
385.82810059621664,50.57795562287688,11.847127914428711,14.964776039123535
385.03774934990776,51.684447367709325,11.847127914428711,14.964776039123535
385.4065799315186,53.528600275763395,11.847127914428711,14.964776039123535
385.3538898484313,54.10819118972324,11.847127914428711,14.964776039123535
132.53429104665673,132.12395208401597,11.847127914428711,14.964776039123535
146.60254323095492,146.19220426831416,11.847127914428711,14.964776039123535
144.23148949202826,146.98255551462304,11.847127914428711,14.964776039123535
143.75727874424294,149.3536092535497,11.847127914428711,14.964776039123535
142.65078699941049,149.40629933663698,11.847127914428711,14.964776039123535
140.80663409135641,148.6159480903281,11.847127914428711,14.964776039123535
138.22482002008073,147.7202166778447,11.847127914428711,14.964776039123535
135.85376628115407,146.61372493301224,11.847127914428711,14.964776039123535
132.11277038195865,145.61261335435432,11.847127914428711,14.964776039123535
128.6879149812868,144.40074144334736,11.847127914428711,14.964776039123535
124.63077858356786,142.34582820294426,11.847127914428711,14.964776039123535
121.31130334907053,140.0801546301921,11.847127914428711,14.964776039123535
119.57253060719097,137.91986122361448,11.847127914428711,14.964776039123535
118.57141902853304,137.3402703096546,11.847127914428711,14.964776039123535
116.3057454557809,137.39296039274188,11.847127914428711,14.964776039123535
113.93469171685423,138.18331163905077,11.847127914428711,14.964776039123535
111.23433284737963,139.05641705416056,12.109245300292969,15.29587173461914
108.81081954447922,139.54111971474063,12.109245300292969,15.29587173461914
106.49771882659677,138.19852492329306,12.377161979675293,15.634292602539062
103.58020599680708,137.04252927375376,12.377161979675293,15.634292602539062
101.10307246208,135.3360595053862,12.377161979675293,15.634292602539062
98.73603375111855,135.391106917269,12.377161979675293,15.634292602539062
97.029563982751,135.99662844798007,12.377161979675293,15.634292602539062
95.35062599791684,136.68034923608036,12.651006698608398,15.980201721191406
93.51779099897358,135.86144038977204,12.930910110473633,16.333763122558594
94.15040326966917,134.3086648162465,12.930910110473633,16.333763122558594
93.47035343072027,133.5909705910061,13.21700668334961,16.695148468017578
94.11697095986138,132.49147559577523,13.509432792663574,17.064529418945312
93.90518673727202,132.24036327488875,13.808328628540039,17.442081451416016
