669.0,392.0,22.0,65.0
669.49786,393.49353,22.0,65.0
668.00433,392.9957,22.0,65.0
666.8427,392.82974,22.0,65.0
666.67676,392.6638,22.0,65.0
665.51514,392.49783,22.0,65.0
664.6854,393.65945,22.0,65.0
663.8557,391.834,22.0,65.0
663.35785,392.33185,22.0,65.0
661.5324,392.1659,22.0,65.0
660.7027,391.33615,22.0,65.0
659.20917,389.84262,22.0,65.0
657.41626,389.29575,22.48675,66.438126
655.5504,387.0907,22.48675,66.438126
653.6846,385.56412,22.48675,66.438126
651.8187,385.73373,22.48675,66.438126
649.61365,386.24258,22.48675,66.438126
648.0871,384.37677,22.48675,66.438126
646.22125,383.18942,22.48675,66.438126
644.6947,382.34134,22.48675,66.438126
642.82886,381.154,22.48675,66.438126
639.9453,380.64514,22.48675,66.438126
637.401,380.1363,22.48675,66.438126
635.53516,378.94894,22.48675,66.438126
633.6693,379.11856,22.48675,66.438126
631.125,379.28818,22.48675,66.438126
628.24146,379.11856,22.48675,66.438126
626.3756,378.94894,22.48675,66.438126
624.17053,378.10086,22.48675,66.438126
622.3047,378.6097,22.48675,66.438126
619.7604,376.7439,22.48675,66.438126
616.5376,375.55655,22.48675,66.438126
615.01105,374.02997,22.48675,66.438126
613.4845,372.84262,22.48675,66.438126
613.3149,371.31604,22.48675,66.438126
613.14526,371.48566,22.48675,66.438126
612.2972,370.63757,22.48675,66.438126
613.8237,370.46796,22.48675,66.438126
613.6541,369.61987,22.48675,66.438126
615.8592,369.45026,22.48675,66.438126
617.38574,367.92368,22.48675,66.438126
620.2693,366.3971,22.48675,66.438126
622.47437,364.53128,22.48675,66.438126
624.67944,363.0047,22.48675,66.438126
626.8845,360.79965,22.48675,66.438126
628.75037,358.93384,22.48675,66.438126
631.6339,358.08575,22.48675,66.438126
634.1782,357.91614,22.48675,66.438126
636.3833,358.425,22.48675,66.438126
638.24915,357.91614,22.48675,66.438126
640.4542,357.4073,22.48675,66.438126
642.99854,357.91614,22.48675,66.438126
645.2036,355.7111,22.48675,66.438126
647.4087,355.8807,22.48675,66.438126
649.953,353.33643,22.48675,66.438126
652.1581,352.48834,22.48675,66.438126
654.0239,351.301,22.48675,66.438126
655.8898,349.43518,22.48675,66.438126
657.7556,349.26556,22.48675,66.438126
659.9607,348.41748,22.48675,66.438126
661.82654,348.92633,22.48675,66.438126
663.01385,347.73898,22.48675,66.438126
664.8797,348.24783,22.48675,66.438126
666.40625,346.0428,22.48675,66.438126
668.95056,344.85544,22.48675,66.438126
670.8164,342.6504,22.48675,66.438126
672.34296,341.1238,22.48675,66.438126
674.54803,339.258,22.48675,66.438126
676.7531,338.4099,22.48675,66.438126
678.9582,338.57953,22.48675,66.438126
680.1455,338.07068,22.48675,66.438126
681.67206,337.90106,22.48675,66.438126
683.5379,337.05298,22.48675,66.438126
685.06445,337.2226,22.48675,66.438126
686.2518,336.71375,22.48675,66.438126
689.47455,336.2049,22.48675,66.438126
692.01886,333.99985,22.48675,66.438126
693.5454,332.13403,22.48675,66.438126
695.41125,330.60745,22.48675,66.438126
696.9378,330.43784,22.48675,66.438126
698.1251,328.57202,22.48675,66.438126
699.6517,328.4024,22.48675,66.438126
701.5175,327.55432,22.48675,66.438126
702.3656,327.3847,22.48675,66.438126
703.2137,325.85812,22.48675,66.438126
704.401,323.65308,22.48675,66.438126
706.26685,323.8227,22.48675,66.438126
707.1149,321.2784,22.48675,66.438126
706.9453,319.07336,22.48675,66.438126
708.1326,317.20755,22.48675,66.438126
709.31995,316.0202,22.48675,66.438126
708.8111,314.83286,22.48675,66.438126
708.6415,314.66324,22.48675,66.438126
710.5073,315.1721,22.48675,66.438126
709.65924,313.6455,22.48675,66.438126
711.1858,314.15436,22.48675,66.438126
710.67694,312.28854,22.48675,66.438126
712.2035,311.7797,22.48675,66.438126
713.0516,309.91388,22.48675,66.438126
713.2212,307.70883,22.48675,66.438126
713.73004,307.19998,22.48675,66.438126
714.91736,305.33417,22.48675,66.438126
714.74774,305.16455,22.48675,66.438126
716.2743,303.63797,22.48675,66.438126
715.76544,304.48605,22.48675,66.438126
714.5781,302.62024,22.48675,66.438126
716.1047,301.09366,22.48675,66.438126
715.93506,301.26328,22.48675,66.438126
717.3192,300.1733,22.007214,65.02131
718.6738,299.1066,21.537903,63.63471
720.626,296.4967,21.0786,62.27768
720.3909,295.16852,20.629093,60.94959
720.5465,294.7017,20.629093,60.94959
720.7021,294.23486,20.629093,60.94959
719.61285,294.07925,20.629093,60.94959
719.14606,291.74515,20.629093,60.94959
719.516,290.7452,20.18917,59.649822
718.9973,288.00522,19.75863,58.377773
720.9349,286.96194,19.75863,58.377773
721.97815,285.62057,19.75863,58.377773
722.5327,284.2016,20.195791,59.66938
723.59906,282.83057,20.195791,59.66938
724.9701,282.9829,20.195791,59.66938
725.12244,283.13525,20.195791,59.66938
727.2466,281.86267,19.76511,58.39691
728.8866,280.81903,19.76511,58.39691
729.0357,279.47723,19.76511,58.39691
728.58844,276.64453,19.76511,58.39691
730.22845,275.6009,19.76511,58.39691
731.0926,274.18146,20.202414,59.688942
731.54974,272.5052,20.202414,59.688942
732.0069,272.96234,20.202414,59.688942
730.9402,273.11472,20.202414,59.688942
730.7878,273.2671,20.202414,59.688942
732.46405,272.50516,20.202414,59.688942
733.8356,274.18143,20.202414,59.688942
733.8356,274.18143,20.202414,59.688942
733.8356,274.18143,20.202414,59.688942
733.8356,274.18143,20.202414,59.688942
733.8356,274.18143,20.202414,59.688942
299.6904834097795,357.3624001382179,20.20241355895996,59.688941955566406
312.948289349614,397.7453722538057,20.20241355895996,59.688941955566406
314.3197865158038,398.8120922719533,20.20241355895996,59.688941955566406
317.0321671076688,399.3016539031282,19.771591186523438,58.41605758666992
319.686705225677,400.93076136334093,19.349956512451172,57.170318603515625
322.2846346412429,402.24376210823254,18.937313079833984,55.95114517211914
324.55179759737723,402.978032945628,18.53346824645996,54.75796890258789
327.5790913488878,404.2356300452919,18.13823699951172,53.590240478515625
329.3577293289028,404.9197215760669,18.13823699951172,53.590240478515625
331.9572771458478,404.2356300452919,18.13823699951172,53.590240478515625
334.00955173817283,405.1933581883769,18.13823699951172,53.590240478515625
336.06182633049787,406.15108633146195,18.13823699951172,53.590240478515625
338.1141009228229,406.01426802530693,18.13823699951172,53.590240478515625
340.4400121274579,406.15108633146195,18.13823699951172,53.590240478515625
341.39774027054295,407.108814474547,18.13823699951172,53.590240478515625
344.3604759968563,408.8670870176182,17.751434326171875,52.447410583496094
346.10118398621313,409.0009876321841,17.751434326171875,52.447410583496094
348.37749443383365,409.67049070501366,17.751434326171875,52.447410583496094
349.8504011940587,410.60779500697504,17.751434326171875,52.447410583496094
351.59110918341554,411.5450993089364,17.751434326171875,52.447410583496094
353.3318171727724,411.9468011526342,17.751434326171875,52.447410583496094
355.07252516212924,412.88410545459556,17.751434326171875,52.447410583496094
357.08103438061795,412.75020484002965,17.751434326171875,52.447410583496094
359.08954359910666,414.4909128293865,17.751434326171875,52.447410583496094
360.2946491301999,415.4282171313479,17.751434326171875,52.447410583496094
361.76755589042494,416.36552143330925,17.751434326171875,52.447410583496094
362.9726614215182,416.767223277007,17.751434326171875,52.447410583496094
364.71336941087503,418.50793126636387,17.751434326171875,52.447410583496094
365.3828724837046,418.37403065179797,17.751434326171875,52.447410583496094
366.0523755565342,420.1147386411548,17.751434326171875,52.447410583496094
366.72187862936374,421.31984417224805,17.751434326171875,52.447410583496094
367.3913817021933,423.32835339073677,17.751434326171875,52.447410583496094
366.72187862936374,424.26565769269814,17.751434326171875,52.447410583496094
367.3913817021933,425.7385644529232,17.751434326171875,52.447410583496094
366.72187862936374,427.47927244228003,17.751434326171875,52.447410583496094
367.1235804730615,428.9521792025051,17.751434326171875,52.447410583496094
366.9896798584956,430.1572847335983,17.751434326171875,52.447410583496094
366.32017678566604,431.89799272295517,17.751434326171875,52.447410583496094
365.65067371283646,433.638700712312,17.751434326171875,52.447410583496094
365.51677309827056,435.37940870166886,17.751434326171875,52.447410583496094
364.847270025441,437.3879179201576,17.751434326171875,52.447410583496094
364.9811706400069,439.3964271386463,17.751434326171875,52.447410583496094
364.57946879630913,441.13713512800314,17.751434326171875,52.447410583496094
363.3743632652159,442.6100418882282,17.751434326171875,52.447410583496094
362.9726614215181,444.6185511067169,17.751434326171875,52.447410583496094
363.3743632652159,446.6270603252056,17.751434326171875,52.447410583496094
361.90145650499085,448.36776831456245,17.751434326171875,52.447410583496094
362.5709595778204,450.37627753305117,17.751434326171875,52.447410583496094
361.0980528175954,452.116985522408,17.751434326171875,52.447410583496094
361.49975466129314,453.85769351176486,17.751434326171875,52.447410583496094
360.2946491301999,456.1340039593854,17.751434326171875,52.447410583496094
359.62514605737033,458.4103144070059,17.751434326171875,52.447410583496094
359.22344421367256,460.6866248546264,17.751434326171875,52.447410583496094
359.08954359910666,462.96293530224693,17.751434326171875,52.447410583496094
359.4912454428044,464.7036432916038,17.751434326171875,52.447410583496094
358.0183386825794,467.2477549683561,17.751434326171875,52.447410583496094
358.95564298454076,468.98846295771295,17.751434326171875,52.447410583496094
359.3573448282385,470.99697217620167,17.751434326171875,52.447410583496094
358.68784175540895,472.7376801655585,17.751434326171875,52.447410583496094
360.4285497447658,475.01399061317903,17.751434326171875,52.447410583496094
361.90145650499085,476.7546986025359,17.751434326171875,52.447410583496094
363.6421644943477,479.0310090501564,17.751434326171875,52.447410583496094
365.6506737128364,480.23611458124964,17.751434326171875,52.447410583496094
367.6591829313251,482.78022625800196,17.751434326171875,52.447410583496094
369.93549337894564,483.44972933083153,17.751434326171875,52.447410583496094
373.28300874309343,485.99384100758385,17.751434326171875,52.447410583496094
375.82712041984576,486.6633440804135,17.751434326171875,52.447410583496094
380.2458407005209,488.6718532989021,17.751434326171875,52.447410583496094
382.5221511481414,490.6803625173908,17.751434326171875,52.447410583496094
385.8696665122892,492.1532692776158,17.751434326171875,52.447410583496094
390.82398925122794,493.8939772669727,17.751434326171875,52.447410583496094
394.17150461537574,495.09908279806587,17.751434326171875,52.447410583496094
396.9834175212599,496.83979078742277,17.751434326171875,52.447410583496094
401.66993903106686,498.04489631851595,17.751434326171875,52.447410583496094
403.9462494786874,499.78560430787286,17.751434326171875,52.447410583496094
409.168373446758,502.3297159846252,17.751434326171875,52.447410583496094
411.4446838943785,504.3382252031139,17.751434326171875,52.447410583496094
413.9887955711308,506.3467344216026,17.751434326171875,52.447410583496094
417.0685097061468,508.6230448692231,17.751434326171875,52.447410583496094
419.61262138289914,510.63155408771183,17.751434326171875,52.447410583496094
422.15673305965146,513.7112682227278,17.751434326171875,52.447410583496094
424.16524227814017,515.7197774412165,17.751434326171875,52.447410583496094
426.1737514966289,517.996087888837,17.751434326171875,52.447410583496094
428.1822607151176,520.5401995655893,17.751434326171875,52.447410583496094
429.92296870447444,522.548708784078,17.751434326171875,52.447410583496094
432.19927915209496,525.3606216899622,17.751434326171875,52.447410583496094
433.13658345405634,527.9047333667145,17.751434326171875,52.447410583496094
433.5382852977541,530.4488450434668,17.751434326171875,52.447410583496094
435.01119205797914,532.7251554910873,17.751434326171875,52.447410583496094
435.9484963599405,536.6082733134988,17.751434326171875,52.447410583496094
436.6179994327701,539.6879874485147,17.751434326171875,52.447410583496094
435.41289390167685,543.3033040417944,17.751434326171875,52.447410583496094
436.0823969745064,545.8474157185467,17.751434326171875,52.447410583496094
436.751900047336,548.6593286244308,17.751434326171875,52.447410583496094
435.8145957453746,552.5424464468423,17.751434326171875,52.447410583496094
435.41289390167685,556.9611667275174,17.751434326171875,52.447410583496094
434.7433908288473,559.5052784042697,17.751434326171875,52.447410583496094
434.0738877560177,564.1917999140766,17.751434326171875,52.447410583496094
433.9399871414518,567.8071165073562,17.751434326171875,52.447410583496094
432.46708038122676,570.3512281841085,17.751434326171875,52.447410583496094
430.9941736210017,575.3055509230473,17.751434326171875,52.447410583496094
430.32467054817215,580.2598736619861,17.751434326171875,52.447410583496094
429.35240069724904,586.6268400583252,17.372879028320312,51.32895278930664
428.17299440459,589.6408783617873,17.372879028320312,51.32895278930664
426.99358811193093,592.9170069525069,17.372879028320312,51.32895278930664
425.5520915320143,597.7656772667718,17.372879028320312,51.32895278930664
425.9452269629006,602.8764378682944,17.372879028320312,51.32895278930664
424.24164009572644,606.152566459014,17.372879028320312,51.32895278930664
422.8001435158098,609.166604762476,17.372879028320312,51.32895278930664
423.1932789466961,615.5878168002864,17.372879028320312,51.32895278930664
421.98912539834504,622.324239082824,17.002397537231445,50.23434829711914
420.3218680342419,625.5305032445607,17.002397537231445,50.23434829711914
418.9362389991057,628.3012848441009,17.378576278686523,51.34578323364258
419.247890765592,636.3034155423193,17.007972717285156,50.25082015991211
418.3163407113916,642.1564101723094,16.645273208618164,49.17920684814453
417.1863300683015,647.5553499115176,16.645273208618164,49.17920684814453
415.80520594896916,652.4520626982413,16.645273208618164,49.17920684814453
414.9263087821213,656.8465485324806,16.645273208618164,49.17920684814453
414.0474116152734,661.9943747954466,16.645273208618164,49.17920684814453
412.9174009721833,666.8910875821703,16.645273208618164,49.17920684814453
411.7873903290932,673.796708178832,16.645273208618164,49.17920684814453
409.6529257810342,674.9267188219221,16.645273208618164,49.17920684814453
407.2673477567329,673.0433677501053,16.645273208618164,49.17920684814453
405.38399668491604,674.4244918694376,16.645273208618164,49.17920684814453
406.51400732800613,674.8011620838009,16.645273208618164,49.17920684814453
406.388450589885,675.9311727268911,16.645273208618164,49.17920684814453
406.388450589885,675.9311727268911,16.645273208618164,49.17920684814453
401.6450332388271,672.3910305688469,17.0135498046875,50.267295837402344
399.4633436626423,673.2893733355112,17.0135498046875,50.267295837402344
397.7949928102656,674.7010548259838,17.0135498046875,50.267295837402344
395.09996451027257,676.8827444021687,17.0135498046875,50.267295837402344
395.09996451027257,676.8827444021687,17.0135498046875,50.267295837402344
395.09996451027257,676.8827444021687,17.0135498046875,50.267295837402344
395.09996451027257,676.8827444021687,17.0135498046875,50.267295837402344
395.09996451027257,676.8827444021687,17.0135498046875,50.267295837402344
411.1045955025815,654.6529561052447,17.0135498046875,50.267295837402344
411.1045955025815,654.6529561052447,17.0135498046875,50.267295837402344
676.0815193232161,580.6137242204802,17.0135498046875,50.267295837402344
676.0815193232161,580.6137242204802,17.0135498046875,50.267295837402344
224.65223659458525,538.4145734018754,17.0135498046875,50.267295837402344
224.65223659458525,538.4145734018754,17.0135498046875,50.267295837402344
296.5676760905773,482.92884799064734,17.0135498046875,50.267295837402344
296.5676760905773,482.92884799064734,17.0135498046875,50.267295837402344
296.5676760905773,482.92884799064734,17.0135498046875,50.267295837402344
296.5676760905773,482.92884799064734,17.0135498046875,50.267295837402344
296.5676760905773,482.92884799064734,17.0135498046875,50.267295837402344
247.93634425942133,502.8711200108436,17.0135498046875,50.267295837402344
247.93634425942133,502.8711200108436,17.0135498046875,50.267295837402344
247.93634425942133,502.8711200108436,17.0135498046875,50.267295837402344
247.93634425942133,502.8711200108436,17.0135498046875,50.267295837402344
247.93634425942133,502.8711200108436,17.0135498046875,50.267295837402344
247.93634425942133,502.8711200108436,17.0135498046875,50.267295837402344
247.93634425942133,502.8711200108436,17.0135498046875,50.267295837402344
247.93634425942133,502.8711200108436,17.0135498046875,50.267295837402344
665.8010906621391,243.4336004579112,17.0135498046875,50.267295837402344
663.6156697951085,239.8151323618423,17.38997459411621,51.379459381103516
661.9262694045001,239.65502562591467,17.77472686767578,52.516231536865234
660.4776984983899,239.213168572629,18.167993545532227,53.67815399169922
659.8501698889527,239.3302629926954,18.56995964050293,54.86578369140625
659.2087569756198,240.03125897298946,18.980819702148438,56.079689025878906
657.3648087191243,240.4506776728627,19.40077018737793,57.32045364379883
656.9257836150333,240.8897027769537,19.40077018737793,57.32045364379883
657.3648087191243,241.03604447831736,19.40077018737793,57.32045364379883
656.0477334068513,241.47506958240837,19.40077018737793,57.32045364379883
655.3776242711469,239.47449635620342,19.83001136779785,58.58866882324219
653.7322496445772,240.22239391373512,19.83001136779785,58.58866882324219
652.1161810675811,237.86717969240436,20.26875114440918,59.884944915771484
652.2690700257796,238.63162448339648,20.26875114440918,59.884944915771484
651.1988473183907,238.1729576088012,20.26875114440918,59.884944915771484
650.1815127108346,238.93808076269278,20.71719741821289,61.20989990234375
648.4625248204504,239.7194388946856,20.71719741821289,61.20989990234375
647.3686234356605,240.18825377388129,20.71719741821289,61.20989990234375
645.9621787980735,241.28215515867117,20.71719741821289,61.20989990234375
644.5557341604865,242.063513290664,20.71719741821289,61.20989990234375
644.399462534088,242.21978491706255,20.71719741821289,61.20989990234375
642.993017896501,242.37605654346112,20.71719741821289,61.20989990234375
641.586573258914,241.5946984114683,20.71719741821289,61.20989990234375
640.8052151269212,240.18825377388129,20.71719741821289,61.20989990234375
639.3987704893342,240.9696119058741,20.71719741821289,61.20989990234375
639.2424988629357,240.81334027947554,20.71719741821289,61.20989990234375
637.2298647759663,240.62260024911177,21.175565719604492,62.564170837402344
636.1670150452422,241.09051731658354,21.644075393676758,63.948402404785156
636.0037519019727,240.60072788677485,21.644075393676758,63.948402404785156
634.8609098990858,242.07009617620088,21.644075393676758,63.948402404785156
633.7180678961988,242.88641189254867,21.644075393676758,63.948402404785156
633.8813310394684,244.0292538954356,21.644075393676758,63.948402404785156
633.0650153231205,243.2129381790878,21.644075393676758,63.948402404785156
634.2078573260075,243.7027276088965,21.644075393676758,63.948402404785156
633.0650153231205,243.86599075216606,21.644075393676758,63.948402404785156
632.5752258933119,243.7027276088965,21.644075393676758,63.948402404785156
631.758910176964,243.2129381790878,21.644075393676758,63.948402404785156
631.9221733202336,243.37620132235736,21.644075393676758,63.948402404785156
631.1058576038857,243.5394644656269,21.644075393676758,63.948402404785156
631.2691207471553,244.3557801819747,21.644075393676758,63.948402404785156
629.7997524577293,244.8455696117834,21.644075393676758,63.948402404785156
628.9834367413814,245.98841161467033,21.644075393676758,63.948402404785156
629.47322617119,246.8047273310181,21.644075393676758,63.948402404785156
628.003857881764,246.31493790120942,21.644075393676758,63.948402404785156
627.1875421654162,246.47820104447896,21.644075393676758,63.948402404785156
625.7181738759901,246.96799047428766,21.644075393676758,63.948402404785156
626.534489592338,246.8047273310181,21.644075393676758,63.948402404785156
625.391647589451,246.96799047428766,21.644075393676758,63.948402404785156
624.9828240213631,246.42994800691423,22.12295150756836,65.3632583618164
624.9112224228402,244.8412024976368,22.6124210357666,66.80941772460938
626.1051946233722,246.03517469816882,22.6124210357666,66.80941772460938
625.5934922517156,246.88801198426307,22.6124210357666,66.80941772460938
626.1051946233722,247.39971435591963,22.6124210357666,66.80941772460938
627.6403017383419,247.57028181313848,22.6124210357666,66.80941772460938
628.1520041099985,248.08198418479503,22.6124210357666,66.80941772460938
629.6871112249682,248.25255164201388,22.6124210357666,66.80941772460938
630.8810834255003,248.08198418479503,22.6124210357666,66.80941772460938
632.0750556260323,249.27595638532705,22.6124210357666,66.80941772460938
632.9278929121266,247.74084927035733,22.6124210357666,66.80941772460938
631.7929245009361,247.53266195922248,23.112720489501953,68.2875747680664
634.4080434340835,247.009638172593,23.112720489501953,68.2875747680664
635.977114793972,248.5787095324814,23.112720489501953,68.2875747680664
636.1514560561818,248.05568574585192,23.112720489501953,68.2875747680664
638.0692099404898,249.2760745813207,23.112720489501953,68.2875747680664
638.940916251539,250.49646341678948,23.112720489501953,68.2875747680664
641.2073526602667,249.62475710574034,23.112720489501953,68.2875747680664
643.638312475527,251.1930824856425,22.619834899902344,66.8313217163086
644.4914293869308,251.0224591033617,22.619834899902344,66.8313217163086
645.6857930628962,252.21682277932712,22.619834899902344,66.8313217163086
647.2214035034232,251.36370586792327,22.619834899902344,66.8313217163086
648.074520414827,251.53432925020405,22.619834899902344,66.8313217163086
650.6338711490386,251.36370586792327,22.619834899902344,66.8313217163086
651.9768352382264,251.50949200115127,23.120298385620117,68.30996704101562
653.3495117521172,250.9347502824595,23.6318359375,69.82132720947266
654.953824659942,250.75649329270118,23.6318359375,69.82132720947266
655.8451096087335,252.00429222100934,23.6318359375,69.82132720947266
658.1624504755916,252.8955771698009,23.6318359375,69.82132720947266
660.1232773629331,252.36080620052599,23.6318359375,69.82132720947266
662.0841042502745,252.5390631902843,23.6318359375,69.82132720947266
663.6884171580994,253.43034813907587,23.6318359375,69.82132720947266
664.5797021068909,253.9651191083508,23.6318359375,69.82132720947266
666.5405289942323,253.07383415955923,23.6318359375,69.82132720947266
667.7883279225405,253.60860512883414,23.6318359375,69.82132720947266
667.2535569532655,252.71732018004258,23.6318359375,69.82132720947266
668.2867214157261,253.60939491956708,24.15468978881836,71.36612701416016
669.5621278953231,253.7915958452238,24.15468978881836,71.36612701416016
668.2867214157261,254.7026004735074,24.15468978881836,71.36612701416016
669.5621278953231,255.24920325047754,24.15468978881836,71.36612701416016
668.2867214157261,254.33819862219394,24.15468978881836,71.36612701416016
669.0711205664037,254.2210738678907,23.639583587646484,69.84422302246094
667.8229125141427,255.8259127922263,23.639583587646484,69.84422302246094
666.9313353339562,255.647597356189,23.639583587646484,69.84422302246094
666.3963890258443,255.8259127922263,23.639583587646484,69.84422302246094
666.218073589807,255.647597356189,23.639583587646484,69.84422302246094
664.6132346654714,255.46928192015173,23.639583587646484,69.84422302246094
665.8614427177324,257.0741208444873,23.639583587646484,69.84422302246094
663.8999729213223,256.18254366430085,23.639583587646484,69.84422302246094
663.7216574852849,257.4307517165619,23.639583587646484,69.84422302246094
663.186711177173,257.9656980246737,23.639583587646484,69.84422302246094
664.0782883573595,257.78738258863643,23.639583587646484,69.84422302246094
663.186711177173,258.3223288967483,23.639583587646484,69.84422302246094
663.7216574852849,258.8572752048601,23.639583587646484,69.84422302246094
662.4734494330239,258.67895976882284,23.639583587646484,69.84422302246094
664.0782883573595,258.8572752048601,23.639583587646484,69.84422302246094
662.8300803050985,259.0355906408974,23.639583587646484,69.84422302246094
661.938503124912,258.50064433278555,23.639583587646484,69.84422302246094
661.4035568168001,259.392221512972,23.639583587646484,69.84422302246094
660.9570417955638,257.6945585161653,24.162609100341797,71.3895263671875
661.1393024606234,258.60586184146337,24.162609100341797,71.3895263671875
660.5925204654445,258.788122506523,24.162609100341797,71.3895263671875
658.952174479908,259.6994258318211,24.162609100341797,71.3895263671875
659.1344351449676,260.2462078269999,24.162609100341797,71.3895263671875
658.5876531497887,259.3349045017018,24.162609100341797,71.3895263671875
657.3118284943714,260.2462078269999,24.162609100341797,71.3895263671875
658.2231318196694,260.0639471619403,24.162609100341797,71.3895263671875
657.3118284943714,260.2462078269999,24.162609100341797,71.3895263671875
656.4005251690734,259.6994258318211,24.162609100341797,71.3895263671875
656.582785834133,260.6107291571192,24.162609100341797,71.3895263671875
654.9424398485965,260.7929898221788,24.162609100341797,71.3895263671875
655.8537431738945,260.97525048723844,24.162609100341797,71.3895263671875
654.5779185184772,260.06394716194035,24.162609100341797,71.3895263671875
654.7601791835368,260.97525048723844,24.162609100341797,71.3895263671875
654.5779185184772,261.5220324824173,24.162609100341797,71.3895263671875
655.1247005136561,261.7042931474769,24.162609100341797,71.3895263671875
655.671482508835,261.5220324824173,24.162609100341797,71.3895263671875
654.3956578534177,262.0688144775961,24.162609100341797,71.3895263671875
655.671482508835,261.5220324824173,24.162609100341797,71.3895263671875
654.0311365232984,262.0688144775961,24.162609100341797,71.3895263671875
654.213397188358,261.157511152298,24.162609100341797,71.3895263671875
654.3956578534177,261.70429314747685,24.162609100341797,71.3895263671875
653.8488758582388,262.61559647277494,24.162609100341797,71.3895263671875
652.5730512028215,262.79785713783457,24.162609100341797,71.3895263671875
651.6617478775235,263.3446391330134,24.162609100341797,71.3895263671875
651.8440085425831,263.52689979807303,24.162609100341797,71.3895263671875
652.0262692076427,263.3446391330134,24.162609100341797,71.3895263671875
651.4794872124638,262.79785713783457,24.162609100341797,71.3895263671875
650.2036625570465,264.43820312337107,24.162609100341797,71.3895263671875
650.7504445522254,263.526899798073,24.162609100341797,71.3895263671875
649.1100985666889,263.34463913301335,24.162609100341797,71.3895263671875
649.6568805618678,262.7978571378345,24.162609100341797,71.3895263671875
648.3810559064505,263.34463913301335,24.162609100341797,71.3895263671875
650.021401891987,262.43333580771525,24.162609100341797,71.3895263671875
648.0522442335675,261.83268591690404,24.697206497192383,72.9690170288086
649.3562965094859,263.13673819282246,24.697206497192383,72.9690170288086
648.0522442335675,262.9504450105484,24.697206497192383,72.9690170288086
649.3562965094859,264.2544972864668,24.697206497192383,72.9690170288086
648.4248305981156,263.6956177396446,24.697206497192383,72.9690170288086
648.9837101449377,264.6270836510149,24.697206497192383,72.9690170288086
649.915176056308,264.0682041041927,24.697206497192383,72.9690170288086
649.728882874034,264.2544972864668,24.697206497192383,72.9690170288086
649.1700033272118,264.4407904687409,24.697206497192383,72.9690170288086
648.9837101449377,264.2544972864668,24.697206497192383,72.9690170288086
650.2877624208561,264.0682041041927,24.697206497192383,72.9690170288086
648.9837101449377,264.2544972864668,24.697206497192383,72.9690170288086
650.2877624208561,265.1859631978371,24.697206497192383,72.9690170288086
648.6111237803896,264.999670015563,24.697206497192383,72.9690170288086
648.0522442335674,265.93113592693334,24.697206497192383,72.9690170288086
649.3562965094858,266.86260183830365,24.697206497192383,72.9690170288086
648.0522442335674,266.30372229148145,24.697206497192383,72.9690170288086
648.2385374158415,266.11742910920736,24.697206497192383,72.9690170288086
647.3070715044712,266.30372229148145,24.697206497192383,72.9690170288086
646.3756055931009,266.49001547375553,24.697206497192383,72.9690170288086
646.1893124108268,266.30372229148145,24.697206497192383,72.9690170288086
645.2578464994565,266.49001547375553,24.697206497192383,72.9690170288086
646.5618987753749,266.6763086560296,24.697206497192383,72.9690170288086
646.3756055931008,267.2351882028518,24.697206497192383,72.9690170288086
646.5618987753749,267.794067749674,24.697206497192383,72.9690170288086
647.120778322197,268.7255336610443,24.697206497192383,72.9690170288086
648.0522442335673,269.2844132078665,24.697206497192383,72.9690170288086
647.4933646867452,268.7255336610443,24.697206497192383,72.9690170288086
647.3070715044711,270.02958593696275,24.697206497192383,72.9690170288086
647.4933646867452,268.7255336610443,24.697206497192383,72.9690170288086
647.6796578690193,270.40217230151086,24.697206497192383,72.9690170288086
647.8659510512933,269.84329275468866,24.697206497192383,72.9690170288086
648.0522442335674,270.774758666059,24.697206497192383,72.9690170288086
648.2385374158415,270.5884654837849,24.697206497192383,72.9690170288086
646.9344851399231,270.4021723015108,24.697206497192383,72.9690170288086
648.6111237803897,270.5884654837849,24.697206497192383,72.9690170288086
646.9344851399231,271.1473450306071,24.697206497192383,72.9690170288086
648.2385374158415,270.961051848333,24.697206497192383,72.9690170288086
646.9344851399231,272.63769048879954,24.697206497192383,72.9690170288086
648.9837101449377,272.07881094197734,24.697206497192383,72.9690170288086
647.3070715044712,271.89251775970325,24.697206497192383,72.9690170288086
646.748191957649,273.1965700356217,24.697206497192383,72.9690170288086
648.0522442335674,272.26510412425137,24.697206497192383,72.9690170288086
647.4933646867453,272.82398367107356,24.697206497192383,72.9690170288086
646.561898775375,273.38286321789576,24.697206497192383,72.9690170288086
647.8659510512933,273.1965700356217,24.697206497192383,72.9690170288086
647.6796578690193,273.38286321789576,24.697206497192383,72.9690170288086
648.6111237803896,273.94174276471796,24.697206497192383,72.9690170288086
648.0522442335674,275.2457950406364,24.697206497192383,72.9690170288086
649.728882874034,275.0595018583623,24.697206497192383,72.9690170288086
648.7974169626636,275.2457950406364,24.697206497192383,72.9690170288086
650.4740556031302,276.1772609520067,24.697206497192383,72.9690170288086
651.9943115484264,277.4939818728807,24.170530319213867,71.41293334960938
652.5412728205754,276.9470206007317,24.170530319213867,71.41293334960938
652.3589523965258,277.4939818728807,24.170530319213867,71.41293334960938
653.9998362129727,277.6763022969303,24.170530319213867,71.41293334960938
653.0882340927244,277.85862272097995,24.170530319213867,71.41293334960938
654.7291179091714,276.58237975263233,24.170530319213867,71.41293334960938
653.8175157889231,277.85862272097995,24.170530319213867,71.41293334960938
655.0937587572706,276.94702060073166,24.170530319213867,71.41293334960938
654.911438333221,277.85862272097995,24.170530319213867,71.41293334960938
655.0937587572706,277.6763022969303,24.170530319213867,71.41293334960938
655.6407200294196,278.95254526527793,24.170530319213867,71.41293334960938
655.0937587572706,278.7702248412283,24.170530319213867,71.41293334960938
656.7346425737176,279.6818269614766,24.170530319213867,71.41293334960938
655.8230404534693,279.8641473855262,24.170530319213867,71.41293334960938
656.3700017256183,278.95254526527793,24.170530319213867,71.41293334960938
657.2816038458666,279.13486568932757,24.170530319213867,71.41293334960938
656.005360877519,279.3171861133772,24.170530319213867,71.41293334960938
657.646244693966,279.49950653742684,24.170530319213867,71.41293334960938
656.3700017256184,280.41110865767513,24.170530319213867,71.41293334960938
658.3755263901646,280.59342908172476,24.170530319213867,71.41293334960938
658.9224876623136,281.50503120197305,24.170530319213867,71.41293334960938
658.3755263901646,281.6873516260227,24.170530319213867,71.41293334960938
660.3810510547108,282.9635945943703,24.170530319213867,71.41293334960938
662.0219348711578,282.41663332222134,24.170530319213867,71.41293334960938
660.7456919028102,282.598953746271,24.170530319213867,71.41293334960938
662.7512165673564,283.14591501841994,24.170530319213867,71.41293334960938
663.2981778395055,283.6928762905689,24.170530319213867,71.41293334960938
664.574420807853,283.87519671461854,24.170530319213867,71.41293334960938
663.6628186876047,282.5989537462709,24.170530319213867,71.41293334960938
664.574420807853,284.23983756271787,24.170530319213867,71.41293334960938
665.121382080002,283.6928762905689,24.170530319213867,71.41293334960938
666.762265896449,284.9691192589165,24.170530319213867,71.41293334960938
666.2153046243,284.7867988348669,24.170530319213867,71.41293334960938
667.8561884407469,285.6984009551152,24.170530319213867,71.41293334960938
667.6738680166973,286.61000307536347,24.170530319213867,71.41293334960938
667.8561884407469,286.7923234994131,24.170530319213867,71.41293334960938
668.4031497128959,286.24536222726414,24.170530319213867,71.41293334960938
669.6793926812435,286.7923234994131,24.170530319213867,71.41293334960938
667.6738680166973,287.7039256196614,24.170530319213867,71.41293334960938
668.2208292888463,287.52160519561176,24.170530319213867,71.41293334960938
669.1324314090946,287.3392847715621,24.170530319213867,71.41293334960938
670.0440335293429,287.8862460437111,24.170530319213867,71.41293334960938
669.2091747730259,288.0420285132441,24.705303192138672,72.9929428100586
670.8863631439117,287.1102571960853,24.705303192138672,72.9929428100586
672.190842987934,287.6693199863806,24.705303192138672,72.9929428100586
671.6317801976388,288.97379983040287,24.705303192138672,72.9929428100586
673.6816770953882,289.90557114756166,24.705303192138672,72.9929428100586
674.9861569394105,289.7192168841299,24.705303192138672,72.9929428100586
675.9179282565693,289.5328626206981,24.705303192138672,72.9929428100586
677.2224081005917,290.0919254109934,24.705303192138672,72.9929428100586
675.9179282565693,289.5328626206981,24.705303192138672,72.9929428100586
677.9678251543187,289.7192168841299,24.705303192138672,72.9929428100586
678.8995964714775,289.1601540938346,24.705303192138672,72.9929428100586
677.2728965550573,289.3193831622911,25.251907348632812,74.60791015625
679.3681474216693,288.74795110776057,25.251907348632812,74.60791015625
678.7967153671387,289.7003378653115,25.251907348632812,74.60791015625
680.8919662337507,289.5098605138013,25.251907348632812,74.60791015625
679.177670070159,290.8432019743726,25.251907348632812,74.60791015625
681.272920936771,291.79558873192354,25.251907348632812,74.60791015625
680.7014888822405,291.98606608343374,25.251907348632812,74.60791015625
680.13005682771,291.79558873192354,25.251907348632812,74.60791015625
678.7967153671386,292.3670207864541,25.251907348632812,74.60791015625
678.2252833126081,292.1765434349439,25.251907348632812,74.60791015625
676.5109871490164,293.1289301924948,25.251907348632812,74.60791015625
675.5586003914655,293.319407544005,25.251907348632812,74.60791015625
673.8443042278737,292.3670207864541,25.251907348632812,74.60791015625
672.5109627673024,293.319407544005,25.251907348632812,74.60791015625
669.6538024946497,294.6527490045763,25.251907348632812,74.60791015625
667.1775969250173,295.60513576212725,25.251907348632812,74.60791015625
664.7013913553849,295.79561311363744,25.251907348632812,74.60791015625
662.2251857857525,295.98609046514764,25.251907348632812,74.60791015625
659.7489802161201,296.5575225196782,25.251907348632812,74.60791015625
656.510865240447,295.60513576212725,25.251907348632812,74.60791015625
652.8917955617534,295.41465841061705,25.251907348632812,74.60791015625
649.2727258830598,295.22418105910685,25.251907348632812,74.60791015625
645.6536562043663,295.03370370759666,25.251907348632812,74.60791015625
642.0345865256727,295.6051357621272,25.251907348632812,74.60791015625
635.7488339258366,295.414658410617,25.251907348632812,74.60791015625
632.8916736531838,295.9860904651475,25.251907348632812,74.60791015625
628.5106945684496,296.93847722269845,25.251907348632812,74.60791015625
625.2725795927764,297.12895457420865,25.251907348632812,74.60791015625
620.8916005080422,298.0813413317596,25.251907348632812,74.60791015625
614.2248932051857,298.27181868326977,25.251907348632812,74.60791015625
611.3677329325329,296.93847722269845,25.251907348632812,74.60791015625
607.3677085508191,298.6527733862901,25.251907348632812,74.60791015625
603.7486388721255,297.7003866287392,25.251907348632812,74.60791015625
600.5105238964524,297.509909277229,25.251907348632812,74.60791015625
596.5104995147385,297.7003866287392,25.251907348632812,74.60791015625
593.2723845390653,298.2718186832697,25.251907348632812,74.60791015625
590.0342695633922,298.4622960347799,25.251907348632812,74.60791015625
587.1771092907394,299.41468279233084,25.251907348632812,74.60791015625
584.700903721107,299.60516014384103,25.251907348632812,74.60791015625
581.8437434484542,300.93850160441235,25.251907348632812,74.60791015625
579.7484925818422,300.74802425290216,25.251907348632812,74.60791015625
577.6532417152303,300.93850160441235,25.251907348632812,74.60791015625
575.9389455516385,301.5099336589429,25.251907348632812,74.60791015625
574.2246493880468,301.3194563074327,25.251907348632812,74.60791015625
572.5103532244551,301.1289789559225,25.251907348632812,74.60791015625
571.5579664669042,301.700411010453,25.251907348632812,74.60791015625
570.9865344123737,301.1289789559225,25.251907348632812,74.60791015625
569.272238248782,302.4623204164938,25.251907348632812,74.60791015625
569.0817608972718,301.1289789559225,25.251907348632812,74.60791015625
568.5103288427413,302.4623204164938,25.251907348632812,74.60791015625
569.8436703033126,302.2718430649836,25.251907348632812,74.60791015625
569.2722382487821,302.4623204164938,25.251907348632812,74.60791015625
569.0817608972719,303.41470717404474,25.251907348632812,74.60791015625
571.3705316282751,303.6594462579333,24.713403701782227,73.01687622070312
570.4384548051925,304.591523081016,24.713403701782227,73.01687622070312
572.1161930867413,304.0322769871664,24.713403701782227,73.01687622070312
571.1841162636587,303.10020016408373,24.713403701782227,73.01687622070312
572.1161930867413,302.9137847994672,24.713403701782227,73.01687622070312
574.1667620975231,303.8458616225499,24.713403701782227,73.01687622070312
572.8618545452074,304.0322769871664,24.713403701782227,73.01687622070312
575.2852542852223,302.7273694348507,24.713403701782227,73.01687622070312
575.4716696498389,304.40510771639947,24.713403701782227,73.01687622070312
576.7765772021546,304.591523081016,24.713403701782227,73.01687622070312
577.7086540252373,305.1507691748656,24.713403701782227,73.01687622070312
579.013561577553,304.2186923517829,24.713403701782227,73.01687622070312
580.6912998591018,303.6594462579333,24.713403701782227,73.01687622070312
580.1320537652522,304.96435381024907,24.713403701782227,73.01687622070312
582.5554535052671,305.1507691748656,24.713403701782227,73.01687622070312
581.9962074114175,303.47303089331683,24.713403701782227,73.01687622070312
584.0467764221993,303.6594462579334,24.713403701782227,73.01687622070312
583.1931668761976,303.04510149681875,25.26018714904785,74.63237762451172
584.5269455081083,303.6167209104948,25.26018714904785,74.63237762451172
586.2418037491364,303.4261811059361,25.26018714904785,74.63237762451172
585.289104726343,303.2356413013774,25.26018714904785,74.63237762451172
587.0039629673711,303.8072607150535,25.26018714904785,74.63237762451172
586.4323435536951,305.1410393469642,25.26018714904785,74.63237762451172
588.1472017947232,305.71265876064024,25.26018714904785,74.63237762451172
587.9566619901645,305.1410393469642,25.26018714904785,74.63237762451172
589.2904406220753,306.09373836975755,25.26018714904785,74.63237762451172
590.2431396448686,306.2842781743162,25.26018714904785,74.63237762451172
590.05259984031,304.9504995424055,25.26018714904785,74.63237762451172
591.0052988631033,305.90319856519886,25.26018714904785,74.63237762451172
591.9579978858967,305.7126587606402,25.26018714904785,74.63237762451172
591.7674580813381,305.90319856519886,25.26018714904785,74.63237762451172
593.4823163223662,306.8558975879922,25.26018714904785,74.63237762451172
592.9106969086902,306.66535778343354,25.26018714904785,74.63237762451172
592.7201571041315,307.2369771971096,25.26018714904785,74.63237762451172
594.0539357360423,307.42751700166826,25.26018714904785,74.63237762451172
591.9579978858968,307.9991364153443,25.26018714904785,74.63237762451172
594.9821307560987,307.876652478874,24.721506118774414,73.04081726074219
594.4227012985939,309.1819878797187,24.721506118774414,73.04081726074219
595.7280366994386,308.62255842221384,24.721506118774414,73.04081726074219
595.5415602136036,308.4360819363789,24.721506118774414,73.04081726074219
594.9821307560987,307.87665247887406,24.721506118774414,73.04081726074219
594.4227012985939,308.80903490804883,24.721506118774414,73.04081726074219
593.863271841089,308.249605450544,24.721506118774414,73.04081726074219
592.6224437018017,308.4089383047972,25.268468856811523,74.65684509277344
594.3378642045582,307.83713147054505,25.268468856811523,74.65684509277344
593.0036482579698,308.7901428609653,25.268468856811523,74.65684509277344
592.4318414237176,309.36194969521745,25.268468856811523,74.65684509277344
593.0036482579698,308.7901428609653,25.268468856811523,74.65684509277344
591.6694323113813,308.98074513904936,25.268468856811523,74.65684509277344
593.3848528141378,309.93375652946963,25.268468856811523,74.65684509277344
591.6694323113813,310.1243588075537,25.268468856811523,74.65684509277344
591.0976254771292,309.93375652946963,25.268468856811523,74.65684509277344
590.144614086709,309.7431542513856,25.268468856811523,74.65684509277344
591.4788300332974,309.55255197330155,25.268468856811523,74.65684509277344
590.144614086709,310.1243588075537,25.268468856811523,74.65684509277344
590.335216364793,311.07737019797395,25.268468856811523,74.65684509277344
590.144614086709,311.267972476058,25.268468856811523,74.65684509277344
589.1916026962888,310.69616564180586,25.268468856811523,74.65684509277344
590.144614086709,311.64917703222613,25.268468856811523,74.65684509277344
589.954011808625,311.077370197974,25.268468856811523,74.65684509277344
590.5258186428771,311.64917703222613,25.268468856811523,74.65684509277344
590.7164209209611,312.22098386647826,25.268468856811523,74.65684509277344
591.6694323113813,310.8867679198899,25.268468856811523,74.65684509277344
590.7164209209611,311.8397793103102,25.268468856811523,74.65684509277344
589.7634095305409,310.8867679198899,25.268468856811523,74.65684509277344
589.954011808625,311.8397793103102,25.268468856811523,74.65684509277344
588.6197958620365,311.64917703222613,25.268468856811523,74.65684509277344
589.5728072524568,312.22098386647826,25.268468856811523,74.65684509277344
588.2385913058683,312.0303815883942,25.268468856811523,74.65684509277344
587.6667844716162,312.9833929788145,25.268468856811523,74.65684509277344
587.0949776373641,313.5551998130666,25.268468856811523,74.65684509277344
586.1419662469439,312.9833929788145,25.268468856811523,74.65684509277344
585.1889548565237,313.5551998130666,25.268468856811523,74.65684509277344
584.6171480222715,313.74580209115067,25.268468856811523,74.65684509277344
584.0453411880194,313.9364043692347,25.268468856811523,74.65684509277344
582.711125241431,312.98339297881444,25.268468856811523,74.65684509277344
583.6641366318512,313.1739952568985,25.268468856811523,74.65684509277344
582.3299206852628,312.2209838664782,25.268468856811523,74.65684509277344
580.6145001825063,312.79279070073034,25.268468856811523,74.65684509277344
579.6614887920861,314.1270066473187,25.268468856811523,74.65684509277344
578.3272728454976,315.08001803773897,25.268468856811523,74.65684509277344
576.6118523427411,315.6518248719911,25.268468856811523,74.65684509277344
577.1836591769933,315.08001803773897,25.268468856811523,74.65684509277344
575.0870341180687,315.6518248719911,25.268468856811523,74.65684509277344
574.5152272838166,315.08001803773897,25.268468856811523,74.65684509277344
573.9434204495644,316.4142339843273,25.268468856811523,74.65684509277344
572.609204502976,315.08001803773897,25.268468856811523,74.65684509277344
571.2749885563876,315.6518248719911,25.268468856811523,74.65684509277344
569.9407726097992,314.6988134815708,25.268468856811523,74.65684509277344
568.2253521070427,315.27062031582295,25.268468856811523,74.65684509277344
566.8911361604543,314.6988134815708,25.268468856811523,74.65684509277344
565.1757156576978,315.6518248719911,25.268468856811523,74.65684509277344
563.4602951549413,315.84242715007514,25.268468856811523,74.65684509277344
561.7448746521848,316.41423398432727,25.268468856811523,74.65684509277344
560.7918632617645,316.2236317062432,25.268468856811523,74.65684509277344
559.4576473151761,315.27062031582295,25.268468856811523,74.65684509277344
557.3610222562515,315.8424271500751,25.268468856811523,74.65684509277344
555.645601753495,316.4142339843272,25.268468856811523,74.65684509277344
554.3113858069066,315.08001803773885,25.268468856811523,74.65684509277344
552.9771698603182,316.0330294281591,25.268468856811523,74.65684509277344
552.024158469898,315.8424271500751,25.268468856811523,74.65684509277344
551.0711470794778,315.65182487199104,25.268468856811523,74.65684509277344
550.4993402452257,315.8424271500751,25.268468856811523,74.65684509277344
549.9275334109735,317.5578476528315,25.268468856811523,74.65684509277344
548.9745220205533,317.3672453747475,25.268468856811523,74.65684509277344
548.0215106301331,317.5578476528315,25.268468856811523,74.65684509277344
547.449703795881,316.9860408185794,25.268468856811523,74.65684509277344
548.0215106301331,317.93905220899967,25.268468856811523,74.65684509277344
547.449703795881,317.7484499309156,25.268468856811523,74.65684509277344
547.640306073965,317.1766430966635,25.268468856811523,74.65684509277344
546.6872946835448,316.98604081857945,25.268468856811523,74.65684509277344
545.7342832931246,317.5578476528316,25.268468856811523,74.65684509277344
545.1624764588724,316.98604081857945,25.268468856811523,74.65684509277344
543.828260512284,317.9390522089997,25.268468856811523,74.65684509277344
544.7812719027042,317.7484499309157,25.268468856811523,74.65684509277344
543.4470559561158,318.3202567651678,25.268468856811523,74.65684509277344
542.1128400095274,317.36724537474754,25.268468856811523,74.65684509277344
541.5410331752753,317.5578476528316,25.268468856811523,74.65684509277344
541.259323264772,319.2724524297162,24.729610443115234,73.06476593017578
540.6997103834913,318.71283954843545,24.729610443115234,73.06476593017578
540.1400975022106,319.2724524297162,24.729610443115234,73.06476593017578
538.8343341125554,316.8474632774996,24.729610443115234,73.06476593017578
540.1400975022106,317.4070761587804,24.729610443115234,73.06476593017578
538.8343341125554,316.8474632774996,24.729610443115234,73.06476593017578
539.7670222480234,317.78015141296754,24.729610443115234,73.06476593017578
538.8343341125554,317.9666890400611,24.729610443115234,73.06476593017578
539.7670222480234,318.5263019213419,24.729610443115234,73.06476593017578
539.2074093667427,317.9666890400611,24.729610443115234,73.06476593017578
540.1400975022107,318.899377175529,24.729610443115234,73.06476593017578
539.58048462093,318.33976429424825,24.729610443115234,73.06476593017578
542.9006880948082,319.29862377593776,24.20224380493164,71.50663757324219
543.8134863748571,318.38582549588887,24.20224380493164,71.50663757324219
543.6309267188474,318.20326583987907,24.20224380493164,71.50663757324219
544.9088443109158,316.9253482478106,24.20224380493164,71.50663757324219
544.7262846549061,316.37766927978123,24.20224380493164,71.50663757324219
545.639082934955,316.9253482478106,24.20224380493164,71.50663757324219
545.4565232789453,316.0125499677617,24.20224380493164,71.50663757324219
546.7344408710137,316.9253482478106,24.20224380493164,71.50663757324219
546.9170005270234,316.7427885918008,24.20224380493164,71.50663757324219
547.0995601830332,317.65558687184966,24.20224380493164,71.50663757324219
548.0123584630821,317.83814652785946,24.20224380493164,71.50663757324219
547.0995601830332,316.560228935791,24.20224380493164,71.50663757324219
547.2821198390429,317.83814652785946,24.20224380493164,71.50663757324219
547.8297988070723,315.8299903117519,24.20224380493164,71.50663757324219
546.5518812150038,315.28231134372254,24.20224380493164,71.50663757324219
547.4646794950528,315.46487099973234,24.20224380493164,71.50663757324219
546.9170005270234,314.55207271968345,24.20224380493164,71.50663757324219
547.8297988070724,314.73463237569325,24.20224380493164,71.50663757324219
546.551881215004,315.64743065574214,24.20224380493164,71.50663757324219
546.3693215589942,315.0997516877128,24.20224380493164,71.50663757324219
545.8216425909649,315.64743065574214,24.20224380493164,71.50663757324219
544.1786056868768,315.82999031175194,24.20224380493164,71.50663757324219
543.2658074068279,314.91719203170305,24.20224380493164,71.50663757324219
542.7181284387985,315.09975168771285,24.20224380493164,71.50663757324219
541.0750915347105,315.28231134372265,24.20224380493164,71.50663757324219
540.1622932546616,314.36951306367376,24.20224380493164,71.50663757324219
538.1541370385539,314.18695340766396,24.20224380493164,71.50663757324219
536.1459808224463,313.2741551276151,24.20224380493164,71.50663757324219
534.8680632303779,313.4567147836249,24.20224380493164,71.50663757324219
532.8599070142702,314.0043937516542,24.20224380493164,71.50663757324219
530.8517507981626,313.8218340956444,24.20224380493164,71.50663757324219
528.1133559580159,314.36951306367376,24.20224380493164,71.50663757324219
526.4703190539278,314.9171920317031,24.20224380493164,71.50663757324219
523.7319242137811,314.0043937516542,24.20224380493164,71.50663757324219
522.7582568695193,315.2947282662081,23.68612289428711,69.98173522949219
520.0782591241564,316.1880608479957,23.68612289428711,69.98173522949219
517.3982613787934,314.58006220077795,23.68612289428711,69.98173522949219
515.4329296988607,313.32939658627527,23.68612289428711,69.98173522949219
513.8249310516429,313.86539613534785,23.68612289428711,69.98173522949219
511.5022663389951,312.97206355356025,23.68612289428711,69.98173522949219
509.8942676917774,313.50806310263283,23.68612289428711,69.98173522949219
507.21426994641445,314.40139568442044,23.68612289428711,69.98173522949219
505.6062712991967,314.937395233493,23.68612289428711,69.98173522949219
503.99827265197894,315.11606174985053,23.68612289428711,69.98173522949219
502.03294097204616,316.00939433163813,23.68612289428711,69.98173522949219
501.13960839025856,316.5453938807107,23.68612289428711,69.98173522949219
499.8889427757559,315.29472826620804,23.68612289428711,69.98173522949219
498.9956101939683,316.9027269134258,23.68612289428711,69.98173522949219
497.7449445794656,316.0093943316382,23.68612289428711,69.98173522949219
496.4942789649629,315.4733947825656,23.68612289428711,69.98173522949219
496.3156124486054,316.0093943316382,23.68612289428711,69.98173522949219
494.70761380138765,314.0440626517054,23.68612289428711,69.98173522949219
493.81428121960005,314.580062200778,23.68612289428711,69.98173522949219
493.3668869684006,314.7327210178104,24.21017837524414,71.53008270263672
493.5495064814325,315.64581858297004,24.21017837524414,71.53008270263672
491.9059308641451,315.82843809600195,24.21017837524414,71.53008270263672
491.7233113511132,315.64581858297004,24.21017837524414,71.53008270263672
490.8102137859535,316.1936771220658,24.21017837524414,71.53008270263672
489.89711622079386,315.28057955690616,24.21017837524414,71.53008270263672
489.3492576816981,315.82843809600195,24.21017837524414,71.53008270263672
490.6275942729216,314.18486247871454,24.21017837524414,71.53008270263672
489.3492576816981,314.36748199174644,24.21017837524414,71.53008270263672
491.72331135111324,313.4543844265868,24.21017837524414,71.53008270263672
490.8102137859536,313.2717649135549,24.21017837524414,71.53008270263672
492.2475983622413,312.2909954414893,24.74582862854004,73.11268615722656
490.94097857393695,313.2242952902782,24.74582862854004,73.11268615722656
492.2475983622413,313.7842751995515,24.74582862854004,73.11268615722656
490.56765863442143,314.71757504834034,24.74582862854004,73.11268615722656
492.2475983622413,313.7842751995515,24.74582862854004,73.11268615722656
491.97171462479565,314.38393732358895,24.218116760253906,71.55353546142578
493.9811879112735,314.56661671326873,24.218116760253906,71.55353546142578
494.16386730095326,314.7492961029485,24.218116760253906,71.55353546142578
495.07726424935225,312.7398228164707,24.218116760253906,71.55353546142578
494.16386730095326,312.1917846474313,24.218116760253906,71.55353546142578
493.61582913191387,312.7398228164707,24.218116760253906,71.55353546142578
493.0677909628745,311.46106708871207,24.218116760253906,71.55353546142578
493.9811879112735,312.7398228164707,24.218116760253906,71.55353546142578
493.0677909628745,312.5571434267909,24.218116760253906,71.55353546142578
492.1543940144755,313.4705403751899,24.218116760253906,71.55353546142578
491.2409970660765,313.6532197648697,24.218116760253906,71.55353546142578
490.3276001176775,314.5666167132687,24.218116760253906,71.55353546142578
489.7795619486381,314.0185785442293,24.218116760253906,71.55353546142578
488.5008062208795,313.8358991545495,24.218116760253906,71.55353546142578
486.8566917137613,312.9225022061505,24.218116760253906,71.55353546142578
485.9432947653623,312.3744640371111,24.218116760253906,71.55353546142578
485.3952565963229,312.5571434267909,24.218116760253906,71.55353546142578
484.1165008685643,312.7398228164707,24.218116760253906,71.55353546142578
483.2031039201653,312.1917846474313,24.218116760253906,71.55353546142578
482.6550657511259,313.4705403751899,24.218116760253906,71.55353546142578
481.0109512440077,314.7492961029485,24.218116760253906,71.55353546142578
480.0975542956087,314.56661671326873,24.218116760253906,71.55353546142578
478.45343978849047,316.21073122038695,24.218116760253906,71.55353546142578
476.44396650201264,316.02805183070717,24.218116760253906,71.55353546142578
475.16521077425404,316.21073122038695,24.218116760253906,71.55353546142578
475.3478901639338,317.12412816878594,24.218116760253906,71.55353546142578
474.4344932155348,316.57608999974656,24.218116760253906,71.55353546142578
472.425019929057,316.75876938942633,24.218116760253906,71.55353546142578
470.78090542193877,315.4800136616677,24.218116760253906,71.55353546142578
469.50214969418016,316.0280518307071,24.218116760253906,71.55353546142578
467.49267640770233,315.1146548823081,24.218116760253906,71.55353546142578
465.8485619005841,316.0280518307071,24.218116760253906,71.55353546142578
464.2044473934659,316.9414487791061,24.218116760253906,71.55353546142578
462.9256916657073,317.4894869481455,24.218116760253906,71.55353546142578
461.6469359379487,318.4028838965445,24.218116760253906,71.55353546142578
460.3681802101901,318.9509220655839,24.218116760253906,71.55353546142578
459.4547832617911,318.7682426759041,24.218116760253906,71.55353546142578
457.44530997531325,318.9509220655839,24.218116760253906,71.55353546142578
456.16655424755464,318.4028838965445,24.218116760253906,71.55353546142578
455.98387485787487,318.58556328622427,24.218116760253906,71.55353546142578
455.07047790947587,318.0375251171849,24.218116760253906,71.55353546142578
454.8877985197961,317.4894869481455,24.218116760253906,71.55353546142578
453.6090427920375,318.4028838965445,24.218116760253906,71.55353546142578
453.0610046229981,318.9509220655839,24.218116760253906,71.55353546142578
453.2436840126779,319.13360145526366,24.218116760253906,71.55353546142578
452.6956458436385,320.04699840366266,24.218116760253906,71.55353546142578
451.7822488952395,319.49896023462327,24.218116760253906,71.55353546142578
452.3302870642789,320.41235718302227,24.218116760253906,71.55353546142578
453.9744015713971,319.8643190139829,24.218116760253906,71.55353546142578
452.6956458436385,319.3162808449435,24.218116760253906,71.55353546142578
452.1476076745991,319.8643190139829,24.218116760253906,71.55353546142578
452.6956458436385,318.58556328622427,24.218116760253906,71.55353546142578
451.7822488952395,319.13360145526366,24.218116760253906,71.55353546142578
451.2342107262001,318.58556328622427,24.218116760253906,71.55353546142578
452.1476076745991,319.8643190139829,24.218116760253906,71.55353546142578
450.8688519468405,319.3162808449435,24.218116760253906,71.55353546142578
449.9554549984415,320.9603953520617,24.218116760253906,71.55353546142578
448.6766992706829,320.4123571830223,24.218116760253906,71.55353546142578
447.7633023222839,321.3257541314213,24.218116760253906,71.55353546142578
447.2152641532445,321.14307474174154,24.218116760253906,71.55353546142578
447.7633023222839,321.69111291078093,24.218116760253906,71.55353546142578
446.1191878151657,321.8737923004607,24.218116760253906,71.55353546142578
445.5711496461263,319.4989602346233,24.218116760253906,71.55353546142578
444.6577526977273,320.4123571830223,24.218116760253906,71.55353546142578
444.1097145286879,320.22967779334255,24.218116760253906,71.55353546142578
444.2923939183677,320.4123571830223,24.218116760253906,71.55353546142578
443.7443557493283,320.9603953520617,24.218116760253906,71.55353546142578
442.8309588009293,321.8737923004607,24.218116760253906,71.55353546142578
442.2829206318899,323.1525480282193,24.218116760253906,71.55353546142578
443.1963175802889,323.7005861972587,24.218116760253906,71.55353546142578
442.6482794112495,324.6139831456577,24.218116760253906,71.55353546142578
443.1963175802889,324.0659449766183,24.218116760253906,71.55353546142578
444.1097145286879,324.2486243662981,24.218116760253906,71.55353546142578
443.1963175802889,323.7005861972587,24.218116760253906,71.55353546142578
444.1097145286879,324.9793419250173,24.218116760253906,71.55353546142578
442.8309588009293,323.7005861972587,24.218116760253906,71.55353546142578
441.9175618525303,325.3447007043769,24.218116760253906,71.55353546142578
441.7348824628505,326.2580976527759,24.218116760253906,71.55353546142578
440.8214855144515,326.07541826309614,24.218116760253906,71.55353546142578
439.9080885660525,325.52738009405675,24.218116760253906,71.55353546142578
439.36005039701314,326.80613582181536,24.218116760253906,71.55353546142578
438.81201222797375,325.89273887341636,24.218116760253906,71.55353546142578
437.89861527957476,326.80613582181536,24.218116760253906,71.55353546142578
437.35057711053537,325.89273887341636,24.218116760253906,71.55353546142578
438.26397405893437,325.7100594837366,24.218116760253906,71.55353546142578
436.61985955181615,326.258097652776,24.218116760253906,71.55353546142578
435.70646260341715,325.344700704377,24.218116760253906,71.55353546142578
436.25450077245654,325.89273887341636,24.218116760253906,71.55353546142578
435.70646260341715,326.07541826309614,24.218116760253906,71.55353546142578
434.79306565501815,326.98881521149514,24.218116760253906,71.55353546142578
434.24502748597877,328.26757093925374,24.218116760253906,71.55353546142578
434.42770687565854,329.91168544637196,24.218116760253906,71.55353546142578
432.7835923685403,329.3636472773326,24.218116760253906,71.55353546142578
433.3316305375797,329.54632666701235,24.218116760253906,71.55353546142578
433.5143099272595,330.45972361541135,24.218116760253906,71.55353546142578
432.6009129788605,330.6424030050911,24.218116760253906,71.55353546142578
432.4182335891807,330.09436483605174,24.218116760253906,71.55353546142578
431.5048366407817,328.81560910829313,24.218116760253906,71.55353546142578
430.5914396923827,327.90221215989413,24.218116760253906,71.55353546142578
430.04340152334333,328.4502503289335,24.218116760253906,71.55353546142578
429.86072213366356,329.3636472773325,24.218116760253906,71.55353546142578
428.94732518526456,330.2770442257315,24.218116760253906,71.55353546142578
428.03392823686556,331.5557999534901,24.218116760253906,71.55353546142578
427.12053128846657,332.83455568124873,24.218116760253906,71.55353546142578
425.84177556070796,332.28651751220934,24.218116760253906,71.55353546142578
424.92837861230896,333.56527323996795,24.218116760253906,71.55353546142578
423.28426410519074,334.11331140900734,24.218116760253906,71.55353546142578
422.00550837743214,334.6613495780467,24.218116760253906,71.55353546142578
421.09211142903314,336.30546408516494,24.218116760253906,71.55353546142578
420.54407325999375,336.12278469548517,24.218116760253906,71.55353546142578
419.26531753223514,335.9401053058054,24.218116760253906,71.55353546142578
419.4479969219149,336.4881434748448,24.218116760253906,71.55353546142578
417.4385236354371,336.305464085165,24.218116760253906,71.55353546142578
416.1597679076785,336.8535022542044,24.218116760253906,71.55353546142578
416.34244729735826,336.305464085165,24.218116760253906,71.55353546142578
415.06369156959965,337.9495785922832,24.218116760253906,71.55353546142578
414.51565340056027,338.8629755406822,24.218116760253906,71.55353546142578
412.50618011408244,340.1417312684408,24.218116760253906,71.55353546142578
410.8620656069642,340.6897694374802,24.218116760253906,71.55353546142578
409.5833098792056,340.87244882716,24.218116760253906,71.55353546142578
409.7659892688854,339.959051878761,24.218116760253906,71.55353546142578
408.8525923204864,340.14173126844076,24.218116760253906,71.55353546142578
407.5738365927278,339.959051878761,24.218116760253906,71.55353546142578
406.6604396443288,339.7763724890812,24.218116760253906,71.55353546142578
405.3816839165702,339.59369309940143,24.218116760253906,71.55353546142578
405.1990045268904,341.23780760651965,24.218116760253906,71.55353546142578
403.9202487991318,341.42048699619943,24.218116760253906,71.55353546142578
402.2761342920136,343.42996028267726,24.218116760253906,71.55353546142578
401.3627373436146,343.97799845171664,24.218116760253906,71.55353546142578
400.4493403952156,344.1606778413964,24.218116760253906,71.55353546142578
399.170584667457,345.439433569155,24.218116760253906,71.55353546142578
398.6225464984176,346.352830517554,24.218116760253906,71.55353546142578
397.343790770659,345.0740747897954,24.218116760253906,71.55353546142578
397.1611113809792,344.52603662075603,24.218116760253906,71.55353546142578
396.2477144325802,345.439433569155,24.218116760253906,71.55353546142578
395.6996762635408,344.89139540011564,24.218116760253906,71.55353546142578
394.0555617564226,344.34335723107625,24.218116760253906,71.55353546142578
392.776806028664,345.62211295883486,24.218116760253906,71.55353546142578
391.4980503009054,346.17015112787425,24.218116760253906,71.55353546142578
390.5846533525064,344.89139540011564,24.218116760253906,71.55353546142578
390.036615183467,344.70871601043586,24.218116760253906,71.55353546142578
391.3153709112256,345.9874717381945,24.218116760253906,71.55353546142578
390.4019739628266,343.6126396723571,24.218116760253906,71.55353546142578
389.123218235068,343.4299602826773,24.218116760253906,71.55353546142578
389.3058976247478,342.1512045549187,24.218116760253906,71.55353546142578
388.3925006763488,341.2378076065197,24.218116760253906,71.55353546142578
387.1137449485902,340.6897694374803,24.218116760253906,71.55353546142578
385.8349892208316,340.50709004780055,24.218116760253906,71.55353546142578
384.55623349307297,340.32441065812077,24.218116760253906,71.55353546142578
383.27747776531436,340.141731268441,24.218116760253906,71.55353546142578
382.36408081691536,339.228334320042,24.218116760253906,71.55353546142578
381.08532508915675,339.0456549303622,24.218116760253906,71.55353546142578
379.44121058203854,338.86297554068244,24.218116760253906,71.55353546142578
377.4317372955607,337.94957859228344,24.218116760253906,71.55353546142578
376.1529815678021,337.03618164388445,24.218116760253906,71.55353546142578
376.3356609574819,336.85350225420467,24.218116760253906,71.55353546142578
375.05690522972327,335.57474652644606,24.218116760253906,71.55353546142578
373.77814950196466,336.12278469548545,24.218116760253906,71.55353546142578
373.2301113329253,335.57474652644606,24.218116760253906,71.55353546142578
373.0474319432455,335.75742591612584,24.218116760253906,71.55353546142578
374.18604379978825,335.2878411721295,23.701658248901367,70.02763366699219
374.0072601031173,336.53932704882624,23.701658248901367,70.02763366699219
374.5436111931302,334.9302737787875,23.701658248901367,70.02763366699219
375.437529676485,335.4666248688004,23.701658248901367,70.02763366699219
374.9011785864721,334.5727063854456,23.701658248901367,70.02763366699219
374.72239488980114,332.9636531154069,23.701658248901367,70.02763366699219
375.258745979814,332.7848694187359,23.701658248901367,70.02763366699219
375.07996228314306,332.60608572206496,23.701658248901367,70.02763366699219
374.18604379978825,332.427302025394,23.701658248901367,70.02763366699219
374.72239488980114,334.0363552954327,23.701658248901367,70.02763366699219
373.8284764064463,332.784869418736,23.701658248901367,70.02763366699219
373.64969270977537,333.32122050874887,23.701658248901367,70.02763366699219
374.5436111931302,333.85757159876175,23.701658248901367,70.02763366699219
375.437529676485,332.96365311540694,23.701658248901367,70.02763366699219
375.61631337315595,331.7121672387102,23.701658248901367,70.02763366699219
375.16862588600435,331.49395040329,24.226057052612305,71.57699584960938
376.447800887723,330.9457325454106,24.226057052612305,71.57699584960938
375.16862588600435,329.30107897177226,24.226057052612305,71.57699584960938
377.17875803156227,330.21477540157133,24.226057052612305,71.57699584960938
379.1888901771202,329.6665575436919,24.226057052612305,71.57699584960938
381.92997946651735,328.75286111389283,24.226057052612305,71.57699584960938
385.40202589975377,326.37725039641526,24.226057052612305,71.57699584960938
389.60502947682943,325.0980753946966,24.226057052612305,71.57699584960938
394.90446876966394,323.0879432491387,24.226057052612305,71.57699584960938
400.5693866344181,321.44328967550035,24.226057052612305,71.57699584960938
405.8688259272526,319.79863610186203,24.226057052612305,71.57699584960938
412.264700935846,318.1539825282237,24.226057052612305,71.57699584960938
420.4879688040375,316.5093289545854,24.226057052612305,71.57699584960938
425.05645095303277,315.5956325247863,24.226057052612305,71.57699584960938
431.81780453354577,315.4128932388265,24.226057052612305,71.57699584960938
436.8317434574795,314.94315233067283,23.709428787231445,70.05059814453125
442.01817061117765,313.6912561211595,23.709428787231445,70.05059814453125
450.7814440777711,312.43935991164614,23.709428787231445,70.05059814453125
455.2525019688902,311.9028329647118,23.709428787231445,70.05059814453125
462.22735227903604,310.6509367551985,23.709428787231445,70.05059814453125
467.05609480144466,309.3990405456851,23.709428787231445,70.05059814453125
472.9578912177219,309.5778828613299,23.709428787231445,70.05059814453125
481.0057954217363,307.61061738923746,23.709428787231445,70.05059814453125
485.8345379441449,306.71640581101366,23.709428787231445,70.05059814453125
490.66328046655354,306.17987886407934,23.709428787231445,70.05059814453125
494.77665372638313,306.3587211797241,23.709428787231445,70.05059814453125
499.60539624879175,305.4645096015003,23.709428787231445,70.05059814453125
505.8648772963585,304.5702980232765,23.709428787231445,70.05059814453125
509.62056592489853,303.31840181376316,23.709428787231445,70.05059814453125
514.1828250237679,304.2377053033283,23.20381736755371,68.55674743652344
517.5083655622819,303.7126199551419,23.20381736755371,68.55674743652344
519.783735404423,303.1875346069555,23.20381736755371,68.55674743652344
522.4091621453551,301.6122785623963,23.20381736755371,68.55674743652344
523.6343612911235,301.0871932142099,23.20381736755371,68.55674743652344
524.5095035381008,300.2120509672325,23.20381736755371,68.55674743652344
524.6845319874963,300.387079416628,23.20381736755371,68.55674743652344
525.2096173356827,300.2120509672325,23.20381736755371,68.55674743652344
525.734702683869,299.68696561904613,23.20381736755371,68.55674743652344
525.9097311332645,299.8619940684416,23.20381736755371,68.55674743652344
526.4348164814509,298.6367949226733,23.20381736755371,68.55674743652344
526.6098449308463,299.51193716965065,23.20381736755371,68.55674743652344
527.4849871778237,298.6367949226733,23.20381736755371,68.55674743652344
527.6600156272191,297.7616526756959,23.20381736755371,68.55674743652344
527.8350440766145,296.1863966311367,23.20381736755371,68.55674743652344
529.2633735048374,297.7609024088556,22.708988189697266,67.09475708007812
528.7494857598593,296.21923917392127,22.708988189697266,67.09475708007812
527.8930061848959,297.07571874888475,22.708988189697266,67.09475708007812
528.406893929874,295.8766473439358,22.708988189697266,67.09475708007812
529.2633735048374,295.0201677689723,22.708988189697266,67.09475708007812
529.0920775898447,294.50628002399424,22.708988189697266,67.09475708007812
529.2633735048374,294.33498410900154,22.708988189697266,67.09475708007812
530.4624449097863,295.191463683965,22.708988189697266,67.09475708007812
529.9485571648082,293.6498004490307,22.708988189697266,67.09475708007812
529.7772612498155,292.10813721409636,22.708988189697266,67.09475708007812
529.6059653348228,291.93684129910366,22.708988189697266,67.09475708007812
530.8050367397717,291.42295355412557,22.708988189697266,67.09475708007812
529.6059653348228,291.93684129910366,22.708988189697266,67.09475708007812
530.1198530798009,291.0803617241402,22.708988189697266,67.09475708007812
528.920781674852,290.5664739791621,22.708988189697266,67.09475708007812
528.0643020998886,289.7099944041986,22.708988189697266,67.09475708007812
529.4621714834736,291.25092521128647,22.224712371826172,65.6639404296875
527.9533846813807,289.7421384091935,22.224712371826172,65.6639404296875
527.7857417033704,290.58035329924513,22.224712371826172,65.6639404296875
529.2945285054633,289.07156649715216,22.224712371826172,65.6639404296875
528.121027659391,288.23335160710053,22.224712371826172,65.6639404296875
527.9533846813806,286.72456480500756,22.224712371826172,65.6639404296875
527.7857417033703,286.22163587097657,22.224712371826172,65.6639404296875
527.2828127693393,285.0481350249043,22.224712371826172,65.6639404296875
526.4445978792877,285.21577800291465,22.224712371826172,65.6639404296875
525.6063829892361,283.7069912008217,22.224712371826172,65.6639404296875
525.1034540552051,284.20992013485267,22.224712371826172,65.6639404296875
523.9299532091328,282.7011333327597,22.224712371826172,65.6639404296875
523.0917383190812,282.1982043987287,22.224712371826172,65.6639404296875
523.2593812970915,281.3599895086771,22.224712371826172,65.6639404296875
523.0917383190812,281.5276324866874,22.224712371826172,65.6639404296875
522.5888093850502,281.02470355265643,22.224712371826172,65.6639404296875
522.4211664070399,280.52177461862544,22.224712371826172,65.6639404296875
520.5770936489263,278.67770186051183,22.224712371826172,65.6639404296875
519.7388787588746,278.17477292648084,22.224712371826172,65.6639404296875
518.5653779128023,277.3365580364292,22.224712371826172,65.6639404296875
517.39187706673,277.16891505841886,22.224712371826172,65.6639404296875
515.8830902646371,276.66598612438787,22.224712371826172,65.6639404296875
514.3743034625442,276.4983431463775,22.224712371826172,65.6639404296875
512.8338586528381,276.7137457174187,21.750762939453125,64.26363372802734
511.9588154275539,277.2408286613356,21.28692054748535,62.893192291259766
511.10243279697136,276.82807911028186,20.832969665527344,61.55197525024414
510.0024180950595,276.042354323202,20.832969665527344,61.55197525024414
509.21669330797965,275.25662953612215,20.832969665527344,61.55197525024414
507.17380886157196,275.41377449353814,20.832969665527344,61.55197525024414
505.7595042448281,274.9423396212902,20.832969665527344,61.55197525024414
504.6594895429163,274.15661483421036,20.832969665527344,61.55197525024414
502.93089501134057,274.6280497064583,20.832969665527344,61.55197525024414
500.88801056493287,275.41377449353814,20.832969665527344,61.55197525024414
498.8451261185252,274.3137597916263,20.832969665527344,61.55197525024414
496.8022416721175,273.84232491937837,20.832969665527344,61.55197525024414
495.3582610511091,273.74130704385675,20.388700485229492,60.23936080932617
494.24154390257047,275.124793050247,19.95390510559082,58.95473861694336
492.8869170485728,273.7701661962493,19.95390510559082,58.95473861694336
490.9302338150206,274.52273667069244,19.95390510559082,58.95473861694336
489.5756069610229,273.7701661962493,19.95390510559082,58.95473861694336
488.22098010702524,274.2217084809152,19.95390510559082,58.95473861694336
487.1673814428048,273.16810981669477,19.95390510559082,58.95473861694336
485.51172639902984,273.9206802911379,19.95390510559082,58.95473861694336
483.85607135525487,275.27530714513557,19.95390510559082,58.95473861694336
481.6025781854446,275.4687000915987,19.52838134765625,57.697509765625
480.57144783008766,277.0890477928739,19.52838134765625,57.697509765625
479.5018513764733,277.84623554834684,19.1119327545166,56.46709442138672
478.45506452762527,279.14308605312544,18.704364776611328,55.262916564941406
476.620911334557,278.43764251732995,18.704364776611328,55.262916564941406
475.6332903844433,279.14308605312544,18.704364776611328,55.262916564941406
474.3634920200114,278.43764251732995,18.704364776611328,55.262916564941406
473.0936936555795,279.70744088176184,18.704364776611328,55.262916564941406
471.5417178768294,279.00199734596634,18.704364776611328,55.262916564941406
469.7075646837611,278.86090863880725,18.704364776611328,55.262916564941406
467.87341149069283,280.69506183187553,18.704364776611328,55.262916564941406
466.32143571194274,280.83615053903463,18.704364776611328,55.262916564941406
464.20510510455625,282.3881263177847,18.704364776611328,55.262916564941406
462.65312932580616,283.3757472678984,18.704364776611328,55.262916564941406
462.22986320432886,284.3633682180121,18.704364776611328,55.262916564941406
460.3957100112606,285.3509891681258,18.704364776611328,55.262916564941406
459.1259116468287,286.3386101182395,18.704364776611328,55.262916564941406
458.138290696715,287.8905858969896,18.704364776611328,55.262916564941406
456.5863149179649,288.5960294327851,18.704364776611328,55.262916564941406
455.316516553533,289.5836503828988,18.704364776611328,55.262916564941406
454.3288956034193,289.7247390900579,18.704364776611328,55.262916564941406
453.0590972389874,290.7123600401716,18.704364776611328,55.262916564941406
452.6358311175101,291.69998099028527,18.704364776611328,55.262916564941406
450.80167792444183,292.68760194039896,18.704364776611328,55.262916564941406
449.24970214569174,294.23957771914905,18.704364776611328,55.262916564941406
447.97990378125985,295.22719866926275,18.704364776611328,55.262916564941406
448.58730922235486,297.3123275951641,18.30548858642578,54.08441925048828
447.8508701845735,299.3529908109766,17.915119171142578,52.931053161621094
447.1751934270672,300.02866756848294,17.915119171142578,52.931053161621094
447.8508701845735,301.2448857319943,17.915119171142578,52.931053161621094
446.36438131805966,300.2989382714855,17.915119171142578,52.931053161621094
446.86721003325715,301.53602601663124,18.311491012573242,54.10215377807617
445.90033348518455,302.22665212239735,18.311491012573242,54.10215377807617
445.20970737941843,303.4697791127764,18.311491012573242,54.10215377807617
446.4528343697975,304.9891565454619,18.311491012573242,54.10215377807617
446.0384587063378,306.23228353584096,18.311491012573242,54.10215377807617
445.6240830428781,308.0279114108329,18.311491012573242,54.10215377807617
447.14346047556364,310.3760401704378,18.311491012573242,54.10215377807617
446.45283436979753,312.1716680454298,18.311491012573242,54.10215377807617
447.41971091787013,313.4147950358088,18.311491012573242,54.10215377807617
447.00533525441045,314.65792202618786,18.311491012573242,54.10215377807617
447.69596136017657,316.72980034348626,18.311491012573242,54.10215377807617
449.2153387928621,318.80167866078466,18.311491012573242,54.10215377807617
449.35346401401534,320.3210560934702,18.311491012573242,54.10215377807617
448.72097834795375,321.29890515973983,18.716632843017578,55.299163818359375
448.9533517781462,322.2983883386137,19.130739212036133,56.52265930175781
450.2520956679352,323.8857419816891,19.130739212036133,56.52265930175781
451.55083955772415,325.18448587147805,19.130739212036133,56.52265930175781
451.9837541876538,327.0604492678399,19.130739212036133,56.52265930175781
453.5711078307292,328.9364126642017,19.130739212036133,56.52265930175781
453.426802954086,330.5237663072771,19.130739212036133,56.52265930175781
455.59137610373426,332.11111995035253,19.130739212036133,56.52265930175781
456.31290048695035,333.12125408685506,19.130739212036133,56.52265930175781
457.90025413002576,334.419997976644,19.130739212036133,56.52265930175781
458.9103882665283,336.00735161971943,19.130739212036133,56.52265930175781
460.20913215631725,337.01748575622196,19.130739212036133,56.52265930175781
461.79648579939266,337.73901013943805,19.130739212036133,56.52265930175781
463.38383944246806,339.32636378251345,19.130739212036133,56.52265930175781
465.71738302201186,341.54569137574526,19.554006576538086,57.773223876953125
467.6348521085182,344.0531509504074,19.554006576538086,57.773223876953125
470.14231168318037,346.2656152809917,19.554006576538086,57.773223876953125
471.76478552560883,348.478079611576,19.554006576538086,57.773223876953125
473.3872593680373,350.39554869808234,19.554006576538086,57.773223876953125
475.89471894269946,351.428032052355,19.554006576538086,57.773223876953125
476.9272022969721,352.4605154066276,19.554006576538086,57.773223876953125
478.54967613940056,354.0829892490561,19.554006576538086,57.773223876953125
480.6287916592372,355.433247139075,19.98663902282715,59.051456451416016
481.98564072157626,356.4885741875609,19.98663902282715,59.051456451416016
483.797928041634,357.5558768091152,20.428842544555664,60.35797119140625
485.1847973894773,358.9427461569585,20.428842544555664,60.35797119140625
486.3976802277573,359.71391375476,20.880830764770508,61.693389892578125
488.1302460226248,361.4464795496275,20.880830764770508,61.693389892578125
489.232787892086,363.179045344495,20.880830764770508,61.693389892578125
490.9653536869535,364.91161113936255,20.880830764770508,61.693389892578125
492.06789555641467,367.27420085963644,20.880830764770508,61.693389892578125
492.85542546317265,369.00676665450396,20.880830764770508,61.693389892578125
492.69791948182103,371.05434441207467,20.880830764770508,61.693389892578125
493.17043742587583,372.471898244239,20.880830764770508,61.693389892578125
494.272979295337,373.259428150997,20.880830764770508,61.693389892578125
493.8004613512822,373.7319460950518,20.880830764770508,61.693389892578125
494.272979295337,375.4645118899193,20.880830764770508,61.693389892578125
496.0055450902045,376.5670537593805,20.880830764770508,61.693389892578125
494.90300322074336,378.6146315169512,20.880830764770508,61.693389892578125
495.060509202095,380.9772212372251,20.880830764770508,61.693389892578125
495.5330271461498,383.0247989947958,20.880830764770508,61.693389892578125
496.0055450902046,384.7573647896633,20.880830764770508,61.693389892578125
495.5330271461498,386.17491862182766,20.880830764770508,61.693389892578125
496.63556901561094,385.70240067777286,20.880830764770508,61.693389892578125
495.2180151834466,387.74997843534356,20.880830764770508,61.693389892578125
496.0055450902046,389.4825442302111,20.880830764770508,61.693389892578125
494.9030032207434,390.90009806237543,20.880830764770508,61.693389892578125
494.4304852766886,392.94767581994614,20.880830764770508,61.693389892578125
495.84803910885296,394.3652296521105,20.880830764770508,61.693389892578125
494.11547331398543,395.15275955886847,20.880830764770508,61.693389892578125
495.2180151834466,396.885325353736,20.880830764770508,61.693389892578125
495.060509202095,397.98786722319716,20.880830764770508,61.693389892578125
494.90300322074336,399.7204330180647,20.880830764770508,61.693389892578125
495.37552116479816,400.82297488752585,20.880830764770508,61.693389892578125
496.9644829173708,403.15073375556545,20.4355411529541,60.37775802612305
495.5771588476514,404.84635206300027,20.4355411529541,60.37775802612305
495.42301172879365,405.61708765728883,20.4355411529541,60.37775802612305
494.9605703722205,407.31270596472365,20.4355411529541,60.37775802612305
494.18983477793194,406.5419703704351,20.4355411529541,60.37775802612305
494.9605703722205,407.31270596472365,20.4355411529541,60.37775802612305
493.8815405402165,408.0834415590122,20.4355411529541,60.37775802612305
493.11080494592795,409.1624713910162,20.4355411529541,60.37775802612305
493.2649520647857,411.1663839361664,20.4355411529541,60.37775802612305
492.80251070821254,413.17029648131665,20.4355411529541,60.37775802612305
493.5732463025011,414.86591478875147,20.4355411529541,60.37775802612305
494.34398189678967,416.5615330961863,20.4355411529541,60.37775802612305
493.2649520647857,417.9488571659057,20.4355411529541,60.37775802612305
491.8776279950663,418.1030042847634,20.4355411529541,60.37775802612305
490.7985981630623,419.4903283544828,20.4355411529541,60.37775802612305
491.26103951963546,421.49424089963304,20.4355411529541,60.37775802612305
490.5551881154867,421.6259503830287,20.887678146362305,61.71361541748047
489.83372044639555,421.43364165441477,21.349817276000977,63.07902908325195
488.0937937465794,421.5712422242386,21.822181701660156,64.47465515136719
488.9168271247648,421.0774221973274,21.822181701660156,64.47465515136719
488.7522204491277,423.5465223318834,21.822181701660156,64.47465515136719
488.25840042221654,425.027982412617,21.822181701660156,64.47465515136719
489.73986050295014,426.5094424933506,21.822181701660156,64.47465515136719
489.5752538273131,426.34483581771354,21.822181701660156,64.47465515136719
491.23584938622906,428.1429064647944,21.3568172454834,63.09971237182617
490.99774876386476,430.2131787145778,20.901376724243164,61.754093170166016
489.89412204605736,430.68616159363813,20.901376724243164,61.754093170166016
488.79049532824996,431.78978831144553,20.901376724243164,61.754093170166016
488.3175124491896,432.2627711905059,20.901376724243164,61.754093170166016
489.1058172476235,432.1051102308191,20.901376724243164,61.754093170166016
488.6328343685632,433.8393807873736,20.901376724243164,61.754093170166016
489.7364610863706,434.6276855858075,20.901376724243164,61.754093170166016
490.5247658848045,436.0466342229885,20.901376724243164,61.754093170166016
491.3130706832384,437.46558286016943,20.901376724243164,61.754093170166016
492.1013754816723,437.30792190048265,20.901376724243164,61.754093170166016
493.2050021994797,439.0421924570372,20.901376724243164,61.754093170166016
492.73201932041934,440.46114109421814,20.901376724243164,61.754093170166016
491.62839260261194,439.9881582151578,20.901376724243164,61.754093170166016
492.41669740104584,441.40710685233876,20.901376724243164,61.754093170166016
494.15096795760036,441.56476781202554,20.901376724243164,61.754093170166016
493.1018805301896,442.6809184546364,21.363819122314453,63.12040328979492
493.7015043871244,443.15299378305605,21.83649444580078,64.5169448852539
492.6054805618257,444.3190811367625,22.31962776184082,65.94438171386719
493.783993183461,445.160875866502,22.31962776184082,65.94438171386719
493.6156342375131,445.6659527043457,22.31962776184082,65.94438171386719
494.79414685914844,445.8343116502936,22.31962776184082,65.94438171386719
494.2890700213047,447.01282427192893,22.31962776184082,65.94438171386719
496.14101842673165,447.8546190016684,22.31962776184082,65.94438171386719
496.98281315647114,448.6964137314079,22.31962776184082,65.94438171386719
497.82460788621063,448.52805478546003,22.31962776184082,65.94438171386719
497.3195310483669,449.3698495151995,22.31962776184082,65.94438171386719
498.1613257781064,450.54836213683484,22.31962776184082,65.94438171386719
496.9828131564711,449.03313162330375,22.31962776184082,65.94438171386719
496.47773631862736,449.87492635304324,22.31962776184082,65.94438171386719
494.6587736119497,450.36812193700354,22.81344985961914,67.40340423583984
495.8633608253387,451.22854137513855,22.81344985961914,67.40340423583984
495.0029413872037,452.77729636378155,22.81344985961914,67.40340423583984
495.8633608253387,453.98188357717055,22.81344985961914,67.40340423583984
496.0354447129657,454.49813524005157,22.81344985961914,67.40340423583984
495.1750252748307,456.04689022869456,22.81344985961914,67.40340423583984
493.9704380614417,454.84230301530556,22.81344985961914,67.40340423583984
494.379553850053,456.72205134076063,22.326946258544922,65.96600341796875
493.5374831155987,456.8904654876515,22.326946258544922,65.96600341796875
493.7058972624896,458.4061928096692,22.326946258544922,65.96600341796875
492.8638265280353,459.5850918379052,22.326946258544922,65.96600341796875
492.79156409422853,459.72899245268474,22.82093048095703,67.42549896240234
492.36051185767775,460.59045721054804,23.325843811035156,68.91728973388672
491.55482852657326,459.64551244590336,23.841928482055664,70.44208526611328
492.0943538784979,460.90440493372745,23.841928482055664,70.44208526611328
491.19514495862353,460.3648795818028,23.841928482055664,70.44208526611328
491.3749867425984,461.2640885016772,23.841928482055664,70.44208526611328
492.49591223674986,461.8418456559597,23.333492279052734,68.93988800048828
491.8964841033173,463.7644408099772,22.835899353027344,67.4697265625
491.03521805370167,463.9366940199003,22.835899353027344,67.4697265625
489.8294455842398,463.0754279702847,22.835899353027344,67.4697265625
487.59015385523924,463.9366940199003,22.835899353027344,67.4697265625
485.0063557063924,464.45345364966965,22.835899353027344,67.4697265625
484.1450896567768,465.6592261191315,22.835899353027344,67.4697265625
482.93931718731494,466.17598574890087,22.835899353027344,67.4697265625
484.1450896567768,466.34823895882397,22.835899353027344,67.4697265625
483.2838236071612,467.2095050084396,22.835899353027344,67.4697265625
485.02155949253785,469.0911014683807,22.34891700744629,66.03091430664062
484.5158199175238,468.9225216100427,22.34891700744629,66.03091430664062
483.3357609091577,469.0911014683807,22.34891700744629,66.03091430664062
481.8185421841156,467.91104246001464,22.34891700744629,66.03091430664062
481.31280260910154,468.7539417517047,22.34891700744629,66.03091430664062
482.1557019007916,469.25968132671875,22.34891700744629,66.03091430664062
480.30132345907344,470.7769000517609,22.34891700744629,66.03091430664062
478.82977693973686,469.5217264926838,22.843387603759766,67.49185180664062
479.0020866274406,470.3832749312025,22.843387603759766,67.49185180664062
478.1405381889219,470.9002039943137,22.843387603759766,67.49185180664062
477.6236091258107,470.038655555795,22.843387603759766,67.49185180664062
478.82977693973686,470.9002039943137,22.843387603759766,67.49185180664062
478.57510334106274,472.1180915135811,22.356245040893555,66.05256652832031
479.0810087362016,471.9494563818681,22.356245040893555,66.05256652832031
480.2614546581923,471.10628072330337,22.356245040893555,66.05256652832031
479.0810087362016,471.9494563818681,22.356245040893555,66.05256652832031
478.91237360448866,471.44355098672924,22.356245040893555,66.05256652832031
477.731927682498,472.6239969087199,22.356245040893555,66.05256652832031
477.56329255078504,471.78082125015516,22.356245040893555,66.05256652832031
478.4064682093498,472.9612671721458,22.356245040893555,66.05256652832031
477.2843571031152,472.05560296176316,22.85087776184082,67.51397705078125
479.8698498631467,472.22796914576526,22.85087776184082,67.51397705078125
482.80007499118244,472.74506769777156,22.85087776184082,67.51397705078125
485.38556775121396,472.22796914576526,22.85087776184082,67.51397705078125
486.59213103922866,473.08980006577576,22.85087776184082,67.51397705078125
487.334190672202,472.6467266494052,22.363574981689453,66.07421875
489.18978532752004,471.1285128405086,22.363574981689453,66.07421875
492.0575225221025,472.3093458029837,22.363574981689453,66.07421875
492.56359379173466,473.15279791903737,22.363574981689453,66.07421875
492.84124531118755,471.1967381333112,22.858369827270508,67.5361099243164
493.8405946017064,470.62850677977696,23.364110946655273,69.03034973144531
494.86205404919684,469.31631841536176,23.88104248046875,70.55764770507812
495.4024644697541,469.13618160850933,23.88104248046875,70.55764770507812
497.74424295883557,470.3971392564763,23.88104248046875,70.55764770507812
499.7257478342122,469.85672883591906,23.88104248046875,70.55764770507812
501.70725270958883,470.3971392564763,23.88104248046875,70.55764770507812
503.32848397126065,469.4964552222142,23.88104248046875,70.55764770507812
505.6702624603421,471.11768648388596,23.88104248046875,70.55764770507812
507.4875298588902,470.65463639840493,23.37177276611328,69.05298614501953
506.8871184213141,469.8616136299818,22.873363494873047,67.58041381835938
508.0948689097644,470.37922098217473,22.873363494873047,67.58041381835938
506.19697528505685,469.1714704937244,22.873363494873047,67.58041381835938
506.7145826372498,467.9637200052741,22.873363494873047,67.58041381835938
506.19697528505685,467.4461126530812,22.873363494873047,67.58041381835938
505.3342963647352,468.9989347096601,22.873363494873047,67.58041381835938
506.8871184213142,468.13625578933846,22.873363494873047,67.58041381835938
507.7497973416358,468.9989347096601,22.873363494873047,67.58041381835938
508.2674046938288,469.1714704937244,22.873363494873047,67.58041381835938
508.78501204602173,469.34400627778876,22.873363494873047,67.58041381835938
509.64769096634336,470.8968283343677,22.873363494873047,67.58041381835938
508.78501204602173,469.6890778459174,22.873363494873047,67.58041381835938
507.9223331257001,470.8968283343677,22.873363494873047,67.58041381835938
507.7497973416358,469.34400627778876,22.873363494873047,67.58041381835938
507.2321899894429,469.5165420618531,22.873363494873047,67.58041381835938
505.33429636473534,470.7242925503034,22.873363494873047,67.58041381835938
503.0913311718991,469.8616136299818,22.873363494873047,67.58041381835938
501.53850911532027,469.3440062777888,22.873363494873047,67.58041381835938
500.3307586268699,469.8616136299818,22.873363494873047,67.58041381835938
499.4680797065483,468.6538631415315,22.873363494873047,67.58041381835938
498.9504723543553,468.48132735746714,22.873363494873047,67.58041381835938
500.1582228428056,467.9637200052742,22.873363494873047,67.58041381835938
498.26032921809804,466.7559695168239,22.873363494873047,67.58041381835938
497.05257872964773,465.20314746024496,22.873363494873047,67.58041381835938
496.5349713774548,464.34046853992334,22.873363494873047,67.58041381835938
494.2920061846186,463.8228611877304,22.873363494873047,67.58041381835938
492.04904099178236,461.5798959948942,22.873363494873047,67.58041381835938
490.15114736707477,461.0622886427012,22.873363494873047,67.58041381835938
487.2180390379812,460.1996097223796,22.873363494873047,67.58041381835938
484.975073845145,460.71721707457255,22.873363494873047,67.58041381835938
483.0771802204374,459.50946658612224,22.873363494873047,67.58041381835938
481.1792865957298,460.71721707457255,22.873363494873047,67.58041381835938
482.3870370841801,459.50946658612224,22.873363494873047,67.58041381835938
482.2145013001158,460.37214550644387,22.873363494873047,67.58041381835938
481.35182237979416,459.16439501799357,22.873363494873047,67.58041381835938
481.1792865957298,457.95664452954327,22.873363494873047,67.58041381835938
479.6264645391509,456.74889404109297,22.873363494873047,67.58041381835938
478.4187140507006,454.8510004163854,22.873363494873047,67.58041381835938
479.2813929710222,454.67846463232104,22.873363494873047,67.58041381835938
477.7285709144433,455.196071984514,22.873363494873047,67.58041381835938
475.50646977978573,452.8374109159989,23.379436492919922,69.07563018798828
474.62470408835196,451.6029389479916,23.379436492919922,69.07563018798828
473.0853048542837,449.1920928070809,23.896705627441406,70.60392761230469
472.9050499028124,450.45387746738027,23.896705627441406,70.60392761230469
473.0853048542837,449.1920928070809,23.896705627441406,70.60392761230469
474.3470895145831,449.01183785560954,23.896705627441406,70.60392761230469
474.77563097702773,448.20100713592956,23.387102127075195,69.09827423095703
476.8953809108598,449.4478817475113,22.888364791870117,67.6247329711914
476.03213619349714,447.5487433693135,22.888364791870117,67.6247329711914
477.24067879780483,446.3402007650058,22.888364791870117,67.6247329711914
476.03213619349714,444.7863602737531,22.888364791870117,67.6247329711914
477.24067879780483,443.23251978250033,22.888364791870117,67.6247329711914
475.6868383065521,442.71457295208273,22.888364791870117,67.6247329711914
477.24067879780483,441.8513282347201,22.888364791870117,67.6247329711914
476.72273196738723,442.02397717819264,22.888364791870117,67.6247329711914
479.3124661194751,441.50603034777504,22.888364791870117,67.6247329711914
481.2116044976729,442.71457295208273,22.888364791870117,67.6247329711914
483.1107428758707,440.81543457388494,22.888364791870117,67.6247329711914
483.97398759323335,439.9521898565223,22.888364791870117,67.6247329711914
486.56372174532123,439.77954091304974,22.888364791870117,67.6247329711914
487.08166857573883,437.88040253485195,22.888364791870117,67.6247329711914
488.2902111800465,435.98126415665416,22.888364791870117,67.6247329711914
489.4987537843542,435.1180194392915,22.888364791870117,67.6247329711914
488.6355090669916,433.9094768349838,22.888364791870117,67.6247329711914
490.1893495582443,432.7009342306761,22.888364791870117,67.6247329711914
489.32610484088167,431.8376895133135,22.888364791870117,67.6247329711914
490.53464744518936,430.97444479595083,22.888364791870117,67.6247329711914
491.05259427560696,430.8017958524783,22.888364791870117,67.6247329711914
492.26113687991466,430.6291469090057,22.888364791870117,67.6247329711914
491.74319004949706,430.8017958524783,22.888364791870117,67.6247329711914
493.64232842769485,428.55735958733544,22.888364791870117,67.6247329711914
492.43378582338715,427.34881698302775,22.888364791870117,67.6247329711914
492.95173265380475,425.44967860482996,22.888364791870117,67.6247329711914
494.16027525811245,424.93173177441236,22.888364791870117,67.6247329711914
492.26113687991466,423.3778912831596,22.888364791870117,67.6247329711914
491.397892162552,421.82405079190687,22.888364791870117,67.6247329711914
492.6064347668597,420.6155081875992,22.888364791870117,67.6247329711914
492.43378582338715,420.7881571310717,22.888364791870117,67.6247329711914
493.2970305407498,419.9249124137091,22.888364791870117,67.6247329711914
493.46967948422235,418.7163698094014,22.888364791870117,67.6247329711914
494.67822208853005,417.85312509203874,22.888364791870117,67.6247329711914
495.5414668058927,416.9898803746761,22.888364791870117,67.6247329711914
495.71411574936525,418.8890187528739,22.888364791870117,67.6247329711914
495.19616891894765,416.64458248773104,22.888364791870117,67.6247329711914
496.6050802400633,416.2007800380754,22.4002628326416,66.1826171875
495.76024447631187,414.0042070523217,22.4002628326416,66.1826171875
496.6050802400633,412.48350267756916,22.4002628326416,66.1826171875
495.76024447631187,410.6248639973161,22.4002628326416,66.1826171875
496.26714593456273,409.7800282335647,22.4002628326416,66.1826171875
496.7740473928136,410.6248639973161,22.4002628326416,66.1826171875
496.94301454556387,409.10415962256354,22.4002628326416,66.1826171875
497.44991600381474,408.9351924698133,22.4002628326416,66.1826171875
497.28094885106447,407.41448809506073,22.4002628326416,66.1826171875
498.12578461481587,406.2317180258088,22.4002628326416,66.1826171875
497.618883156565,405.04894795655684,22.4002628326416,66.1826171875
496.7740473928136,402.17650635980203,22.4002628326416,66.1826171875
497.95681746206554,400.31786767954895,22.4002628326416,66.1826171875
496.7740473928136,398.7971633047964,22.4002628326416,66.1826171875
495.59127732356166,396.2626560135422,22.4002628326416,66.1826171875
497.1119816983142,396.76955747179306,22.4002628326416,66.1826171875
497.61888315656506,395.5867874025411,22.4002628326416,66.1826171875
496.77404739281366,395.41782024979085,22.4002628326416,66.1826171875
498.2947517675662,395.2488530970406,22.4002628326416,66.1826171875
499.81545614231874,396.093688860792,22.4002628326416,66.1826171875
499.3085546840679,395.2488530970406,22.4002628326416,66.1826171875
500.3617000405898,394.48879478782055,21.922571182250977,64.77125549316406
500.19633616326564,393.0005198919031,21.922571182250977,64.77125549316406
500.9082490230671,391.9378980988964,21.455066680908203,63.38998794555664
502.2289326486987,391.5218880496199,20.997529983520508,62.038177490234375
502.07054643808146,390.4131845752994,20.997529983520508,62.038177490234375
503.49602233363635,389.9380259434477,20.997529983520508,62.038177490234375
504.6047258079569,389.462867311596,20.997529983520508,62.038177490234375
506.2025678292624,390.5823429291105,20.54975128173828,60.71519470214844
507.5976450219845,389.18726573638844,20.54975128173828,60.71519470214844
508.37268790683004,387.48217138972814,20.54975128173828,60.71519470214844
510.69781656136684,386.0870941970061,20.54975128173828,60.71519470214844
513.3329623698419,385.6220684660987,20.54975128173828,60.71519470214844
515.0380567165022,382.9869226576237,20.54975128173828,60.71519470214844
517.363185371039,381.2818283109634,20.54975128173828,60.71519470214844
519.6883140255758,378.9566996564267,20.54975128173828,60.71519470214844
523.5635284498037,376.94158815582813,20.54975128173828,60.71519470214844
527.1287257200934,375.2364938091678,20.54975128173828,60.71519470214844
532.2440087600743,373.2213823085693,20.54975128173828,60.71519470214844
534.8791545685493,372.13632226978547,20.54975128173828,60.71519470214844
539.3744033006537,371.98131369281634,20.54975128173828,60.71519470214844
546.0397721103258,371.8263051158472,20.54975128173828,60.71519470214844
552.0851066121214,371.05126223100166,20.54975128173828,60.71519470214844
555.9603210363493,370.2762193461561,20.54975128173828,60.71519470214844
561.6956383842067,368.5711249994958,20.54975128173828,60.71519470214844
566.1908871163112,366.8660306528355,20.54975128173828,60.71519470214844
573.7863073877979,364.85091915223694,20.54975128173828,60.71519470214844
579.2116075817171,363.4558419595149,20.54975128173828,60.71519470214844
584.9469249295745,361.44073045891633,20.54975128173828,60.71519470214844
588.8221393538024,360.0456532661943,20.54975128173828,60.71519470214844
593.9374223937833,360.82069615103984,20.54975128173828,60.71519470214844
600.5809895157906,359.82461636407857,20.111520767211914,59.42042541503906
606.2055618680929,359.7270969561763,19.682636260986328,58.15326690673828
610.5111298311867,359.57862909537994,19.682636260986328,58.15326690673828
616.5983121238366,359.1332255129909,19.682636260986328,58.15326690673828
620.310008643745,357.5000790442312,19.682636260986328,58.15326690673828
626.6941266579876,355.5699968538788,19.682636260986328,58.15326690673828
630.405823177896,353.9368503851191,19.682636260986328,58.15326690673828
634.4144554193971,351.709832473174,19.682636260986328,58.15326690673828
637.8292162177129,350.37362172600695,19.682636260986328,58.15326690673828
642.728655623992,348.7404752572472,19.682636260986328,58.15326690673828
647.0342235870859,348.2950716748582,19.682636260986328,58.15326690673828
650.152048663809,347.25579664928387,19.682636260986328,58.15326690673828
653.5668094621248,347.1073287884875,19.682636260986328,58.15326690673828
655.7938273740698,346.3649894845058,19.682636260986328,58.15326690673828
658.9116524507929,345.3257144589315,19.682636260986328,58.15326690673828
662.3264132491087,344.28643943335715,19.682636260986328,58.15326690673828
663.9595597178684,343.2471644077828,19.682636260986328,58.15326690673828
666.1865776298134,341.91095366061575,19.682636260986328,58.15326690673828
666.3350454906098,340.5747429134487,19.682636260986328,58.15326690673828
667.6712562377768,339.53546788787435,19.682636260986328,58.15326690673828
669.0074669849438,338.79312858389267,19.682636260986328,58.15326690673828
669.7498062889255,338.34772500150365,19.682636260986328,58.15326690673828
669.8982741497218,337.60538569752197,19.682636260986328,58.15326690673828
670.3436777321108,338.050789279911,19.682636260986328,58.15326690673828
669.3044027065364,337.01151425433665,19.682636260986328,58.15326690673828
669.7498062889254,336.5661106719476,19.682636260986328,58.15326690673828
670.492145592907,336.714578532744,19.682636260986328,58.15326690673828
669.7498062889254,336.26917495035497,19.682636260986328,58.15326690673828
670.1952098713143,335.2298999247806,19.682636260986328,58.15326690673828
669.1559348457399,334.1906248992063,19.682636260986328,58.15326690673828
670.4921455929069,331.9636069872612,19.682636260986328,58.15326690673828
668.8589991241472,330.33046051850147,19.682636260986328,58.15326690673828
669.6013384281289,330.4789283792978,19.682636260986328,58.15326690673828
668.2651276809619,330.0335247969088,19.682636260986328,58.15326690673828
669.6013384281289,329.2911854929271,19.682636260986328,58.15326690673828
671.8283563400739,329.4396533537235,19.682636260986328,58.15326690673828
674.3523099736117,330.18199265770517,19.682636260986328,58.15326690673828
676.5793278855567,328.8457819105381,19.682636260986328,58.15326690673828
679.4002172406872,329.2911854929271,19.682636260986328,58.15326690673828
681.6272351526322,327.95497474576007,19.682636260986328,58.15326690673828
685.6358673941334,327.50957116337105,19.682636260986328,58.15326690673828
689.3475639140418,328.25191046735273,19.682636260986328,58.15326690673828
691.5745818259868,326.618763998593,19.682636260986328,58.15326690673828
694.0985354595246,325.87642469461133,19.682636260986328,58.15326690673828
697.5132962578404,326.32182827700035,19.682636260986328,58.15326690673828
701.5219284993415,325.282553251426,19.682636260986328,58.15326690673828
705.8274964624353,325.727956833815,19.682636260986328,58.15326690673828
709.8361287039364,326.76723185938937,19.682636260986328,58.15326690673828
713.8447609454375,327.2126354417784,19.682636260986328,58.15326690673828
718.7442003517167,326.4702961377967,19.682636260986328,58.15326690673828
723.9405754795886,326.61876399859307,19.682636260986328,58.15326690673828
726.761464834719,327.0641675809821,19.682636260986328,58.15326690673828
729.2854184682568,325.43102111222237,19.682636260986328,58.15326690673828
732.1063078233873,325.5794889730187,19.682636260986328,58.15326690673828
734.630261456925,324.5402139474444,19.682636260986328,58.15326690673828
736.5603436472775,324.09481036505537,19.682636260986328,58.15326690673828
738.1934901160372,323.055535339481,19.682636260986328,58.15326690673828
739.8266365847969,322.610131757092,19.682636260986328,58.15326690673828
742.053654496742,323.94634250425906,19.682636260986328,58.15326690673828
744.8745438518724,323.50093892187004,19.682636260986328,58.15326690673828
749.7399731306624,324.5520082995901,20.118114471435547,59.43990707397461
752.3197692383421,324.7037610118066,20.118114471435547,59.43990707397461
753.9890490727231,324.85551372402307,20.118114471435547,59.43990707397461
755.961834331537,325.61427728510535,20.118114471435547,59.43990707397461
757.934619590351,325.46252457288887,20.118114471435547,59.43990707397461
760.5144156980307,324.4002555873737,20.118114471435547,59.43990707397461
762.4872009568446,323.9449974507243,20.118114471435547,59.43990707397461
764.1564807912256,323.48973931407494,20.118114471435547,59.43990707397461
765.5222552011737,322.42747032855976,20.118114471435547,59.43990707397461
767.1915350355547,322.2757176163433,20.118114471435547,59.43990707397461
769.1643202943686,323.6414920262914,20.118114471435547,59.43990707397461
771.4406109776155,324.0967501629408,20.118114471435547,59.43990707397461
774.0204070852952,325.15901914845597,20.118114471435547,59.43990707397461
776.2966977685421,325.31077186067245,20.118114471435547,59.43990707397461
779.1799993006548,324.85551372402307,20.118114471435547,59.43990707397461
782.0633008327675,325.00726643623955,20.118114471435547,59.43990707397461
784.3395915160144,324.55200829959017,20.118114471435547,59.43990707397461
785.7053659259625,322.88272846520914,20.118114471435547,59.43990707397461
787.5295735641108,323.3272779112163,20.563228607177734,60.7550163269043
787.9949042870336,321.9312857424481,20.563228607177734,60.7550163269043
790.0113374196987,321.77617550147386,20.563228607177734,60.7550163269043
792.0277705523639,322.2415062243966,20.563228607177734,60.7550163269043
794.3544241669777,322.08639598342234,20.563228607177734,60.7550163269043
796.3708572996428,323.792608634139,20.563228607177734,60.7550163269043
799.3179518781535,324.56815983901026,20.563228607177734,60.7550163269043
802.2650464566642,325.033490561933,20.563228607177734,60.7550163269043
804.9019205532264,325.4988212848557,20.563228607177734,60.7550163269043
807.5387946497887,324.72327007998445,20.563228607177734,60.7550163269043
809.5552277824538,324.5681598390102,20.563228607177734,60.7550163269043
810.6409994692735,322.8619471882935,20.563228607177734,60.7550163269043
812.6574326019387,322.0863959834223,20.563228607177734,60.7550163269043
814.6738657346039,321.93128574244804,20.563228607177734,60.7550163269043
817.0005193492176,322.0863959834223,20.563228607177734,60.7550163269043
819.3271729638313,322.8619471882935,20.563228607177734,60.7550163269043
821.033385614548,323.6374983931648,20.563228607177734,60.7550163269043
824.6009211569557,324.7232700799845,20.563228607177734,60.7550163269043
826.9275747715694,325.49882128485575,20.563228607177734,60.7550163269043
829.8746693500801,325.03349056193304,20.563228607177734,60.7550163269043
832.8217639285908,325.8090417668043,20.563228607177734,60.7550163269043
835.1484175432046,324.72327007998456,20.563228607177734,60.7550163269043
837.7852916397668,323.0170574292679,20.563228607177734,60.7550163269043
839.181283808535,323.1721676702421,20.563228607177734,60.7550163269043
840.8874964592517,321.46595501952544,20.563228607177734,60.7550163269043
842.5937091099684,321.6210652604997,20.563228607177734,60.7550163269043
843.6794807967881,320.8455140556284,20.563228607177734,60.7550163269043
845.3856934475048,322.24150622439663,20.563228607177734,60.7550163269043
847.0919060982214,323.0170574292679,20.563228607177734,60.7550163269043
849.4185597128352,324.1028291160876,20.563228607177734,60.7550163269043
851.4349928455003,324.87838032095885,20.563228607177734,60.7550163269043
853.4514259781655,325.0334905619331,20.563228607177734,60.7550163269043
854.5371976649852,323.94771887511337,20.563228607177734,60.7550163269043
855.622969351805,322.2415062243967,20.563228607177734,60.7550163269043
856.7087410386247,320.2250730917315,20.563228607177734,60.7550163269043
857.7945127254444,319.75974236880876,20.563228607177734,60.7550163269043
858.8802844122641,319.6046321278345,20.563228607177734,60.7550163269043
860.2762765810323,318.82908092296327,20.563228607177734,60.7550163269043
861.3620482678521,319.294411645886,20.563228607177734,60.7550163269043
862.4478199546718,319.7597423688087,20.563228607177734,60.7550163269043
863.84381212344,320.8455140556284,20.563228607177734,60.7550163269043
865.5500247741567,321.31084477855114,20.563228607177734,60.7550163269043
867.2562374248733,321.77617550147386,20.563228607177734,60.7550163269043
868.96245007559,321.9312857424481,20.563228607177734,60.7550163269043
870.9788832082552,320.84551405562837,20.563228607177734,60.7550163269043
872.6850958589719,320.0699628507571,20.563228607177734,60.7550163269043
873.4606470638431,318.9841911639374,20.563228607177734,60.7550163269043
874.8566392326113,317.5881989951692,20.563228607177734,60.7550163269043
875.942410919431,316.81264779029794,20.563228607177734,60.7550163269043
877.3384030881992,317.27797851322066,20.563228607177734,60.7550163269043
878.1139542930705,316.81264779029794,20.563228607177734,60.7550163269043
880.1303874257356,318.20863995906615,20.563228607177734,60.7550163269043
882.4570410403494,318.0535297180919,20.563228607177734,60.7550163269043
884.1632536910661,319.7597423688086,20.563228607177734,60.7550163269043
886.4899073056798,319.2944116458859,20.563228607177734,60.7550163269043
887.5756789924995,318.20863995906615,20.563228607177734,60.7550163269043
888.9716711612677,317.1228682722464,20.563228607177734,60.7550163269043
890.367663330036,314.79621465763273,20.563228607177734,60.7550163269043
890.8329940529587,314.95132489860697,20.563228607177734,60.7550163269043
892.5392067036754,314.1757736937357,20.563228607177734,60.7550163269043
893.3147579085467,313.4002224888645,20.563228607177734,60.7550163269043
894.0903091134179,314.1757736937357,20.563228607177734,60.7550163269043
895.7965217641346,314.64110441665844,20.563228607177734,60.7550163269043
897.5027344148513,315.72687610347816,20.563228607177734,60.7550163269043
898.2782856197225,316.8126477902979,20.563228607177734,60.7550163269043
899.0538368245938,316.3473170673752,20.563228607177734,60.7550163269043
899.829388029465,315.5717658625039,20.563228607177734,60.7550163269043
899.3640573065422,313.86555321178724,20.563228607177734,60.7550163269043
897.6578446558256,312.46956104301904,20.563228607177734,60.7550163269043
896.8822934509543,310.4531279103538,20.563228607177734,60.7550163269043
896.1067422460831,309.3673562235341,20.563228607177734,60.7550163269043
895.2794736274385,308.6696315853344,20.124711990356445,59.45939636230469
893.6096464754178,308.21422418023786,20.124711990356445,59.45939636230469
892.2434242601281,309.27684145879647,20.124711990356445,59.45939636230469
890.5735971081074,308.21422418023786,20.124711990356445,59.45939636230469
891.3326094499349,309.88405133225854,20.124711990356445,59.45939636230469
889.0555724244522,308.51782911696887,20.124711990356445,59.45939636230469
887.3857452724314,306.54439702821713,20.124711990356445,59.45939636230469
886.0195230571418,305.48177974965853,20.124711990356445,59.45939636230469
883.438881094928,303.81195259763786,20.124711990356445,59.45939636230469
882.0726588796383,302.4457303823482,20.124711990356445,59.45939636230469
879.4920169174245,299.8650884201344,20.124711990356445,59.45939636230469
877.2149798919418,299.1060760783068,20.124711990356445,59.45939636230469
874.634337929728,298.65066867321025,20.124711990356445,59.45939636230469
872.3573009042452,298.1952612681137,20.124711990356445,59.45939636230469
869.4730540053004,298.9542736099413,20.124711990356445,59.45939636230469
867.4996219165486,298.8024711415758,20.124711990356445,59.45939636230469
865.5261898277968,299.2578785466723,20.124711990356445,59.45939636230469
863.552757739045,299.1060760783068,20.124711990356445,59.45939636230469
861.5793256502932,297.7398538630171,20.124711990356445,59.45939636230469
860.5167083717346,296.07002671099644,20.124711990356445,59.45939636230469
858.8468812197139,295.00740943243784,20.124711990356445,59.45939636230469
857.1770540676931,292.42676747022404,20.124711990356445,59.45939636230469
855.5072269156724,290.4533353814723,20.124711990356445,59.45939636230469
854.697599933793,289.7704897481888,19.695547103881836,58.19140625
853.3605128187571,289.91905498319284,19.695547103881836,58.19140625
854.103338993777,290.6618811582128,19.695547103881836,58.19140625
853.9547737587731,290.5133159232088,19.695547103881836,58.19140625
854.8158466216174,290.64025647212594,20.131311416625977,59.47888946533203
855.2714033441027,289.8809952679837,20.131311416625977,59.47888946533203
854.5121421399605,288.8180295821845,20.131311416625977,59.47888946533203
855.5751078257597,287.75506389638537,20.131311416625977,59.47888946533203
856.6380735115589,286.0846892472724,20.131311416625977,59.47888946533203
857.0936302340442,285.02172356147327,20.131311416625977,59.47888946533203
856.030664548245,283.9587578756741,20.131311416625977,59.47888946533203
857.5625900139418,283.56841559350295,19.70200538635254,58.21048355102539
859.1973434205375,283.12257375534045,19.70200538635254,58.21048355102539
859.9404131508084,284.16287137771957,19.70200538635254,58.21048355102539
860.3862549889708,285.2031690000987,19.70200538635254,58.21048355102539
862.3182362876748,285.6490108382612,19.70200538635254,58.21048355102539
863.3585339100539,285.2031690000987,19.70200538635254,58.21048355102539
864.6960594245413,285.9462387303695,19.70200538635254,58.21048355102539
865.4391291548121,284.01425743166544,19.70200538635254,58.21048355102539
867.0738825614079,282.676731917178,19.70200538635254,58.21048355102539
867.5197243995704,280.744750618474,19.70200538635254,58.21048355102539
868.5600220219494,279.10999721187824,19.70200538635254,58.21048355102539
868.114180183787,278.36692748160743,19.70200538635254,58.21048355102539
868.8572499140578,278.5155414276616,19.70200538635254,58.21048355102539
869.005863860112,277.7724716973908,19.70200538635254,58.21048355102539
869.7489335903828,278.8127693197699,19.70200538635254,58.21048355102539
869.897547536437,279.55583905004073,19.70200538635254,58.21048355102539
870.7589026377095,279.9911945098948,20.13791275024414,59.498390197753906
871.2146087265413,278.92788030262057,20.13791275024414,59.498390197753906
870.4550985784883,277.86456609534633,20.13791275024414,59.498390197753906
870.9108046673201,276.49744782885085,20.13791275024414,59.498390197753906
871.0627066969307,274.522721443913,20.13791275024414,59.498390197753906
869.6955884304352,273.1556031774175,20.13791275024414,59.498390197753906
870.4550985784882,273.0037011478069,20.13791275024414,59.498390197753906
869.0879803119927,272.24419099975387,20.13791275024414,59.498390197753906
868.277822735391,272.43936707349195,19.708465576171875,58.22956848144531
869.0211361007688,272.2907044004164,19.708465576171875,58.22956848144531
867.98049738924,273.33134311194516,19.708465576171875,58.22956848144531
868.4264854084666,273.77733113117176,19.708465576171875,58.22956848144531
869.1697987738444,273.62866845809623,19.708465576171875,58.22956848144531
867.5345093700134,272.88535509271856,19.708465576171875,58.22956848144531
868.2778227353912,271.2500656888877,19.708465576171875,58.22956848144531
866.9398586777113,269.91210163120786,19.708465576171875,58.22956848144531
865.8992199661825,267.3848361889237,19.708465576171875,58.22956848144531
864.8585812546537,266.34419747739497,19.708465576171875,58.22956848144531
864.115267889276,265.89820945816837,19.708465576171875,58.22956848144531
864.5612559085026,265.45222143894176,19.708465576171875,58.22956848144531
865.0072439277293,265.3035587658662,19.708465576171875,58.22956848144531
863.0746291777473,266.64152282354604,19.708465576171875,58.22956848144531
864.2447416800705,266.7685454010629,20.144515991210938,59.51789855957031
862.5732714981799,265.70488255804156,20.144515991210938,59.51789855957031
863.3330306717666,264.9451233844549,20.144515991210938,59.51789855957031
862.5732714981799,263.88146054143357,20.144515991210938,59.51789855957031
862.7252233328973,262.2099903595429,20.144515991210938,59.51789855957031
862.2693678287452,261.1463275165216,20.144515991210938,59.51789855957031
861.8135123245931,260.08266467350023,20.144515991210938,59.51789855957031
862.5732714981798,259.62680916934823,20.144515991210938,59.51789855957031
861.8135123245931,259.17095366519624,20.144515991210938,59.51789855957031
862.7606044821664,259.9520320240791,19.714927673339844,58.248661041259766
862.0170474017996,260.39816627229914,19.714927673339844,58.248661041259766
862.7606044821664,259.9520320240791,19.714927673339844,58.248661041259766
863.2067387303865,260.39816627229914,19.714927673339844,58.248661041259766
864.2477186429,259.9520320240791,19.714927673339844,58.248661041259766
864.9912757232669,259.505897775859,19.714927673339844,58.248661041259766
865.437409971487,257.87007219905206,19.714927673339844,58.248661041259766
865.8835442197071,256.5316694543918,19.714927673339844,58.248661041259766
865.437409971487,254.89584387758487,19.714927673339844,58.248661041259766
866.7758127161472,254.15228679721804,19.714927673339844,58.248661041259766
866.0322556357804,254.3009982132914,19.714927673339844,58.248661041259766
867.3706583804407,255.04455529365822,19.714927673339844,58.248661041259766
868.4116382929542,255.78811237402505,19.714927673339844,58.248661041259766
869.155195373321,255.9368237900984,19.714927673339844,58.248661041259766
869.8987524536878,255.78811237402505,19.714927673339844,58.248661041259766
870.6423095340547,255.6394009579517,19.714927673339844,58.248661041259766
871.9807122787149,255.19326670973163,19.714927673339844,58.248661041259766
872.1294236947883,254.1522867972181,19.714927673339844,58.248661041259766
872.5755579430084,253.11130688470456,19.714927673339844,58.248661041259766
873.616537855522,251.77290414004432,19.714927673339844,58.248661041259766
874.3600949358888,250.73192422753078,19.714927673339844,58.248661041259766
873.9139606876687,250.58321281145743,19.714927673339844,58.248661041259766
874.6575177680355,250.73192422753078,19.714927673339844,58.248661041259766
875.1036520162556,251.4754813078976,19.714927673339844,58.248661041259766
876.1446319287692,251.62419272397096,19.714927673339844,58.248661041259766
877.1856118412827,252.3677498043378,19.714927673339844,58.248661041259766
878.2265917537962,253.40872971685133,19.714927673339844,58.248661041259766
878.6727260020164,252.6651726364845,19.714927673339844,58.248661041259766
879.1188602502365,252.21903838826444,19.714927673339844,58.248661041259766
879.5649944984566,251.1780584757509,19.714927673339844,58.248661041259766
880.0111287466767,249.83965573109066,19.714927673339844,58.248661041259766
879.5046608846254,248.5973679839102,19.29450035095215,57.006492614746094
880.2323613862904,248.16074768291122,19.29450035095215,57.006492614746094
879.7957410852914,247.4330471812462,19.29450035095215,57.006492614746094
880.5234415869564,248.7429080842432,19.29450035095215,57.006492614746094
880.6689816872895,250.3438491879062,19.29450035095215,57.006492614746094
880.5234415869564,250.48938928823918,19.29450035095215,57.006492614746094
879.7957410852914,250.0527689872402,19.29450035095215,57.006492614746094
880.8145217876224,249.9072288869072,19.29450035095215,57.006492614746094
880.3779014866234,250.63492938857223,19.29450035095215,57.006492614746094
879.6502009849584,248.4518278835772,19.29450035095215,57.006492614746094
880.0868212859574,246.85088677991422,19.29450035095215,57.006492614746094
878.7769603829604,246.41426647891524,19.29450035095215,57.006492614746094
879.5046608846254,245.39548577658422,19.29450035095215,57.006492614746094
878.1673155602911,245.863045746156,18.883039474487305,55.79081344604492
877.740006318723,246.5752278154361,18.883039474487305,55.79081344604492
876.7429514217308,246.71766422929215,18.883039474487305,55.79081344604492
876.0307693524508,247.14497347086024,18.883039474487305,55.79081344604492
875.3185872831707,247.0025370570042,18.883039474487305,55.79081344604492
875.2574712866063,247.7153514787334,19.300827026367188,57.025184631347656
872.7782455637645,246.3292743634982,19.72785758972168,58.286865234375
870.546111313475,245.2876117133631,19.72785758972168,58.286865234375
870.3973023634557,243.6507132631508,19.72785758972168,58.286865234375
868.1651681131661,242.31143271297708,19.72785758972168,58.286865234375
866.2306517629153,242.16262376295776,19.72785758972168,58.286865234375
863.9985175126258,241.41857901286124,19.72785758972168,58.286865234375
862.0640011623749,240.67453426276472,19.72785758972168,58.286865234375
860.4271027121625,242.01381481293845,19.72785758972168,58.286865234375
859.6830579620661,243.65071326315075,19.72785758972168,58.286865234375
857.4577574644401,244.0866399838573,20.164337158203125,59.57646179199219
855.1762372438629,243.3261332436649,20.164337158203125,59.57646179199219
853.1989197193627,242.26142380739554,20.164337158203125,59.57646179199219
851.8300075870164,241.80511976328012,20.164337158203125,59.57646179199219
851.0695008468241,240.74041032701075,20.164337158203125,59.57646179199219
849.0921833223239,240.28410628289532,20.164337158203125,59.57646179199219
846.8106631017467,238.61099145447207,20.164337158203125,59.57646179199219
845.4417509694005,238.4588901064336,20.164337158203125,59.57646179199219
843.4644334449002,238.0025860623182,20.164337158203125,59.57646179199219
842.095521312554,239.06729549858755,20.164337158203125,59.57646179199219
840.4224064841306,239.82780223877995,20.164337158203125,59.57646179199219
839.0534943517844,240.28410628289538,20.164337158203125,59.57646179199219
837.0761768272841,239.82780223877995,20.164337158203125,59.57646179199219
836.3156700870918,240.28410628289538,20.164337158203125,59.57646179199219
835.8593660429764,239.219396846626,20.164337158203125,59.57646179199219
835.403061998861,238.76309280251058,20.164337158203125,59.57646179199219
833.7299471704376,238.0025860623182,20.164337158203125,59.57646179199219
834.1862512145531,237.2420793221258,20.164337158203125,59.57646179199219
832.8173390822068,235.56896449370254,20.164337158203125,59.57646179199219
833.2736431263222,236.02526853781796,20.164337158203125,59.57646179199219
832.2089336900528,237.08997797408733,20.164337158203125,59.57646179199219
832.3610350380914,238.1546874103567,20.164337158203125,59.57646179199219
832.8173390822068,238.9151941505491,20.164337158203125,59.57646179199219
833.2736431263222,238.76309280251064,20.164337158203125,59.57646179199219
832.2089336900528,238.61099145447218,20.164337158203125,59.57646179199219
833.2736431263222,238.45889010643373,20.164337158203125,59.57646179199219
834.0341498665146,238.0025860623183,20.164337158203125,59.57646179199219
834.1862512145531,237.54628201820287,20.164337158203125,59.57646179199219
834.9467579547454,236.4815725819335,20.164337158203125,59.57646179199219
835.4030619988608,236.02526853781808,20.164337158203125,59.57646179199219
836.7719741312071,236.78577527801048,20.164337158203125,59.57646179199219
838.1408862635534,236.93787662604893,20.164337158203125,59.57646179199219
837.684582219438,237.0899779740874,20.164337158203125,59.57646179199219
839.0534943517843,238.15468741035676,20.164337158203125,59.57646179199219
839.2055956998228,239.21939684662613,20.164337158203125,59.57646179199219
839.9661024400151,238.45889010643373,20.164337158203125,59.57646179199219
840.4224064841305,239.5235995427031,20.164337158203125,59.57646179199219
841.1829132243229,239.37149819466464,20.164337158203125,59.57646179199219
841.6392172684383,238.9151941505492,20.164337158203125,59.57646179199219
842.7039267047077,239.06729549858767,20.164337158203125,59.57646179199219
843.1602307488231,238.0025860623183,20.164337158203125,59.57646179199219
842.7039267047077,238.15468741035676,20.164337158203125,59.57646179199219
843.1602307488231,238.30678875839521,20.164337158203125,59.57646179199219
842.0955213125537,238.45889010643367,20.164337158203125,59.57646179199219
842.5518253566692,239.52359954270304,20.164337158203125,59.57646179199219
842.7039267047077,240.5883089789724,20.164337158203125,59.57646179199219
841.3350145723614,240.43620763093395,20.164337158203125,59.57646179199219
840.878710528246,240.2841062828955,20.164337158203125,59.57646179199219
841.3350145723614,239.82780223878007,20.164337158203125,59.57646179199219
839.9661024400151,240.2841062828955,20.164337158203125,59.57646179199219
838.9013930037457,238.61099145447224,20.164337158203125,59.57646179199219
839.0534943517843,238.15468741035681,20.164337158203125,59.57646179199219
837.076176827284,238.00258606231836,20.164337158203125,59.57646179199219
835.7072646949377,237.24207932212596,20.164337158203125,59.57646179199219
835.2509606508223,237.0899779740875,20.164337158203125,59.57646179199219
833.882048518476,238.76309280251076,20.164337158203125,59.57646179199219
832.8173390822067,239.52359954270315,20.164337158203125,59.57646179199219
831.4484269498604,239.6757008907416,20.164337158203125,59.57646179199219
829.7753121214371,240.13200493485704,20.164337158203125,59.57646179199219
828.7106026851677,241.1967143711264,20.164337158203125,59.57646179199219
827.3416905528214,240.74041032701098,20.164337158203125,59.57646179199219
825.3643730283212,239.97990358681858,20.164337158203125,59.57646179199219
823.9954608959749,239.21939684662618,20.164337158203125,59.57646179199219
822.6265487636286,238.15468741035681,20.164337158203125,59.57646179199219
821.8660420234363,238.61099145447224,20.164337158203125,59.57646179199219
820.8013325871669,238.15468741035681,20.164337158203125,59.57646179199219
819.1282177587436,239.5235995427031,20.164337158203125,59.57646179199219
817.4551029303203,240.2841062828955,20.164337158203125,59.57646179199219
816.390393494051,241.0446130230879,20.164337158203125,59.57646179199219
815.0214813617047,242.41352515543417,20.164337158203125,59.57646179199219
813.3483665332814,241.3488157191648,20.164337158203125,59.57646179199219
811.9794544009351,241.19671437112635,20.164337158203125,59.57646179199219
810.6105422685888,242.26142380739572,20.164337158203125,59.57646179199219
811.0668463127042,240.2841062828955,20.164337158203125,59.57646179199219
809.3937314842809,240.13200493485704,20.164337158203125,59.57646179199219
808.0248193519346,240.58830897897246,20.164337158203125,59.57646179199219
806.9203908923193,240.49053289636691,19.73432731628418,58.30597686767578
805.5806712235183,240.341675155389,19.73432731628418,58.30597686767578
805.4318134825404,241.97911030614586,19.73432731628418,58.30597686767578
804.3898092956952,243.02111449299116,19.73432731628418,58.30597686767578
803.6455205908056,243.76540319788063,19.73432731628418,58.30597686767578
802.3058009220046,244.5096919027701,19.73432731628418,58.30597686767578
802.4546586629824,244.65854964374802,19.73432731628418,58.30597686767578
801.7103699580929,244.80740738472593,19.73432731628418,58.30597686767578
800.6683657712476,244.36083416179224,19.73432731628418,58.30597686767578
801.1149389941813,243.61654545690277,19.73432731628418,58.30597686767578
800.6683657712476,242.57454127005747,19.73432731628418,58.30597686767578
799.9240770663581,241.830252565168,19.73432731628418,58.30597686767578
800.5649296969834,243.1693357408439,19.313486099243164,57.062583923339844
800.6304446709759,244.47986244864052,18.901620864868164,55.845706939697266
801.5191015912336,246.58698038896677,18.498538970947266,54.654781341552734
800.5423490572922,247.84280507546288,18.498538970947266,54.654781341552734
801.2400294386789,249.3777019145137,18.498538970947266,54.654781341552734
802.2167819726203,248.95909368568164,18.498538970947266,54.654781341552734
801.7981737437883,250.21491837217775,18.498538970947266,54.654781341552734
801.9377098200656,249.51723799079105,18.498538970947266,54.654781341552734
802.3563180488976,248.26141330429493,18.498538970947266,54.654781341552734
801.3795655149562,247.56373292290823,18.498538970947266,54.654781341552734
801.7981737437882,247.70326899918558,18.498538970947266,54.654781341552734
802.4958541251749,248.12187722801764,18.498538970947266,54.654781341552734
802.0772458963429,248.81955760940434,18.498538970947266,54.654781341552734
803.0539984302843,250.07538229590045,18.498538970947266,54.654781341552734
803.1935345065616,251.61027913495127,18.498538970947266,54.654781341552734
803.3330705828389,252.02888736378333,18.498538970947266,54.654781341552734
802.0772458963428,253.00563989772473,18.498538970947266,54.654781341552734
803.0539984302842,253.98239243166614,18.498538970947266,54.654781341552734
803.4726066591162,254.1219285079435,18.498538970947266,54.654781341552734
802.4958541251748,253.70332027911144,18.498538970947266,54.654781341552734
802.9144623540068,252.72656774517003,18.498538970947266,54.654781341552734
803.3330705828388,251.74981521122862,18.498538970947266,54.654781341552734
802.3563180488974,251.61027913495127,18.498538970947266,54.654781341552734
801.6586376675107,251.47074305867392,18.498538970947266,54.654781341552734
801.798173743788,251.88935128750597,18.498538970947266,54.654781341552734
801.379565514956,253.1451759740021,18.498538970947266,54.654781341552734
800.4028129810146,255.51728927071696,18.498538970947266,54.654781341552734
799.7051325996279,256.77311395721307,18.498538970947266,54.654781341552734
799.2865243707959,258.3080107962639,18.498538970947266,54.654781341552734
798.0306996842997,258.44754687254124,18.498538970947266,54.654781341552734
798.7283800656865,258.8661551013733,18.498538970947266,54.654781341552734
797.1934832266356,258.44754687254124,18.498538970947266,54.654781341552734
797.3330193029129,257.1917221860451,18.498538970947266,54.654781341552734
795.2399781587527,257.3312582623225,18.498538970947266,54.654781341552734
795.1004420824754,257.47079433859983,18.498538970947266,54.654781341552734
793.8446173959793,257.6103304148772,18.498538970947266,54.654781341552734
792.5887927094832,258.5870829488186,18.498538970947266,54.654781341552734
791.8911123280965,259.8429076353147,18.498538970947266,54.654781341552734
791.1934319467098,261.65687662692017,18.498538970947266,54.654781341552734
790.7748237178778,262.9127013134163,18.498538970947266,54.654781341552734
789.5189990313817,264.1685259999124,18.498538970947266,54.654781341552734
788.3009778889286,264.57728868136684,18.907819747924805,55.864017486572266
788.4436012008936,263.578925497612,18.907819747924805,55.864017486572266
787.1599913932088,263.15105556171704,18.907819747924805,55.864017486572266
786.1616282094539,262.1526923779622,18.907819747924805,55.864017486572266
785.7337582735589,261.1543291942073,18.907819747924805,55.864017486572266
784.4501484658741,261.0117058822423,18.907819747924805,55.864017486572266
784.5142879175404,261.74483339072015,18.50460433959961,54.672698974609375
783.2580514756339,263.2802334863836,18.50460433959961,54.672698974609375
782.0018150337274,265.0947972358041,18.50460433959961,54.672698974609375
782.2315563241958,268.11038443369756,18.914018630981445,55.88233184814453
780.6621855014158,268.8237348076885,18.914018630981445,55.88233184814453
780.804855576214,268.39572458329394,18.914018630981445,55.88233184814453
779.235484753434,269.39441510688124,18.914018630981445,55.88233184814453
778.2367942298467,269.5370851816794,18.914018630981445,55.88233184814453
777.8087840054521,268.8237348076885,18.914018630981445,55.88233184814453
777.3807737810575,267.5397041345048,18.914018630981445,55.88233184814453
775.8114029582775,268.2530545084957,18.914018630981445,55.88233184814453
775.0980525842866,268.3957245832939,18.914018630981445,55.88233184814453
773.8140219111029,269.1090749572848,18.914018630981445,55.88233184814453
774.2420321354975,270.1077654808721,18.914018630981445,55.88233184814453
772.6726613127175,271.3917961540558,18.914018630981445,55.88233184814453
772.5299912379194,272.96116697683584,18.914018630981445,55.88233184814453
771.2459605647357,273.3891772012304,18.914018630981445,55.88233184814453
769.961929891552,274.95854802401044,18.914018630981445,55.88233184814453
769.6046735439294,275.6725314526631,19.332490921020508,57.11872863769531
768.8755402929139,274.94339820164765,19.332490921020508,57.11872863769531
768.7297136427109,274.79757155144455,19.332490921020508,57.11872863769531
767.417273790883,273.4851316996167,19.332490921020508,57.11872863769531
766.3584072738778,272.8291668320867,18.92021942138672,55.90065383911133
766.4225881726009,273.28765677469397,18.516740798950195,54.70855712890625
765.724221307164,273.70667689395606,18.516740798950195,54.70855712890625
766.3255334072876,274.9631393673472,18.12186622619629,53.5418815612793
764.8218906475918,276.740171719715,18.12186622619629,53.5418815612793
763.8650270732398,278.51720407208285,18.12186622619629,53.5418815612793
763.7283322769039,280.8410156097946,18.12186622619629,53.5418815612793
762.5351134867877,282.09238053829125,18.522811889648438,54.72649383544922
761.8365176432632,282.511538044406,18.522811889648438,54.72649383544922
760.2996067875091,282.93069555052074,18.522811889648438,54.72649383544922
759.6010109439845,281.67322303217645,18.522811889648438,54.72649383544922
759.7407301126894,280.9746271886519,18.522811889648438,54.72649383544922
758.2038192569354,281.3937846947666,18.522811889648438,54.72649383544922
757.225785076001,282.0923805382912,18.522811889648438,54.72649383544922
756.2477508950666,282.79097638181577,18.522811889648438,54.72649383544922
755.549155051542,283.7690105627502,18.522811889648438,54.72649383544922
754.5711208706076,285.0264830810945,18.522811889648438,54.72649383544922
753.5930866896732,286.5633939368486,18.522811889648438,54.72649383544922
752.6150525087388,288.10030479260274,18.522811889648438,54.72649383544922
751.3575799903946,289.63721564835686,18.522811889648438,54.72649383544922
750.9384224842798,290.6152498292913,18.522811889648438,54.72649383544922
749.1220732911158,291.3138456728159,18.522811889648438,54.72649383544922
747.5851624353618,290.6152498292913,18.522811889648438,54.72649383544922
747.7248816040667,291.3138456728159,18.522811889648438,54.72649383544922
746.1716857227898,291.4933688640319,18.1278076171875,53.55943298339844
744.6516125782736,292.4598454990663,17.741226196289062,52.41726303100586
743.1795529577666,293.66425791584476,17.741226196289062,52.41726303100586
741.9498692415486,295.3840439088793,17.36288833618164,51.2994499206543
739.9853226428556,296.56277186809507,17.36288833618164,51.2994499206543
738.0207760441626,299.5750766527577,17.36288833618164,51.2994499206543
737.1039876314393,301.27768370495824,17.36288833618164,51.2994499206543
736.1871992187159,302.9802907571588,17.36288833618164,51.2994499206543
736.0562294454697,304.420958262867,17.36288833618164,51.2994499206543
734.6155619397615,305.86162576857515,17.36288833618164,51.2994499206543
733.4368339805457,306.5164746348062,17.36288833618164,51.2994499206543
732.5200455678223,307.69520259402196,17.36288833618164,51.2994499206543
731.3413176086065,308.61199100674537,17.36288833618164,51.2994499206543
730.6864687423755,310.05265851245355,17.36288833618164,51.2994499206543
731.0793780621141,311.4933260181617,17.36288833618164,51.2994499206543
728.8528919169287,313.7198121633471,17.36288833618164,51.2994499206543
727.4122244112204,315.6843587620401,17.36288833618164,51.2994499206543
728.0670732774514,317.9108449072255,17.36288833618164,51.2994499206543
726.1025266787584,318.8276333199489,17.36288833618164,51.2994499206543
724.9237987195426,321.0541194651343,17.36288833618164,51.2994499206543
723.4831312138343,322.4947869708425,17.36288833618164,51.2994499206543
723.0902218940957,324.19739402304305,17.36288833618164,51.2994499206543
721.6495543883875,325.37612198225884,17.36288833618164,51.2994499206543
721.7805241616337,327.0787290344594,17.36288833618164,51.2994499206543
720.8637357489104,328.5193965401676,17.36288833618164,51.2994499206543
719.1611286967097,330.74588268535297,17.36288833618164,51.2994499206543
718.5062798304788,332.97236883053836,17.36288833618164,51.2994499206543
719.1611286967097,334.41303633624653,17.36288833618164,51.2994499206543
717.4585216445091,337.1634015744167,17.36288833618164,51.2994499206543
716.8036727782782,339.1279481731097,17.36288833618164,51.2994499206543
716.1488239120472,341.87831341127986,17.36288833618164,51.2994499206543
714.708156406339,344.10479955646525,17.36288833618164,51.2994499206543
714.053307540108,346.8551647946354,17.36288833618164,51.2994499206543
712.6126400343998,349.0816509398208,17.36288833618164,51.2994499206543
711.9577911681688,351.5700766314986,17.36288833618164,51.2994499206543
710.5171236624606,354.5823814161612,17.36288833618164,51.2994499206543
710.124214342722,357.07080710783896,17.36288833618164,51.2994499206543
708.9454863835061,358.7734141600395,17.36288833618164,51.2994499206543
708.0286979707828,361.7857189447021,17.36288833618164,51.2994499206543
707.8977281975366,364.2741446363799,17.36288833618164,51.2994499206543
707.2428793313056,366.2386912350729,17.36288833618164,51.2994499206543
706.5880304650747,368.98905647324307,17.36288833618164,51.2994499206543
705.4447858038297,371.00329706024354,17.747041702270508,52.434452056884766
705.3109183243505,372.4758393345155,17.747041702270508,52.434452056884766
704.6415809269541,374.75158648566315,17.747041702270508,52.434452056884766
704.2399784885163,379.97241818535474,17.747041702270508,52.434452056884766
703.3029061321614,381.71269541858527,17.747041702270508,52.434452056884766
702.9013036937235,384.2561775286914,17.747041702270508,52.434452056884766
703.0351711732028,387.0673945977561,17.747041702270508,52.434452056884766
703.169038652682,390.14634662577936,17.747041702270508,52.434452056884766
701.722724807246,393.871804197715,18.139694213867188,53.59456253051758
700.4912611300813,395.10326787487975,18.139694213867188,53.59456253051758
700.080773237693,397.155707336821,18.139694213867188,53.59456253051758
699.7381425992659,399.2600650772889,18.541034698486328,54.78034210205078
699.0388593709202,401.0782014709874,18.541034698486328,54.78034210205078
699.1787160165894,403.4557644473623,18.541034698486328,54.78034210205078
699.5982859535968,406.11304071507544,18.541034698486328,54.78034210205078
700.8569957646189,407.9311771087739,18.541034698486328,54.78034210205078
699.5982859535968,410.0290267938106,18.541034698486328,54.78034210205078
700.8569957646189,411.84716318750907,18.541034698486328,54.78034210205078
698.7591460795821,415.3435793292369,18.541034698486328,54.78034210205078
696.9410096858836,418.28056888828826,18.541034698486328,54.78034210205078
695.1228732921851,420.6581318646632,18.541034698486328,54.78034210205078
693.0250236071483,423.0356948410381,18.541034698486328,54.78034210205078
690.0880340480969,425.97268440008946,18.541034698486328,54.78034210205078
684.3539115756632,429.18938725047906,18.541034698486328,54.78034210205078
680.8114718184572,431.63050729568045,18.951255798339844,55.99235534667969
676.3007862572757,434.1256363575119,19.37055206298828,57.23118591308594
672.6479421509435,436.9017978783244,19.37055206298828,57.23118591308594
666.9495053450654,438.21682175660396,19.37055206298828,57.23118591308594
660.9588410106807,440.99298327741644,19.37055206298828,57.23118591308594
655.552631733309,443.1846897412157,19.37055206298828,57.23118591308594
649.2697398704177,445.6686237335216,19.37055206298828,57.23118591308594
643.5713030645395,446.6914200832946,19.37055206298828,57.23118591308594
636.9961836731416,448.88312654709387,19.37055206298828,57.23118591308594
629.2521541677173,454.28933582446547,19.37055206298828,57.23118591308594
621.9945704046135,457.8570544597292,18.957469940185547,56.01071548461914
615.273671726254,461.4320005652396,18.957469940185547,56.01071548461914
608.2667773594536,465.2929423591908,18.957469940185547,56.01071548461914
601.380848710538,468.08560904739363,19.376903533935547,57.24995422363281
593.0496334336818,473.78591423682155,19.376903533935547,57.24995422363281
586.4723582151112,476.5629859957736,19.376903533935547,57.24995422363281
579.1307923313336,478.8108704615555,19.805618286132812,58.51660919189453
572.4079948985521,481.9481759301869,19.805618286132812,58.51660919189453
566.2827794597956,484.4878994047932,19.805618286132812,58.51660919189453
557.7672360449391,486.728831882387,19.805618286132812,58.51660919189453
550.745647615145,489.8661373510183,19.805618286132812,58.51660919189453
544.0228501823635,493.30223381666224,19.805618286132812,58.51660919189453
538.4952167376321,496.73833028230615,19.805618286132812,58.51660919189453
534.1627472809506,500.47321774496254,19.805618286132812,58.51660919189453
527.2787406053661,505.56079666933533,20.243818283081055,59.8112907409668
522.5450135141342,509.378318517103,20.243818283081055,59.8112907409668
515.6734741881523,513.1958403648707,20.243818283081055,59.8112907409668
509.7181401056348,517.0133622126384,20.243818283081055,59.8112907409668
506.5114217535099,519.9146788169419,20.243818283081055,59.8112907409668
501.87028283883706,524.820691019094,19.81211280822754,58.535797119140625
499.62861561213225,527.3612472093596,19.81211280822754,58.535797119140625
496.1913925311848,530.2006923631857,19.81211280822754,58.535797119140625
491.93731278852727,534.1378258804648,19.38961410522461,57.28750228881836
489.15841965786103,538.0867792766746,19.38961410522461,57.28750228881836
489.0956642823256,543.9779501901127,19.8186092376709,58.554988861083984
485.92953098622746,547.8280710972232,20.257095336914062,59.85051727294922
482.05922215098275,549.5439410156476,20.705284118652344,61.17470932006836
478.7794054629532,550.6372132449908,20.705284118652344,61.17470932006836
474.56249829262947,552.6675759566282,20.705284118652344,61.17470932006836
469.09613714591353,557.821573609246,20.705284118652344,61.17470932006836
465.4642747884427,563.7884102132844,21.163389205932617,62.5281982421875
460.8347940105706,566.8215183091315,21.163389205932617,62.5281982421875
458.4402349875333,570.4931754777887,21.163389205932617,62.5281982421875
456.364950500901,573.5262835736359,21.163389205932617,62.5281982421875
454.60894055067365,577.8364898151029,21.163389205932617,62.5281982421875
452.2217125268351,578.966631083288,21.631629943847656,63.91163635253906
450.426850856459,581.41416972471,21.631629943847656,63.91163635253906
447.9868059205438,583.9236198020399,22.1102294921875,65.32568359375
445.83884187480476,586.4885941011476,22.59941864013672,66.77101135253906
442.9359068054944,589.8177640099543,23.099430084228516,68.24832153320312
440.6918444724268,593.2205923837811,23.610504150390625,69.75831604003906
438.76768103157474,597.0682574397842,24.13288688659668,71.30171966552734
436.03713431694246,600.5269499449852,24.13288688659668,71.30171966552734
436.33675307944253,601.8156645059962,24.666826248168945,72.8792724609375
436.52281708348875,605.7230085909671,24.666826248168945,72.8792724609375
437.82526511181237,607.7697126354757,24.666826248168945,72.8792724609375
438.0113291158586,609.8164166799843,24.666826248168945,72.8792724609375
435.58426096936967,613.2835830167809,24.140798568725586,71.32510375976562
438.3157029661183,616.7434095459957,24.140798568725586,71.32510375976562
441.0471449628669,622.0241974063764,24.140798568725586,71.32510375976562
439.0797649010677,622.5576347760164,24.67491340637207,72.9031753540039
440.15853140175363,621.9442476221489,25.22084617614746,74.51615905761719
438.49788542175315,622.8963086856598,25.778858184814453,76.16482543945312
439.6249159973725,623.4659423725462,26.349214553833008,77.8499755859375
439.4261615906329,624.062205592765,26.349214553833008,77.8499755859375
440.02242481085176,626.2485040669009,26.349214553833008,77.8499755859375
438.63114396367445,627.6397849140782,26.349214553833008,77.8499755859375
439.6249159973725,631.0186098286516,26.349214553833008,77.8499755859375
439.02865277715364,633.9999259297458,26.349214553833008,77.8499755859375
436.0473366760594,635.7887155904024,26.349214553833008,77.8499755859375
434.2585470154028,635.1924523701836,26.349214553833008,77.8499755859375
432.8153648563351,636.5972496621384,25.787309646606445,76.18980407714844
431.06472167398414,638.3478928444894,25.787309646606445,76.18980407714844
429.31407849163315,640.0985360268403,25.787309646606445,76.18980407714844
426.40527352237876,641.879219620057,26.357852935791016,77.87550354003906
423.82061906505805,643.6685957828175,26.357852935791016,77.87550354003906
425.60999522781856,643.8674153564576,26.357852935791016,77.87550354003906
423.82061906505805,644.8615132246579,26.357852935791016,77.87550354003906
425.2123560805384,644.2650545037377,26.357852935791016,77.87550354003906
427.60136760445494,645.6703148883066,25.79576301574707,76.21478271484375
429.7417441542694,646.254053947347,25.79576301574707,76.21478271484375
427.21220823176145,649.1727492425484,25.79576301574707,76.21478271484375
429.3525847815759,650.1456476742823,25.79576301574707,76.21478271484375
426.0447301136809,648.783589869855,25.79576301574707,76.21478271484375
423.1260348184794,648.5890101835082,25.79576301574707,76.21478271484375
420.98565826866496,647.2269523790809,25.79576301574707,76.21478271484375
419.23444109154406,647.0323726927342,25.79576301574707,76.21478271484375
419.81818015058434,646.4486336336938,25.79576301574707,76.21478271484375
418.456122346157,648.1998508108147,25.79576301574707,76.21478271484375
417.48322391442315,649.561908615242,25.79576301574707,76.21478271484375
414.94507474683496,649.8119211462264,25.24566078186035,74.5894775390625
417.42066755388703,648.4789096347369,25.24566078186035,74.5894775390625
415.67083441696724,648.7235904647268,24.70728874206543,72.99883270263672
418.0936344617484,646.6735288883735,24.70728874206543,72.99883270263672
414.9440524224396,647.2722581657107,24.18039894104004,71.44210815429688
411.84333990173633,648.5490221448238,24.18039894104004,71.44210815429688
410.2017862143052,649.0962067073008,24.18039894104004,71.44210815429688
411.4785501934183,647.4546530198696,24.18039894104004,71.44210815429688
409.88641145607966,646.4750893791875,24.715391159057617,73.02276611328125
409.4195763198688,646.6343812177737,25.262218475341797,74.63839721679688
410.3723518778017,645.3004954366676,25.262218475341797,74.63839721679688
409.4195763198688,644.3477198787347,25.262218475341797,74.63839721679688
410.3723518778017,642.6327238744555,25.262218475341797,74.63839721679688
411.70623765890775,641.2988380933493,25.262218475341797,74.63839721679688
412.65901321684066,639.2027318658969,25.262218475341797,74.63839721679688
412.01003777932243,639.0802390104709,24.723493576049805,73.04670715332031
414.43442684298884,637.401815812548,24.723493576049805,73.04670715332031
413.12898657793767,637.5883072789838,24.723493576049805,73.04670715332031
413.6884609772453,636.6558499468044,24.723493576049805,73.04670715332031
411.286623813018,634.1064071130903,25.27050018310547,74.6628646850586
411.20483424203894,632.6871516118551,25.82961082458496,76.31478118896484
412.9583492808507,632.4923166075428,25.82961082458496,76.31478118896484
410.8151642334141,631.1284715773559,25.82961082458496,76.31478118896484
408.27368516431017,629.8764679381339,25.278785705566406,74.68734741210938
406.88913170400167,627.9160112025286,24.739707946777344,73.09461975097656
404.8146296560248,627.0765736785302,24.212125778198242,71.53585815429688
403.4884984815033,625.9029714104166,23.6957950592041,70.01033782958984
406.3253431678932,624.0652808149081,23.190475463867188,68.51734924316406
404.04353833807346,623.9528309205647,22.695932388305664,67.05619812011719
401.47557742132113,622.7544491594136,22.695932388305664,67.05619812011719
399.62594791336255,621.8350220177009,23.19808006286621,68.5398178100586
399.55086600262166,622.7107250599856,23.71133804321289,70.05625915527344
396.8762302778991,619.8945254545902,24.235950469970703,71.60625457763672
398.3151446730951,618.1540336400526,24.772171020507812,73.19054412841797
397.00713416288465,616.098588552579,24.772171020507812,73.19054412841797
396.07284094130574,613.6694261764738,24.772171020507812,73.19054412841797
397.23750179643616,612.1084718020118,24.243896484375,71.62973022460938
395.9096303397255,610.2282762787627,23.72688865661621,70.10220336914062
395.3000967727292,609.0781954138538,23.220905303955078,68.60725402832031
397.4047831054274,607.2773373809397,22.725711822509766,67.14418029785156
399.97611357513483,605.0488509738599,22.725711822509766,67.14418029785156
400.833223731704,603.1632086294078,22.725711822509766,67.14418029785156
401.82677337920126,600.4640721042653,23.228517532348633,68.62974548339844
401.02445185205164,598.0687881258438,23.742448806762695,70.14817810058594
401.69083784392376,595.9921246308385,24.267749786376953,71.70020294189453
403.131640207738,593.8695142784206,24.80467414855957,73.28656768798828
404.44136702548695,591.4371644740297,24.80467414855957,73.28656768798828
404.5255094352994,589.5134781343386,24.275707244873047,71.72370910644531
405.6668289321851,588.3367974625645,23.758020401000977,70.19417572021484
404.3655698748562,586.1488186868977,23.251373291015625,68.697265625
407.1492086479566,584.3455952580356,22.755531311035156,67.2322769165039
408.8808281701056,581.919054166002,22.270263671875,65.79853057861328
409.92786199205915,581.1634092090319,21.79534339904785,64.39535522460938
411.73630793016054,579.6837716233126,21.79534339904785,64.39535522460938
413.37145978924394,577.436275801957,22.277565002441406,65.82009887695312
415.39147546414387,575.1390530331063,22.770456314086914,67.2763671875
417.099783395663,572.4346036678713,23.27425193786621,68.76485443115234
419.21017402391027,573.6774672934312,23.789194107055664,70.2862777709961
419.5055250704659,570.1073282715903,24.31553077697754,71.84136199951172
416.7627358548618,566.0776143432795,24.853511810302734,73.43085479736328
419.1998746453732,563.2655311234586,24.853511810302734,73.43085479736328
420.3683593559461,560.9766638585482,24.323503494262695,71.86492156982422
418.3287567901109,560.1513491386395,23.804798126220703,70.33238220214844
417.3710787047036,558.9974941122684,23.29715347290039,68.83251953125
418.46639140513696,557.5294815061809,22.800334930419922,67.3646469116211
420.5329575241927,555.7612372376921,22.314111709594727,65.9280776977539
422.230986699941,554.0307029369046,21.8382568359375,64.52214050292969
421.73680309888914,552.8776078677836,21.8382568359375,64.52214050292969
420.5837080297681,551.0656013305934,21.8382568359375,64.52214050292969
418.7717014925779,547.9357718572649,21.8382568359375,64.52214050292969
419.59534082766436,545.1353981179709,21.8382568359375,64.52214050292969
417.78333429047416,544.641214516919,21.8382568359375,64.52214050292969
415.661791776633,543.0729130720013,22.321428298950195,65.94969177246094
414.14643953695753,543.2412855430763,22.321428298950195,65.94969177246094
412.29434235513196,542.062678245551,22.321428298950195,65.94969177246094
410.42262064484424,540.6561483763887,21.845417022705078,64.54329681396484
408.2804562384522,539.5026752344853,21.845417022705078,64.54329681396484
406.13099783273356,537.8084885496529,21.37955665588379,63.166893005371094
403.3894443105548,536.6796135699323,21.37955665588379,63.166893005371094
400.9704264968676,537.4859528411613,21.37955665588379,63.166893005371094
398.55140868318045,535.7120064444574,21.37955665588379,63.166893005371094
397.4783204588116,533.5073839809254,21.85257911682129,64.56446075439453
395.9947973091226,531.3645172091524,21.85257911682129,64.56446075439453
393.52982899196525,530.4792551146451,22.33606719970703,65.99295043945312
391.010322678467,529.2248067700074,22.83025360107422,67.45304107666016
388.4350727636661,527.9426007654988,23.335372924804688,68.94544219970703
385.7947616146964,527.0624970491756,23.335372924804688,68.94544219970703
382.8024089791975,526.886476305911,23.335372924804688,68.94544219970703
380.1620978302278,528.1186215087635,23.335372924804688,68.94544219970703
376.113620735141,525.1262688732645,23.335372924804688,68.94544219970703
372.7692266131128,524.2461651569413,23.335372924804688,68.94544219970703
370.13384779196184,524.1330141724669,22.837739944458008,67.47515869140625
366.55842684577976,524.3543559365773,22.350717544555664,66.0362319946289
363.05925206756757,523.9209789258309,21.874082565307617,64.62799072265625
360.5889041645396,522.5426388893293,21.407611846923828,63.249778747558594
361.3963014747974,520.1204469585559,21.407611846923828,63.249778747558594
359.62002739223027,519.3130496482981,21.407611846923828,63.249778747558594
357.84375330966316,517.8597344898342,21.407611846923828,63.249778747558594
355.4215613788898,515.7605014831639,21.407611846923828,63.249778747558594
352.99936944811645,512.6923917041844,21.407611846923828,63.249778747558594
354.4526846065805,509.94724084930795,21.407611846923828,63.249778747558594
352.0304926758071,509.13984353905016,21.407611846923828,63.249778747558594
349.93125966913686,508.65540515289547,21.407611846923828,63.249778747558594
352.3534515999102,508.49392569084387,21.407611846923828,63.249778747558594
349.93125966913686,508.33244622879226,21.407611846923828,63.249778747558594
347.1861088142604,509.13984353905005,21.407611846923828,63.249778747558594
345.08687580759016,508.0094873046892,21.407611846923828,63.249778747558594
347.3384948700849,506.3492543461804,20.951087951660156,61.90095901489258
345.2770334006094,504.4197794919728,20.50429916381836,60.580902099609375
344.19437349020455,503.6464509845408,20.50429916381836,60.580902099609375
346.5143590125006,502.563791074136,20.50429916381836,60.580902099609375
346.1270647720742,500.7703558647229,20.957956314086914,61.9212532043457
348.4983799740511,499.34756674353673,20.957956314086914,61.9212532043457
347.39176621312856,497.29242690182343,20.957956314086914,61.9212532043457
347.9799982907507,494.80324797167975,21.42165184020996,63.291259765625
346.8489007003677,493.6721503812968,21.42165184020996,63.291259765625
345.71780310998474,492.5410527909138,21.42165184020996,63.291259765625
344.2635347794924,492.0562966807497,21.42165184020996,63.291259765625
345.0714616297659,491.894711310695,21.42165184020996,63.291259765625
342.32451033883586,490.76361372031204,21.42165184020996,63.291259765625
339.5775590479058,489.63251612992906,21.42165184020996,63.291259765625
338.09277643748794,488.59417421622754,20.964828491210938,61.94155502319336
338.4687403709219,487.27312848655436,20.51774787902832,60.62063217163086
336.74826329425497,485.6819088363484,20.0802001953125,59.327877044677734
335.68799650119496,484.3187086738426,20.0802001953125,59.327877044677734
333.1130628609063,482.9555085113368,20.0802001953125,59.327877044677734
331.7498626984006,481.5923083488311,20.0802001953125,59.327877044677734
328.87199568866623,481.13790829466257,20.0802001953125,59.327877044677734
326.5999954178233,480.07764150160256,20.0802001953125,59.327877044677734
324.3279951469804,479.9261748168797,20.0802001953125,59.327877044677734
321.7530615066918,479.16884139326544,20.0802001953125,59.327877044677734
319.17812786640314,479.9261748168797,20.0802001953125,59.327877044677734
316.6031942261145,478.26004128492826,20.0802001953125,59.327877044677734
310.9989268913686,479.01737470854255,20.0802001953125,59.327877044677734
304.7887928177313,476.4424410682539,20.0802001953125,59.327877044677734
301.6079924385512,475.68510764463963,20.0802001953125,59.327877044677734
295.09492499546815,476.4424410682539,20.0802001953125,59.327877044677734
291.61119124684234,476.2909743835311,20.0802001953125,59.327877044677734
284.79519043431355,476.13950769880825,20.0802001953125,59.327877044677734
277.97918962178477,475.9880410140854,20.0802001953125,59.327877044677734
274.49545587315896,475.53364095991685,20.0802001953125,59.327877044677734
267.9823884300759,477.50270786131404,20.0802001953125,59.327877044677734
264.4986546814501,478.56297465437405,20.0802001953125,59.327877044677734
258.28852060781276,479.9261748168798,20.0802001953125,59.327877044677734
254.50185348974122,479.4717747627112,20.0802001953125,59.327877044677734
248.2917194161039,479.9261748168798,20.0802001953125,59.327877044677734
245.41385240636953,477.65417454603687,20.0802001953125,59.327877044677734
242.23305202718944,477.50270786131404,20.0802001953125,59.327877044677734
239.05225164800936,476.1395076988083,20.0802001953125,59.327877044677734
234.9626511604921,474.47337416685684,20.0802001953125,59.327877044677734
231.4789174118663,473.71604074324256,20.0802001953125,59.327877044677734
227.99518366324048,472.9587073196283,20.0802001953125,59.327877044677734
225.42025002295185,471.59550715712254,20.0802001953125,59.327877044677734
223.45118312155464,472.3528405807368,20.0802001953125,59.327877044677734
221.48211622015742,472.50430726545966,20.0802001953125,59.327877044677734
219.2101159493145,473.56457405851967,20.0802001953125,59.327877044677734
218.14984915625448,472.8072406349054,20.0802001953125,59.327877044677734
216.18078225485726,472.3528405807368,20.0802001953125,59.327877044677734
214.21171535346005,470.38377367933964,20.0802001953125,59.327877044677734
211.03091497427997,469.62644025572536,20.0802001953125,59.327877044677734
208.1530479645456,468.56617346266535,20.0802001953125,59.327877044677734
205.88104769370267,467.80884003905106,20.0802001953125,59.327877044677734
204.21491416175118,467.0515066154368,20.0802001953125,59.327877044677734
203.45758073813687,465.3853730834853,20.0802001953125,59.327877044677734
203.00318068396828,465.8397731376539,20.0802001953125,59.327877044677734
202.24584726035397,464.1736396057024,20.0802001953125,59.327877044677734
202.70024731452256,464.0221729209796,20.0802001953125,59.327877044677734
201.94291389090824,462.9619061279196,20.0802001953125,59.327877044677734
204.21491416175115,461.59870596541384,20.0802001953125,59.327877044677734
205.88104769370264,460.2355058029081,20.0802001953125,59.327877044677734
206.94131448676268,457.9635055320652,20.0802001953125,59.327877044677734
208.00158127982272,455.38857189177656,20.0802001953125,59.327877044677734
208.4559813339913,453.7224383598251,20.0802001953125,59.327877044677734
209.51624812705134,452.35923819731937,20.0802001953125,59.327877044677734
207.85011459509985,449.78430455703074,20.0802001953125,59.327877044677734
208.30451464926844,449.02697113341645,20.0802001953125,59.327877044677734
207.2442478562084,447.6637709709107,20.0802001953125,59.327877044677734
206.4869144325941,448.1181710250793,20.0802001953125,59.327877044677734
204.51784753119688,447.360837601465,20.0802001953125,59.327877044677734
202.24584726035397,448.1181710250793,20.0802001953125,59.327877044677734
200.8826470978482,447.360837601465,20.0802001953125,59.327877044677734
198.30771345755957,447.81523765563355,20.0802001953125,59.327877044677734
196.33864655616236,446.4520374931278,20.0802001953125,59.327877044677734
194.36957965476515,445.99763743895926,20.0802001953125,59.327877044677734
191.4917126450308,444.0285705375621,20.0802001953125,59.327877044677734
188.3109122658507,443.5741704833935,20.0802001953125,59.327877044677734
186.04586790447922,443.3892956897399,20.52447509765625,60.640506744384766
183.41396385739918,442.6152062641282,20.52447509765625,60.640506744384766
180.16278826982972,443.3892956897399,20.52447509765625,60.640506744384766
176.60197691201554,443.85374934510696,20.52447509765625,60.640506744384766
172.73152978395666,444.318203000474,20.52447509765625,60.640506744384766
169.7899899666319,443.85374934510696,20.52447509765625,60.640506744384766
166.84845014930715,443.69893145998464,20.52447509765625,60.640506744384766
163.5972745617377,442.6152062641282,20.52447509765625,60.640506744384766
158.17864858245528,441.221845298027,20.52447509765625,60.640506744384766
155.85638030561995,439.5188485616811,20.52447509765625,60.640506744384766
153.53411202878462,439.3640306765588,20.52447509765625,60.640506744384766
151.2118437519493,438.28030548070234,20.52447509765625,60.640506744384766
149.8184827858481,436.88694451460117,20.52447509765625,60.640506744384766
149.0443933602363,437.0417623997235,20.52447509765625,60.640506744384766
149.8184827858481,437.1965802848458,20.52447509765625,60.640506744384766
148.11548604950218,435.80321931874465,20.52447509765625,60.640506744384766
148.88957547511396,436.5773087443564,20.52447509765625,60.640506744384766
148.11548604950218,434.8743120080105,20.52447509765625,60.640506744384766
147.96066816437983,434.10022258239877,20.52447509765625,60.640506744384766
148.4251218197469,432.7068616162976,20.52447509765625,60.640506744384766
147.96066816437983,430.694229109707,20.52447509765625,60.640506744384766
149.35402913048102,429.92013968409526,20.52447509765625,60.640506744384766
150.1281185560928,427.90750717750467,20.52447509765625,60.640506744384766
152.14075106268342,424.96596736017995,20.52447509765625,60.640506744384766
152.9148404882952,422.95333485358935,20.52447509765625,60.640506744384766
153.99856568415169,422.1792454279776,20.52447509765625,60.640506744384766
155.08229088000817,421.71479177261057,20.52447509765625,60.640506744384766
156.47565184610937,420.3214308065094,20.52447509765625,60.640506744384766
157.24974127172115,418.9280698404082,20.52447509765625,60.640506744384766
157.71419492708822,419.08288772553055,20.52447509765625,60.640506744384766
159.72682743367884,417.3798909891847,20.52447509765625,60.640506744384766
161.42982417002474,415.05762271234937,20.52447509765625,60.640506744384766
160.65573474441297,413.6642617462482,20.52447509765625,60.640506744384766
162.9780030212483,410.7227219289235,20.52447509765625,60.640506744384766
164.6809997575942,408.4004536520882,20.52447509765625,60.640506744384766
165.14545341296127,406.0781853752529,20.52447509765625,60.640506744384766
166.53881437906247,405.61373171988583,20.52447509765625,60.640506744384766
165.7647249534507,403.60109921329524,20.52447509765625,60.640506744384766
166.53881437906247,402.2077382471941,20.52447509765625,60.640506744384766
166.38399649394012,401.74328459182703,20.52447509765625,60.640506744384766
165.30027129808363,402.2077382471941,20.52447509765625,60.640506744384766
164.21654610222714,401.1240130513376,20.52447509765625,60.640506744384766
163.75209244686008,401.89810247694936,20.52447509765625,60.640506744384766
161.73945994026946,399.88546997035877,20.52447509765625,60.640506744384766
160.65573474441297,399.42101631499173,20.52447509765625,60.640506744384766
159.57200954855648,398.02765534889056,20.52447509765625,60.640506744384766
158.7979201229447,398.1824732340129,20.52447509765625,60.640506744384766
157.71419492708822,395.5505691869329,20.52447509765625,60.640506744384766
155.7015624204976,394.4668439910764,20.52447509765625,60.640506744384766
154.3082014543964,394.3120261059541,20.52447509765625,60.640506744384766
152.6052047180505,394.4668439910764,20.52447509765625,60.640506744384766
150.90220798170458,394.93129764644345,20.52447509765625,60.640506744384766
149.8184827858481,395.3957513018105,20.52447509765625,60.640506744384766
147.49621450901276,394.31202610595403,20.52447509765625,60.640506744384766
145.48358200242214,393.847572450587,20.52447509765625,60.640506744384766
144.09022103632094,393.69275456546467,20.52447509765625,60.640506744384766
142.96606788220927,392.3994570912991,20.08678436279297,59.347328186035156
141.60242075839722,390.4297445791261,20.08678436279297,59.347328186035156
141.75393710548744,388.7630647611336,20.08678436279297,59.347328186035156
141.29938806421674,387.39941763732156,20.08678436279297,59.347328186035156
140.84483902294605,386.03577051350953,20.08678436279297,59.347328186035156
142.2084861467581,385.2781887780584,20.08678436279297,59.347328186035156
142.96606788220924,384.8236397367877,20.08678436279297,59.347328186035156
144.3297150060213,383.45999261297567,20.08678436279297,59.347328186035156
145.3903294356529,383.005443571705,20.08678436279297,59.347328186035156
146.75397655946495,382.8539272246147,20.08678436279297,59.347328186035156
148.7236890716379,381.1872474066222,20.08678436279297,59.347328186035156
150.08733619544995,379.82360028281016,20.08678436279297,59.347328186035156
152.66311409598381,377.8538877706372,20.08678436279297,59.347328186035156
155.23889199651768,374.9750771759229,20.08678436279297,59.347328186035156
157.81466989705154,372.70233196956946,20.08678436279297,59.347328186035156
160.69348049176585,370.42958676321604,20.08678436279297,59.347328186035156
163.57229108648016,368.1568415568626,20.08678436279297,59.347328186035156
167.36019976373586,366.7931944330506,20.08678436279297,59.347328186035156
170.54204305263065,364.8234819208776,20.08678436279297,59.347328186035156
174.93601711824724,364.0659001854265,20.08678436279297,59.347328186035156
178.72392579550294,363.0052857557949,20.08678436279297,59.347328186035156
182.20880177857816,361.0355732436219,20.08678436279297,59.347328186035156
185.99671045583386,359.3688934256294,20.08678436279297,59.347328186035156
189.4815864389091,356.1870501367346,20.08678436279297,59.347328186035156
192.96646242198432,354.8234030129226,20.08678436279297,59.347328186035156
196.1483057108791,351.64155972402784,20.08678436279297,59.347328186035156
199.9362143881348,348.76274912931353,20.08678436279297,59.347328186035156
205.84535192465367,345.5809058404188,20.08678436279297,59.347328186035156
209.63326060190937,343.30816063406536,20.08678436279297,59.347328186035156
213.72420197334552,342.5505788986142,20.08678436279297,59.347328186035156
218.1181760389621,340.2778336922608,20.08678436279297,59.347328186035156
221.60305202203733,340.42935003935105,20.08678436279297,59.347328186035156
227.20915686437576,338.15660483299763,20.08678436279297,59.347328186035156
230.08796745909007,338.0050884859074,20.08678436279297,59.347328186035156
232.96677805380438,336.33840866791485,20.08678436279297,59.347328186035156
236.4516540368796,334.0656634615614,20.08678436279297,59.347328186035156
239.93653001995483,332.7020163377494,20.08678436279297,59.347328186035156
245.8456675564737,329.8232057430351,20.08678436279297,59.347328186035156
249.33054353954896,327.55046053668167,20.08678436279297,59.347328186035156
252.20935413426326,324.9746826361478,20.08678436279297,59.347328186035156
255.69423011733852,323.9140682065162,20.08678436279297,59.347328186035156
259.4821387945942,322.5504210827042,20.08678436279297,59.347328186035156
263.57308016603037,321.18677395889216,20.08678436279297,59.347328186035156
266.7549234549251,320.73222491762147,20.08678436279297,59.347328186035156
269.9367667438199,318.7625124054485,20.08678436279297,59.347328186035156
271.757383207935,318.9571919961568,19.658428192138672,58.081729888916016
272.49880928469037,317.91919548869924,19.658428192138672,58.081729888916016
274.12994665355217,315.6949172584331,19.658428192138672,58.081729888916016
275.46451359171186,314.3603503202734,19.658428192138672,58.081729888916016
274.12994665355217,312.1360720900073,19.658428192138672,58.081729888916016
273.62493004871743,312.0407492031291,19.239206314086914,56.84312057495117
272.89931510636995,311.02488828384264,19.239206314086914,56.84312057495117
270.1419783254496,310.58951931843416,19.239206314086914,56.84312057495117
267.67488752146824,310.44439632996466,19.239206314086914,56.84312057495117
265.2077967174869,311.17001127231214,19.239206314086914,56.84312057495117
261.2894760288106,310.73464230690365,19.239206314086914,56.84312057495117
256.5004174093174,311.7505032261901,19.239206314086914,56.84312057495117
249.96988292819026,313.0566101224155,19.239206314086914,56.84312057495117
243.43934844706314,313.782225064763,19.239206314086914,56.84312057495117
238.65028982756994,313.3468560993545,19.239206314086914,56.84312057495117
233.28073925419875,313.201733110885,19.239206314086914,56.84312057495117
226.75020477307163,313.3468560993545,19.239206314086914,56.84312057495117
219.63917833806656,313.491979087824,19.239206314086914,56.84312057495117
213.10864385693944,313.9273480532325,19.239206314086914,56.84312057495117
206.28786339887336,315.2334549494579,19.239206314086914,56.84312057495117
200.91831282550217,315.0883319609884,19.239206314086914,56.84312057495117
194.96827029825303,316.6846848341528,19.239206314086914,56.84312057495117
188.14748984018695,318.2810377073172,19.239206314086914,56.84312057495117
183.06818524375475,318.1359147188477,19.239206314086914,56.84312057495117
178.27912662426155,318.2810377073172,19.239206314086914,56.84312057495117
174.65105191252428,318.4261606957867,19.239206314086914,56.84312057495117
172.18396110854292,317.7005457534392,19.239206314086914,56.84312057495117
168.8461323737446,316.3944388572138,19.239206314086914,56.84312057495117
167.24977950058022,315.0883319609884,19.239206314086914,56.84312057495117
165.9436726043548,313.782225064763,19.239206314086914,56.84312057495117
166.08879559282428,313.3468560993545,19.239206314086914,56.84312057495117
166.81441053517173,312.911487133946,19.239206314086914,56.84312057495117
168.12051743139716,312.47611816853754,19.239206314086914,56.84312057495117
168.8461323737446,311.75050322619006,19.239206314086914,56.84312057495117
171.31322317772597,312.18587219159855,19.239206314086914,56.84312057495117
172.6193300739514,310.58951931843416,19.239206314086914,56.84312057495117
175.08642087793277,309.8639043760867,19.239206314086914,56.84312057495117
178.42424961273107,307.9773055259833,19.239206314086914,56.84312057495117
182.05232432446834,306.3809526528189,19.239206314086914,56.84312057495117
184.80966110538867,303.91386184883754,19.239206314086914,56.84312057495117
188.43773581712594,302.31750897567315,19.239206314086914,56.84312057495117
191.19507259804627,299.8504181716918,19.239206314086914,56.84312057495117
195.11339328672253,298.8345572524053,19.239206314086914,56.84312057495117
197.87073006764285,297.81869633311885,19.239206314086914,56.84312057495117
201.49880477938012,297.38332736771036,19.239206314086914,56.84312057495117
204.25614156030045,296.07722047148496,19.239206314086914,56.84312057495117
206.7232323642818,295.6418515060765,19.239206314086914,56.84312057495117
210.06106109908012,293.1747607020951,19.239206314086914,56.84312057495117
212.81839788000045,291.28816185199173,19.239206314086914,56.84312057495117
216.44647259173772,289.40156300188835,19.239206314086914,56.84312057495117
219.49405534959703,287.51496415178497,19.239206314086914,56.84312057495117
222.25139213051736,285.6283653016816,19.239206314086914,56.84312057495117
226.16971281919362,283.7417664515782,19.239206314086914,56.84312057495117
229.50754155399193,282.72590553229173,19.239206314086914,56.84312057495117
232.84537028879024,281.71004461300527,19.239206314086914,56.84312057495117
236.18319902358854,280.9844296706578,19.239206314086914,56.84312057495117
238.36004385063092,280.8393066821883,19.239206314086914,56.84312057495117
241.40762660849023,279.8234457629018,19.239206314086914,56.84312057495117
243.8747174124716,278.80758484361536,19.239206314086914,56.84312057495117
247.2125461472699,276.920985993512,19.239206314086914,56.84312057495117
249.96988292819026,275.9051250742255,19.239206314086914,56.84312057495117
252.14672775523263,274.3087722010611,19.239206314086914,56.84312057495117
256.0650484439089,271.2611894432018,19.239206314086914,56.84312057495117
258.53213924789026,269.6648365700374,19.239206314086914,56.84312057495117
261.2894760288106,268.6489756507509,19.239206314086914,56.84312057495117
263.466320855853,268.2136066853424,19.239206314086914,56.84312057495117
265.64316568289536,267.48799174299495,19.239206314086914,56.84312057495117
267.52976453299874,267.92336070840344,19.239206314086914,56.84312057495117
267.9651334984072,267.77823771993394,19.239206314086914,56.84312057495117
267.82001050993773,266.47213082370854,19.239206314086914,56.84312057495117
268.8358714292242,265.74651588136106,19.239206314086914,56.84312057495117
269.5614863715717,265.0209009390136,19.239206314086914,56.84312057495117
268.8358714292242,263.7147940427882,19.239206314086914,56.84312057495117
268.9809944176937,262.1184411696238,19.239206314086914,56.84312057495117
267.9651334984072,259.65135036564243,19.239206314086914,56.84312057495117
267.23951855605975,259.7964733541119,19.239206314086914,56.84312057495117
267.09439556759025,259.65135036564243,19.239206314086914,56.84312057495117
264.9175507405479,259.21598140023394,19.239206314086914,56.84312057495117
264.7030590703097,259.4024468375397,18.82892417907715,55.630924224853516
262.8566925089374,259.54447503456834,18.82892417907715,55.630924224853516
261.0103259475651,259.97055962565423,18.82892417907715,55.630924224853516
258.87990299213556,260.68070061079743,18.82892417907715,55.630924224853516
257.03353643076326,259.4024468375397,18.82892417907715,55.630924224853516
255.75528265750552,258.9763622464538,18.82892417907715,55.630924224853516
253.62485970207598,258.5502776553679,18.82892417907715,55.630924224853516
252.062549534761,256.9879674880529,18.82892417907715,55.630924224853516
251.3524085496178,257.12999568508155,18.82892417907715,55.630924224853516
249.7900983823028,256.70391109399566,18.82892417907715,55.630924224853516
248.79590100310236,256.27782650290976,18.82892417907715,55.630924224853516
247.80170362390191,256.1357983058811,18.82892417907715,55.630924224853516
247.09156263875877,257.41405207913886,18.82892417907715,55.630924224853516
246.38142165361558,257.2720238821102,18.82892417907715,55.630924224853516
244.25099869818604,257.12999568508155,18.82892417907715,55.630924224853516
242.68868853087105,257.84013667022475,18.82892417907715,55.630924224853516
241.41043475761333,256.8459392910243,18.82892417907715,55.630924224853516
240.98435016652743,256.4198546999384,18.82892417907715,55.630924224853516
240.55826557544154,255.14160092668067,18.82892417907715,55.630924224853516
240.70029377247016,253.57929075936568,18.82892417907715,55.630924224853516
240.27420918138426,251.44886780393614,18.82892417907715,55.630924224853516
240.98435016652743,250.73872681879294,18.82892417907715,55.630924224853516
241.12637836355606,250.02858583364974,18.82892417907715,55.630924224853516
242.40463213681377,249.8865576366211,18.82892417907715,55.630924224853516
243.39882951601422,249.74452943959244,18.82892417907715,55.630924224853516
244.67708328927193,250.17061403067834,18.82892417907715,55.630924224853516
244.25099869818604,250.312642227707,18.82892417907715,55.630924224853516
245.81330886550103,249.03438845444924,18.82892417907715,55.630924224853516
246.80750624470147,249.46047304553514,18.82892417907715,55.630924224853516
247.51764722984467,247.89816287822015,18.82892417907715,55.630924224853516
248.5118446090451,247.18802189307695,18.82892417907715,55.630924224853516
248.65387280607376,245.34165533170466,18.82892417907715,55.630924224853516
247.37561903281608,244.34745795250421,18.82892417907715,55.630924224853516
248.36981641201652,243.92137336141832,18.82892417907715,55.630924224853516
248.79590100310241,243.77934516438967,18.82892417907715,55.630924224853516
247.80170362390197,243.92137336141832,18.82892417907715,55.630924224853516
247.37561903281608,244.63151434656152,18.82892417907715,55.630924224853516
247.51764722984467,244.48948614953287,18.82892417907715,55.630924224853516
246.52344985064425,243.77934516438967,18.82892417907715,55.630924224853516
244.677083289272,244.20542975547556,18.82892417907715,55.630924224853516
242.83071672789973,242.92717598221782,18.82892417907715,55.630924224853516
242.40463213681383,243.35326057330371,18.82892417907715,55.630924224853516
242.2626039397852,241.22283761787418,18.82892417907715,55.630924224853516
240.1361614916472,240.85774906441793,18.427391052246094,54.444576263427734
239.16316567101524,239.32875563199627,18.427391052246094,54.444576263427734
238.19016985038328,238.91175742315403,18.427391052246094,54.444576263427734
237.21717402975133,239.60675443789114,18.427391052246094,54.444576263427734
235.67197932963896,239.24945158547655,18.034421920776367,53.28352737426758
234.99180333557757,239.65755718191338,18.034421920776367,53.28352737426758
232.67920495576882,239.52152198310108,18.034421920776367,53.28352737426758
231.18281776883376,239.65755718191338,18.034421920776367,53.28352737426758
229.14228978664957,239.79359238072567,18.034421920776367,53.28352737426758
227.37383220208994,240.47376837478708,18.034421920776367,53.28352737426758
226.14951541277944,240.8818739712239,18.034421920776367,53.28352737426758
223.8369170329707,240.47376837478708,18.034421920776367,53.28352737426758
222.88467064128474,238.97738118785202,18.034421920776367,53.28352737426758
221.38828345434968,238.84134598903972,18.034421920776367,53.28352737426758
219.61982586979005,237.88909959735378,18.034421920776367,53.28352737426758
218.93964987572866,237.75306439854148,18.034421920776367,53.28352737426758
217.71533308641816,237.88909959735378,18.034421920776367,53.28352737426758
216.2189458994831,238.5692755914152,18.034421920776367,53.28352737426758
215.26669950779714,238.97738118785202,18.034421920776367,53.28352737426758
214.3144531161112,239.92962757953796,18.034421920776367,53.28352737426758
213.6342771220498,239.79359238072567,18.034421920776367,53.28352737426758
212.4099603327393,239.65755718191338,18.034421920776367,53.28352737426758
212.00185473630248,238.97738118785196,18.034421920776367,53.28352737426758
212.4099603327393,238.56927559141513,18.034421920776367,53.28352737426758
213.36220672442525,236.25667721160642,18.034421920776367,53.28352737426758
214.04238271848664,236.3927124104187,18.034421920776367,53.28352737426758
214.45048831492346,234.08011403061,18.034421920776367,53.28352737426758
215.94687550185853,233.9440788317977,18.034421920776367,53.28352737426758
217.4432626887936,233.8080436329854,18.034421920776367,53.28352737426758
218.12343868285498,233.39993803654858,18.034421920776367,53.28352737426758
218.80361467691637,232.99183244011175,18.034421920776367,53.28352737426758
220.84414265910056,232.85579724129946,18.034421920776367,53.28352737426758
221.7963890507865,232.71976204248716,18.034421920776367,53.28352737426758
223.020705840097,232.31165644605034,18.034421920776367,53.28352737426758
223.7008818341584,232.44769164486263,18.034421920776367,53.28352737426758
225.46933941871802,231.49544525317668,18.034421920776367,53.28352737426758
227.5098674009022,229.72698766861706,18.034421920776367,53.28352737426758
229.27832498546184,229.04681167455567,18.034421920776367,53.28352737426758
230.50264177477234,228.36663568049428,18.034421920776367,53.28352737426758
232.8152401545811,226.87024849355922,18.034421920776367,53.28352737426758
235.3999089320144,227.00628369237148,18.034421920776367,53.28352737426758
237.71250731182315,227.14231889118375,18.034421920776367,53.28352737426758
240.29717608925645,227.55042448762057,18.034421920776367,53.28352737426758
242.06563367381608,226.32610769831007,18.034421920776367,53.28352737426758
243.56202086075115,227.00628369237145,18.034421920776367,53.28352737426758
245.60254884293533,226.0540373006855,18.034421920776367,53.28352737426758
247.91514722274405,224.829720511375,18.034421920776367,53.28352737426758
250.77188639780195,223.87747411968905,18.034421920776367,53.28352737426758
253.08448477761067,222.381086932754,18.034421920776367,53.28352737426758
254.58087196454574,220.88469974581892,18.034421920776367,53.28352737426758
257.16554074197904,220.4765941493821,18.034421920776367,53.28352737426758
259.75020951941235,218.70813656482247,18.034421920776367,53.28352737426758
262.33487829684566,218.5721013660102,18.034421920776367,53.28352737426758
264.91954707427897,218.43606616719794,18.034421920776367,53.28352737426758
267.3408526353045,219.13532827571788,17.649831771850586,52.147239685058594
269.3378657436517,219.00219406849473,17.649831771850586,52.147239685058594
271.60114726644525,218.60279144682528,17.649831771850586,52.147239685058594
274.1306972036851,217.93712041070953,17.649831771850586,52.147239685058594
275.861441897586,217.00518096014747,17.649831771850586,52.147239685058594
277.59218659148695,216.33950992403172,17.649831771850586,52.147239685058594
280.6542733576194,215.67383888791596,17.649831771850586,52.147239685058594
283.1838232948592,213.67682577956873,17.649831771850586,52.147239685058594
284.91456798876015,212.74488632900668,17.649831771850586,52.147239685058594
286.9115810971074,212.34548370733722,17.649831771850586,52.147239685058594
288.9085942054546,213.01115474345298,17.649831771850586,52.147239685058594
290.90560731380185,212.34548370733722,17.649831771850586,52.147239685058594
293.4351572510417,213.01115474345298,17.649831771850586,52.147239685058594
295.1659019449426,213.14428895067613,17.649831771850586,52.147239685058594
296.36410980995095,213.01115474345298,17.649831771850586,52.147239685058594
297.296049260513,212.61175212178352,17.649831771850586,52.147239685058594
297.4291834677361,211.94608108566777,17.649831771850586,52.147239685058594
298.6273913327444,211.54667846399832,17.649831771850586,52.147239685058594
299.82559919775275,210.08220218454366,17.649831771850586,52.147239685058594
298.8936597471907,209.9490679773205,17.649831771850586,52.147239685058594
299.82559919775275,209.01712852675846,17.649831771850586,52.147239685058594
299.69246499052963,208.617725905089,17.649831771850586,52.147239685058594
300.09186761219905,207.95205486897325,17.649831771850586,52.147239685058594
300.2250018194222,208.0851890761964,17.649831771850586,52.147239685058594
299.29306236886015,208.48459169786585,17.649831771850586,52.147239685058594
298.3611229182981,208.0851890761964,17.649831771850586,52.147239685058594
297.6954518821824,209.54966535565106,17.649831771850586,52.147239685058594
296.23097560272777,209.1502627339816,17.649831771850586,52.147239685058594
295.56530456661204,209.81593377009736,17.649831771850586,52.147239685058594
295.1659019449426,209.6827995628742,17.649831771850586,52.147239685058594
293.9676940799343,209.01712852675846,17.649831771850586,52.147239685058594
292.50321780047966,209.1502627339816,17.649831771850586,52.147239685058594
291.57127834991763,208.75086011231215,17.649831771850586,52.147239685058594
290.6393388993556,208.0851890761964,17.649831771850586,52.147239685058594
289.7073994487936,209.01712852675846,17.649831771850586,52.147239685058594
287.71038634044635,209.4165311484279,17.649831771850586,52.147239685058594
286.2459100609917,210.61473901343626,17.649831771850586,52.147239685058594
285.0477021959834,210.4816048062131,17.649831771850586,52.147239685058594
283.84949433097506,210.61473901343626,17.649831771850586,52.147239685058594
282.11874963707413,211.01414163510572,17.649831771850586,52.147239685058594
281.1868101865121,211.67981267122147,17.649831771850586,52.147239685058594
282.65128646596673,210.2153363917668,17.649831771850586,52.147239685058594
283.84949433097506,209.28339694120476,17.649831771850586,52.147239685058594
283.71636012375194,208.0851890761964,17.649831771850586,52.147239685058594
284.91456798876027,207.41951804008065,17.649831771850586,52.147239685058594
286.6453126826612,207.8189206617501,17.649831771850586,52.147239685058594
288.64232579100843,206.35444438229544,17.649831771850586,52.147239685058594
291.43814414269457,207.0201154184112,17.649831771850586,52.147239685058594
292.9026204221492,207.15324962563434,17.649831771850586,52.147239685058594
294.1008282871575,207.0201154184112,17.649831771850586,52.147239685058594
295.83157298105846,206.62071279674174,17.649831771850586,52.147239685058594
297.2960492605131,205.6887733461797,17.649831771850586,52.147239685058594
299.5593307833066,205.55563913895654,17.649831771850586,52.147239685058594
302.08888072054646,204.35743127394818,17.649831771850586,52.147239685058594
303.5533570000011,205.02310231006393,17.649831771850586,52.147239685058594
305.284101693902,203.55862603060928,17.649831771850586,52.147239685058594
306.48230955891034,202.89295499449352,17.649831771850586,52.147239685058594
307.946785838365,203.55862603060928,17.649831771850586,52.147239685058594
308.878725288927,203.15922340893982,17.649831771850586,52.147239685058594
309.0118594961501,204.35743127394818,17.649831771850586,52.147239685058594
309.67753053226585,205.02310231006393,17.649831771850586,52.147239685058594
309.2781279105964,204.88996810284078,17.649831771850586,52.147239685058594
310.21006736115845,205.55563913895654,17.649831771850586,52.147239685058594
309.0118594961501,205.15623651728708,17.649831771850586,52.147239685058594
309.67753053226585,204.49056548117133,17.649831771850586,52.147239685058594
309.0118594961501,203.29235761616297,17.649831771850586,52.147239685058594
308.3461884600344,203.69176023783243,17.649831771850586,52.147239685058594
308.4793226672575,201.9610155439315,17.649831771850586,52.147239685058594
308.0799200455881,202.62668658004725,17.649831771850586,52.147239685058594
306.61544376613347,201.9610155439315,17.649831771850586,52.147239685058594
307.0148463878029,202.62668658004725,17.649831771850586,52.147239685058594
305.55037010834826,203.292357616163,17.649831771850586,52.147239685058594
304.35216224333993,204.75683389561766,17.649831771850586,52.147239685058594
302.8876859638853,204.8899681028408,17.649831771850586,52.147239685058594
301.689478098877,205.02310231006396,17.649831771850586,52.147239685058594
301.02380706276125,205.4225049317334,17.649831771850586,52.147239685058594
300.3581360266455,206.35444438229547,17.649831771850586,52.147239685058594
300.49127023386865,205.1562365172871,17.649831771850586,52.147239685058594
299.2930623688603,204.49056548117136,17.649831771850586,52.147239685058594
298.8936597471909,203.5586260306093,17.649831771850586,52.147239685058594
298.22798871107517,203.95802865227876,17.649831771850586,52.147239685058594
298.6273913327446,204.8899681028408,17.649831771850586,52.147239685058594
298.4942571255215,206.08817596784917,17.649831771850586,52.147239685058594
298.09485450385205,207.02011541841122,17.649831771850586,52.147239685058594
297.6954518821826,207.41951804008067,17.649831771850586,52.147239685058594
296.7635124316206,208.35145749064273,17.649831771850586,52.147239685058594
296.8966466388437,209.01712852675848,17.649831771850586,52.147239685058594
297.56231767495944,208.61772590508903,17.649831771850586,52.147239685058594
298.7605255399678,207.95205486897328,17.649831771850586,52.147239685058594
297.82858608940575,208.61772590508903,17.649831771850586,52.147239685058594
298.4942571255215,206.8869812111881,17.649831771850586,52.147239685058594
298.9896393606478,207.27698888980345,18.040334701538086,53.30099868774414
299.9421979715535,207.14090908824548,18.040334701538086,53.30099868774414
301.98339499492295,206.7326696835716,18.040334701538086,53.30099868774414
301.30299598713316,206.59658988201363,18.040334701538086,53.30099868774414
302.79987380427076,207.27698888980345,18.040334701538086,53.30099868774414
304.0245920182924,208.22954750070917,18.040334701538086,53.30099868774414
304.97715062919815,208.63778690538305,18.040334701538086,53.30099868774414
307.2905072556835,208.50170710382508,18.040334701538086,53.30099868774414
308.24306586658923,208.0934676991512,18.040334701538086,53.30099868774414
309.4677840806109,208.50170710382508,18.040334701538086,53.30099868774414
310.9646618977485,207.27698888980342,18.040334701538086,53.30099868774414
312.733699318002,207.4130686913614,18.040334701538086,53.30099868774414
313.95841753202365,205.91619087422382,18.040334701538086,53.30099868774414
315.7274549522771,207.14090908824548,18.040334701538086,53.30099868774414
316.68001356318285,208.36562730226714,18.040334701538086,53.30099868774414
317.9047317772045,207.68522829447733,18.040334701538086,53.30099868774414
319.94592880057394,209.1821061116149,18.040334701538086,53.30099868774414
321.1706470145956,209.86250511940472,18.040334701538086,53.30099868774414
321.30672681615357,209.72642531784675,18.040334701538086,53.30099868774414
321.7149662208275,210.13466472252063,18.040334701538086,53.30099868774414
323.2118440379651,210.5429041271945,18.040334701538086,53.30099868774414
324.43656225198674,210.13466472252063,18.040334701538086,53.30099868774414
325.38912086289247,210.2707445240786,18.040334701538086,53.30099868774414
325.7973602675664,210.67898392875247,18.040334701538086,53.30099868774414
326.0213370404185,209.66579397535838,18.439477920532227,54.480281829833984
327.27315214492535,208.4139788708515,18.439477920532227,54.480281829833984
328.67633423212123,209.66519886415858,18.04625129699707,53.31847381591797
329.6292051646161,209.80132328308642,18.04625129699707,53.31847381591797
329.4280133464661,211.2882688751272,17.661409378051758,52.18144226074219
331.1598931674734,211.15504735043433,17.661409378051758,52.18144226074219
330.7602285933948,211.55471192451293,17.661409378051758,52.18144226074219
331.42633621685917,211.42149039982007,17.661409378051758,52.18144226074219
332.89177298848074,211.02182582574147,17.661409378051758,52.18144226074219
333.5578806119451,211.42149039982007,17.661409378051758,52.18144226074219
334.75687433418096,210.22249667758425,17.661409378051758,52.18144226074219
334.0907667107166,210.3557182022771,17.661409378051758,52.18144226074219
335.55620348233816,211.2882688751272,17.661409378051758,52.18144226074219
336.22231110580253,212.22081954797727,17.661409378051758,52.18144226074219
335.82264653172393,213.15337022082736,17.661409378051758,52.18144226074219
336.4887541551883,213.8194778442917,17.661409378051758,52.18144226074219
337.68774787742416,213.68625631959884,17.661409378051758,52.18144226074219
337.5545263527313,214.61880699244892,17.661409378051758,52.18144226074219
339.28640617373856,215.551357665299,17.661409378051758,52.18144226074219
339.15318464904567,215.68457918999187,17.661409378051758,52.18144226074219
339.81929227251004,214.75202851714178,17.661409378051758,52.18144226074219
341.14430366586527,215.14229268385168,18.052167892456055,53.33595657348633
341.82514892049875,213.644433123658,18.052167892456055,53.33595657348633
343.0506703788391,212.4189116653177,18.052167892456055,53.33595657348633
343.18683942976577,213.3720950218046,18.052167892456055,53.33595657348633
344.4123608881061,212.9635878690245,18.052167892456055,53.33595657348633
346.1825585501532,213.9167712255114,18.052167892456055,53.33595657348633
347.1357419066401,214.59761648014492,18.052167892456055,53.33595657348633
347.81658716127356,215.006123632925,18.052167892456055,53.33595657348633
349.3144467214673,216.5039831931187,18.052167892456055,53.33595657348633
349.99529197610076,216.9124903458988,18.052167892456055,53.33595657348633
349.58678482332067,217.04865939682549,18.052167892456055,53.33595657348633
351.0846443835144,216.6401522440454,18.052167892456055,53.33595657348633
351.4931515362945,215.6869688875585,18.052167892456055,53.33595657348633
351.0846443835144,215.5507998366318,18.052167892456055,53.33595657348633
352.03782774000126,214.8699545819983,18.052167892456055,53.33595657348633
352.44633489278135,215.5507998366318,18.052167892456055,53.33595657348633
353.6718563511217,216.5039831931187,18.052167892456055,53.33595657348633
354.897377809462,217.1848284477522,18.052167892456055,53.33595657348633
354.43362532143135,218.4097675355143,17.667200088500977,52.198551177978516
354.30036011653044,219.07609356001888,17.667200088500977,52.198551177978516
354.16709491162953,220.54201081392893,17.667200088500977,52.198551177978516
352.9677080675213,220.67527601882983,17.667200088500977,52.198551177978516
353.46357816456344,220.5126179851972,18.058086395263672,53.35344314575195
353.3273644670041,219.2866947071631,18.058086395263672,53.35344314575195
353.19115076944473,220.5126179851972,18.058086395263672,53.35344314575195
353.3273644670041,219.2866947071631,18.058086395263672,53.35344314575195
354.0084329548008,219.69533579984113,18.058086395263672,53.35344314575195
353.3273644670041,219.2866947071631,18.058086395263672,53.35344314575195
354.0084329548008,220.5126179851972,18.058086395263672,53.35344314575195
353.3273644670041,220.37640428763785,18.058086395263672,53.35344314575195
354.0084329548008,221.05747277543458,18.058086395263672,53.35344314575195
353.3273644670041,222.8282508437061,18.058086395263672,53.35344314575195
354.0084329548008,222.69203714614673,18.058086395263672,53.35344314575195
353.5997918621228,223.10067823882477,18.058086395263672,53.35344314575195
354.2808603499195,223.7817467266215,18.058086395263672,53.35344314575195
353.05493707188543,223.10067823882477,18.058086395263672,53.35344314575195
352.9187233743261,223.7817467266215,18.058086395263672,53.35344314575195
353.8722192572415,223.10067823882477,18.058086395263672,53.35344314575195
353.4635781645635,223.7817467266215,18.058086395263672,53.35344314575195
352.7825096767668,223.91796042418085,18.058086395263672,53.35344314575195
353.4635781645635,224.87145630709628,18.058086395263672,53.35344314575195
352.2376548865294,226.36980698024908,18.058086395263672,53.35344314575195
351.284159003614,227.3233028631645,18.058086395263672,53.35344314575195
350.87551791093597,228.00437135096124,18.058086395263672,53.35344314575195
352.10144118897006,229.50272202411404,18.058086395263672,53.35344314575195
350.60309051581726,229.6389357216734,18.058086395263672,53.35344314575195
349.9793582694319,230.6032512326915,18.45762062072754,54.53388977050781
351.2324050999925,229.62865925336655,18.45762062072754,54.53388977050781
351.9285422280817,230.0463415302201,18.45762062072754,54.53388977050781
352.06776965369954,230.74247865830932,18.45762062072754,54.53388977050781
352.29692762274664,228.55026464232748,18.865995407104492,55.74045181274414
353.8623137792527,229.83103513401426,18.865995407104492,55.74045181274414
354.28923727648163,230.82718996088175,18.865995407104492,55.74045181274414
355.8546234329877,231.53872912292996,18.865995407104492,55.74045181274414
357.2902623999189,232.27023457682265,18.463672637939453,54.5517692565918
356.8724431748598,232.40950765184232,18.463672637939453,54.5517692565918
358.4044470000765,232.8273268769014,18.463672637939453,54.5517692565918
357.98662777501744,234.6378768521575,18.463672637939453,54.5517692565918
359.79717775027353,235.05569607721657,18.463672637939453,54.5517692565918
359.9364508252932,236.30915375239385,18.463672637939453,54.5517692565918
360.9113623504311,235.33424222725597,18.463672637939453,54.5517692565918
361.32918157549017,236.30915375239385,18.463672637939453,54.5517692565918
361.1899085004705,237.00551912749233,18.463672637939453,54.5517692565918
362.7219123256872,237.70188450259081,18.463672637939453,54.5517692565918
362.86118540070686,238.6767960277287,18.463672637939453,54.5517692565918
363.55755077580534,239.65170755286658,18.463672637939453,54.5517692565918
363.696823850825,240.62661907800447,18.463672637939453,54.5517692565918
364.3931892259235,241.88007675318175,18.463672637939453,54.5517692565918
363.9753700008644,242.85498827831964,18.463672637939453,54.5517692565918
363.62662003514083,242.97398796960834,18.872180938720703,55.75872802734375
364.3383924941634,244.25517839584893,18.872180938720703,55.75872802734375
365.0501649531859,244.11282390404443,18.872180938720703,55.75872802734375
364.3383924941634,245.67872331389407,18.872180938720703,55.75872802734375
365.0501649531859,245.53636882208957,18.872180938720703,55.75872802734375
364.0536835105543,246.53285026472116,18.872180938720703,55.75872802734375
363.9113290187498,247.81404069096175,18.872180938720703,55.75872802734375
363.1995565597273,249.66464908442038,18.872180938720703,55.75872802734375
363.62662003514083,250.94583951066096,18.872180938720703,55.75872802734375
362.0607206252912,251.6576119696835,18.872180938720703,55.75872802734375
361.34894816626866,252.93880239592409,18.872180938720703,55.75872802734375
361.20659367446416,253.65057485494663,18.872180938720703,55.75872802734375
359.9254032482236,252.93880239592409,18.872180938720703,55.75872802734375
359.21363078920103,254.50470180577372,18.872180938720703,55.75872802734375
358.7865673137875,254.07763833036017,18.872180938720703,55.75872802734375
357.5053768875469,255.35882875660076,18.872180938720703,55.75872802734375
357.07831341213335,255.50118324840525,18.872180938720703,55.75872802734375
356.08183196950176,257.0670826582549,18.872180938720703,55.75872802734375
355.6547684940882,258.6329820681045,18.872180938720703,55.75872802734375
355.22770501867467,258.205918592691,18.872180938720703,55.75872802734375
355.37005951047917,257.49414613366844,18.872180938720703,55.75872802734375
354.6582870514566,259.0600455435181,18.872180938720703,55.75872802734375
353.9465145924341,261.19536292058575,18.872180938720703,55.75872802734375
354.6582870514566,260.19888147795416,18.872180938720703,55.75872802734375
354.51593255965213,261.48007190419474,18.872180938720703,55.75872802734375
355.22770501867467,262.47655334682634,18.872180938720703,55.75872802734375
354.8006415432611,262.33419885502184,18.872180938720703,55.75872802734375
354.6582870514566,263.6153892812624,18.872180938720703,55.75872802734375
354.2312235760431,264.32716174028496,18.872180938720703,55.75872802734375
354.0888690842386,265.0389341993075,18.872180938720703,55.75872802734375
353.37709662521604,266.3201246255481,18.872180938720703,55.75872802734375
353.23474213341154,265.60835216652555,18.872180938720703,55.75872802734375
352.807678657998,266.60483360915714,18.872180938720703,55.75872802734375
351.5264882317574,266.46247911735264,18.872180938720703,55.75872802734375
352.23826069077995,266.32012462554815,18.872180938720703,55.75872802734375
350.95707026453937,268.4554420026158,18.872180938720703,55.75872802734375
350.81471577273487,268.31308751081133,18.872180938720703,55.75872802734375
350.10294331371233,269.3095689534429,18.872180938720703,55.75872802734375
350.81471577273487,269.73663242885647,18.872180938720703,55.75872802734375
350.3876522973213,271.01782285509705,18.872180938720703,55.75872802734375
350.72608863415894,270.92631293909756,18.4697265625,54.56965637207031
351.1440448523257,272.4588190723757,18.4697265625,54.56965637207031
351.74383082659426,273.712092365163,18.07585334777832,53.405941009521484
351.3347876506703,272.7576582880072,18.07585334777832,53.405941009521484
351.13326579352344,273.45852625334925,17.690380096435547,52.26704406738281
350.99982572452626,273.3250861843521,17.690380096435547,52.26704406738281
351.40014593151784,274.7929269433212,17.690380096435547,52.26704406738281
351.8004661385094,274.12572659833523,17.690380096435547,52.26704406738281
350.5995055175347,275.32668721931,17.690380096435547,52.26704406738281
350.819138040516,273.2255973232369,18.08177947998047,53.42345428466797
351.2283153320873,274.99869892004574,18.08177947998047,53.42345428466797
350.273568318421,274.862306489522,18.08177947998047,53.42345428466797
350.95553047103976,275.8170535031883,18.08177947998047,53.42345428466797
351.91027748470606,275.6806610726645,18.08177947998047,53.42345428466797
351.7738850541823,276.9081929473783,18.08177947998047,53.42345428466797
350.819138040516,277.0445853779021,18.08177947998047,53.42345428466797
351.5011001931348,277.9993323915684,18.08177947998047,53.42345428466797
350.5463531794685,278.40850968313964,18.08177947998047,53.42345428466797
350.68274560999225,277.9993323915684,18.08177947998047,53.42345428466797
350.5463531794685,279.4996491273297,18.08177947998047,53.42345428466797
349.8643910268497,279.63604155785345,18.08177947998047,53.42345428466797
350.273568318421,279.7724339883772,18.08177947998047,53.42345428466797
348.77325158265967,279.90882641890096,18.08177947998047,53.42345428466797
348.3640742910884,280.59078857151974,18.08177947998047,53.42345428466797
347.95489699951713,280.454396140996,18.08177947998047,53.42345428466797
348.0912894300409,280.3180037104722,18.08177947998047,53.42345428466797
347.1365424163746,279.63604155785345,18.08177947998047,53.42345428466797
346.7273651248033,278.95407940523467,18.08177947998047,53.42345428466797
346.8637575553271,280.18161127994847,18.08177947998047,53.42345428466797
347.27293484689835,280.0452188494247,18.08177947998047,53.42345428466797
347.8601221659867,279.69461615519856,17.69618034362793,52.284183502197266
346.3918001365181,279.02719705089464,17.69618034362793,52.284183502197266
346.25831631565734,279.69461615519856,17.69618034362793,52.284183502197266
345.857864853075,279.5611323343378,17.69618034362793,52.284183502197266
345.1904457487711,279.96158379692014,17.69618034362793,52.284183502197266
345.5908972113534,280.0950676177809,17.69618034362793,52.284183502197266
345.99134867393576,281.830357288971,17.69618034362793,52.284183502197266
344.52302664446717,280.8959705429456,17.69618034362793,52.284183502197266
344.74273144894465,279.9021082143592,18.08770751953125,53.44097137451172
345.42491720093125,278.128425259194,18.08770751953125,53.44097137451172
345.9325897419206,276.5463601162987,18.487897872924805,54.62335205078125
345.87275302473506,276.0867745969281,18.896942138671875,55.83189392089844
344.87496404779955,276.51439844418616,18.896942138671875,55.83189392089844
344.7324227653802,277.22710485628295,18.896942138671875,55.83189392089844
344.3047989181221,277.0845635738636,18.896942138671875,55.83189392089844
345.0175053302189,278.36743511563776,18.896942138671875,55.83189392089844
345.445129177477,279.08014152773455,18.896942138671875,55.83189392089844
345.0175053302189,280.64809563434744,18.896942138671875,55.83189392089844
344.58988148296083,280.22047178708937,18.896942138671875,55.83189392089844
343.30700994118666,279.22268281015386,18.896942138671875,55.83189392089844
342.59430352908987,278.22489383321835,18.896942138671875,55.83189392089844
341.3114319873157,276.65693972660546,18.896942138671875,55.83189392089844
341.7390558345738,279.65030665741193,18.896942138671875,55.83189392089844
341.3114319873157,278.36743511563776,18.896942138671875,55.83189392089844
341.45397326973506,277.36964613870225,18.896942138671875,55.83189392089844
341.5965145521544,276.65693972660546,18.896942138671875,55.83189392089844
340.83628159293187,276.5653097204626,18.493959426879883,54.64126205444336
340.09226139160984,278.35806423973355,18.09956932067871,53.47602081298828
339.89047493142215,278.2703007088787,17.713590621948242,52.335628509521484
340.7232776702885,278.6995518142427,17.33584213256836,51.21955490112305
340.3309803334239,278.5687860352878,17.33584213256836,51.21955490112305
341.246340786108,279.22261493006215,17.33584213256836,51.21955490112305
340.3309803334239,279.61491226692675,17.33584213256836,51.21955490112305
340.200214554469,280.00720960379135,17.33584213256836,51.21955490112305
341.3771065650629,279.0918491511072,17.33584213256836,51.21955490112305
341.50787234401776,277.91495714051337,17.33584213256836,51.21955490112305
342.6847643546116,276.7380651299195,17.33584213256836,51.21955490112305
344.38471948102494,275.2996415614159,17.33584213256836,51.21955490112305
345.30007993370907,276.21500201410004,17.33584213256836,51.21955490112305
345.9539088284834,276.08423623514517,17.33584213256836,51.21955490112305
346.346206165348,277.52265980364876,17.33584213256836,51.21955490112305
347.00003506012234,277.3918940246939,17.33584213256836,51.21955490112305
347.3109202895165,279.82862045602417,16.966150283813477,50.127281188964844
347.9508060861734,281.4923235273321,16.966150283813477,50.127281188964844
348.9951708267164,281.4100567182912,16.604341506958008,49.05830001831055
348.1184347716873,280.7838166789847,16.604341506958008,49.05830001831055
346.740706685213,281.4100567182912,16.604341506958008,49.05830001831055
345.1276284927616,278.9181771527124,16.971712112426758,50.143714904785156
344.2757794449079,276.3711653942833,17.347211837768555,51.253143310546875
343.6766009027961,274.0393172158475,17.73101806640625,52.38711929321289
343.06416468011344,273.04349819592363,18.12331771850586,53.54618453979492
342.65404734694874,272.9067924182021,18.12331771850586,53.54618453979492
342.24393001378405,272.77008664048054,18.12331771850586,53.54618453979492
340.74016645884683,273.4536155290884,18.12331771850586,53.54618453979492
339.78322601479584,273.31690975136684,18.12331771850586,53.54618453979492
338.52705838616805,274.8102058189941,17.736831665039062,52.404296875
338.39326790033283,274.40883436148846,17.736831665039062,52.404296875
337.50301603283367,273.6903033742801,18.12925910949707,53.563743591308594
337.36626543249935,273.5535527739458,18.12925910949707,53.563743591308594
338.0500184341709,272.86979977227423,18.12925910949707,53.563743591308594
337.0927642318307,274.921058777289,18.12925910949707,53.563743591308594
337.0927642318307,274.921058777289,18.12925910949707,53.563743591308594
693.7736632688327,234.59194476165771,18.12925910949707,53.563743591308594
691.7286846991063,259.39569225588343,18.53036880493164,54.74884033203125
694.1048802243405,262.3309926105844,18.53036880493164,54.74884033203125
696.4810757495746,262.75032123268454,18.53036880493164,54.74884033203125
699.9754809337425,262.61054502531783,18.53036880493164,54.74884033203125
705.4267530210443,265.5458453800188,18.53036880493164,54.74884033203125
709.4802630346791,265.96517400211894,18.53036880493164,54.74884033203125
715.2110875367143,266.10495020948565,18.53036880493164,54.74884033203125
720.9518256632645,267.6745579517669,18.940353393554688,55.96015930175781
724.2378070502226,267.81742670772155,18.940353393554688,55.96015930175781
730.9526385800937,268.8175079994045,18.940353393554688,55.96015930175781
737.3817325980554,270.3890643149062,18.940353393554688,55.96015930175781
742.9530316665122,271.1040427146244,19.35940933227539,57.19827651977539
748.3561315721796,272.41831025924625,19.35940933227539,57.19827651977539
752.5909936604054,273.14845889514726,19.35940933227539,57.19827651977539
760.6226286553165,275.33890480285027,19.35940933227539,57.19827651977539
767.8322511306276,276.0697021008544,19.787736892700195,58.46378707885742
774.8475009706485,277.1145265451128,19.787736892700195,58.46378707885742
781.2657082710932,278.4578722591594,19.787736892700195,58.46378707885742
788.2809581111142,279.5026967034178,19.787736892700195,58.46378707885742
795.6500940033247,280.86909429804564,20.225540161132812,59.75729751586914
802.8205562460562,282.2421615360155,20.225540161132812,59.75729751586914
809.075640330141,283.92035482686754,20.225540161132812,59.75729751586914
815.3307244142259,285.2934220648374,20.225540161132812,59.75729751586914
818.4309460067419,286.0569132689333,20.673030853271484,61.079429626464844
825.8062004341424,287.1608696061341,21.130422592163086,62.43081283569336
828.8345842587231,288.5953672072513,21.130422592163086,62.43081283569336
832.819299817382,290.0298648083685,21.130422592163086,62.43081283569336
837.1227926207335,291.1455851647929,21.130422592163086,62.43081283569336
840.7887309346996,292.5800827659101,21.130422592163086,62.43081283569336
844.135892003973,294.33335761172,21.130422592163086,62.43081283569336
847.4830530732464,295.4490779681444,21.130422592163086,62.43081283569336
849.8738824084418,296.8835755692616,21.130422592163086,62.43081283569336
852.5834889883298,297.99929592568606,21.130422592163086,62.43081283569336
851.1921740068451,298.7969457836469,21.597932815551758,63.812095642089844
854.2875608235447,298.95986087926264,21.597932815551758,63.812095642089844
853.7988155366974,300.4260967398045,21.597932815551758,63.812095642089844
853.6359004410816,301.5665024091149,21.597932815551758,63.812095642089844
855.427966492855,303.03273826965676,21.597932815551758,63.812095642089844
853.9617306323131,303.52148355650405,21.597932815551758,63.812095642089844
852.1696645805397,304.66188922581443,21.597932815551758,63.812095642089844
851.0292589112294,305.47646470389327,21.597932815551758,63.812095642089844
849.888853241919,306.61687037320365,21.597932815551758,63.812095642089844
848.7484475726087,306.4539552775879,21.597932815551758,63.812095642089844
847.6080419032984,307.5943609468983,21.597932815551758,63.812095642089844
846.1859441338767,308.0716106557121,22.075786590576172,65.22393798828125
845.0203069891328,308.9042086162434,22.075786590576172,65.22393798828125
843.8546698443889,309.7368065767747,22.075786590576172,65.22393798828125
842.689032699645,310.9024437215186,22.075786590576172,65.22393798828125
841.5233955549012,311.4020024978374,22.075786590576172,65.22393798828125
840.0247192259448,312.2346004583687,22.075786590576172,65.22393798828125
839.1921212654134,313.40023760311254,22.075786590576172,65.22393798828125
838.0264841206696,314.5658747478564,22.075786590576172,65.22393798828125
836.8608469759257,315.3984727083877,22.075786590576172,65.22393798828125
835.6952098311818,316.231070668919,22.075786590576172,65.22393798828125
834.1965335022254,316.7306294452378,22.075786590576172,65.22393798828125
833.0308963574815,318.2293057741942,22.075786590576172,65.22393798828125
831.9228628691823,318.37158761454424,22.564212799072266,66.6670150756836
830.731436002611,319.2226068049523,22.564212799072266,66.6670150756836
829.5400091360397,319.3928106430339,22.564212799072266,66.6670150756836
827.6677669171419,320.24382983344196,22.564212799072266,66.6670150756836
826.4763400505706,321.43525670001327,22.564212799072266,66.6670150756836
825.2849131839993,322.28627589042134,22.564212799072266,66.6670150756836
823.7530786412648,323.1372950808294,22.564212799072266,66.6670150756836
822.5616517746935,324.3287219474007,22.564212799072266,66.6670150756836
821.3702249081222,325.1797411378088,22.564212799072266,66.6670150756836
819.8383903653877,326.03076032821684,22.564212799072266,66.6670150756836
818.6469634988164,327.22218719478815,22.564212799072266,66.6670150756836
817.1151289560819,327.732798709033,22.564212799072266,66.6670150756836
816.2641097656738,328.9242255756043,22.564212799072266,66.6670150756836
814.391867546776,329.77524476601235,22.564212799072266,66.6670150756836
812.8600330040415,330.6262639564204,22.564212799072266,66.6670150756836
811.374311007049,330.4185203506916,23.063446044921875,68.14202117919922
