362.21,34.967,66.86,97.193
360.60223,33.35922,66.86,97.193
360.9238,33.037663,66.86,97.193
361.24536,32.716106,66.86,97.193
360.2807,33.037663,66.86,97.193
360.60226,32.072994,66.86,97.193
360.2807,31.751438,66.86,97.193
359.31604,32.716106,66.86,97.193
358.99448,31.751438,66.86,97.193
359.95914,32.716106,66.86,97.193
358.35135,31.751438,66.86,97.193
357.3867,31.429882,66.86,97.193
357.06512,31.108326,66.86,97.193
357.3867,30.78677,66.86,97.193
356.42203,32.39455,66.86,97.193
356.10046,32.072994,66.86,97.193
355.1358,31.751438,66.86,97.193
356.10046,32.716106,66.86,97.193
355.7789,33.037663,66.86,97.193
357.3867,32.716106,66.86,97.193
356.42203,33.680775,66.86,97.193
358.6729,33.35922,66.86,97.193
358.35135,33.680775,66.86,97.193
359.316,34.00233,66.86,97.193
358.99445,33.680775,66.86,97.193
360.60223,34.00233,66.86,97.193
359.63757,33.680775,66.86,97.193
360.60223,34.645443,66.86,97.193
360.28067,34.967,66.86,97.193
359.9591,34.00233,66.86,97.193
361.5669,34.967,66.86,97.193
360.60223,35.288555,66.86,97.193
362.85312,36.253223,66.86,97.193
362.53156,36.57478,66.86,97.193
362.21,36.896336,66.86,97.193
363.17465,37.861004,66.86,97.193
362.8531,38.825672,66.86,97.193
365.10397,38.504116,66.86,97.193
363.4962,38.18256,66.86,97.193
365.10397,37.861004,66.86,97.193
364.1393,38.825672,66.86,97.193
365.7471,39.14723,66.86,97.193
367.3549,38.825672,66.86,97.193
367.03333,39.79034,66.86,97.193
367.998,39.468784,66.86,97.193
369.60577,39.79034,66.86,97.193
369.92734,40.75501,66.86,97.193
371.53513,41.719677,66.86,97.193
372.4998,41.39812,66.86,97.193
371.53513,41.076565,66.86,97.193
373.786,40.111897,66.86,97.193
372.0455,38.03585,68.33928,99.3434
372.3125,37.27786,69.85129,101.541374
371.97656,37.613804,69.85129,101.541374
372.98438,37.27786,69.85129,101.541374
373.9922,37.613804,69.85129,101.541374
373.65625,38.62163,69.85129,101.541374
372.64844,38.285686,69.85129,101.541374
370.9687,38.62163,69.85129,101.541374
372.64844,38.957577,69.85129,101.541374
369.62494,39.29352,69.85129,101.541374
368.61713,37.61381,69.85129,101.541374
366.26556,39.29352,69.85129,101.541374
364.58582,37.61381,69.85129,101.541374
364.92175,38.62164,69.85129,101.541374
362.5702,38.285694,69.85129,101.541374
360.21857,39.29352,69.85129,101.541374
357.19513,37.61381,69.85129,101.541374
353.49976,39.965405,69.85129,101.541374
353.16382,38.285694,69.85129,101.541374
348.79657,39.965405,69.85129,101.541374
345.77307,38.957577,69.85129,101.541374
340.73395,37.277866,69.85129,101.541374
335.02295,35.598156,69.85129,101.541374
332.67133,37.94975,69.85129,101.541374
329.6479,35.598156,69.85129,101.541374
326.6244,35.9341,69.85129,101.541374
324.9447,38.285694,69.85129,101.541374
326.6244,35.9341,69.85129,101.541374
324.9447,38.285694,69.85129,101.541374
326.6244,39.29352,69.85129,101.541374
326.28845,40.30135,69.85129,101.541374
327.29626,38.62164,69.85129,101.541374
326.28845,43.66077,69.85129,101.541374
324.60876,46.012363,69.85129,101.541374
324.9447,49.70773,69.85129,101.541374
323.12634,51.72129,71.39674,103.78798
324.84323,49.317665,71.39674,103.78798
323.8131,53.094788,71.39674,103.78798
324.1565,52.06466,71.39674,103.78798
324.49988,53.094788,71.39674,103.78798
326.9035,51.377914,71.39674,103.78798
324.49988,53.78154,71.39674,103.78798
324.84326,50.691162,71.39674,103.78798
323.12637,53.094788,71.39674,103.78798
323.46976,52.75141,71.39674,103.78798
321.75287,52.408035,71.39674,103.78798
320.03598,54.12491,71.39674,103.78798
508.52021752740825,164.16774959321918,71.39674377441406,103.78797912597656
560.5808927630391,174.21042838985616,69.87418365478516,101.57466888427734
566.8323383879048,178.20863540516595,68.38409423828125,99.40856170654297
566.5034523978632,177.87974941512437,68.38409423828125,99.40856170654297
566.1745664078215,177.55086342508278,68.38409423828125,99.40856170654297
565.8456804177799,177.2219774350412,68.38409423828125,99.40856170654297
564.8590224476552,177.55086342508278,68.38409423828125,99.40856170654297
567.8189963580294,177.2219774350412,68.38409423828125,99.40856170654297
565.5167944277383,177.55086342508278,68.38409423828125,99.40856170654297
568.4767683381125,177.2219774350412,68.38409423828125,99.40856170654297
566.1745664078214,177.55086342508278,68.38409423828125,99.40856170654297
565.8456804177798,176.56420545495806,68.38409423828125,99.40856170654297
564.8590224476551,176.23531946491647,68.38409423828125,99.40856170654297
566.5034523978629,177.2219774350412,68.38409423828125,99.40856170654297
566.1745664078213,176.8930914449996,68.38409423828125,99.40856170654297
565.1879084376966,176.56420545495803,68.38409423828125,99.40856170654297
568.1478823480708,175.5775474848333,68.38409423828125,99.40856170654297
566.5034523978629,176.56420545495803,68.38409423828125,99.40856170654297
566.8323383879045,176.23531946491644,68.38409423828125,99.40856170654297
565.1879084376967,176.56420545495803,68.38409423828125,99.40856170654297
567.4901103679878,176.23531946491644,68.38409423828125,99.40856170654297
565.8456804177799,177.22197743504117,68.38409423828125,99.40856170654297
564.8590224476552,176.89309144499958,68.38409423828125,99.40856170654297
567.1612243779463,176.564205454958,68.38409423828125,99.40856170654297
565.5167944277384,176.23531946491642,68.38409423828125,99.40856170654297
568.4767683381126,178.53752139520742,68.38409423828125,99.40856170654297
567.4901103679879,176.89309144499956,68.38409423828125,99.40856170654297
566.5034523978632,176.56420545495797,68.38409423828125,99.40856170654297
568.147882348071,176.89309144499956,68.38409423828125,99.40856170654297
565.8456804177799,176.56420545495797,68.38409423828125,99.40856170654297
565.5167944277383,176.2353194649164,68.38409423828125,99.40856170654297
569.0989378234444,180.14826577810294,66.92578125,97.28864288330078
567.489575837235,177.8951589974097,66.92578125,97.28864288330078
567.167703439993,177.57328660016782,66.92578125,97.28864288330078
568.8120265935977,180.78230930200317,65.49856567382812,95.21393585205078
568.4970182221765,178.57725070205484,65.49856567382812,95.21393585205078
570.7135180015277,181.71784047493367,64.10179138183594,93.1834716796875
569.1720643864347,180.1763868598407,64.10179138183594,93.1834716796875
570.7135180015277,181.1012590288965,64.10179138183594,93.1834716796875
569.1720643864347,179.55980541380353,64.10179138183594,93.1834716796875
570.7135180015277,181.7178404749337,64.10179138183594,93.1834716796875
569.1720643864347,180.17638685984073,64.10179138183594,93.1834716796875
46.729344341378805,248.05119131624207,64.10179138183594,93.1834716796875
0.7940266116082526,281.0382986792317,64.10179138183594,93.1834716796875
-0.7474270034847201,283.1963337403618,64.10179138183594,93.1834716796875
0.17744516557106138,282.271461571306,64.10179138183594,93.1834716796875
-0.13084555744753246,282.57975229432463,64.10179138183594,93.1834716796875
-0.4391362804661263,282.88804301734325,64.10179138183594,93.1834716796875
-0.13084555744753246,283.19633374036187,64.10179138183594,93.1834716796875
-0.4391362804661263,282.2714615713061,64.10179138183594,93.1834716796875
-0.13084555744753246,281.96317084828746,64.10179138183594,93.1834716796875
0.17744516557106138,281.65488012526885,64.10179138183594,93.1834716796875
0.48573588858965877,282.57975229432463,64.10179138183594,93.1834716796875
-1.0557177265033175,282.88804301734325,64.10179138183594,93.1834716796875
-0.130845557447536,282.57975229432463,64.10179138183594,93.1834716796875
0.17744516557105783,282.271461571306,64.10179138183594,93.1834716796875
0.48573588858965167,281.9631708482874,64.10179138183594,93.1834716796875
-1.055717726503321,282.8880430173432,64.10179138183594,93.1834716796875
-0.13084555744753956,283.1963337403618,64.10179138183594,93.1834716796875
0.17744516557105428,282.271461571306,64.10179138183594,93.1834716796875
0.48573588858964456,281.9631708482874,64.10179138183594,93.1834716796875
-1.0557177265033246,282.8880430173432,64.10179138183594,93.1834716796875
-0.13084555744754311,283.1963337403618,64.10179138183594,93.1834716796875
0.17744516557105072,282.271461571306,64.10179138183594,93.1834716796875
0.48573588858964456,282.57975229432463,64.10179138183594,93.1834716796875
-1.0557177265033282,283.5046244633804,64.10179138183594,93.1834716796875
-0.13084555744754667,282.57975229432463,64.10179138183594,93.1834716796875
0.17744516557104717,282.88804301734325,64.10179138183594,93.1834716796875
0.48573588858964456,283.19633374036187,64.10179138183594,93.1834716796875
-1.0557177265033317,282.2714615713061,64.10179138183594,93.1834716796875
-0.13084555744755022,282.5797522943247,64.10179138183594,93.1834716796875
0.17744516557104362,283.5046244633805,64.10179138183594,93.1834716796875
0.48573588858963745,282.5797522943247,64.10179138183594,93.1834716796875
-0.43913628046614406,282.8880430173433,64.10179138183594,93.1834716796875
-0.13084555744755022,283.8129151863991,64.10179138183594,93.1834716796875
-0.43913628046614406,282.8880430173433,64.10179138183594,93.1834716796875
-0.13084555744755022,283.1963337403619,64.10179138183594,93.1834716796875
0.17744516557104362,282.27146157130613,64.10179138183594,93.1834716796875
0.48573588858963745,283.1963337403619,64.10179138183594,93.1834716796875
-1.0557177265033353,282.27146157130613,64.10179138183594,93.1834716796875
-0.13084555744755377,281.9631708482875,64.10179138183594,93.1834716796875
0.17744516557104006,282.27146157130613,64.10179138183594,93.1834716796875
-0.13084555744755377,283.1963337403619,64.10179138183594,93.1834716796875
0.17744516557104006,282.27146157130613,64.10179138183594,93.1834716796875
0.48573588858963035,283.1963337403619,64.10179138183594,93.1834716796875
-1.0557177265033388,282.27146157130613,64.10179138183594,93.1834716796875
0.48573588858963035,281.9631708482875,64.10179138183594,93.1834716796875
-1.0557177265033388,282.8880430173433,64.10179138183594,93.1834716796875
-0.13084555744755733,282.5797522943247,64.10179138183594,93.1834716796875
0.1774451655710365,283.5046244633805,64.10179138183594,93.1834716796875
0.48573588858963035,281.9631708482875,64.10179138183594,93.1834716796875
-0.43913628046615116,282.27146157130613,64.10179138183594,93.1834716796875
-0.13084555744755733,282.57975229432475,64.10179138183594,93.1834716796875
0.1774451655710365,282.88804301734336,64.10179138183594,93.1834716796875
0.48573588858963035,283.196333740362,64.10179138183594,93.1834716796875
-1.0557177265033424,282.2714615713062,64.10179138183594,93.1834716796875
0.48573588858963035,283.196333740362,64.10179138183594,93.1834716796875
-1.0557177265033424,282.2714615713062,64.10179138183594,93.1834716796875
0.48573588858963035,282.5797522943248,64.10179138183594,93.1834716796875
-0.43913628046615116,283.5046244633806,64.10179138183594,93.1834716796875
0.48573588858963035,282.5797522943248,64.10179138183594,93.1834716796875
-0.43913628046615116,283.5046244633806,64.10179138183594,93.1834716796875
0.48573588858963035,281.96317084828763,64.10179138183594,93.1834716796875
-0.43913628046615116,282.8880430173434,64.10179138183594,93.1834716796875
0.48573588858963035,283.19633374036204,64.10179138183594,93.1834716796875
-0.43913628046615116,281.6548801252691,64.10179138183594,93.1834716796875
0.48573588858963035,283.19633374036204,64.10179138183594,93.1834716796875
-0.43913628046615116,281.6548801252691,64.10179138183594,93.1834716796875
0.48573588858963035,282.57975229432486,64.10179138183594,93.1834716796875
0.1774451655710365,282.27146157130625,64.10179138183594,93.1834716796875
1.102317334626818,281.96317084828763,64.10179138183594,93.1834716796875
0.1774451655710365,281.654880125269,64.10179138183594,93.1834716796875
1.102317334626818,283.196333740362,64.10179138183594,93.1834716796875
0.1774451655710365,281.654880125269,64.10179138183594,93.1834716796875
1.102317334626818,282.5797522943248,64.10179138183594,93.1834716796875
0.1774451655710365,281.654880125269,64.10179138183594,93.1834716796875
1.102317334626818,282.5797522943248,64.10179138183594,93.1834716796875
0.1774451655710365,281.654880125269,64.10179138183594,93.1834716796875
1.102317334626818,282.5797522943248,64.10179138183594,93.1834716796875
0.1774451655710365,281.654880125269,64.10179138183594,93.1834716796875
1.102317334626818,281.96317084828763,64.10179138183594,93.1834716796875
0.1774451655710365,281.03829867923184,64.10179138183594,93.1834716796875
1.7188987806640057,281.34658940225046,64.10179138183594,93.1834716796875
-0.4391362804661547,281.6548801252691,64.10179138183594,93.1834716796875
1.102317334626818,281.9631708482877,64.10179138183594,93.1834716796875
1.4106080576454119,280.4217172331947,64.10179138183594,93.1834716796875
1.7188987806640057,281.9631708482877,64.10179138183594,93.1834716796875
0.17744516557103296,280.4217172331947,64.10179138183594,93.1834716796875
1.7188987806640057,281.3465894022505,64.10179138183594,93.1834716796875
0.17744516557103296,280.4217172331947,64.10179138183594,93.1834716796875
1.7188987806640057,281.3465894022505,64.10179138183594,93.1834716796875
-0.4391362804661547,280.4217172331947,64.10179138183594,93.1834716796875
1.102317334626818,281.3465894022505,64.10179138183594,93.1834716796875
1.4106080576454119,280.4217172331947,64.10179138183594,93.1834716796875
1.7188987806640057,281.3465894022505,64.10179138183594,93.1834716796875
0.17744516557103296,280.4217172331947,64.10179138183594,93.1834716796875
1.7188987806640057,281.3465894022505,64.10179138183594,93.1834716796875
0.17744516557103296,280.4217172331947,64.10179138183594,93.1834716796875
1.7188987806640057,281.3465894022505,64.10179138183594,93.1834716796875
-0.4391362804661547,280.4217172331947,64.10179138183594,93.1834716796875
1.102317334626818,281.3465894022505,64.10179138183594,93.1834716796875
1.4106080576454119,280.4217172331947,64.10179138183594,93.1834716796875
1.7188987806640057,281.3465894022505,64.10179138183594,93.1834716796875
-0.4391362804661547,280.4217172331947,64.10179138183594,93.1834716796875
1.102317334626818,281.3465894022505,64.10179138183594,93.1834716796875
1.4106080576454119,280.4217172331947,64.10179138183594,93.1834716796875
1.7188987806640057,280.73000795621334,64.10179138183594,93.1834716796875
0.17744516557103296,281.03829867923196,64.10179138183594,93.1834716796875
1.7188987806640057,280.11342651017617,64.10179138183594,93.1834716796875
0.17744516557103296,280.4217172331948,64.10179138183594,93.1834716796875
1.7188987806640057,281.3465894022506,64.10179138183594,93.1834716796875
-0.4391362804661547,280.4217172331948,64.10179138183594,93.1834716796875
317.17852800673796,111.66736012215918,64.10179138183594,93.1834716796875
341.5334951252069,29.353737076194506,64.10179138183594,93.1834716796875
341.8417858482255,31.51177213732467,64.10179138183594,93.1834716796875
342.7666580172813,31.20348141430607,64.10179138183594,93.1834716796875
342.4583672942627,30.895190691287468,64.10179138183594,93.1834716796875
342.7666580172813,32.436644306380444,64.10179138183594,93.1834716796875
343.6915301863371,30.895190691287468,64.10179138183594,93.1834716796875
344.6164023553929,32.436644306380444,64.10179138183594,93.1834716796875
344.9246930784115,30.895190691287468,64.10179138183594,93.1834716796875
345.2329838014301,32.436644306380444,64.10179138183594,93.1834716796875
345.54127452444874,30.895190691287468,64.10179138183594,93.1834716796875
345.2329838014301,32.436644306380444,64.10179138183594,93.1834716796875
346.7744374165231,30.895190691287468,64.10179138183594,93.1834716796875
346.46614669350447,32.436644306380444,64.10179138183594,93.1834716796875
346.15785597048585,31.511772137324655,64.10179138183594,93.1834716796875
347.08272813954164,31.820062860343256,64.10179138183594,93.1834716796875
347.39101886256026,32.12835358336186,64.10179138183594,93.1834716796875
348.31589103161605,31.20348141430607,64.10179138183594,93.1834716796875
348.62418175463466,31.51177213732467,64.10179138183594,93.1834716796875
347.0827281395417,31.82006286034327,64.10179138183594,93.1834716796875
348.0076003085975,31.51177213732467,64.10179138183594,93.1834716796875
348.3158910316161,31.82006286034327,64.10179138183594,93.1834716796875
349.2407632006719,32.12835358336187,64.10179138183594,93.1834716796875
348.9324724776533,31.203481414306083,64.10179138183594,93.1834716796875
348.62418175463466,32.12835358336187,64.10179138183594,93.1834716796875
348.31589103161605,31.82006286034327,64.10179138183594,93.1834716796875
349.24076320067184,32.74493502939906,64.10179138183594,93.1834716796875
349.54905392369045,32.43664430638046,64.10179138183594,93.1834716796875
349.24076320067184,32.12835358336186,64.10179138183594,93.1834716796875
350.1656353697276,31.20348141430607,64.10179138183594,93.1834716796875
349.857344646709,32.12835358336186,64.10179138183594,93.1834716796875
350.1656353697276,31.20348141430607,64.10179138183594,93.1834716796875
350.47392609274624,31.51177213732467,64.10179138183594,93.1834716796875
349.54905392369045,32.43664430638046,64.10179138183594,93.1834716796875
349.85734464670907,31.51177213732467,64.10179138183594,93.1834716796875
263.7478352177219,41.675737189544805,65.5200424194336,95.24515533447266
253.34915059396434,35.688615739502566,65.5200424194336,95.24515533447266
250.51314569657592,32.22238753158338,65.5200424194336,95.24515533447266
253.34915059396434,32.53749918684876,65.5200424194336,95.24515533447266
249.88292238604515,29.701494289460342,65.5200424194336,95.24515533447266
249.5678107307798,26.86548939207192,65.5200424194336,95.24515533447266
247.9922524544529,24.0294844946835,65.5200424194336,95.24515533447266
251.4584806623721,24.974819460479637,65.5200424194336,95.24515533447266
249.25269907551444,20.24814463149893,65.5200424194336,95.24515533447266
247.82526056179694,21.56743067370691,64.12281036376953,93.21402740478516
250.58969598487982,18.10266191344555,62.75537109375,91.22621154785156
248.47698919156505,23.23352126863854,62.75537109375,91.22621154785156
245.76065188587467,24.742597549577653,62.75537109375,91.22621154785156
234.73301911147024,24.672807928749364,64.14383697509766,93.24459075927734
231.9565828428914,25.598286684942295,64.14383697509766,93.24459075927734
33.76079438167551,273.2645554489377,64.14383697509766,93.24459075927734
4.453967102232532,279.74290674228826,64.14383697509766,93.24459075927734
1.0605449961917657,280.6683854984812,64.14383697509766,93.24459075927734
1.3690379149227425,281.59386425467414,64.14383697509766,93.24459075927734
1.6775308336537265,280.6683854984812,64.14383697509766,93.24459075927734
2.603009589846664,281.59386425467414,64.14383697509766,93.24459075927734
1.0605449961917657,280.6683854984812,64.14383697509766,93.24459075927734
1.3690379149227496,281.59386425467414,64.14383697509766,93.24459075927734
1.6775308336537265,280.6683854984812,64.14383697509766,93.24459075927734
1.9860237523847033,281.59386425467414,64.14383697509766,93.24459075927734
0.443559158729812,280.6683854984812,64.14383697509766,93.24459075927734
2.603009589846657,281.59386425467414,64.14383697509766,93.24459075927734
1.0605449961917657,280.6683854984812,64.14383697509766,93.24459075927734
1.9860237523846962,281.59386425467414,64.14383697509766,93.24459075927734
0.4435591587297978,280.6683854984812,64.14383697509766,93.24459075927734
2.60300958984665,281.59386425467414,64.14383697509766,93.24459075927734
1.0605449961917515,280.6683854984812,64.14383697509766,93.24459075927734
1.986023752384689,281.59386425467414,64.14383697509766,93.24459075927734
0.4435591587297978,280.6683854984812,64.14383697509766,93.24459075927734
2.6030095898466428,281.59386425467414,64.14383697509766,93.24459075927734
1.0605449961917515,280.6683854984812,64.14383697509766,93.24459075927734
1.986023752384682,281.59386425467414,64.14383697509766,93.24459075927734
0.4435591587297836,280.6683854984812,64.14383697509766,93.24459075927734
2.6030095898466357,281.59386425467414,64.14383697509766,93.24459075927734
1.0605449961917373,280.6683854984812,64.14383697509766,93.24459075927734
1.3690379149227212,281.59386425467414,64.14383697509766,93.24459075927734
1.677530833653698,280.6683854984812,64.14383697509766,93.24459075927734
1.9860237523846749,281.59386425467414,64.14383697509766,93.24459075927734
0.4435591587297836,280.6683854984812,64.14383697509766,93.24459075927734
2.6030095898466286,281.59386425467414,64.14383697509766,93.24459075927734
1.0605449961917373,280.6683854984812,64.14383697509766,93.24459075927734
1.369037914922714,281.59386425467414,64.14383697509766,93.24459075927734
1.677530833653691,280.6683854984812,64.14383697509766,93.24459075927734
1.9860237523846678,281.59386425467414,64.14383697509766,93.24459075927734
0.44355915872976936,280.6683854984812,64.14383697509766,93.24459075927734
2.6030095898466215,281.59386425467414,64.14383697509766,93.24459075927734
1.060544996191723,280.6683854984812,64.14383697509766,93.24459075927734
1.369037914922707,281.59386425467414,64.14383697509766,93.24459075927734
1.6775308336536838,280.6683854984812,64.14383697509766,93.24459075927734
1.9860237523846607,281.59386425467414,64.14383697509766,93.24459075927734
0.44355915872976936,280.6683854984812,64.14383697509766,93.24459075927734
1.9860237523846607,282.21085009213607,64.14383697509766,93.24459075927734
-0.17342667873219142,281.9023571734051,64.14383697509766,93.24459075927734
1.9860237523846607,281.59386425467414,64.14383697509766,93.24459075927734
-0.17342667873219142,280.6683854984812,64.14383697509766,93.24459075927734
2.6030095898466143,282.21085009213607,64.14383697509766,93.24459075927734
1.060544996191723,281.2853713359431,64.14383697509766,93.24459075927734
1.3690379149226999,282.827835929598,64.14383697509766,93.24459075927734
1.6775308336536767,281.2853713359431,64.14383697509766,93.24459075927734
1.9860237523846536,282.21085009213607,64.14383697509766,93.24459075927734
-0.17342667873219852,281.2853713359431,64.14383697509766,93.24459075927734
1.9860237523846536,282.827835929598,64.14383697509766,93.24459075927734
0.44355915872975515,280.66838549848114,64.14383697509766,93.24459075927734
1.9860237523846536,282.210850092136,64.14383697509766,93.24459075927734
0.44355915872975515,281.28537133594307,64.14383697509766,93.24459075927734
1.9860237523846536,282.210850092136,64.14383697509766,93.24459075927734
0.44355915872975515,281.28537133594307,64.14383697509766,93.24459075927734
1.9860237523846536,282.82783592959794,64.14383697509766,93.24459075927734
0.44355915872975515,280.6683854984811,64.14383697509766,93.24459075927734
1.9860237523846536,281.59386425467403,64.14383697509766,93.24459075927734
0.44355915872975515,280.6683854984811,64.14383697509766,93.24459075927734
1.9860237523846536,281.59386425467403,64.14383697509766,93.24459075927734
0.44355915872975515,280.05139966101916,64.14383697509766,93.24459075927734
1.9860237523846536,281.59386425467403,64.14383697509766,93.24459075927734
0.44355915872975515,280.05139966101916,64.14383697509766,93.24459075927734
1.9860237523846536,281.59386425467403,64.14383697509766,93.24459075927734
0.44355915872975515,280.05139966101916,64.14383697509766,93.24459075927734
1.9860237523846536,281.59386425467403,64.14383697509766,93.24459075927734
0.44355915872975515,280.05139966101916,64.14383697509766,93.24459075927734
1.9860237523846536,281.59386425467403,64.14383697509766,93.24459075927734
0.44355915872975515,280.05139966101916,64.14383697509766,93.24459075927734
1.9860237523846536,281.59386425467403,64.14383697509766,93.24459075927734
0.44355915872975515,280.05139966101916,64.14383697509766,93.24459075927734
1.9860237523846536,281.59386425467403,64.14383697509766,93.24459075927734
0.44355915872975515,280.05139966101916,64.14383697509766,93.24459075927734
1.9860237523846536,281.59386425467403,64.14383697509766,93.24459075927734
0.44355915872975515,280.05139966101916,64.14383697509766,93.24459075927734
1.9860237523846536,281.59386425467403,64.14383697509766,93.24459075927734
0.44355915872975515,280.6683854984811,64.14383697509766,93.24459075927734
2.6030095898466072,280.97687841721205,64.14383697509766,93.24459075927734
1.0605449961917088,280.6683854984811,64.14383697509766,93.24459075927734
1.9860237523846465,280.3598925797501,64.14383697509766,93.24459075927734
1.0605449961917088,281.28537133594307,64.14383697509766,93.24459075927734
2.6030095898466,279.7429067422882,64.14383697509766,93.24459075927734
2.2945166711156233,280.66838549848114,64.14383697509766,93.24459075927734
2.6030095898466,279.7429067422882,64.14383697509766,93.24459075927734
3.5284883460395378,279.43441382355724,64.14383697509766,93.24459075927734
3.8369812647705146,279.1259209048263,64.14383697509766,93.24459075927734
308.94490066353177,42.69519763316431,64.14383697509766,93.24459075927734
348.74048717982805,30.663973802656145,64.14383697509766,93.24459075927734
352.1339092858688,30.97246672138712,64.14383697509766,93.24459075927734
351.82541636713785,30.663973802656145,64.14383697509766,93.24459075927734
353.9848667982547,29.738495046463214,64.14383697509766,93.24459075927734
353.05938804206176,30.04698796519419,64.14383697509766,93.24459075927734
353.9848667982547,30.355480883925168,64.14383697509766,93.24459075927734
354.29335971698566,30.663973802656145,64.14383697509766,93.24459075927734
354.6018526357166,29.121509209001246,64.14383697509766,93.24459075927734
356.1443172293715,30.663973802656145,64.14383697509766,93.24459075927734
354.6018526357166,29.738495046463214,64.14383697509766,93.24459075927734
356.7613030668335,30.04698796519419,64.14383697509766,93.24459075927734
355.83582431064053,30.97246672138712,64.14383697509766,93.24459075927734
354.8061719955919,28.340642676661574,65.56301879882812,95.30762481689453
355.1214903201498,29.91723429945108,65.56301879882812,95.30762481689453
355.4368086447077,28.971279325777374,65.56301879882812,95.30762481689453
356.3827636183814,29.28659765033528,65.56301879882812,95.30762481689453
354.80617199559185,28.971279325777374,65.56301879882812,95.30762481689453
354.49085367103396,28.655961001219467,65.56301879882812,95.30762481689453
355.43680864470764,29.601915974893174,65.56301879882812,95.30762481689453
355.12149032014975,29.91723429945108,65.56301879882812,95.30762481689453
354.17553534647607,28.971279325777374,65.56301879882812,95.30762481689453
355.7521269692656,29.28659765033528,65.56301879882812,95.30762481689453
354.17553534647607,30.23255262400899,65.56301879882812,95.30762481689453
355.7521269692656,29.91723429945108,65.56301879882812,95.30762481689453
354.17553534647607,29.601915974893174,65.56301879882812,95.30762481689453
355.7521269692656,31.17850759768268,65.56301879882812,95.30762481689453
354.17553534647607,30.232552624008974,65.56301879882812,95.30762481689453
355.7521269692656,31.17850759768268,65.56301879882812,95.30762481689453
354.17553534647607,30.232552624008974,65.56301879882812,95.30762481689453
355.7521269692656,31.17850759768268,65.56301879882812,95.30762481689453
354.17553534647607,30.232552624008974,65.56301879882812,95.30762481689453
355.12149032014975,31.17850759768268,65.56301879882812,95.30762481689453
303.72460341721177,95.1881274829367,65.56301879882812,95.30762481689453
309.0850149346961,92.35026256191557,65.56301879882812,95.30762481689453
313.8147898030646,89.51239764089445,65.56301879882812,95.30762481689453
313.6020997645216,92.65607811453589,64.16487121582031,93.27516174316406
319.93762884083577,90.3787976531755,62.79653549194336,91.28604125976562
324.97366146015054,88.73227459342746,61.45738220214844,89.33934020996094
329.902299678748,87.69064402391041,60.146785736083984,87.43415069580078
333.6628032548789,86.82283550634173,60.146785736083984,87.43415069580078
332.9100583440863,86.91867505583787,58.8641357421875,85.56958770751953
337.63072858516165,87.01246977959545,57.60884094238281,83.74478912353516
341.71663162978814,86.03606594925382,56.380313873291016,81.95890808105469
343.61471715077556,86.3072210236806,56.380313873291016,81.95890808105469
344.9704925229094,85.49375580040027,56.380313873291016,81.95890808105469
343.61471715077556,85.76491087482704,56.380313873291016,81.95890808105469
346.5974229694701,84.95144565154672,56.380313873291016,81.95890808105469
346.86857804389683,83.59567027941284,56.380313873291016,81.95890808105469
347.68204326717716,83.32451520498607,56.380313873291016,81.95890808105469
348.4955084904575,81.9687398328522,56.380313873291016,81.95890808105469
348.22435341603074,83.32451520498607,56.380313873291016,81.95890808105469
349.03781863931107,82.51104998170575,56.380313873291016,81.95890808105469
349.3089737137378,83.32451520498608,56.380313873291016,81.95890808105469
349.5801287881646,81.96873983285221,56.380313873291016,81.95890808105469
352.0205244580056,83.86682535383963,56.380313873291016,81.95890808105469
350.12243893701816,83.0533601305593,56.380313873291016,81.95890808105469
350.3935940114449,82.23989490727897,56.380313873291016,81.95890808105469
352.29167953243234,83.0533601305593,56.380313873291016,81.95890808105469
350.9359041602985,82.23989490727897,56.380313873291016,81.95890808105469
352.29167953243234,82.51104998170574,56.380313873291016,81.95890808105469
351.478214309152,82.23989490727897,56.380313873291016,81.95890808105469
353.37629983013943,82.51104998170574,56.380313873291016,81.95890808105469
352.0205244580056,83.32451520498606,56.380313873291016,81.95890808105469
353.37629983013943,83.05336013055928,56.380313873291016,81.95890808105469
353.1051447557127,84.9514456515467,56.380313873291016,81.95890808105469
352.8339896812859,85.76491087482702,56.380313873291016,81.95890808105469
352.56283460685916,84.95144565154669,56.380313873291016,81.95890808105469
354.4609201278466,85.76491087482702,56.380313873291016,81.95890808105469
353.64745490456625,84.95144565154669,56.380313873291016,81.95890808105469
353.98726448009785,87.13211464705753,55.17798614501953,80.21111297607422
353.72189186930643,84.21301592835204,55.17798614501953,80.21111297607422
353.456519258515,87.13211464705753,55.17798614501953,80.21111297607422
352.129656204558,88.9897229225974,55.17798614501953,80.21111297607422
353.456519258515,90.84733119813725,55.17798614501953,80.21111297607422
351.59891098297516,92.17419425209431,55.17798614501953,80.21111297607422
351.41991116056573,89.70430622262191,54.00130081176758,78.5005874633789
352.7184784602396,92.56115428190441,54.00130081176758,78.5005874633789
351.41991116056573,93.85972158157827,54.00130081176758,78.5005874633789
351.16019770063093,93.6000081216435,54.00130081176758,78.5005874633789
349.3422034810875,94.89857542131736,54.00130081176758,78.5005874633789
349.16702092907735,93.98331652493599,52.849708557128906,76.8265380859375
347.89614596820377,95.76254147015902,52.849708557128906,76.8265380859375
350.6645559907568,98.78660868875696,51.72267150878906,75.18818664550781
348.42576428558607,99.53287259048054,51.72267150878906,75.18818664550781
347.1819911160468,101.27415502783555,51.72267150878906,75.18818664550781
348.42576428558607,101.5229096617434,51.72267150878906,75.18818664550781
346.18697258041533,103.76170136691414,51.72267150878906,75.18818664550781
343.9481808752446,106.00049307208488,51.72267150878906,75.18818664550781
342.20689843788955,107.74177550943989,51.72267150878906,75.18818664550781
340.4656160005345,110.47807648242633,51.72267150878906,75.18818664550781
342.70440770570525,111.22434038414991,51.72267150878906,75.18818664550781
338.97308819708735,113.96064135713635,51.72267150878906,75.18818664550781
337.2318057597323,116.6969423301228,51.72267150878906,75.18818664550781
334.99301405456157,119.93075257092497,51.72267150878906,75.18818664550781
331.75920381375937,122.1695442760957,51.72267150878906,75.18818664550781
330.5154306442201,122.41829891000356,51.72267150878906,75.18818664550781
327.77912967123365,124.6570906151743,51.72267150878906,75.18818664550781
324.04781016261575,127.39339158816074,51.72267150878906,75.18818664550781
319.32147211836644,129.13467402551575,51.72267150878906,75.18818664550781
315.59015260974854,130.87595646287076,51.72267150878906,75.18818664550781
313.8488701723935,131.1247110967786,51.72267150878906,75.18818664550781
310.6150599315913,132.86599353413362,51.72267150878906,75.18818664550781
307.87875895860486,135.60229450712006,51.72267150878906,75.18818664550781
303.15242091435556,139.33361401573796,51.72267150878906,75.18818664550781
297.9285736022905,142.56742425654014,51.72267150878906,75.18818664550781
295.19227262930406,142.31866962263229,51.72267150878906,75.18818664550781
292.4559716563176,145.55247986343446,51.72267150878906,75.18818664550781
289.044877695184,149.10812168309565,52.867034912109375,76.85172271728516
285.7395194028041,152.9219966358417,52.867034912109375,76.85172271728516
282.43416111042416,154.7018049471232,52.867034912109375,76.85172271728516
283.6958714588426,153.58783797936297,54.03671646118164,78.55207061767578
283.36772066926,154.60626363819804,55.232276916503906,80.29003143310547
280.4457496973501,152.74682756516447,55.232276916503906,80.29003143310547
280.71138342206916,150.8873914921309,55.232276916503906,80.29003143310547
283.131920614996,148.0700162697277,56.45429229736328,82.06645202636719
283.35247313041486,145.19030876772655,57.70334243774414,83.88217163085938
283.62999117931156,143.80271852324316,57.70334243774414,83.88217163085938
286.68268971717504,144.08023657213982,57.70334243774414,83.88217163085938
289.1803521572451,139.3624297408963,57.70334243774414,83.88217163085938
291.6780145973152,135.75469510523948,57.70334243774414,83.88217163085938
293.62064093959196,136.03221315413614,57.70334243774414,83.88217163085938
295.5632672818687,131.86944242068597,57.70334243774414,83.88217163085938
297.5058936241455,127.7066716872358,57.70334243774414,83.88217163085938
299.4485199664222,124.09893705157896,57.70334243774414,83.88217163085938
301.9362015133612,123.12093148425424,56.472801208496094,82.0933609008789
302.75100119210373,122.30613180551168,56.472801208496094,82.0933609008789
304.10900065667465,120.94813234094076,56.472801208496094,82.0933609008789
305.4670001212456,121.76293201968332,56.472801208496094,82.0933609008789
306.2817997999881,121.49133212676912,56.472801208496094,82.0933609008789
307.6295629584346,119.17425033364398,57.72226333618164,83.90967559814453
306.24151775571005,118.89664129309907,57.72226333618164,83.90967559814453
307.6295629584346,121.95034073909306,57.72226333618164,83.90967559814453
306.24151775571005,120.56229553636851,57.72226333618164,83.90967559814453
304.8534725529855,122.50555882018287,57.72226333618164,83.90967559814453
305.6862996746203,121.11751361745831,57.72226333618164,83.90967559814453
305.9639087151652,123.06077690127267,57.72226333618164,83.90967559814453
306.2415177557101,123.33838594181759,57.72226333618164,83.90967559814453
303.1878183097161,121.95034073909304,57.72226333618164,83.90967559814453
301.2445550259017,123.33838594181759,57.72226333618164,83.90967559814453
299.8565098231772,121.95034073909304,57.72226333618164,83.90967559814453
301.2445550259017,123.8936040229074,57.72226333618164,83.90967559814453
359.6499761247611,46.0641803198297,58.999366760253906,85.76617431640625
357.66371814079235,37.83539724338769,58.999366760253906,85.76617431640625
355.6774601568236,35.84913925941893,58.999366760253906,85.76617431640625
353.1236998917209,35.56538811885197,58.999366760253906,85.76617431640625
353.9749533134218,35.84913925941893,58.999366760253906,85.76617431640625
351.98869532945304,35.56538811885197,58.999366760253906,85.76617431640625
350.5699396266182,34.71413469715107,58.999366760253906,85.76617431640625
349.1511839237833,36.1328903999859,58.999366760253906,85.76617431640625
350.5699396266182,34.14663241601714,58.999366760253906,85.76617431640625
348.5836816426494,35.56538811885197,58.999366760253906,85.76617431640625
348.2999305020825,34.71413469715107,58.999366760253906,85.76617431640625
348.5836816426494,36.1328903999859,58.999366760253906,85.76617431640625
347.16492593981457,34.14663241601714,58.999366760253906,85.76617431640625
349.1511839237833,36.1328903999859,58.999366760253906,85.76617431640625
348.2999305020824,34.71413469715107,58.999366760253906,85.76617431640625
349.7186862049173,36.70039268111982,58.999366760253906,85.76617431640625
348.8674327832164,37.551646102820726,58.999366760253906,85.76617431640625
350.8536907671851,37.83539724338769,58.999366760253906,85.76617431640625
350.0024373454842,38.68665066508859,58.999366760253906,85.76617431640625
350.8536907671851,37.83539724338769,58.999366760253906,85.76617431640625
351.1374419077521,39.25415294622252,58.999366760253906,85.76617431640625
351.988695329453,37.83539724338769,58.999366760253906,85.76617431640625
351.70494418888603,39.821655227356445,58.999366760253906,85.76617431640625
351.988695329453,38.97040180565554,58.999366760253906,85.76617431640625
352.27244647001993,39.821655227356445,58.999366760253906,85.76617431640625
353.6912021728548,40.10540636792341,58.999366760253906,85.76617431640625
353.40745103228784,40.95665978962431,58.999366760253906,85.76617431640625
355.96121129739055,40.10540636792341,58.999366760253906,85.76617431640625
356.2449624379575,41.52416207075824,58.999366760253906,85.76617431640625
356.52871357852445,39.53790408678948,58.999366760253906,85.76617431640625
357.37996700022535,40.95665978962431,58.999366760253906,85.76617431640625
358.7987227030602,41.807913211325214,58.999366760253906,85.76617431640625
358.51497156249326,44.36167347642791,58.999366760253906,85.76617431640625
358.2312204219263,48.05043830379847,58.999366760253906,85.76617431640625
359.0824738436272,47.76668716323151,58.999366760253906,85.76617431640625
357.66371814079235,51.45545199060207,58.999366760253906,85.76617431640625
356.2449624379575,55.144216817972634,58.999366760253906,85.76617431640625
355.3937090162566,57.69797708307533,58.999366760253906,85.76617431640625
352.680285007181,59.98749928558685,60.30472946166992,87.66374969482422
352.970314141733,60.277528420138864,60.30472946166992,87.66374969482422
350.94011019986897,64.047907169315,60.30472946166992,87.66374969482422
351.230139334421,67.23822764938711,60.30472946166992,87.66374969482422
348.45668085753,63.560300637246,61.638973236083984,89.60330963134766
348.75312688668396,69.78566724947945,61.638973236083984,89.60330963134766
346.53343215952,66.02636481187336,63.00273513793945,91.58578491210938
345.52209840704825,67.84250470777626,64.39666748046875,93.61212158203125
343.3541362406973,70.62988463594175,64.39666748046875,93.61212158203125
341.18617407434635,73.41726456410724,64.39666748046875,93.61212158203125
339.0182119079954,75.58522673045817,64.39666748046875,93.61212158203125
338.6271477869758,71.65773655889272,65.82144165039062,95.68328857421875
334.5118523183102,75.13990964776357,65.82144165039062,95.68328857421875
329.51408385550724,73.75298284537398,67.27774047851562,97.80027770996094
325.30773747459745,76.01793858894078,67.27774047851562,97.80027770996094
320.87079181920274,75.94311817298042,68.7662582397461,99.964111328125
321.86296377179985,77.59673809397557,68.7662582397461,99.964111328125
314.9177601036202,75.94311817298042,68.7662582397461,99.964111328125
307.6376366363859,75.86664253937607,70.28771209716797,102.17581939697266
300.53877033704777,73.50035377293003,70.28771209716797,102.17581939697266
292.76382153301074,70.45798250178511,70.28771209716797,102.17581939697266
292.4257802806613,72.82427126823116,70.28771209716797,102.17581939697266
287.3551614954198,69.78189999708624,70.28771209716797,102.17581939697266
283.636707719576,72.14818876353229,70.28771209716797,102.17581939697266
280.5943364484311,72.48623001588173,70.28771209716797,102.17581939697266
278.9041301866839,73.50035377293004,70.28771209716797,102.17581939697266
277.21392392493675,71.81014751118286,70.28771209716797,102.17581939697266
274.84763515849073,72.82427126823117,70.28771209716797,102.17581939697266
273.8335114014424,72.48623001588173,70.28771209716797,102.17581939697266
272.8193876443941,75.52860128702665,70.28771209716797,102.17581939697266
270.4530988779481,74.51447752997834,70.28771209716797,102.17581939697266
269.4389751208998,73.50035377293003,70.28771209716797,102.17581939697266
268.4248513638515,71.81014751118285,70.28771209716797,102.17581939697266
268.76289261620093,76.2046837917255,70.28771209716797,102.17581939697266
269.77701637324924,73.16231252058058,70.28771209716797,102.17581939697266
256.8168545941888,305.852275162114,70.28771209716797,102.17581939697266
166.5598402168897,243.99072598216742,70.28771209716797,102.17581939697266
165.5457164598414,242.30051972042025,70.28771209716797,102.17581939697266
163.85551019809424,243.99072598216742,70.28771209716797,102.17581939697266
159.22005703260945,241.80825108154426,71.84282684326172,104.43646240234375
156.11037329709046,244.2268939869479,71.84282684326172,104.43646240234375
153.52322448626398,241.9961348518192,73.4323501586914,106.74711608886719
151.61165465752734,244.84574190370387,75.05703735351562,109.10889434814453
146.66166529706007,241.01711715187685,76.7176742553711,111.5229263305664
145.43017357060899,242.46300631955398,78.41505432128906,113.99037170410156
144.17143641674798,245.5059724644176,80.14998626708984,116.51240539550781
142.08499453438614,241.41755853203813,81.92330169677734,119.09024047851562
136.68217672668237,239.69134584970158,83.73585510253906,121.72511291503906
131.15982289820627,234.58437573955104,85.58850860595703,124.41828155517578
128.93180500285982,235.34332325922026,87.4821548461914,127.17103576660156
124.30370755516722,233.23964260117816,87.4821548461914,127.17103576660156
126.40738821320932,237.02626778565394,87.4821548461914,127.17103576660156
119.25487397586622,234.08111486439503,87.4821548461914,127.17103576660156
116.1045356703448,234.85685371312934,89.41769409179688,129.9846954345703
110.51395172958149,233.56671895756858,89.41769409179688,129.9846954345703
108.1862554021325,232.57493279686145,91.39605712890625,132.86061096191406
108.625815064475,231.25625380983388,91.39605712890625,132.86061096191406
109.89496056141195,228.4183520219256,93.41819763183594,135.80015563964844
106.74996612230905,227.07049726231008,93.41819763183594,135.80015563964844
108.97945821664783,227.89887396578587,95.48507690429688,138.8047332763672
109.43868356537183,230.19500070940592,95.48507690429688,138.8047332763672
104.70265824421372,231.23240011237948,93.4488296508789,135.8446807861328
107.86545254607236,227.3981856910724,95.51638793945312,138.85025024414062
108.32482846399918,229.6950652807065,95.51638793945312,138.85025024414062
110.62170805363331,227.3981856910724,95.51638793945312,138.85025024414062
111.08108397156013,231.53256895241384,95.51638793945312,138.85025024414062
112.4592117253406,228.31693752692604,95.51638793945312,138.85025024414062
112.91858764326741,231.53256895241384,95.51638793945312,138.85025024414062
115.21546723290155,227.3981856910724,95.51638793945312,138.85025024414062
117.51234682253568,229.6950652807065,95.51638793945312,138.85025024414062
121.64673008387709,230.15444119863332,95.51638793945312,138.85025024414062
123.02485783765755,229.6950652807065,95.51638793945312,138.85025024414062
126.25717700315639,233.38943965250417,93.4794692993164,135.88922119140625
120.75396958479001,233.53838694446563,91.48599243164062,132.99134826660156
125.59388343255674,235.73834778435958,91.48599243164062,132.99134826660156
128.6738286084083,236.17833995233838,91.48599243164062,132.99134826660156
131.75377378425983,240.13826946414753,91.48599243164062,132.99134826660156
133.0737502881962,242.33823030404147,91.48599243164062,132.99134826660156
129.11382077638706,247.17814415180823,91.48599243164062,132.99134826660156
208.7524031805487,243.21821463999908,91.48599243164062,132.99134826660156
206.55244234065472,240.13826946414753,91.48599243164062,132.99134826660156
208.7524031805487,238.81829296021112,91.48599243164062,132.99134826660156
202.1525206608668,240.13826946414753,91.48599243164062,132.99134826660156
193.79266946926973,237.05832428829598,91.48599243164062,132.99134826660156
184.55283394171505,238.37830079223238,91.48599243164062,132.99134826660156
174.4330140782028,237.05832428829598,91.48599243164062,132.99134826660156
160.7932568708602,238.37830079223238,91.48599243164062,132.99134826660156
151.55342134330553,241.45824596808393,91.48599243164062,132.99134826660156
141.43360147979328,237.49831645627478,91.48599243164062,132.99134826660156
130.43379728032343,237.93830862425358,91.48599243164062,132.99134826660156
127.35385210447188,240.13826946414753,91.48599243164062,132.99134826660156
119.87398524883238,237.05832428829598,91.48599243164062,132.99134826660156
110.63414972127771,242.77822247202027,91.48599243164062,132.99134826660156
99.12277454012985,237.19858130908472,93.51011657714844,135.93377685546875
89.67850765152804,233.1510383568268,93.51011657714844,135.93377685546875
84.73151070987947,237.19858130908472,93.51011657714844,135.93377685546875
77.98560578944961,230.45267638865482,93.51011657714844,135.93377685546875
66.7424309220665,224.6062254576156,93.51011657714844,135.93377685546875
55.4992560546834,228.65376840987352,93.51011657714844,135.93377685546875
48.753351134253535,224.6062254576156,93.51011657714844,135.93377685546875
43.51957097558282,225.43541532169917,95.57902526855469,138.94131469726562
34.354671752746896,223.42145951163002,97.69371032714844,142.01539611816406
16.03061681128918,221.07222169862263,97.69371032714844,142.01539611816406
8.043208247064008,220.60237413602113,97.69371032714844,142.01539611816406
4.75427530885365,226.71039244984036,97.69371032714844,142.01539611816406
5.22412287145513,227.18024001244186,97.69371032714844,142.01539611816406
-0.8838954423641141,227.65008757504336,97.69371032714844,142.01539611816406
-0.41404787976263435,226.2405448872389,97.69371032714844,142.01539611816406
-8.401456443987797,222.95161194902857,97.69371032714844,142.01539611816406
-13.569779632604082,228.11993513764486,97.69371032714844,142.01539611816406
-11.16950870323791,227.36986887312509,95.61035919189453,138.98687744140625
-12.548992468663869,230.58866432578566,95.61035919189453,138.98687744140625
-17.607099608559054,227.36986887312509,95.61035919189453,138.98687744140625
-15.25801793137244,234.6135398750646,93.57144165039062,136.02293395996094
-17.296591814424882,239.10019572833187,91.57600402832031,133.12220764160156
-15.094466318525456,235.1363698357129,91.57600402832031,133.12220764160156
-13.773191020985799,239.98104592669165,91.57600402832031,133.12220764160156
-16.856166715244996,238.65977062915198,91.57600402832031,133.12220764160156
-12.011490624266258,232.93424433981346,91.57600402832031,133.12220764160156
-11.571065525086375,233.37466943899335,91.57600402832031,133.12220764160156
-12.892340822626032,234.69594473653302,91.57600402832031,133.12220764160156
-10.690215326726609,230.73211884391407,91.57600402832031,133.12220764160156
-12.892340822626032,234.69594473653302,91.57600402832031,133.12220764160156
-12.451915723446149,230.73211884391407,91.57600402832031,133.12220764160156
-14.654041219345572,233.81509453817324,91.57600402832031,133.12220764160156
-12.40407861588644,232.26298529408308,89.62311553955078,130.28334045410156
-13.697177319731576,234.41814980049162,89.62311553955078,130.28334045410156
-12.32610410889411,233.73004677731018,87.71187591552734,127.50501251220703
-15.278991072722953,237.5266157308044,87.71187591552734,127.50501251220703
-12.310780723708099,234.41362754793266,85.84139251708984,124.78592681884766
-14.375006266494822,237.30354330783405,85.84139251708984,124.78592681884766
-13.857630800780608,234.25693768239938,84.01079559326172,122.12483215332031
-14.13016365012344,237.50629713914913,82.21923828125,119.5204849243164
-12.110092087427756,235.35051284046637,80.46588897705078,116.97167205810547
-13.863145063149197,240.70078952151778,78.74993133544922,114.47721862792969
-14.11861185486551,237.90586897768884,77.07056427001953,112.03595733642578
-13.747949101309082,241.98315926680954,77.07056427001953,112.03595733642578
-15.427028889987994,239.96237067672655,75.42700958251953,109.64675903320312
370.26305847202576,196.96899592823164,75.42700958251953,109.64675903320312
373.5278828002486,245.9413608515746,75.42700958251953,109.64675903320312
371.7140915067915,251.38273473194602,75.42700958251953,109.64675903320312
382.2340810088429,248.11791040372316,75.42700958251953,109.64675903320312
396.67454769500836,244.74163031977673,73.8185043334961,107.30850982666016
409.81037388873943,242.96651867197522,73.8185043334961,107.30850982666016
419.3959767868675,237.64118372857075,73.8185043334961,107.30850982666016
422.5911777529102,240.12634003549283,73.8185043334961,107.30850982666016
427.91651269631467,238.35122838769132,73.8185043334961,107.30850982666016
434.66193695796034,235.86607208076924,73.8185043334961,107.30850982666016
439.9872719013648,234.09096043296773,73.8185043334961,107.30850982666016
60.123810102622556,138.99613168261004,73.8185043334961,107.30850982666016
17.166108225826406,44.205169690010266,73.8185043334961,107.30850982666016
13.970907259783715,45.98028133781176,73.8185043334961,107.30850982666016
11.485750952861622,44.91521434913086,73.8185043334961,107.30850982666016
8.290549986818931,45.27023667869116,73.8185043334961,107.30850982666016
5.09534902077624,45.62525900825146,73.8185043334961,107.30850982666016
7.580505327698333,45.27023667869116,73.8185043334961,107.30850982666016
3.675259702535044,46.33530366737206,73.8185043334961,107.30850982666016
1.190103395612951,46.69032599693236,73.8185043334961,107.30850982666016
2.965215043414446,46.33530366737206,73.8185043334961,107.30850982666016
-0.22998592262824502,45.98028133781176,73.8185043334961,107.30850982666016
2.255170384293848,45.62525900825146,73.8185043334961,107.30850982666016
1.190103395612951,45.98028133781176,73.8185043334961,107.30850982666016
2.965215043414446,44.91521434913086,73.8185043334961,107.30850982666016
1.190103395612951,45.27023667869116,73.8185043334961,107.30850982666016
4.385304361655642,45.62525900825146,73.8185043334961,107.30850982666016
3.320237372974745,45.98028133781176,73.8185043334961,107.30850982666016
6.515438339017436,44.91521434913086,73.8185043334961,107.30850982666016
9.710639305060127,44.560192019570565,73.8185043334961,107.30850982666016
12.905840271102818,44.91521434913086,73.8185043334961,107.30850982666016
15.390996578024911,44.560192019570565,73.8185043334961,107.30850982666016
17.166108225826406,44.205169690010266,73.8185043334961,107.30850982666016
21.071353850989695,44.560192019570565,73.8185043334961,107.30850982666016
25.686644135273582,44.91521434913086,73.8185043334961,107.30850982666016
31.722023737798665,43.14010270132937,73.8185043334961,107.30850982666016
299.27231235621866,164.89495480353483,73.8185043334961,107.30850982666016
317.3784511637939,213.53301395329578,73.8185043334961,107.30850982666016
324.8339200845602,218.85834889670025,73.8185043334961,107.30850982666016
330.15925502796466,221.34350520362233,73.8185043334961,107.30850982666016
335.48458997136913,223.8286615105444,73.8185043334961,107.30850982666016
342.9400588921354,220.6334605445017,73.8185043334961,107.30850982666016
344.0051258808163,222.4085721923032,73.8185043334961,107.30850982666016
348.6204161651002,222.0535498627429,73.8185043334961,107.30850982666016
351.1055724720223,222.4085721923032,73.8185043334961,107.30850982666016
355.7208627563062,220.6334605445017,73.8185043334961,107.30850982666016
359.62610838146946,223.11861685142378,73.8185043334961,107.30850982666016
358.5610413927886,219.92341588538108,73.8185043334961,107.30850982666016
363.1763316770725,225.24875082878555,73.8185043334961,107.30850982666016
360.6911753701504,228.44395179482825,73.8185043334961,107.30850982666016
357.4959744041077,232.34919741999153,73.8185043334961,107.30850982666016
354.300773438065,232.70421974955184,73.8185043334961,107.30850982666016
353.9457511085047,232.34919741999153,73.8185043334961,107.30850982666016
351.65314107961115,230.41367738743588,72.24430084228516,105.02012634277344
347.83117599368325,234.23564247336378,72.24430084228516,105.02012634277344
344.7041136506513,235.97289933060375,72.24430084228516,105.02012634277344
340.18724582182745,232.15093424467585,72.24430084228516,105.02012634277344
338.4499889645875,231.10858013033186,72.24430084228516,105.02012634277344
334.6280238786596,231.45603150177988,72.24430084228516,105.02012634277344
328.4216099451682,227.04991919515186,73.84270477294922,107.34369659423828
453.81351477658797,182.73159001702805,73.84270477294922,107.34369659423828
506.729185999738,165.32979209800556,73.84270477294922,107.34369659423828
512.0562669953571,165.68493083104684,73.84270477294922,107.34369659423828
510.4475075726298,165.80259304814112,72.26799011230469,105.05455780029297
509.54306296202253,169.9377764221853,70.72685241699219,102.81423950195312
510.62505675220723,169.394754645334,69.21858215332031,100.62169647216797
509.1170403044231,170.14678272167595,67.74247741699219,98.47590637207031
512.0375239535905,174.6510654948305,66.2978515625,96.3758773803711
509.3638281674289,172.91273820021794,64.884033203125,94.32063293457031
511.54819838291917,173.84889686399953,64.884033203125,94.32063293457031
511.236145494992,172.28863242436358,64.884033203125,94.32063293457031
512.228754766316,175.39975628664436,63.500362396240234,92.30921936035156
510.84531840620195,174.3234984238448,62.14619827270508,90.3406982421875
513.5352884109966,176.41569731646283,62.14619827270508,90.3406982421875
511.44308951837854,175.51904064819794,62.14619827270508,90.3406982421875
512.93751729882,177.01346842863938,62.14619827270508,90.3406982421875
511.00741855814124,176.53632820486817,60.8209114074707,88.41415405273438
513.0550006791938,176.24381647328923,60.8209114074707,88.41415405273438
512.7624889476149,177.7063751311839,60.8209114074707,88.41415405273438
511.43742770548624,176.67553195240973,59.523887634277344,86.52869415283203
514.0138921826599,178.67944876798924,59.523887634277344,86.52869415283203
512.1652346292129,178.2224423438466,58.25452423095703,84.68344116210938
514.6867552253674,177.94227338871835,58.25452423095703,84.68344116210938
512.1652346292129,178.78278025410316,58.25452423095703,84.68344116210938
514.1264173151108,177.94227338871835,58.25452423095703,84.68344116210938
512.3171831733742,178.03509657641752,57.012229919433594,82.8775405883789
514.7849315833215,180.50284498636478,57.012229919433594,82.8775405883789
512.8655717089181,178.58348511196135,57.012229919433594,82.8775405883789
515.3333201188653,179.95445645082094,57.012229919433594,82.8775405883789
512.8655717089181,179.1318736475052,57.012229919433594,82.8775405883789
514.7849315833215,178.30929084418943,57.012229919433594,82.8775405883789
513.9623487800058,179.1318736475052,57.012229919433594,82.8775405883789
513.2488312415757,178.6941491846366,55.79642868041992,81.11015319824219
515.127260188537,181.109272116444,55.79642868041992,81.11015319824219
513.2488312415757,179.23084316948268,55.79642868041992,81.11015319824219
515.6639541733831,180.0358841467518,55.79642868041992,81.11015319824219
512.7121372567295,178.6941491846366,55.79642868041992,81.11015319824219
514.5905662036909,180.5725781315979,55.79642868041992,81.11015319824219
513.8922659641877,179.6268932973921,54.60655212402344,79.38045501708984
515.7306368480632,181.99051300523206,54.60655212402344,79.38045501708984
513.8922659641877,180.15214212135652,54.60655212402344,79.38045501708984
515.7306368480632,180.94001535730317,54.60655212402344,79.38045501708984
513.8922659641877,179.6268932973921,54.60655212402344,79.38045501708984
515.7306368480632,181.99051300523206,54.60655212402344,79.38045501708984
514.4175147881522,180.15214212135652,54.60655212402344,79.38045501708984
514.15489037617,179.8895177093743,54.60655212402344,79.38045501708984
516.5185100840099,181.20263976928538,54.60655212402344,79.38045501708984
514.15489037617,179.8895177093743,54.60655212402344,79.38045501708984
516.5185100840099,180.67739094532095,54.60655212402344,79.38045501708984
514.15489037617,179.8895177093743,54.60655212402344,79.38045501708984
515.9932612600455,180.67739094532095,54.60655212402344,79.38045501708984
514.15489037617,180.41476653333874,54.60655212402344,79.38045501708984
516.5185100840099,181.72788859324982,54.60655212402344,79.38045501708984
514.15489037617,180.41476653333874,54.60655212402344,79.38045501708984
516.5185100840099,181.72788859324982,54.60655212402344,79.38045501708984
513.6296415522055,180.41476653333874,54.60655212402344,79.38045501708984
515.9932612600454,181.72788859324982,54.60655212402344,79.38045501708984
514.1548903761699,180.41476653333874,54.60655212402344,79.38045501708984
516.5185100840098,181.72788859324982,54.60655212402344,79.38045501708984
514.1548903761699,180.94001535730317,54.60655212402344,79.38045501708984
516.5185100840098,180.67739094532095,54.60655212402344,79.38045501708984
514.6801392001342,181.4652641812676,54.60655212402344,79.38045501708984
515.4680124360809,181.20263976928538,54.60655212402344,79.38045501708984
514.1548903761699,180.41476653333874,54.60655212402344,79.38045501708984
517.0437589079743,182.25313741721428,54.60655212402344,79.38045501708984
514.6801392001344,180.41476653333874,54.60655212402344,79.38045501708984
516.5185100840099,182.25313741721428,54.60655212402344,79.38045501708984
514.15489037617,180.9400153573032,54.60655212402344,79.38045501708984
517.5690077319389,181.72788859324984,54.60655212402344,79.38045501708984
515.205388024099,181.46526418126763,54.60655212402344,79.38045501708984
516.51851008401,183.30363506514317,54.60655212402344,79.38045501708984
515.7306368480633,181.9905130052321,54.60655212402344,79.38045501708984
517.5690077319389,182.77838624117874,54.60655212402344,79.38045501708984
516.2558856720278,182.51576182919652,54.60655212402344,79.38045501708984
517.5690077319389,183.30363506514317,54.60655212402344,79.38045501708984
517.3063833199567,182.51576182919652,54.60655212402344,79.38045501708984
519.1447542038322,183.8288838891076,54.60655212402344,79.38045501708984
518.3568809678856,181.99051300523206,54.60655212402344,79.38045501708984
518.0942565559034,182.25313741721428,54.60655212402344,79.38045501708984
520.4578762637433,183.04101065316092,54.60655212402344,79.38045501708984
518.0942565559034,182.25313741721428,54.60655212402344,79.38045501708984
521.5083739116723,183.56625947712536,54.60655212402344,79.38045501708984
519.1447542038323,182.7783862411787,54.60655212402344,79.38045501708984
522.0336227356368,183.56625947712536,54.60655212402344,79.38045501708984
521.7709983236546,182.7783862411787,54.60655212402344,79.38045501708984
524.659866855459,185.14200594901868,54.60655212402344,79.38045501708984
522.8214959715834,182.7783862411787,54.60655212402344,79.38045501708984
525.1851156794233,184.61675712505425,54.60655212402344,79.38045501708984
524.3972424434767,183.30363506514317,54.60655212402344,79.38045501708984
526.2356133273522,183.56625947712539,54.60655212402344,79.38045501708984
527.0234865632989,183.30363506514317,54.60655212402344,79.38045501708984
529.3871062711388,184.09150830108982,54.60655212402344,79.38045501708984
527.0234865632989,182.77838624117874,54.60655212402344,79.38045501708984
530.9628527430322,185.1420059490187,54.60655212402344,79.38045501708984
531.7507259789788,183.82888388910763,54.60655212402344,79.38045501708984
533.5890968628544,184.09150830108985,54.60655212402344,79.38045501708984
535.4274677467299,185.40463036100093,54.60655212402344,79.38045501708984
533.5890968628544,184.09150830108985,54.60655212402344,79.38045501708984
537.0032142186233,185.40463036100093,54.60655212402344,79.38045501708984
539.3668339264632,185.1420059490187,54.60655212402344,79.38045501708984
539.6294583384454,184.8793815370365,54.60655212402344,79.38045501708984
542.5183268702498,186.19250359694757,54.60655212402344,79.38045501708984
541.2052048103387,184.8793815370365,54.60655212402344,79.38045501708984
544.0940733421431,185.66725477298314,54.60655212402344,79.38045501708984
546.9829418739475,186.4551280089298,54.60655212402344,79.38045501708984
548.8213127578231,186.717752420912,54.60655212402344,79.38045501708984
549.6091859937698,185.92987918496536,54.60655212402344,79.38045501708984
548.2960639338587,184.61675712505428,54.60655212402344,79.38045501708984
551.1849324656631,186.45512800892982,54.60655212402344,79.38045501708984
553.0233033495387,185.14200594901874,54.60655212402344,79.38045501708984
554.8616742334142,184.87938153703652,54.60655212402344,79.38045501708984
555.1242986453964,184.09150830108987,54.60655212402344,79.38045501708984
555.3869230573786,184.3541327130721,54.60655212402344,79.38045501708984
556.1747962933252,185.14200594901874,54.60655212402344,79.38045501708984
558.5384160011652,184.3541327130721,54.60655212402344,79.38045501708984
558.8010404131473,183.56625947712544,54.60655212402344,79.38045501708984
561.6899089449518,184.87938153703652,54.60655212402344,79.38045501708984
561.4272845329696,183.56625947712544,54.60655212402344,79.38045501708984
561.6899089449518,182.7783862411788,54.60655212402344,79.38045501708984
564.5787774767562,184.09150830108987,54.60655212402344,79.38045501708984
566.9423971845961,182.7783862411788,54.60655212402344,79.38045501708984
571.4070121882938,184.09150830108987,54.60655212402344,79.38045501708984
568.5181436564894,182.25313741721433,54.60655212402344,79.38045501708984
572.5460958005846,182.19240877426483,55.81472396850586,81.13674926757812
574.4251406402658,184.07145361394612,55.81472396850586,81.13674926757812
574.1567056631685,182.7292787284595,55.81472396850586,81.13674926757812
577.6463603654337,184.60832356814078,55.81472396850586,81.13674926757812
575.7673155257525,183.8030186368488,55.81472396850586,81.13674926757812
578.720100273823,185.14519352233543,55.81472396850586,81.13674926757812
577.3779253883364,183.26614868265415,55.81472396850586,81.13674926757812
580.8675800906016,183.53458365975146,55.81472396850586,81.13674926757812
580.0622751593096,183.80301863684878,55.81472396850586,81.13674926757812
581.9413199989908,184.60832356814075,55.81472396850586,81.13674926757812
580.5991451135042,183.80301863684878,55.81472396850586,81.13674926757812
583.0150599073801,185.1451935223354,55.81472396850586,81.13674926757812
584.3572347928667,184.33988859104343,55.81472396850586,81.13674926757812
585.1625397241587,184.07145361394612,55.81472396850586,81.13674926757812
584.3572347928667,183.8030186368488,55.81472396850586,81.13674926757812
587.2809601930361,186.47927757134192,54.62445831298828,79.40648651123047
586.5973267260919,186.05988627663888,53.45957565307617,77.71311950683594
589.9397325380388,185.80277813725834,53.45957565307617,77.71311950683594
588.1399755623751,184.51723744035567,53.45957565307617,77.71311950683594
591.4359620531532,186.0893112026999,52.31953430175781,76.05586242675781
590.177835898823,184.83118504836972,52.31953430175781,76.05586242675781
592.9457134383493,187.59906258789607,52.31953430175781,76.05586242675781
591.8058661801477,185.74218767716332,51.20380401611328,74.43394470214844
594.4880599830351,185.3490591501279,50.11186599731445,72.84661865234375
591.8369753445278,184.62603606689865,50.11186599731445,72.84661865234375
595.3911554385497,187.02884929050887,49.043216705322266,71.29314422607422
596.5961139194292,186.65230919542333,47.99735641479492,69.77279663085938
596.4404098286569,187.17377590434234,46.97379684448242,68.28487396240234
598.4736491502198,188.30335330521058,46.97379684448242,68.28487396240234
597.014766342824,187.507200290653,45.97206497192383,66.82868194580078
599.8491201962856,188.85908931822615,44.991695404052734,65.4035415649414
601.7887828665741,188.93078039907138,44.03223419189453,64.0087890625
600.8294838813853,189.00094089999558,43.09323501586914,62.64378356933594
603.8858685353489,190.268174439338,42.174259185791016,61.307884216308594
603.35805181055,189.944371539002,41.274879455566406,60.0004768371582
605.9028056551302,190.77546851825892,40.39468002319336,58.720947265625
604.273747563521,190.46533015508516,39.53325271606445,57.46870422363281
605.9849263473212,192.1765089388853,39.53325271606445,57.46870422363281
604.273747563521,191.22585405899633,39.53325271606445,57.46870422363281
606.3446062816596,192.0218810042409,38.69019317626953,56.243167877197266
606.5777959939358,191.7248283144008,37.8651123046875,55.043766021728516
608.210219937686,191.78516242360828,37.0576286315918,53.86994171142578
607.3190962986855,193.03273551820897,37.0576286315918,53.86994171142578
609.2795683044866,194.28030861280965,37.0576286315918,53.86994171142578
102.22026266517952,146.86873102224988,37.0576286315918,53.86994171142578
111.66617323858463,134.9276742596434,37.0576286315918,53.86994171142578
113.62664524438568,134.0365506206429,37.0576286315918,53.86994171142578
114.51776888338617,135.2841237152436,37.0576286315918,53.86994171142578
114.33954415558608,134.3930000762431,37.0576286315918,53.86994171142578
114.85413467470144,133.6121560996173,37.87752914428711,55.06181335449219
115.40063852440946,135.25166764874135,37.87752914428711,55.06181335449219
115.94714237411748,133.97649199942262,37.87752914428711,55.06181335449219
115.33912342699676,133.17837142876675,38.71556854248047,56.28005599975586
114.40813134802542,134.48176033932666,38.71556854248047,56.28005599975586
116.45631392176239,132.80597459717822,38.71556854248047,56.28005599975586
117.75970283232229,133.36456984456103,38.71556854248047,56.28005599975586
117.20110758493948,132.80597459717822,38.71556854248047,56.28005599975586
117.0149091691452,134.10936350773812,38.71556854248047,56.28005599975586
117.94590124811654,133.92316509194384,38.71556854248047,56.28005599975586
118.50449649549935,132.9921730129725,38.71556854248047,56.28005599975586
117.11030089276579,131.79003179574156,39.57215118408203,57.52525329589844
118.06189117148438,132.74162207446014,39.57215118408203,57.52525329589844
118.2522092272281,131.4093956842541,39.57215118408203,57.52525329589844
119.58443561743414,133.12225818594757,39.57215118408203,57.52525329589844
119.01348145020299,132.93194013020386,39.57215118408203,57.52525329589844
119.2037995059467,131.5997137399978,39.57215118408203,57.52525329589844
120.53602589615275,132.93194013020386,39.57215118408203,57.52525329589844
121.48761617487133,131.98034985148527,39.57215118408203,57.52525329589844
122.05857034210248,132.55130401871642,39.57215118408203,57.52525329589844
121.86825228635877,133.502894297435,39.57215118408203,57.52525329589844
122.02285020605251,131.08942593203057,40.44768524169922,58.79800033569336
122.60643673423365,132.0620701456658,40.44768524169922,58.79800033569336
122.80096557696069,132.64565667384696,40.44768524169922,58.79800033569336
123.77360979059594,131.2839547747576,40.44768524169922,58.79800033569336
123.1900232624148,131.86754130293875,40.44768524169922,58.79800033569336
124.94078284695823,133.2292432020281,40.44768524169922,58.79800033569336
124.35719631877708,131.47848361748467,40.44768524169922,58.79800033569336
123.77360979059594,132.45112783111992,40.44768524169922,58.79800033569336
125.1353116896853,132.64565667384696,40.44768524169922,58.79800033569336
126.10795590332054,132.840185516574,40.44768524169922,58.79800033569336
125.9134270605935,133.42377204475514,40.44768524169922,58.79800033569336
126.10795590332054,132.4511278311199,40.44768524169922,58.79800033569336
126.30248474604758,133.42377204475514,40.44768524169922,58.79800033569336
125.32984053241233,133.2292432020281,40.44768524169922,58.79800033569336
125.91342706059348,133.03471435930106,40.44768524169922,58.79800033569336
125.71889821786644,134.0073585729363,40.44768524169922,58.79800033569336
126.69154243150169,133.03471435930106,40.44768524169922,58.79800033569336
128.05324433059104,134.0073585729363,40.44768524169922,58.79800033569336
128.24777317331808,134.20188741566335,40.44768524169922,58.79800033569336
128.44230201604512,132.45112783111992,40.44768524169922,58.79800033569336
126.69154243150169,133.81282973020927,40.44768524169922,58.79800033569336
128.05324433059104,133.61830088748223,40.44768524169922,58.79800033569336
128.24777317331808,133.0347143593011,40.44768524169922,58.79800033569336
128.44230201604512,134.00735857293634,40.44768524169922,58.79800033569336
127.0806001169558,134.9800027865716,40.44768524169922,58.79800033569336
128.44230201604512,134.39641625839045,40.44768524169922,58.79800033569336
128.24777317331808,133.4237720447552,40.44768524169922,58.79800033569336
129.6094750724074,133.61830088748223,40.44768524169922,58.79800033569336
128.63683085877216,134.20188741566338,40.44768524169922,58.79800033569336
129.6094750724074,132.84018551657402,40.44768524169922,58.79800033569336
129.41494622968037,134.59094510111746,40.44768524169922,58.79800033569336
130.38759044331562,134.0073585729363,40.44768524169922,58.79800033569336
130.19306160058858,135.36906047202564,40.44768524169922,58.79800033569336
131.5547634996779,134.0073585729363,40.44768524169922,58.79800033569336
129.41494622968037,135.36906047202564,40.44768524169922,58.79800033569336
130.7766481287697,133.6183008874822,40.44768524169922,58.79800033569336
130.19306160058855,134.98000278657156,40.44768524169922,58.79800033569336
129.9985327578615,135.5635893147527,40.44768524169922,58.79800033569336
129.80400391513447,134.20188741566335,40.44768524169922,58.79800033569336
129.9985327578615,133.6183008874822,40.44768524169922,58.79800033569336
130.58211928604265,134.59094510111746,40.44768524169922,58.79800033569336
129.22041738695333,134.7854739438445,40.44768524169922,58.79800033569336
129.80400391513447,134.98000278657153,40.44768524169922,58.79800033569336
131.16570581422383,134.3964162583904,40.44768524169922,58.79800033569336
131.74929234240497,134.59094510111743,40.44768524169922,58.79800033569336
129.60947507240743,135.17453162929857,40.44768524169922,58.79800033569336
129.80400391513447,134.20188741566332,40.44768524169922,58.79800033569336
129.22041738695333,134.78547394384447,40.44768524169922,58.79800033569336
431.44075437367934,93.29354338487606,40.44768524169922,58.79800033569336
424.2431871927785,78.70388018034741,40.44768524169922,58.79800033569336
422.8814852936892,78.12029365216627,40.44768524169922,58.79800033569336
421.13072570914574,79.09293786580152,40.44768524169922,58.79800033569336
419.7690238100564,80.84369745034495,40.44768524169922,58.79800033569336
418.01826422551295,82.59445703488838,40.44768524169922,58.79800033569336
419.38722474931075,80.93488509573693,41.34259033203125,60.098907470703125
416.40473284872496,82.7243802360884,41.34259033203125,60.098907470703125
413.81990653488396,83.32087861620555,41.34259033203125,60.098907470703125
411.6327458077877,83.12204582283316,41.34259033203125,60.098907470703125
409.0479194939467,83.32087861620555,41.34259033203125,60.098907470703125
410.4397490475534,83.51971140957794,41.34259033203125,60.098907470703125
407.0595915602228,83.71854420295033,41.34259033203125,60.098907470703125
404.4747652463818,83.91737699632272,41.34259033203125,60.098907470703125
401.49227334579604,84.1162097896951,41.34259033203125,60.098907470703125
398.1121158584655,84.3150425830675,41.34259033203125,60.098907470703125
399.1062798253274,85.30920654992941,41.34259033203125,60.098907470703125
395.32845675125213,87.09870169028088,41.34259033203125,60.098907470703125
391.55063367717685,90.08119359086665,41.34259033203125,60.098907470703125
386.977479429612,94.65434783843149,41.34259033203125,60.098907470703125
383.1996563555367,100.02283325948588,41.34259033203125,60.098907470703125
383.7961547356539,101.0169972263478,41.34259033203125,60.098907470703125
379.6206660748338,105.98781706065742,41.34259033203125,60.098907470703125
376.24050858750326,111.75396806845657,41.34259033203125,60.098907470703125
373.2580166869175,120.70144377021387,41.34259033203125,60.098907470703125
370.2755247863317,127.26292595150255,41.34259033203125,60.098907470703125
371.26968875319363,128.65475550510925,41.34259033203125,60.098907470703125
368.28719685260785,136.80690003337702,41.34259033203125,60.098907470703125
365.30470495202206,146.1520413218791,41.34259033203125,60.098907470703125
362.3222130514363,151.91819232967825,41.34259033203125,60.098907470703125
358.9420555641057,158.08200892422218,41.34259033203125,60.098907470703125
357.15256042375427,157.8831761308498,41.34259033203125,60.098907470703125
354.3353979974054,177.4969504825727,40.4609489440918,58.81727981567383
356.07973336805986,176.43606575474394,39.598106384277344,57.562984466552734
354.3657474674838,173.96030834280077,39.598106384277344,57.562984466552734
355.3179618566927,170.72277941949048,39.598106384277344,57.562984466552734
353.98486171180025,169.389679274598,39.598106384277344,57.562984466552734
353.8564037409145,167.98429921692156,38.753665924072266,56.3354377746582
351.8062058537101,165.18857482527915,38.753665924072266,56.3354377746582
349.0104814620677,162.02008718141775,38.753665924072266,56.3354377746582
346.21475707042526,158.47883628533737,38.753665924072266,56.3354377746582
347.1669094374662,157.82200681916729,37.92723083496094,55.13406753540039
343.70117678338653,154.72108812867498,37.92723083496094,55.13406753540039
340.9650720564816,152.34979736535735,37.92723083496094,55.13406753540039
338.59378129316394,150.34332056562704,37.92723083496094,55.13406753540039
337.3169324206083,150.5257275474207,37.92723083496094,55.13406753540039
338.59378129316394,151.0729484928017,37.92723083496094,55.13406753540039
336.58730449343363,151.62016943818267,37.92723083496094,55.13406753540039
334.5808276937033,153.9914602015003,37.92723083496094,55.13406753540039
336.21593099606275,155.10677744277726,37.1184196472168,53.958316802978516
336.0374138980977,155.9993629326025,37.1184196472168,53.958316802978516
336.57296519199286,155.46381163870734,37.1184196472168,53.958316802978516
338.17961907367834,156.3563971285326,37.1184196472168,53.958316802978516
339.4292387594337,156.53491422649765,37.1184196472168,53.958316802978516
342.4059894138492,155.9057998809833,36.32685852050781,52.807640075683594
345.3760622542218,158.1770320530329,36.32685852050781,52.807640075683594
346.6053795086989,157.89812564145126,35.55217742919922,51.68149948120117
350.7749573161633,160.26203413587973,34.79401779174805,50.579376220703125
354.95841046324557,161.43340101706278,34.79401779174805,50.579376220703125
358.716491896103,163.4243193113726,34.052024841308594,49.500755310058594
361.8281141050728,165.22578480077618,34.052024841308594,49.500755310058594
361.33680533523545,166.0446327505051,34.052024841308594,49.500755310058594
363.7519428216228,168.624494586868,33.32585525512695,48.44513702392578
364.23277428395875,170.70809759032394,33.32585525512695,48.44513702392578
365.9958229791907,172.7917005937799,33.32585525512695,48.44513702392578
366.47665444152665,175.19585790545983,33.32585525512695,48.44513702392578
365.0341600545187,174.71502644312383,33.32585525512695,48.44513702392578
364.2327742839587,179.6836182205957,33.32585525512695,48.44513702392578
361.8286169722788,184.97276430629157,33.32585525512695,48.44513702392578
357.5011338112549,186.73581300152352,33.32585525512695,48.44513702392578
353.494204958455,187.5371987720835,33.32585525512695,48.44513702392578
351.0900476467751,186.73581300152352,33.32585525512695,48.44513702392578
351.89143341733507,186.25498153918753,33.32585525512695,48.44513702392578
349.48727610565516,183.2097156110596,33.32585525512695,48.44513702392578
347.08311879397525,179.5233410664837,33.32585525512695,48.44513702392578
340.1912011671594,175.51641221368382,33.32585525512695,48.44513702392578
339.38981539659943,174.39447213489984,33.32585525512695,48.44513702392578
336.3445494684715,171.66976051499591,33.32585525512695,48.44513702392578
329.1320775334317,170.86837474443593,33.32585525512695,48.44513702392578
326.7279202217518,171.02865189854793,33.32585525512695,48.44513702392578
320.15655690316,172.1505919773319,33.32585525512695,48.44513702392578
321.9196055983919,171.66976051499591,33.32585525512695,48.44513702392578
315.66879658802407,173.11225490200388,33.32585525512695,48.44513702392578
313.26463927634416,171.34920620677192,33.32585525512695,48.44513702392578
310.86048196466425,169.90671181976396,33.32585525512695,48.44513702392578
307.8152160365363,167.823108816308,33.32585525512695,48.44513702392578
306.05216734130437,166.38061442930004,33.32585525512695,48.44513702392578
303.5217616226798,163.68295140171548,34.06319046020508,49.51698684692383
301.71970547506584,161.22560210951463,34.06319046020508,49.51698684692383
299.9176493274519,158.44060624502032,34.06319046020508,49.51698684692383
173.1242717878293,220.7411878013667,34.06319046020508,49.51698684692383
202.44864000809284,206.81620847889516,34.06319046020508,49.51698684692383
203.5954030111199,205.99709204816153,34.06319046020508,49.51698684692383
202.77628658038628,207.47150162348206,34.06319046020508,49.51698684692383
203.92304958341336,208.94591119880258,34.06319046020508,49.51698684692383
204.742166014147,211.07561391871,34.06319046020508,49.51698684692383
204.2506961557068,212.22237692173707,34.06319046020508,49.51698684692383
205.72510573102733,213.6967864970576,34.06319046020508,49.51698684692383
206.8718687340544,215.1711960723781,34.06319046020508,49.51698684692383
208.34627830937492,216.97325221999208,34.06319046020508,49.51698684692383
210.47598102928234,217.46472207843226,34.06319046020508,49.51698684692383
210.96745088772252,215.6626659308183,34.06319046020508,49.51698684692383
211.78656731845615,217.46472207843226,34.06319046020508,49.51698684692383
212.60568374918978,217.95619193687244,34.06319046020508,49.51698684692383
213.75244675221685,219.10295493989952,34.06319046020508,49.51698684692383
214.24391661065704,219.92207137063315,34.06319046020508,49.51698684692383
213.09715360762996,220.41354122907333,34.06319046020508,49.51698684692383
213.2609768937767,220.2497179429266,34.06319046020508,49.51698684692383
211.78656731845618,221.39648094595367,34.06319046020508,49.51698684692383
211.62274403230944,222.54324394898075,34.06319046020508,49.51698684692383
210.47598102928237,223.69000695200782,34.06319046020508,49.51698684692383
210.31215774313563,224.50912338274145,34.06319046020508,49.51698684692383
209.493041312402,223.03471380742093,34.06319046020508,49.51698684692383
210.63980431542907,224.50912338274145,34.06319046020508,49.51698684692383
208.95028185097135,226.45822375749296,33.33678436279297,48.461021423339844
212.31720566070226,227.58053169406992,33.33678436279297,48.461021423339844
214.08083241818036,228.70283963064688,33.33678436279297,48.461021423339844
211.9965462502517,225.9772346418171,33.33678436279297,48.461021423339844
213.43951359727924,224.21360788433898,33.33678436279297,48.461021423339844
215.5237997652079,224.0532781791137,33.33678436279297,48.461021423339844
216.64610770178487,222.61031083208616,33.33678436279297,48.461021423339844
217.1270968174607,222.77064053731144,33.33678436279297,48.461021423339844
216.96676711223543,221.3276731902839,33.33678436279297,48.461021423339844
217.76841563836183,221.80866230595973,33.33678436279297,48.461021423339844
219.53204239583994,222.61031083208613,33.33678436279297,48.461021423339844
219.99496497619316,220.57713182197182,34.07435989379883,49.53322219848633
220.48659597605334,221.068762821832,34.07435989379883,49.53322219848633
220.97822697591351,220.24937782206504,34.07435989379883,49.53322219848633
221.14210397586692,218.77448482248454,34.07435989379883,49.53322219848633
221.6337349757271,220.24937782206504,34.07435989379883,49.53322219848633
220.5754745733435,219.35595048852912,33.347713470458984,48.47690963745117
221.70397675447583,219.09991534841242,32.63656234741211,47.4431266784668
221.8609388277529,219.57080156824364,32.63656234741211,47.4431266784668
222.66279700709418,219.3202267533503,31.94057846069336,46.43138885498047
223.44755581239048,220.25949510301916,31.259435653686523,45.441226959228516
223.89857259548592,219.50780046452675,31.259435653686523,45.441226959228516
224.34958937858136,218.75610582603434,31.259435653686523,45.441226959228516
225.10128401707377,218.9064447537328,31.259435653686523,45.441226959228516
224.13044732200862,219.82568349858445,30.592819213867188,44.4721794128418
225.74890927461618,219.67855059380196,30.592819213867188,44.4721794128418
226.48457379852871,220.11994930814947,30.592819213867188,44.4721794128418
225.74890927461618,220.26708221293197,30.592819213867188,44.4721794128418
227.36737122722374,218.94288606988943,30.592819213867188,44.4721794128418
228.4026459523689,220.12615197545452,29.940418243408203,43.52379608154297
229.69860321380682,219.40617571910013,29.940418243408203,43.52379608154297
231.28255097778649,218.9741899652875,29.940418243408203,43.52379608154297
229.98659371634858,220.2701472267254,29.940418243408203,43.52379608154297
231.85853198286998,218.68619946274575,29.940418243408203,43.52379608154297
232.86649874176612,219.40617571910013,29.940418243408203,43.52379608154297
233.6021149374355,219.7314640186638,29.301929473876953,42.595638275146484
235.15228453825557,217.89944539951279,29.301929473876953,42.595638275146484
233.6021149374355,219.44961500033287,29.301929473876953,42.595638275146484
235.71598257491743,217.33574736285092,29.301929473876953,42.595638275146484
236.9843031574066,216.63112481702362,29.301929473876953,42.595638275146484
235.43413355658652,216.7720493261891,29.301929473876953,42.595638275146484
237.54800119406846,215.221879725369,29.301929473876953,42.595638275146484
235.43413355658652,216.7720493261891,29.301929473876953,42.595638275146484
237.26615217573752,214.9400307070381,29.301929473876953,42.595638275146484
235.99783159324835,216.20835128952726,29.301929473876953,42.595638275146484
237.82985021239935,214.0944836520453,29.301929473876953,42.595638275146484
496.9139854679636,268.63328601179944,29.301929473876953,42.595638275146484
529.486897629804,284.6837088606518,29.95023536682129,43.53806686401367
231.35653875073467,92.76072625957352,29.95023536682129,43.53806686401367
256.5639699386156,121.42517658179244,29.95023536682129,43.53806686401367
257.27875375558114,120.79409266340375,30.612884521484375,44.501346588134766
259.5368568870444,118.62154087771316,31.29019546508789,45.485939025878906
259.6590996828769,117.33770123569255,31.98249053955078,46.49231719970703
261.3798925073442,115.38712045460849,32.690101623535156,47.520957946777344
263.13875806188037,113.06715066958967,33.413368225097656,48.57236099243164
264.5850404739228,111.94226434911224,33.413368225097656,48.57236099243164
266.0493722931196,109.57096536682954,34.15263748168945,49.64702606201172
266.213625783165,110.39223281705668,34.15263748168945,49.64702606201172
266.7063862533013,108.91395140664784,34.15263748168945,49.64702606201172
266.83981190183425,107.17183939637457,34.90826416015625,50.74546813964844
266.3361491062962,108.68282778298871,34.90826416015625,50.74546813964844
267.51136229588496,106.50028900232385,34.90826416015625,50.74546813964844
267.0076995003469,108.34705258596335,34.90826416015625,50.74546813964844
266.1682615077835,106.83606419934921,34.90826416015625,50.74546813964844
266.0003739092708,105.32507581273507,34.90826416015625,50.74546813964844
265.4967111137328,105.15718821422237,34.90826416015625,50.74546813964844
265.66459871224544,104.31775022165897,34.90826416015625,50.74546813964844
264.825160719682,104.48563782017166,34.90826416015625,50.74546813964844
264.99304831819467,104.65352541868435,34.90826416015625,50.74546813964844
266.1682615077834,103.14253703207021,34.90826416015625,50.74546813964844
267.00769950034686,103.64619982760826,34.90826416015625,50.74546813964844
267.5113622958849,103.14253703207021,34.90826416015625,50.74546813964844
267.67924989439757,104.65352541868435,34.90826416015625,50.74546813964844
267.5113622958849,103.14253703207021,34.90826416015625,50.74546813964844
268.3444727317922,104.148816633573,35.68061065673828,51.86820983886719
268.516074843422,105.00682719172187,35.68061065673828,51.86820983886719
268.6876769550518,106.89445041964939,35.68061065673828,51.86820983886719
268.11492350141856,104.00617543513656,36.47004318237305,53.01579284667969
268.6411199264673,106.28635994368113,36.47004318237305,53.01579284667969
267.062530651321,107.86494921882738,36.47004318237305,53.01579284667969
265.48394137617476,108.39114564387611,36.47004318237305,53.01579284667969
264.53456257297967,109.07849267310871,37.27694320678711,54.18876647949219
263.9967240520267,107.82353612421849,37.27694320678711,54.18876647949219
261.5383202747596,108.52609103453682,38.1016960144043,55.387691497802734
259.5226135479198,109.80881349707124,38.1016960144043,55.387691497802734
258.60638321753805,110.72504382745296,38.1016960144043,55.387691497802734
259.1561214157671,112.00776628998739,38.1016960144043,55.387691497802734
257.14041468892725,110.72504382745296,38.1016960144043,55.387691497802734
256.59067649069823,112.74075055429276,38.1016960144043,55.387691497802734
256.0409382924692,113.29048875252181,38.1016960144043,55.387691497802734
254.02523156562938,114.20671908290353,38.1016960144043,55.387691497802734
255.3079540281638,115.12294941328526,38.1016960144043,55.387691497802734
255.49120009424013,114.20671908290353,38.1016960144043,55.387691497802734
256.40743042462185,114.75645728113258,38.1016960144043,55.387691497802734
256.5906764906982,113.47373481859816,38.1016960144043,55.387691497802734
257.8733989532326,113.29048875252181,38.1016960144043,55.387691497802734
259.8891056800724,114.20671908290353,38.1016960144043,55.387691497802734
260.80533601045414,113.65698088467448,38.1016960144043,55.387691497802734
262.45455060514126,112.74075055429276,38.1016960144043,55.387691497802734
264.1037651998284,112.55750448821641,38.1016960144043,55.387691497802734
266.4859640588209,112.37425842214006,38.1016960144043,55.387691497802734
269.6011471821188,111.82452022391101,38.1016960144043,55.387691497802734
270.8838696446532,113.10724268644543,38.1016960144043,55.387691497802734
273.2660685036457,112.19101235606371,38.1016960144043,55.387691497802734
275.64826736263825,113.10724268644543,38.1016960144043,55.387691497802734
278.7634504859361,112.55750448821638,38.1016960144043,55.387691497802734
281.14564934492864,111.27478202568196,38.1016960144043,55.387691497802734
282.06187967531037,112.92399662036908,38.1016960144043,55.387691497802734
283.3446021378448,111.27478202568196,38.1016960144043,55.387691497802734
284.6273246003792,111.82452022391101,38.1016960144043,55.387691497802734
284.7761787287225,108.74026269615842,38.94469451904297,56.61314392089844
285.712680655164,108.17836154029357,38.94469451904297,56.61314392089844
285.5253802698757,109.11486346673499,38.94469451904297,56.61314392089844
286.0661748314249,107.12831077294894,39.80634689331055,57.8657112121582
287.0233968629889,106.171088741385,39.80634689331055,57.8657112121582
287.21484126930164,107.51119958557453,39.80634689331055,57.8657112121582
286.6405080503633,107.70264399188733,39.80634689331055,57.8657112121582
287.21484126930164,108.65986602345126,39.80634689331055,57.8657112121582
286.6405080503633,107.70264399188733,39.80634689331055,57.8657112121582
287.59773008192724,109.04275483607685,39.80634689331055,57.8657112121582
288.5549521134912,108.85131042976406,39.80634689331055,57.8657112121582
289.51217414505516,109.04275483607685,39.80634689331055,57.8657112121582
289.3207297387424,108.85131042976406,39.80634689331055,57.8657112121582
289.89506295768075,109.04275483607685,39.80634689331055,57.8657112121582
290.8522849892447,108.85131042976406,39.80634689331055,57.8657112121582
291.0437293955575,109.04275483607685,39.80634689331055,57.8657112121582
291.19924290195405,107.80674549532966,40.68706130981445,59.14598846435547
290.95216107495577,106.94942478021372,41.58726119995117,60.454593658447266
289.86957318087843,105.243095937383,42.50737762451172,61.792152404785156
290.89174691743557,104.22092220082587,42.50737762451172,61.792152404785156
291.9139206539927,103.60761795889158,42.50737762451172,61.792152404785156
292.0799860730659,102.28773822402246,43.447853088378906,63.159305572509766
292.24972511256317,102.67300911057063,44.40913772583008,64.55670166015625
293.3176304069785,101.17794169838922,44.40913772583008,64.55670166015625
293.4911256653985,100.24219424530585,45.39168930053711,65.98501586914062
294.58265836445275,99.15066154625163,45.39168930053711,65.98501586914062
293.92773874502024,97.62251576757569,45.39168930053711,65.98501586914062
294.58265836445275,98.71404846662992,45.39168930053711,65.98501586914062
294.7599917024021,98.21058392111726,46.39598083496094,67.44493103027344
294.9831282744062,97.54117420510477,46.39598083496094,67.44493103027344
294.7599917024021,98.21058392111726,46.39598083496094,67.44493103027344
293.19803569837296,97.9874473491131,46.39598083496094,67.44493103027344
293.8423005926465,97.47284253377836,47.42249298095703,68.93714904785156
292.70193324934775,97.24476906511862,47.42249298095703,68.93714904785156
291.561565906049,97.01669559645887,47.42249298095703,68.93714904785156
291.3334924373892,96.78862212779913,47.42249298095703,68.93714904785156
288.3685373448124,96.10440172181987,47.42249298095703,68.93714904785156
289.50890468811116,95.87632825316012,47.42249298095703,68.93714904785156
287.4562434701734,95.64825478450038,47.42249298095703,68.93714904785156
286.7720230641941,95.87632825316012,47.42249298095703,68.93714904785156
285.63165572089537,96.56054865913939,47.42249298095703,68.93714904785156
284.4912883775966,96.33247519047964,47.42249298095703,68.93714904785156
284.7193618462564,97.0166955964589,47.42249298095703,68.93714904785156
284.03514144027713,97.24476906511865,47.42249298095703,68.93714904785156
285.1669144870094,96.71877627029846,48.47171401977539,70.46238708496094
283.06883813962475,96.4856566761446,48.47171401977539,70.46238708496094
283.3019577337786,95.78629789368304,48.47171401977539,70.46238708496094
283.9750469852632,94.76494489018788,49.544151306152344,72.02136993408203
280.8774412379946,95.4797769857114,49.544151306152344,72.02136993408203
282.06882806386716,95.2414996205369,49.544151306152344,72.02136993408203
280.8774412379946,95.4797769857114,49.544151306152344,72.02136993408203
281.5922733335181,95.2414996205369,49.544151306152344,72.02136993408203
279.4477770469476,95.4797769857114,49.544151306152344,72.02136993408203
281.12460959257993,94.9302520811815,50.640316009521484,73.6148452758789
279.90686333318496,94.6867028293025,50.640316009521484,73.6148452758789
281.12460959257993,95.41735058493947,50.640316009521484,73.6148452758789
282.3331767600591,93.33957345385431,51.76073455810547,75.24357604980469
280.09273674836777,93.58851123293113,51.76073455810547,75.24357604980469
281.83530120190545,93.83744901200794,51.76073455810547,75.24357604980469
279.59486119021415,94.58426234923837,51.76073455810547,75.24357604980469
281.83530120190545,92.84169789570069,51.76073455810547,75.24357604980469
279.59486119021415,93.0906356747775,51.76073455810547,75.24357604980469
282.3331767600591,92.34382233754707,51.76073455810547,75.24357604980469
280.09273674836777,91.59700900031663,51.76073455810547,75.24357604980469
282.3611359263739,89.98980796079161,52.905941009521484,76.90834045410156
279.56223512454613,90.75314454310828,52.905941009521484,76.90834045410156
281.8522448714961,90.49869901566939,52.905941009521484,76.90834045410156
280.0711261794239,91.26203559798606,52.905941009521484,76.90834045410156
281.8522448714961,89.98980796079162,52.905941009521484,76.90834045410156
280.0711261794239,89.73536243335273,52.905941009521484,76.90834045410156
281.34335381661833,88.4631347961583,52.905941009521484,76.90834045410156
282.61558145381275,87.19090715896387,52.905941009521484,76.90834045410156
280.3255717068628,87.95424374128054,52.905941009521484,76.90834045410156
283.12447250869053,86.17312504920832,52.905941009521484,76.90834045410156
283.3789180361294,84.39200635713611,52.905941009521484,76.90834045410156
283.12447250869053,85.15534293945278,52.905941009521484,76.90834045410156
284.39670014588495,85.40978846689167,52.905941009521484,76.90834045410156
282.61558145381275,85.15534293945278,52.905941009521484,76.90834045410156
285.4144822556405,86.42757057664721,52.905941009521484,76.90834045410156
285.66892778307937,87.19090715896388,52.905941009521484,76.90834045410156
285.92337331051823,84.39200635713613,52.905941009521484,76.90834045410156
287.19560094771265,85.1553429394528,52.905941009521484,76.90834045410156
284.3967001458849,84.9008974120139,52.905941009521484,76.90834045410156
286.68670989283487,85.1553429394528,52.905941009521484,76.90834045410156
288.97671963978485,83.88311530225836,52.905941009521484,76.90834045410156
287.7044920025904,84.64645188457503,52.905941009521484,76.90834045410156
290.5033928044182,85.4097884668917,52.905941009521484,76.90834045410156
288.722274112346,84.13756082969726,52.905941009521484,76.90834045410156
286.8170661034296,85.1346719121753,54.07648468017578,78.60993957519531
290.19804285496474,83.314145969041,54.07648468017578,78.60993957519531
286.8170661034296,85.1346719121753,54.07648468017578,78.60993957519531
286.03684069922923,84.35444650797488,54.07648468017578,78.60993957519531
284.2163147560949,86.1749724511092,54.07648468017578,78.60993957519531
287.0771412381631,82.79399569957405,54.07648468017578,78.60993957519531
284.2163147560949,84.61452164270837,54.07648468017578,78.60993957519531
284.4763898908284,83.31414596904101,54.07648468017578,78.60993957519531
283.176014217161,83.57422110377448,54.07648468017578,78.60993957519531
283.9562396213614,83.83429623850795,54.07648468017578,78.60993957519531
283.176014217161,80.97346975643975,54.07648468017578,78.60993957519531
279.7950374656259,82.27384543010712,54.07648468017578,78.60993957519531
281.09541313929327,80.4533194869728,54.07648468017578,78.60993957519531
278.23458665722507,82.27384543010712,54.07648468017578,78.60993957519531
276.9342109835577,83.05407083430754,54.07648468017578,78.60993957519531
274.59353477095647,83.83429623850796,54.07648468017578,78.60993957519531
275.37376017515686,82.01377029537365,54.07648468017578,78.60993957519531
271.4726331541548,82.79399569957407,54.07648468017578,78.60993957519531
268.09165640261966,83.57422110377449,54.07648468017578,78.60993957519531
268.87188180682006,83.83429623850796,54.07648468017578,78.60993957519531
267.0513558636857,83.05407083430754,54.07648468017578,78.60993957519531
265.75098019001837,84.87459677744185,54.07648468017578,78.60993957519531
267.5812109353969,84.27480345287236,55.272926330566406,80.34918212890625
265.7204058557707,85.60394993831962,55.272926330566406,80.34918212890625
267.03953520852446,84.99088522418664,56.4958381652832,82.12690734863281
267.311245978812,83.63233137274887,56.4958381652832,82.12690734863281
266.4961136679493,84.99088522418664,56.4958381652832,82.12690734863281
267.8546675193871,83.63233137274887,56.4958381652832,82.12690734863281
266.4961136679493,84.99088522418664,56.4958381652832,82.12690734863281
268.3980890599622,83.63233137274887,56.4958381652832,82.12690734863281
269.7566429114,85.53430676476175,56.4958381652832,82.12690734863281
267.8546675193871,85.2625959944742,56.4958381652832,82.12690734863281
269.7566429114,87.16457138648708,56.4958381652832,82.12690734863281
267.8546675193871,88.52312523792486,56.4958381652832,82.12690734863281
269.7566429114,88.7948360082124,56.4958381652832,82.12690734863281
271.6687574877491,89.2958082548115,57.74580764770508,83.94396209716797
270.28014563234825,91.23986485237268,57.74580764770508,83.94396209716797
272.2242022299094,93.18392144993385,57.74580764770508,83.94396209716797
270.83559037450857,94.01708856317435,57.74580764770508,83.94396209716797
272.7796469720697,95.40570041857518,57.74580764770508,83.94396209716797
273.0573693431499,94.01708856317435,57.74580764770508,83.94396209716797
275.00142594071104,93.18392144993385,57.74580764770508,83.94396209716797
273.6128140853102,90.68442011021236,57.74580764770508,83.94396209716797
275.55687068287136,88.74036351265119,57.74580764770508,83.94396209716797
273.05736934314984,89.57353062589169,57.74580764770508,83.94396209716797
276.667760167192,87.07402928617017,57.74580764770508,83.94396209716797
276.9454825382722,84.57452794644868,57.74580764770508,83.94396209716797
278.32362823944305,82.20521231761289,59.023433685302734,85.80122375488281
275.2010914754996,84.1922811673951,59.023433685302734,85.80122375488281
277.1881603252818,82.20521231761289,59.023433685302734,85.80122375488281
278.60749521798334,81.35361138199194,59.023433685302734,85.80122375488281
279.45909615360426,79.93427648929037,59.023433685302734,85.80122375488281
279.74296313214455,79.08267555366942,59.023433685302734,85.80122375488281
281.1622980248461,77.09560670388721,59.023433685302734,85.80122375488281
277.472027303822,79.65040951075005,59.023433685302734,85.80122375488281
281.73003198192674,75.96013878972595,59.023433685302734,85.80122375488281
283.71710083170893,75.108537854105,59.023433685302734,85.80122375488281
285.7041696814911,74.82467087556468,59.023433685302734,85.80122375488281
286.55577061711205,74.54080389702436,59.023433685302734,85.80122375488281
285.1364357244105,75.96013878972593,59.023433685302734,85.80122375488281
286.55577061711205,72.83760202578246,59.023433685302734,85.80122375488281
288.54283946689424,72.55373504724214,59.023433685302734,85.80122375488281
289.39444040251516,73.4053359828631,59.023433685302734,85.80122375488281
290.8137752952167,70.85053317600025,59.023433685302734,85.80122375488281
291.097642273757,70.56666619745994,59.023433685302734,85.80122375488281
290.2460413381361,70.28279921891962,59.023433685302734,85.80122375488281
292.8008441449989,71.70213411162119,59.023433685302734,85.80122375488281
315.41434490144155,64.568205528344,60.32932662963867,87.69957733154297
316.25209251082634,63.29700076354712,61.66411209106445,89.63993072509766
316.49299802907166,61.38229382318269,63.0284309387207,91.62321472167969
314.9773550508921,61.07916522754678,63.0284309387207,91.62321472167969
316.49299802907166,62.594808205726366,63.0284309387207,91.62321472167969
316.1898694334357,61.07916522754678,63.0284309387207,91.62321472167969
317.06509674973745,61.00907265919794,64.42293548583984,93.65037536621094
316.75526143392307,59.45989608012614,64.42293548583984,93.65037536621094
316.36403857212736,60.031159853422906,65.8482894897461,95.7223892211914
313.33562742061946,56.672266219004854,67.30518341064453,97.84024810791016
314.3067190139217,59.58554099891158,67.30518341064453,97.84024810791016
313.33562742061946,56.672266219004854,67.30518341064453,97.84024810791016
314.3067190139217,58.93814660337675,67.30518341064453,97.84024810791016
314.63041621168907,57.319660614539686,67.30518341064453,97.84024810791016
314.95411340945645,58.93814660337675,67.30518341064453,97.84024810791016
315.9252050027587,57.9670550100745,67.30518341064453,97.84024810791016
317.531491845148,57.89220322416074,68.7943115234375,100.00496673583984
316.538914850344,55.57619023628462,68.7943115234375,100.00496673583984
318.18074240607604,55.49968469969265,70.3163833618164,102.21757507324219
319.8588952424602,53.31631869179334,71.87213134765625,104.47914123535156
319.42243311017813,53.953637699572454,73.4623031616211,106.79074096679688
319.7757423397835,55.72018384759943,73.4623031616211,106.79074096679688
318.00919619175653,53.24701924036165,73.4623031616211,106.79074096679688
318.3625054213619,55.01356538838863,73.4623031616211,106.79074096679688
318.00919619175653,55.36687461799403,73.4623031616211,106.79074096679688
317.65588696215116,55.01356538838863,73.4623031616211,106.79074096679688
318.71581465096733,56.7801115364156,73.4623031616211,106.79074096679688
317.65588696215116,56.4268023068102,73.4623031616211,106.79074096679688
318.00919619175653,58.19334845483718,73.4623031616211,106.79074096679688
316.24265004372955,59.253276143653366,73.4623031616211,106.79074096679688
314.33029959050856,61.370927478902345,75.08765411376953,109.15348815917969
312.52466860895646,64.62106324569609,75.08765411376953,109.15348815917969
312.16354241264605,62.093179871523176,75.08765411376953,109.15348815917969
308.1911542532315,66.78782042355859,75.08765411376953,109.15348815917969
302.05200891595445,61.370927478902345,75.08765411376953,109.15348815917969
296.6351159712982,56.676286926866936,75.08765411376953,109.15348815917969
294.1072325971253,55.59290833793568,75.08765411376953,109.15348815917969
295.1906111860565,55.23178214162526,75.08765411376953,109.15348815917969
292.6627278118836,53.426151160073175,75.08765411376953,109.15348815917969
295.1906111860565,53.7872773563836,75.08765411376953,109.15348815917969
293.3849802045044,53.426151160073175,75.08765411376953,109.15348815917969
295.91286357867733,53.7872773563836,75.08765411376953,109.15348815917969
296.27398977498774,54.14840355269402,75.08765411376953,109.15348815917969
295.91286357867733,52.342772571141936,75.08765411376953,109.15348815917969
299.8852517380919,54.14840355269402,75.08765411376953,109.15348815917969
305.3021446827481,57.39853931948777,75.08765411376953,109.15348815917969
311.4412900200252,54.14840355269402,75.08765411376953,109.15348815917969
313.2469210015773,55.954034534246105,75.08765411376953,109.15348815917969
315.0389420432973,51.37450677434212,76.74897003173828,111.56851196289062
319.0992192907389,53.22008734136104,76.74897003173828,111.56851196289062
323.1594965381805,55.06566790837995,76.74897003173828,111.56851196289062
323.45933327073965,56.51214745516829,78.4470443725586,114.0369644165039
322.9829434436844,50.94487177103798,80.18268585205078,116.5600357055664
324.13983401226494,52.873022718672246,80.18268585205078,116.5600357055664
325.2967245808455,49.40235101293058,80.18268585205078,116.5600357055664
324.9110943913186,50.55924158151113,80.18268585205078,116.5600357055664
322.98294344368435,51.71613215009168,80.18268585205078,116.5600357055664
321.8260528751038,49.016720823403716,80.18268585205078,116.5600357055664
320.6691623065233,50.94487177103798,80.18268585205078,116.5600357055664
319.51227173794274,52.10176233961853,80.18268585205078,116.5600357055664
321.440422685577,56.3436944244139,80.18268585205078,116.5600357055664
324.13983401226494,59.04310575110186,80.18268585205078,116.5600357055664
322.9829434436844,56.3436944244139,80.18268585205078,116.5600357055664
324.13983401226494,59.81436613015556,80.18268585205078,116.5600357055664
323.7542038227381,61.74251707778983,80.18268585205078,116.5600357055664
324.13983401226494,64.44192840447779,80.18268585205078,116.5600357055664
322.2116830646307,67.14133973116576,80.18268585205078,116.5600357055664
323.3685736332112,67.52696992069261,80.18268585205078,116.5600357055664
320.6691623065233,70.22638124738057,80.18268585205078,116.5600357055664
317.1984906007816,66.75570954163891,80.18268585205078,116.5600357055664
312.18529813693254,70.99764162643427,80.18268585205078,116.5600357055664
307.1721056730835,70.61201143690744,80.18268585205078,116.5600357055664
309.10025662071774,74.8539435217028,80.18268585205078,116.5600357055664
304.85832453592235,72.15453219501484,80.18268585205078,116.5600357055664
308.328996241664,70.22638124738057,80.18268585205078,116.5600357055664
311.7996679474057,75.23957371122964,80.18268585205078,116.5600357055664
316.0416000322011,80.2527661750787,80.18268585205078,116.5600357055664
316.42723022172794,81.40965674365927,80.18268585205078,116.5600357055664
322.21168306463073,84.10906807034723,80.18268585205078,116.5600357055664
331.08117742374833,82.18091712271297,80.18268585205078,116.5600357055664
339.1794114038122,82.56654731223983,80.18268585205078,116.5600357055664
348.0489057629298,86.0372190179815,80.18268585205078,116.5600357055664
349.97705671056406,89.50789072372316,80.18268585205078,116.5600357055664
358.0752906906279,89.89352091325003,80.18268585205078,116.5600357055664
365.4022642916381,93.3641926189917,80.18268585205078,116.5600357055664
371.1867171345409,98.37738508284076,80.18268585205078,116.5600357055664
378.5136907355511,102.61931716763613,80.18268585205078,116.5600357055664
381.9843624412928,104.54746811527039,80.18268585205078,116.5600357055664
388.54007566324924,108.78940020006576,80.18268585205078,116.5600357055664
392.78200774804463,113.80259266391482,80.18268585205078,116.5600357055664
395.48141907473257,119.58704550681759,80.18268585205078,116.5600357055664
396.59485557181915,123.49878871833442,81.95672607421875,119.13892364501953
395.41236879940874,122.31630194592404,81.95672607421875,119.13892364501953
396.5504387815194,126.31459130297628,83.77001953125,121.77487182617188
392.92449090476947,125.1059420107263,83.77001953125,121.77487182617188
389.29854302801954,128.73188988747623,83.77001953125,121.77487182617188
384.06106276160295,125.1059420107263,83.77001953125,121.77487182617188
386.88124444351956,127.9261236926429,83.77001953125,121.77487182617188
380.83799798226966,124.30017581589297,83.77001953125,121.77487182617188
374.79475152101975,118.25692935464306,83.77001953125,121.77487182617188
367.9457388649365,109.79638430889321,83.77001953125,121.77487182617188
361.0967262088533,102.94737165281,83.77001953125,121.77487182617188
357.47077833210335,100.1271899708934,83.77001953125,121.77487182617188
348.2044670915202,92.47241111997687,83.77001953125,121.77487182617188
334.1035586819371,79.1772689052271,83.77001953125,121.77487182617188
319.1968840775207,72.32825624914389,83.77001953125,121.77487182617188
299.45561230410436,66.285009787894,83.77001953125,121.77487182617188
295.82966442735443,63.464828105977375,83.77001953125,121.77487182617188
286.5633531867713,59.83888022922744,83.77001953125,121.77487182617188
277.29704194618813,56.21293235247751,83.77001953125,121.77487182617188
270.4480292901049,53.392750670560886,83.77001953125,121.77487182617188
269.23937999785494,54.60139996281086,83.77001953125,121.77487182617188
269.6422630952716,54.1985168653942,83.77001953125,121.77487182617188
273.2682109720215,57.01869854731082,83.77001953125,121.77487182617188
278.5056912384381,60.64464642406075,83.77001953125,121.77487182617188
284.548937699688,65.07636049564401,83.77001953125,121.77487182617188
290.5921841609379,69.50807456722725,83.77001953125,121.77487182617188
290.99506725835454,69.10519146981059,83.77001953125,121.77487182617188
296.2325475247711,71.9253731517272,83.77001953125,121.77487182617188
299.85849540152105,73.93978863881051,83.77001953125,121.77487182617188
303.484443278271,76.75997032072712,83.77001953125,121.77487182617188
305.49885876535427,77.16285341814378,83.77001953125,121.77487182617188
305.09597566793764,77.56573651556045,83.77001953125,121.77487182617188
307.1103911550209,75.55132102847713,83.77001953125,121.77487182617188
308.27364281613154,72.1142313241536,85.62342834472656,124.4691390991211
309.5090334739726,73.3496219819946,85.62342834472656,124.4691390991211
312.4069784919617,74.10887664693647,87.5178451538086,127.2230224609375
312.74888795464454,73.13816654636264,89.45417785644531,130.03782653808594
315.76043130876565,76.14970990048374,89.45417785644531,130.03782653808594
319.63241562120703,79.16125325460484,89.45417785644531,130.03782653808594
322.64395897532813,83.89367852536657,89.45417785644531,130.03782653808594
325.65550232944923,88.62610379612829,89.45417785644531,130.03782653808594
324.36484089196875,89.05632427528846,89.45417785644531,130.03782653808594
329.0972661627305,92.92830858772987,89.45417785644531,130.03782653808594
333.8296914334922,96.80029290017129,89.45417785644531,130.03782653808594
338.5621167042539,100.6722772126127,89.45417785644531,130.03782653808594
343.29454197501565,104.54426152505411,89.45417785644531,130.03782653808594
341.1434395792149,105.83492296253459,89.45417785644531,130.03782653808594
346.7363058082969,111.42778919161663,89.45417785644531,130.03782653808594
354.0500539540195,117.02065542069866,89.45417785644531,130.03782653808594
362.2242430580625,121.75308069146038,89.45417785644531,130.03782653808594
372.1193140787461,128.20638787886273,89.45417785644531,130.03782653808594
375.99129839118746,129.4970493163432,89.45417785644531,130.03782653808594
382.4446055785898,135.95035650374555,89.45417785644531,130.03782653808594
388.89791276599215,142.4036636911479,89.45417785644531,130.03782653808594
395.3512199533945,149.71741183687055,89.45417785644531,130.03782653808594
401.80452714079684,157.0311599825932,89.45417785644531,130.03782653808594
403.9556295365976,159.182262378394,89.45417785644531,130.03782653808594
408.6880548073593,165.63556956579635,89.45417785644531,130.03782653808594
412.5600391198007,171.22843579487838,89.45417785644531,130.03782653808594
416.4320234322421,172.51909723235886,89.45417785644531,130.03782653808594
420.3040077446835,173.80975866983934,89.45417785644531,130.03782653808594
415.57158247392175,175.10042010731982,89.45417785644531,130.03782653808594
420.3040077446835,173.80975866983934,89.45417785644531,130.03782653808594
416.4320234322421,174.2399791489995,89.45417785644531,130.03782653808594
236.6339446654485,96.75543785113587,89.45417785644531,130.03782653808594
242.14913769530187,63.72434660694647,87.54653930664062,127.26473236083984
245.9234086043869,56.55895117705474,85.67958068847656,124.55077362060547
245.64546006695133,55.106781390242105,83.8524398803711,121.89469146728516
247.66185764230755,56.31661993545583,83.8524398803711,121.89469146728516
248.06513715737879,53.493663329957144,83.8524398803711,121.89469146728516
250.081534732735,55.51006090531335,83.8524398803711,121.89469146728516
247.47729515434264,57.97589111064336,82.06426239013672,119.29524993896484
250.25438771935808,58.86748034910511,80.31421661376953,116.7512435913086
252.9582273167165,56.936166350991954,80.31421661376953,116.7512435913086
254.1868901994888,60.0425506806251,78.60149383544922,114.26148986816406
256.07701834487114,58.908473793395714,78.60149383544922,114.26148986816406
255.09330851761126,61.21989033306217,76.92529296875,111.8248291015625
257.6830573483241,59.370069739695836,76.92529296875,111.8248291015625
258.79294970434387,59.00010562102257,76.92529296875,111.8248291015625
260.6427702977102,59.370069739695836,76.92529296875,111.8248291015625
261.75266265372994,58.26017738367604,76.92529296875,111.8248291015625
261.3826985350567,59.370069739695836,76.92529296875,111.8248291015625
262.4925908910765,59.00010562102257,76.92529296875,111.8248291015625
262.8625550097497,60.8499262143889,76.92529296875,111.8248291015625
261.75266265372994,60.479962095715635,76.92529296875,111.8248291015625
261.3826985350567,60.8499262143889,76.92529296875,111.8248291015625
262.4925908910765,60.479962095715635,76.92529296875,111.8248291015625
262.12262677240324,61.589854451735434,76.92529296875,111.8248291015625
261.01273441638347,61.21989033306217,76.92529296875,111.8248291015625
260.64277029771023,60.8499262143889,76.92529296875,111.8248291015625
261.01273441638347,62.69974680775523,76.92529296875,111.8248291015625
260.64277029771023,61.589854451735434,76.92529296875,111.8248291015625
260.272806179037,61.21989033306217,76.92529296875,111.8248291015625
262.1628105205355,64.90838226457628,75.28483581542969,109.44013214111328
263.2490340877583,63.82215869735353,75.28483581542969,109.44013214111328
262.8869595653507,64.18423321976111,75.28483581542969,109.44013214111328
262.52488504294314,63.82215869735353,75.28483581542969,109.44013214111328
262.1628105205356,63.46008417494595,75.28483581542969,109.44013214111328
262.61655740405837,65.67397017232673,73.67936706542969,107.10628509521484
263.6796169265343,64.61091064985078,73.67936706542969,107.10628509521484
263.4405990705893,67.46067322836268,72.1081314086914,104.82221221923828
265.17458150052346,65.72669079842852,72.1081314086914,104.82221221923828
263.4405990705893,66.76708025638902,72.1081314086914,104.82221221923828
265.17458150052346,65.72669079842852,72.1081314086914,104.82221221923828
264.134192042563,66.07348728441535,72.1081314086914,104.82221221923828
264.4809885285498,65.72669079842852,72.1081314086914,104.82221221923828
263.4405990705893,66.07348728441535,72.1081314086914,104.82221221923828
265.8681744724971,65.03309782645485,72.1081314086914,104.82221221923828
264.82778501453663,66.07348728441535,72.1081314086914,104.82221221923828
265.17458150052346,65.03309782645485,72.1081314086914,104.82221221923828
264.82778501453663,65.37989431244168,72.1081314086914,104.82221221923828
265.17458150052346,64.33950485448118,72.1081314086914,104.82221221923828
264.82778501453663,65.37989431244168,72.1081314086914,104.82221221923828
265.8681744724971,65.03309782645485,72.1081314086914,104.82221221923828
265.5213779865103,65.37989431244168,72.1081314086914,104.82221221923828
265.8681744724971,64.33950485448118,72.1081314086914,104.82221221923828
266.21497095848395,63.99270836849435,72.1081314086914,104.82221221923828
268.64254636039175,64.33950485448118,72.1081314086914,104.82221221923828
266.21497095848395,63.299115396520676,72.1081314086914,104.82221221923828
267.25536041644443,62.95231891053385,72.1081314086914,104.82221221923828
267.60215690243126,63.99270836849435,72.1081314086914,104.82221221923828
267.25536041644443,63.64591188250752,72.1081314086914,104.82221221923828
268.2957498744049,62.60552242454702,72.1081314086914,104.82221221923828
269.3361393323654,62.95231891053385,72.1081314086914,104.82221221923828
269.68293581835223,62.60552242454702,72.1081314086914,104.82221221923828
268.64254636039175,62.25872593856019,72.1081314086914,104.82221221923828
268.9893428463786,61.91192945257336,72.1081314086914,104.82221221923828
268.64254636039175,61.56513296658653,72.1081314086914,104.82221221923828
269.68293581835223,61.2183364805997,72.1081314086914,104.82221221923828
269.3361393323654,60.871539994612874,72.1081314086914,104.82221221923828
270.3765287903259,61.911929452573375,72.1081314086914,104.82221221923828
270.02973230433906,61.565132966586546,72.1081314086914,104.82221221923828
270.3765287903259,61.21833648059972,72.1081314086914,104.82221221923828
270.7233252763127,60.87153999461289,72.1081314086914,104.82221221923828
270.3765287903259,61.91192945257339,72.1081314086914,104.82221221923828
272.11051122026004,61.56513296658656,72.1081314086914,104.82221221923828
270.3765287903259,61.21833648059973,72.1081314086914,104.82221221923828
270.02973230433906,60.17794702263923,72.1081314086914,104.82221221923828
270.3765287903259,59.8311505366524,72.1081314086914,104.82221221923828
269.3361393323654,61.56513296658656,72.1081314086914,104.82221221923828
268.9893428463786,61.21833648059973,72.1081314086914,104.82221221923828
268.64254636039175,61.56513296658656,72.1081314086914,104.82221221923828
267.60215690243126,61.91192945257339,72.1081314086914,104.82221221923828
268.64254636039175,61.56513296658656,72.1081314086914,104.82221221923828
269.7456717116106,64.35412474343269,70.57040405273438,102.58684539794922
268.72746887221143,64.01472379696631,70.57040405273438,102.58684539794922
269.06686981867784,64.35412474343269,70.57040405273438,102.58684539794922
269.40627076514426,64.01472379696631,70.57040405273438,102.58684539794922
269.74567171161067,64.35412474343269,70.57040405273438,102.58684539794922
270.0850726580771,63.335921904033526,70.57040405273438,102.58684539794922
272.4608792833418,63.67532285049991,70.57040405273438,102.58684539794922
270.76387455100985,64.0147237969663,70.57040405273438,102.58684539794922
271.78207739040903,63.67532285049991,70.57040405273438,102.58684539794922
272.8002802298082,63.335921904033526,70.57040405273438,102.58684539794922
271.78207739040903,62.31771906463436,70.57040405273438,102.58684539794922
273.479082122741,61.97831811816798,70.57040405273438,102.58684539794922
271.78207739040903,61.63891717170159,70.57040405273438,102.58684539794922
274.15788401567374,62.65712001110076,70.57040405273438,102.58684539794922
273.81848306920733,61.63891717170159,70.57040405273438,102.58684539794922
276.8608852749789,64.36843356571671,69.06546783447266,100.3991470336914
275.20006967970994,63.371944208555334,69.06546783447266,100.3991470336914
278.81790436610373,66.04325263282684,67.5926284790039,98.25810241699219
276.54234688266786,65.06801371135431,67.5926284790039,98.25810241699219
278.1677450851221,65.39309335184515,67.5926284790039,98.25810241699219
276.54234688266786,64.41785443037263,67.5926284790039,98.25810241699219
277.51758580414037,64.74293407086347,67.5926284790039,98.25810241699219
276.54234688266786,64.41785443037263,67.5926284790039,98.25810241699219
276.8674265231587,64.74293407086347,67.5926284790039,98.25810241699219
275.8921876016862,64.41785443037263,67.5926284790039,98.25810241699219
276.8674265231587,64.09277478988179,67.5926284790039,98.25810241699219
277.19250616364957,64.41785443037263,67.5926284790039,98.25810241699219
276.8674265231587,64.09277478988179,67.5926284790039,98.25810241699219
277.19250616364957,64.41785443037263,67.5926284790039,98.25810241699219
276.8674265231587,64.09277478988179,67.5926284790039,98.25810241699219
277.19250616364957,65.06801371135431,67.5926284790039,98.25810241699219
276.8674265231587,65.39309335184515,67.5926284790039,98.25810241699219
276.54234688266786,64.41785443037263,67.5926284790039,98.25810241699219
278.81790436610373,65.39309335184515,67.5926284790039,98.25810241699219
278.59863342799156,66.12745492309293,66.15119171142578,96.1627197265625
280.18936952420063,66.44560214233475,66.15119171142578,96.1627197265625
277.9623389895079,65.4911604846093,66.15119171142578,96.1627197265625
279.55307508571696,66.44560214233475,66.15119171142578,96.1627197265625
279.2349278664751,66.12745492309293,66.15119171142578,96.1627197265625
278.9167806472333,65.8093077038511,66.15119171142578,96.1627197265625
281.143811181926,66.76374936157656,66.15119171142578,96.1627197265625
279.55307508571696,66.44560214233474,66.15119171142578,96.1627197265625
279.2349278664751,66.12745492309291,66.15119171142578,96.1627197265625
278.9167806472333,65.80930770385109,66.15119171142578,96.1627197265625
281.78010562040964,67.40004380006017,66.15119171142578,96.1627197265625
280.1893695242006,65.80930770385109,66.15119171142578,96.1627197265625
279.2349278664751,66.12745492309291,66.15119171142578,96.1627197265625
280.1893695242006,66.44560214233474,66.15119171142578,96.1627197265625
279.2349278664751,66.12745492309291,66.15119171142578,96.1627197265625
280.1893695242006,66.44560214233474,66.15119171142578,96.1627197265625
279.2349278664751,66.12745492309291,66.15119171142578,96.1627197265625
278.9167806472333,65.80930770385109,66.15119171142578,96.1627197265625
281.78010562040964,67.40004380006017,66.15119171142578,96.1627197265625
280.1893695242006,65.80930770385109,66.15119171142578,96.1627197265625
279.2349278664751,66.76374936157654,66.15119171142578,96.1627197265625
278.9167806472333,67.08189658081837,66.15119171142578,96.1627197265625
281.143811181926,66.76374936157654,66.15119171142578,96.1627197265625
279.55307508571696,66.44560214233472,66.15119171142578,96.1627197265625
279.2349278664751,66.76374936157654,66.15119171142578,96.1627197265625
278.28048620874966,67.08189658081837,66.15119171142578,96.1627197265625
279.87122230495874,66.76374936157654,66.15119171142578,96.1627197265625
278.9167806472333,67.08189658081837,66.15119171142578,96.1627197265625
280.50751674344235,66.76374936157654,66.15119171142578,96.1627197265625
279.5530750857169,67.08189658081837,66.15119171142578,96.1627197265625
281.79165985032944,69.0271890106308,64.7405014038086,94.11202239990234
280.8575719484374,68.09310110873878,64.7405014038086,94.11202239990234
282.4482033468469,70.59712674162668,63.35988998413086,92.10505676269531
280.9245896867929,69.68295854559427,63.35988998413086,92.10505676269531
282.4482033468469,71.20657220564829,63.35988998413086,92.10505676269531
280.3151442227713,69.68295854559427,63.35988998413086,92.10505676269531
282.4482033468469,70.59712674162668,63.35988998413086,92.10505676269531
280.9245896867929,70.29240400961588,63.35988998413086,92.10505676269531
280.6198669547821,69.98768127760508,63.35988998413086,92.10505676269531
283.3514123493916,71.85088961662787,62.00872039794922,90.1408920288086
336.13713609950037,57.8343415021922,62.00872039794922,90.1408920288086
338.2247070952674,56.343219362358624,62.00872039794922,90.1408920288086
338.5229315232341,56.64144379032534,62.00872039794922,90.1408920288086
337.62825823933395,55.74677050642519,62.00872039794922,90.1408920288086
338.5229315232341,57.23789264625877,62.00872039794922,90.1408920288086
338.2247070952674,56.343219362358624,62.00872039794922,90.1408920288086
339.1193803791675,57.23789264625877,62.00872039794922,90.1408920288086
338.8211559512008,55.74677050642519,62.00872039794922,90.1408920288086
339.1193803791675,56.04499493439191,62.00872039794922,90.1408920288086
340.01405366306767,56.939668218292056,62.00872039794922,90.1408920288086
339.71582923510095,56.04499493439191,62.00872039794922,90.1408920288086
339.41760480713424,57.53611707422549,62.00872039794922,90.1408920288086
340.3122780910344,55.44854607845848,62.00872039794922,90.1408920288086
340.01405366306767,56.939668218292056,62.00872039794922,90.1408920288086
339.71582923510095,56.04499493439191,62.00872039794922,90.1408920288086
339.41760480713424,56.343219362358624,62.00872039794922,90.1408920288086
340.3122780910344,56.64144379032534,62.00872039794922,90.1408920288086
340.01405366306767,55.15032165049176,62.00872039794922,90.1408920288086
340.3122780910344,56.04499493439191,62.00872039794922,90.1408920288086
340.6105025190011,54.55387279455833,62.00872039794922,90.1408920288086
340.23393814927147,51.39083313303209,63.38066482543945,92.13526153564453
341.75805136644885,53.52459163708045,63.38066482543945,92.13526153564453
341.3731577795454,50.2915720414252,64.782958984375,94.17375183105469
341.6847246239669,50.60313888584669,64.782958984375,94.17375183105469
341.99629146838834,48.42217097489626,64.782958984375,94.17375183105469
343.55412569049577,49.35687150816074,64.782958984375,94.17375183105469
341.99629146838834,48.42217097489626,64.782958984375,94.17375183105469
343.55412569049577,48.11060413047477,64.782958984375,94.17375183105469
343.2425588460743,49.045304663739245,64.782958984375,94.17375183105469
343.55412569049577,46.864336752788816,64.782958984375,94.17375183105469
344.4888262237602,47.79903728605329,64.782958984375,94.17375183105469
343.55412569049577,44.99493568625988,64.782958984375,94.17375183105469
345.1119599126032,48.42217097489626,64.782958984375,94.17375183105469
344.17725937933875,44.371801997416895,64.782958984375,94.17375183105469
346.35822729028916,47.79903728605328,64.782958984375,94.17375183105469
345.4235267570247,43.74866830857391,64.782958984375,94.17375183105469
347.60449466797513,44.68336884183839,64.782958984375,94.17375183105469
346.6697941347107,44.99493568625988,64.782958984375,94.17375183105469
348.2276283568181,44.0602351529954,64.782958984375,94.17375183105469
348.5391952012396,44.99493568625988,64.782958984375,94.17375183105469
348.85076204566104,42.19083408646647,64.782958984375,94.17375183105469
350.4085962677685,44.371801997416895,64.782958984375,94.17375183105469
348.85076204566104,42.19083408646647,64.782958984375,94.17375183105469
350.4085962677685,42.50240093088796,64.782958984375,94.17375183105469
349.473895734504,39.698299331094546,64.782958984375,94.17375183105469
350.3734853793448,40.27275469859157,66.2162857055664,96.2573471069336
350.0550251184905,39.31737391602863,66.2162857055664,96.2573471069336
350.3734853793448,40.27275469859157,66.2162857055664,96.2573471069336
350.6919456401991,38.68045339432,66.2162857055664,96.2573471069336
351.0104059010534,40.9096752203002,66.2162857055664,96.2573471069336
350.05502511849045,36.7696918291941,66.2162857055664,96.2573471069336
351.0104059010534,40.27275469859157,66.2162857055664,96.2573471069336
350.6919456401991,37.40661235090273,66.2162857055664,96.2573471069336
351.64732642276203,40.27275469859157,66.2162857055664,96.2573471069336
350.6919456401991,38.043532872611365,66.2162857055664,96.2573471069336
352.2842469444707,40.27275469859157,66.2162857055664,96.2573471069336
351.32886616190774,38.68045339432,66.2162857055664,96.2573471069336
352.9211674661793,41.54659574200883,66.2162857055664,96.2573471069336
350.0550251184905,38.043532872611365,66.2162857055664,96.2573471069336
351.6473264227621,40.9096752203002,66.2162857055664,96.2573471069336
352.60270720532503,38.68045339432,66.2162857055664,96.2573471069336
352.9211674661793,42.183516263717465,66.2162857055664,96.2573471069336
350.6919456401991,38.043532872611365,66.2162857055664,96.2573471069336
352.9211674661793,41.54659574200883,66.2162857055664,96.2573471069336
351.32886616190774,39.31737391602863,66.2162857055664,96.2573471069336
352.9211674661793,42.183516263717465,66.2162857055664,96.2573471069336
353.2396277270336,41.865056002863156,66.2162857055664,96.2573471069336
353.49831804651103,41.79141752595385,67.68132019042969,98.38703918457031
352.5217994641339,38.86186177882239,67.68132019042969,98.38703918457031
354.1493304347625,41.79141752595385,67.68132019042969,98.38703918457031
351.219774687631,38.21084939057096,67.68132019042969,98.38703918457031
352.8473056582596,41.79141752595385,67.68132019042969,98.38703918457031
353.1728118523853,40.16388655532526,67.68132019042969,98.38703918457031
354.1493304347624,43.09344230245672,67.68132019042969,98.38703918457031
353.73831722005457,43.018174722542156,69.17877197265625,100.56385040283203
354.6989507602685,44.32197891516972,70.7093505859375,102.78882598876953
351.6383281080139,39.22094116141214,70.7093505859375,102.78882598876953
354.0188123931008,42.961702180834365,70.7093505859375,102.78882598876953
355.7063420910757,43.58871085094897,72.27379608154297,105.06302642822266
352.5780031626401,38.3748126368895,72.27379608154297,105.06302642822266
355.01115566253446,42.198337993866446,72.27379608154297,105.06302642822266
356.73602135187804,43.56047556431355,73.87285614013672,107.38754272460938
352.827900496378,38.94178728054075,73.87285614013672,107.38754272460938
356.0254539236053,42.84990813604081,73.87285614013672,107.38754272460938
357.7884831170031,42.03054196699635,75.50729370117188,109.76348876953125
354.5201838201984,38.762242670191625,75.50729370117188,109.76348876953125
357.8292684551733,40.938843089308165,77.17789459228516,112.19200897216797
358.90098034353394,40.85301432632845,78.88545227050781,114.67425537109375
356.84745579767286,38.40357379535996,80.63079071044922,117.21142578125
358.77176733008685,39.92321461244191,82.41474914550781,119.80472564697266
357.58267217712887,38.734119459483935,82.41474914550781,119.80472564697266
358.77176733008685,40.715944714413894,82.41474914550781,119.80472564697266
356.7899420751569,37.94138935751195,82.41474914550781,119.80472564697266
358.77176733008685,40.715944714413894,82.41474914550781,119.80472564697266
359.9608624830448,41.90503986737187,82.41474914550781,119.80472564697266
357.8154636153665,40.1684708559778,84.23817443847656,122.45540618896484
359.0308674985837,40.57360548371686,84.23817443847656,122.45540618896484
356.1949251044103,40.1684708559778,84.23817443847656,122.45540618896484
357.41032898762745,40.57360548371686,84.23817443847656,122.45540618896484
357.0051943598884,40.97874011145592,84.23817443847656,122.45540618896484
354.97952122119307,38.95306697276064,84.23817443847656,122.45540618896484
355.38465584893214,40.168470855977816,84.23817443847656,122.45540618896484
355.7897904766712,40.573605483716875,84.23817443847656,122.45540618896484
354.57438659345405,40.978740111455934,84.23817443847656,122.45540618896484
353.3589827102369,38.142797717282534,84.23817443847656,122.45540618896484
352.1435788270197,40.168470855977816,84.23817443847656,122.45540618896484
348.49736717736823,37.332528461804415,84.23817443847656,122.45540618896484
351.33330957154163,39.3582016004997,84.23817443847656,122.45540618896484
347.68709792189014,38.14279771728252,84.23817443847656,122.45540618896484
348.0922325496292,40.1684708559778,84.23817443847656,122.45540618896484
343.6357516444996,40.57360548371686,84.23817443847656,122.45540618896484
345.6614247831949,43.40954787789026,84.23817443847656,122.45540618896484
342.0152131335434,38.953066972760624,84.23817443847656,122.45540618896484
339.9895399948481,40.978740111455906,84.23817443847656,122.45540618896484
337.1535976006747,43.00441325015119,84.23817443847656,122.45540618896484
335.1279244619794,43.40954787789025,84.23817443847656,122.45540618896484
332.291982067806,44.624951761107425,84.23817443847656,122.45540618896484
335.1279244619794,45.8403556443246,84.23817443847656,122.45540618896484
329.5724407572824,42.38405591405129,86.10194396972656,125.16473388671875
329.1583425259046,44.45454707094021,86.10194396972656,125.16473388671875
325.43145844350454,42.38405591405129,86.10194396972656,125.16473388671875
326.6737531376379,43.62635060818464,86.10194396972656,125.16473388671875
323.7750655179934,44.040448839562416,86.10194396972656,125.16473388671875
322.53277082386006,39.4853682944068,86.10194396972656,125.16473388671875
325.43145844350454,41.55585945129572,86.10194396972656,125.16473388671875
322.7573565762086,40.09653077049309,84.26579284667969,122.49555969238281
323.92749159322847,39.161889408418546,86.13017272949219,125.20577239990234
326.82712962444174,39.57612341287758,86.13017272949219,125.20577239990234
321.44208756647424,40.81882542625469,86.13017272949219,125.20577239990234
314.042754862559,41.58257445011837,88.03580474853516,127.9759521484375
306.84497302182814,36.925186200233725,88.03580474853516,127.9759521484375
300.4939890447127,39.04218085927221,88.03580474853516,127.9759521484375
302.6109837037512,39.465579791079904,88.03580474853516,127.9759521484375
297.1067975902511,39.04218085927221,88.03580474853516,127.9759521484375
294.3726333868622,39.18245777967579,86.15841674804688,125.246826171875
291.47204463246254,42.083046534075464,86.15841674804688,125.246826171875
291.88641445451964,44.15489564436095,86.15841674804688,125.246826171875
292.30078427657674,42.91178617818966,86.15841674804688,125.246826171875
288.57145587806286,45.812374932589336,86.15841674804688,125.246826171875
291.47204463246254,46.22674475464643,86.15841674804688,125.246826171875
288.57145587806286,47.46985422081772,86.15841674804688,125.246826171875
291.47204463246254,48.71296368698901,86.15841674804688,125.246826171875
289.40019552217706,49.12733350904611,86.15841674804688,125.246826171875
290.64330498834835,51.199182619331594,86.15841674804688,125.246826171875
291.88641445451964,52.442292085502885,86.15841674804688,125.246826171875
289.81456534423415,50.3704429752174,86.15841674804688,125.246826171875
292.71515409863383,54.09977137373127,86.15841674804688,125.246826171875
290.64330498834835,52.02792226344579,86.15841674804688,125.246826171875
392.545385719543,245.51623099004655,86.15841674804688,125.246826171875
503.18212820878796,173.00151213005455,86.15841674804688,125.246826171875
500.2815394543883,175.07336124034003,86.15841674804688,125.246826171875
501.52464892055957,175.48773106239713,86.15841674804688,125.246826171875
501.93901874261667,173.41588195211165,86.15841674804688,125.246826171875
501.52464892055957,174.65899141828294,86.15841674804688,125.246826171875
501.93901874261667,175.07336124034003,86.15841674804688,125.246826171875
501.52464892055957,176.31647070651132,86.15841674804688,125.246826171875
501.93901874261667,176.73084052856842,86.15841674804688,125.246826171875
501.52464892055957,175.48773106239713,86.15841674804688,125.246826171875
501.93901874261667,176.73084052856842,86.15841674804688,125.246826171875
502.35338856467376,177.14521035062552,86.15841674804688,125.246826171875
502.76775838673086,175.90210088445423,86.15841674804688,125.246826171875
503.18212820878796,174.65899141828294,86.15841674804688,125.246826171875
501.1102790985025,174.24462159622584,86.15841674804688,125.246826171875
502.35338856467376,174.65899141828294,86.15841674804688,125.246826171875
501.93901874261667,172.58714230799745,86.15841674804688,125.246826171875
499.2631636301501,172.7244289868172,84.32106018066406,122.57589721679688
501.2908299341078,173.94102876919183,84.32106018066406,122.57589721679688
501.0172896363782,173.29363555650457,82.52288818359375,119.96192932128906
501.41417477823484,172.1029801309348,82.52288818359375,119.96192932128906
502.60483020380457,171.70609498907822,82.52288818359375,119.96192932128906
502.20794506194795,174.48429098207436,82.52288818359375,119.96192932128906
501.81105992009134,173.2936355565046,82.52288818359375,119.96192932128906
502.20794506194795,172.896750414648,82.52288818359375,119.96192932128906
504.1923707712309,174.88117612393097,82.52288818359375,119.96192932128906
502.20794506194795,176.07183154950073,82.52288818359375,119.96192932128906
503.3986004875177,174.08740584021777,82.52288818359375,119.96192932128906
503.7954856293743,173.69052069836118,82.52288818359375,119.96192932128906
503.3986004875177,174.88117612393094,82.52288818359375,119.96192932128906
503.00171534566107,173.69052069836118,82.52288818359375,119.96192932128906
503.3986004875177,172.49986527279142,82.52288818359375,119.96192932128906
503.7954856293743,171.30920984722167,82.52288818359375,119.96192932128906
502.60483020380457,174.0874058402178,82.52288818359375,119.96192932128906
503.7954856293743,172.89675041464804,82.52288818359375,119.96192932128906
502.60483020380457,172.49986527279145,82.52288818359375,119.96192932128906
504.5892559130875,171.3092098472217,82.52288818359375,119.96192932128906
502.60483020380457,172.49986527279145,82.52288818359375,119.96192932128906
503.7954856293743,170.5154395635085,82.52288818359375,119.96192932128906
501.81105992009134,173.29363555650463,82.52288818359375,119.96192932128906
503.00171534566107,170.5154395635085,82.52288818359375,119.96192932128906
501.81105992009134,171.70609498907825,82.52288818359375,119.96192932128906
503.00171534566107,170.5154395635085,82.52288818359375,119.96192932128906
502.60483020380445,171.70609498907825,82.52288818359375,119.96192932128906
503.7954856293742,170.5154395635085,82.52288818359375,119.96192932128906
502.60483020380445,172.49986527279145,82.52288818359375,119.96192932128906
504.5892559130874,169.72166927979532,82.52288818359375,119.96192932128906
502.60483020380445,172.49986527279145,82.52288818359375,119.96192932128906
503.7954856293742,169.72166927979532,82.52288818359375,119.96192932128906
501.0172896363781,172.49986527279145,82.52288818359375,119.96192932128906
502.2797428622216,171.10119977196499,80.7630615234375,117.40370178222656
501.2689811101235,170.4811240550231,79.04076385498047,114.90003204345703
503.16967232171487,173.1420917512511,79.04076385498047,114.90003204345703
505.83064001794287,170.4811240550231,79.04076385498047,114.90003204345703
505.4505017756246,173.1420917512511,79.04076385498047,114.90003204345703
507.351192987216,170.4811240550231,79.04076385498047,114.90003204345703
508.44877047080456,173.54837172839066,80.78954315185547,117.44219207763672
506.50602646615664,171.60562772374277,80.78954315185547,117.44219207763672
508.44877047080456,174.3254693302498,80.78954315185547,117.44219207763672
508.060221669875,171.60562772374277,80.78954315185547,117.44219207763672
509.22586807266373,173.54837172839066,80.78954315185547,117.44219207763672
507.2831240680158,170.82853012188363,80.78954315185547,117.44219207763672
508.44877047080456,172.77127412653152,80.78954315185547,117.44219207763672
507.2831240680158,171.6056277237428,80.78954315185547,117.44219207763672
509.22586807266373,174.32546933024983,80.78954315185547,117.44219207763672
509.5414922372855,170.2044278834695,82.57701110839844,120.04060363769531
505.96718324893425,169.80728244031934,82.57701110839844,120.04060363769531
508.7472013509853,172.58730054237034,82.57701110839844,120.04060363769531
508.3500559078351,169.80728244031934,82.57701110839844,120.04060363769531
506.3643286920844,172.58730054237034,82.57701110839844,120.04060363769531
509.14434679413546,169.80728244031934,82.57701110839844,120.04060363769531
506.3643286920844,172.58730054237034,82.57701110839844,120.04060363769531
509.9386376804357,169.80728244031934,82.57701110839844,120.04060363769531
506.3643286920844,171.79300965607007,82.57701110839844,120.04060363769531
509.14434679413546,169.80728244031934,82.57701110839844,120.04060363769531
505.5700378057842,172.58730054237034,82.57701110839844,120.04060363769531
509.14434679413546,169.80728244031934,82.57701110839844,120.04060363769531
506.3643286920844,171.79300965607007,82.57701110839844,120.04060363769531
509.14434679413546,169.80728244031934,82.57701110839844,120.04060363769531
505.5700378057842,171.79300965607007,82.57701110839844,120.04060363769531
509.14434679413546,169.80728244031934,82.57701110839844,120.04060363769531
506.3643286920844,172.58730054237034,82.57701110839844,120.04060363769531
509.14434679413546,169.80728244031934,82.57701110839844,120.04060363769531
505.5700378057842,172.58730054237034,82.57701110839844,120.04060363769531
509.14434679413546,169.80728244031934,82.57701110839844,120.04060363769531
506.3643286920844,171.79300965607007,82.57701110839844,120.04060363769531
509.14434679413546,169.80728244031934,82.57701110839844,120.04060363769531
505.5700378057842,171.79300965607007,82.57701110839844,120.04060363769531
509.14434679413546,169.01299155401907,82.57701110839844,120.04060363769531
505.5700378057842,171.79300965607007,82.57701110839844,120.04060363769531
509.14434679413546,169.01299155401907,82.57701110839844,120.04060363769531
505.5700378057842,171.79300965607007,82.57701110839844,120.04060363769531
509.14434679413546,169.01299155401907,82.57701110839844,120.04060363769531
505.5700378057842,171.79300965607007,82.57701110839844,120.04060363769531
509.14434679413546,169.80728244031934,82.57701110839844,120.04060363769531
505.5700378057842,172.58730054237034,82.57701110839844,120.04060363769531
509.14434679413546,169.80728244031934,82.57701110839844,120.04060363769531
506.3643286920844,171.79300965607007,82.57701110839844,120.04060363769531
509.14434679413546,169.01299155401907,82.57701110839844,120.04060363769531
505.5700378057842,170.9987187697698,82.57701110839844,120.04060363769531
509.14434679413546,168.2187006677188,82.57701110839844,120.04060363769531
506.3643286920844,170.9987187697698,82.57701110839844,120.04060363769531
509.14434679413546,168.2187006677188,82.57701110839844,120.04060363769531
505.5700378057842,170.9987187697698,82.57701110839844,120.04060363769531
509.14434679413546,168.2187006677188,82.57701110839844,120.04060363769531
506.3643286920844,170.9987187697698,82.57701110839844,120.04060363769531
509.14434679413546,168.2187006677188,82.57701110839844,120.04060363769531
505.5700378057842,171.7930096560701,82.57701110839844,120.04060363769531
509.14434679413546,169.0129915540191,82.57701110839844,120.04060363769531
505.5700378057842,171.7930096560701,82.57701110839844,120.04060363769531
509.14434679413546,169.0129915540191,82.57701110839844,120.04060363769531
506.3643286920844,171.7930096560701,82.57701110839844,120.04060363769531
509.14434679413546,169.0129915540191,82.57701110839844,120.04060363769531
505.5700378057842,171.7930096560701,82.57701110839844,120.04060363769531
509.14434679413546,169.0129915540191,82.57701110839844,120.04060363769531
506.3643286920844,170.99871876976982,82.57701110839844,120.04060363769531
509.14434679413546,168.21870066771882,82.57701110839844,120.04060363769531
506.3643286920844,170.99871876976982,82.57701110839844,120.04060363769531
509.14434679413546,168.21870066771882,82.57701110839844,120.04060363769531
505.5700378057842,170.99871876976982,82.57701110839844,120.04060363769531
509.14434679413546,168.21870066771882,82.57701110839844,120.04060363769531
506.3643286920844,170.20442788346955,82.57701110839844,120.04060363769531
509.14434679413546,167.42440978141855,82.57701110839844,120.04060363769531
506.3643286920844,170.20442788346955,82.57701110839844,120.04060363769531
509.14434679413546,167.42440978141855,82.57701110839844,120.04060363769531
506.3643286920844,170.20442788346955,82.57701110839844,120.04060363769531
509.14434679413546,167.42440978141855,82.57701110839844,120.04060363769531
505.5700378057842,169.41013699716927,82.57701110839844,120.04060363769531
508.3500559078352,166.63011889511827,82.57701110839844,120.04060363769531
507.1586195783848,169.41013699716927,82.57701110839844,120.04060363769531
508.3500559078352,166.63011889511827,82.57701110839844,120.04060363769531
506.36432869208454,169.41013699716927,82.57701110839844,120.04060363769531
509.1443467941356,166.63011889511827,82.57701110839844,120.04060363769531
505.5700378057843,169.41013699716927,82.57701110839844,120.04060363769531
508.3500559078353,166.63011889511827,82.57701110839844,120.04060363769531
506.36432869208465,169.41013699716927,82.57701110839844,120.04060363769531
509.1443467941357,166.63011889511827,82.57701110839844,120.04060363769531
505.5700378057844,169.41013699716927,82.57701110839844,120.04060363769531
509.1443467941357,166.63011889511827,82.57701110839844,120.04060363769531
506.36432869208465,169.41013699716927,82.57701110839844,120.04060363769531
509.1443467941357,166.63011889511827,82.57701110839844,120.04060363769531
506.36432869208465,168.615846110869,82.57701110839844,120.04060363769531
509.1443467941357,165.835828008818,82.57701110839844,120.04060363769531
506.36432869208465,169.4101369971693,82.57701110839844,120.04060363769531
509.1443467941357,166.6301188951183,82.57701110839844,120.04060363769531
506.36432869208465,168.61584611086903,82.57701110839844,120.04060363769531
509.1443467941357,165.83582800881803,82.57701110839844,120.04060363769531
506.36432869208465,168.61584611086903,82.57701110839844,120.04060363769531
509.1443467941357,165.83582800881803,82.57701110839844,120.04060363769531
506.36432869208465,168.61584611086903,82.57701110839844,120.04060363769531
509.93863768043593,165.83582800881803,82.57701110839844,120.04060363769531
506.36432869208465,167.82155522456875,82.57701110839844,120.04060363769531
509.93863768043593,165.83582800881803,82.57701110839844,120.04060363769531
507.1586195783849,168.61584611086903,82.57701110839844,120.04060363769531
509.93863768043593,166.6301188951183,82.57701110839844,120.04060363769531
506.36432869208465,165.43868256566788,82.57701110839844,120.04060363769531
509.1443467941357,168.21870066771888,82.57701110839844,120.04060363769531
507.158619578385,165.43868256566788,82.57701110839844,120.04060363769531
508.35005590783544,168.21870066771888,82.57701110839844,120.04060363769531
508.7472013509856,165.43868256566788,82.57701110839844,120.04060363769531
505.17289236263434,168.21870066771888,82.57701110839844,120.04060363769531
508.7472013509856,165.43868256566788,82.57701110839844,120.04060363769531
505.9671832489346,168.21870066771888,82.57701110839844,120.04060363769531
508.7472013509856,165.43868256566788,82.57701110839844,120.04060363769531
505.9671832489346,167.4244097814186,82.57701110839844,120.04060363769531
508.7472013509856,164.6443916793676,82.57701110839844,120.04060363769531
505.17289236263434,167.4244097814186,82.57701110839844,120.04060363769531
507.9677285691523,164.03626827115144,84.4040298461914,122.69650268554688
505.9380671387531,166.06592970155066,84.4040298461914,122.69650268554688
507.9677285691523,164.03626827115144,84.4040298461914,122.69650268554688
505.9380671387531,166.06592970155066,84.4040298461914,122.69650268554688
292.9617605632205,65.10455598023361,84.4040298461914,122.69650268554688
351.01007747263776,44.40200939016171,84.4040298461914,122.69650268554688
353.85160347519667,42.37234795976251,84.4040298461914,122.69650268554688
352.63380661695714,41.96641567368266,84.4040298461914,122.69650268554688
352.2278743308773,43.99607710408186,84.4040298461914,122.69650268554688
351.01007747263776,41.15455110152297,84.4040298461914,122.69650268554688
351.4160097587176,43.99607710408186,84.4040298461914,122.69650268554688
349.38634832831843,46.025738534481064,84.4040298461914,122.69650268554688
348.9804160422386,43.18421253192217,84.4040298461914,122.69650268554688
351.01007747263776,46.025738534481064,84.4040298461914,122.69650268554688
348.9804160422386,42.37234795976249,84.4040298461914,122.69650268554688
351.01007747263776,45.21387396232139,84.4040298461914,122.69650268554688
348.9804160422386,40.74861881544314,84.4040298461914,122.69650268554688
349.38634832831843,43.59014481800203,84.4040298461914,122.69650268554688
348.9804160422386,43.99607710408188,84.4040298461914,122.69650268554688
349.38634832831843,44.40200939016172,84.4040298461914,122.69650268554688
347.35668689791925,40.74861881544315,84.4040298461914,122.69650268554688
348.57448375615877,43.590144818002045,84.4040298461914,122.69650268554688
348.1685514700789,41.560483387602844,84.4040298461914,122.69650268554688
350.1982129004781,44.40200939016174,84.4040298461914,122.69650268554688
348.1685514700789,39.93675424328349,84.4040298461914,122.69650268554688
349.38634832831843,42.77828024584238,84.4040298461914,122.69650268554688
347.35668689791925,40.74861881544318,84.4040298461914,122.69650268554688
349.38634832831843,43.590144818002074,84.4040298461914,122.69650268554688
347.35668689791925,39.9367542432835,84.4040298461914,122.69650268554688
348.57448375615877,42.778280245842396,84.4040298461914,122.69650268554688
347.35668689791925,40.748618815443194,84.4040298461914,122.69650268554688
349.38634832831843,43.59014481800209,84.4040298461914,122.69650268554688
347.35668689791925,39.93675424328352,84.4040298461914,122.69650268554688
349.38634832831843,43.59014481800209,84.4040298461914,122.69650268554688
348.9804160422386,39.12488967112384,84.4040298461914,122.69650268554688
351.01007747263776,41.15455110152304,84.4040298461914,122.69650268554688
351.4160097587176,39.12488967112384,84.4040298461914,122.69650268554688
351.01007747263776,40.34268652936336,84.4040298461914,122.69650268554688
353.03973890303695,41.560483387602886,84.4040298461914,122.69650268554688
355.06940033343614,43.59014481800209,84.4040298461914,122.69650268554688
355.475332619516,45.61980624840129,84.4040298461914,122.69650268554688
356.6931294777555,46.025738534481135,84.4040298461914,122.69650268554688
356.28719719167566,47.24353539272066,84.4040298461914,122.69650268554688
357.5049940499152,44.402009390161766,84.4040298461914,122.69650268554688
356.28719719167566,47.24353539272066,84.4040298461914,122.69650268554688
355.8812649055958,43.59014481800209,84.4040298461914,122.69650268554688
353.8516034751966,45.61980624840129,84.4040298461914,122.69650268554688
354.2575357612765,43.59014481800209,84.4040298461914,122.69650268554688
351.41600975871756,45.61980624840129,84.4040298461914,122.69650268554688
347.762619183999,42.778280245842396,84.4040298461914,122.69650268554688
343.29736403712076,43.18421253192224,84.4040298461914,122.69650268554688
337.20837974592314,39.53082195720367,84.4040298461914,122.69650268554688
334.36685374336423,43.18421253192224,84.4040298461914,122.69650268554688
328.2778694521666,40.34268652936335,84.4040298461914,122.69650268554688
323.8126143052884,43.18421253192224,84.4040298461914,122.69650268554688
320.1592237305698,46.83760310664081,84.4040298461914,122.69650268554688
317.3176977280109,48.867264537040015,84.4040298461914,122.69650268554688
317.72363001409076,49.27319682311986,84.4040298461914,122.69650268554688
314.0702394393722,50.490993681359384,84.4040298461914,122.69650268554688
311.2287134368133,51.70879053959891,84.4040298461914,122.69650268554688
308.3871874342544,53.73845196999811,84.4040298461914,122.69650268554688
305.3476940652054,53.64458588815599,86.27146911621094,125.41116333007812
306.5924346789335,52.39984527442792,86.27146911621094,125.41116333007812
304.51786698938673,53.64458588815599,86.27146911621094,125.41116333007812
305.7626076031148,52.39984527442792,86.27146911621094,125.41116333007812
306.17752114102416,51.15510466069985,86.27146911621094,125.41116333007812
306.5145633070639,48.47632665481635,88.18022155761719,128.18588256835938
306.0904698071283,49.74860715462316,88.18022155761719,128.18588256835938
309.9073113065487,46.77995265507394,88.18022155761719,128.18588256835938
312.8759658060979,43.811298155524725,88.18022155761719,128.18588256835938
316.69280730551833,40.84264365597551,88.18022155761719,128.18588256835938
321.35783580480995,38.72217615629749,88.18022155761719,128.18588256835938
317.5409943053895,40.84264365597551,88.18022155761719,128.18588256835938
325.59877080416595,37.02580215655509,88.18022155761719,128.18588256835938
331.9601733032,39.1462696562331,88.18022155761719,128.18588256835938
336.62520180249163,36.177615156683885,88.18022155761719,128.18588256835938
342.13841730165444,32.360773657263465,88.18022155761719,128.18588256835938
339.16976280210525,33.633054157070276,88.18022155761719,128.18588256835938
344.68297830126807,34.90533465687709,88.18022155761719,128.18588256835938
377.09810451876547,3.979716154465251,86.29975128173828,125.45227813720703
384.81910197537366,0.11674904603130898,84.45938110351562,122.77696990966797
383.60050641225945,2.9601386932977647,84.45938110351562,122.77696990966797
385.63149901744976,0.9291460881074372,84.45938110351562,122.77696990966797
384.41290345433555,4.584932777450021,84.45938110351562,122.77696990966797
388.88108718575427,4.178734256411957,84.45938110351562,122.77696990966797
388.4748886647162,7.02212390367842,84.45938110351562,122.77696990966797
392.1306753540588,9.865513550944883,84.45938110351562,122.77696990966797
392.53687387509683,10.271712071982947,84.45938110351562,122.77696990966797
392.1306753540588,11.490307635097139,84.45938110351562,122.77696990966797
397.3379207550562,15.540051970200068,82.65825653076172,120.1587142944336
397.8361086043364,19.50343587777762,80.89554595947266,117.5962905883789
404.3236130071327,21.882311880407187,79.17042541503906,115.08851623535156
400.8967564191804,24.54764478214787,79.17042541503906,115.08851623535156
407.245912723917,28.343790313469597,77.48209381103516,112.63421630859375
409.1091226344884,31.697568152498093,77.48209381103516,112.63421630859375
413.1678438333744,37.567798225151066,75.82976531982422,110.23225402832031
417.1400135095972,44.01587032549645,74.2126693725586,107.88151550292969
416.7830954666786,47.22813271176382,74.2126693725586,107.88151550292969
422.0466270886146,53.538696460200384,72.63005828857422,105.5809097290039
424.49177369565007,58.07968301612337,72.63005828857422,105.5809097290039
426.9369203026855,63.3192828883422,72.63005828857422,105.5809097290039
428.0480307402617,69.49527020149716,71.0811996459961,103.3293685913086
429.13544752716024,73.56254649110345,69.56536865234375,101.12583923339844
432.77947133399965,77.54308763192722,68.08186340332031,98.96929931640625
433.106903956417,80.48998123368318,68.08186340332031,98.96929931640625
433.43433657883435,83.43687483543914,68.08186340332031,98.96929931640625
435.071499690921,86.3837684371951,68.08186340332031,98.96929931640625
434.7440670685036,84.09174008027381,68.08186340332031,98.96929931640625
434.4166344460863,88.34836417169907,68.08186340332031,98.96929931640625
435.39893231333826,91.29525777345503,68.08186340332031,98.96929931640625
435.0714996909209,94.242151375211,68.08186340332031,98.96929931640625
434.74406706850357,97.18904497696695,68.08186340332031,98.96929931640625
433.7617692012516,94.89701662004566,68.08186340332031,98.96929931640625
435.3989323133382,99.15364071147093,68.08186340332031,98.96929931640625
433.1069039564169,102.10053431322689,68.08186340332031,98.96929931640625
430.81487559949556,104.39256267014818,68.08186340332031,98.96929931640625
427.8679819977396,105.37486053740017,68.08186340332031,98.96929931640625
430.1600103546609,105.70229315981749,68.08186340332031,98.96929931640625
425.90338626323563,107.99432151673878,68.08186340332031,98.96929931640625
422.30162741664503,109.63148462882543,68.08186340332031,98.96929931640625
422.6290600390624,109.95891725124275,68.08186340332031,98.96929931640625
419.0273011924718,111.5960803633294,68.08186340332031,98.96929931640625
420.00959905972377,108.64918676157345,68.08186340332031,98.96929931640625
417.0627054579678,110.94121511849474,68.08186340332031,98.96929931640625
415.4255423458812,108.64918676157345,68.08186340332031,98.96929931640625
413.3110960456459,111.2824502667226,66.62999725341797,96.85874938964844
411.0679458838059,109.03930010488264,66.62999725341797,96.85874938964844
410.74749586068594,110.00065017424262,66.62999725341797,96.85874938964844
408.50434569884595,107.75750001240266,66.62999725341797,96.85874938964844
406.26119553700596,106.15524989680267,66.62999725341797,96.85874938964844
404.01804537516597,105.19389982744269,66.62999725341797,96.85874938964844
401.774895213326,101.02804952688274,66.62999725341797,96.85874938964844
401.454445190206,100.06669945752276,66.62999725341797,96.85874938964844
399.852195074606,97.8235492956828,66.62999725341797,96.85874938964844
397.609044912766,94.29859904136285,66.62999725341797,96.85874938964844
396.00679479716604,92.05544887952288,66.62999725341797,96.85874938964844
393.1227445890861,89.81229871768292,66.62999725341797,96.85874938964844
391.5204944734861,88.21004860208294,66.62999725341797,96.85874938964844
391.3043450304418,88.31621818980037,65.20909118652344,94.79320526123047
389.1090307214507,85.49367122109754,65.20909118652344,94.79320526123047
387.5409490721714,83.29835691210644,65.20909118652344,94.79320526123047
388.48179806173897,81.10304260311536,65.20909118652344,94.79320526123047
388.1681817318831,82.04389159268297,65.20909118652344,94.79320526123047
386.6001000826038,79.84857728369188,65.20909118652344,94.79320526123047
386.2864837527479,77.6532629747008,65.20909118652344,94.79320526123047
384.7184021034686,75.45794866570971,65.20909118652344,94.79320526123047
385.0320184333244,72.63540169700687,65.20909118652344,94.79320526123047
383.4639367840451,72.94901802686275,65.20909118652344,94.79320526123047
384.4047857736127,70.75370371787166,65.20909118652344,94.79320526123047
382.2094714646216,68.55838940888057,65.20909118652344,94.79320526123047
382.5230877944774,66.36307509988949,65.20909118652344,94.79320526123047
382.2094714646216,63.54052813118665,65.20909118652344,94.79320526123047
381.8958551347657,64.48137712075426,65.20909118652344,94.79320526123047
380.9550061451981,62.28606281176317,65.20909118652344,94.79320526123047
381.8958551347657,60.09074850277209,65.20909118652344,94.79320526123047
380.9550061451981,59.149899513204474,65.20909118652344,94.79320526123047
380.6413898153423,57.581817863925124,65.20909118652344,94.79320526123047
382.8367041243334,57.895434193781,65.20909118652344,94.79320526123047
381.26862247505403,56.32735254450165,65.20909118652344,94.79320526123047
382.20947146462163,54.7592708952223,65.20909118652344,94.79320526123047
380.6413898153423,53.81842190565469,65.20909118652344,94.79320526123047
381.5822388049099,52.877572916087075,65.20909118652344,94.79320526123047
380.0141571556305,51.93672392651946,65.20909118652344,94.79320526123047
380.3277734854864,50.36864227724011,65.20909118652344,94.79320526123047
380.0141571556305,48.80056062796076,65.20909118652344,94.79320526123047
379.07330816606293,47.232478978681414,65.20909118652344,94.79320526123047
379.3869244959188,45.03716466969033,65.20909118652344,94.79320526123047
379.7005408257746,45.97801365925794,65.20909118652344,94.79320526123047
380.01415715563047,45.03716466969033,65.20909118652344,94.79320526123047
379.0733081660629,43.46908302041098,65.20909118652344,94.79320526123047
380.01415715563047,41.27376871141989,65.20909118652344,94.79320526123047
379.0733081660629,40.33291972185228,65.20909118652344,94.79320526123047
380.01415715563047,40.0193033919964,65.20909118652344,94.79320526123047
379.7005408257746,40.33291972185228,65.20909118652344,94.79320526123047
381.8958551347657,38.13760541286119,65.20909118652344,94.79320526123047
380.9550061451981,37.19675642329358,65.20909118652344,94.79320526123047
381.8958551347657,36.255907433725966,65.20909118652344,94.79320526123047
381.5822388049099,35.94229110387009,65.20909118652344,94.79320526123047
384.40478577361273,36.255907433725966,65.20909118652344,94.79320526123047
384.0911694437569,34.687825784446616,65.20909118652344,94.79320526123047
385.65925109303623,33.746976794879004,65.20909118652344,94.79320526123047
387.85456540202733,33.43336046502313,65.20909118652344,94.79320526123047
386.91371641245973,32.492511475455515,65.20909118652344,94.79320526123047
387.85456540202733,31.551662485887903,65.20909118652344,94.79320526123047
390.04987971101843,31.238046156032027,65.20909118652344,94.79320526123047
389.7362633811626,29.669964506752677,65.20909118652344,94.79320526123047
392.55881034986544,28.729115517185065,65.20909118652344,94.79320526123047
391.61796136029784,27.788266527617452,65.20909118652344,94.79320526123047
393.81327566928894,29.3563481768968,65.20909118652344,94.79320526123047
394.75412465885654,27.161033867905715,65.20909118652344,94.79320526123047
396.3222063081359,28.101882857473328,65.20909118652344,94.79320526123047
396.00858997828004,27.788266527617452,65.20909118652344,94.79320526123047
395.6949736484242,27.474650197761576,65.20909118652344,94.79320526123047
398.51752061712705,27.788266527617452,65.20909118652344,94.79320526123047
398.2039042872712,26.84741753804984,65.20909118652344,94.79320526123047
399.1447532768388,26.533801208193964,65.20909118652344,94.79320526123047
398.83113694698295,26.84741753804984,65.20909118652344,94.79320526123047
401.02645125597405,27.788266527617452,65.20909118652344,94.79320526123047
398.83113694698295,25.592952218626365,65.20909118652344,94.79320526123047
402.2809165753975,27.161033867905715,65.20909118652344,94.79320526123047
400.0856022664064,25.592952218626365,65.20909118652344,94.79320526123047
401.65368391568575,26.533801208193978,65.20909118652344,94.79320526123047
400.71283492611815,26.847417538049854,65.20909118652344,94.79320526123047
402.90814923510925,27.16103386790573,65.20909118652344,94.79320526123047
400.71283492611815,24.965719558914643,65.20909118652344,94.79320526123047
404.1626145545327,25.906568548482255,65.20909118652344,94.79320526123047
401.9673002455416,24.965719558914643,65.20909118652344,94.79320526123047
402.9081492351092,25.906568548482255,65.20909118652344,94.79320526123047
402.59453290525335,24.965719558914643,65.20909118652344,94.79320526123047
404.1626145545327,25.279335888770518,65.20909118652344,94.79320526123047
402.59453290525335,22.45678892006768,65.20909118652344,94.79320526123047
403.53538189482094,24.02487056934703,65.20909118652344,94.79320526123047
402.59453290525335,24.338486899202906,65.20909118652344,94.79320526123047
404.1626145545327,22.14317259021182,65.20909118652344,94.79320526123047
402.59453290525335,23.08402157977943,65.20909118652344,94.79320526123047
403.53538189482094,24.65210322905878,65.20909118652344,94.79320526123047
403.2217655649651,22.456788920067694,65.20909118652344,94.79320526123047
402.90814923510925,23.397637909635307,65.20909118652344,94.79320526123047
403.2217655649651,21.20232360064422,65.20909118652344,94.79320526123047
402.90814923510925,22.77040524992357,65.20909118652344,94.79320526123047
402.5945329052534,21.20232360064422,65.20909118652344,94.79320526123047
404.16261455453275,22.143172590211833,65.20909118652344,94.79320526123047
402.5945329052534,19.320625621508995,65.20909118652344,94.79320526123047
403.535381894821,22.143172590211833,65.20909118652344,94.79320526123047
403.22176556496515,19.320625621508995,65.20909118652344,94.79320526123047
402.28091657539755,21.515939930500082,65.20909118652344,94.79320526123047
401.9673002455417,19.320625621508995,65.20909118652344,94.79320526123047
401.0264512559741,21.515939930500082,65.20909118652344,94.79320526123047
401.34006758582996,19.947858281220732,65.20909118652344,94.79320526123047
399.7719859365506,22.14317259021182,65.20909118652344,94.79320526123047
400.7128349261182,19.947858281220732,65.20909118652344,94.79320526123047
399.14475327683886,22.77040524992357,65.20909118652344,94.79320526123047
398.831136946983,19.947858281220732,65.20909118652344,94.79320526123047
398.51752061712716,22.77040524992357,65.20909118652344,94.79320526123047
397.57667162755956,19.320625621508995,65.20909118652344,94.79320526123047
396.0085899782802,21.515939930500082,65.20909118652344,94.79320526123047
393.8132756692891,22.456788920067694,65.20909118652344,94.79320526123047
396.63582263799196,20.261474611076608,65.20909118652344,94.79320526123047
393.8132756692891,22.456788920067694,65.20909118652344,94.79320526123047
394.7541246588567,22.77040524992357,65.20909118652344,94.79320526123047
393.18604300957736,23.084021579779446,65.20909118652344,94.79320526123047
392.24519402000976,21.515939930500096,65.20909118652344,94.79320526123047
392.5588103498656,23.711254239491183,65.20909118652344,94.79320526123047
392.87242667972146,22.143172590211833,65.20909118652344,94.79320526123047
391.93157769015386,24.96571955891467,65.20909118652344,94.79320526123047
390.99072870058626,25.906568548482284,65.20909118652344,94.79320526123047
390.04987971101866,28.10188285747337,65.20909118652344,94.79320526123047
390.99072870058626,25.279335888770532,65.20909118652344,94.79320526123047
390.04987971101866,27.47465019776162,65.20909118652344,94.79320526123047
390.3634960408745,29.04273184704097,65.20909118652344,94.79320526123047
391.3043450304421,26.22018487833813,65.20909118652344,94.79320526123047
390.99072870058626,27.78826652761748,65.20909118652344,94.79320526123047
390.6771123707304,28.729115517185093,65.20909118652344,94.79320526123047
392.8724266797215,25.279335888770518,65.20909118652344,94.79320526123047
393.18604300957736,26.847417538049868,65.20909118652344,94.79320526123047
392.24519402000976,28.415499187329218,65.20909118652344,94.79320526123047
393.8132756692891,24.338486899202906,65.20909118652344,94.79320526123047
394.12689199914496,25.906568548482255,65.20909118652344,94.79320526123047
392.5588103498656,27.474650197761605,65.20909118652344,94.79320526123047
394.12689199914496,24.652103229058767,65.20909118652344,94.79320526123047
393.18604300957736,26.847417538049854,65.20909118652344,94.79320526123047
394.12689199914496,29.04273184704094,65.20909118652344,94.79320526123047
393.18604300957736,25.592952218626365,65.20909118652344,94.79320526123047
394.12689199914496,27.788266527617452,65.20909118652344,94.79320526123047
393.18604300957736,29.98358083660854,65.20909118652344,94.79320526123047
394.7541246588567,26.533801208193964,65.20909118652344,94.79320526123047
393.8132756692891,28.72911551718505,65.20909118652344,94.79320526123047
394.7541246588567,30.2971971664644,65.20909118652344,94.79320526123047
394.44050832900086,26.847417538049825,65.20909118652344,94.79320526123047
392.8724266797215,29.042731847040912,65.20909118652344,94.79320526123047
395.0677409887126,29.983580836608525,65.20909118652344,94.79320526123047
393.49965933943326,25.906568548482213,65.20909118652344,94.79320526123047
394.44050832900086,28.1018828574733,65.20909118652344,94.79320526123047
393.49965933943326,30.297197166464386,65.20909118652344,94.79320526123047
395.69497364842437,25.592952218626323,65.20909118652344,94.79320526123047
394.126891999145,27.78826652761741,65.20909118652344,94.79320526123047
395.0677409887126,28.729115517185022,65.20909118652344,94.79320526123047
393.49965933943326,29.669964506752635,65.20909118652344,94.79320526123047
395.69497364842437,24.96571955891457,65.20909118652344,94.79320526123047
395.3813573185685,27.78826652761741,65.20909118652344,94.79320526123047
395.06774098871267,24.96571955891457,65.20909118652344,94.79320526123047
395.3813573185685,26.53380120819392,65.20909118652344,94.79320526123047
395.06774098871267,24.338486899202834,65.20909118652344,94.79320526123047
396.00858997828027,25.906568548482184,65.20909118652344,94.79320526123047
395.06774098871267,23.084021579779346,65.20909118652344,94.79320526123047
394.7541246588568,25.906568548482184,65.20909118652344,94.79320526123047
396.3222063081362,23.084021579779346,65.20909118652344,94.79320526123047
394.7541246588568,25.906568548482184,65.20909118652344,94.79320526123047
395.6949736484244,26.22018487833806,65.20909118652344,94.79320526123047
394.7541246588568,23.397637909635222,65.20909118652344,94.79320526123047
395.6949736484244,26.22018487833806,65.20909118652344,94.79320526123047
394.1268919991451,22.770405249923485,65.20909118652344,94.79320526123047
394.4405083290009,25.592952218626323,65.20909118652344,94.79320526123047
394.1268919991451,22.770405249923485,65.20909118652344,94.79320526123047
392.5588103498657,25.592952218626323,65.20909118652344,94.79320526123047
393.4996593394333,26.533801208193935,65.20909118652344,94.79320526123047
391.931577690154,28.101882857473285,65.20909118652344,94.79320526123047
391.6179613602981,29.669964506752635,65.20909118652344,94.79320526123047
392.5588103498657,26.22018487833806,65.20909118652344,94.79320526123047
391.6179613602981,28.415499187329146,65.20909118652344,94.79320526123047
391.3043450304423,29.983580836608496,65.20909118652344,94.79320526123047
390.99072870058643,27.78826652761741,65.20909118652344,94.79320526123047
390.6771123707306,29.983580836608496,65.20909118652344,94.79320526123047
392.24519402000993,26.53380120819392,65.20909118652344,94.79320526123047
390.6771123707306,27.474650197761534,65.20909118652344,94.79320526123047
392.24519402000993,27.78826652761741,65.20909118652344,94.79320526123047
391.30434503044233,28.729115517185022,65.20909118652344,94.79320526123047
392.24519402000993,25.279335888770447,65.20909118652344,94.79320526123047
391.9315776901541,26.847417538049797,65.20909118652344,94.79320526123047
391.61796136029824,27.78826652761741,65.20909118652344,94.79320526123047
392.55881034986584,28.729115517185022,65.20909118652344,94.79320526123047
391.61796136029824,29.669964506752635,65.20909118652344,94.79320526123047
392.55881034986584,26.22018487833806,65.20909118652344,94.79320526123047
392.24519402001,27.78826652761741,65.20909118652344,94.79320526123047
391.3043450304424,29.35634817689676,65.20909118652344,94.79320526123047
392.24519402001,25.906568548482184,65.20909118652344,94.79320526123047
392.55881034986584,28.10188285747327,65.20909118652344,94.79320526123047
392.8724266797217,29.66996450675262,65.20909118652344,94.79320526123047
392.55881034986584,30.610813496320233,65.20909118652344,94.79320526123047
394.1268919991452,27.161033867905658,65.20909118652344,94.79320526123047
393.1860430095776,28.729115517185008,65.20909118652344,94.79320526123047
393.49965933943344,30.297197166464358,65.20909118652344,94.79320526123047
395.0677409887128,26.847417538049783,65.20909118652344,94.79320526123047
393.49965933943344,29.04273184704087,65.20909118652344,94.79320526123047
393.8132756692893,31.865278815743707,65.20909118652344,94.79320526123047
393.49965933943344,35.31505844415828,65.20909118652344,94.79320526123047
393.1036617699402,38.49630985886081,66.65184020996094,96.8905029296875
391.50088631417054,42.02241586155405,66.65184020996094,96.8905029296875
393.0915824585978,38.62253468905058,68.12651062011719,99.0342025756836
391.99799764429844,39.906507936265385,69.6338119506836,101.22533416748047
392.27003851345665,39.82906913013065,71.1744613647461,103.4649429321289
392.5480976536053,39.039630927253754,72.74919891357422,105.75410461425781
391.38031080241893,38.23272448010027,74.35877227783203,108.09391784667969
389.44462247006055,38.15002978633562,76.00395965576172,110.4854965209961
390.54122185548573,37.05343040091043,76.00395965576172,110.4854965209961
390.9067549839608,36.687897272435364,76.00395965576172,110.4854965209961
390.54122185548573,38.51556291481069,76.00395965576172,110.4854965209961
391.596631349831,35.39711554815098,77.685546875,112.92998504638672
389.72852860511813,37.265218292863864,77.685546875,112.92998504638672
391.596631349831,35.39711554815098,77.685546875,112.92998504638672
389.72852860511813,38.012459390749015,77.685546875,112.92998504638672
392.35781259268583,34.82501614149807,79.40434265136719,115.42855834960938
389.6846042675703,35.206903045085994,79.40434265136719,115.42855834960938
392.35781259268583,34.82501614149807,79.40434265136719,115.42855834960938
390.4483780747462,35.97067685226186,79.40434265136719,115.42855834960938
392.35781259268583,34.0612423343222,79.40434265136719,115.42855834960938
390.4483780747462,36.73445065943771,79.40434265136719,115.42855834960938
392.35781259268583,34.825016141498054,79.40434265136719,115.42855834960938
390.4483780747462,35.20690304508598,79.40434265136719,115.42855834960938
392.35781259268583,34.06124233432219,79.40434265136719,115.42855834960938
390.4483780747462,35.20690304508598,79.40434265136719,115.42855834960938
393.1215863998617,34.825016141498054,79.40434265136719,115.42855834960938
390.4483780747462,33.67935543073426,79.40434265136719,115.42855834960938
393.1215863998617,37.11633756302564,79.40434265136719,115.42855834960938
390.4483780747462,34.44312923791013,79.40434265136719,115.42855834960938
392.35781259268583,36.352563755849786,79.40434265136719,115.42855834960938
390.4483780747462,35.206903045085994,79.40434265136719,115.42855834960938
392.35781259268583,35.58878994867392,79.40434265136719,115.42855834960938
390.4483780747462,34.44312923791013,79.40434265136719,115.42855834960938
392.35781259268583,36.352563755849786,79.40434265136719,115.42855834960938
390.4483780747462,34.44312923791014,79.40434265136719,115.42855834960938
392.35781259268583,37.11633756302565,79.40434265136719,115.42855834960938
390.4483780747462,34.44312923791014,79.40434265136719,115.42855834960938
392.35781259268583,36.352563755849786,79.40434265136719,115.42855834960938
390.4483780747462,34.44312923791014,79.40434265136719,115.42855834960938
392.35781259268583,35.588789948673934,79.40434265136719,115.42855834960938
390.4483780747462,35.20690304508601,79.40434265136719,115.42855834960938
392.35781259268583,35.588789948673934,79.40434265136719,115.42855834960938
390.4483780747462,35.20690304508601,79.40434265136719,115.42855834960938
392.35781259268583,34.82501614149808,79.40434265136719,115.42855834960938
391.21215188192207,34.443129237910156,79.40434265136719,115.42855834960938
392.35781259268583,36.352563755849815,79.40434265136719,115.42855834960938
391.9759256890979,35.20690304508602,79.40434265136719,115.42855834960938
390.8302649783341,35.58878994867395,79.40434265136719,115.42855834960938
391.9759256890979,35.970676852261875,79.40434265136719,115.42855834960938
390.8302649783341,34.82501614149808,79.40434265136719,115.42855834960938
391.9759256890979,34.443129237910156,79.40434265136719,115.42855834960938
390.06649117115825,35.58878994867395,79.40434265136719,115.42855834960938
391.9759256890979,34.443129237910156,79.40434265136719,115.42855834960938
390.8302649783341,35.58878994867395,79.40434265136719,115.42855834960938
391.9759256890979,35.20690304508602,79.40434265136719,115.42855834960938
392.35781259268583,34.8250161414981,79.40434265136719,115.42855834960938
392.7396994962738,35.20690304508602,79.40434265136719,115.42855834960938
393.88536020703754,35.58878994867395,79.40434265136719,115.42855834960938
391.9759256890979,35.970676852261875,79.40434265136719,115.42855834960938
393.88536020703754,34.82501614149808,79.40434265136719,115.42855834960938
392.7396994962738,35.20690304508601,79.40434265136719,115.42855834960938
394.6491340142134,34.82501614149808,79.40434265136719,115.42855834960938
393.50347330344965,35.20690304508601,79.40434265136719,115.42855834960938
395.4129078213893,35.588789948673934,79.40434265136719,115.42855834960938
394.26724711062553,35.97067685226186,79.40434265136719,115.42855834960938
395.4129078213893,34.82501614149807,79.40434265136719,115.42855834960938
394.26724711062553,35.206903045085994,79.40434265136719,115.42855834960938
395.4129078213893,35.58878994867392,79.40434265136719,115.42855834960938
394.26724711062553,35.970676852261846,79.40434265136719,115.42855834960938
395.4129078213893,34.825016141498054,79.40434265136719,115.42855834960938
393.50347330344965,35.20690304508598,79.40434265136719,115.42855834960938
395.4129078213893,34.825016141498054,79.40434265136719,115.42855834960938
393.50347330344965,34.44312923791013,79.40434265136719,115.42855834960938
394.6491340142134,34.825016141498054,79.40434265136719,115.42855834960938
392.7396994962738,32.91558162355841,79.40434265136719,115.42855834960938
394.6491340142134,31.769920912794618,79.40434265136719,115.42855834960938
393.50347330344965,32.91558162355841,79.40434265136719,115.42855834960938
392.3578125926859,31.769920912794618,79.40434265136719,115.42855834960938
393.50347330344965,32.151807816382544,79.40434265136719,115.42855834960938
391.59403878551,31.769920912794618,79.40434265136719,115.42855834960938
394.26724711062553,32.151807816382544,79.40434265136719,115.42855834960938
392.3578125926859,31.769920912794618,79.40434265136719,115.42855834960938
394.26724711062553,32.91558162355841,79.40434265136719,115.42855834960938
391.59403878551,31.006147105618766,79.40434265136719,115.42855834960938
393.50347330344965,31.38803400920669,79.40434265136719,115.42855834960938
393.1215863998617,30.2423732984429,79.40434265136719,115.42855834960938
392.7396994962738,30.624260202030825,79.40434265136719,115.42855834960938
393.88536020703754,29.478599491267033,79.40434265136719,115.42855834960938
392.7396994962738,27.56916497332739,79.40434265136719,115.42855834960938
394.6491340142134,27.187278069739463,79.40434265136719,115.42855834960938
390.9972700375506,27.891388434103803,81.16116333007812,117.98241424560547
391.3143450866408,28.611077623179938,82.95685577392578,120.5927734375
388.3269667291628,30.174557378580758,84.79227447509766,123.2608871459961
386.96585965829803,30.926442830560845,86.66830444335938,125.988037109375
384.881748819007,33.0105536698519,86.66830444335938,125.988037109375
382.79763797971594,31.760087166277273,86.66830444335938,125.988037109375
384.04810448329056,34.67784234128476,86.66830444335938,125.988037109375
381.1303493082831,31.760087166277273,86.66830444335938,125.988037109375
381.5471714761413,33.84419800556833,86.66830444335938,125.988037109375
378.6294163011338,30.926442830560845,86.66830444335938,125.988037109375
378.2125941332756,30.50962066270263,86.66830444335938,125.988037109375
376.962127629701,30.092798494844416,86.66830444335938,125.988037109375
373.2107281189771,27.17504331983693,86.66830444335938,125.988037109375
373.5493201791799,27.943562893238123,88.5858383178711,128.77552795410156
368.8628322376371,24.961252384983595,88.5858383178711,128.77552795410156
367.44083074712796,26.630823731633598,90.5457992553711,131.6246795654297
368.7472425163778,25.32441196238375,90.5457992553711,131.6246795654297
367.44083074712796,26.630823731633598,90.5457992553711,131.6246795654297
368.698171223448,23.819321057169688,92.54912567138672,134.53688049316406
368.25306584689986,26.044847939910525,92.54912567138672,134.53688049316406
368.698171223448,23.819321057169688,92.54912567138672,134.53688049316406
369.14327659999617,25.1546371868142,92.54912567138672,134.53688049316406
370.4785927296407,22.92911030407336,92.54912567138672,134.53688049316406
368.25306584689986,22.48400492752519,92.54912567138672,134.53688049316406
369.5883819765444,21.14868879788068,92.54912567138672,134.53688049316406
370.9236981061889,23.374215680621518,92.54912567138672,134.53688049316406
371.36880348273706,20.25847804478434,92.54912567138672,134.53688049316406
370.9236981061889,19.81337266823617,92.54912567138672,134.53688049316406
373.14922498892975,22.038899550977007,92.54912567138672,134.53688049316406
372.7041196123816,19.81337266823617,92.54912567138672,134.53688049316406
373.14922498892975,22.038899550977007,92.54912567138672,134.53688049316406
373.5943303654779,20.703583421332496,92.54912567138672,134.53688049316406
371.36880348273706,22.929110304073333,92.54912567138672,134.53688049316406
372.7041196123816,24.264426433717844,92.54912567138672,134.53688049316406
370.47859272964075,22.929110304073333,92.54912567138672,134.53688049316406
370.9236981061889,26.93505869300685,92.54912567138672,134.53688049316406
371.36880348273706,25.59974256336234,92.54912567138672,134.53688049316406
369.1432765999962,24.26442643371783,92.54912567138672,134.53688049316406
371.36880348273706,25.59974256336234,92.54912567138672,134.53688049316406
369.1432765999962,22.484004927525163,92.54912567138672,134.53688049316406
372.25901423583343,24.709531810266,92.54912567138672,134.53688049316406
369.1432765999963,22.484004927525163,92.54912567138672,134.53688049316406
372.25901423583343,24.709531810266,92.54912567138672,134.53688049316406
370.9236981061889,22.484004927525163,92.54912567138672,134.53688049316406
373.14922498892975,24.709531810266,92.54912567138672,134.53688049316406
373.5943303654779,22.484004927525163,92.54912567138672,134.53688049316406
371.36880348273706,23.819321057169674,92.54912567138672,134.53688049316406
373.5943303654779,24.264426433717844,92.54912567138672,134.53688049316406
373.14922498892975,22.038899550977007,92.54912567138672,134.53688049316406
375.3747518716706,25.154637186814185,92.54912567138672,134.53688049316406
372.25901423583343,22.929110304073347,92.54912567138672,134.53688049316406
373.59433036547796,25.154637186814185,92.54912567138672,134.53688049316406
373.1492249889298,22.929110304073347,92.54912567138672,134.53688049316406
374.4845411185743,25.154637186814185,92.54912567138672,134.53688049316406
374.03943574202617,22.929110304073347,92.54912567138672,134.53688049316406
376.264962624767,25.154637186814185,92.54912567138672,134.53688049316406
373.14922498892986,22.038899550977007,92.54912567138672,134.53688049316406
376.264962624767,25.154637186814185,92.54912567138672,134.53688049316406
373.14922498892986,22.038899550977007,92.54912567138672,134.53688049316406
376.264962624767,25.154637186814185,92.54912567138672,134.53688049316406
374.9296464951225,22.038899550977007,92.54912567138672,134.53688049316406
377.1551733778633,24.264426433717844,92.54912567138672,134.53688049316406
375.8198572482188,21.148688797880666,92.54912567138672,134.53688049316406
376.26496262476695,24.264426433717844,92.54912567138672,134.53688049316406
375.8198572482188,21.148688797880666,92.54912567138672,134.53688049316406
376.26496262476695,25.154637186814185,92.54912567138672,134.53688049316406
375.8198572482188,22.038899550977007,92.54912567138672,134.53688049316406
377.1551733778633,24.264426433717844,92.54912567138672,134.53688049316406
377.6002787544115,21.148688797880666,92.54912567138672,134.53688049316406
375.37475187167064,25.154637186814185,92.54912567138672,134.53688049316406
377.6002787544115,22.038899550977007,92.54912567138672,134.53688049316406
376.26496262476695,24.264426433717844,92.54912567138672,134.53688049316406
377.6002787544115,21.148688797880666,92.54912567138672,134.53688049316406
378.04538413095963,24.264426433717844,92.54912567138672,134.53688049316406
379.38070026060416,21.148688797880666,92.54912567138672,134.53688049316406
376.264962624767,24.264426433717844,92.54912567138672,134.53688049316406
379.38070026060416,21.148688797880666,92.54912567138672,134.53688049316406
376.264962624767,25.154637186814185,92.54912567138672,134.53688049316406
379.38070026060416,22.038899550977007,92.54912567138672,134.53688049316406
379.8258056371523,25.154637186814185,92.54912567138672,134.53688049316406
382.05133251989315,22.929110304073347,92.54912567138672,134.53688049316406
378.93559488405594,23.374215680621518,92.54912567138672,134.53688049316406
382.0513325198931,22.038899550977007,92.54912567138672,134.53688049316406
380.71601639024857,23.374215680621518,92.54912567138672,134.53688049316406
382.9415432729894,22.038899550977007,92.54912567138672,134.53688049316406
381.6062271433449,24.264426433717844,92.54912567138672,134.53688049316406
382.9415432729894,21.148688797880666,92.54912567138672,134.53688049316406
382.49643789644125,24.264426433717844,92.54912567138672,134.53688049316406
383.8317540260858,22.038899550977007,92.54912567138672,134.53688049316406
385.1670701557303,25.154637186814185,92.54912567138672,134.53688049316406
385.61217553227846,23.819321057169674,92.54912567138672,134.53688049316406
385.1670701557303,24.264426433717844,92.54912567138672,134.53688049316406
386.5023862853748,22.929110304073333,92.54912567138672,134.53688049316406
386.05728090882667,26.04484793991051,92.54912567138672,134.53688049316406
388.2828077915675,25.59974256336234,92.54912567138672,134.53688049316406
389.61812392121203,24.26442643371783,92.54912567138672,134.53688049316406
389.1730185446639,23.81932105716966,92.54912567138672,134.53688049316406
391.3985454274047,26.044847939910497,92.54912567138672,134.53688049316406
389.1730185446639,24.709531810265986,92.54912567138672,134.53688049316406
391.3985454274047,25.154637186814156,92.54912567138672,134.53688049316406
388.2828077915675,25.599742563362327,92.54912567138672,134.53688049316406
388.72791316811566,25.154637186814156,92.54912567138672,134.53688049316406
387.39259703847114,26.489953316458667,92.54912567138672,134.53688049316406
386.947491661923,24.26442643371783,92.54912567138672,134.53688049316406
388.2828077915675,25.59974256336234,92.54912567138672,134.53688049316406
386.05728090882667,26.93505869300685,92.54912567138672,134.53688049316406
389.1730185446638,26.48995331645868,92.54912567138672,134.53688049316406
387.8377024150193,26.04484793991051,92.54912567138672,134.53688049316406
389.1730185446638,25.59974256336234,92.54912567138672,134.53688049316406
387.8377024150193,22.484004927525163,92.54912567138672,134.53688049316406
390.06322929776013,18.478056538591645,92.54912567138672,134.53688049316406
388.7279131681156,18.032951162043474,92.54912567138672,134.53688049316406
389.17301854466376,16.697635032398964,92.54912567138672,134.53688049316406
389.6181239212119,17.142740408947134,92.54912567138672,134.53688049316406
291.1551665784899,32.74091128361182,94.5967788696289,137.5135040283203
286.15067991544265,35.01567794863331,94.5967788696289,137.5135040283203
290.24525991248134,35.47063128163761,94.5967788696289,137.5135040283203
292.5028802219407,36.3094614622224,96.68973541259766,140.5559844970703
287.3876692914735,38.634557339707484,96.68973541259766,140.5559844970703
288.78272681796454,40.95965321719257,96.68973541259766,140.5559844970703
285.52759258948544,41.42467239268959,96.68973541259766,140.5559844970703
288.78272681796454,40.02961486619854,96.68973541259766,140.5559844970703
285.52759258948544,41.42467239268959,96.68973541259766,140.5559844970703
288.78272681796454,40.02961486619854,96.68973541259766,140.5559844970703
284.5975542384914,39.56459569070152,96.68973541259766,140.5559844970703
289.7127651689586,39.099576515204504,96.68973541259766,140.5559844970703
286.4576309404795,39.56459569070152,96.68973541259766,140.5559844970703
289.7127651689586,40.02961486619854,96.68973541259766,140.5559844970703
292.03786104644365,40.49463404169556,96.68973541259766,140.5559844970703
294.3629569239287,40.02961486619854,96.68973541259766,140.5559844970703
291.1078226954496,40.49463404169556,96.68973541259766,140.5559844970703
296.2230336259168,40.95965321719258,96.68973541259766,140.5559844970703
292.03786104644365,41.4246723926896,96.68973541259766,140.5559844970703
297.15307197691084,42.819729919180645,96.68973541259766,140.5559844970703
293.89793774843173,41.4246723926896,96.68973541259766,140.5559844970703
298.0831103279049,43.749768270174684,96.68973541259766,140.5559844970703
293.89793774843173,42.35471074368364,96.68973541259766,140.5559844970703
299.0131486788989,44.67980662116872,96.68973541259766,140.5559844970703
295.7580144504198,43.28474909467768,96.68973541259766,140.5559844970703
299.94318702989295,44.67980662116872,96.68973541259766,140.5559844970703
296.68805280141385,43.28474909467768,96.68973541259766,140.5559844970703
299.94318702989295,44.67980662116872,96.68973541259766,140.5559844970703
297.6180911524079,43.28474909467768,96.68973541259766,140.5559844970703
300.873225380887,43.7497682701747,96.68973541259766,140.5559844970703
298.5481295034019,42.354710743683654,96.68973541259766,140.5559844970703
301.80326373188103,43.7497682701747,96.68973541259766,140.5559844970703
297.6180911524079,41.424672392689615,96.68973541259766,140.5559844970703
300.873225380887,43.7497682701747,96.68973541259766,140.5559844970703
296.68805280141385,42.354710743683654,96.68973541259766,140.5559844970703
299.94318702989295,43.7497682701747,96.68973541259766,140.5559844970703
296.68805280141385,43.28474909467768,96.68973541259766,140.5559844970703
299.94318702989295,43.7497682701747,96.68973541259766,140.5559844970703
296.68805280141385,43.28474909467768,96.68973541259766,140.5559844970703
300.873225380887,45.60984497216276,96.68973541259766,140.5559844970703
296.68805280141385,42.35471074368364,96.68973541259766,140.5559844970703
299.0131486788989,44.67980662116872,96.68973541259766,140.5559844970703
294.82797609942577,43.28474909467768,96.68973541259766,140.5559844970703
299.94318702989295,44.67980662116872,96.68973541259766,140.5559844970703
295.7580144504198,43.28474909467768,96.68973541259766,140.5559844970703
299.0131486788989,45.60984497216276,96.68973541259766,140.5559844970703
383.33847785004286,22.344361093098925,98.82899475097656,143.66578674316406
389.5174782718564,18.066591570304936,98.82899475097656,143.66578674316406
386.1903241985722,22.344361093098925,98.82899475097656,143.66578674316406
388.56686282234665,19.96782246932449,98.82899475097656,143.66578674316406
384.0216444202889,22.816706286234975,101.01558685302734,146.84439086914062
384.507468328454,22.330882378069887,101.01558685302734,146.84439086914062
384.99329223661914,20.873410653574624,101.01558685302734,146.84439086914062
382.5641726957937,23.302530194400077,101.01558685302734,146.84439086914062
385.9649400529493,20.873410653574624,101.01558685302734,146.84439086914062
380.31107426407107,23.785325453683342,103.25055694580078,150.09332275390625
384.78022912327026,19.316170594484163,103.25055694580078,150.09332275390625
381.30421978833755,21.79903440515038,103.25055694580078,150.09332275390625
384.78022912327026,19.316170594484163,103.25055694580078,150.09332275390625
381.30421978833755,20.805888880883884,103.25055694580078,150.09332275390625
385.77337464753674,18.323025070217668,103.25055694580078,150.09332275390625
382.29736531260403,18.819597832350908,103.25055694580078,150.09332275390625
385.77337464753674,18.323025070217668,103.25055694580078,150.09332275390625
382.29736531260403,18.819597832350908,103.25055694580078,150.09332275390625
386.7665201718032,17.329879545951187,103.25055694580078,150.09332275390625
383.2905108368705,16.833306783817946,103.25055694580078,150.09332275390625
386.7665201718032,16.336734021684705,103.25055694580078,150.09332275390625
384.283656361137,16.833306783817946,103.25055694580078,150.09332275390625
387.7596656960697,16.336734021684705,103.25055694580078,150.09332275390625
384.283656361137,17.826452308084427,103.25055694580078,150.09332275390625
387.7596656960697,16.336734021684705,103.25055694580078,150.09332275390625
385.2768018854035,18.819597832350922,103.25055694580078,150.09332275390625
388.7528112203362,17.3298795459512,103.25055694580078,150.09332275390625
385.2768018854035,18.819597832350922,103.25055694580078,150.09332275390625
388.7528112203362,16.336734021684705,103.25055694580078,150.09332275390625
385.2768018854035,18.819597832350922,103.25055694580078,150.09332275390625
388.7528112203362,17.3298795459512,103.25055694580078,150.09332275390625
386.26994740966995,17.82645230808444,103.25055694580078,150.09332275390625
388.7528112203362,17.3298795459512,103.25055694580078,150.09332275390625
386.26994740966995,17.82645230808444,103.25055694580078,150.09332275390625
388.7528112203362,16.33673402168472,103.25055694580078,150.09332275390625
386.26994740966995,17.82645230808444,103.25055694580078,150.09332275390625
388.7528112203362,16.33673402168472,103.25055694580078,150.09332275390625
386.26994740966995,18.819597832350937,103.25055694580078,150.09332275390625
389.74595674460267,16.33673402168472,103.25055694580078,150.09332275390625
387.26309293393643,17.82645230808444,103.25055694580078,150.09332275390625
389.74595674460267,16.33673402168472,103.25055694580078,150.09332275390625
387.26309293393643,17.82645230808444,103.25055694580078,150.09332275390625
389.74595674460267,16.33673402168472,103.25055694580078,150.09332275390625
387.26309293393643,17.82645230808444,103.25055694580078,150.09332275390625
389.74595674460267,15.343588497418224,103.25055694580078,150.09332275390625
388.2562384582029,15.840161259551465,103.25055694580078,150.09332275390625
389.74595674460267,15.343588497418224,103.25055694580078,150.09332275390625
387.26309293393643,17.82645230808444,103.25055694580078,150.09332275390625
390.73910226886915,16.33673402168472,103.25055694580078,150.09332275390625
388.2562384582029,17.82645230808444,103.25055694580078,150.09332275390625
391.7322477931356,15.343588497418224,103.25055694580078,150.09332275390625
388.2562384582029,16.833306783817946,103.25055694580078,150.09332275390625
391.7322477931356,15.343588497418224,103.25055694580078,150.09332275390625
388.2562384582029,17.82645230808444,103.25055694580078,150.09332275390625
391.7322477931356,16.33673402168472,103.25055694580078,150.09332275390625
389.2493839824694,18.819597832350937,103.25055694580078,150.09332275390625
391.7322477931356,16.33673402168472,103.25055694580078,150.09332275390625
389.2493839824694,18.819597832350937,103.25055694580078,150.09332275390625
391.7322477931356,16.33673402168472,103.25055694580078,150.09332275390625
389.2493839824694,17.82645230808444,103.25055694580078,150.09332275390625
391.7322477931356,17.3298795459512,103.25055694580078,150.09332275390625
389.2493839824694,18.819597832350922,103.25055694580078,150.09332275390625
391.7322477931356,17.3298795459512,103.25055694580078,150.09332275390625
390.2425295067359,19.812743356617418,103.25055694580078,150.09332275390625
392.7253933174021,17.3298795459512,103.25055694580078,150.09332275390625
390.2425295067359,19.812743356617418,103.25055694580078,150.09332275390625
392.7253933174021,17.3298795459512,103.25055694580078,150.09332275390625
391.23567503100236,18.819597832350922,103.25055694580078,150.09332275390625
393.7185388416686,18.323025070217682,103.25055694580078,150.09332275390625
391.23567503100236,18.819597832350922,103.25055694580078,150.09332275390625
393.7185388416686,18.323025070217682,103.25055694580078,150.09332275390625
392.22882055526884,17.82645230808444,103.25055694580078,150.09332275390625
393.7185388416686,20.309316118750658,103.25055694580078,150.09332275390625
392.22882055526884,17.82645230808444,103.25055694580078,150.09332275390625
393.7185388416686,19.316170594484163,103.25055694580078,150.09332275390625
392.22882055526884,17.82645230808444,103.25055694580078,150.09332275390625
393.7185388416686,19.316170594484163,103.25055694580078,150.09332275390625
392.22882055526884,17.82645230808444,103.25055694580078,150.09332275390625
392.7253933174021,19.316170594484163,103.25055694580078,150.09332275390625
393.2219660795354,17.82645230808444,103.25055694580078,150.09332275390625
392.7253933174021,20.309316118750658,103.25055694580078,150.09332275390625
392.22882055526884,18.819597832350937,103.25055694580078,150.09332275390625
393.7185388416686,20.309316118750658,103.25055694580078,150.09332275390625
393.2219660795353,18.819597832350937,103.25055694580078,150.09332275390625
394.71168436593507,21.302461643017153,103.25055694580078,150.09332275390625
394.2151116038018,18.819597832350937,103.25055694580078,150.09332275390625
395.70482989020155,20.309316118750658,103.25055694580078,150.09332275390625
395.2082571280683,18.819597832350937,103.25055694580078,150.09332275390625
397.6911209387345,21.302461643017153,103.25055694580078,150.09332275390625
396.20140265233476,19.812743356617432,103.25055694580078,150.09332275390625
397.6911209387345,21.302461643017153,103.25055694580078,150.09332275390625
396.20140265233476,20.805888880883913,103.25055694580078,150.09332275390625
398.684266463001,21.302461643017153,103.25055694580078,150.09332275390625
396.20140265233476,21.799034405150394,103.25055694580078,150.09332275390625
398.684266463001,21.302461643017153,103.25055694580078,150.09332275390625
397.19454817660124,21.799034405150394,103.25055694580078,150.09332275390625
398.684266463001,20.309316118750672,103.25055694580078,150.09332275390625
397.19454817660124,21.799034405150394,103.25055694580078,150.09332275390625
398.684266463001,20.309316118750672,103.25055694580078,150.09332275390625
397.19454817660124,21.799034405150394,103.25055694580078,150.09332275390625
398.684266463001,20.309316118750672,103.25055694580078,150.09332275390625
397.19454817660124,20.805888880883913,103.25055694580078,150.09332275390625
398.684266463001,19.31617059448419,103.25055694580078,150.09332275390625
397.19454817660124,20.805888880883913,103.25055694580078,150.09332275390625
398.684266463001,19.31617059448419,103.25055694580078,150.09332275390625
397.19454817660124,21.799034405150408,103.25055694580078,150.09332275390625
399.6774119872675,19.31617059448419,103.25055694580078,150.09332275390625
397.19454817660124,21.799034405150408,103.25055694580078,150.09332275390625
399.6774119872675,20.309316118750687,103.25055694580078,150.09332275390625
398.1876937008677,21.799034405150408,103.25055694580078,150.09332275390625
399.6774119872675,20.309316118750687,103.25055694580078,150.09332275390625
398.1876937008677,21.799034405150408,103.25055694580078,150.09332275390625
398.684266463001,20.309316118750687,103.25055694580078,150.09332275390625
398.1876937008677,19.812743356617446,103.25055694580078,150.09332275390625
399.6774119872675,21.302461643017168,103.25055694580078,150.09332275390625
398.1876937008677,19.812743356617446,103.25055694580078,150.09332275390625
398.684266463001,21.302461643017168,103.25055694580078,150.09332275390625
398.1876937008677,19.812743356617446,103.25055694580078,150.09332275390625
398.684266463001,21.302461643017168,103.25055694580078,150.09332275390625
398.1876937008677,19.812743356617446,103.25055694580078,150.09332275390625
399.6774119872675,21.302461643017168,103.25055694580078,150.09332275390625
398.1876937008677,20.805888880883927,103.25055694580078,150.09332275390625
399.6774119872675,20.309316118750687,103.25055694580078,150.09332275390625
398.1876937008677,20.805888880883927,103.25055694580078,150.09332275390625
399.6774119872675,19.316170594484205,103.25055694580078,150.09332275390625
398.1876937008677,21.799034405150422,103.25055694580078,150.09332275390625
399.6774119872675,19.316170594484205,103.25055694580078,150.09332275390625
398.1876937008677,21.799034405150422,103.25055694580078,150.09332275390625
399.6774119872675,19.316170594484205,103.25055694580078,150.09332275390625
398.1876937008677,21.799034405150422,103.25055694580078,150.09332275390625
399.6774119872675,20.3093161187507,103.25055694580078,150.09332275390625
398.1876937008677,20.80588888088394,103.25055694580078,150.09332275390625
399.6774119872675,20.3093161187507,103.25055694580078,150.09332275390625
398.1876937008677,20.80588888088394,103.25055694580078,150.09332275390625
398.684266463001,20.3093161187507,103.25055694580078,150.09332275390625
398.1876937008677,19.81274335661746,103.25055694580078,150.09332275390625
398.684266463001,21.302461643017182,103.25055694580078,150.09332275390625
398.1876937008677,19.81274335661746,103.25055694580078,150.09332275390625
397.69112093873446,22.295607167283677,103.25055694580078,150.09332275390625
397.1945481766012,19.81274335661746,103.25055694580078,150.09332275390625
397.69112093873446,23.288752691550158,103.25055694580078,150.09332275390625
397.1945481766012,19.81274335661746,103.25055694580078,150.09332275390625
397.69112093873446,22.295607167283677,103.25055694580078,150.09332275390625
397.1945481766012,19.81274335661746,103.25055694580078,150.09332275390625
397.69112093873446,23.288752691550158,103.25055694580078,150.09332275390625
397.1945481766012,20.80588888088394,103.25055694580078,150.09332275390625
397.69112093873446,22.295607167283663,103.25055694580078,150.09332275390625
397.1945481766012,19.812743356617446,103.25055694580078,150.09332275390625
397.69112093873446,23.288752691550144,103.25055694580078,150.09332275390625
397.1945481766012,20.805888880883927,103.25055694580078,150.09332275390625
397.69112093873446,21.302461643017168,103.25055694580078,150.09332275390625
396.2014026523347,19.812743356617446,103.25055694580078,150.09332275390625
396.697975414468,22.295607167283663,103.25055694580078,150.09332275390625
396.2014026523347,19.812743356617446,103.25055694580078,150.09332275390625
397.69112093873446,21.302461643017168,103.25055694580078,150.09332275390625
396.2014026523347,19.812743356617446,103.25055694580078,150.09332275390625
396.697975414468,22.295607167283663,103.25055694580078,150.09332275390625
396.2014026523347,19.812743356617446,103.25055694580078,150.09332275390625
397.69112093873446,21.302461643017168,103.25055694580078,150.09332275390625
396.2014026523347,18.81959783235095,103.25055694580078,150.09332275390625
396.697975414468,21.302461643017168,103.25055694580078,150.09332275390625
397.19454817660124,17.82645230808447,103.25055694580078,150.09332275390625
396.697975414468,21.302461643017168,103.25055694580078,150.09332275390625
397.19454817660124,17.82645230808447,103.25055694580078,150.09332275390625
396.697975414468,20.309316118750687,103.25055694580078,150.09332275390625
398.1876937008677,17.82645230808447,103.25055694580078,150.09332275390625
396.697975414468,20.309316118750687,103.25055694580078,150.09332275390625
398.1876937008677,17.82645230808447,103.25055694580078,150.09332275390625
397.69112093873446,20.309316118750687,103.25055694580078,150.09332275390625
398.1876937008677,17.82645230808447,103.25055694580078,150.09332275390625
397.69112093873446,20.309316118750687,103.25055694580078,150.09332275390625
399.1808392251342,17.82645230808447,103.25055694580078,150.09332275390625
398.68426646300094,20.309316118750687,103.25055694580078,150.09332275390625
399.1808392251342,17.82645230808447,103.25055694580078,150.09332275390625
399.6774119872675,20.309316118750687,103.25055694580078,150.09332275390625
399.1808392251342,17.82645230808447,103.25055694580078,150.09332275390625
398.68426646300094,20.309316118750687,103.25055694580078,150.09332275390625
399.1808392251342,18.819597832350965,103.25055694580078,150.09332275390625
399.6774119872675,20.309316118750687,103.25055694580078,150.09332275390625
399.1808392251342,18.819597832350965,103.25055694580078,150.09332275390625
399.6774119872675,21.302461643017182,103.25055694580078,150.09332275390625
399.1808392251342,18.819597832350965,103.25055694580078,150.09332275390625
399.6774119872675,21.302461643017182,103.25055694580078,150.09332275390625
399.1808392251342,18.819597832350965,103.25055694580078,150.09332275390625
400.67055751153396,21.302461643017182,103.25055694580078,150.09332275390625
399.1808392251342,19.81274335661746,103.25055694580078,150.09332275390625
399.6774119872675,21.302461643017182,103.25055694580078,150.09332275390625
399.1808392251342,18.819597832350965,103.25055694580078,150.09332275390625
399.6774119872675,21.302461643017182,103.25055694580078,150.09332275390625
399.1808392251342,18.819597832350965,103.25055694580078,150.09332275390625
399.6774119872675,20.309316118750687,103.25055694580078,150.09332275390625
399.1808392251342,18.819597832350965,103.25055694580078,150.09332275390625
399.6774119872675,20.309316118750687,103.25055694580078,150.09332275390625
399.1808392251342,18.819597832350965,103.25055694580078,150.09332275390625
399.6774119872675,20.309316118750687,103.25055694580078,150.09332275390625
399.1808392251342,18.819597832350965,103.25055694580078,150.09332275390625
399.6774119872675,21.302461643017182,103.25055694580078,150.09332275390625
399.1808392251342,18.819597832350965,103.25055694580078,150.09332275390625
399.6774119872675,21.302461643017182,103.25055694580078,150.09332275390625
400.17398474940074,18.819597832350965,103.25055694580078,150.09332275390625
399.6774119872675,21.302461643017182,103.25055694580078,150.09332275390625
400.17398474940074,18.819597832350965,103.25055694580078,150.09332275390625
399.6774119872675,20.309316118750687,103.25055694580078,150.09332275390625
400.17398474940074,17.82645230808447,103.25055694580078,150.09332275390625
399.6774119872675,20.309316118750687,103.25055694580078,150.09332275390625
400.17398474940074,18.819597832350965,103.25055694580078,150.09332275390625
399.6774119872675,21.302461643017182,103.25055694580078,150.09332275390625
399.1808392251342,18.819597832350965,103.25055694580078,150.09332275390625
400.67055751153396,20.309316118750687,103.25055694580078,150.09332275390625
400.1739847494007,19.812743356617446,103.25055694580078,150.09332275390625
400.67055751153396,21.302461643017168,103.25055694580078,150.09332275390625
400.1739847494007,19.812743356617446,103.25055694580078,150.09332275390625
400.67055751153396,21.302461643017168,103.25055694580078,150.09332275390625
400.1739847494007,19.812743356617446,103.25055694580078,150.09332275390625
400.67055751153396,21.302461643017168,103.25055694580078,150.09332275390625
400.1739847494007,19.812743356617446,103.25055694580078,150.09332275390625
400.67055751153396,21.302461643017168,103.25055694580078,150.09332275390625
306.2781918430725,42.82579445509339,105.53497314453125,153.4141387939453
298.6648003256409,44.3484727585797,105.53497314453125,153.4141387939453
294.09676541518195,41.810675586102505,105.53497314453125,153.4141387939453
299.6799191946318,45.363591627570585,105.53497314453125,153.4141387939453
295.11188428417285,41.810675586102505,105.53497314453125,153.4141387939453
299.6799191946318,44.3484727585797,105.53497314453125,153.4141387939453
294.09676541518195,41.810675586102505,105.53497314453125,153.4141387939453
299.6799191946318,44.3484727585797,105.53497314453125,153.4141387939453
294.09676541518195,40.79555671711162,105.53497314453125,153.4141387939453
299.6799191946318,44.3484727585797,105.53497314453125,153.4141387939453
294.09676541518195,40.79555671711162,105.53497314453125,153.4141387939453
299.6799191946318,44.3484727585797,105.53497314453125,153.4141387939453
294.09676541518195,40.79555671711162,105.53497314453125,153.4141387939453
299.6799191946318,44.3484727585797,105.53497314453125,153.4141387939453
294.09676541518195,40.79555671711162,105.53497314453125,153.4141387939453
299.6799191946318,44.3484727585797,105.53497314453125,153.4141387939453
294.09676541518195,40.79555671711162,105.53497314453125,153.4141387939453
299.6799191946318,44.3484727585797,105.53497314453125,153.4141387939453
294.09676541518195,41.810675586102505,105.53497314453125,153.4141387939453
299.6799191946318,45.363591627570585,105.53497314453125,153.4141387939453
294.09676541518195,41.810675586102505,105.53497314453125,153.4141387939453
299.6799191946318,45.363591627570585,105.53497314453125,153.4141387939453
294.09676541518195,40.79555671711162,105.53497314453125,153.4141387939453
299.6799191946318,44.3484727585797,105.53497314453125,153.4141387939453
294.09676541518195,41.810675586102505,105.53497314453125,153.4141387939453
405.25228156968336,17.95538216481681,105.53497314453125,153.4141387939453
409.8203164801423,17.447822730321377,105.53497314453125,153.4141387939453
407.2825193076651,16.940263295825943,105.53497314453125,153.4141387939453
409.8203164801423,16.43270386133051,105.53497314453125,153.4141387939453
406.2674004386742,19.98561990279859,105.53497314453125,153.4141387939453
409.8203164801423,16.43270386133051,105.53497314453125,153.4141387939453
407.2825193076651,18.970501033807707,105.53497314453125,153.4141387939453
410.8354353491332,15.417584992339627,105.53497314453125,153.4141387939453
407.2825193076651,18.970501033807707,105.53497314453125,153.4141387939453
410.8354353491332,15.417584992339627,105.53497314453125,153.4141387939453
407.2825193076651,19.98561990279859,105.53497314453125,153.4141387939453
410.8354353491332,15.417584992339627,105.53497314453125,153.4141387939453
407.2825193076651,19.98561990279859,105.53497314453125,153.4141387939453
410.8354353491332,15.417584992339627,105.53497314453125,153.4141387939453
407.2825193076651,18.970501033807707,105.53497314453125,153.4141387939453
410.8354353491332,15.417584992339627,105.53497314453125,153.4141387939453
407.2825193076651,18.970501033807707,105.53497314453125,153.4141387939453
410.8354353491332,15.417584992339627,105.53497314453125,153.4141387939453
407.2825193076651,18.970501033807707,105.53497314453125,153.4141387939453
410.8354353491332,15.417584992339627,105.53497314453125,153.4141387939453
408.297638176656,19.98561990279859,105.53497314453125,153.4141387939453
410.8354353491332,15.417584992339627,105.53497314453125,153.4141387939453
408.297638176656,21.00073877178947,105.53497314453125,153.4141387939453
412.86567308711494,16.43270386133051,105.53497314453125,153.4141387939453
408.297638176656,21.00073877178947,105.53497314453125,153.4141387939453
412.86567308711494,16.43270386133051,105.53497314453125,153.4141387939453
409.31275704564683,22.015857640780354,105.53497314453125,153.4141387939453
413.8807919561058,16.43270386133051,105.53497314453125,153.4141387939453
409.31275704564683,22.015857640780354,105.53497314453125,153.4141387939453
414.8959108250967,16.43270386133051,105.53497314453125,153.4141387939453
410.32787591463773,21.00073877178947,105.53497314453125,153.4141387939453
414.8959108250967,16.43270386133051,105.53497314453125,153.4141387939453
410.32787591463773,21.00073877178947,105.53497314453125,153.4141387939453
414.8959108250967,16.43270386133051,105.53497314453125,153.4141387939453
410.32787591463773,21.00073877178947,105.53497314453125,153.4141387939453
414.8959108250967,16.43270386133051,105.53497314453125,153.4141387939453
410.32787591463773,21.00073877178947,105.53497314453125,153.4141387939453
414.8959108250967,16.43270386133051,105.53497314453125,153.4141387939453
410.32787591463773,21.00073877178947,105.53497314453125,153.4141387939453
415.9110296940876,16.43270386133051,105.53497314453125,153.4141387939453
410.32787591463773,21.00073877178947,105.53497314453125,153.4141387939453
414.8959108250967,15.417584992339627,105.53497314453125,153.4141387939453
411.34299478362857,14.910025557844193,105.53497314453125,153.4141387939453
412.8656730871149,16.43270386133051,105.53497314453125,153.4141387939453
411.5448858108791,16.600865345686685,103.28440856933594,150.1425323486328
414.0285636942565,19.084543229064067,103.28440856933594,150.1425323486328
411.5448858108791,20.574749959090497,103.28440856933594,150.1425323486328
416.0155060009584,17.09760092236216,103.28440856933594,150.1425323486328
411.5448858108791,21.568221112441464,103.28440856933594,150.1425323486328
416.0155060009584,18.09107207571313,103.28440856933594,150.1425323486328
412.53835696423005,22.56169226579243,103.28440856933594,150.1425323486328
413.0350925409055,20.07801438241505,103.28440856933594,150.1425323486328
411.54488581087907,23.555163419143383,103.28440856933594,150.1425323486328
415.0220348476074,19.08454322906408,103.28440856933594,150.1425323486328
411.54488581087907,24.548634572494336,103.28440856933594,150.1425323486328
416.01550600095834,19.08454322906408,103.28440856933594,150.1425323486328
412.53835696423,23.555163419143383,103.28440856933594,150.1425323486328
418.99591946101117,19.08454322906408,103.28440856933594,150.1425323486328
415.5187704242828,22.561692265792416,103.28440856933594,150.1425323486328
421.8866485173393,19.8535747587471,101.08184051513672,146.94070434570312
417.5113656493858,25.201142708468055,101.08184051513672,146.94070434570312
422.85893359910676,20.82585984051454,101.08184051513672,146.94070434570312
419.4559358129207,24.228857626700602,101.08184051513672,146.94070434570312
422.85893359910676,20.82585984051454,101.08184051513672,146.94070434570312
419.4559358129207,24.228857626700602,101.08184051513672,146.94070434570312
421.8866485173393,21.798144922281992,101.08184051513672,146.94070434570312
419.4559358129207,23.256572544933164,101.08184051513672,146.94070434570312
419.1280231924231,23.41763926403516,98.92623901367188,143.80714416503906
417.7006969781104,24.84496547834786,98.92623901367188,143.80714416503906
421.0311248115067,21.514537644951545,98.92623901367188,143.80714416503906
417.7006969781104,26.74806709743146,98.92623901367188,143.80714416503906
417.2249215733395,24.369190073576945,98.92623901367188,143.80714416503906
421.5069002162776,21.99031304972243,98.92623901367188,143.80714416503906
418.1764723828813,28.175393311744145,98.92623901367188,143.80714416503906
417.7006969781104,22.94186385926423,98.92623901367188,143.80714416503906
419.1280231924231,19.611436025867917,98.92623901367188,143.80714416503906
417.7006969781104,21.99031304972243,98.92623901367188,143.80714416503906
421.0311248115067,18.659885216326117,98.92623901367188,143.80714416503906
419.603798597194,21.99031304972243,98.92623901367188,143.80714416503906
421.9826756210485,19.611436025867917,98.92623901367188,143.80714416503906
424.361552644903,20.087211430638817,98.92623901367188,143.80714416503906
425.7888788592157,18.659885216326117,98.92623901367188,143.80714416503906
424.361552644903,17.232559002013417,98.92623901367188,143.80714416503906
425.7888788592157,16.756783597242517,98.92623901367188,143.80714416503906
423.4100018353612,17.232559002013417,98.92623901367188,143.80714416503906
426.7404296687575,15.805232787700717,98.92623901367188,143.80714416503906
422.4584510258194,16.281008192471617,98.92623901367188,143.80714416503906
424.8373280496739,16.756783597242517,98.92623901367188,143.80714416503906
421.5069002162776,15.329457382929817,98.92623901367188,143.80714416503906
422.9342264305903,17.70833440678433,98.92623901367188,143.80714416503906
420.5553494067358,16.28100819247163,98.92623901367188,143.80714416503906
420.0795740019649,16.75678359724253,98.92623901367188,143.80714416503906
420.6758124982783,16.914410829346764,96.81660461425781,140.74041748046875
422.0727005511532,17.380040180305087,96.81660461425781,140.74041748046875
419.74455379636163,18.776928233180044,96.81660461425781,140.74041748046875
422.0727005511532,16.448781478388455,96.81660461425781,140.74041748046875
418.813295094445,18.776928233180044,96.81660461425781,140.74041748046875
421.14144184923657,16.448781478388455,96.81660461425781,140.74041748046875
418.813295094445,19.708186935096677,96.81660461425781,140.74041748046875
420.2101831473199,17.380040180305087,96.81660461425781,140.74041748046875
417.88203639252833,18.776928233180044,96.81660461425781,140.74041748046875
418.34766574348663,17.380040180305087,96.81660461425781,140.74041748046875
416.9507776906117,18.776928233180044,96.81660461425781,140.74041748046875
417.41640704157,18.31129888222172,96.81660461425781,140.74041748046875
416.9507776906117,18.776928233180044,96.81660461425781,140.74041748046875
415.55388963773675,18.31129888222172,96.81660461425781,140.74041748046875
417.88203639252833,17.845669531263397,96.81660461425781,140.74041748046875
414.6226309358201,18.31129888222172,96.81660461425781,140.74041748046875
416.01951898869504,17.845669531263397,96.81660461425781,140.74041748046875
414.6226309358201,18.31129888222172,96.81660461425781,140.74041748046875
414.1570015848618,18.776928233180044,96.81660461425781,140.74041748046875
416.4851483396534,17.380040180305087,96.81660461425781,140.74041748046875
414.1570015848618,18.776928233180044,96.81660461425781,140.74041748046875
415.55388963773675,17.380040180305087,96.81660461425781,140.74041748046875
414.1570015848618,18.776928233180044,96.81660461425781,140.74041748046875
413.6913722339035,17.380040180305087,96.81660461425781,140.74041748046875
412.29448418102857,18.776928233180044,96.81660461425781,140.74041748046875
415.5538896377368,17.380040180305087,96.81660461425781,140.74041748046875
413.2257428829452,18.776928233180044,96.81660461425781,140.74041748046875
412.7601135319869,18.31129888222172,96.81660461425781,140.74041748046875
412.2944841810286,18.776928233180044,96.81660461425781,140.74041748046875
413.69137223390356,17.380040180305087,96.81660461425781,140.74041748046875
411.363225479112,18.776928233180044,96.81660461425781,140.74041748046875
414.6226309358202,16.448781478388455,96.81660461425781,140.74041748046875
411.363225479112,18.776928233180044,96.81660461425781,140.74041748046875
414.6226309358202,17.380040180305087,96.81660461425781,140.74041748046875
411.363225479112,18.776928233180044,96.81660461425781,140.74041748046875
414.6226309358202,17.380040180305087,96.81660461425781,140.74041748046875
411.363225479112,18.776928233180044,96.81660461425781,140.74041748046875
414.6226309358202,16.448781478388455,96.81660461425781,140.74041748046875
411.363225479112,18.776928233180044,96.81660461425781,140.74041748046875
413.69137223390356,17.380040180305087,96.81660461425781,140.74041748046875
410.4319667771953,18.776928233180044,96.81660461425781,140.74041748046875
413.69137223390356,16.448781478388455,96.81660461425781,140.74041748046875
410.4319667771953,18.776928233180044,96.81660461425781,140.74041748046875
413.69137223390356,16.448781478388455,96.81660461425781,140.74041748046875
409.5007080752787,18.776928233180044,96.81660461425781,140.74041748046875
412.7601135319869,16.448781478388455,96.81660461425781,140.74041748046875
409.5007080752787,19.708186935096677,96.81660461425781,140.74041748046875
412.7601135319869,16.448781478388455,96.81660461425781,140.74041748046875
409.5007080752787,19.708186935096677,96.81660461425781,140.74041748046875
411.82885483007027,16.448781478388455,96.81660461425781,140.74041748046875
408.56944937336203,19.708186935096677,96.81660461425781,140.74041748046875
412.7601135319869,16.448781478388455,96.81660461425781,140.74041748046875
408.5694493733621,19.708186935096677,96.81660461425781,140.74041748046875
411.8288548300703,16.448781478388455,96.81660461425781,140.74041748046875
407.6381906714455,19.708186935096677,96.81660461425781,140.74041748046875
409.9663374262371,17.380040180305087,96.81660461425781,140.74041748046875
408.56944937336215,18.776928233180044,96.81660461425781,140.74041748046875
410.89759612815374,16.448781478388455,96.81660461425781,140.74041748046875
406.7069319695289,19.708186935096677,96.81660461425781,140.74041748046875
408.10382002240385,17.380040180305087,96.81660461425781,140.74041748046875
406.7069319695289,18.776928233180044,96.81660461425781,140.74041748046875
407.1725613204872,17.380040180305087,96.81660461425781,140.74041748046875
407.6381906714455,17.84566953126341,96.81660461425781,140.74041748046875
406.24130261857056,17.380040180305087,96.81660461425781,140.74041748046875
407.6381906714455,17.84566953126341,96.81660461425781,140.74041748046875
406.24130261857056,16.448781478388455,96.81660461425781,140.74041748046875
405.77567326761226,17.84566953126341,96.81660461425781,140.74041748046875
405.31004391665397,16.448781478388455,96.81660461425781,140.74041748046875
405.89356647216795,17.500645861295013,94.75196075439453,137.7390899658203
405.4378668073686,19.779144185291642,94.75196075439453,137.7390899658203
406.80496580176657,20.234843850090968,94.75196075439453,137.7390899658203
404.5264674777699,19.779144185291642,94.75196075439453,137.7390899658203
406.80496580176657,21.14624317968962,94.75196075439453,137.7390899658203
403.6150681481713,21.601942844488946,94.75196075439453,137.7390899658203
404.98216714256927,22.969041838886923,94.75196075439453,137.7390899658203
401.792269488974,22.513342174087597,94.75196075439453,137.7390899658203
404.07076781297064,23.880441168485575,94.75196075439453,137.7390899658203
400.8808701593754,23.42474150368625,94.75196075439453,137.7390899658203
401.3365698241747,24.791840498084227,94.75196075439453,137.7390899658203
400.8808701593754,25.247540162883553,94.75196075439453,137.7390899658203
400.42517049457604,24.791840498084227,94.75196075439453,137.7390899658203
400.8808701593754,27.070338822080856,94.75196075439453,137.7390899658203
400.42517049457604,24.791840498084227,94.75196075439453,137.7390899658203
399.9694708297767,26.158939492482205,94.75196075439453,137.7390899658203
399.51377116497736,24.791840498084227,94.75196075439453,137.7390899658203
399.9694708297767,25.247540162883553,94.75196075439453,137.7390899658203
399.51377116497736,23.880441168485575,94.75196075439453,137.7390899658203
399.058071500178,26.158939492482205,94.75196075439453,137.7390899658203
400.425170494576,24.791840498084227,94.75196075439453,137.7390899658203
399.96947082977664,24.3361408332849,94.75196075439453,137.7390899658203
398.6023718353787,24.791840498084227,94.75196075439453,137.7390899658203
399.96947082977664,26.158939492482205,94.75196075439453,137.7390899658203
398.6023718353787,24.791840498084227,94.75196075439453,137.7390899658203
399.96947082977664,25.247540162883553,94.75196075439453,137.7390899658203
397.69097250578,25.70323982768288,94.75196075439453,137.7390899658203
399.96947082977664,24.3361408332849,94.75196075439453,137.7390899658203
397.69097250578,24.791840498084227,94.75196075439453,137.7390899658203
399.05807150017796,25.247540162883553,94.75196075439453,137.7390899658203
398.6023718353786,25.70323982768288,94.75196075439453,137.7390899658203
400.88087015937526,25.247540162883553,94.75196075439453,137.7390899658203
397.69097250578,26.61463915728153,94.75196075439453,137.7390899658203
399.96947082977664,25.247540162883553,94.75196075439453,137.7390899658203
398.6023718353787,25.70323982768288,94.75196075439453,137.7390899658203
400.8808701593753,26.158939492482205,94.75196075439453,137.7390899658203
399.51377116497736,25.70323982768288,94.75196075439453,137.7390899658203
399.9694708297767,27.070338822080856,94.75196075439453,137.7390899658203
399.51377116497736,27.526038486880182,94.75196075439453,137.7390899658203
401.792269488974,27.070338822080856,94.75196075439453,137.7390899658203
400.42517049457604,26.61463915728153,94.75196075439453,137.7390899658203
401.792269488974,27.070338822080856,94.75196075439453,137.7390899658203
401.33656982417466,27.526038486880182,94.75196075439453,137.7390899658203
401.792269488974,27.070338822080856,94.75196075439453,137.7390899658203
401.33656982417466,27.526038486880182,94.75196075439453,137.7390899658203
404.5264674777699,26.158939492482205,94.75196075439453,137.7390899658203
403.15936848337196,25.70323982768288,94.75196075439453,137.7390899658203
402.7036688185726,27.981738151679508,94.75196075439453,137.7390899658203
403.15936848337196,28.437437816478834,94.75196075439453,137.7390899658203
404.5264674777699,27.070338822080856,94.75196075439453,137.7390899658203
404.0707678129706,28.437437816478834,94.75196075439453,137.7390899658203
404.5264674777699,27.981738151679508,94.75196075439453,137.7390899658203
404.0707678129706,29.348837146077486,94.75196075439453,137.7390899658203
404.5264674777699,27.981738151679508,94.75196075439453,137.7390899658203
404.98216714256927,28.437437816478834,94.75196075439453,137.7390899658203
404.5264674777699,27.981738151679508,94.75196075439453,137.7390899658203
404.98216714256927,29.348837146077486,94.75196075439453,137.7390899658203
404.5264674777699,27.070338822080856,94.75196075439453,137.7390899658203
405.8935664721679,27.526038486880182,94.75196075439453,137.7390899658203
403.61506814817125,28.89313748127816,94.75196075439453,137.7390899658203
405.8935664721679,28.437437816478834,94.75196075439453,137.7390899658203
403.61506814817125,29.80453681087681,94.75196075439453,137.7390899658203
406.8049658017665,28.437437816478834,94.75196075439453,137.7390899658203
403.61506814817125,29.80453681087681,94.75196075439453,137.7390899658203
406.8049658017665,28.437437816478834,94.75196075439453,137.7390899658203
404.52646747776987,28.89313748127816,94.75196075439453,137.7390899658203
407.71636513136514,28.437437816478834,94.75196075439453,137.7390899658203
404.52646747776987,29.80453681087681,94.75196075439453,137.7390899658203
407.71636513136514,28.437437816478834,94.75196075439453,137.7390899658203
404.52646747776987,28.89313748127816,94.75196075439453,137.7390899658203
407.71636513136514,29.348837146077486,94.75196075439453,137.7390899658203
406.3492661369672,27.981738151679508,94.75196075439453,137.7390899658203
409.53916379056244,26.61463915728153,94.75196075439453,137.7390899658203
408.1720647961645,27.070338822080856,94.75196075439453,137.7390899658203
410.4505631201611,26.61463915728153,94.75196075439453,137.7390899658203
408.1720647961645,26.158939492482205,94.75196075439453,137.7390899658203
411.36196244975974,23.880441168485575,94.75196075439453,137.7390899658203
407.2606654665658,27.981738151679508,94.75196075439453,137.7390899658203
411.36196244975974,24.791840498084227,94.75196075439453,137.7390899658203
408.1720647961645,26.158939492482205,94.75196075439453,137.7390899658203
411.36196244975974,24.791840498084227,94.75196075439453,137.7390899658203
408.1720647961645,27.070338822080856,94.75196075439453,137.7390899658203
412.2733617793584,24.791840498084227,94.75196075439453,137.7390899658203
408.1720647961645,27.070338822080856,94.75196075439453,137.7390899658203
412.2733617793584,25.70323982768288,94.75196075439453,137.7390899658203
409.08346412576316,27.070338822080856,94.75196075439453,137.7390899658203
412.2733617793584,25.70323982768288,94.75196075439453,137.7390899658203
409.9948634553618,27.070338822080856,94.75196075439453,137.7390899658203
412.2733617793584,25.70323982768288,94.75196075439453,137.7390899658203
409.08346412576316,27.070338822080856,94.75196075439453,137.7390899658203
412.2733617793584,25.70323982768288,94.75196075439453,137.7390899658203
409.08346412576316,27.981738151679508,94.75196075439453,137.7390899658203
412.2733617793584,26.61463915728153,94.75196075439453,137.7390899658203
410.90626278496046,26.158939492482205,94.75196075439453,137.7390899658203
412.2733617793584,23.880441168485575,94.75196075439453,137.7390899658203
409.08346412576316,28.89313748127816,94.75196075439453,137.7390899658203
412.2733617793584,26.61463915728153,94.75196075439453,137.7390899658203
409.9948634553618,27.981738151679508,94.75196075439453,137.7390899658203
412.2733617793584,25.70323982768288,94.75196075439453,137.7390899658203
409.9948634553618,28.89313748127816,94.75196075439453,137.7390899658203
412.2733617793584,25.70323982768288,94.75196075439453,137.7390899658203
410.90626278496046,27.981738151679508,94.75196075439453,137.7390899658203
413.1847611089571,25.70323982768288,94.75196075439453,137.7390899658203
410.90626278496046,28.89313748127816,94.75196075439453,137.7390899658203
413.1847611089571,25.70323982768288,94.75196075439453,137.7390899658203
411.81766211455914,28.89313748127816,94.75196075439453,137.7390899658203
413.1847611089571,25.70323982768288,94.75196075439453,137.7390899658203
412.72906144415776,28.89313748127816,94.75196075439453,137.7390899658203
412.2733617793584,26.61463915728153,94.75196075439453,137.7390899658203
416.3746587625524,25.247540162883553,94.75196075439453,137.7390899658203
413.1847611089571,27.526038486880182,94.75196075439453,137.7390899658203
415.46325943295375,25.247540162883553,94.75196075439453,137.7390899658203
413.1847611089571,28.437437816478834,94.75196075439453,137.7390899658203
414.55186010335507,25.247540162883553,94.75196075439453,137.7390899658203
414.0961604385557,28.437437816478834,94.75196075439453,137.7390899658203
413.6404607737564,26.158939492482205,94.75196075439453,137.7390899658203
415.91895909775303,24.791840498084227,94.75196075439453,137.7390899658203
412.72906144415776,28.89313748127816,94.75196075439453,137.7390899658203
415.91895909775303,25.70323982768288,94.75196075439453,137.7390899658203
413.6404607737564,29.80453681087681,94.75196075439453,137.7390899658203
415.00755976815435,26.61463915728153,94.75196075439453,137.7390899658203
416.3746587625523,26.158939492482205,94.75196075439453,137.7390899658203
415.00755976815435,27.526038486880182,94.75196075439453,137.7390899658203
416.3746587625523,25.247540162883553,94.75196075439453,137.7390899658203
414.09616043855567,28.437437816478834,94.75196075439453,137.7390899658203
416.3746587625523,25.247540162883553,94.75196075439453,137.7390899658203
414.09616043855567,29.348837146077486,94.75196075439453,137.7390899658203
414.551860103355,26.158939492482205,94.75196075439453,137.7390899658203
417.7417577569503,24.791840498084227,94.75196075439453,137.7390899658203
413.64046077375633,28.89313748127816,94.75196075439453,137.7390899658203
415.918959097753,25.70323982768288,94.75196075439453,137.7390899658203
413.64046077375633,30.715936140475463,94.75196075439453,137.7390899658203
414.09616043855567,27.526038486880182,94.75196075439453,137.7390899658203
416.3746587625523,27.070338822080856,94.75196075439453,137.7390899658203
414.09616043855567,32.083035134873455,94.75196075439453,137.7390899658203
415.46325943295363,27.981738151679522,94.75196075439453,137.7390899658203
414.09616043855567,32.99443446447211,94.75196075439453,137.7390899658203
415.46325943295363,28.893137481278174,94.75196075439453,137.7390899658203
413.184761108957,32.99443446447211,94.75196075439453,137.7390899658203
415.46325943295363,28.893137481278174,94.75196075439453,137.7390899658203
413.184761108957,32.99443446447211,94.75196075439453,137.7390899658203
413.64046077375633,28.893137481278174,94.75196075439453,137.7390899658203
412.27336177935837,32.99443446447211,94.75196075439453,137.7390899658203
414.551860103355,28.893137481278174,94.75196075439453,137.7390899658203
413.18476110895705,32.99443446447211,94.75196075439453,137.7390899658203
412.7290614441577,30.715936140475478,94.75196075439453,137.7390899658203
413.18476110895705,31.171635805274803,94.75196075439453,137.7390899658203
409.77262421255665,31.066265965575994,96.84835052490234,140.78656005859375
413.96466239150374,28.73735586616094,96.84835052490234,140.78656005859375
410.70418825232264,32.92939404510804,96.84835052490234,140.78656005859375
413.0330983517377,29.668919905926955,96.84835052490234,140.78656005859375
410.70418825232264,32.92939404510804,96.84835052490234,140.78656005859375
412.10153431197165,29.668919905926955,96.84835052490234,140.78656005859375
410.70418825232264,32.92939404510804,96.84835052490234,140.78656005859375
411.16997027220566,29.668919905926955,96.84835052490234,140.78656005859375
412.56731633185467,32.92939404510804,96.84835052490234,140.78656005859375
411.16997027220566,30.600483945692986,96.84835052490234,140.78656005859375
411.6357522920887,34.79252212464009,96.84835052490234,140.78656005859375
409.3068421926736,30.600483945692986,96.84835052490234,140.78656005859375
413.4988803716207,35.72408616440612,96.84835052490234,140.78656005859375
410.2384062324396,30.600483945692986,96.84835052490234,140.78656005859375
413.4988803716207,35.72408616440612,96.84835052490234,140.78656005859375
410.2384062324396,31.532047985459016,96.84835052490234,140.78656005859375
412.56731633185467,36.65565020417215,96.84835052490234,140.78656005859375
410.2384062324396,31.532047985459016,96.84835052490234,140.78656005859375
412.56731633185467,36.65565020417215,96.84835052490234,140.78656005859375
410.2384062324396,32.463612025225046,96.84835052490234,140.78656005859375
412.56731633185467,37.58721424393818,96.84835052490234,140.78656005859375
410.2384062324396,33.39517606499108,96.84835052490234,140.78656005859375
413.4988803716207,36.65565020417216,96.84835052490234,140.78656005859375
410.2384062324396,32.46361202522506,96.84835052490234,140.78656005859375
413.4988803716207,37.58721424393819,96.84835052490234,140.78656005859375
411.16997027220566,33.39517606499109,96.84835052490234,140.78656005859375
413.4988803716207,37.58721424393819,96.84835052490234,140.78656005859375
411.16997027220566,33.39517606499109,96.84835052490234,140.78656005859375
414.43044441138676,37.58721424393819,96.84835052490234,140.78656005859375
412.1015343119717,33.39517606499109,96.84835052490234,140.78656005859375
413.4988803716207,37.58721424393819,96.84835052490234,140.78656005859375
411.16997027220566,33.39517606499109,96.84835052490234,140.78656005859375
414.43044441138676,37.58721424393819,96.84835052490234,140.78656005859375
411.16997027220566,33.39517606499109,96.84835052490234,140.78656005859375
414.43044441138676,37.58721424393819,96.84835052490234,140.78656005859375
411.16997027220566,33.39517606499109,96.84835052490234,140.78656005859375
414.43044441138676,37.58721424393819,96.84835052490234,140.78656005859375
411.16997027220566,33.39517606499109,96.84835052490234,140.78656005859375
414.43044441138676,37.58721424393819,96.84835052490234,140.78656005859375
412.1015343119717,33.39517606499109,96.84835052490234,140.78656005859375
413.4988803716207,37.58721424393819,96.84835052490234,140.78656005859375
411.16997027220566,33.39517606499109,96.84835052490234,140.78656005859375
414.43044441138676,37.58721424393819,96.84835052490234,140.78656005859375
412.1015343119717,33.39517606499109,96.84835052490234,140.78656005859375
414.43044441138676,37.58721424393819,96.84835052490234,140.78656005859375
412.1015343119717,34.32674010475711,96.84835052490234,140.78656005859375
414.43044441138676,36.65565020417216,96.84835052490234,140.78656005859375
412.1015343119717,33.39517606499108,96.84835052490234,140.78656005859375
414.43044441138676,37.58721424393818,96.84835052490234,140.78656005859375
412.1015343119717,34.32674010475709,96.84835052490234,140.78656005859375
415.3620084511528,36.65565020417215,96.84835052490234,140.78656005859375
412.1015343119717,33.39517606499106,96.84835052490234,140.78656005859375
315.6846561961883,74.8497758345791,96.84835052490234,140.78656005859375
311.4926180172412,75.31555785446213,96.84835052490234,140.78656005859375
311.0268359973582,76.71290391411117,96.84835052490234,140.78656005859375
310.5610539774752,74.38399381469611,96.84835052490234,140.78656005859375
312.88996407689024,76.71290391411117,96.84835052490234,140.78656005859375
310.5610539774752,75.31555785446213,96.84835052490234,140.78656005859375
312.88996407689024,76.71290391411117,96.84835052490234,140.78656005859375
310.5610539774752,75.31555785446213,96.84835052490234,140.78656005859375
312.88996407689024,75.78133987434515,96.84835052490234,140.78656005859375
310.5610539774752,76.24712189422817,96.84835052490234,140.78656005859375
313.8215281166563,76.7129039141112,96.84835052490234,140.78656005859375
310.5610539774752,75.31555785446216,96.84835052490234,140.78656005859375
312.88996407689024,76.7129039141112,96.84835052490234,140.78656005859375
310.5610539774752,74.38399381469614,96.84835052490234,140.78656005859375
312.88996407689024,75.78133987434518,96.84835052490234,140.78656005859375
310.5610539774752,74.38399381469614,96.84835052490234,140.78656005859375
313.8215281166563,76.7129039141112,96.84835052490234,140.78656005859375
311.4926180172412,75.31555785446216,96.84835052490234,140.78656005859375
313.8215281166563,76.7129039141112,96.84835052490234,140.78656005859375
310.5610539774752,74.38399381469614,96.84835052490234,140.78656005859375
313.8215281166563,76.7129039141112,96.84835052490234,140.78656005859375
311.4926180172412,75.31555785446216,96.84835052490234,140.78656005859375
313.8215281166563,76.7129039141112,96.84835052490234,140.78656005859375
311.4926180172412,75.31555785446216,96.84835052490234,140.78656005859375
313.8215281166563,76.7129039141112,96.84835052490234,140.78656005859375
311.4926180172412,75.31555785446216,96.84835052490234,140.78656005859375
313.8215281166563,77.64446795387721,96.84835052490234,140.78656005859375
311.4926180172412,75.31555785446216,96.84835052490234,140.78656005859375
314.7530921564223,77.64446795387721,96.84835052490234,140.78656005859375
311.4926180172412,74.38399381469614,96.84835052490234,140.78656005859375
313.8215281166563,76.7129039141112,96.84835052490234,140.78656005859375
311.4926180172412,74.38399381469614,96.84835052490234,140.78656005859375
314.7530921564223,76.7129039141112,96.84835052490234,140.78656005859375
312.4241820570073,74.38399381469614,96.84835052490234,140.78656005859375
313.8215281166563,76.7129039141112,96.84835052490234,140.78656005859375
311.4926180172412,74.38399381469614,96.84835052490234,140.78656005859375
313.8215281166563,76.7129039141112,96.84835052490234,140.78656005859375
311.4926180172412,74.38399381469614,96.84835052490234,140.78656005859375
313.8215281166563,75.78133987434518,96.84835052490234,140.78656005859375
311.4926180172412,73.45242977493012,96.84835052490234,140.78656005859375
313.8215281166563,75.78133987434518,96.84835052490234,140.78656005859375
310.5610539774752,73.45242977493012,96.84835052490234,140.78656005859375
313.8215281166563,75.78133987434518,96.84835052490234,140.78656005859375
311.4926180172412,73.45242977493012,96.84835052490234,140.78656005859375
312.88996407689024,75.78133987434518,96.84835052490234,140.78656005859375
311.4926180172412,73.45242977493012,96.84835052490234,140.78656005859375
312.88996407689024,75.78133987434518,96.84835052490234,140.78656005859375
288.2035170230906,70.65773765563205,96.84835052490234,140.78656005859375
283.0799148043775,68.32882755621699,96.84835052490234,140.78656005859375
280.75100470496244,67.86304553633397,96.84835052490234,140.78656005859375
283.0799148043775,66.46569947668493,96.84835052490234,140.78656005859375
280.75100470496244,65.0683534170359,96.84835052490234,140.78656005859375
283.0799148043775,63.671007357386856,96.84835052490234,140.78656005859375
279.8194406651964,63.20522533750383,96.84835052490234,140.78656005859375
282.14835076461145,62.73944331762081,96.84835052490234,140.78656005859375
279.8194406651964,62.27366129773779,96.84835052490234,140.78656005859375
280.2852226850794,62.73944331762081,96.84835052490234,140.78656005859375
281.6825687447284,61.34209725797177,96.84835052490234,140.78656005859375
278.42209460554733,60.87631523808875,96.84835052490234,140.78656005859375
281.6825687447284,59.47896917843971,96.84835052490234,140.78656005859375
279.3536586453134,63.67100735738683,96.84835052490234,140.78656005859375
283.54569682426046,61.34209725797177,96.84835052490234,140.78656005859375
282.95756123995744,23.540984495004608,98.99111938476562,143.90145874023438
291.05104784019716,-0.7394753057144783,98.99111938476562,143.90145874023438
289.6227854989784,-8.832961905954171,98.99111938476562,143.90145874023438
288.1945231577596,-15.022098717902175,98.99111938476562,143.90145874023438
287.71843571068666,-10.737311694245868,98.99111938476562,143.90145874023438
294.7393764423559,-14.25061540952322,96.8801040649414,140.8327178955078
292.4097027480346,-10.989072237473401,96.8801040649414,140.8327178955078
291.01189853144183,-10.523137498609138,96.8801040649414,140.8327178955078
291.47783327030606,-14.716550148387476,96.8801040649414,140.8327178955078
291.9437680091703,-10.523137498609138,96.8801040649414,140.8327178955078
291.47783327030606,-12.852811192930439,96.8801040649414,140.8327178955078
291.01189853144183,-10.523137498609138,96.8801040649414,140.8327178955078
290.5459637925776,-12.852811192930439,96.8801040649414,140.8327178955078
290.08002905371336,-9.59126802088062,96.8801040649414,140.8327178955078
294.2734417034917,-13.784680670658958,96.8801040649414,140.8327178955078
292.87563748689894,-9.59126802088062,96.8801040649414,140.8327178955078
292.4097027480347,-11.92094171520192,96.8801040649414,140.8327178955078
291.94376800917047,-10.523137498609138,96.8801040649414,140.8327178955078
292.4097027480347,-12.852811192930439,96.8801040649414,140.8327178955078
291.94376800917047,-9.59126802088062,96.8801040649414,140.8327178955078
291.47783327030623,-9.125333282016356,96.8801040649414,140.8327178955078
294.73937644235605,-13.318745931794695,96.8801040649414,140.8327178955078
292.40970274803476,-9.125333282016356,96.8801040649414,140.8327178955078
291.9437680091705,-8.659398543152093,96.8801040649414,140.8327178955078
294.2734417034918,-12.852811192930432,96.8801040649414,140.8327178955078
292.87563748689905,-9.591268020880612,96.8801040649414,140.8327178955078
292.4097027480348,-9.12533328201635,96.8801040649414,140.8327178955078
292.87563748689905,-13.318745931794687,96.8801040649414,140.8327178955078
291.4778332703063,-10.057202759744868,96.8801040649414,140.8327178955078
292.87563748689905,-13.318745931794687,96.8801040649414,140.8327178955078
292.4097027480348,-10.057202759744868,96.8801040649414,140.8327178955078
291.9437680091706,-8.659398543152086,96.8801040649414,140.8327178955078
292.4097027480348,-8.193463804287823,96.8801040649414,140.8327178955078
294.7393764423561,-12.386876454066162,96.8801040649414,140.8327178955078
292.4097027480348,-10.057202759744861,96.8801040649414,140.8327178955078
291.01189853144206,-8.65939854315208,96.8801040649414,140.8327178955078
290.5459637925778,-8.193463804287816,96.8801040649414,140.8327178955078
294.73937644235616,-11.455006976337636,96.8801040649414,140.8327178955078
291.47783327030635,-9.125333282016335,96.8801040649414,140.8327178955078
290.0800290537136,-7.727529065423553,96.8801040649414,140.8327178955078
288.6822248371208,-6.329724848830772,96.8801040649414,140.8327178955078
287.28442062052807,-10.52313749860911,96.8801040649414,140.8327178955078
292.40970274803493,-9.125333282016328,96.8801040649414,140.8327178955078
290.08002905371364,-7.727529065423546,96.8801040649414,140.8327178955078
289.6140943148494,-5.397855371102253,96.8801040649414,140.8327178955078
289.1481595759852,-10.523137498609103,96.8801040649414,140.8327178955078
291.47783327030646,-8.193463804287802,96.8801040649414,140.8327178955078
289.1481595759852,-5.8637901099665015,96.8801040649414,140.8327178955078
291.47783327030646,-9.12533328201632,96.8801040649414,140.8327178955078
287.0222468472247,-6.332628168125197,99.02357482910156,143.94863891601562
285.5935162123398,-10.618820072779883,99.02357482910156,143.94863891601562
282.02755528256813,-8.75253144224213,101.21446990966797,147.1334991455078
285.43501831632545,-14.10711620957511,101.21446990966797,147.1334991455078
280.78008929209324,-9.169327772866183,103.45384216308594,150.38882446289062
274.9897531899586,-5.154706657610731,105.74275970458984,153.71617126464844
270.1265645063823,1.0592537251295795,108.08232116699219,157.1171417236328
276.8841025226548,-3.619041824597531,108.08232116699219,157.1171417236328
272.2058069729277,-2.059609974688499,108.08232116699219,157.1171417236328
277.9237237559275,-8.817147990961004,108.08232116699219,157.1171417236328
270.795725456114,-3.5443080730040606,110.47364044189453,160.59335327148438
263.5100192378586,-3.6671668096890357,112.9178695678711,164.146484375
268.3976194644311,-3.1241001178476466,112.9178695678711,164.146484375
262.0775810921551,-2.1228138463032593,115.41617584228516,167.77822875976562
302.5985701872368,37.28801116398168,115.41617584228516,167.77822875976562
307.5943085688222,41.17358546077034,115.41617584228516,167.77822875976562
305.9290624416271,37.28801116398168,115.41617584228516,167.77822875976562
308.704472653619,41.17358546077034,115.41617584228516,167.77822875976562
304.81889835683035,37.28801116398168,115.41617584228516,167.77822875976562
308.704472653619,41.17358546077034,115.41617584228516,167.77822875976562
305.9290624416271,38.39817524877844,115.41617584228516,167.77822875976562
309.81463673841574,42.283749545567105,115.41617584228516,167.77822875976562
303.70873427203355,38.39817524877844,115.41617584228516,167.77822875976562
308.70447265361895,41.17358546077034,115.41617584228516,167.77822875976562
303.70873427203355,37.28801116398168,115.41617584228516,167.77822875976562
307.5943085688222,41.17358546077034,115.41617584228516,167.77822875976562
303.70873427203355,37.28801116398168,115.41617584228516,167.77822875976562
306.4841444840255,40.063421375973576,115.41617584228516,167.77822875976562
302.5985701872368,37.28801116398168,115.41617584228516,167.77822875976562
305.37398039922874,40.063421375973576,115.41617584228516,167.77822875976562
301.4884061024401,36.177847079184914,115.41617584228516,167.77822875976562
305.37398039922874,38.95325729117681,115.41617584228516,167.77822875976562
300.37824201764334,36.177847079184914,115.41617584228516,167.77822875976562
304.263816314432,38.95325729117681,115.41617584228516,167.77822875976562
299.2680779328466,35.06768299438815,115.41617584228516,167.77822875976562
303.15365222963527,37.84309320638005,115.41617584228516,167.77822875976562
298.1579138480499,35.06768299438815,115.41617584228516,167.77822875976562
302.04348814483853,37.84309320638005,115.41617584228516,167.77822875976562
298.1579138480499,35.06768299438815,115.41617584228516,167.77822875976562
302.04348814483853,37.84309320638005,115.41617584228516,167.77822875976562
298.1579138480499,35.06768299438815,115.41617584228516,167.77822875976562
302.04348814483853,37.84309320638005,115.41617584228516,167.77822875976562
301.48840610244014,33.957518909591386,115.41617584228516,167.77822875976562
304.26381631443206,36.73292912158328,115.41617584228516,167.77822875976562
304.81889835683046,35.06768299438815,115.41617584228516,167.77822875976562
308.7044726536191,32.29227278239625,115.41617584228516,167.77822875976562
313.7002110352045,31.73719073999787,115.41617584228516,167.77822875976562
319.8061135015867,31.18210869759949,115.41617584228516,167.77822875976562
318.1408673743916,33.957518909591386,115.41617584228516,167.77822875976562
323.136605755977,31.18210869759949,115.41617584228516,167.77822875976562
325.9120159679689,30.627026655201107,115.41617584228516,167.77822875976562
325.3569339255705,31.18210869759949,115.41617584228516,167.77822875976562
328.1323441375624,29.516862570404356,115.41617584228516,167.77822875976562
325.3569339255705,32.29227278239625,115.41617584228516,167.77822875976562
328.1323441375624,29.516862570404356,115.41617584228516,167.77822875976562
324.24676984077377,30.07194461280274,115.41617584228516,167.77822875976562
327.0221800527657,28.406698485607606,115.41617584228516,167.77822875976562
324.24676984077377,30.07194461280274,115.41617584228516,167.77822875976562
327.0221800527657,28.406698485607606,115.41617584228516,167.77822875976562
325.35693392557056,30.07194461280274,115.41617584228516,167.77822875976562
328.1323441375625,30.62702665520112,115.41617584228516,167.77822875976562
327.5772620951641,31.182108697599503,115.41617584228516,167.77822875976562
331.46283639195275,31.737190739997885,115.41617584228516,167.77822875976562
329.7975902647576,31.182108697599503,115.41617584228516,167.77822875976562
330.352672307156,33.9575189095914,115.41617584228516,167.77822875976562
332.01791843435115,32.29227278239627,115.41617584228516,167.77822875976562
330.352672307156,31.737190739997885,115.41617584228516,167.77822875976562
333.12808251914794,32.29227278239627,115.41617584228516,167.77822875976562
331.4628363919528,30.627026655201135,115.41617584228516,167.77822875976562
332.0179184343512,32.29227278239627,115.41617584228516,167.77822875976562
331.4628363919528,32.84735482479465,115.41617584228516,167.77822875976562
332.0179184343512,32.29227278239627,115.41617584228516,167.77822875976562
329.2425082223593,32.84735482479465,115.41617584228516,167.77822875976562
330.9077543495544,33.40243686719303,115.41617584228516,167.77822875976562
329.2425082223593,32.84735482479465,115.41617584228516,167.77822875976562
329.7975902647577,32.29227278239627,115.41617584228516,167.77822875976562
327.02218005276575,33.9575189095914,115.41617584228516,167.77822875976562
328.6874261799609,32.29227278239627,115.41617584228516,167.77822875976562
328.1323441375625,33.9575189095914,115.41617584228516,167.77822875976562
327.5772620951641,31.182108697599503,115.41617584228516,167.77822875976562
325.91201596796896,33.9575189095914,115.41617584228516,167.77822875976562
324.2467698407738,33.40243686719302,115.41617584228516,167.77822875976562
325.91201596796896,35.06768299438815,115.41617584228516,167.77822875976562
323.13660575597703,33.40243686719302,115.41617584228516,167.77822875976562
324.80185188317216,33.9575189095914,115.41617584228516,167.77822875976562
322.02644167118024,32.29227278239627,115.41617584228516,167.77822875976562
383.71421437052373,22.84584054328812,112.95488739013672,164.20030212402344
389.6310980633696,19.884164675149265,110.54608917236328,160.6986846923828
390.29736954547985,24.159851484568733,108.18865966796875,157.27174377441406
390.9494339943919,23.329208458132797,105.88150024414062,153.91787719726562
391.4586600545626,26.893790879327597,105.88150024414062,153.91787719726562
390.13353728901217,26.080863700935353,103.62354278564453,150.63552856445312
390.63190395006836,29.569430328328778,103.62354278564453,150.63552856445312
390.29574408543493,26.85242030840317,101.41374206542969,147.42318725585938
390.7834829273337,30.266592201694337,101.41374206542969,147.42318725585938
389.32026640163747,27.827897992200647,101.41374206542969,147.42318725585938
389.80800524353623,30.266592201694337,101.41374206542969,147.42318725585938
389.32026640163747,28.803375675998126,101.41374206542969,147.42318725585938
388.8325275597387,29.291114517896858,101.41374206542969,147.42318725585938
389.32026640163747,26.85242030840317,101.41374206542969,147.42318725585938
389.80800524353623,30.266592201694337,101.41374206542969,147.42318725585938
388.34478871784,28.803375675998126,101.41374206542969,147.42318725585938
388.83252755973876,28.315636834099394,101.41374206542969,147.42318725585938
390.383978076665,29.41744940921417,99.25106048583984,144.2793426513672
388.95196508410714,30.849462401772044,99.25106048583984,144.2793426513672
391.33865340503695,28.46277408084225,99.25106048583984,144.2793426513672
389.9066404124791,30.849462401772044,99.25106048583984,144.2793426513672
389.42930274829314,29.41744940921417,99.25106048583984,144.2793426513672
388.9519650841072,30.849462401772044,99.25106048583984,144.2793426513672
390.3839780766651,29.41744940921417,99.25106048583984,144.2793426513672
387.99728975573527,29.894787073400124,99.25106048583984,144.2793426513672
390.3839780766651,27.50809875247033,99.25106048583984,144.2793426513672
388.9519650841072,30.849462401772044,99.25106048583984,144.2793426513672
389.42930274829314,28.46277408084225,99.25106048583984,144.2793426513672
387.99728975573527,30.849462401772044,99.25106048583984,144.2793426513672
389.42930274829314,28.46277408084225,99.25106048583984,144.2793426513672
387.04261442736333,29.894787073400124,99.25106048583984,144.2793426513672
389.42930274829314,27.50809875247033,99.25106048583984,144.2793426513672
388.1871612151127,30.426750981948885,97.1344985961914,141.20254516601562
390.52295268871666,28.090959508344937,97.1344985961914,141.20254516601562
389.3072967940573,31.84791713029918,95.06307983398438,138.1913604736328
390.67888480418395,30.476329120172565,95.06307983398438,138.1913604736328
390.2216888008084,30.933525123548108,95.06307983398438,138.1913604736328
389.76449279743287,31.39072112692365,95.06307983398438,138.1913604736328
391.1360808075595,30.933525123548108,95.06307983398438,138.1913604736328
388.8501007906818,31.39072112692365,95.06307983398438,138.1913604736328
391.1360808075595,30.019133116797036,95.06307983398438,138.1913604736328
388.8501007906818,32.30511313367472,95.06307983398438,138.1913604736328
390.2216888008084,30.019133116797036,95.06307983398438,138.1913604736328
388.8501007906818,32.30511313367472,95.06307983398438,138.1913604736328
390.2216888008084,30.019133116797036,95.06307983398438,138.1913604736328
387.9357087839307,31.39072112692365,95.06307983398438,138.1913604736328
390.2216888008084,29.104741110045964,95.06307983398438,138.1913604736328
387.9357087839307,32.30511313367472,95.06307983398438,138.1913604736328
389.3072967940573,29.104741110045964,95.06307983398438,138.1913604736328
387.9357087839307,31.39072112692365,95.06307983398438,138.1913604736328
388.39290478730624,29.104741110045964,95.06307983398438,138.1913604736328
387.0213167771796,31.39072112692365,95.06307983398438,138.1913604736328
386.56412077380406,29.104741110045964,95.06307983398438,138.1913604736328
387.0213167771796,30.47632912017258,95.06307983398438,138.1913604736328
384.7353367603019,29.104741110045964,95.06307983398438,138.1913604736328
386.1069247704285,31.39072112692365,95.06307983398438,138.1913604736328
383.8209447535508,30.019133116797036,95.06307983398438,138.1913604736328
386.1069247704285,29.561937113421493,95.06307983398438,138.1913604736328
382.9065527467998,30.019133116797036,95.06307983398438,138.1913604736328
385.1925327636775,29.561937113421493,95.06307983398438,138.1913604736328
382.9065527467998,30.933525123548108,95.06307983398438,138.1913604736328
384.2781407569264,30.476329120172565,95.06307983398438,138.1913604736328
382.9065527467998,30.019133116797022,95.06307983398438,138.1913604736328
384.2781407569264,31.390721126923637,95.06307983398438,138.1913604736328
381.9921607400487,30.933525123548094,95.06307983398438,138.1913604736328
382.44935674342423,30.47632912017255,95.06307983398438,138.1913604736328
382.9065527467998,30.019133116797008,95.06307983398438,138.1913604736328
383.3637487501753,31.390721126923623,95.06307983398438,138.1913604736328
381.9921607400487,30.93352512354808,95.06307983398438,138.1913604736328
382.44935674342423,31.390721126923623,95.06307983398438,138.1913604736328
382.9065527467998,30.93352512354808,95.06307983398438,138.1913604736328
383.3637487501753,31.390721126923623,95.06307983398438,138.1913604736328
381.9921607400487,31.847917130299166,95.06307983398438,138.1913604736328
381.53496473667315,30.47632912017255,95.06307983398438,138.1913604736328
382.9065527467998,30.933525123548094,95.06307983398438,138.1913604736328
382.44935674342423,32.30511313367471,95.06307983398438,138.1913604736328
381.9921607400487,31.847917130299166,95.06307983398438,138.1913604736328
381.53496473667315,31.390721126923623,95.06307983398438,138.1913604736328
382.9065527467998,33.67670114380131,95.06307983398438,138.1913604736328
382.44935674342423,31.390721126923623,95.06307983398438,138.1913604736328
381.0777687332976,33.67670114380131,95.06307983398438,138.1913604736328
382.53206567855744,32.9468347646701,93.03582763671875,135.244384765625
382.97951183945133,32.49938860377618,93.03582763671875,135.244384765625
383.4269580003452,34.73661940824576,93.03582763671875,135.244384765625
382.0846195176635,33.39428092556402,93.03582763671875,135.244384765625
382.5320656785574,33.84172708645794,93.03582763671875,135.244384765625
382.9795118394513,34.289173247351854,93.03582763671875,135.244384765625
383.42695800034517,33.84172708645794,93.03582763671875,135.244384765625
382.08461951766344,34.289173247351854,93.03582763671875,135.244384765625
383.42695800034517,32.946834764670115,93.03582763671875,135.244384765625
382.9795118394513,33.39428092556403,93.03582763671875,135.244384765625
384.321850322133,33.84172708645795,93.03582763671875,135.244384765625
382.9795118394513,34.28917324735187,93.03582763671875,135.244384765625
384.321850322133,33.84172708645795,93.03582763671875,135.244384765625
382.9795118394513,34.28917324735187,93.03582763671875,135.244384765625
384.321850322133,32.94683476467013,93.03582763671875,135.244384765625
383.8744041612391,33.39428092556405,93.03582763671875,135.244384765625
384.321850322133,32.94683476467013,93.03582763671875,135.244384765625
382.9795118394513,32.49938860377621,93.03582763671875,135.244384765625
384.321850322133,34.73661940824579,93.03582763671875,135.244384765625
382.9795118394513,32.49938860377621,93.03582763671875,135.244384765625
384.321850322133,32.94683476467013,93.03582763671875,135.244384765625
382.9795118394513,31.60449628198839,93.03582763671875,135.244384765625
384.321850322133,33.841727086457965,93.03582763671875,135.244384765625
382.9795118394513,31.60449628198839,93.03582763671875,135.244384765625
383.42695800034517,32.05194244288231,93.03582763671875,135.244384765625
382.9795118394513,29.81471163841273,93.03582763671875,135.244384765625
384.321850322133,33.841727086457965,93.03582763671875,135.244384765625
382.08461951766344,30.709603960200567,93.03582763671875,135.244384765625
382.53206567855733,32.05194244288231,93.03582763671875,135.244384765625
382.9795118394512,29.81471163841273,93.03582763671875,135.244384765625
383.4269580003451,32.94683476467013,93.03582763671875,135.244384765625
381.18972719587555,29.81471163841273,93.03582763671875,135.244384765625
382.5320656785573,32.94683476467013,93.03582763671875,135.244384765625
382.0846195176634,29.81471163841273,93.03582763671875,135.244384765625
381.6371733567695,32.94683476467013,93.03582763671875,135.244384765625
382.0846195176634,29.81471163841273,93.03582763671875,135.244384765625
380.74228103498166,32.94683476467013,93.03582763671875,135.244384765625
382.0846195176634,29.81471163841273,93.03582763671875,135.244384765625
380.74228103498166,32.94683476467013,93.03582763671875,135.244384765625
382.0846195176634,29.81471163841273,93.03582763671875,135.244384765625
380.74228103498166,32.94683476467013,93.03582763671875,135.244384765625
382.0846195176634,29.81471163841273,93.03582763671875,135.244384765625
380.74228103498166,33.841727086457965,93.03582763671875,135.244384765625
382.0846195176634,31.60449628198839,93.03582763671875,135.244384765625
379.8473887131938,32.94683476467013,93.03582763671875,135.244384765625
382.0846195176634,30.709603960200553,93.03582763671875,135.244384765625
379.8473887131938,34.73661940824579,93.03582763671875,135.244384765625
382.0846195176634,31.60449628198839,93.03582763671875,135.244384765625
379.8473887131938,34.73661940824579,93.03582763671875,135.244384765625
382.0846195176634,32.49938860377621,93.03582763671875,135.244384765625
379.8473887131938,34.73661940824579,93.03582763671875,135.244384765625
382.0846195176634,33.39428092556405,93.03582763671875,135.244384765625
379.8473887131938,33.841727086457965,93.03582763671875,135.244384765625
382.0846195176634,34.28917324735188,93.03582763671875,135.244384765625
379.8473887131938,32.94683476467014,93.03582763671875,135.244384765625
382.0846195176634,33.39428092556406,93.03582763671875,135.244384765625
379.8473887131938,33.84172708645798,93.03582763671875,135.244384765625
382.0846195176634,35.18406556913972,93.03582763671875,135.244384765625
378.952496391406,32.94683476467014,93.03582763671875,135.244384765625
382.9634184572681,34.82017055069035,91.05181121826172,132.36026000976562
380.77389727356854,33.50645784047062,91.05181121826172,132.36026000976562
382.0876099837883,36.57178749765001,91.05181121826172,132.36026000976562
381.64970574704836,34.38226631395045,91.05181121826172,132.36026000976562
381.2118015103084,34.820170550690364,91.05181121826172,132.36026000976562
382.5255142205282,33.50645784047063,91.05181121826172,132.36026000976562
380.3359930368286,36.57178749765002,91.05181121826172,132.36026000976562
382.5255142205282,34.38226631395047,91.05181121826172,132.36026000976562
379.4601845633488,35.6959790241702,91.05181121826172,132.36026000976562
383.38557107087166,37.529363685505785,89.110107421875,129.5376434326172
381.24274208590884,36.24366629452808,89.110107421875,129.5376434326172
382.52843947688655,38.386495279490916,89.110107421875,129.5376434326172
379.52847889793856,37.10079788851321,89.110107421875,129.5376434326172
381.6713078829014,40.95789006144632,89.110107421875,129.5376434326172
380.38561049192367,38.81506107648349,89.110107421875,129.5376434326172
381.6713078829014,41.81502165543145,89.110107421875,129.5376434326172
380.38561049192367,40.52932426445375,89.110107421875,129.5376434326172
382.5284394768865,40.100758467461176,89.110107421875,129.5376434326172
378.6713473039534,40.52932426445375,89.110107421875,129.5376434326172
381.6713078829014,40.95789006144632,89.110107421875,129.5376434326172
379.52847889793856,40.52932426445375,89.110107421875,129.5376434326172
380.81417628891626,40.95789006144632,89.110107421875,129.5376434326172
381.24274208590884,41.38645585843889,89.110107421875,129.5376434326172
380.9536652210993,42.35459453330381,87.20980834960938,126.77521514892578
381.3730917233849,42.77402103558943,87.20980834960938,126.77521514892578
381.7925182256705,42.35459453330381,87.20980834960938,126.77521514892578
382.2119447279561,41.93516803101819,87.20980834960938,126.77521514892578
380.95366522109924,43.193447537875045,87.20980834960938,126.77521514892578
381.37309172338485,41.93516803101819,87.20980834960938,126.77521514892578
381.79251822567045,42.35459453330381,87.20980834960938,126.77521514892578
382.21194472795605,41.09631502644696,87.20980834960938,126.77521514892578
380.114812216528,42.35459453330381,87.20980834960938,126.77521514892578
382.21194472795605,40.257462021875725,87.20980834960938,126.77521514892578
380.114812216528,39.83803551959011,87.20980834960938,126.77521514892578
381.37309172338485,41.93516803101819,87.20980834960938,126.77521514892578
381.79251822567045,40.67688852416134,87.20980834960938,126.77521514892578
382.21194472795605,40.257462021875725,87.20980834960938,126.77521514892578
380.114812216528,39.83803551959011,87.20980834960938,126.77521514892578
381.37309172338485,41.09631502644696,87.20980834960938,126.77521514892578
381.79251822567045,40.67688852416134,87.20980834960938,126.77521514892578
382.21194472795605,40.257462021875725,87.20980834960938,126.77521514892578
380.9536652210992,38.99918251501887,87.20980834960938,126.77521514892578
381.3730917233848,40.257462021875725,87.20980834960938,126.77521514892578
381.7925182256704,38.99918251501887,87.20980834960938,126.77521514892578
382.211944727956,38.579756012733256,87.20980834960938,126.77521514892578
380.95366522109913,38.16032951044764,87.20980834960938,126.77521514892578
381.37309172338473,37.74090300816202,87.20980834960938,126.77521514892578
381.79251822567034,39.83803551959011,87.20980834960938,126.77521514892578
382.21194472795594,38.579756012733256,87.20980834960938,126.77521514892578
381.79251822567034,37.321476505876404,87.20980834960938,126.77521514892578
383.0507977325272,37.74090300816202,87.20980834960938,126.77521514892578
380.95366522109913,37.321476505876404,87.20980834960938,126.77521514892578
382.211944727956,37.74090300816202,87.20980834960938,126.77521514892578
381.7925182256704,38.16032951044764,87.20980834960938,126.77521514892578
383.05079773252726,37.74090300816202,87.20980834960938,126.77521514892578
380.1148122165279,37.321476505876404,87.20980834960938,126.77521514892578
382.211944727956,36.90205000359079,87.20980834960938,126.77521514892578
380.95366522109913,37.321476505876404,87.20980834960938,126.77521514892578
381.37309172338473,37.74090300816202,87.20980834960938,126.77521514892578
380.95366522109913,38.16032951044764,87.20980834960938,126.77521514892578
379.69538571424226,36.90205000359079,87.20980834960938,126.77521514892578
381.79251822567034,38.99918251501887,87.20980834960938,126.77521514892578
379.69538571424226,37.74090300816202,87.20980834960938,126.77521514892578
380.95366522109913,37.321476505876404,87.20980834960938,126.77521514892578
378.0176797050998,36.06319699901955,87.20980834960938,126.77521514892578
380.11481221652787,37.321476505876404,87.20980834960938,126.77521514892578
378.0176797050998,35.22434399444832,87.20980834960938,126.77521514892578
379.27595921195666,36.48262350130517,87.20980834960938,126.77521514892578
378.85653270967106,35.22434399444832,87.20980834960938,126.77521514892578
379.27595921195666,34.8049174921627,87.20980834960938,126.77521514892578
378.0176797050998,36.06319699901955,87.20980834960938,126.77521514892578
378.4371062073854,34.8049174921627,87.20980834960938,126.77521514892578
378.856532709671,35.22434399444832,87.20980834960938,126.77521514892578
379.2759592119566,33.96606448759147,87.20980834960938,126.77521514892578
377.17882670052853,36.06319699901955,87.20980834960938,126.77521514892578
378.4371062073854,33.96606448759147,87.20980834960938,126.77521514892578
378.0176797050998,35.22434399444832,87.20980834960938,126.77521514892578
377.5982532028142,33.96606448759147,87.20980834960938,126.77521514892578
378.85653270967106,35.22434399444832,87.20980834960938,126.77521514892578
379.27595921195666,33.12721148302023,87.20980834960938,126.77521514892578
377.1788267005286,33.54663798530585,87.20980834960938,126.77521514892578
378.43710620738545,33.96606448759147,87.20980834960938,126.77521514892578
378.85653270967106,34.385490989877084,87.20980834960938,126.77521514892578
379.27595921195666,33.12721148302023,87.20980834960938,126.77521514892578
377.1788267005286,33.54663798530585,87.20980834960938,126.77521514892578
378.43710620738545,33.96606448759147,87.20980834960938,126.77521514892578
378.85653270967106,34.385490989877084,87.20980834960938,126.77521514892578
379.27595921195666,33.12721148302023,87.20980834960938,126.77521514892578
377.1788267005286,34.385490989877084,87.20980834960938,126.77521514892578
378.43710620738545,33.12721148302023,87.20980834960938,126.77521514892578
378.85653270967106,33.54663798530585,87.20980834960938,126.77521514892578
378.43710620738545,33.96606448759147,87.20980834960938,126.77521514892578
378.01767970509985,34.385490989877084,87.20980834960938,126.77521514892578
377.59825320281425,33.12721148302023,87.20980834960938,126.77521514892578
378.8565327096711,32.707784980734615,87.20980834960938,126.77521514892578
378.4371062073855,34.8049174921627,87.20980834960938,126.77521514892578
378.0176797050999,33.54663798530585,87.20980834960938,126.77521514892578
376.75940019824304,33.12721148302023,87.20980834960938,126.77521514892578
378.8565327096711,32.707784980734615,87.20980834960938,126.77521514892578
378.4371062073855,33.96606448759147,87.20980834960938,126.77521514892578
377.17882670052865,32.707784980734615,87.20980834960938,126.77521514892578
377.59825320281425,33.12721148302023,87.20980834960938,126.77521514892578
378.01767970509985,31.86893197616338,87.20980834960938,126.77521514892578
377.59825320281425,33.96606448759147,87.20980834960938,126.77521514892578
378.01767970509985,32.707784980734615,87.20980834960938,126.77521514892578
377.59825320281425,34.8049174921627,87.20980834960938,126.77521514892578
378.8565327096711,32.707784980734615,87.20980834960938,126.77521514892578
378.4371062073855,34.8049174921627,87.20980834960938,126.77521514892578
378.0176797050999,33.54663798530585,87.20980834960938,126.77521514892578
377.5982532028143,33.96606448759147,87.20980834960938,126.77521514892578
378.0176797050999,33.54663798530585,87.20980834960938,126.77521514892578
376.75940019824304,33.96606448759147,87.20980834960938,126.77521514892578
378.0176797050999,34.385490989877084,87.20980834960938,126.77521514892578
377.5982532028143,33.96606448759147,87.20980834960938,126.77521514892578
378.0176797050999,35.22434399444832,87.20980834960938,126.77521514892578
377.5982532028143,34.8049174921627,87.20980834960938,126.77521514892578
377.93895836451816,35.57823809654863,89.13932800292969,129.5801239013672
376.6528394235721,34.29211915560258,89.13932800292969,129.5801239013672
376.22413310992346,33.86341284195389,89.13932800292969,129.5801239013672
376.6528394235721,34.29211915560258,89.13932800292969,129.5801239013672
375.3667204826261,33.86341284195389,89.13932800292969,129.5801239013672
377.5102520508695,33.4347065283052,89.13932800292969,129.5801239013672
374.5093078553287,34.72082546925125,89.13932800292969,129.5801239013672
376.6528394235721,32.57729390100782,89.13932800292969,129.5801239013672
374.5093078553287,34.72082546925125,89.13932800292969,129.5801239013672
376.6528394235721,32.57729390100782,89.13932800292969,129.5801239013672
375.3667204826261,33.863412841953874,89.13932800292969,129.5801239013672
377.5102520508695,32.57729390100782,89.13932800292969,129.5801239013672
375.3667204826261,32.14858758735913,89.13932800292969,129.5801239013672
376.6528394235721,34.29211915560256,89.13932800292969,129.5801239013672
375.3667204826261,31.291174960061767,89.13932800292969,129.5801239013672
376.6528394235721,34.29211915560256,89.13932800292969,129.5801239013672
374.5093078553287,32.14858758735913,89.13932800292969,129.5801239013672
375.79542679627474,35.14953178289994,89.13932800292969,129.5801239013672
375.3667204826261,32.148587587359145,89.13932800292969,129.5801239013672
375.79542679627474,32.577293901007835,89.13932800292969,129.5801239013672
375.3667204826261,30.433762332764402,89.13932800292969,129.5801239013672
375.79542679627474,31.719881273710456,89.13932800292969,129.5801239013672
373.6518952280313,31.291174960061767,89.13932800292969,129.5801239013672
373.22318891438266,30.862468646413078,89.13932800292969,129.5801239013672
373.6518952280313,32.14858758735913,89.13932800292969,129.5801239013672
372.3657762870853,31.719881273710442,89.13932800292969,129.5801239013672
374.5093078553287,31.291174960061753,89.13932800292969,129.5801239013672
371.5083636597879,32.577293901007806,89.13932800292969,129.5801239013672
373.6518952280313,32.14858758735912,89.13932800292969,129.5801239013672
372.3657762870853,34.29211915560255,89.13932800292969,129.5801239013672
375.3667204826261,31.29117496006174,89.13932800292969,129.5801239013672
373.22318891438266,33.43470652830517,89.13932800292969,129.5801239013672
374.5093078553287,31.29117496006174,89.13932800292969,129.5801239013672
372.3657762870853,33.43470652830517,89.13932800292969,129.5801239013672
375.3667204826261,31.29117496006174,89.13932800292969,129.5801239013672
373.22318891438266,33.43470652830517,89.13932800292969,129.5801239013672
375.3667204826261,32.14858758735912,89.13932800292969,129.5801239013672
373.22318891438266,35.14953178289991,89.13932800292969,129.5801239013672
375.3667204826261,33.00600021465648,89.13932800292969,129.5801239013672
373.22318891438266,34.292119155602535,89.13932800292969,129.5801239013672
375.3667204826261,32.1485875873591,89.13932800292969,129.5801239013672
373.22318891438266,35.14953178289991,89.13932800292969,129.5801239013672
374.5093078553287,32.14858758735912,89.13932800292969,129.5801239013672
372.3657762870853,33.43470652830517,89.13932800292969,129.5801239013672
375.3667204826261,30.43376233276436,89.13932800292969,129.5801239013672
373.22318891438266,32.57729390100779,89.13932800292969,129.5801239013672
373.6518952280313,29.57634970546698,89.13932800292969,129.5801239013672
372.3657762870853,30.862468646413035,89.13932800292969,129.5801239013672
372.79448260073394,28.718937078169603,89.13932800292969,129.5801239013672
371.5083636597879,30.005056019115656,89.13932800292969,129.5801239013672
371.93706997343656,28.718937078169603,89.13932800292969,129.5801239013672
370.6509510324905,28.290230764520913,89.13932800292969,129.5801239013672
369.3648320915445,27.861524450872224,89.13932800292969,129.5801239013672
368.9361257778958,29.147643391818278,89.13932800292969,129.5801239013672
368.50741946424716,27.861524450872224,89.13932800292969,129.5801239013672
367.2213005233011,29.147643391818278,89.13932800292969,129.5801239013672
369.36483209154454,28.71893707816959,89.13932800292969,129.5801239013672
367.2213005233011,28.2902307645209,89.13932800292969,129.5801239013672
368.50741946424716,27.86152445087221,89.13932800292969,129.5801239013672
365.50647526870637,30.005056019115642,89.13932800292969,129.5801239013672
368.50741946424716,27.86152445087221,89.13932800292969,129.5801239013672
365.50647526870637,30.005056019115642,89.13932800292969,129.5801239013672
367.6500068369498,28.71893707816959,89.13932800292969,129.5801239013672
365.50647526870637,29.147643391818278,89.13932800292969,129.5801239013672
367.6500068369498,29.576349705466967,89.13932800292969,129.5801239013672
365.50647526870637,28.290230764520913,89.13932800292969,129.5801239013672
367.6500068369498,28.718937078169603,89.13932800292969,129.5801239013672
364.649062641409,30.862468646413035,89.13932800292969,129.5801239013672
366.7925942096524,30.433762332764346,89.13932800292969,129.5801239013672
364.649062641409,30.005056019115656,89.13932800292969,129.5801239013672
366.7925942096524,32.14858758735909,89.13932800292969,129.5801239013672
364.649062641409,30.862468646413035,89.13932800292969,129.5801239013672
363.36294370046295,33.00600021465647,89.13932800292969,129.5801239013672
365.50647526870637,32.57729390100778,89.13932800292969,129.5801239013672
361.6481184458682,33.00600021465647,89.13932800292969,129.5801239013672
362.93423738681423,35.1495317828999,89.13932800292969,129.5801239013672
361.6481184458682,33.863412841953846,89.13932800292969,129.5801239013672
359.5045868776248,36.00694441019728,89.13932800292969,129.5801239013672
360.7907058185708,35.57823809654859,89.13932800292969,129.5801239013672
360.36199950492215,34.292119155602535,89.13932800292969,129.5801239013672
360.7907058185708,36.43565072384597,89.13932800292969,129.5801239013672
358.6471742503274,33.434706528305156,89.13932800292969,129.5801239013672
357.36105530938136,36.43565072384595,89.13932800292969,129.5801239013672
358.6471742503274,33.434706528305156,89.13932800292969,129.5801239013672
355.6462300547866,33.863412841953846,89.13932800292969,129.5801239013672
356.93234899573264,35.1495317828999,89.13932800292969,129.5801239013672
357.3610553093813,33.00600021465647,89.13932800292969,129.5801239013672
356.07493636843526,32.57729390100778,89.13932800292969,129.5801239013672
355.6462300547866,30.433762332764346,89.13932800292969,129.5801239013672
353.5026984865432,29.147643391818292,89.13932800292969,129.5801239013672
353.0739921728945,31.291174960061724,89.13932800292969,129.5801239013672
352.64528585924586,28.290230764520913,89.13932800292969,129.5801239013672
349.64434166370506,28.718937078169603,89.13932800292969,129.5801239013672
348.358222722759,30.005056019115656,89.13932800292969,129.5801239013672
347.072103781813,30.433762332764346,89.13932800292969,129.5801239013672
346.6433974681643,28.290230764520913,89.13932800292969,129.5801239013672
344.4998658999209,30.433762332764346,89.13932800292969,129.5801239013672
343.21374695897487,30.005056019115656,89.13932800292969,129.5801239013672
341.07021539073145,33.00600021465647,89.13932800292969,129.5801239013672
339.7840964497854,31.719881273710413,89.13932800292969,129.5801239013672
340.21280276343407,32.1485875873591,89.13932800292969,129.5801239013672
338.92668382248803,34.292119155602535,89.13932800292969,129.5801239013672
337.640564881542,32.1485875873591,89.13932800292969,129.5801239013672
336.35444594059595,35.14953178289991,89.13932800292969,129.5801239013672
336.7831522542446,34.720825469251224,89.13932800292969,129.5801239013672
335.4970333132986,34.292119155602535,89.13932800292969,129.5801239013672
334.21091437235253,34.720825469251224,89.13932800292969,129.5801239013672
336.35444594059595,35.14953178289991,89.13932800292969,129.5801239013672
335.0683269996499,36.43565072384597,89.13932800292969,129.5801239013672
334.63962068600125,33.434706528305156,89.13932800292969,129.5801239013672
334.2109143723526,35.57823809654859,89.13932800292969,129.5801239013672
336.354445940596,33.434706528305156,89.13932800292969,129.5801239013672
335.06832699964997,33.863412841953846,89.13932800292969,129.5801239013672
338.06927119519077,31.719881273710413,89.13932800292969,129.5801239013672
336.7831522542447,32.1485875873591,89.13932800292969,129.5801239013672
336.35444594059607,31.719881273710413,89.13932800292969,129.5801239013672
338.4979775088395,29.57634970546698,89.13932800292969,129.5801239013672
338.0692711951908,28.290230764520928,89.13932800292969,129.5801239013672
338.4979775088395,26.146699196277496,89.13932800292969,129.5801239013672
338.0692711951908,25.717992882628806,89.13932800292969,129.5801239013672
338.4979775088395,25.289286568980117,89.13932800292969,129.5801239013672
338.92668382248814,22.28834237343932,89.13932800292969,129.5801239013672
339.3553901361368,21.002223432493267,89.13932800292969,129.5801239013672
338.92668382248814,20.573517118844578,89.13932800292969,129.5801239013672
339.3553901361368,18.429985550601145,89.13932800292969,129.5801239013672
338.92668382248814,19.7161044915472,89.13932800292969,129.5801239013672
340.2128027634342,16.71516029600639,89.13932800292969,129.5801239013672
339.7840964497855,16.2864539823577,89.13932800292969,129.5801239013672
339.35539013613686,15.000335041411645,89.13932800292969,129.5801239013672
337.034938677044,14.901204133561151,91.11153411865234,132.44708251953125
338.3495129995585,13.586629811046663,91.11153411865234,132.44708251953125
338.7877044403967,14.901204133561151,91.11153411865234,132.44708251953125
337.4731301178822,13.586629811046663,91.11153411865234,132.44708251953125
337.9113215587204,15.777587015237486,91.11153411865234,132.44708251953125
337.4731301178822,16.215778456075654,91.11153411865234,132.44708251953125
337.034938677044,16.65396989691382,91.11153411865234,132.44708251953125
338.3495129995585,17.96854421942831,91.11153411865234,132.44708251953125
337.9113215587203,17.530352778590142,91.11153411865234,132.44708251953125
336.59674723620583,20.597692864457287,91.11153411865234,132.44708251953125
336.15855579536765,22.78865006864811,91.11153411865234,132.44708251953125
337.47313011788214,19.721309982780966,91.11153411865234,132.44708251953125
335.28217291369134,23.66503295032443,91.11153411865234,132.44708251953125
335.7203643545295,24.97960727283892,91.11153411865234,132.44708251953125
334.40579003201503,26.294181595353407,91.11153411865234,132.44708251953125
335.7203643545295,27.608755917867896,91.11153411865234,132.44708251953125
334.40579003201503,27.17056447702973,91.11153411865234,132.44708251953125
334.8439814728532,27.608755917867896,91.11153411865234,132.44708251953125
333.5294071503387,28.923330240382384,91.11153411865234,132.44708251953125
332.21483282782424,30.237904562896873,91.11153411865234,132.44708251953125
334.40579003201503,31.55247888541136,91.11153411865234,132.44708251953125
333.09121570950055,31.114287444573193,91.11153411865234,132.44708251953125
333.5294071503387,32.42886176708768,91.11153411865234,132.44708251953125
333.09121570950055,32.86705320792585,91.11153411865234,132.44708251953125
334.40579003201503,31.55247888541136,91.11153411865234,132.44708251953125
333.96759859117685,33.743436089602184,91.11153411865234,132.44708251953125
334.40579003201503,33.30524464876402,91.11153411865234,132.44708251953125
334.8439814728532,33.743436089602184,91.11153411865234,132.44708251953125
334.40579003201503,34.18162753044035,91.11153411865234,132.44708251953125
335.7203643545295,33.743436089602184,91.11153411865234,132.44708251953125
333.5294071503387,35.93439329379301,91.11153411865234,132.44708251953125
333.9675985911769,32.86705320792586,91.11153411865234,132.44708251953125
333.5294071503387,35.05801041211669,91.11153411865234,132.44708251953125
333.9675985911769,33.7434360896022,91.11153411865234,132.44708251953125
333.5294071503387,36.81077617546934,91.11153411865234,132.44708251953125
333.9675985911769,33.7434360896022,91.11153411865234,132.44708251953125
333.5294071503387,36.81077617546934,91.11153411865234,132.44708251953125
333.09121570950055,34.61981897127852,91.11153411865234,132.44708251953125
334.40579003201503,37.687159057145664,91.11153411865234,132.44708251953125
333.96759859117685,36.372584734631175,91.11153411865234,132.44708251953125
333.52940715033867,37.687159057145664,91.11153411865234,132.44708251953125
333.0912157095005,36.372584734631175,91.11153411865234,132.44708251953125
334.4850578581258,38.2071770053268,89.1685562133789,129.6226043701172
333.19851722899506,37.77833012894989,89.1685562133789,129.6226043701172
336.2004453636335,39.92256451083446,89.1685562133789,129.6226043701172
334.91390473450275,39.49371763445755,89.1685562133789,129.6226043701172
333.627364105372,39.064870758080644,89.1685562133789,129.6226043701172
333.1985172289951,40.351411387211385,89.1685562133789,129.6226043701172
336.20044536363355,38.20717700532681,89.1685562133789,129.6226043701172
334.9139047345028,38.63602388170372,89.1685562133789,129.6226043701172
336.20044536363355,39.92256451083446,89.1685562133789,129.6226043701172
335.77159848725665,39.49371763445755,89.1685562133789,129.6226043701172
335.34275161087976,39.064870758080644,89.1685562133789,129.6226043701172
338.3446797455182,40.351411387211385,89.1685562133789,129.6226043701172
337.05813911638745,39.922564510834476,89.1685562133789,129.6226043701172
338.3446797455182,39.49371763445757,89.1685562133789,129.6226043701172
337.9158328691413,39.06487075808066,89.1685562133789,129.6226043701172
340.0600672510259,40.3514113872114,89.1685562133789,129.6226043701172
340.4889141274028,38.20717700532683,89.1685562133789,129.6226043701172
340.9177610037797,37.77833012894992,89.1685562133789,129.6226043701172
343.9196891384181,39.06487075808066,89.1685562133789,129.6226043701172
342.63314850928737,37.77833012894992,89.1685562133789,129.6226043701172
346.4773445491597,37.92041300813689,87.26701354980469,126.85836029052734
346.05764296159225,39.17951777083918,87.26701354980469,126.85836029052734
347.31674772429454,37.08100983300203,87.26701354980469,126.85836029052734
352.69709209745633,38.838187357692874,85.40602111816406,124.15306854248047
349.82183282388144,39.248938682489296,85.40602111816406,124.15306854248047
351.8755894478635,38.016684708100044,85.40602111816406,124.15306854248047
353.10784342225276,38.427436032896466,85.40602111816406,124.15306854248047
354.340097396642,38.83818735769289,85.40602111816406,124.15306854248047
353.9293460718456,38.427436032896466,85.40602111816406,124.15306854248047
355.16160004623487,38.83818735769289,85.40602111816406,124.15306854248047
357.2153566702169,38.427436032896466,85.40602111816406,124.15306854248047
356.8046053454205,38.016684708100044,85.40602111816406,124.15306854248047
358.85836196940255,37.60593338330362,85.40602111816406,124.15306854248047
360.0906159437918,38.016684708100044,85.40602111816406,124.15306854248047
359.6798646189954,36.78443073371079,85.40602111816406,124.15306854248047
360.91211859338466,38.838187357692874,85.40602111816406,124.15306854248047
362.9658752173667,37.60593338330362,85.40602111816406,124.15306854248047
364.198129191756,37.1951820585072,85.40602111816406,124.15306854248047
365.43038316614525,35.96292808411795,85.40602111816406,124.15306854248047
363.3766265421632,36.37367940891437,85.40602111816406,124.15306854248047
366.2518858157381,36.78443073371079,85.40602111816406,124.15306854248047
368.30564243972015,37.195182058507214,85.40602111816406,124.15306854248047
366.2518858157381,35.96292808411796,85.40602111816406,124.15306854248047
369.94864773890583,36.373679408914384,85.40602111816406,124.15306854248047
367.8948911149238,35.96292808411796,85.40602111816406,124.15306854248047
371.5916530380915,35.55217675932154,85.40602111816406,124.15306854248047
370.35939906370226,35.96292808411796,85.40602111816406,124.15306854248047
373.23465833727715,35.55217675932154,85.40602111816406,124.15306854248047
372.82390701248073,36.78443073371079,85.40602111816406,124.15306854248047
373.23465833727715,35.55217675932154,85.40602111816406,124.15306854248047
374.4669123116664,35.96292808411796,85.40602111816406,124.15306854248047
279.34196278214455,63.99414494446576,87.2956314086914,126.89995574951172
275.56341000142675,64.4139841423233,87.2956314086914,126.89995574951172
279.34196278214455,63.99414494446576,87.2956314086914,126.89995574951172
276.4030883971418,64.4139841423233,87.2956314086914,126.89995574951172
280.1816411778596,63.15446654875069,87.2956314086914,126.89995574951172
280.60148037571713,61.89494895517808,87.2956314086914,126.89995574951172
283.5403547607199,62.31478815303562,87.2956314086914,126.89995574951172
283.9601939585774,60.21559216374794,87.2956314086914,126.89995574951172
281.8609979692897,58.95607457017533,87.2956314086914,126.89995574951172
283.9601939585774,58.53623537231779,87.2956314086914,126.89995574951172
284.38003315643493,55.59736098731503,87.2956314086914,126.89995574951172
283.9601939585774,52.658486602312266,87.2956314086914,126.89995574951172
284.38003315643493,51.398969008739655,87.2956314086914,126.89995574951172
284.79987235429246,52.658486602312266,87.2956314086914,126.89995574951172
286.05938994786504,49.7196122173095,87.2956314086914,126.89995574951172
283.96019395857735,49.29977301945196,87.2956314086914,126.89995574951172
285.21971155214993,47.20057703016428,87.2956314086914,126.89995574951172
288.1585859371527,46.78073783230674,87.2956314086914,126.89995574951172
286.8990683435801,45.52122023873413,87.2956314086914,126.89995574951172
289.83794272858285,44.26170264516152,87.2956314086914,126.89995574951172
291.93713871787054,42.16250665587384,87.2956314086914,126.89995574951172
290.67762112429796,41.7426674580163,87.2956314086914,126.89995574951172
293.6164955093007,43.00218505158891,87.2956314086914,126.89995574951172
290.67762112429796,42.58234585373137,87.2956314086914,126.89995574951172
293.6164955093007,43.00218505158891,87.2956314086914,126.89995574951172
290.67762112429796,42.58234585373137,87.2956314086914,126.89995574951172
292.77681711358565,42.16250665587383,87.2956314086914,126.89995574951172
291.51729952001307,41.742667458016285,87.2956314086914,126.89995574951172
293.61649550930076,43.841863447303965,87.2956314086914,126.89995574951172
290.677621124298,42.582345853731354,87.2956314086914,126.89995574951172
291.9371387178706,43.841863447303965,87.2956314086914,126.89995574951172
290.677621124298,43.42202424944642,87.2956314086914,126.89995574951172
292.7768171135857,43.00218505158888,87.2956314086914,126.89995574951172
290.677621124298,43.42202424944642,87.2956314086914,126.89995574951172
292.7768171135857,43.841863447303965,87.2956314086914,126.89995574951172
293.19665631144323,44.261702645161506,87.2956314086914,126.89995574951172
