889.0,131.0,80.0,118.0
882.4046,140.69913,80.0,118.0
872.70544,145.74268,80.0,118.0
862.2304,151.56215,80.0,118.0
854.0831,146.5186,80.0,118.0
838.1766,148.45842,80.0,118.0
826.14966,152.72603,80.0,118.0
811.9817,152.62819,81.77,120.61075
795.8546,149.23683,83.579155,123.27926
781.66833,149.64215,83.579155,123.27926
769.914,151.66876,83.579155,123.27926
749.22485,147.36134,85.428345,126.00681
733.8961,149.4328,85.428345,126.00681
718.5674,148.18993,85.428345,126.00681
702.41003,149.4328,85.428345,126.00681
687.0813,150.67567,85.428345,126.00681
673.4097,153.5757,85.428345,126.00681
660.5667,158.96147,85.428345,126.00681
642.75226,154.40428,85.428345,126.00681
629.0807,158.13289,85.428345,126.00681
622.86633,163.51866,85.428345,126.00681
603.3947,161.4472,85.428345,126.00681
584.75165,150.26137,85.428345,126.00681
574.3944,142.38985,85.428345,126.00681
558.1347,129.75735,83.60656,123.31968
546.9114,120.52066,81.82362,120.68985
535.40393,111.39406,81.82362,120.68985
520.722,105.441925,81.82362,120.68985
509.21454,100.28342,81.82362,120.68985
498.50067,95.12491,81.82362,120.68985
486.7517,88.37998,80.07871,118.116104
480.49368,82.52752,78.37101,115.597244
473.63644,80.46314,76.69972,113.132095
463.5935,84.55471,76.69972,113.132095
457.59952,83.25139,75.06408,110.71952
453.5952,89.439865,75.06408,110.71952
448.1348,98.54057,75.06408,110.71952
442.67438,106.91322,75.06408,110.71952
441.5823,113.1017,75.06408,110.71952
438.30606,120.018234,75.06408,110.71952
436.48593,126.20671,75.06408,110.71952
433.93774,132.39519,75.06408,110.71952
432.1176,137.8556,75.06408,110.71952
428.84137,143.31602,75.06408,110.71952
422.6529,151.68867,75.06408,110.71952
422.6529,151.68867,75.06408,110.71952
422.6529,151.68867,75.06408,110.71952
422.6529,151.68867,75.06408,110.71952
449.955,166.61383,75.06408,110.71952
457.59958,171.34619,75.06408,110.71952
465.0665,175.68459,73.46332,108.35839
471.6874,179.2437,71.89669,106.047615
476.2201,182.38171,71.89669,106.047615
480.05545,186.9144,71.89669,106.047615
487.37747,183.07906,71.89669,106.047615
499.58084,184.82239,71.89669,106.047615
512.7818,178.89575,70.36347,103.78612
521.3126,179.91946,70.36347,103.78612
532.5733,176.1659,70.36347,103.78612
541.5461,173.65465,68.86295,101.572845
551.2308,169.31323,68.86295,101.572845
563.231,172.00569,67.39443,99.40678
576.63116,167.75685,67.39443,99.40678
590.685,164.81535,67.39443,99.40678
602.12415,161.22018,67.39443,99.40678
616.83167,158.93234,67.39443,99.40678
628.5759,155.89702,65.95722,97.286896
643.15283,152.92642,64.55067,95.21223
658.02234,150.62263,63.174103,93.1818
665.0688,146.02713,63.174103,93.1818
681.3062,143.88257,63.174103,93.1818
692.6418,142.96347,63.174103,93.1818
704.5901,137.1425,63.174103,93.1818
716.5384,133.15973,63.174103,93.1818
721.1339,127.95149,63.174103,93.1818
726.9549,124.58145,63.174103,93.1818
733.3886,124.275085,63.174103,93.1818
736.18616,117.84071,64.57183,95.24345
744.64105,113.76982,64.57183,95.24345
748.7119,109.69893,64.57183,95.24345
750.90393,103.749176,64.57183,95.24345
754.3485,98.425705,64.57183,95.24345
759.672,93.102234,64.57183,95.24345
764.3692,87.15248,64.57183,95.24345
768.5282,74.72776,66.00048,97.35071
775.8899,77.60842,66.00048,97.35071
781.3311,63.84526,66.00048,97.35071
797.65485,50.0821,66.00048,97.35071
806.07117,55.130676,64.593,95.27467
807.0109,57.32341,64.593,95.27467
271.6352468330636,262.0838626408985,64.59300231933594,95.27467346191406
56.595596395301754,667.0199512136492,64.59300231933594,95.27467346191406
56.595596395301754,667.0199512136492,64.59300231933594,95.27467346191406
56.595596395301754,667.0199512136492,64.59300231933594,95.27467346191406
99.02530523199329,150.60508124333145,64.59300231933594,95.27467346191406
99.02530523199329,150.60508124333145,64.59300231933594,95.27467346191406
99.02530523199329,150.60508124333145,64.59300231933594,95.27467346191406
667.6383591484548,57.54334958901856,64.59300231933594,95.27467346191406
753.6973718649531,40.56463329025256,66.02212524414062,97.38262939453125
757.8596920259528,42.16552565986781,66.02212524414062,97.38262939453125
761.3816552391063,39.92427634240646,66.02212524414062,97.38262939453125
757.8596920259528,39.60409786848341,66.02212524414062,97.38262939453125
760.7239041947325,44.65432950346482,64.61418151855469,95.30591583251953
772.9445764842989,49.98128921942963,64.61418151855469,95.30591583251953
775.764731628045,52.80144436317569,64.61418151855469,95.30591583251953
776.704783342627,58.128404079140495,64.61418151855469,95.30591583251953
777.6448350572091,65.96216836732403,64.61418151855469,95.30591583251953
781.7183924870645,75.04933494161692,64.61418151855469,95.30591583251953
790.8055590613574,83.50980037285512,64.61418151855469,95.30591583251953
801.7728290648143,95.10377151936675,64.61418151855469,95.30591583251953
813.9935013543807,107.95114495198771,64.61418151855469,95.30591583251953
829.2086668754663,121.52637847110796,66.04376983642578,97.41455841064453
842.7667025251673,132.74361135732417,67.50498962402344,99.56985473632812
847.6772483899416,136.34467832482537,67.50498962402344,99.56985473632812
848.6593575628965,138.6362663950534,67.50498962402344,99.56985473632812
877.7952630272245,142.2373333625546,67.50498962402344,99.56985473632812
904.7046247556467,137.93488278007771,66.06542205810547,97.44649505615234
913.7468785257056,142.3708121555187,64.65655517578125,95.36841583251953
924.7213415285157,144.56570475608072,64.65655517578125,95.36841583251953
935.0686923597367,144.25214867028615,64.65655517578125,95.36841583251953
939.7720336466554,141.430143898135,64.65655517578125,95.36841583251953
936.9500288745041,137.3539147828055,64.65655517578125,95.36841583251953
930.365351072818,128.887900466352,64.65655517578125,95.36841583251953
919.3908880700079,116.03210094877443,64.65655517578125,95.36841583251953
910.2977615819652,103.80341360278601,64.65655517578125,95.36841583251953
894.9335133780311,92.20183842838674,64.65655517578125,95.36841583251953
877.0608164877403,77.46470239604173,64.65655517578125,95.36841583251953
856.0525587395039,62.727566363696724,64.65655517578125,95.36841583251953
841.942534878748,46.10909381658428,64.65655517578125,95.36841583251953
846.6458761656667,24.473723896758628,64.65655517578125,95.36841583251953
860.7559000264225,2.8383539769329857,64.65655517578125,95.36841583251953
856.0525587395039,-11.89878205541202,64.65655517578125,95.36841583251953
852.2086289033944,-20.250806752186868,63.277732849121094,93.33465576171875
849.0382256639067,-24.28383489285897,61.92831802368164,91.34426879882812
849.0382256639067,-24.28383489285897,61.92831802368164,91.34426879882812
576.7466778338554,704.3055763257622,61.92831802368164,91.34426879882812
576.7466778338554,704.3055763257622,61.92831802368164,91.34426879882812
163.18282209397668,105.8814898630473,61.92831802368164,91.34426879882812
163.18282209397668,105.8814898630473,61.92831802368164,91.34426879882812
163.18282209397668,105.8814898630473,61.92831802368164,91.34426879882812
163.18282209397668,105.8814898630473,61.92831802368164,91.34426879882812
163.18282209397668,105.8814898630473,61.92831802368164,91.34426879882812
163.18282209397668,105.8814898630473,61.92831802368164,91.34426879882812
163.18282209397668,105.8814898630473,61.92831802368164,91.34426879882812
163.18282209397668,105.8814898630473,61.92831802368164,91.34426879882812
67.73445253879147,280.5279932238295,61.92831802368164,91.34426879882812
431.933170576556,10.554757005535294,61.92831802368164,91.34426879882812
42.68514927488157,587.629134346502,61.92831802368164,91.34426879882812
42.68514927488157,587.629134346502,61.92831802368164,91.34426879882812
42.68514927488157,587.629134346502,61.92831802368164,91.34426879882812
42.68514927488157,587.629134346502,61.92831802368164,91.34426879882812
42.68514927488157,587.629134346502,61.92831802368164,91.34426879882812
-2.9570194199470663,600.8394611492384,61.92831802368164,91.34426879882812
-18.273611008619476,631.1723190013151,61.92831802368164,91.34426879882812
180.83225344794974,-35.650093368309825,61.92831802368164,91.34426879882812
180.83225344794974,-35.650093368309825,61.92831802368164,91.34426879882812
180.83225344794974,-35.650093368309825,61.92831802368164,91.34426879882812
601.9497774079819,689.5642423358624,61.92831802368164,91.34426879882812
367.5925906282858,-23.34092179949593,61.92831802368164,91.34426879882812
367.5925906282858,-23.34092179949593,61.92831802368164,91.34426879882812
-23.861916612155525,24.540579146381276,61.92831802368164,91.34426879882812
-23.861916612155525,24.540579146381276,61.92831802368164,91.34426879882812
-23.861916612155525,24.540579146381276,61.92831802368164,91.34426879882812
-23.861916612155525,24.540579146381276,61.92831802368164,91.34426879882812
-23.861916612155525,24.540579146381276,61.92831802368164,91.34426879882812
-23.861916612155525,24.540579146381276,61.92831802368164,91.34426879882812
-23.861916612155525,24.540579146381276,61.92831802368164,91.34426879882812
-23.861916612155525,24.540579146381276,61.92831802368164,91.34426879882812
-23.861916612155525,24.540579146381276,61.92831802368164,91.34426879882812
-23.861916612155525,24.540579146381276,61.92831802368164,91.34426879882812
-23.861916612155525,24.540579146381276,61.92831802368164,91.34426879882812
220.37809384709217,84.95709560877685,61.92831802368164,91.34426879882812
220.37809384709217,84.95709560877685,61.92831802368164,91.34426879882812
220.37809384709217,84.95709560877685,61.92831802368164,91.34426879882812
340.57337907307,-37.400573459263455,61.92831802368164,91.34426879882812
340.57337907307,-37.400573459263455,61.92831802368164,91.34426879882812
340.57337907307,-37.400573459263455,61.92831802368164,91.34426879882812
340.57337907307,-37.400573459263455,61.92831802368164,91.34426879882812
340.57337907307,-37.400573459263455,61.92831802368164,91.34426879882812
340.57337907307,-37.400573459263455,61.92831802368164,91.34426879882812
340.57337907307,-37.400573459263455,61.92831802368164,91.34426879882812
54.63438171377261,-10.702769830354981,61.92831802368164,91.34426879882812
205.07262510694457,69.79049523419391,61.92831802368164,91.34426879882812
205.07262510694457,69.79049523419391,61.92831802368164,91.34426879882812
7.914096968206927,61.145555271305625,61.92831802368164,91.34426879882812
380.2925368224285,-35.34006828146602,61.92831802368164,91.34426879882812
421.7782811919824,44.893422942077024,61.92831802368164,91.34426879882812
378.65576569901896,-42.373308680518704,61.92831802368164,91.34426879882812
17.604261292130765,25.21433773777602,61.92831802368164,91.34426879882812
674.3582573228455,-42.890997869941145,61.92831802368164,91.34426879882812
725.0969209989281,-20.20676107217344,60.6076774597168,89.39632415771484
731.692399559394,-17.837074008361576,59.31520080566406,87.48992156982422
738.7017396997386,-16.072433965641697,58.05028533935547,85.62417602539062
744.613629545748,-15.22787827335463,58.05028533935547,85.62417602539062
751.088556519949,-15.509396837450318,58.05028533935547,85.62417602539062
757.0004463659584,-15.790915401546009,58.05028533935547,85.62417602539062
762.9123362119678,-16.635471093833075,58.05028533935547,85.62417602539062
776.1437087244652,-15.790915401546009,58.05028533935547,85.62417602539062
765.1644847247334,-17.761545350215833,58.05028533935547,85.62417602539062
768.2611889297859,-16.916989657928767,58.05028533935547,85.62417602539062
773.0470045194127,-20.576730991172727,58.05028533935547,85.62417602539062
773.0470045194127,-20.576730991172727,58.05028533935547,85.62417602539062
169.43426332781803,20.63935970267613,58.05028533935547,85.62417602539062
21.025918985384685,185.1258027233802,58.05028533935547,85.62417602539062
21.025918985384685,185.1258027233802,58.05028533935547,85.62417602539062
21.025918985384685,185.1258027233802,58.05028533935547,85.62417602539062
21.025918985384685,185.1258027233802,58.05028533935547,85.62417602539062
21.025918985384685,185.1258027233802,58.05028533935547,85.62417602539062
115.73761153964591,-27.056227974377208,58.05028533935547,85.62417602539062
229.06874432231405,676.3642245720034,58.05028533935547,85.62417602539062
188.81158965663047,655.2503322648267,58.05028533935547,85.62417602539062
168.26073447764514,651.0275538033914,58.05028533935547,85.62417602539062
649.2904307281487,601.8932919211472,58.05028533935547,85.62417602539062
625.5742840219714,659.069102426818,59.33464813232422,87.51860809326172
638.3520904266306,651.2345617850935,60.64742660522461,89.4549560546875
226.76732245421425,572.131190040277,60.64742660522461,89.4549560546875
226.76732245421425,572.131190040277,60.64742660522461,89.4549560546875
-18.832374227074112,93.65549015324683,60.64742660522461,89.4549560546875
-18.832374227074112,93.65549015324683,60.64742660522461,89.4549560546875
-18.832374227074112,93.65549015324683,60.64742660522461,89.4549560546875
-6.185490790484742,62.1853383459198,60.64742660522461,89.4549560546875
-13.538329997804144,66.59704187031144,60.64742660522461,89.4549560546875
-13.538329997804144,66.59704187031144,60.64742660522461,89.4549560546875
249.86312166606598,546.0067234621004,60.64742660522461,89.4549560546875
352.8552848005389,734.0442176906489,60.64742660522461,89.4549560546875
318.3135192030817,651.5814855333897,61.98925018310547,91.43415069580078
288.5520569349476,652.4833480263635,61.98925018310547,91.43415069580078
-28.153644498121096,53.76700045967132,61.98925018310547,91.43415069580078
248.83401220742428,644.304465546546,61.98925018310547,91.43415069580078
248.83401220742428,644.304465546546,61.98925018310547,91.43415069580078
248.83401220742428,644.304465546546,61.98925018310547,91.43415069580078
278.5954744755584,649.4150196733973,61.98925018310547,91.43415069580078
278.5954744755584,649.4150196733973,61.98925018310547,91.43415069580078
278.5954744755584,649.4150196733973,61.98925018310547,91.43415069580078
278.5954744755584,649.4150196733973,61.98925018310547,91.43415069580078
278.5954744755584,649.4150196733973,61.98925018310547,91.43415069580078
208.52815709693422,25.44445701229867,61.98925018310547,91.43415069580078
185.11237480502155,6.252471260936318,61.98925018310547,91.43415069580078
185.11237480502155,6.252471260936318,61.98925018310547,91.43415069580078
155.0066620934404,614.5985698533876,61.98925018310547,91.43415069580078
187.17309100950456,647.9674820934168,61.98925018310547,91.43415069580078
187.17309100950456,647.9674820934168,61.98925018310547,91.43415069580078
15.870345212382375,443.32672447486993,61.98925018310547,91.43415069580078
-14.511082879708436,129.4610153152721,61.98925018310547,91.43415069580078
559.4795175877946,577.2240340646631,61.98925018310547,91.43415069580078
602.1470424937712,643.8935665337924,63.36076354980469,93.4571304321289
637.0060512373756,609.3576164934848,63.36076354980469,93.4571304321289
637.0060512373756,609.3576164934848,63.36076354980469,93.4571304321289
140.40879175164093,-15.210893338929054,63.36076354980469,93.4571304321289
135.1683100720602,-43.526667332580644,63.36076354980469,93.4571304321289
135.1683100720602,-43.526667332580644,63.36076354980469,93.4571304321289
176.03549496669257,-18.637629915548892,63.36076354980469,93.4571304321289
168.96823742852305,-17.715813714918088,63.36076354980469,93.4571304321289
160.6718916228458,-16.793997514287284,63.36076354980469,93.4571304321289
150.53191341590696,-12.799460644887127,63.36076354980469,93.4571304321289
142.85011174398358,-10.03401204299471,63.36076354980469,93.4571304321289
134.55376593830633,-6.65401930734842,63.36076354980469,93.4571304321289
123.18469946385972,-6.346747240471487,63.36076354980469,93.4571304321289
113.65926539067473,-5.424931039840679,63.36076354980469,93.4571304321289
105.36291958499748,5.3295913008520515,63.36076354980469,93.4571304321289
95.22294137805862,3.1786868327135025,63.36076354980469,93.4571304321289
86.92659557238137,7.787767835867527,63.36076354980469,93.4571304321289
76.78661736544251,17.92774604280639,63.36076354980469,93.4571304321289
70.66617855152556,22.313386425326854,64.76261901855469,95.52487182617188
595.5997236765675,699.2923514288885,64.76261901855469,95.52487182617188
582.0946938382342,651.2395708413306,64.76261901855469,95.52487182617188
577.3836369178854,650.9255003799741,64.76261901855469,95.52487182617188
24.330290691121384,92.52617552511254,64.76261901855469,95.52487182617188
30.297629456896544,68.97089092336847,64.76261901855469,95.52487182617188
24.958431613834556,65.516115848446,64.76261901855469,95.52487182617188
24.958431613834556,65.516115848446,64.76261901855469,95.52487182617188
301.48115627095734,-15.726894048301858,64.76261901855469,95.52487182617188
213.76327430095864,-14.502700944525813,66.19549560546875,97.63835906982422
204.4537154618497,-12.897604592955304,66.19549560546875,97.63835906982422
197.71231078525355,-11.292508241384795,66.19549560546875,97.63835906982422
192.897021730542,-9.045373349186079,66.19549560546875,97.63835906982422
188.7237712164587,-6.156199916359164,66.19549560546875,97.63835906982422
184.55052070237537,-3.909065024160448,66.19549560546875,97.63835906982422
180.37727018829204,-5.514161375730957,66.19549560546875,97.63835906982422
177.48809675546514,-0.05683378039122999,66.19549560546875,97.63835906982422
215.43364918288532,-41.57477333430427,66.19549560546875,97.63835906982422
168.24381644671234,-5.2995957888107625,66.19549560546875,97.63835906982422
162.7864888513726,1.4418088877853776,66.19549560546875,97.63835906982422
157.0583380965137,2.693087437074354,67.66007232666016,99.7986068725586
151.2034528668946,1.9294908473204444,69.15705108642578,102.00665283203125
147.51425618017788,3.606398432191675,69.15705108642578,102.00665283203125
140.83391569383173,0.738158326559649,70.68714904785156,104.2635498046875
137.0630955304214,1.766563825671554,70.68714904785156,104.2635498046875
132.6066717009365,3.4805729908580574,70.68714904785156,104.2635498046875
128.15024787145157,5.8801858221191665,70.68714904785156,104.2635498046875
125.06503137411585,2.794969324783459,70.68714904785156,104.2635498046875
119.23740021248173,5.194582156044568,70.68714904785156,104.2635498046875
115.69576364353813,7.958364036245982,69.17972564697266,102.04010009765625
111.3343743945133,8.293855516940198,69.17972564697266,102.04010009765625
108.51499666680749,10.998698439934138,67.7044448852539,99.86406707763672
101.6199191666555,11.983709511384419,67.7044448852539,99.86406707763672
96.03818976177055,12.312046535201176,67.7044448852539,99.86406707763672
91.11313440451913,12.640383559017934,67.7044448852539,99.86406707763672
85.53140499963419,12.968720582834692,67.7044448852539,99.86406707763672
77.97965345184869,15.26707974955201,67.7044448852539,99.86406707763672
70.42790190406319,19.53546105916992,67.7044448852539,99.86406707763672
62.21947630864416,32.3406049880236,67.7044448852539,99.86406707763672
53.354376665591616,46.459097012144326,67.7044448852539,99.86406707763672
43.175928927272025,61.23426308389858,67.7044448852539,99.86406707763672
32.997481188952435,76.66610320328635,67.7044448852539,99.86406707763672
21.50568535536579,99.9780318942764,67.7044448852539,99.86406707763672
9.357215474145626,123.94663463289996,67.7044448852539,99.86406707763672
-2.134580359441017,149.22858546679058,67.7044448852539,99.86406707763672
-7.716309764325956,176.48055844358174,67.7044448852539,99.86406707763672
471.26629220645395,35.44875187074564,67.7044448852539,99.86406707763672
532.1748995906139,102.81458620271667,69.20240783691406,102.07356262207031
527.5792951740128,128.49576093606285,70.73351287841797,104.33193969726562
520.7466726247868,156.88047348295595,72.29849243164062,106.6402816772461
512.3078228599614,181.52802744916502,73.8980941772461,108.99969482421875
505.498726170281,201.23857049824005,73.8980941772461,108.99969482421875
499.10404116774976,218.9951982983502,75.53308868408203,111.41131591796875
494.3421083571594,235.47881187347042,75.53308868408203,111.41131591796875
493.8865606778453,241.4670636508293,77.20426177978516,113.87628936767578
491.8671464215329,248.36469745380543,78.91240692138672,116.39580535888672
491.39122127861003,255.41494337210253,80.65834045410156,118.97106170654297
492.56469453938985,262.84694069037477,80.65834045410156,118.97106170654297
494.5131933315505,266.80656455895627,82.44290924072266,121.6032943725586
498.16402368673994,267.5353521937725,84.26696014404297,124.29376983642578
502.7435965640136,262.34450847339207,86.13136291503906,127.04376983642578
510.67988743321666,261.09140991509685,86.13136291503906,127.04376983642578
517.7807792635563,257.3321142402112,86.13136291503906,127.04376983642578
524.0462720550323,251.90202048759858,86.13136291503906,127.04376983642578
533.6533610019623,248.1427248127129,86.13136291503906,127.04376983642578
544.0958489877557,243.5480300989638,86.13136291503906,127.04376983642578
560.3861302455936,240.62413346294164,86.13136291503906,127.04376983642578
575.8410124645679,236.02943874919254,86.13136291503906,127.04376983642578
591.2958946835423,228.928546918853,86.13136291503906,127.04376983642578
610.0923730579706,224.33385220510388,86.13136291503906,127.04376983642578
626.3826543158084,216.39756133590083,86.13136291503906,127.04376983642578
642.3309936672018,217.1589553822596,88.03701782226562,129.8546142578125
658.1278151552709,221.85530771655044,88.03701782226562,129.8546142578125
673.5431061637422,225.2912574552717,89.9848403930664,132.72764587402344
683.8664423023907,228.80322643659935,91.97575378417969,135.66424560546875
692.5671052903784,233.31843559430683,94.0107192993164,138.6658172607422
701.4602717244221,237.93354551606507,96.09070587158203,141.73379516601562
712.1782251480212,246.78750703990772,96.09070587158203,141.73379516601562
718.3673150929717,256.3394515879854,98.21671295166016,144.86965942382812
728.6466978927523,262.14937465549053,100.38975524902344,148.0749053955078
734.0020093775734,264.583607148591,100.38975524902344,148.0749053955078
738.3836278651542,261.17568165825037,100.38975524902344,148.0749053955078
742.765246352735,267.5046861403116,100.38975524902344,148.0749053955078
745.1994788458354,264.096760649971,100.38975524902344,148.0749053955078
748.607404336176,255.8203701734294,100.38975524902344,148.0749053955078
744.2257858485953,232.93858473828504,100.38975524902344,148.0749053955078
744.7126323472154,215.89895728658178,100.38975524902344,148.0749053955078
748.120557837556,211.51733879900092,100.38975524902344,148.0749053955078
746.6600183416957,210.05679930314062,100.38975524902344,148.0749053955078
745.1994788458354,202.75410182383922,100.38975524902344,148.0749053955078
741.7915533554948,195.45140434453782,100.38975524902344,148.0749053955078
736.1350628037801,186.23677892753608,102.61087799072266,151.35105895996094
731.6565010071615,179.76774522130927,102.61087799072266,151.35105895996094
729.1684111201512,172.30347556027834,102.61087799072266,151.35105895996094
727.675557187945,164.83920589924742,102.61087799072266,151.35105895996094
724.9915893973435,156.45325939339256,104.88114166259766,154.69970703125
723.3036402778889,154.21419333057852,107.2016372680664,158.1224365234375
727.9825707599848,160.97264847138374,107.2016372680664,158.1224365234375
728.5024519246622,165.65157895347963,107.2016372680664,158.1224365234375
731.0921719824964,153.65419206362554,109.57347106933594,161.6208953857422
734.8418075415967,155.72543164019135,111.99778747558594,165.19676208496094
742.0554544320519,180.38282344805748,114.47573852539062,168.85174560546875
748.1621855838122,159.84200048304558,114.47573852539062,168.85174560546875
753.158601980707,147.07338080209223,114.47573852539062,168.85174560546875
761.4859626421983,136.5253906308699,114.47573852539062,168.85174560546875
768.7030085488241,130.4186594791096,114.47573852539062,168.85174560546875
774.8097397005844,127.64287259194583,114.47573852539062,168.85174560546875
783.1371003620757,123.75677094991656,114.47573852539062,168.85174560546875
790.3541462687015,123.20161357248381,114.47573852539062,168.85174560546875
798.6815069301928,132.63928898884063,114.47573852539062,168.85174560546875
818.1120151403392,128.75318734681136,114.47573852539062,168.85174560546875
830.8806348212925,127.08771521451311,114.47573852539062,168.85174560546875
850.3111430314389,128.75318734681136,114.47573852539062,168.85174560546875
865.3003922221233,124.86708570478208,114.47573852539062,168.85174560546875
882.5102709225387,114.31909553355976,114.47573852539062,168.85174560546875
896.3892053583576,98.21953158800989,114.47573852539062,168.85174560546875
911.378454549042,77.67870862299799,114.47573852539062,168.85174560546875
920.8161299653988,49.36568237392754,114.47573852539062,168.85174560546875
930.4932818285888,10.059336811431194,117.00851440429688,172.58758544921875
949.2188095640678,-15.475473736949226,117.00851440429688,172.58758544921875
969.6089913175965,-24.026909840371545,114.51327514648438,168.9071044921875
982.3817975289576,-31.246322046793026,114.51327514648438,168.9071044921875
1001.2666208965315,-39.615398122551206,112.07124328613281,165.30511474609375
1010.5060634451595,-47.767847430164046,112.07124328613281,165.30511474609375
1023.7496400317259,-45.48140676484288,109.68128967285156,161.77993774414062
1035.9834870332681,-48.14093872169987,109.68128967285156,161.77993774414062
1049.281146817553,-50.80047067855686,109.68128967285156,161.77993774414062
1061.2169394886755,-43.43597512435653,107.34230041503906,158.32992553710938
1074.2310226727413,-36.66865186864228,107.34230041503906,158.32992553710938
1087.2451058568072,-27.81907530347749,107.34230041503906,158.32992553710938
1099.2180623861477,-20.01062539303797,107.34230041503906,158.32992553710938
1108.2921936796645,-9.340208872753351,109.71724700927734,161.83297729492188
1118.671154981268,4.8784963521429745,112.14474487304688,165.4135284423828
1120.302714216711,-13.068655237729274,112.14474487304688,165.4135284423828
535.280558794248,52.60754108148083,112.14474487304688,165.4135284423828
390.07178683982704,30.309564863760755,112.14474487304688,165.4135284423828
377.56316603476455,35.20424257008955,112.14474487304688,165.4135284423828
369.4053698575499,39.01121411945638,112.14474487304688,165.4135284423828
363.42298599425914,41.730479511861276,112.14474487304688,165.4135284423828
359.6160144448923,44.44974490426617,112.14474487304688,165.4135284423828
357.9844552094494,46.08130413970912,112.14474487304688,165.4135284423828
360.7037206018543,50.97598184603791,112.14474487304688,165.4135284423828
365.56884958949877,55.360708706457814,109.75322723388672,161.8860321044922
370.3302307165539,59.65192949179155,107.41270446777344,158.4337615966797
375.01837341520564,60.172834236086175,107.41270446777344,158.4337615966797
381.7901350910359,58.61012000320227,107.41270446777344,158.4337615966797
390.6455157440447,61.214643724675454,107.41270446777344,158.4337615966797
402.334435478975,66.41850518376356,105.1220932006836,155.05511474609375
413.0401576471692,62.849931127698824,105.1220932006836,155.05511474609375
422.7262872279164,61.32054224652822,105.1220932006836,155.05511474609375
433.4320093961106,58.771560777910565,105.1220932006836,155.05511474609375
443.1181389768577,58.26176448418704,105.1220932006836,155.05511474609375
452.80426855760487,56.732375603016436,105.1220932006836,155.05511474609375
462.490398138352,58.26176448418704,105.1220932006836,155.05511474609375
471.15693513165206,56.732375603016436,105.1220932006836,155.05511474609375
479.8234721249521,57.24217189673996,105.1220932006836,155.05511474609375
488.49000911825215,55.71278301556936,105.1220932006836,155.05511474609375
498.17613869899924,55.20298672184583,105.1220932006836,155.05511474609375
506.8426756922993,55.71278301556936,105.1220932006836,155.05511474609375
515.5092126855993,56.22257930929288,105.1220932006836,155.05511474609375
524.1757496788994,54.69319042812228,105.1220932006836,155.05511474609375
533.8618792596465,55.202986721845804,105.1220932006836,155.05511474609375
543.5480088403935,53.6735978406752,105.1220932006836,155.05511474609375
552.4344540042956,50.37156299218336,107.44792175292969,158.48570251464844
560.4362793740531,46.9964652620653,109.82521057128906,161.99220275878906
568.6151453647204,44.65185030273952,112.25509643554688,165.57627868652344
576.974971020871,43.38496513697655,114.73873901367188,169.23965454101562
585.51975585128,38.626254753075784,117.27733612060547,172.9840850830078
596.3258893507068,42.607461831811946,117.27733612060547,172.9840850830078
605.9945351133517,45.451181173766344,117.27733612060547,172.9840850830078
613.5482292104484,41.76733062949347,119.87210083007812,176.8113555908203
616.4440347820395,42.82698774204874,122.5242691040039,180.7233123779297
608.3074276367048,37.74537898103017,125.23511505126953,184.72181701660156
596.7680506764846,44.42607090536822,125.23511505126953,184.72181701660156
582.7993311983232,49.892091570735715,125.23511505126953,184.72181701660156
555.5793815502553,49.73893616868051,128.0059356689453,188.8087921142578
525.1809763366895,48.29428874303363,130.83807373046875,192.98619079589844
492.7934075135405,50.767489106114,133.7328643798828,197.25601196289062
442.19473052020976,51.94967737055313,136.69171142578125,201.62030029296875
386.7870097198147,90.51877709708774,133.77671813964844,197.32069396972656
386.7870097198147,90.51877709708774,133.77671813964844,197.32069396972656
506.8073606176363,-4.848744967667741,133.77671813964844,197.32069396972656
497.07598081511026,3.585117527854848,133.77671813964844,197.32069396972656
544.7314351598934,6.113865920786225,136.7365264892578,201.68641662597656
632.925389508385,-1.1803709050288802,136.7365264892578,201.68641662597656
770.189664321451,-15.10573211794862,136.7365264892578,201.68641662597656
945.9144605797239,-23.72619382118465,136.7365264892578,201.68641662597656
1116.745735472981,-24.771403722067163,133.82057189941406,197.38539123535156
-32.50415107781371,454.16946411111553,133.82057189941406,197.38539123535156
243.94274535581195,64.6004620237282,133.82057189941406,197.38539123535156
417.2181001371663,175.57456564774162,133.82057189941406,197.38539123535156
444.689942756704,159.2515235149623,136.78135681152344,201.75254821777344
471.88646692240275,150.6282353648627,136.78135681152344,201.75254821777344
495.836896388083,135.32045772756922,139.80764770507812,206.21632385253906
502.02801698462554,121.08086110051727,142.90089416503906,210.7788543701172
506.91812798182366,109.40218901179097,146.0625762939453,215.4423370361328
514.856045371528,101.87454069828428,149.29420471191406,220.20899963378906
524.4719120239737,91.17569140804022,152.5973358154297,225.0811309814453
534.3005258141327,83.31126042510664,155.9735565185547,230.06105041503906
545.9161387948111,72.13375229727103,159.42446899414062,235.15115356445312
552.9759547211503,59.10468256303565,162.9517364501953,240.35386657714844
567.6620392038478,91.37308203603709,159.47674560546875,235.22824096679688
579.2629276895568,82.8657638131838,159.47674560546875,235.22824096679688
592.1449540354104,92.08286719393811,156.0758514404297,230.21192932128906
606.2113511523338,102.56249439120518,152.7474822998047,225.30259704589844
599.9862174314675,109.96270474708851,149.49009704589844,220.49795532226562
573.162633764837,110.68766646780824,149.49009704589844,220.49795532226562
541.989279773888,115.76239851284643,149.49009704589844,220.49795532226562
486.9330547215653,121.59676176042376,152.7975616455078,225.37648010253906
429.87593931468405,151.97782321084105,152.7975616455078,225.37648010253906
349.10677594650144,186.80489365400234,152.7975616455078,225.37648010253906
244.62556461701752,272.02006601492894,152.7975616455078,225.37648010253906
162.37439825125358,376.50127734441287,152.7975616455078,225.37648010253906
59.37518991935099,495.8025186497101,152.7975616455078,225.37648010253906
353.5095669914611,99.15437711500388,152.7975616455078,225.37648010253906
410.5666823983424,-48.30492114433869,152.7975616455078,225.37648010253906
425.76605701257307,-62.32882800350099,149.5391082763672,220.57025146484375
462.75122736299545,-73.20681928303698,149.5391082763672,220.57025146484375
119.46579121743017,130.2251003930225,149.5391082763672,220.57025146484375
-29.20008960289502,32.323178877198586,149.5391082763672,220.57025146484375
-30.10196919287685,36.65467260154176,152.84765625,225.4503631591797
-31.02380789178966,22.6250143157026,156.2294158935547,230.43844604492188
-31.781452381146686,11.260346975347204,156.2294158935547,230.43844604492188
-40.11554176407398,-4.650187301150353,156.2294158935547,230.43844604492188
-48.44963114700128,-20.56072157764791,156.2294158935547,230.43844604492188
-61.329587466070734,1.4109686137058617,156.2294158935547,230.43844604492188
-69.1571469394407,35.26922246691544,152.8977813720703,225.52427673339844
469.2393254533139,159.4999139774249,152.8977813720703,225.52427673339844
314.26843953851267,38.637452713728294,152.8977813720703,225.52427673339844
254.207952652872,63.10653996343376,152.8977813720703,225.52427673339844
171.90284099477185,99.43942709178427,152.8977813720703,225.52427673339844
73.28500450353471,135.77231422013477,152.8977813720703,225.52427673339844
-18.708663594401784,156.0441686861912,149.63719177246094,220.71490478515625
-18.708663594401784,156.0441686861912,149.63719177246094,220.71490478515625
-23.788388932501462,7.280783784700674,149.63719177246094,220.71490478515625
-24.514063980801417,8.006458833000622,149.63719177246094,220.71490478515625
71.83639821663189,504.99299709904653,149.63719177246094,220.71490478515625
71.83639821663189,504.99299709904653,149.63719177246094,220.71490478515625
18.34125387372825,35.86129107013792,149.63719177246094,220.71490478515625
18.34125387372825,35.86129107013792,149.63719177246094,220.71490478515625
-20.64305154844618,125.8275187103614,149.63719177246094,220.71490478515625
73.9696693079321,353.64303669132187,149.63719177246094,220.71490478515625
26.162027832159424,238.47389834171088,149.63719177246094,220.71490478515625
-19.105315107923857,240.12786132550076,146.44613647460938,216.00808715820312
251.0643443616836,6.158397068533844,146.44613647460938,216.00808715820312
356.8841159500858,195.781746156476,146.44613647460938,216.00808715820312
404.46750317440086,192.23074710988533,146.44613647460938,216.00808715820312
437.8468942123532,192.94094691920344,146.44613647460938,216.00808715820312
455.6018894453066,195.07154634715783,146.44613647460938,216.00808715820312
463.4140873478061,192.94094691920344,146.44613647460938,216.00808715820312
452.76109020803403,190.81034749124905,146.44613647460938,216.00808715820312
429.77288966343633,184.73659857806746,149.68626403808594,220.78726196289062
400.2509984626284,180.03473532106307,152.99807739257812,225.67218017578125
379.3135098712583,175.22884374576273,156.38316345214844,230.66517639160156
346.7027409370201,182.05435352269632,156.38316345214844,230.66517639160156
318.64231185407095,191.91342320048926,156.38316345214844,230.66517639160156
300.3889021709331,193.29583627259984,159.8431396484375,235.76864624023438
270.15729738769073,201.822699160181,159.8431396484375,235.76864624023438
301.8508642206963,362.7399058737043,159.8431396484375,235.76864624023438
-51.23512069876648,377.8627171187018,159.8431396484375,235.76864624023438
190.4742007159963,347.4827191285143,159.8431396484375,235.76864624023438
308.2995333268376,72.6815766816868,159.8431396484375,235.76864624023438
-25.429695102245823,282.48472941103427,159.8431396484375,235.76864624023438
-25.429695102245823,282.48472941103427,159.8431396484375,235.76864624023438
-25.429695102245823,282.48472941103427,159.8431396484375,235.76864624023438
397.33768252649844,159.0046084185641,159.8431396484375,235.76864624023438
264.783723092282,107.06826173966056,159.8431396484375,235.76864624023438
250.05550537736906,112.49444721357585,159.8431396484375,235.76864624023438
221.37423930095963,122.57164880798996,159.8431396484375,235.76864624023438
189.59229581088437,129.5481729887382,159.8431396484375,235.76864624023438
153.15933620031024,136.52469716948644,159.8431396484375,235.76864624023438
99.11558815877919,139.5461721548259,163.37966918945312,240.9850311279297
50.45237731021524,144.27856637007,166.99444580078125,246.3168182373047
-2.1878762528031643,149.94751675377967,166.99444580078125,246.3168182373047
-52.70602527919348,136.18175961574912,163.43324279785156,241.0640411376953
475.003403101589,116.85823415313095,163.43324279785156,241.0640411376953
475.003403101589,116.85823415313095,163.43324279785156,241.0640411376953
-60.09466945635893,-44.71966853311088,163.43324279785156,241.0640411376953
-16.949127114690313,497.0050042980132,163.43324279785156,241.0640411376953
-76.39260899963914,483.5311484040915,163.43324279785156,241.0640411376953
-85.11098634276496,485.90888767948945,163.43324279785156,241.0640411376953
284.122813873185,158.66473917809162,163.43324279785156,241.0640411376953
-50.665504817853474,244.9829972854596,163.43324279785156,241.0640411376953
448.99798137732614,570.6267606592854,163.43324279785156,241.0640411376953
370.53258528919366,538.13099056218,163.43324279785156,241.0640411376953
410.00970353560155,197.20848187673096,163.43324279785156,241.0640411376953
448.8461117004348,117.15792627166655,163.43324279785156,241.0640411376953
660.4649072108525,24.42609453114642,163.43324279785156,241.0640411376953
353.9196142792116,-23.37121895778381,163.43324279785156,241.0640411376953
310.1742544109427,38.92382856042582,167.04920959472656,246.3975830078125
466.5265624359972,23.531632433606973,167.04920959472656,246.3975830078125
585.6135535224378,-8.062875405652747,167.04920959472656,246.3975830078125
585.6135535224378,-8.062875405652747,167.04920959472656,246.3975830078125
128.0388250526475,169.4007407744914,167.04920959472656,246.3975830078125
-86.64180513719418,290.107963032176,167.04920959472656,246.3975830078125
471.40576012292365,322.8304075001927,167.04920959472656,246.3975830078125
160.7689580497176,440.74177294414403,167.04920959472656,246.3975830078125
105.54799768242785,147.46565592780985,167.04920959472656,246.3975830078125
344.509044387273,342.78327237294434,167.04920959472656,246.3975830078125
344.509044387273,342.78327237294434,167.04920959472656,246.3975830078125
-74.46660801460388,166.0802806157712,167.04920959472656,246.3975830078125
-74.46660801460388,166.0802806157712,167.04920959472656,246.3975830078125
-15.755119009622433,284.19554661396336,167.04920959472656,246.3975830078125
167.95031310004646,244.98187231887619,167.04920959472656,246.3975830078125
-45.517365984367586,321.0194821959415,167.04920959472656,246.3975830078125
-33.36563220003693,260.26081327428824,167.04920959472656,246.3975830078125
169.9665901994299,208.7330640745862,167.04920959472656,246.3975830078125
169.9665901994299,208.7330640745862,167.04920959472656,246.3975830078125
-35.17331017533277,296.4712533799997,163.48683166503906,241.14308166503906
-35.17331017533277,296.4712533799997,163.48683166503906,241.14308166503906
106.78115609112623,361.7027297448334,163.48683166503906,241.14308166503906
106.78115609112623,361.7027297448334,163.48683166503906,241.14308166503906
-8.180589787324408,378.35236190654,163.48683166503906,241.14308166503906
-16.9018256815517,371.2168052658086,163.48683166503906,241.14308166503906
-11.351948294316145,364.0812486250772,163.48683166503906,241.14308166503906
-8.973429414072342,352.1886542238582,163.48683166503906,241.14308166503906
-3.423552026836802,341.88173907613503,163.48683166503906,241.14308166503906
-1.0450331465929992,331.5748239284119,163.48683166503906,241.14308166503906
-3.423552026836802,319.6822295271929,163.48683166503906,241.14308166503906
-0.9161670445950563,310.7907159630002,160.00042724609375,236.00062561035156
4.515357535707878,300.70359888529475,160.00042724609375,236.00062561035156
17.706202945015008,304.58325929979685,160.00042724609375,236.00062561035156
24.68959169111878,299.1517347194939,160.00042724609375,236.00062561035156
37.88043710042591,285.96088931018676,160.00042724609375,236.00062561035156
49.51941834393219,277.42563639828217,160.00042724609375,236.00062561035156
62.7102637532393,268.8903834863776,160.00042724609375,236.00062561035156
77.45297332834727,260.355130574473,160.00042724609375,236.00062561035156
93.74754706925609,251.8198776625684,160.00042724609375,236.00062561035156
105.38652831276238,246.38835308226544,160.00042724609375,236.00062561035156
113.921781224667,240.9568285019625,160.00042724609375,236.00062561035156
119.39704277628871,232.71086582948806,163.54043579101562,241.22213745117188
124.96298384208418,231.46076643849727,160.05288696289062,236.0780029296875
127.2915433204862,224.4750880032912,160.05288696289062,236.0780029296875
129.6201027988882,217.48940956808514,160.05288696289062,236.0780029296875
125.73917033488485,208.95135814727774,160.05288696289062,236.0780029296875
131.17247578448956,201.96567971207168,160.05288696289062,236.0780029296875
128.84391630608755,193.42762829126428,160.05288696289062,236.0780029296875
132.72484877009092,186.44194985605822,160.05288696289062,236.0780029296875
131.94866227729025,176.3515254496495,160.05288696289062,236.0780029296875
132.72484877009092,167.8134740288421,160.05288696289062,236.0780029296875
128.84391630608755,157.7230496224334,160.05288696289062,236.0780029296875
135.8295947412936,163.15635507203808,160.05288696289062,236.0780029296875
133.25371714856757,148.46534236522996,163.59405517578125,241.3012237548828
132.46035752961367,138.15166731882942,163.59405517578125,241.3012237548828
134.84043638647535,129.42471151033666,163.59405517578125,241.3012237548828
132.2075647344474,116.05487820291876,167.2135772705078,246.6400146484375
136.26212823706362,108.75666389820958,167.2135772705078,246.6400146484375
133.57100620040748,96.77366811364433,170.91317749023438,252.096923828125
132.74215205638515,87.65627252939882,170.91317749023438,252.096923828125
136.88642277649674,81.8542935212426,170.91317749023438,252.096923828125
134.71433266929205,75.75446115453289,167.26840209960938,246.72088623046875
137.1478684085306,66.8314967773249,167.26840209960938,246.72088623046875
141.27696858423445,78.06264352752936,163.70135498046875,241.45948791503906
143.78764510816498,72.2202032901724,160.2103729248047,236.31028747558594
141.45679443886192,63.67375083606123,160.2103729248047,236.31028747558594
137.57204332335684,55.127298381950055,160.2103729248047,236.31028747558594
143.01069488506394,48.1347463740409,160.2103729248047,236.31028747558594
150.0032468929731,52.019497489545984,160.2103729248047,236.31028747558594
149.22629666987208,43.47304503543481,160.2103729248047,236.31028747558594
145.341545554367,38.034393473727704,160.2103729248047,236.31028747558594
150.7801971160741,38.811343696828715,160.2103729248047,236.31028747558594
145.341545554367,31.81879168891956,160.2103729248047,236.31028747558594
152.33409756227616,37.257443250626665,160.2103729248047,236.31028747558594
148.44934644677107,31.81879168891956,160.2103729248047,236.31028747558594
143.01069488506397,29.4879410196165,160.2103729248047,236.31028747558594
149.96103589139452,26.765558692485172,156.79383850097656,231.27090454101562
152.24218046811123,24.48441411576846,156.79383850097656,231.27090454101562
146.91950978910558,19.161743436762805,156.79383850097656,231.27090454101562
156.80446962154463,12.318309706612695,156.79383850097656,231.27090454101562
165.325580230415,5.815397009991884,160.26290893554688,236.3877716064453
173.87483486549573,0.37496224221324326,160.26290893554688,236.3877716064453
168.070173028311,-9.497225146262252,163.80873107910156,241.6178436279297
170.37899249034052,-22.884600937968713,167.43299865722656,246.96363830566406
159.82329486276623,-30.192391603212457,167.43299865722656,246.96363830566406
-55.350541391633016,9.594468685336835,167.43299865722656,246.96363830566406
-43.39109668329709,8.314613289327212,163.86244201660156,241.6970672607422
-45.77507995935231,13.87724093345608,163.86244201660156,241.6970672607422
-43.39109668329709,22.61851294565855,163.86244201660156,241.6970672607422
-41.007113407241874,31.359784957861024,163.86244201660156,241.6970672607422
-45.2932249379851,27.861549355653636,167.48789978027344,247.04461669921875
-44.61795530685745,31.02753087125356,171.19357299804688,252.51048278808594
-43.78774146249611,31.8577447156149,171.19357299804688,252.51048278808594
-49.9883051258237,26.48030049955193,174.98123168945312,258.0972900390625
-47.44255814882018,30.723212127891117,174.98123168945312,258.0972900390625
-50.258692292169314,30.509230524735386,178.85269165039062,263.80767822265625
-47.6566206632996,26.172444476619205,178.85269165039062,263.80767822265625
-48.73529895968267,29.553260732992356,182.809814453125,269.6444091796875
-51.67742321615753,25.65052704048236,186.85447692871094,275.61029052734375
-50.92407053521562,21.661448664738714,190.98863220214844,281.7081604003906
-49.99785934214288,26.292504630102428,190.98863220214844,281.7081604003906
-47.21922576292466,23.513871050884205,190.98863220214844,281.7081604003906
-46.29301456985192,26.292504630102428,190.98863220214844,281.7081604003906
-45.36680337677918,27.21871582317516,190.98863220214844,281.7081604003906
-44.44059218370644,33.70219417468434,190.98863220214844,281.7081604003906
-41.66195860448822,43.89051729848447,190.98863220214844,281.7081604003906
-44.73571094484025,41.735067368328686,195.21424865722656,287.9409484863281
-41.89560009768183,55.9356216041208,195.21424865722656,287.9409484863281
-40.94889648196236,70.13617583991291,195.21424865722656,287.9409484863281
-46.055072643115786,73.82626233833341,199.5333709716797,294.3116455078125
-45.08742320989852,90.27630270302697,199.5333709716797,294.3116455078125
-44.11977377668125,104.79104420128598,199.5333709716797,294.3116455078125
-47.33104648942542,112.57851450045621,203.9480438232422,300.82330322265625
-48.32010516635262,127.41439465436423,203.9480438232422,300.82330322265625
-51.60242572384037,127.16498944450325,208.46038818359375,307.47900390625
-50.59148412368616,140.30723024650803,208.46038818359375,307.47900390625
-53.6243089241488,149.40570464789596,208.46038818359375,307.47900390625
-54.63525052430301,158.5041790492839,208.46038818359375,307.47900390625
-53.6243089241488,163.55888705005498,208.46038818359375,307.47900390625
-52.61336732399459,170.6354782511345,208.46038818359375,307.47900390625
-55.64619212445723,169.62453665098025,208.46038818359375,307.47900390625
-54.63525052430302,176.70112785205976,208.46038818359375,307.47900390625
-62.185601383696756,165.9576752231273,213.07257080078125,314.281982421875
-61.15229270063913,164.92436654006968,213.07257080078125,314.281982421875
-60.118984017581504,172.15752732147308,213.07257080078125,314.281982421875
-69.41876216510013,162.85774917395446,213.07257080078125,314.281982421875
-64.27147455361288,151.87659925777967,217.78680419921875,321.2354736328125
-73.147246600746,162.42778649999826,213.14244079589844,314.3850402832031
-70.0463041586512,153.12495917371382,213.14244079589844,314.3850402832031
-81.41642644633217,164.49508146139482,213.14244079589844,314.3850402832031
567.1002316708756,133.99854307727196,213.14244079589844,314.3850402832031
582.6049438813496,271.473658010142,213.14244079589844,314.3850402832031
589.8404762462376,282.843780297823,213.14244079589844,314.3850402832031
599.143303572522,275.6082479329351,213.14244079589844,314.3850402832031
604.3115409760134,280.77648533642645,213.14244079589844,314.3850402832031
611.5470733409013,277.6755428943316,213.14244079589844,314.3850402832031
616.7153107443927,272.5073054908403,213.14244079589844,314.3850402832031
619.8162531864875,267.33906808734895,213.14244079589844,314.3850402832031
624.9844905899789,262.1708306838576,213.14244079589844,314.3850402832031
626.0181380706772,259.0698882417628,213.14244079589844,314.3850402832031
627.0517855513755,266.30542060665067,213.14244079589844,314.3850402832031
621.8835481478841,263.20447816455584,213.14244079589844,314.3850402832031
624.9844905899789,258.0362407610645,213.14244079589844,314.3850402832031
615.6816632636945,248.73341343478006,213.14244079589844,314.3850402832031
620.8499006671859,237.36329114709906,213.14244079589844,314.3850402832031
609.479778379505,225.99316885941806,213.14244079589844,314.3850402832031
612.5807208215998,235.2959961857025,213.14244079589844,314.3850402832031
607.4124834181084,246.6661184733835,213.14244079589844,314.3850402832031
614.6480157829964,258.0362407610645,213.14244079589844,314.3850402832031
605.345188456712,267.33906808734895,213.14244079589844,314.3850402832031
596.0423611304276,266.30542060665067,213.14244079589844,314.3850402832031
601.210598533919,271.473658010142,213.14244079589844,314.3850402832031
585.7058863234449,274.57460045223684,213.14244079589844,314.3850402832031
592.9414186883329,273.54095297153856,213.14244079589844,314.3850402832031
573.3021165550657,274.57460045223684,213.14244079589844,314.3850402832031
557.7974043445917,269.4063630487455,213.14244079589844,314.3850402832031
562.965641748083,278.70919037502995,213.14244079589844,314.3850402832031
547.460929537609,285.94472273991784,213.14244079589844,314.3850402832031
554.6964619024969,293.1802551048057,213.14244079589844,314.3850402832031
541.2590446534194,298.34849250829706,213.14244079589844,314.3850402832031
529.8889223657385,291.11296014340917,213.14244079589844,314.3850402832031
524.7206849622471,283.8774277785213,213.14244079589844,314.3850402832031
518.0267713379445,278.2630200746289,208.59710693359375,307.6806945800781
519.0383759747773,267.13536906946837,208.59710693359375,307.6806945800781
509.93393424328224,258.03092733797337,208.59710693359375,307.6806945800781
506.8991203327839,257.0193227011406,208.59710693359375,307.6806945800781
505.88751569595115,247.9148809696456,208.59710693359375,307.6806945800781
498.80628323812175,236.78722996448505,208.59710693359375,307.6806945800781
495.77146932762344,249.93809024331114,208.59710693359375,307.6806945800781
496.7830739644562,244.88006705914722,208.59710693359375,307.6806945800781
496.0821495107074,253.03595555302553,204.14871215820312,301.11932373046875
491.13199019444676,242.1456050572521,204.14871215820312,301.11932373046875
488.16189460469036,245.1157006470085,204.14871215820312,301.11932373046875
487.47591730947033,253.09766241915258,199.79518127441406,294.6978759765625
486.50699817390444,246.31522847019124,199.79518127441406,294.6978759765625
480.23226472154977,257.86256781854206,195.53448486328125,288.4133605957031
496.02691448254063,263.6797710861699,191.36465454101562,282.2628479003906
498.8110188364068,257.1835275938155,191.36465454101562,282.2628479003906
499.7390536210288,258.11156237843755,191.36465454101562,282.2628479003906
506.23529711338324,253.47138845532726,191.36465454101562,282.2628479003906
501.59512319027294,252.5433536707052,191.36465454101562,282.2628479003906
497.37413472937453,263.6034499710176,187.28375244140625,276.2434997558594
509.1813088524233,264.51169413432905,187.28375244140625,276.2434997558594
517.3061618923778,271.8342547861241,183.2898712158203,270.3525390625
523.5282909731069,263.8343745394723,183.2898712158203,270.3525390625
529.7663820548375,271.0007874595819,179.38116455078125,264.5871887207031
527.4866778830007,281.3682793219157,175.55580139160156,258.9447937011719
535.1489965112395,268.59774827485086,175.55580139160156,258.9447937011719
539.4058401935944,255.82721722778604,175.55580139160156,258.9447937011719
545.3654213488912,249.86763607248912,175.55580139160156,258.9447937011719
549.6222650312461,240.50257997130825,175.55580139160156,258.9447937011719
557.2383268457925,235.8782523526756,171.81202697753906,253.42271423339844
561.4043920544393,230.04576106056993,171.81202697753906,253.42271423339844
563.9040311796274,234.21182626921683,171.81202697753906,253.42271423339844
566.4036703048155,226.71290889365247,171.81202697753906,253.42271423339844
572.2361615969211,219.2139915180881,171.81202697753906,253.42271423339844
576.4022268055679,208.38222197560623,171.81202697753906,253.42271423339844
577.2354398472972,200.88330460004187,171.81202697753906,253.42271423339844
584.7343572228616,193.3843872244775,171.81202697753906,253.42271423339844
575.5690137638385,195.88402634966565,171.81202697753906,253.42271423339844
578.0686528890266,183.385830723725,171.81202697753906,253.42271423339844
572.236161596921,170.88763509778437,171.81202697753906,253.42271423339844
567.7421130919406,129.1835115269855,175.61337280273438,259.0296936035156
565.1871694511077,113.00220180171038,175.61337280273438,259.0296936035156
560.9289300497195,100.22748359754581,175.61337280273438,259.0296936035156
554.5682805355253,87.64254313067414,179.4988250732422,264.7607116699219
544.4543721402182,71.16662402781841,183.47023010253906,270.6185302734375
528.5779945495171,58.01863656075088,187.52951049804688,276.60595703125
489.70539694536023,48.35390643156677,191.67860412597656,282.7258605957031
471.18988681474855,50.0483293079013,195.91949462890625,288.9811706542969
462.1222554853001,43.894215842629876,200.25421142578125,295.3748779296875
460.9145094093208,41.63420078471694,204.68482971191406,301.9100341796875
455.9513508553623,38.65630565234187,204.68482971191406,301.9100341796875
448.5377458527007,28.107443585139123,209.21348571777344,308.58978271484375
451.48652799862975,27.851593854141868,213.8423309326172,315.4173278808594
442.1531538440911,26.81455228141533,213.8423309326172,315.4173278808594
447.3190371625018,33.00862437788206,218.57359313964844,322.39593505859375
435.0034480401299,28.34239097821748,223.40953063964844,329.5289306640625
605.2521032749221,-32.36642045305359,223.40953063964844,329.5289306640625
725.5137557263579,44.557699583450415,223.40953063964844,329.5289306640625
558.5162536132309,-45.460549010556974,223.40953063964844,329.5289306640625
743.764017799831,68.92109566596832,228.3524627685547,336.81976318359375
51.29797964120411,18.573251753657104,228.3524627685547,336.81976318359375
-28.206961028968067,43.57060840621813,233.40475463867188,344.27191162109375
-31.96335737953615,45.633893564820255,238.56883239746094,351.888916015625
-35.43422040668776,39.84912185290091,238.56883239746094,351.888916015625
-32.07168754121595,39.55736575431288,243.84716796875,359.6744689941406
-38.449936050021506,22.08259444793731,249.24227905273438,367.63226318359375
-32.42887698178873,24.285883230282707,254.7567596435547,375.76611328125
-46.78321807780959,6.029304015538884,260.39324951171875,384.0799255371094
-42.99483822575442,9.817683867594042,260.39324951171875,384.0799255371094
-52.426178362185766,-8.842830594664292,266.1544494628906,392.57769775390625
-43.39105026419469,-2.3891676675278006,266.1544494628906,392.57769775390625
-49.84471319133118,-8.842830594664292,266.1544494628906,392.57769775390625
-49.84471319133118,-8.842830594664292,266.1544494628906,392.57769775390625
509.8372030768179,234.99112641744887,266.1544494628906,392.57769775390625
451.71520854042615,203.09873109144263,260.4786376953125,384.20587158203125
529.535319322204,238.92074750243228,260.4786376953125,384.20587158203125
529.535319322204,238.92074750243228,260.4786376953125,384.20587158203125
21.765420030608226,323.7922490302159,260.4786376953125,384.20587158203125
195.07206020454714,396.92094141225914,260.4786376953125,384.20587158203125
265.79268176478394,508.76725508078584,260.4786376953125,384.20587158203125
560.247677556715,36.33274038587024,260.4786376953125,384.20587158203125
576.7191425569316,313.75996859271356,260.4786376953125,384.20587158203125
15.491209824638617,281.8506254282352,260.4786376953125,384.20587158203125
244.52788879837232,107.3072924302682,260.4786376953125,384.20587158203125
527.8126527469512,231.5735526923806,260.4786376953125,384.20587158203125
527.8126527469512,231.5735526923806,260.4786376953125,384.20587158203125
527.8126527469512,231.5735526923806,260.4786376953125,384.20587158203125
527.8126527469512,231.5735526923806,260.4786376953125,384.20587158203125
168.2288673396169,357.1348922269474,260.4786376953125,384.20587158203125
413.1264740283551,-65.39094886822704,260.4786376953125,384.20587158203125
-64.53468004678894,553.1801703826806,260.4786376953125,384.20587158203125
-79.82543006700608,139.39738524232803,260.4786376953125,384.20587158203125
127.5087984846059,449.7084914067168,260.4786376953125,384.20587158203125
-39.7878331537119,598.7458471626451,260.4786376953125,384.20587158203125
165.16569407030238,324.9369053446851,260.4786376953125,384.20587158203125
165.16569407030238,324.9369053446851,260.4786376953125,384.20587158203125
374.5522397301855,263.4125848389808,260.4786376953125,384.20587158203125
374.5522397301855,263.4125848389808,260.4786376953125,384.20587158203125
562.9377539897371,141.90553941915016,260.4786376953125,384.20587158203125
562.9377539897371,141.90553941915016,260.4786376953125,384.20587158203125
562.9377539897371,141.90553941915016,260.4786376953125,384.20587158203125
562.9377539897371,141.90553941915016,260.4786376953125,384.20587158203125
271.05998733771753,-176.90305317418628,260.4786376953125,384.20587158203125
-20.740904568233248,-69.53043061139056,260.4786376953125,384.20587158203125
-33.791655008599946,-54.475838387576005,254.92385864257812,376.0125732421875
-44.18092333803605,-58.80763815434608,249.48753356933594,367.9939880371094
-49.68393737382526,-67.71175150174139,244.16712951660156,360.1463928222656
-50.868041017984126,-61.79123328094707,244.16712951660156,360.1463928222656
-50.868041017984126,-61.79123328094707,244.16712951660156,360.1463928222656
73.11246821130277,155.493059459007,244.16712951660156,360.1463928222656
24.38500154155662,65.48370123537208,244.16712951660156,360.1463928222656
24.38500154155662,65.48370123537208,244.16712951660156,360.1463928222656
47.2900659670168,43.44164033128547,244.16712951660156,360.1463928222656
264.7218845467028,3.110016126247615,244.16712951660156,360.1463928222656
264.7218845467028,3.110016126247615,244.16712951660156,360.1463928222656
58.365195502107895,0.3174608625233759,244.16712951660156,360.1463928222656
58.365195502107895,0.3174608625233759,244.16712951660156,360.1463928222656
58.365195502107895,0.3174608625233759,244.16712951660156,360.1463928222656
-86.4596196146318,100.83732468600357,244.16712951660156,360.1463928222656
-86.4596196146318,100.83732468600357,244.16712951660156,360.1463928222656
-86.4596196146318,100.83732468600357,244.16712951660156,360.1463928222656
-86.4596196146318,100.83732468600357,244.16712951660156,360.1463928222656
-113.6959127443341,-151.01115838016088,244.16712951660156,360.1463928222656
-113.6959127443341,-151.01115838016088,244.16712951660156,360.1463928222656
-113.6959127443341,-151.01115838016088,244.16712951660156,360.1463928222656
-113.6959127443341,-151.01115838016088,244.16712951660156,360.1463928222656
-113.6959127443341,-151.01115838016088,244.16712951660156,360.1463928222656
-113.6959127443341,-151.01115838016088,244.16712951660156,360.1463928222656
-113.6959127443341,-151.01115838016088,244.16712951660156,360.1463928222656
-113.6959127443341,-151.01115838016088,244.16712951660156,360.1463928222656
-66.5815589225006,-100.37754656423397,238.96018981933594,352.4661560058594
-77.01122941810567,-85.3124669594711,238.96018981933594,352.4661560058594
-82.28204102627306,-67.03368381697328,233.86428833007812,344.94970703125
-69.80650758860506,-59.09470799300273,233.86428833007812,344.94970703125
-84.55031983312179,-51.15573216903218,233.86428833007812,344.94970703125
-70.03209509401384,-63.874843035970926,228.87705993652344,337.5935363769531
-70.03209509401384,-63.874843035970926,228.87705993652344,337.5935363769531
539.5584002383408,-90.62787256787607,228.87705993652344,337.5935363769531
178.0460094197204,-15.425217740357965,228.87705993652344,337.5935363769531
-59.21181792751926,-112.62190097794024,228.87705993652344,337.5935363769531
230.32124147060642,-144.67668393361356,228.87705993652344,337.5935363769531
176.0604377571217,-84.37580301065616,223.99618530273438,330.3942565917969
159.76618607470056,-68.08155132823501,223.99618530273438,330.3942565917969
136.95423371931096,-71.34040166471924,223.99618530273438,330.3942565917969
121.54328010342596,-64.67646817462855,219.2194061279297,323.3485107421875
103.47027199838806,-59.360877555499755,219.2194061279297,323.3485107421875
85.39726389335016,-54.04528693637096,219.2194061279297,323.3485107421875
77.95543702656985,-40.224751326636095,219.2194061279297,323.3485107421875
66.26113766448651,-32.78292445985579,219.2194061279297,323.3485107421875
69.35094543915685,-26.433100604609336,224.06964111328125,330.5025939941406
63.49001225080562,-24.45234658056694,229.0271759033203,337.8149719238281
59.80406506799787,-22.427762033715737,234.0944061279297,345.28912353515625
70.02136314806185,-23.563017375945066,234.0944061279297,345.28912353515625
82.50917191258449,-38.32133682492639,234.0944061279297,345.28912353515625
92.72646999264848,-46.26812422053172,234.0944061279297,345.28912353515625
102.94376807271246,-61.02644366951303,234.0944061279297,345.28912353515625
115.2878294545936,-67.19274015881604,229.10227966308594,337.92572021484375
125.2872405756008,-70.52587719915176,229.10227966308594,337.92572021484375
133.0845181643602,-74.41890908513368,224.2165985107422,330.7193603515625
147.00381207240423,-65.65230512591089,219.43511962890625,323.6666564941406
156.52347480766525,-67.32966584606103,214.75559997558594,316.7643737792969
171.8630899817905,-62.94829058307994,210.17587280273438,310.00927734375
175.08654557432732,-58.660343718570445,205.6938018798828,303.3982238769531
209.03367654246233,-56.84202210879502,210.24478149414062,310.11090087890625
208.0140814647366,-51.744046720166224,210.24478149414062,310.11090087890625
225.3471977860745,-44.60688117608592,210.24478149414062,310.11090087890625
208.0140814647366,-41.548095942908645,210.24478149414062,310.11090087890625
186.60258483249567,-58.88121226424654,210.24478149414062,310.11090087890625
166.24128111320135,-76.21218927223761,205.76124572753906,303.4976806640625
166.24128111320135,-76.21218927223761,205.76124572753906,303.4976806640625
531.6722326545005,95.11029528745578,205.76124572753906,303.4976806640625
311.41877569949503,671.31083635204,205.76124572753906,303.4976806640625
311.41877569949503,671.31083635204,205.76124572753906,303.4976806640625
537.9311582675864,460.76408427332956,205.76124572753906,303.4976806640625
518.0040660722386,459.1912434115055,201.37332153320312,297.0255126953125
507.261769527678,448.4489468669449,201.37332153320312,297.0255126953125
527.2931582346393,467.6176990634799,197.0789794921875,290.69134521484375
380.638763258147,212.8754129714206,197.0789794921875,290.69134521484375
113.70479371112293,-17.413833569322406,201.43934631347656,297.1228942871094
89.28247850380856,-4.714229661518942,201.43934631347656,297.1228942871094
79.95937186381812,-0.9064733633253752,205.8961944580078,303.6967468261719
39.02061121652514,8.080083851934063,205.8961944580078,303.6967468261719
-1.9181494307678406,-44.84075308237148,205.8961944580078,303.6967468261719
-12.234157965754378,-65.66294227694445,201.50540161132812,297.2203369140625
-12.234157965754378,-65.66294227694445,201.50540161132812,297.2203369140625
36.11288821091361,-141.78064675019652,201.50540161132812,297.2203369140625
142.62909522953754,-39.173291365283575,201.50540161132812,297.2203369140625
463.2049773500811,-81.32859643537228,201.50540161132812,297.2203369140625
510.1019162301717,5.38087796555277,201.50540161132812,297.2203369140625
468.0817611677787,-32.730425463129194,201.50540161132812,297.2203369140625
463.6370999067624,-15.432887128627016,197.20823669433594,290.88201904296875
464.5934734555767,-3.0000309940413388,197.20823669433594,290.88201904296875
461.72435280913385,9.432825140544338,197.20823669433594,290.88201904296875
474.1572089437195,21.865681275130015,197.20823669433594,290.88201904296875
491.9306683717624,35.10712316592594,193.00271606445312,284.6788635253906
503.91221921025954,39.0447021173305,188.88687133789062,278.6080017089844
513.8724424762365,41.13249577788167,184.85879516601562,272.6665954589844
523.620257458609,51.81657479834007,180.9166259765625,266.8518981933594
529.761822272108,61.467605219552894,180.9166259765625,266.8518981933594
532.5365308956665,75.30646411536318,177.0585174560547,261.16119384765625
535.2520679898997,83.88447578915634,173.28268432617188,255.59185791015625
534.4117227949699,88.08620176380506,173.28268432617188,255.59185791015625
531.8906872101807,93.96861812831327,173.28268432617188,255.59185791015625
534.5483147324021,100.74376288053375,169.58737182617188,250.1412811279297
538.7346603322704,108.95981928022644,165.9708709716797,244.80694580078125
536.3200019463692,106.54516089432516,165.9708709716797,244.80694580078125
535.5151158177355,110.56959153749395,165.9708709716797,244.80694580078125
536.3200019463692,108.15493315159267,165.9708709716797,244.80694580078125
538.7346603322704,112.17936379476146,165.9708709716797,244.80694580078125
544.3688632327068,119.42333895246526,165.9708709716797,244.80694580078125
553.222610647678,115.39890830929647,165.9708709716797,244.80694580078125
560.4665858053818,109.76470540886018,165.9708709716797,244.80694580078125
566.1007887058181,100.91095799388887,165.9708709716797,244.80694580078125
566.9056748344518,104.93538863705766,165.9708709716797,244.80694580078125
567.7105609630855,99.30118573662136,165.9708709716797,244.80694580078125
563.6861303199167,90.44743832165005,165.9708709716797,244.80694580078125
558.0519274194804,78.37414639214373,165.9708709716797,244.80694580078125
552.4177245190441,63.08130994810239,165.9708709716797,244.80694580078125
543.5639771040728,47.788473504061045,165.9708709716797,244.80694580078125
547.5884077472416,35.71518157455472,165.9708709716797,244.80694580078125
546.7835216186079,28.47120641685092,165.9708709716797,244.80694580078125
542.7590909754391,19.61745900187961,165.9708709716797,244.80694580078125
543.7529885838002,-3.373447815271959,162.43148803710938,239.58636474609375
553.8366854696459,-16.7630675958318,158.96759033203125,234.47711181640625
565.1914620943342,-28.381035848906876,155.5775604248047,229.47682189941406
571.9408174695128,-36.84239472694043,152.25982666015625,224.58316040039062
571.9408174695128,-36.84239472694043,152.25982666015625,224.58316040039062
389.300571695367,329.35130056814137,152.25982666015625,224.58316040039062
389.300571695367,329.35130056814137,152.25982666015625,224.58316040039062
389.300571695367,329.35130056814137,152.25982666015625,224.58316040039062
352.4040233432658,127.58924914770449,152.25982666015625,224.58316040039062
352.4040233432658,127.58924914770449,152.25982666015625,224.58316040039062
347.81724070604463,389.3755355312344,152.25982666015625,224.58316040039062
556.4293264564459,25.399612040824337,152.25982666015625,224.58316040039062
598.5177580201073,32.0451538666656,152.25982666015625,224.58316040039062
616.9775964252219,43.121056909734364,152.25982666015625,224.58316040039062
632.4838606855182,51.243385807984794,152.25982666015625,224.58316040039062
637.6526154389502,37.21390862009767,152.25982666015625,224.58316040039062
633.9606477579273,23.184431432210545,152.25982666015625,224.58316040039062
627.315105932086,15.062102533960115,152.25982666015625,224.58316040039062
638.3910089751548,6.939773635709685,152.25982666015625,224.58316040039062
643.5597637285869,4.724593027095935,152.25982666015625,224.58316040039062
657.2822391624212,16.37140631912854,149.01283264160156,219.79385375976562
669.3190234487711,23.590679558194694,145.8350830078125,215.106689453125
681.0991131482164,32.01935196917046,142.72511291503906,210.51947021484375
691.4814287853156,39.6330501030433,142.72511291503906,210.51947021484375
701.8637444224149,45.8624394853029,142.72511291503906,210.51947021484375
710.861751307901,54.86044637078899,142.72511291503906,210.51947021484375
719.8597581933872,65.24276200788833,142.72511291503906,210.51947021484375
727.47345632726,75.62507764498767,142.72511291503906,210.51947021484375
733.7028457095196,86.00739328208701,142.72511291503906,210.51947021484375
738.547926340166,99.15832642241284,142.72511291503906,210.51947021484375
742.0086982191991,115.07787706596517,142.72511291503906,210.51947021484375
745.4694700982323,129.61311895790425,142.72511291503906,210.51947021484375
748.9302419772654,142.76405209823008,142.72511291503906,210.51947021484375
752.3910138562985,154.53067648694264,142.72511291503906,210.51947021484375
754.4674769837184,162.14437462081548,142.72511291503906,210.51947021484375
751.0067051046852,168.3737640030751,142.72511291503906,210.51947021484375
744.7773157224257,160.76006586920226,142.72511291503906,210.51947021484375
735.7793088369395,158.6836027417824,142.72511291503906,210.51947021484375
723.2912648316196,153.58979608716356,139.68145751953125,206.0300750732422
711.0695301158727,148.6046107948611,136.7027130126953,201.6364288330078
702.451201634701,151.91935251838865,136.7027130126953,201.6364288330078
695.6019900862307,144.484535810944,133.78749084472656,197.3364715576172
686.3974027598207,130.9546749212039,130.93443298339844,193.12820434570312
674.9410136170934,117.71333757448616,128.1422119140625,189.0096893310547
661.3330453794366,104.75437522672192,125.40953826904297,184.97900390625
649.7775987790819,90.7662030262926,125.40953826904297,184.97900390625
634.5730637786153,77.99439362590061,125.40953826904297,184.97900390625
621.8012543782233,64.0062214254713,125.40953826904297,184.97900390625
610.2458077778687,48.80168642500465,125.40953826904297,184.97900390625
599.9067239775513,34.81351422457533,125.40953826904297,184.97900390625
588.3512773771967,20.82534202414601,125.40953826904297,184.97900390625
582.8776447770286,12.91898382390336,125.40953826904297,184.97900390625
578.620374976898,7.445351223735372,125.40953826904297,184.97900390625
570.7140167766554,15.351709423978022,125.40953826904297,184.97900390625
561.5912957763754,26.907156024332664,125.40953826904297,184.97900390625
562.1994771763941,51.84259342509796,125.40953826904297,184.97900390625
555.5094817761887,86.5089332261619,125.40953826904297,184.97900390625
553.6849375761327,116.30982182707652,125.40953826904297,184.97900390625
544.5622165758527,90.1580216262739,125.40953826904297,184.97900390625
535.4394955755728,64.00622142547127,125.40953826904297,184.97900390625
533.6149513755167,46.36896082492996,125.40953826904297,184.97900390625
528.1413187753487,43.328053824836616,125.40953826904297,184.97900390625
539.6967653757034,35.421695624593966,125.40953826904297,184.97900390625
533.0067699754981,31.164425824463308,125.40953826904297,184.97900390625
523.8840489752181,41.503509624780634,125.40953826904297,184.97900390625
512.3286023748634,72.52076102573258,125.40953826904297,184.97900390625
505.63860697465805,103.53801242668453,125.40953826904297,184.97900390625
502.59769997456476,123.6079986273005,125.40953826904297,184.97900390625
505.63860697465805,136.3798080276925,125.40953826904297,184.97900390625
505.03042557463937,147.93525462804715,125.40953826904297,184.97900390625
509.28769537477,154.62525002825248,125.40953826904297,184.97900390625
513.5449651749007,149.15161742808448,125.40953826904297,184.97900390625
519.0185977750687,141.2452592278418,125.40953826904297,184.97900390625
522.0481746470499,127.21015006698559,128.18421936035156,189.07167053222656
526.4346765810001,108.9948235143462,131.02029418945312,193.2548828125
533.423979134944,90.56848041758477,131.02029418945312,193.2548828125
540.413281688888,74.6837018858939,131.02029418945312,193.2548828125
543.5784003674809,62.657548831947565,133.9191131591797,197.5306396484375
536.032685280629,53.06052951219945,136.882080078125,201.9010009765625
532.4522916915384,61.157672628550614,139.9105987548828,206.36805725097656
530.20058252477,77.88135614204236,143.00611877441406,210.93394470214844
529.507065385395,106.31555885641748,143.00611877441406,210.93394470214844
537.13575391852,133.3627272920426,143.00611877441406,210.93394470214844
535.055202500395,146.53955294016765,143.00611877441406,210.93394470214844
549.61906242727,155.5552757520427,143.00611877441406,210.93394470214844
553.0866481241451,164.57099856391773,143.00611877441406,210.93394470214844
552.3931309847701,162.4904471457927,143.00611877441406,210.93394470214844
557.2477509603951,153.47472433391766,143.00611877441406,210.93394470214844
557.9412680997701,141.6849329645426,143.00611877441406,210.93394470214844
551.6996138453951,131.28217587391757,143.00611877441406,210.93394470214844
553.7801652635201,125.04052161954255,143.00611877441406,210.93394470214844
558.6347852391451,129.89514159516756,143.00611877441406,210.93394470214844
563.4894052147702,140.2978986857926,143.00611877441406,210.93394470214844
571.1180937478952,156.24879289141768,143.00611877441406,210.93394470214844
581.5208508385202,180.52189276954277,143.00611877441406,210.93394470214844
590.5365736503952,208.95609548391786,143.00611877441406,210.93394470214844
594.0041593472703,222.1329211320429,143.00611877441406,210.93394470214844
597.4717450441453,232.5356782226679,143.00611877441406,210.93394470214844
598.1652621835203,224.90698968954285,143.00611877441406,210.93394470214844
600.2458136016453,231.14864394391788,143.00611877441406,210.93394470214844
603.7133992985204,223.51995541079282,143.00611877441406,210.93394470214844
607.1809849953954,221.4394039926678,143.00611877441406,210.93394470214844
609.2615364135204,215.19774973829277,143.00611877441406,210.93394470214844
611.3420878316454,207.5690612051677,143.00611877441406,210.93394470214844
609.2615364135204,194.39223555704268,143.00611877441406,210.93394470214844
604.4069164378953,178.44134135141763,143.00611877441406,210.93394470214844
607.8745021347704,169.4256185395426,143.00611877441406,210.93394470214844
598.8587793228953,157.63582717016754,143.00611877441406,210.93394470214844
596.7782279047703,151.39417291579252,143.00611877441406,210.93394470214844
597.3547916392587,142.58499868010108,146.17013549804688,215.60086059570312
596.4732307460392,135.05180811134807,149.40414428710938,220.37103271484375
598.646865026844,125.63272622786047,149.40414428710938,220.37103271484375
599.3714097871123,123.45909194705564,149.40414428710938,220.37103271484375
584.1559698214785,70.56732444747149,149.40414428710938,220.37103271484375
592.1259621844296,111.86637578276321,149.40414428710938,220.37103271484375
592.8505069446978,115.4890995841046,149.40414428710938,220.37103271484375
587.7786936228199,110.41728626222667,149.40414428710938,220.37103271484375
591.4014174241613,116.93818910464114,149.40414428710938,220.37103271484375
590.676872663893,124.90818146759219,149.40414428710938,220.37103271484375
591.4014174241613,129.9799947894701,149.40414428710938,220.37103271484375
592.1259621844296,137.94998715242116,149.40414428710938,220.37103271484375
587.0541488625516,145.9199795153722,149.40414428710938,220.37103271484375
583.4314250612102,146.6445242756405,149.40414428710938,220.37103271484375
584.1559698214785,151.71633759751842,149.40414428710938,220.37103271484375
576.1859774585274,159.68632996046944,149.40414428710938,220.37103271484375
578.3596117393322,169.10541184395703,149.40414428710938,220.37103271484375
567.4914403353081,181.4226727685177,149.40414428710938,220.37103271484375
571.1141641366495,192.29084417254188,149.40414428710938,220.37103271484375
563.1441717736984,191.56629941227362,149.40414428710938,220.37103271484375
558.0723584518205,193.73993369307846,149.40414428710938,220.37103271484375
551.551455609406,195.9135679738833,149.40414428710938,220.37103271484375
552.2760003696743,203.8835603368343,149.40414428710938,220.37103271484375
537.8440559055598,196.1837030632375,152.709716796875,225.24673461914062
538.5846312186491,207.2923327595757,152.709716796875,225.24673461914062
540.8063571579168,212.47635995120015,152.709716796875,225.24673461914062
541.546932471006,217.66038714282462,152.709716796875,225.24673461914062
545.2498090364521,225.80671558680592,152.709716796875,225.24673461914062
547.4715349757198,233.95304403078723,152.709716796875,225.24673461914062
551.1744115411659,242.09937247476853,152.709716796875,225.24673461914062
554.877288106612,244.32109841403616,152.709716796875,225.24673461914062
560.0613152982365,252.46742685801746,152.709716796875,225.24673461914062
568.2076437422179,254.6891527972851,152.709716796875,225.24673461914062
574.8728215600208,256.9108787365527,152.709716796875,225.24673461914062
578.5756981254669,254.6891527972851,152.709716796875,225.24673461914062
582.278574690913,248.0239749794822,152.709716796875,225.24673461914062
584.5003006301807,244.32109841403616,152.709716796875,225.24673461914062
586.7220265694484,240.6182218485901,152.709716796875,225.24673461914062
588.9437525087161,235.43419465696564,152.709716796875,225.24673461914062
583.7597253170916,231.7313180915196,152.709716796875,225.24673461914062
583.0191500040023,236.91534528314406,152.709716796875,225.24673461914062
576.3539721861994,236.17476997005485,152.709716796875,225.24673461914062
568.207643742218,229.50959215225197,152.709716796875,225.24673461914062
565.9859178029503,224.3255649606275,152.709716796875,225.24673461914062
556.3584387327905,222.10383902135987,152.709716796875,225.24673461914062
557.0990140458798,218.40096245591383,152.709716796875,225.24673461914062
548.9526856018985,216.1792365166462,152.709716796875,225.24673461914062
552.6555621673446,215.438661203557,152.709716796875,225.24673461914062
545.9903843495416,211.73578463811094,152.709716796875,225.24673461914062
537.8440559055603,205.07060682030806,152.709716796875,225.24673461914062
529.6977274615789,198.40542900250517,152.709716796875,225.24673461914062
520.0702483914191,188.77794993234545,152.709716796875,225.24673461914062
510.44276932125933,180.63162148836415,152.709716796875,225.24673461914062
502.296440877278,175.44759429673968,152.709716796875,225.24673461914062
494.1501124332966,170.26356710511521,152.709716796875,225.24673461914062
484.52263336313683,163.59838928731233,152.709716796875,225.24673461914062
477.8574555453339,162.85781397422312,152.709716796875,225.24673461914062
477.1168802322446,163.59838928731233,152.709716796875,225.24673461914062
477.8574555453339,168.7824164789368,152.709716796875,225.24673461914062
478.59803085842316,166.56069053966917,152.709716796875,225.24673461914062
483.7820580500477,171.74471773129363,152.709716796875,225.24673461914062
493.40953712020746,168.0418411658476,152.709716796875,225.24673461914062
508.9616186950809,167.30126585275838,152.709716796875,225.24673461914062
536.3629052793817,160.6360880349555,152.709716796875,225.24673461914062
563.7641918636825,201.36773025486212,152.709716796875,225.24673461914062
577.8351228123776,197.66485368941608,152.709716796875,225.24673461914062
594.8683550134294,189.51852524543477,152.709716796875,225.24673461914062
611.9015872144813,197.66485368941608,152.709716796875,225.24673461914062
621.5290662846411,198.4054290025053,152.709716796875,225.24673461914062
623.7507922239088,190.25910055852398,152.709716796875,225.24673461914062
614.123313153749,182.11277211454268,152.709716796875,225.24673461914062
608.9392859621245,168.04184116584764,152.709716796875,225.24673461914062
609.6798612752137,152.4897595909742,152.709716796875,225.24673461914062
605.9769847097676,138.41882864227915,152.709716796875,225.24673461914062
602.2741081443215,130.27250019829782,152.709716796875,225.24673461914062
600.0523822050538,119.16387050195965,152.709716796875,225.24673461914062
596.3495056396077,105.09293955326461,152.709716796875,225.24673461914062
597.090080952697,89.54085797839116,152.709716796875,225.24673461914062
596.169073897156,75.52386389695593,156.0884246826172,230.23031616210938
602.9817187741777,67.19729793615153,156.0884246826172,230.23031616210938
596.169073897156,48.273284388868774,156.0884246826172,230.23031616210938
593.898192271482,24.807507590238146,156.0884246826172,230.23031616210938
585.5716263106776,16.480941629433744,156.0884246826172,230.23031616210938
577.2450603498733,17.23790217132506,156.0884246826172,230.23031616210938
571.946336556634,17.994862713216378,156.0884246826172,230.23031616210938
578.7589814336558,20.2657443388903,156.0884246826172,230.23031616210938
579.5159419755471,28.592310299694702,156.0884246826172,230.23031616210938
583.3007446850037,42.97456059562961,156.0884246826172,230.23031616210938
587.0855473944603,60.38465305912976,156.0884246826172,230.23031616210938
586.328586852569,79.30866660641252,156.0884246826172,230.23031616210938
581.0298630593297,95.20483798613003,156.0884246826172,230.23031616210938
568.1615338471775,102.01748286315183,156.0884246826172,230.23031616210938
556.2252981917387,93.973136151299,159.54188537597656,235.32415771484375
550.8093401345741,87.00976150637311,159.54188537597656,235.32415771484375
538.6090187957611,77.1819888278875,163.07174682617188,240.53070068359375
526.1387671984087,70.41870247978471,166.67970275878906,245.85244750976562
514.0139127756498,67.99373159523296,166.67970275878906,245.85244750976562
498.6557638401554,63.95211345431335,166.67970275878906,245.85244750976562
481.68096764829306,58.29384805702591,166.67970275878906,245.85244750976562
461.47287694369504,54.2522299161063,166.67970275878906,245.85244750976562
444.49808075183273,61.527142569761594,166.67970275878906,245.85244750976562
438.8398153545453,72.03534973615257,166.67970275878906,245.85244750976562
447.8981853311799,78.5406013215125,170.36749267578125,251.29193115234375
455.33405542729736,85.97647141762991,170.36749267578125,251.29193115234375
472.6844189849047,98.36958824449226,170.36749267578125,251.29193115234375
217.16857249903518,611.9579958574495,170.36749267578125,251.29193115234375
444.1537681680611,467.7416275855313,174.13687133789062,256.8517761230469
431.4864536314044,460.1412388635373,174.13687133789062,256.8517761230469
539.355602824887,307.9626887853892,174.13687133789062,256.8517761230469
-37.50734290820927,368.0795314847484,174.13687133789062,256.8517761230469
-21.6577489519089,70.9303905949065,174.13687133789062,256.8517761230469
46.74574954603722,247.42830647232302,174.13687133789062,256.8517761230469
33.42933095693091,259.4815417430684,177.98965454101562,262.53460693359375
22.208095935588062,272.4291206138486,177.98965454101562,262.53460693359375
0.6287978176210345,287.10304333406623,177.98965454101562,262.53460693359375
-17.497812601471267,305.2296537531585,177.98965454101562,262.53460693359375
-32.17173532168884,319.9035764733761,177.98965454101562,262.53460693359375
-39.94028264415697,325.9457799464069,177.98965454101562,262.53460693359375
-42.529798418313014,335.44067111831237,177.98965454101562,262.53460693359375
-36.47209131364703,330.7522310691714,174.1939697265625,256.93597412109375
-40.314338906122074,321.2783844738286,170.47923278808594,251.4567413330078
-8.071101950718543,252.6581622354057,170.47923278808594,251.4567413330078
-20.472346933566058,245.21741524569723,170.47923278808594,251.4567413330078
-30.607589863722637,226.38320038352475,166.8437042236328,246.09434509277344
-37.88966068268676,214.24641568525124,166.8437042236328,246.09434509277344
-46.78996946142069,177.83606159043063,166.8437042236328,246.09434509277344
-60.54499211946403,164.0810389323873,166.8437042236328,246.09434509277344
-72.02384595522987,158.1264438694239,163.28570556640625,240.8463134765625
571.9850528816278,274.13446407951255,163.28570556640625,240.8463134765625
350.82239999205103,52.11380185155687,166.89840698242188,246.17503356933594
354.86932134699595,41.59180632870007,166.89840698242188,246.17503356933594
357.2974741599629,47.25749622562296,166.89840698242188,246.17503356933594
353.250552805018,52.92318612254584,166.89840698242188,246.17503356933594
357.2974741599629,56.97010747749076,166.89840698242188,246.17503356933594
351.63178426304,62.63579737441364,166.89840698242188,246.17503356933594
357.2974741599629,66.68271872935856,166.89840698242188,246.17503356933594
354.86932134699595,67.49210300034753,166.89840698242188,246.17503356933594
360.53501124391886,68.3014872713365,166.89840698242188,246.17503356933594
356.16948922390316,58.02054926304717,170.59103393554688,251.6216583251953
361.9605325097955,62.157008752970256,170.59103393554688,251.6216583251953
356.16948922390316,67.94805203886256,170.59103393554688,251.6216583251953
361.9605325097955,72.08451152878564,170.59103393554688,251.6216583251953
356.16948922390316,77.87555481467794,170.59103393554688,251.6216583251953
360.30594871382624,83.66659810057024,170.59103393554688,251.6216583251953
356.16948922390316,91.11222518243179,170.59103393554688,251.6216583251953
363.6151163057647,91.93951708041641,170.59103393554688,251.6216583251953
361.13324061181083,96.07597657033949,170.59103393554688,251.6216583251953
373.5426190815801,93.59410087638565,170.59103393554688,251.6216583251953
380.9882461634416,99.38514416227795,170.59103393554688,251.6216583251953
388.4338732453031,103.52160365220104,170.59103393554688,251.6216583251953
385.9519975513493,109.31264693809334,170.59103393554688,251.6216583251953
396.7067922251493,113.44910642801642,170.59103393554688,251.6216583251953
395.8795003271647,119.24014971390872,170.59103393554688,251.6216583251953
406.6342950009647,125.03119299980102,170.59103393554688,251.6216583251953
412.425338286857,127.51306869375486,170.59103393554688,251.6216583251953
419.87096536871854,128.34036059173948,170.59103393554688,251.6216583251953
427.31659245058006,129.1676524897241,170.59103393554688,251.6216583251953
431.4530519405031,134.95869577561643,170.59103393554688,251.6216583251953
438.8986790223646,134.13140387763184,170.59103393554688,251.6216583251953
444.68972230825693,139.92244716352417,170.59103393554688,251.6216583251953
447.17159800221077,145.7134904494165,170.59103393554688,251.6216583251953
451.3080574921338,153.159117531278,170.59103393554688,251.6216583251953
455.4445169820568,158.95016081717034,170.59103393554688,251.6216583251953
459.58097647197985,161.43203651112418,170.59103393554688,251.6216583251953
463.7174359619029,158.95016081717034,170.59103393554688,251.6216583251953
469.5084792477952,163.08662030709343,170.59103393554688,251.6216583251953
473.64493873771823,162.25932840910883,170.59103393554688,251.6216583251953
481.04562167382164,175.30834844543807,166.953125,246.25575256347656
486.72771431944057,183.39678492420688,163.39279174804688,241.0042724609375
492.2743997045127,181.01963404489027,163.39279174804688,241.0042724609375
497.8210850895848,186.56631942996233,163.39279174804688,241.0042724609375
506.43697713796405,191.42729711796375,159.90838623046875,235.86477661132812
514.8691305404873,197.67952409912897,156.498291015625,230.8348846435547
520.1817689101437,201.47426579174066,156.498291015625,230.8348846435547
526.9710701192839,209.05619242812702,153.16091918945312,225.91226196289062
532.1704148755151,211.2844830379404,153.16091918945312,225.91226196289062
540.340813778164,214.99830072096262,153.16091918945312,225.91226196289062
548.511212680813,217.226591330776,153.16091918945312,225.91226196289062
546.2829220709996,217.96935486738045,153.16091918945312,225.91226196289062
539.5980502415596,212.7700101111493,153.16091918945312,225.91226196289062
541.9470693203392,208.73558126101955,149.89471435546875,221.09461975097656
541.4433949812844,204.78718794356234,146.6981658935547,216.3797149658203
536.4634409129744,199.8072338752524,146.6981658935547,216.3797149658203
537.174862922733,189.13590372887387,146.6981658935547,216.3797149658203
532.194908854423,177.04172956297822,146.6981658935547,216.3797149658203
535.7520189032159,162.1018673580483,146.6981658935547,216.3797149658203
532.194908854423,142.893473094567,146.6981658935547,216.3797149658203
527.214954786113,130.79929892867136,146.6981658935547,216.3797149658203
532.194908854423,122.97365682132713,146.6981658935547,216.3797149658203
525.7921107665959,109.45663863591435,146.6981658935547,216.3797149658203
530.7720648349059,95.93962045050156,146.6981658935547,216.3797149658203
522.9464227275616,83.84544628460594,146.6981658935547,216.3797149658203
529.3492208153888,70.32842809919316,146.6981658935547,216.3797149658203
526.1134588124831,62.34999099300873,143.5697784423828,211.76535034179688
529.5947124180668,54.69123306072473,143.5697784423828,211.76535034179688
531.683464581417,47.03247512844072,143.5697784423828,211.76535034179688
533.7722167447671,46.33622440732398,143.5697784423828,211.76535034179688
533.0759660236504,41.46246935950688,143.5697784423828,211.76535034179688
537.9497210714675,43.55122152285708,143.5697784423828,211.76535034179688
544.215977561518,34.49996214833962,143.5697784423828,211.76535034179688
551.874735493802,29.62620710052252,143.5697784423828,211.76535034179688
566.1561891221289,32.55527247960387,140.5081024169922,207.2493896484375
584.5540691710496,27.785451726179986,140.5081024169922,207.2493896484375
596.1379195722219,20.29001911365674,140.5081024169922,207.2493896484375
610.4473818324935,22.334228007981267,140.5081024169922,207.2493896484375
619.1700870274578,18.63309376820935,137.51171875,202.82972717285156
649.1793198863701,27.30242770522844,137.51171875,202.82972717285156
656.5149101407709,19.966837450827683,137.51171875,202.82972717285156
662.5167567125534,9.963759831190274,137.51171875,202.82972717285156
648.512448045061,-4.040548836302094,137.51171875,202.82972717285156
635.8418830601869,1.9612977354803434,137.51171875,202.82972717285156
623.1713180753128,9.2968879898811,137.51171875,202.82972717285156
609.8538930887427,18.530040895631174,134.57923889160156,198.5043182373047
596.8204689506234,26.308173033322547,131.70928955078125,194.27114868164062
605.1239931124816,29.501836172498756,131.70928955078125,194.27114868164062
608.3176562516578,37.80536033435692,131.70928955078125,194.27114868164062
608.956388879493,44.83141924054459,131.70928955078125,194.27114868164062
608.3176562516578,53.13494340240274,131.70928955078125,194.27114868164062
612.7887846465045,56.32860654157895,131.70928955078125,194.27114868164062
610.8725867629988,50.580012891061756,131.70928955078125,194.27114868164062
616.5864812763747,39.72289050816073,128.90054321289062,190.12826538085938
614.9483160825961,32.71240188483263,126.15170288085938,186.07373046875
615.7037597156017,25.85141798269899,123.46147918701172,182.10565185546875
616.4430916774425,19.136744242585763,120.82862854003906,178.22219848632812
613.5132608170381,10.34725166137271,120.82862854003906,178.22219848632812
616.4430916774425,5.07355611264488,120.82862854003906,178.22219848632812
618.200990193685,5.659522284725753,120.82862854003906,178.22219848632812
616.4430916774425,9.76128548929185,120.82862854003906,178.22219848632812
604.1378020637442,-0.20013943608293516,120.82862854003906,178.22219848632812
578.9412566642668,-21.880887803075126,120.82862854003906,178.22219848632812
592.0901297401641,-32.97065929598495,118.25192260742188,174.4215545654297
598.3983026767836,-41.572713300466106,118.25192260742188,174.4215545654297
588.6493081383717,-51.32170783887808,118.25192260742188,174.4215545654297
580.0472541338905,-59.92376184335924,118.25192260742188,174.4215545654297
116.35856873653643,54.75804086027813,118.25192260742188,174.4215545654297
116.35856873653643,54.75804086027813,118.25192260742188,174.4215545654297
603.1990835694969,709.2965778987831,118.25192260742188,174.4215545654297
603.1990835694969,709.2965778987831,118.25192260742188,174.4215545654297
646.2834005553906,491.9300939327238,118.25192260742188,174.4215545654297
646.2834005553906,491.9300939327238,118.25192260742188,174.4215545654297
646.2834005553906,491.9300939327238,118.25192260742188,174.4215545654297
646.2834005553906,491.9300939327238,118.25192260742188,174.4215545654297
541.4029320765883,110.64335958113125,118.25192260742188,174.4215545654297
619.6066734361158,5.708138449741313,118.25192260742188,174.4215545654297
539.8943063279237,-24.685785699425445,118.25192260742188,174.4215545654297
543.9085981966815,-26.406196500321677,118.25192260742188,174.4215545654297
157.5137815547613,4.8875422884703426,118.25192260742188,174.4215545654297
4.397220274996698,-53.032954675036116,118.25192260742188,174.4215545654297
3.82375000803129,-46.7247817384166,118.25192260742188,174.4215545654297
10.13192294465081,-33.53496559821216,118.25192260742188,174.4215545654297
4.970690541962114,-23.785971059800183,118.25192260742188,174.4215545654297
11.278863478581627,-2.567571182080002,118.25192260742188,174.4215545654297
18.733976949131957,15.210007093847722,118.25192260742188,174.4215545654297
25.16049448561894,25.774955623247223,120.86824798583984,178.28062438964844
35.125185528193285,45.118179411773895,120.86824798583984,178.28062438964844
44.888539708385395,65.66319810404616,118.29069519042969,174.47872924804688
44.31488141399254,81.15197205265315,118.29069519042969,174.47872924804688
51.65833314760613,105.68224696800587,115.76811218261719,170.75791931152344
49.974058572177285,116.34931927905521,115.76811218261719,170.75791931152344
49.412633713701,133.75348989181992,115.76811218261719,170.75791931152344
47.728359138272154,142.17486276896415,115.76811218261719,170.75791931152344
46.04408456284331,156.21048423087117,115.76811218261719,170.75791931152344
40.68605110335463,164.22360760388722,118.32948303222656,174.5359344482422
40.11220471988456,173.9789961228784,118.32948303222656,174.5359344482422
38.39066556947435,183.7343846418696,118.32948303222656,174.5359344482422
34.10481645912962,191.92479883872141,120.94752502441406,178.3975372314453
32.345188255016595,212.45379455337348,120.94752502441406,178.3975372314453
31.938780516130123,222.83612163891917,118.3682861328125,174.59315490722656
29.068607845043744,236.0389159259165,118.3682861328125,174.59315490722656
30.79071144769557,248.0936411444793,118.3682861328125,174.59315490722656
25.624400639740088,268.18484984208396,118.3682861328125,174.59315490722656
28.494573310826468,280.23957506064676,118.3682861328125,174.59315490722656
19.88405529756733,287.70202400547134,118.3682861328125,174.59315490722656
207.57442726133735,117.754302792864,118.3682861328125,174.59315490722656
197.33156658039348,239.103959816354,120.9871826171875,178.45602416992188
202.61218201497496,215.04782283659387,120.9871826171875,178.45602416992188
194.98462638724612,174.56310450480242,120.9871826171875,178.45602416992188
199.09177172525398,127.03756559356896,120.9871826171875,178.45602416992188
187.94380580780415,86.55284726177749,120.9871826171875,178.45602416992188
176.79583989035433,60.149770088870014,120.9871826171875,178.45602416992188
160.95399358660984,39.61404339883086,120.9871826171875,178.45602416992188
135.72438651027602,31.986487771102034,120.9871826171875,178.45602416992188
109.32130933736855,25.532402239946876,120.9871826171875,178.45602416992188
82.91823216446107,22.598726998512717,120.9871826171875,178.45602416992188
38.91310354294862,22.01199195022589,120.9871826171875,178.45602416992188
-8.080638269790484,12.124236116340043,123.66402435302734,182.40435791015625
-34.95911585591219,13.217420623913,126.40009307861328,186.44004821777344
310.39435256353977,33.239902791862136,126.40009307861328,186.44004821777344
303.6515143719184,123.34874044352944,126.40009307861328,186.44004821777344
249.09582354880007,143.57725501839352,126.40009307861328,186.44004821777344
188.4065172867331,156.7909552861672,123.70457458496094,182.4641571044922
124.3855935251317,168.56640723852053,121.06653594970703,178.57305908203125
8.535459669917344,191.40871819660197,118.48475646972656,174.7649383544922
73.0908507234505,17.054563474061922,118.48475646972656,174.7649383544922
73.0908507234505,17.054563474061922,118.48475646972656,174.7649383544922
73.0908507234505,17.054563474061922,118.48475646972656,174.7649383544922
73.0908507234505,17.054563474061922,118.48475646972656,174.7649383544922
-21.71804312892553,80.83509206566035,118.48475646972656,174.7649383544922
2.6055330611452874,213.034795040311,121.10623168945312,178.63160705566406
-48.490642906798996,78.54026289480248,121.10623168945312,178.63160705566406
-59.08709813676201,52.70682259910754,118.52360534667969,174.82223510742188
-32.37017893785059,3.6618136961012198,121.14594268798828,178.69017028808594
-28.224527251127192,-6.238919957046761,123.8262939453125,182.64369201660156
-55.26533914968398,57.639987273398475,121.18566131591797,178.74876403808594
-49.97606108772897,81.73558733341574,121.18566131591797,178.74876403808594
-58.31364424532815,70.61304844524503,118.6013412475586,174.9368896484375
593.5863840357958,-23.57730620850009,118.6013412475586,174.9368896484375
633.6319344171479,250.5627632607559,118.6013412475586,174.9368896484375
787.200918636272,162.5625588205837,118.6013412475586,174.9368896484375
767.070152914664,170.0397003743238,118.6013412475586,174.9368896484375
743.4883987836375,164.86321776019602,118.6013412475586,174.9368896484375
721.0569741224172,155.08541726684356,118.6013412475586,174.9368896484375
705.5275262800338,144.15728730368494,118.6013412475586,174.9368896484375
694.5993963168752,130.92849840091395,118.6013412475586,174.9368896484375
683.6712663537165,120.0003684377553,118.6013412475586,174.9368896484375
675.0437953301703,109.07223847459665,118.6013412475586,174.9368896484375
666.416324306624,100.44476745105035,118.6013412475586,174.9368896484375
657.7888532830777,94.1179553671164,118.6013412475586,174.9368896484375
650.3117117293376,87.79114328318244,118.6013412475586,174.9368896484375
646.285558585016,81.46433119924848,118.6013412475586,174.9368896484375
643.4097349105006,85.49048434357007,118.6013412475586,174.9368896484375
647.4358880548222,87.21597854827934,118.6013412475586,174.9368896484375
649.1075281395929,83.49053661167474,121.22539520263672,178.807373046875
646.1680768662789,74.6721827917325,121.22539520263672,178.807373046875
650.2833086489186,72.90851202774405,121.22539520263672,178.807373046875
653.2758157424354,66.31545669321645,118.64022827148438,174.99424743652344
651.7680471313207,63.190345721286235,116.11019134521484,171.26243591308594
654.6342819882215,72.07196360338696,113.63410949707031,167.61021423339844
655.18535779307,75.9294942373271,113.63410949707031,167.61021423339844
659.0428884270101,80.88917648096441,113.63410949707031,167.61021423339844
658.4918126221615,74.82734262762992,113.63410949707031,167.61021423339844
665.6557980851932,72.07196360338696,113.63410949707031,167.61021423339844
662.9004190609502,41.76279433671449,113.63410949707031,167.61021423339844
685.0847298462694,10.749808800944706,116.14826202392578,171.31858825683594
691.2806817736089,-13.470730551382502,116.14826202392578,171.31858825683594
691.7489653136761,-19.456677260432443,118.7180404663086,175.1090087890625
694.6276186608269,-15.426562574421226,118.7180404663086,175.1090087890625
696.3009013485838,-14.377101145209238,121.34468078613281,178.98329162597656
699.2322786495426,-9.641205343660687,124.02943420410156,182.94329833984375
690.2099499388786,-5.430785278684141,124.02943420410156,182.94329833984375
692.0144156810114,-3.6263195365513354,124.02943420410156,182.94329833984375
690.2099499388786,-11.445671085793506,124.02943420410156,182.94329833984375
685.999529873902,-2.423342375129465,124.02943420410156,182.94329833984375
689.0069727774567,-13.851625408637247,124.02943420410156,182.94329833984375
689.0069727774567,-13.851625408637247,124.02943420410156,182.94329833984375
401.3644638598277,47.05004636235134,124.02943420410156,182.94329833984375
401.3644638598277,47.05004636235134,124.02943420410156,182.94329833984375
445.3013390598381,-10.607601610038387,124.02943420410156,182.94329833984375
40.519943363516035,88.06293376359253,124.02943420410156,182.94329833984375
-25.04231193397601,97.08526247425658,124.02943420410156,182.94329833984375
399.4933542907997,169.95154367032285,124.02943420410156,182.94329833984375
399.4933542907997,169.95154367032285,124.02943420410156,182.94329833984375
399.4933542907997,169.95154367032285,124.02943420410156,182.94329833984375
399.4933542907997,169.95154367032285,124.02943420410156,182.94329833984375
-37.523358023198114,45.38840180942333,124.02943420410156,182.94329833984375
384.2657222474833,59.08795381409507,124.02943420410156,182.94329833984375
384.2657222474833,59.08795381409507,124.02943420410156,182.94329833984375
621.4884340590243,-70.15190525109855,124.02943420410156,182.94329833984375
358.0713768690493,151.99619873906502,124.02943420410156,182.94329833984375
402.47542042625304,92.25111858600516,124.02943420410156,182.94329833984375
539.8939172889116,174.29760468140887,124.02943420410156,182.94329833984375
705.1416986259024,58.073667685846715,126.7735824584961,186.9909210205078
693.4605648302783,48.851719952459234,126.7735824584961,186.9909210205078
697.7987958062748,1.4956833682462616,129.5784454345703,191.1280975341797
726.0767457872408,-28.0390643896516,129.5784454345703,191.1280975341797
774.4634601991161,-38.721845493572104,129.5784454345703,191.1280975341797
774.4634601991161,-38.721845493572104,129.5784454345703,191.1280975341797
774.4634601991161,-38.721845493572104,129.5784454345703,191.1280975341797
12.490776278251502,105.39091453909427,129.5784454345703,191.1280975341797
12.490776278251502,105.39091453909427,129.5784454345703,191.1280975341797
12.490776278251502,105.39091453909427,129.5784454345703,191.1280975341797
12.490776278251502,105.39091453909427,129.5784454345703,191.1280975341797
41.36419379434194,482.0022931742968,129.5784454345703,191.1280975341797
155.40135636477657,664.8307694222045,129.5784454345703,191.1280975341797
267.15670194690415,393.7664527181244,129.5784454345703,191.1280975341797
58.067416132797504,464.8424260610667,129.5784454345703,191.1280975341797
225.79358317583956,591.0252455868642,129.5784454345703,191.1280975341797
26.07226542874521,432.58276919925015,129.5784454345703,191.1280975341797
34.16376250991432,30.858323500518367,129.5784454345703,191.1280975341797
-12.255206968432134,60.690194998275274,132.44537353515625,195.3568115234375
-35.711208459275895,95.18043226491591,135.375732421875,199.6790771484375
-49.49798461673437,105.0281295202434,135.375732421875,199.6790771484375
-49.49798461673437,105.0281295202434,135.375732421875,199.6790771484375
-49.49798461673437,105.0281295202434,135.375732421875,199.6790771484375
-63.874112414672744,60.96401969987272,132.48880004882812,195.42086791992188
639.0770408066759,76.13688931398218,132.48880004882812,195.42086791992188
810.6279609909466,27.948428588063436,132.48880004882812,195.42086791992188
780.4981981739311,22.45355104166265,135.4201202392578,199.7445526123047
755.1526629238604,20.925235741957636,138.41629028320312,204.1638946533203
737.0286828415565,17.568943134123586,138.41629028320312,204.1638946533203
719.4795492588521,17.399675101836223,141.47874450683594,208.68101501464844
701.542137354366,8.684589175513892,144.6089630126953,213.29808044433594
692.4253634195148,3.775557056747857,144.6089630126953,213.29808044433594
686.1137506953871,-3.9386362727416184,144.6089630126953,213.29808044433594
676.996976760536,-17.26315202367799,144.6089630126953,213.29808044433594
669.2827834310465,-31.99024837997608,144.6089630126953,213.29808044433594
662.0374473392025,-41.20694769727036,141.52513122558594,208.7494354248047
633.7777302690862,-59.488486547883866,138.50706481933594,204.29779052734375
607.4155009881127,-61.842077724153796,135.55335998535156,199.9410858154297
607.4155009881127,-61.842077724153796,135.55335998535156,199.9410858154297
607.4155009881127,-61.842077724153796,135.55335998535156,199.9410858154297
607.4155009881127,-61.842077724153796,135.55335998535156,199.9410858154297
431.49008401286846,28.641263839176617,135.55335998535156,199.9410858154297
545.3052595852506,-94.3786553340212,135.55335998535156,199.9410858154297
545.3052595852506,-94.3786553340212,135.55335998535156,199.9410858154297
545.3052595852506,-94.3786553340212,135.55335998535156,199.9410858154297
545.3052595852506,-94.3786553340212,135.55335998535156,199.9410858154297
545.3052595852506,-94.3786553340212,135.55335998535156,199.9410858154297
545.3052595852506,-94.3786553340212,135.55335998535156,199.9410858154297
545.3052595852506,-94.3786553340212,135.55335998535156,199.9410858154297
533.4447224475408,-65.00134583647949,132.6626434326172,195.67727661132812
531.7587476874846,-54.85357806189588,129.8335723876953,191.50439453125
528.6105670593738,-44.14976392631905,129.8335723876953,191.50439453125
529.240203184996,-27.149588534520547,129.8335723876953,191.50439453125
524.8327503056407,-2.5937796352560554,129.8335723876953,191.50439453125
524.2031141800186,24.480573766497116,129.8335723876953,191.50439453125
519.7956613006634,49.03638266576161,129.8335723876953,191.50439453125
515.3882084213081,64.77728580631577,129.8335723876953,191.50439453125
508.46221103946436,77.99964444438126,129.8335723876953,191.50439453125
501.5362136576206,88.7034585799581,129.8335723876953,191.50439453125
494.6102162757768,95.62945596180194,129.8335723876953,191.50439453125
486.4249466426886,92.48127533369112,129.8335723876953,191.50439453125
477.80293743275615,89.70951283870968,132.70614624023438,195.74142456054688
470.723702358839,83.91741141459568,132.70614624023438,195.74142456054688
461.07019998531564,79.41244364028478,132.70614624023438,195.74142456054688
453.99096491139846,69.75894126676141,132.70614624023438,195.74142456054688
438.5011893593636,62.91964718626542,135.64227294921875,200.07220458984375
431.26532620943607,51.73694959092285,135.64227294921875,200.07220458984375
425.3450745413135,44.501086440995294,135.64227294921875,200.07220458984375
420.740434354996,47.790115145507826,135.64227294921875,200.07220458984375
417.4514056504835,52.394755331825365,135.64227294921875,200.07220458984375
416.79359990958096,59.63061848175292,135.64227294921875,200.07220458984375
422.7138515777035,69.49770459529049,135.64227294921875,200.07220458984375
423.371657318606,81.99601367243807,135.64227294921875,200.07220458984375
430.60752046853355,95.80993423139066,135.64227294921875,200.07220458984375
436.5277721366561,112.25507775395326,135.64227294921875,200.07220458984375
441.1324123229736,131.33144424012588,135.64227294921875,200.07220458984375
447.0526639910961,149.0921992444935,135.64227294921875,200.07220458984375
450.3416926956086,166.85295424886107,135.64227294921875,200.07220458984375
454.9463328819261,183.29809777142367,135.64227294921875,200.07220458984375
462.18219603185366,197.11201833037626,135.64227294921875,200.07220458984375
466.7868362181712,209.6103274075238,135.64227294921875,200.07220458984375
474.02269936809876,223.4242479664764,135.64227294921875,200.07220458984375
481.25856251802634,234.60694556181897,135.64227294921875,200.07220458984375
487.1788141861489,245.78964315716155,135.64227294921875,200.07220458984375
494.41467733607647,255.6567292706991,135.64227294921875,200.07220458984375
500.334929004199,262.8925924206266,135.64227294921875,200.07220458984375
506.25518067232156,270.12845557055414,135.64227294921875,200.07220458984375
512.1754323404441,276.0487072386767,135.64227294921875,200.07220458984375
518.0956840085666,281.96895890679923,135.64227294921875,200.07220458984375
522.7003241948842,283.9423761295067,135.64227294921875,200.07220458984375
528.6205758630067,285.9157933522142,135.64227294921875,200.07220458984375
533.2252160493242,289.20482205672675,135.64227294921875,200.07220458984375
535.1986332720318,292.4938507612393,135.64227294921875,200.07220458984375
538.4876619765442,293.1516565021418,135.64227294921875,200.07220458984375
540.4610791992518,293.8094622430443,135.64227294921875,200.07220458984375
542.4344964219594,295.7828794657518,135.64227294921875,200.07220458984375
545.7235251264718,293.8094622430443,135.64227294921875,200.07220458984375
545.0657193855693,295.7828794657518,135.64227294921875,200.07220458984375
548.3547480900818,297.7562966884593,135.64227294921875,200.07220458984375
549.0125538309843,298.41410242936183,135.64227294921875,200.07220458984375
550.9859710536919,297.7562966884593,135.64227294921875,200.07220458984375
550.3281653127893,301.04532539297185,135.64227294921875,200.07220458984375
550.9859710536919,297.7562966884593,135.64227294921875,200.07220458984375
551.6437767945944,299.7297139111668,135.64227294921875,200.07220458984375
548.3547480900819,296.4406852066543,135.64227294921875,200.07220458984375
547.6969423491794,298.4141024293618,135.64227294921875,200.07220458984375
544.4079136446669,297.75629668845926,135.64227294921875,200.07220458984375
541.1188849401544,295.78287946575176,135.64227294921875,200.07220458984375
540.4610791992519,296.4406852066543,135.64227294921875,200.07220458984375
531.9096045675194,291.83604502033677,135.64227294921875,200.07220458984375
533.883021790227,293.80946224304427,135.64227294921875,200.07220458984375
525.3315471584945,289.20482205672675,135.64227294921875,200.07220458984375
522.042518453982,287.23140483401926,135.64227294921875,200.07220458984375
516.1222667858594,285.25798761131176,135.64227294921875,200.07220458984375
508.88640363593186,280.65334742499425,135.64227294921875,200.07220458984375
500.33492900419935,277.3643187204817,135.64227294921875,200.07220458984375
493.09906585427177,271.4440670523592,135.64227294921875,200.07220458984375
488.49442566795426,266.83942686604166,135.64227294921875,200.07220458984375
478.6273395544167,262.23478667972415,135.64227294921875,200.07220458984375
470.0758649226842,257.63014649340664,135.64227294921875,200.07220458984375
462.84000177275664,254.3411177888941,135.64227294921875,200.07220458984375
452.9729156592191,253.6833120479916,135.64227294921875,200.07220458984375
444.42144102748654,250.39428334347906,135.64227294921875,200.07220458984375
439.816800841169,252.36770056618656,135.64227294921875,200.07220458984375
431.26532620943647,247.76306037986905,135.64227294921875,200.07220458984375
426.66068602311896,251.05208908438158,135.64227294921875,200.07220458984375
419.42482287319143,247.76306037986905,135.64227294921875,200.07220458984375
410.87334824145887,252.36770056618656,135.64227294921875,200.07220458984375
403.63748509153135,250.39428334347906,135.64227294921875,200.07220458984375
396.4016219416038,253.6833120479916,135.64227294921875,200.07220458984375
386.5345358280663,251.7098948252841,135.64227294921875,200.07220458984375
379.29867267813876,253.6833120479916,135.64227294921875,200.07220458984375
370.7471980464062,250.39428334347906,135.64227294921875,200.07220458984375
359.5645004510636,244.4740316753565,135.64227294921875,200.07220458984375
349.6974143375261,238.55378000723397,135.64227294921875,200.07220458984375
341.1459397057935,240.52719722994146,135.64227294921875,200.07220458984375
335.225688037671,234.60694556181892,135.64227294921875,200.07220458984375
327.98982488774345,237.89597426633145,135.64227294921875,200.07220458984375
322.0695732196209,234.60694556181892,135.64227294921875,200.07220458984375
316.14932155149836,236.58036278452641,135.64227294921875,200.07220458984375
308.91345840157084,233.29133408001388,135.64227294921875,200.07220458984375
301.6775952516433,232.63352833911136,135.64227294921875,200.07220458984375
303.6510124743508,233.29133408001388,135.64227294921875,200.07220458984375
296.4151493244233,236.58036278452641,135.64227294921875,200.07220458984375
289.17928617449576,235.9225570436239,135.64227294921875,200.07220458984375
283.2590345063732,240.5271972299414,135.64227294921875,200.07220458984375
279.9700058018607,237.23816852542888,135.64227294921875,200.07220458984375
274.04975413373813,239.21158574813637,135.64227294921875,200.07220458984375
274.70755987464065,238.55378000723385,135.64227294921875,200.07220458984375
266.1560852429081,240.52719722994135,135.64227294921875,200.07220458984375
268.1295024656156,237.23816852542882,135.64227294921875,200.07220458984375
260.89363931568806,240.52719722994135,135.64227294921875,200.07220458984375
264.1826680202006,241.18500297084387,135.64227294921875,200.07220458984375
256.94680487027307,240.52719722994135,135.64227294921875,200.07220458984375
260.2358335747856,243.81622593445388,135.64227294921875,200.07220458984375
252.99997042485808,245.78964315716138,135.64227294921875,200.07220458984375
257.6046106111756,249.0786718616739,135.64227294921875,200.07220458984375
260.9530038218213,254.38212079185166,132.74966430664062,195.80560302734375
257.73411464510383,257.60100996856914,132.74966430664062,195.80560302734375
262.24055949250834,260.8198991452866,132.74966430664062,195.80560302734375
257.73411464510383,265.32634399269114,132.74966430664062,195.80560302734375
262.2521247384855,272.9987295069696,129.91873168945312,191.62998962402344
257.84178118481486,274.888876744257,129.91873168945312,191.62998962402344
264.6925439665856,282.39764428676995,127.14817810058594,187.54342651367188
260.3762523176137,284.2474835649008,127.14817810058594,187.54342651367188
268.3922225228473,287.33054902845214,127.14817810058594,187.54342651367188
273.9417403572398,291.64684067742405,127.14817810058594,187.54342651367188
277.02480582079113,295.96313232639596,127.14817810058594,187.54342651367188
282.5743236551836,299.0461977899473,127.14817810058594,187.54342651367188
288.1238414895761,305.82894180976035,127.14817810058594,187.54342651367188
293.67335932396855,312.6116858295734,127.14817810058594,187.54342651367188
300.4561033437816,316.9279774785453,127.14817810058594,187.54342651367188
307.23884736359463,322.4774953129378,127.14817810058594,187.54342651367188
315.25481756882823,323.09410840564806,127.14817810058594,187.54342651367188
324.3367896900306,324.49949261616405,124.43670654296875,183.54400634765625
332.1818169161887,319.0683199211315,124.43670654296875,183.54400634765625
341.2337714079096,312.4302199605362,124.43670654296875,183.54400634765625
350.2857258996305,300.9644109376897,124.43670654296875,183.54400634765625
360.5446076569142,271.39469293140144,124.43670654296875,183.54400634765625
370.8034894141979,244.23882945623876,124.43670654296875,183.54400634765625
381.0623711714816,219.49682051220168,124.43670654296875,183.54400634765625
392.52818019432806,206.82408422379245,124.43670654296875,183.54400634765625
403.99398921717454,190.53056613869484,124.43670654296875,183.54400634765625
417.87365277114657,176.65090258472281,124.43670654296875,183.54400634765625
430.5463890595558,163.97816629631356,124.43670654296875,183.54400634765625
440.8052708168395,152.5123572734671,124.43670654296875,183.54400634765625
454.68493437081156,145.87425731287178,124.43670654296875,183.54400634765625
463.7368888625325,152.5123572734671,124.43670654296875,183.54400634765625
472.78884335425346,147.08118457843457,124.43670654296875,183.54400634765625
481.8407978459744,154.92621180459267,124.43670654296875,183.54400634765625
492.0996796032581,150.7019663751229,124.43670654296875,183.54400634765625
504.7724158916674,153.71928453902987,124.43670654296875,183.54400634765625
524.1304426015607,149.27818529928413,121.7830581665039,179.62986755371094
535.351739793438,155.77472577879206,121.7830581665039,179.62986755371094
547.7542261634077,149.27818529928413,121.7830581665039,179.62986755371094
557.7943341771927,147.50640153214562,121.7830581665039,179.62986755371094
569.9085728925552,152.26796949499285,119.18599700927734,175.79920959472656
580.890572541907,148.22196962417905,119.18599700927734,175.79920959472656
592.7464721360587,146.1966995431177,116.64431762695312,172.05023193359375
601.0781712483978,143.12415914578318,114.15684509277344,168.38121032714844
609.2321938280454,143.31874412862365,111.72241973876953,164.79043579101562
615.1234453878244,139.33140988241044,109.33990478515625,161.27622985839844
622.933402404775,142.58429999000677,107.0082015991211,157.8369598388672
628.5760675288495,138.76521460642664,104.7262191772461,154.47103881835938
633.1193604000512,136.985650830684,102.49290466308594,151.17689514160156
632.6223146662385,132.51223922637,102.49290466308594,151.17689514160156
631.1311774648004,128.03882762205603,102.49290466308594,151.17689514160156
628.8704618040173,124.38089124903539,100.30721282958984,147.9530029296875
624.7825030873702,118.92550387441716,98.16812896728516,144.79786682128906
621.4499957653869,111.78441675588164,98.16812896728516,144.79786682128906
620.2024044429421,107.36310134511311,96.07466125488281,141.7100067138672
621.6758942913748,103.93422732509822,94.02584075927734,138.68800354003906
621.2199100918853,98.00643273173355,94.02584075927734,138.68800354003906
619.8519574934165,92.99060653734807,94.02584075927734,138.68800354003906
619.395973293927,87.0628119439834,94.02584075927734,138.68800354003906
614.3801470995415,78.39911215368119,94.02584075927734,138.68800354003906
613.0121945010728,73.3832859592957,94.02584075927734,138.68800354003906
614.4542608205169,71.78554871293358,92.02071380615234,135.73043823242188
615.0053164212261,71.08213988786645,90.05834197998047,132.83595275878906
614.5685728552966,68.02493492635995,90.05834197998047,132.83595275878906
615.878803553085,67.58819136043044,90.05834197998047,132.83595275878906
617.1890342508735,65.40447353078295,90.05834197998047,132.83595275878906
617.6257778168031,66.71470422857146,90.05834197998047,132.83595275878906
619.8094956464506,62.784012135205955,90.05834197998047,132.83595275878906
623.7164615223903,66.30518224068322,88.1378173828125,130.00318908691406
625.8536109115743,61.60345358447856,88.1378173828125,130.00318908691406
628.8532951262586,60.1057664114596,86.25825500488281,127.2308349609375
634.2081826516222,67.51030830506636,84.41876983642578,124.5176010131836
638.7115179462273,72.83243183505428,84.41876983642578,124.5176010131836
644.0336414762153,77.33576712965944,84.41876983642578,124.5176010131836
650.174553241586,81.02031418888185,84.41876983642578,124.5176010131836
657.782825231514,85.11017767830077,82.61851501464844,121.86222839355469
664.5941075334562,86.31216867276115,82.61851501464844,121.86222839355469
673.8093718243191,89.9181416561423,82.61851501464844,121.86222839355469
683.024636115182,94.3254419691637,82.61851501464844,121.86222839355469
693.8425550653254,96.32876029326434,82.61851501464844,121.86222839355469
703.8591466858286,99.93473327664549,82.61851501464844,121.86222839355469
714.677065635972,105.14336091930716,82.61851501464844,121.86222839355469
727.8989665750362,109.55066123232857,82.61851501464844,121.86222839355469
737.1142308658991,113.95796154534997,82.61851501464844,121.86222839355469
747.9321498160425,113.55729788052986,82.61851501464844,121.86222839355469
757.9487414365457,117.96459819355127,82.61851501464844,121.86222839355469
766.3626783977684,115.96127986945064,82.61851501464844,121.86222839355469
777.1805973479118,123.57388950103305,82.61851501464844,121.86222839355469
791.2038256166162,130.3851718029752,82.61851501464844,121.86222839355469
802.0217445667596,134.79247211599662,82.61851501464844,121.86222839355469
815.2436455058238,139.19977242901803,82.61851501464844,121.86222839355469
826.8628917856075,142.80574541239918,82.61851501464844,121.86222839355469
836.8794834061107,146.41171839578033,82.61851501464844,121.86222839355469
850.1013843451749,149.21636404952122,82.61851501464844,121.86222839355469
861.7206306249586,152.0210097032621,82.61851501464844,121.86222839355469
870.9358949158216,155.62698268664326,82.61851501464844,121.86222839355469
880.9524865363247,157.6303010107439,82.61851501464844,121.86222839355469
890.1677508271877,161.23627399412504,82.61851501464844,121.86222839355469
899.1585014392407,164.46655684888285,80.85665130615234,119.26348114013672
905.0402923115308,164.07443745739684,80.85665130615234,119.26348114013672
912.4905607497651,169.171989546715,80.85665130615234,119.26348114013672
914.4511577071952,171.91682528711706,80.85665130615234,119.26348114013672
917.9802322305693,176.23013859346318,80.85665130615234,119.26348114013672
926.2147394517756,181.32769068278134,80.85665130615234,119.26348114013672
928.9595751921777,183.2882876402114,80.85665130615234,119.26348114013672
930.1359333666358,186.8173621635855,80.85665130615234,119.26348114013672
930.5280527581218,191.13067546993162,80.85665130615234,119.26348114013672
931.7044109325799,194.65974999330572,80.85665130615234,119.26348114013672
932.096530324066,198.1888245166798,80.85665130615234,119.26348114013672
929.3516945836639,200.1494214741099,80.85665130615234,119.26348114013672
927.3910976262338,200.5415408655959,80.85665130615234,119.26348114013672
925.4305006688037,204.07061538897,80.85665130615234,119.26348114013672
921.1171873624576,202.89425721451198,80.85665130615234,119.26348114013672
917.5881128390835,203.286376605998,80.85665130615234,119.26348114013672
913.2747995327373,202.89425721451198,80.85665130615234,119.26348114013672
907.3930086604472,200.9336602570819,80.85665130615234,119.26348114013672
902.2954565711291,198.9730632996518,80.85665130615234,119.26348114013672
896.4136656988389,196.22822755924975,80.85665130615234,119.26348114013672
890.5318748265488,191.91491425290363,80.85665130615234,119.26348114013672
883.8658451712867,186.81736216358547,80.85665130615234,119.26348114013672
877.1998155160245,183.28828764021137,80.85665130615234,119.26348114013672
869.7495470777903,178.1907355508932,80.85665130615234,119.26348114013672
865.4362337714442,174.6616610275191,80.85665130615234,119.26348114013672
858.7702041161821,169.56410893820095,80.85665130615234,119.26348114013672
852.1041744609199,162.89807928293874,80.85665130615234,119.26348114013672
843.8696672397136,153.87933327876047,80.85665130615234,119.26348114013672
834.8509212355353,144.8605872745822,80.85665130615234,119.26348114013672
828.1848915802732,134.27336370445988,80.85665130615234,119.26348114013672
821.518861925011,121.3334237854215,80.85665130615234,119.26348114013672
813.2843547038048,113.09891656421527,80.85665130615234,119.26348114013672
799.5601760017944,96.23778273031678,80.85665130615234,119.26348114013672
788.1887136487001,78.59241011344625,80.85665130615234,119.26348114013672
777.6014900785777,59.37855993063168,80.85665130615234,119.26348114013672
769.3669828573715,51.14405270942544,80.85665130615234,119.26348114013672
764.2694307680533,40.55682913930313,80.85665130615234,119.26348114013672
756.8191623298192,30.75384435215284,80.85665130615234,119.26348114013672
750.937371457529,22.519337130946596,80.85665130615234,119.26348114013672
745.0555805852389,14.284829909740353,80.85665130615234,119.26348114013672
735.6178014989991,7.676768420783702,82.6456069946289,121.90218353271484
730.4074660697048,2.466432991489391,82.6456069946289,121.90218353271484
726.800310772501,3.668818090557309,82.6456069946289,121.90218353271484
719.1852051450709,7.27597338776107,82.6456069946289,121.90218353271484
709.5386148694378,1.353358813624574,84.4741439819336,124.5992660522461
701.7550250300008,1.7630214367528367,84.4741439819336,124.5992660522461
694.7907604368203,4.630659798650697,84.4741439819336,124.5992660522461
688.6458210898963,9.136948653061623,84.4741439819336,124.5992660522461
681.6815564967159,12.004587014959483,84.4741439819336,124.5992660522461
673.8979666572789,9.136948653061623,84.4741439819336,124.5992660522461
179.98450399453094,-17.706052580776145,84.4741439819336,124.5992660522461
163.90643444781827,-12.823792842006526,82.6727066040039,121.94214630126953
162.0829002468132,-4.181297309465435,80.90968322753906,119.34169006347656
161.0546416991516,11.08439019249802,79.18425750732422,116.79669189453125
159.3080520522468,18.62194748858043,77.4956283569336,114.30596923828125
156.67731267773192,24.259246148255215,77.4956283569336,114.30596923828125
154.04657330321703,29.14490498664003,77.4956283569336,114.30596923828125
150.16381374742963,32.89936080157274,75.84300994873047,111.86836242675781
145.65483388387264,32.31961834786755,74.22563171386719,109.48273468017578
139.85420384316848,34.52784943744368,72.64274597167969,107.14797973632812
133.8653489717008,30.65270805002342,72.64274597167969,107.14797973632812
127.50931210217396,33.49295264216802,71.09362030029297,104.8630142211914
121.95344240080374,37.60187272204456,69.57752990722656,102.62677764892578
116.21729225497228,41.31349928699434,69.57752990722656,102.62677764892578
110.48114210914082,46.374808239198586,69.57752990722656,102.62677764892578
105.41983315693659,53.46064077228452,69.57752990722656,102.62677764892578
100.35852420473236,60.546473305370455,69.57752990722656,102.62677764892578
95.97205644615536,66.28262345120193,69.57752990722656,102.62677764892578
92.26042988120558,74.0432971779151,69.57752990722656,102.62677764892578
86.82304344450029,81.31683855236454,68.09376525878906,100.438232421875
84.04792167145649,85.88895739572084,66.64164733886719,98.29635620117188
80.0859735943514,87.87156154971606,65.22049713134766,96.20015716552734
75.34161036958074,88.82043419467018,65.22049713134766,96.20015716552734
69.96466538150732,84.70865273320229,65.22049713134766,96.20015716552734
66.0872082910816,84.81982589641598,63.82965087890625,94.1486587524414
61.44402004110424,79.55754587977498,63.82965087890625,94.1486587524414
57.649251363051945,73.69919962026245,62.46846389770508,92.14090728759766
55.10338586745931,62.12588593406663,61.13630676269531,90.17597198486328
50.325667738652044,50.79937393467611,59.832557678222656,88.25294494628906
43.65194820484675,37.16177314820442,59.832557678222656,88.25294494628906
43.94210992370785,20.622555173121725,59.832557678222656,88.25294494628906
44.232271642568946,-1.139573741460751,59.832557678222656,88.25294494628906
44.031223590298694,-17.258674919279592,58.556610107421875,86.37092590332031
682.2999855046997,145.23360430939258,58.556610107421875,86.37092590332031
721.7723621650505,143.8137346453512,58.556610107421875,86.37092590332031
716.1159886457256,120.17228841991692,59.852176666259766,88.2818832397461
703.6349438346441,106.5302161845488,59.852176666259766,88.2818832397461
675.4800287956929,98.69328107061395,59.852176666259766,88.2818832397461
645.5835726203117,90.85634595667909,59.852176666259766,88.2818832397461
618.0091712935038,84.18043826703087,59.852176666259766,88.2818832397461
605.6025381576583,80.49354515300274,61.17640686035156,90.23512268066406
629.8579183547291,46.56026492200914,62.52993392944336,92.23157501220703
681.7124383892026,-22.88233793117469,62.52993392944336,92.23157501220703
681.7124383892026,-22.88233793117469,62.52993392944336,92.23157501220703
681.7124383892026,-22.88233793117469,62.52993392944336,92.23157501220703
681.7124383892026,-22.88233793117469,62.52993392944336,92.23157501220703
681.7124383892026,-22.88233793117469,62.52993392944336,92.23157501220703
681.7124383892026,-22.88233793117469,62.52993392944336,92.23157501220703
681.7124383892026,-22.88233793117469,62.52993392944336,92.23157501220703
681.7124383892026,-22.88233793117469,62.52993392944336,92.23157501220703
681.7124383892026,-22.88233793117469,62.52993392944336,92.23157501220703
681.7124383892026,-22.88233793117469,62.52993392944336,92.23157501220703
612.4370731409274,-36.46426078723914,62.52993392944336,92.23157501220703
681.8796759941113,-21.605363233501116,62.52993392944336,92.23157501220703
675.2102640281418,0.3411756153193011,63.91341018676758,94.27220153808594
664.9818462352891,37.84537418911219,63.91341018676758,94.27220153808594
658.1648755775882,122.01993229949488,65.3274917602539,96.35797119140625
636.9386227610183,188.23316869745156,65.3274917602539,96.35797119140625
634.0873350692403,243.04125432829608,65.3274917602539,96.35797119140625
638.205861735142,268.06922406723663,65.3274917602539,96.35797119140625
682.8760355729979,201.85598766927995,65.3274917602539,96.35797119140625
625.9473401812452,288.5502868187116,66.77286529541016,98.4898910522461
630.920026436168,221.94807698836166,68.25021362304688,100.66898345947266
627.2792061981488,155.42036173001077,68.25021362304688,100.66898345947266
630.2580591201645,100.80805815972275,68.25021362304688,100.66898345947266
625.9552715661418,64.73083943753247,68.25021362304688,100.66898345947266
630.2580591201645,36.59722850738409,68.25021362304688,100.66898345947266
626.6172388821453,8.46361757723571,68.25021362304688,100.66898345947266
613.7088762200773,-7.09261434884634,68.25021362304688,100.66898345947266
607.8029267155208,-12.670407711779653,69.76024627685547,102.89628601074219
614.2307534727864,-8.272420983124206,69.76024627685547,102.89628601074219
629.2537253091791,-5.549786500645311,71.3036880493164,105.17286682128906
653.9368114210298,-9.942091597088648,72.88127899169922,107.49981689453125
691.7551426621384,-5.347341072467984,72.88127899169922,107.49981689453125
740.8836290407747,-10.648976293184141,72.88127899169922,107.49981689453125
813.7833649855995,-8.537924982057866,74.4937744140625,109.87825012207031
900.2899115116456,-13.87635710509901,76.14195251464844,112.3093032836914
998.1425361993477,-15.722633042602823,76.14195251464844,112.3093032836914
1084.917505262027,-18.30741935510816,76.14195251464844,112.3093032836914
1163.6733662181014,-22.44853499166439,74.51820373535156,109.91427612304688
1223.3337992846587,-27.89461335986131,72.9290771484375,107.57032012939453
160.38315927530357,62.06596645684192,72.9290771484375,107.57032012939453
160.38315927530357,62.06596645684192,72.9290771484375,107.57032012939453
-1.4473939237367688,210.23242226170828,72.9290771484375,107.57032012939453
55.494145341699436,203.51261328007297,72.9290771484375,107.57032012939453
80.60501048359987,201.03689418157572,72.9290771484375,107.57032012939453
95.10565091765505,199.97587171079118,72.9290771484375,107.57032012939453
100.41076327157768,200.32954586771936,72.9290771484375,107.57032012939453
97.2276958592241,198.5611750830785,72.9290771484375,107.57032012939453
84.84910036673797,197.50015261229396,72.9290771484375,107.57032012939453
65.51416430866415,198.30624595897004,71.37384033203125,105.27635192871094
30.554837459328695,197.96011400996673,71.37384033203125,105.27635192871094
-9.942600574059895,203.8443571430232,71.37384033203125,105.27635192871094
-4.05835744100343,131.50277980132904,71.37384033203125,105.27635192871094
-4.05835744100343,131.50277980132904,71.37384033203125,105.27635192871094
-13.403920064093107,39.777813315448896,71.37384033203125,105.27635192871094
-23.762638023306724,523.0773699685681,71.37384033203125,105.27635192871094
415.0371873372866,-26.48899778977858,71.37384033203125,105.27635192871094
415.0371873372866,-26.48899778977858,71.37384033203125,105.27635192871094
329.14533860918374,-36.25829717663288,71.37384033203125,105.27635192871094
203.21430809409537,41.91702076241148,71.37384033203125,105.27635192871094
153.7174393866204,-6.19532014905019,71.37384033203125,105.27635192871094
118.06584863927833,-3.0801326080202998,71.37384033203125,105.27635192871094
91.06110648220569,-6.040311539275812,72.95298767089844,107.6055908203125
91.06110648220569,-6.040311539275812,72.95298767089844,107.6055908203125
579.6260945448346,58.62733115619386,72.95298767089844,107.6055908203125
607.5755138964612,-23.80576642518575,72.95298767089844,107.6055908203125
588.1170573858351,-26.28229725381089,72.95298767089844,107.6055908203125
582.8102056102098,-21.68302571493563,72.95298767089844,107.6055908203125
577.2314202204138,-20.304012706067127,74.56707000732422,109.98636627197266
571.0839188997647,-17.77268863285866,74.56707000732422,109.98636627197266
565.6596530286038,-15.964600009138323,74.56707000732422,109.98636627197266
566.744506202836,-13.433275935929856,74.56707000732422,109.98636627197266
560.5970048821869,-10.90195186272139,74.56707000732422,109.98636627197266
557.1458583901198,-10.242784311363494,76.21686553955078,112.41981506347656
552.0844397881204,-8.802074546703444,77.90316009521484,114.9071044921875
551.6145985147999,-7.329488850572133,79.62677001953125,117.44942474365234
551.2284434444836,-3.8540932177250156,79.62677001953125,117.44942474365234
545.9405778854065,-3.150199679130843,81.38851165771484,120.0479965209961
546.2687176412412,-1.6117296307671722,83.1892318725586,122.70405578613281
547.4412378892501,2.472137955462287,85.02979278564453,125.41888427734375
546.9284153627312,5.79072303729005,86.91107940673828,128.1937713623047
547.349896152008,11.269973297887958,86.91107940673828,128.1937713623047
539.8291488847575,9.414542752939099,88.833984375,131.03005981445312
542.844791246934,15.015021425552746,88.833984375,131.03005981445312
535.1576450159566,8.648931063688863,90.7994384765625,133.92909240722656
538.2400084653964,13.49264505566559,90.7994384765625,133.92909240722656
533.3962944734196,8.648931063688863,90.7994384765625,133.92909240722656
536.4786579228594,15.253995598202579,90.7994384765625,133.92909240722656
538.6803461010306,17.455683776373817,90.7994384765625,133.92909240722656
532.9559568377854,16.13467086947108,90.7994384765625,133.92909240722656
535.1576450159566,19.21703431891082,90.7994384765625,133.92909240722656
530.3139310239799,16.13467086947108,90.7994384765625,133.92909240722656
529.7663143104523,17.851032677268705,92.8083724975586,136.89227294921875
527.3387485443118,14.93578456859882,94.86175537109375,139.9210205078125
527.7987866724758,19.07612772207466,94.86175537109375,139.9210205078125
525.4985960316559,21.376318362894565,94.86175537109375,139.9210205078125
527.7987866724758,26.436737772698365,94.86175537109375,139.9210205078125
522.4537726917603,24.411573764044647,96.9605712890625,143.0167694091797
521.8689942599602,26.244398087391815,99.10582733154297,146.18101501464844
523.3108542935214,30.56997818807544,99.10582733154297,146.18101501464844
520.718565255772,31.446068031264616,101.29854583740234,149.41526794433594
520.2273115268374,35.86735159167587,101.29854583740234,149.41526794433594
520.718565255772,40.288635152087124,101.29854583740234,149.41526794433594
519.2448040689683,44.70991871249838,101.29854583740234,149.41526794433594
520.718565255772,50.113709730778794,101.29854583740234,149.41526794433594
520.2273115268374,54.53499329119006,101.29854583740234,149.41526794433594
520.718565255772,58.9562768516013,101.29854583740234,149.41526794433594
518.262296611099,62.39505295414338,101.29854583740234,149.41526794433594
519.7360577979027,69.76385888816213,101.29854583740234,149.41526794433594
518.262296611099,79.09767973791924,101.29854583740234,149.41526794433594
519.7360577979027,85.48397821406883,101.29854583740234,149.41526794433594
517.2797891532298,91.87027669021842,101.29854583740234,149.41526794433594
518.7535503400335,96.29156025062966,101.29854583740234,149.41526794433594
516.2972816953605,102.67785872677925,101.29854583740234,149.41526794433594
516.7885354242951,108.08164974505968,101.29854583740234,149.41526794433594
512.3672518638839,112.50293330547092,101.29854583740234,149.41526794433594
513.8410130506876,116.92421686588216,101.29854583740234,149.41526794433594
508.43722203240713,119.38048551055508,101.29854583740234,149.41526794433594
508.8456323508742,124.35336185436495,103.53977966308594,152.72108459472656
506.1373667617015,129.4362659959883,105.83059692382812,156.10003662109375
504.5976702132532,134.0553556413331,105.83059692382812,156.10003662109375
505.11090239606926,138.67444528667792,105.83059692382812,156.10003662109375
499.4653483850923,144.31999929765493,105.83059692382812,156.10003662109375
499.97858056790835,147.91262457736758,105.83059692382812,156.10003662109375
496.38595528819576,152.5317142227124,105.83059692382812,156.10003662109375
492.79333000848317,156.12433950242504,105.83059692382812,156.10003662109375
490.2271690944027,157.6640360508733,105.83059692382812,156.10003662109375
486.6345438146901,163.30959006185032,105.83059692382812,156.10003662109375
485.0948472662418,167.92867970719513,105.83059692382812,156.10003662109375
480.47575762089696,172.54776935253994,105.83059692382812,156.10003662109375
476.88313234118436,176.1403946322526,105.83059692382812,156.10003662109375
473.29050706147177,173.57423371817214,105.83059692382812,156.10003662109375
468.6714174161269,176.1403946322526,105.83059692382812,156.10003662109375
467.1317208676786,179.73301991196524,105.83059692382812,156.10003662109375
461.48616685670163,182.2991808260457,105.83059692382812,156.10003662109375
460.97293467388556,184.86534174012615,105.83059692382812,156.10003662109375
456.3538450285407,184.3521095573101,105.83059692382812,156.10003662109375
454.81414848009246,185.89180610575835,105.83059692382812,156.10003662109375
451.2215232003798,187.4315026542066,105.83059692382812,156.10003662109375
447.62889792066716,188.97119920265487,105.83059692382812,156.10003662109375
444.0362726409545,191.53736011673533,105.83059692382812,156.10003662109375
441.47011172687405,195.12998539644798,105.83059692382812,156.10003662109375
438.9039508127936,198.72261067616063,105.83059692382812,156.10003662109375
437.36425426434533,201.28877159024108,105.83059692382812,156.10003662109375
434.7980933502649,202.82846813868935,105.83059692382812,156.10003662109375
438.3907186299775,205.3946290527698,105.83059692382812,156.10003662109375
433.7716289846327,208.98725433248245,105.83059692382812,156.10003662109375
439.4171829956097,212.5798796121951,105.83059692382812,156.10003662109375
437.87748644716146,217.19896925753994,105.83059692382812,156.10003662109375
439.4171829956097,215.65927270909168,105.83059692382812,156.10003662109375
439.9304151784258,219.25189798880433,105.83059692382812,156.10003662109375
442.49657609250625,221.8180589028848,105.83059692382812,156.10003662109375
445.0627370065867,221.30482672006872,105.83059692382812,156.10003662109375
448.65536228629935,220.79159453725265,105.83059692382812,156.10003662109375
450.1950588347476,222.3312910857009,105.83059692382812,156.10003662109375
451.7347553831959,220.79159453725265,105.83059692382812,156.10003662109375
454.30091629727633,224.3842198169653,105.83059692382812,156.10003662109375
456.8670772113568,221.81805890288484,105.83059692382812,156.10003662109375
460.4597024910695,223.3577554513331,105.83059692382812,156.10003662109375
465.0787921364142,221.81805890288484,105.83059692382812,156.10003662109375
469.69788178175907,221.30482672006877,105.83059692382812,156.10003662109375
472.2640426958395,219.7651301716205,105.83059692382812,156.10003662109375
476.88313234118436,218.22543362317225,105.83059692382812,156.10003662109375
481.5022219865292,217.71220144035618,105.83059692382812,156.10003662109375
477.9095967068166,216.17250489190792,105.83059692382812,156.10003662109375
483.5551507177936,210.52695088093088,105.83059692382812,156.10003662109375
488.2416633398756,202.9428285481555,108.1720962524414,159.5537567138672
493.03186228091306,195.1909139088758,110.5654067993164,163.08387756347656
499.0406488022352,186.1548828196826,113.01166534423828,166.69210815429688
506.31959875666473,172.37005356707493,115.51204681396484,170.3801727294922
514.9219753025777,162.92975107408648,118.0677490234375,174.14984130859375
522.5265799741379,153.2805892059837,120.68000030517578,178.00289916992188
529.0850541926612,142.20355462748174,123.35004425048828,181.9412078857422
533.3061302613606,132.1226890029942,126.07916259765625,185.96665954589844
533.8144502329255,124.35621297501822,128.86866760253906,190.0811767578125
539.4390611798952,124.98116974690376,128.86866760253906,190.0811767578125
545.063672126865,118.10664525616295,128.86866760253906,190.0811767578125
546.9385424425216,111.23212076542214,128.86866760253906,190.0811767578125
552.5631533894913,109.35725044976556,128.86866760253906,190.0811767578125
561.7680176951726,114.39586185968429,126.1205062866211,186.0276336669922
569.5975429023123,121.68511353506597,123.43094635009766,182.06053161621094
577.2601000699534,125.35721122962326,120.79874420166016,178.17803955078125
584.759252422036,132.33888235404996,118.22267150878906,174.3783416748047
594.3089037962005,139.1716700047206,115.7015380859375,170.65966796875
603.8476370475528,149.8326071679966,115.7015380859375,170.65966796875
611.1419624750574,171.7155834505105,115.7015380859375,170.65966796875
618.4362879025621,187.98754017340542,115.7015380859375,170.65966796875
623.4862055062191,205.38170080822414,115.7015380859375,170.65966796875
627.4139191979524,210.43161841188117,115.7015380859375,170.65966796875
627.9750211539143,209.8705164559193,115.7015380859375,170.65966796875
631.9027348456476,195.84296755687194,115.7015380859375,170.65966796875
636.9526524493047,170.59337953858667,115.7015380859375,170.65966796875
640.8904428009641,132.93312157501265,113.23416900634766,167.02029418945312
644.7442573146549,104.54458240800068,110.81941986083984,163.4585418701172
648.515890307639,77.79744513825176,108.45616149902344,159.9727325439453
654.3015055731494,54.12901905207269,108.45616149902344,159.9727325439453
655.8794006455613,33.61638311071749,108.45616149902344,159.9727325439453
660.5845096172592,24.676078320867845,106.14330291748047,156.56126403808594
658.0107663093872,13.86635642780577,106.14330291748047,156.56126403808594
659.5550122941104,5.115629181041243,106.14330291748047,156.56126403808594
664.1877502482798,1.512388550020546,106.14330291748047,156.56126403808594
667.7909908793005,8.204121150487538,106.14330291748047,156.56126403808594
669.3352368640236,11.807361781508234,106.14330291748047,156.56126403808594
673.9400071548241,18.934295252222057,103.87976837158203,153.22254943847656
671.4211496982165,20.44560972618666,103.87976837158203,153.22254943847656
674.9475501374673,13.896580339006732,103.87976837158203,153.22254943847656
670.4136067155735,7.347550951826804,103.87976837158203,153.22254943847656
673.9400071548242,1.8060645472899353,103.87976837158203,153.22254943847656
674.4437786461458,-9.780679753105318,103.87976837158203,153.22254943847656
682.8348573922149,-17.372615989011514,101.66449737548828,149.9550323486328
689.1461614778896,-23.85223873279039,99.49646759033203,146.7572021484375
695.3228749816071,-27.40323507342199,97.37467193603516,143.6275634765625
698.6369293694358,-31.78881868758718,95.29812622070312,140.56466674804688
698.6369293694358,-31.78881868758718,95.29812622070312,140.56466674804688
698.6369293694358,-31.78881868758718,95.29812622070312,140.56466674804688
23.297832501446166,136.68427504833508,95.29812622070312,140.56466674804688
-14.939015492026854,309.6554913477926,95.29812622070312,140.56466674804688
-14.939015492026854,309.6554913477926,95.29812622070312,140.56466674804688
91.94885425044129,333.25336498316426,95.29812622070312,140.56466674804688
91.94885425044129,333.25336498316426,95.29812622070312,140.56466674804688
635.6604255287135,38.34653573347629,95.29812622070312,140.56466674804688
698.5941024222958,-34.54481314961703,93.26586151123047,137.56707763671875
697.4088104512297,-26.538726665129666,91.27693939208984,134.6334228515625
695.1955437177472,-16.357699691110412,91.27693939208984,134.6334228515625
692.0969702908718,-4.406059330305197,91.27693939208984,134.6334228515625
695.1955437177472,15.513341271036822,91.27693939208984,134.6334228515625
695.6381970644437,26.57967493844906,91.27693939208984,134.6334228515625
695.1955437177472,35.87539521907533,91.27693939208984,134.6334228515625
692.0969702908718,47.827035579880544,91.27693939208984,134.6334228515625
693.4249303309613,59.77867594068576,91.27693939208984,134.6334228515625
692.9822769842648,67.30378283452609,91.27693939208984,134.6334228515625
693.4249303309613,73.94358303497341,91.27693939208984,134.6334228515625
696.5235037578367,79.69807654202776,91.27693939208984,134.6334228515625
695.1955437177472,79.25542319533128,91.27693939208984,134.6334228515625
695.6381970644437,80.58338323542074,91.27693939208984,134.6334228515625
696.9661571045332,84.56726335568914,91.27693939208984,134.6334228515625
691.8231311135438,79.86311354249338,93.29644012451172,137.6121826171875
693.1804722695202,78.50577238651692,93.29644012451172,137.6121826171875
690.0133429055752,72.62396071061897,93.29644012451172,137.6121826171875
687.9554772204887,67.54986559372028,91.3068618774414,134.6775665283203
685.0879055366636,61.730392286751226,89.3597183227539,131.80552673339844
682.2814878115993,54.364251314823946,87.45409393310547,128.99473571777344
678.717346302419,46.337628136515505,85.589111328125,126.24388122558594
675.8118572307781,37.621160921592676,85.589111328125,126.24388122558594
671.246088689628,26.414274502406187,85.589111328125,126.24388122558594
666.9578185286175,18.558821674065626,83.76390075683594,123.55168914794922
663.5440714032416,12.437028377162804,81.97760772705078,120.91691589355469
659.170959273254,6.473693654452447,81.97760772705078,120.91691589355469
656.3880697359891,2.895692820826227,81.97760772705078,120.91691589355469
652.8100689023629,7.268804950813831,81.97760772705078,120.91691589355469
649.2320680687367,10.051694488078667,81.97760772705078,120.91691589355469
647.2442898278332,15.21991791442764,81.97760772705078,120.91691589355469
644.4614002905683,21.183252637137997,81.97760772705078,120.91691589355469
641.6785107533035,27.941698656209738,81.97760772705078,120.91691589355469
638.1005099196773,45.83170282434082,81.97760772705078,120.91691589355469
634.5225090860511,63.72170699247191,81.97760772705078,120.91691589355469
631.947933315206,86.08624136966824,80.22940826416016,118.33832550048828
630.9283175886441,113.22404807639916,78.51849365234375,115.81472778320312
632.8322198689884,141.0210213694274,78.51849365234375,115.81472778320312
635.5045218278441,169.04817858322247,76.84406280517578,113.34494018554688
640.9933616498673,193.60412162034044,75.20533752441406,110.92782592773438
645.005205828822,194.69826094187354,75.20533752441406,110.92782592773438
645.3699189359997,199.43953133518363,75.20533752441406,110.92782592773438
650.1111893293098,196.15711337058434,75.20533752441406,110.92782592773438
434.6718947023002,31.611365080503106,75.20533752441406,110.92782592773438
681.6393726564154,65.28222670448562,75.20533752441406,110.92782592773438
711.181134337809,28.446202879537964,75.20533752441406,110.92782592773438
716.6518309454744,23.704932486227875,75.20533752441406,110.92782592773438
717.0165440526522,20.422514521628585,75.20533752441406,110.92782592773438
717.3812571598299,14.222391699607698,75.20533752441406,110.92782592773438
718.4753964813631,9.48112130629761,75.20533752441406,110.92782592773438
716.6518309454746,4.739850912987507,75.20533752441406,110.92782592773438
719.9342489100738,-0.7308456946779884,75.20533752441406,110.92782592773438
719.9342489100738,-0.7308456946779884,75.20533752441406,110.92782592773438
719.9342489100738,-0.7308456946779884,75.20533752441406,110.92782592773438
719.9342489100738,-0.7308456946779884,75.20533752441406,110.92782592773438
719.9342489100738,-0.7308456946779884,75.20533752441406,110.92782592773438
719.9342489100738,-0.7308456946779884,75.20533752441406,110.92782592773438
719.9342489100738,-0.7308456946779884,75.20533752441406,110.92782592773438
719.9342489100738,-0.7308456946779884,75.20533752441406,110.92782592773438
719.9342489100738,-0.7308456946779884,75.20533752441406,110.92782592773438
719.9342489100738,-0.7308456946779884,75.20533752441406,110.92782592773438
67.39881731093523,-33.67999229124118,75.20533752441406,110.92782592773438
67.39881731093523,-33.67999229124118,75.20533752441406,110.92782592773438
106.12680596686522,34.00981501480038,75.20533752441406,110.92782592773438
106.12680596686522,34.00981501480038,75.20533752441406,110.92782592773438
46.53276157067154,133.30622879208738,75.20533752441406,110.92782592773438
-13.644901113648892,95.01135253842892,75.20533752441406,110.92782592773438
-13.644901113648892,95.01135253842892,75.20533752441406,110.92782592773438
-12.550761792115793,107.046885075293,75.20533752441406,110.92782592773438
-12.550761792115793,107.046885075293,75.20533752441406,110.92782592773438
-12.915474899293493,93.55250010971812,75.20533752441406,110.92782592773438
-16.39616261092349,110.86646417657732,76.86925506591797,113.3821029663086
-24.595000053868432,114.64007887014142,78.56998443603516,115.89067840576172
-24.595000053868432,114.64007887014142,78.56998443603516,115.89067840576172
-24.595000053868432,114.64007887014142,78.56998443603516,115.89067840576172
-24.595000053868432,114.64007887014142,78.56998443603516,115.89067840576172
-33.00367702427377,548.1701031890494,78.56998443603516,115.89067840576172
-16.61937864207227,614.8503873026602,78.56998443603516,115.89067840576172
-16.61937864207227,614.8503873026602,78.56998443603516,115.89067840576172
-23.981080353882717,726.8297719700575,78.56998443603516,115.89067840576172
-23.981080353882717,726.8297719700575,78.56998443603516,115.89067840576172
34.570927884843115,67.31743503713827,78.56998443603516,115.89067840576172
26.261483733732433,162.19324651077923,78.56998443603516,115.89067840576172
26.261483733732433,162.19324651077923,78.56998443603516,115.89067840576172
26.261483733732433,162.19324651077923,78.56998443603516,115.89067840576172
95.40048032563865,270.5215896883554,78.56998443603516,115.89067840576172
95.40048032563865,270.5215896883554,78.56998443603516,115.89067840576172
95.40048032563865,270.5215896883554,78.56998443603516,115.89067840576172
48.46786694692304,258.51850358848236,78.56998443603516,115.89067840576172
107.3227074181938,101.87748182278665,78.56998443603516,115.89067840576172
107.3227074181938,101.87748182278665,78.56998443603516,115.89067840576172
107.3227074181938,101.87748182278665,78.56998443603516,115.89067840576172
107.3227074181938,101.87748182278665,78.56998443603516,115.89067840576172
410.1480426276492,24.511906198324,78.56998443603516,115.89067840576172
21.14911340207317,-32.55286693405483,78.56998443603516,115.89067840576172
439.7523720748238,-12.577712779487513,78.56998443603516,115.89067840576172
439.7523720748238,-12.577712779487513,78.56998443603516,115.89067840576172
439.7523720748238,-12.577712779487513,78.56998443603516,115.89067840576172
439.7523720748238,-12.577712779487513,78.56998443603516,115.89067840576172
439.7523720748238,-12.577712779487513,78.56998443603516,115.89067840576172
439.7523720748238,-12.577712779487513,78.56998443603516,115.89067840576172
439.7523720748238,-12.577712779487513,78.56998443603516,115.89067840576172
-3.9045795200368545,426.22893975899797,78.56998443603516,115.89067840576172
41.6144509083542,632.6160758338488,78.56998443603516,115.89067840576172
41.6144509083542,632.6160758338488,78.56998443603516,115.89067840576172
41.6144509083542,632.6160758338488,78.56998443603516,115.89067840576172
444.0196521383744,63.44989499440527,78.56998443603516,115.89067840576172
444.0196521383744,63.44989499440527,78.56998443603516,115.89067840576172
481.3111767865703,92.38823573613826,78.56998443603516,115.89067840576172
82.89940246128356,591.300095450622,78.56998443603516,115.89067840576172
448.5437175290982,116.37382911503519,78.56998443603516,115.89067840576172
410.78661570200785,-12.854616884284582,78.56998443603516,115.89067840576172
422.91144083188095,-11.512947273894298,78.56998443603516,115.89067840576172
422.91144083188095,-11.512947273894298,78.56998443603516,115.89067840576172
586.0995231855484,-21.443376692640214,78.56998443603516,115.89067840576172
586.0995231855484,-21.443376692640214,78.56998443603516,115.89067840576172
209.91464211627962,174.22318797396326,78.56998443603516,115.89067840576172
42.545383954184175,-2.065471040853623,78.56998443603516,115.89067840576172
42.545383954184175,-2.065471040853623,78.56998443603516,115.89067840576172
42.545383954184175,-2.065471040853623,78.56998443603516,115.89067840576172
42.545383954184175,-2.065471040853623,78.56998443603516,115.89067840576172
42.545383954184175,-2.065471040853623,78.56998443603516,115.89067840576172
42.545383954184175,-2.065471040853623,78.56998443603516,115.89067840576172
42.545383954184175,-2.065471040853623,78.56998443603516,115.89067840576172
42.545383954184175,-2.065471040853623,78.56998443603516,115.89067840576172
42.545383954184175,-2.065471040853623,78.56998443603516,115.89067840576172
42.545383954184175,-2.065471040853623,78.56998443603516,115.89067840576172
42.545383954184175,-2.065471040853623,78.56998443603516,115.89067840576172
42.545383954184175,-2.065471040853623,78.56998443603516,115.89067840576172
42.545383954184175,-2.065471040853623,78.56998443603516,115.89067840576172
42.545383954184175,-2.065471040853623,78.56998443603516,115.89067840576172
42.545383954184175,-2.065471040853623,78.56998443603516,115.89067840576172
42.545383954184175,-2.065471040853623,78.56998443603516,115.89067840576172
42.545383954184175,-2.065471040853623,78.56998443603516,115.89067840576172
42.545383954184175,-2.065471040853623,78.56998443603516,115.89067840576172
42.545383954184175,-2.065471040853623,78.56998443603516,115.89067840576172
60.6261185246363,189.80681932515407,78.56998443603516,115.89067840576172
603.3226995923801,-42.111150905932135,78.56998443603516,115.89067840576172
620.6390824302852,102.0087880259052,78.56998443603516,115.89067840576172
232.44347772799625,298.8740730808837,78.56998443603516,115.89067840576172
232.44347772799625,298.8740730808837,78.56998443603516,115.89067840576172
232.44347772799625,298.8740730808837,78.56998443603516,115.89067840576172
232.44347772799625,298.8740730808837,78.56998443603516,115.89067840576172
204.6282734977472,242.86263442545066,78.56998443603516,115.89067840576172
201.96106213320274,245.52984578999508,78.56998443603516,115.89067840576172
202.34209232813765,251.24529871401887,78.56998443603516,115.89067840576172
201.34356697205598,257.25535547845425,76.89445495605469,113.41927337646484
199.479043915757,261.35730620231203,76.89445495605469,113.41927337646484
201.37722282245653,267.95804875827076,75.25465393066406,111.00057220458984
198.8225566657284,274.89214261224714,75.25465393066406,111.00057220458984
201.37722282245653,281.0963318500155,75.25465393066406,111.00057220458984
198.09265204952035,288.7603303201999,75.25465393066406,111.00057220458984
201.3573948157121,296.6273536935644,73.64982604980469,108.63345336914062
203.14324276675364,302.6992367271056,73.64982604980469,108.63345336914062
207.71540228107276,304.20181795370473,72.0792236328125,106.31681060791016
212.2595892155796,298.95852533696603,72.0792236328125,106.31681060791016
218.75575672136443,294.3645299198042,70.5421142578125,104.04957580566406
224.5714315867304,280.33849053862747,70.5421142578125,104.04957580566406
237.52373837835154,258.6963216894857,69.03778076171875,101.8306884765625
251.49064009949285,240.09729386303707,67.5655288696289,99.65911865234375
266.2354926084863,213.55655934684887,67.5655288696289,99.65911865234375
280.3250183393023,187.67115160883813,67.5655288696289,99.65911865234375
295.72519762647323,161.7857438708274,67.5655288696289,99.65911865234375
314.44737373477216,140.42514405217221,66.12467193603516,97.53385925292969
335.9326569324886,119.58121259170099,66.12467193603516,97.53385925292969
358.70064360469564,103.22674329194666,66.12467193603516,97.53385925292969
382.10998201414793,88.15497746668285,66.12467193603516,97.53385925292969
406.1606721608455,77.57267380213592,66.12467193603516,97.53385925292969
432.13541751927886,68.27307361207954,66.12467193603516,97.53385925292969
463.8823285129196,61.538880371004225,66.12467193603516,97.53385925292969
607.5612043993623,104.3518974628449,66.12467193603516,97.53385925292969
325.5590026982669,-40.430393972594516,66.12467193603516,97.53385925292969
272.64748437553226,6.067606977687419,66.12467193603516,97.53385925292969
306.9598023181541,-0.02523452614262567,66.12467193603516,97.53385925292969
343.19617547251175,-7.400779504463209,66.12467193603516,97.53385925292969
385.20471426207683,-13.493621008293253,66.12467193603516,97.53385925292969
428.49595652613243,-17.662407300387496,66.12467193603516,97.53385925292969
555.1171883371118,12.264166805613115,66.12467193603516,97.53385925292969
555.1171883371118,12.264166805613115,66.12467193603516,97.53385925292969
555.1171883371118,12.264166805613115,66.12467193603516,97.53385925292969
555.1171883371118,12.264166805613115,66.12467193603516,97.53385925292969
269.04025040201134,61.24676671472554,66.12467193603516,97.53385925292969
269.04025040201134,61.24676671472554,66.12467193603516,97.53385925292969
269.04025040201134,61.24676671472554,66.12467193603516,97.53385925292969
389.1069187457067,29.379107741760293,66.12467193603516,97.53385925292969
389.1069187457067,29.379107741760293,66.12467193603516,97.53385925292969
389.1069187457067,29.379107741760293,66.12467193603516,97.53385925292969
389.1069187457067,29.379107741760293,66.12467193603516,97.53385925292969
57.63320478462492,189.86901909870025,66.12467193603516,97.53385925292969
-31.929521805161485,99.95882699377711,67.58767700195312,99.6917953491211
-31.929521805161485,99.95882699377711,67.58767700195312,99.6917953491211
-31.929521805161485,99.95882699377711,67.58767700195312,99.6917953491211
-31.929521805161485,99.95882699377711,67.58767700195312,99.6917953491211
-31.929521805161485,99.95882699377711,67.58767700195312,99.6917953491211
-28.256401133981434,90.35443086896797,69.08305358886719,101.89747619628906
589.9745363120064,278.6122945697538,69.08305358886719,101.89747619628906
290.46757646115,48.73603134153896,69.08305358886719,101.89747619628906
518.5058851776931,468.4383886341112,69.08305358886719,101.89747619628906
518.5058851776931,468.4383886341112,69.08305358886719,101.89747619628906
566.9750636345052,553.4281288034383,69.08305358886719,101.89747619628906
679.6049696949326,38.33342365750099,69.08305358886719,101.89747619628906
679.6049696949326,38.33342365750099,69.08305358886719,101.89747619628906
663.616244948505,-48.23396403449394,69.08305358886719,101.89747619628906
663.616244948505,-48.23396403449394,69.08305358886719,101.89747619628906
663.616244948505,-48.23396403449394,69.08305358886719,101.89747619628906
663.616244948505,-48.23396403449394,69.08305358886719,101.89747619628906
663.616244948505,-48.23396403449394,69.08305358886719,101.89747619628906
663.616244948505,-48.23396403449394,69.08305358886719,101.89747619628906
663.616244948505,-48.23396403449394,69.08305358886719,101.89747619628906
-24.33426293089213,70.548555532108,69.08305358886719,101.89747619628906
-24.33426293089213,70.548555532108,69.08305358886719,101.89747619628906
-24.33426293089213,70.548555532108,69.08305358886719,101.89747619628906
-24.33426293089213,70.548555532108,69.08305358886719,101.89747619628906
53.146773621667805,20.711332156636075,69.08305358886719,101.89747619628906
53.146773621667805,20.711332156636075,69.08305358886719,101.89747619628906
53.146773621667805,20.711332156636075,69.08305358886719,101.89747619628906
53.146773621667805,20.711332156636075,69.08305358886719,101.89747619628906
53.146773621667805,20.711332156636075,69.08305358886719,101.89747619628906
53.146773621667805,20.711332156636075,69.08305358886719,101.89747619628906
53.146773621667805,20.711332156636075,69.08305358886719,101.89747619628906
31.2543301405869,593.3279146502742,69.08305358886719,101.89747619628906
49.30962679266321,-10.253783048271288,69.08305358886719,101.89747619628906
49.30962679266321,-10.253783048271288,69.08305358886719,101.89747619628906
654.6869124301992,186.08324299428986,69.08305358886719,101.89747619628906
746.7281697882069,277.7614937605007,70.61151885986328,104.1519546508789
743.4600952825276,272.70127312092603,72.17379760742188,106.45631408691406
737.214617433238,266.0765456988825,73.77064514160156,108.81166076660156
730.0886149621734,266.72867469463733,75.40282440185547,111.2191162109375
722.8049507073449,259.8075601127402,77.07111358642578,113.67984008789062
717.686799542874,253.50887068834072,78.77631378173828,116.19500732421875
712.4554093830715,247.86353628415333,80.51924133300781,118.76582336425781
708.728781737645,238.04203652658504,82.30072784423828,121.39351654052734
704.9197034240199,229.6595959962994,84.12162780761719,124.079345703125
705.2588625191191,211.78016032836814,85.98281860351562,126.82460021972656
707.3359907595108,200.42699389784997,87.88518524169922,129.63059997558594
701.4996985441607,180.8632674912217,89.82964324951172,132.49867248535156
696.4382197814668,162.67457489631136,91.81712341308594,135.43020629882812
699.5802291838625,145.00739665866936,93.84857940673828,138.42660522460938
692.4035337599629,124.11618611633921,95.92498016357422,141.48928833007812
695.6861176458675,100.832199639697,98.04731750488281,144.61973571777344
690.1616114316705,77.03305571470813,100.21661376953125,147.81944274902344
691.5741261177005,54.72428096186894,102.43390655517578,151.08995056152344
684.771679332472,31.92192597143179,104.70025634765625,154.4328155517578
678.1709206131802,14.150652496415347,104.70025634765625,154.4328155517578
671.5701618938884,-5.651623661460121,104.70025634765625,154.4328155517578
667.0004058574557,-21.39189445361754,104.70025634765625,154.4328155517578
671.5425761141671,-26.107411681378807,102.46749114990234,151.13949584960938
673.1141128594332,-30.722364040248323,100.28234100341797,147.91639709472656
674.6521354318794,-32.4264187758873,98.14379119873047,144.7620391845703
677.0748643432119,-32.25912464644828,96.05084228515625,141.67494201660156
55.60827110677782,109.65037927695985,96.05084228515625,141.67494201660156
-25.90756695562156,45.83512319382433,96.05084228515625,141.67494201660156
-32.89463878954151,42.57448967132835,96.05084228515625,141.67494201660156
-40.81332020131745,51.42478066096028,96.05084228515625,141.67494201660156
-34.75785794525349,70.52277700700813,96.05084228515625,141.67494201660156
-30.504421826768983,88.76967221505623,98.17596435546875,144.8094940185547
68.42987887469076,500.1914155606303,98.17596435546875,144.8094940185547
-44.408361737586986,576.8452414617979,98.17596435546875,144.8094940185547
-42.02780813817184,578.273573621447,98.17596435546875,144.8094940185547
-35.83836877969247,577.7974629015639,98.17596435546875,144.8094940185547
-27.74448654168099,580.1780165009791,98.17596435546875,144.8094940185547
-31.07726158086219,578.74968434133,98.17596435546875,144.8094940185547
-37.26670093934156,578.2735736214469,98.17596435546875,144.8094940185547
-45.36058317735304,577.7974629015638,98.17596435546875,144.8094940185547
-39.171143818873674,579.2257950612129,98.17596435546875,144.8094940185547
-46.3128046171191,579.701905781096,98.17596435546875,144.8094940185547
-17.96325355338641,191.8885623868797,98.17596435546875,144.8094940185547
414.53850814569245,104.36344754422515,98.17596435546875,144.8094940185547
488.3356697275618,-5.618128748754415,98.17596435546875,144.8094940185547
482.14623036908245,0.5713106097249607,98.17596435546875,144.8094940185547
475.004569570837,8.66519284773645,98.17596435546875,144.8094940185547
468.2500550727766,7.914735478347708,96.08232879638672,141.7213897705078
461.2606923421564,11.17643808597046,96.08232879638672,141.7213897705078
452.40749955003747,7.914735478347708,96.08232879638672,141.7213897705078
445.41813681941727,13.040268147469178,96.08232879638672,141.7213897705078
440.60412718345543,20.389895611800156,94.03334045410156,138.6991424560547
439.4090800168019,41.64800947325436,92.0280532836914,135.74134826660156
435.3924155718987,49.235042313627105,92.0280532836914,135.74134826660156
427.42887452573143,46.34430553994052,94.06417083740234,138.74462890625
421.83661220583036,53.53956035577862,92.0582275390625,135.78585815429688
413.35420699679275,57.5575417705859,92.0582275390625,135.78585815429688
403.086032270063,56.2182146323168,92.0582275390625,135.78585815429688
391.41440652086607,55.179269999893975,94.09501647949219,138.7901153564453
381.37827226870485,62.639114121439974,96.17687225341797,141.86083984375
372.0879029384293,65.42493753942708,98.3047866821289,144.99951171875
664.9785908691524,461.87513346676496,98.3047866821289,144.99951171875
749.4591470832282,592.3327547561621,100.47978210449219,148.20762634277344
734.353367234108,604.5148352796461,100.47978210449219,148.20762634277344
718.9862777453639,614.0795191630881,98.33702087402344,145.04705810546875
700.2696596975435,619.7629966174954,96.23995208740234,141.95388793945312
618.8889756505143,596.1437176132303,96.23995208740234,141.95388793945312
566.3827087809237,608.0039267789164,94.18760681152344,138.9266815185547
555.8770237591251,612.1148470048375,94.18760681152344,138.9266815185547
542.3527580699734,607.8728007223154,92.17903137207031,135.9640350341797
535.1490899278597,604.5829623940224,90.21328735351562,133.06455993652344
528.5866623966343,598.020534862797,90.21328735351562,133.06455993652344
520.2742541904155,589.7081266565782,90.21328735351562,133.06455993652344
512.4677497869254,581.427585082678,92.20925903320312,136.00860595703125
505.76012854657165,574.7199638423242,92.20925903320312,136.00860595703125
498.7087938070031,562.544663490287,94.2493896484375,139.01779174804688
496.42345135357084,534.6634855584144,94.2493896484375,139.01779174804688
499.6229307883759,515.9236774402706,94.2493896484375,139.01779174804688
499.1658622976895,500.84041724761823,94.2493896484375,139.01779174804688
499.6229307883759,486.67129403633874,94.2493896484375,139.01779174804688
191.50086867672792,116.83140625678442,94.2493896484375,139.01779174804688
191.50086867672792,116.83140625678442,94.2493896484375,139.01779174804688
241.86550259116314,103.24762837043986,94.2493896484375,139.01779174804688
241.86550259116314,103.24762837043986,94.2493896484375,139.01779174804688
617.739386802464,229.30600777054616,94.2493896484375,139.01779174804688
617.739386802464,229.30600777054616,94.2493896484375,139.01779174804688
393.00792631586495,75.82181433598345,94.2493896484375,139.01779174804688
393.00792631586495,75.82181433598345,94.2493896484375,139.01779174804688
426.3739261359748,110.10195113746616,94.2493896484375,139.01779174804688
429.5991701111188,113.78035771418291,96.33465576171875,142.09356689453125
434.7381625525904,118.91935015565451,96.33465576171875,142.09356689453125
440.81151725614774,124.99270485921187,96.33465576171875,142.09356689453125
436.6068870767619,129.19733503859774,96.33465576171875,142.09356689453125
440.81151725614774,134.33632748006934,96.33465576171875,142.09356689453125
441.2786983871906,138.54095765945522,96.33465576171875,142.09356689453125
438.9427927319762,146.48303688718406,96.33465576171875,142.09356689453125
436.60688707676184,153.49075385282717,96.33465576171875,142.09356689453125
439.8771549940619,160.49847081847028,96.33465576171875,142.09356689453125
445.0161474355335,166.57182552202764,96.33465576171875,142.09356689453125
445.4833285665764,169.84209343932775,96.33465576171875,142.09356689453125
446.88487195970504,175.9154481428851,96.33465576171875,142.09356689453125
447.3520530907479,181.98880284644247,96.33465576171875,142.09356689453125
450.622321008048,188.06215754999982,96.33465576171875,142.09356689453125
453.8925889253481,194.13551225355718,96.33465576171875,142.09356689453125
458.09721910473394,203.0119537433718,96.33465576171875,142.09356689453125
463.23621154620554,210.95403297110067,96.33465576171875,142.09356689453125
468.3752039876772,218.89611219882954,96.33465576171875,142.09356689453125
473.5141964291488,227.77255368864417,96.33465576171875,142.09356689453125
478.6531888706204,232.91154613011577,96.33465576171875,142.09356689453125
481.9497921507274,237.6407445915995,98.46605682373047,145.2373809814453
488.15751982710094,245.75854232224185,98.46605682373047,145.2373809814453
495.3202825306089,257.6964801614218,98.46605682373047,145.2373809814453
500.5729751798481,266.7693129191985,98.46605682373047,145.2373809814453
505.82566782908725,273.93207562270646,98.46605682373047,145.2373809814453
512.858927490641,281.4640421018871,96.36624145507812,142.14015197753906
518.9342735045184,284.73538226320574,96.36624145507812,142.14015197753906
525.0096195183958,288.00672242452436,96.36624145507812,142.14015197753906
532.9543027673124,293.1473998208822,96.36624145507812,142.14015197753906
539.9643173987093,298.28807721724,96.36624145507812,142.14015197753906
544.1703261775475,301.55941737855863,96.36624145507812,142.14015197753906
548.3763349563857,306.70009477491647,96.36624145507812,142.14015197753906
552.5823437352238,310.9061035537547,96.36624145507812,142.14015197753906
554.9190152790228,314.1774437150733,96.36624145507812,142.14015197753906
558.1903554403414,312.7754407887939,96.36624145507812,142.14015197753906
562.3963642191795,314.1774437150733,96.36624145507812,142.14015197753906
567.5370416155373,316.5141152588723,96.36624145507812,142.14015197753906
570.8083817768559,316.0467809501125,96.36624145507812,142.14015197753906
571.2757160856156,312.7754407887939,96.36624145507812,142.14015197753906
571.7430503943754,308.5694320099557,96.36624145507812,142.14015197753906
568.4717102330568,289.4087253508039,96.36624145507812,142.14015197753906
566.1350386892578,269.3133500741325,96.36624145507812,142.14015197753906
565.6677043804981,261.3686668252159,96.36624145507812,142.14015197753906
564.2657014542187,250.61997772374048,96.36624145507812,142.14015197753906
560.9943612929002,237.06728276970625,96.36624145507812,142.14015197753906
562.3963642191795,228.18793090327006,96.36624145507812,142.14015197753906
562.8636985279393,221.17791627187307,96.36624145507812,142.14015197753906
564.2657014542186,216.03723887551524,96.36624145507812,142.14015197753906
562.8636985279393,209.02722424411826,96.36624145507812,142.14015197753906
564.2657014542186,201.08254099520167,96.36624145507812,142.14015197753906
562.8636985279393,193.13785774628508,96.36624145507812,142.14015197753906
566.1350386892578,184.25850587984888,96.36624145507812,142.14015197753906
564.7330357629785,176.31382263093226,96.36624145507812,142.14015197753906
566.1350386892578,166.49980214697646,96.36624145507812,142.14015197753906
562.8636985279393,154.81644442798145,96.36624145507812,142.14015197753906
561.4616956016599,143.13308670898644,96.36624145507812,142.14015197753906
561.9290299104197,127.71105451991303,96.36624145507812,142.14015197753906
559.5923583666207,114.15835956587884,96.36624145507812,142.14015197753906
558.1903554403414,96.86699014176622,96.36624145507812,142.14015197753906
555.8536838965424,83.31429518773203,96.36624145507812,142.14015197753906
553.5170123527434,66.02292576361941,96.36624145507812,142.14015197753906
553.0496780439837,54.3395680446244,96.36624145507812,142.14015197753906
549.7783378826651,44.5255475606686,96.36624145507812,142.14015197753906
549.3110035739054,35.64619569423239,96.36624145507812,142.14015197753906
546.0396634125868,31.440186915394193,96.36624145507812,142.14015197753906
541.8336546337487,32.84218984167359,96.36624145507812,142.14015197753906
538.5623144724301,29.570849680354982,96.36624145507812,142.14015197753906
536.2256429286311,36.58086431175198,96.36624145507812,142.14015197753906
533.8889713848322,43.59087894314898,96.36624145507812,142.14015197753906
528.7482939884744,59.0129111322224,96.36624145507812,142.14015197753906
526.4116224446755,73.5002747037762,96.36624145507812,142.14015197753906
520.3362764307981,92.660981362928,96.36624145507812,142.14015197753906
519.8689421220383,110.88701940456022,96.36624145507812,142.14015197753906
520.3362764307981,132.85173191627084,96.36624145507812,142.14015197753906
517.0649362694795,155.75111304550106,96.36624145507812,142.14015197753906
537.160311546151,164.63046491193725,96.36624145507812,142.14015197753906
526.4116224446756,166.03246783821666,96.36624145507812,142.14015197753906
520.3362764307982,145.00242394402565,96.36624145507812,142.14015197753906
513.3262617994012,129.58039175495225,96.36624145507812,142.14015197753906
514.6845070429383,118.79563835123952,98.49834442138672,145.28500366210938
506.16106641128215,108.76344587787551,100.67761993408203,148.4994354248047
502.5145611802408,97.49618675431304,102.90511322021484,151.7849884033203
502.9294491158787,87.01515786561325,105.18189239501953,155.1432342529297
496.29832646621173,82.424380646613,105.18189239501953,155.1432342529297
490.37182088274903,79.12046641159807,107.50904083251953,158.57577514648438
479.4230084978176,80.68458246658827,107.50904083251953,158.57577514648438
469.51694014954626,71.8212581549771,107.50904083251953,158.57577514648438
463.7818479479155,74.42811824662743,107.50904083251953,158.57577514648438
451.7902915263239,92.67613888817982,107.50904083251953,158.57577514648438
439.7987351047324,117.18062374969304,107.50904083251953,158.57577514648438
427.8071786831408,143.77059668452654,107.50904083251953,158.57577514648438
407.6855376569345,166.35791084695222,109.88768005371094,162.08425903320312
398.62611229492893,183.94385419672773,109.88768005371094,162.08425903320312
390.6325016813946,196.200723804147,109.88768005371094,162.08425903320312
373.0465583316191,220.18155564474995,109.88768005371094,162.08425903320312
371.44783620891224,238.83331374299667,109.88768005371094,162.08425903320312
381.84292223273684,249.7567556579598,112.3189468383789,165.67037963867188
384.5664119821898,256.8378290065374,112.3189468383789,165.67037963867188
390.55808943098623,246.48856795861627,112.3189468383789,165.67037963867188
413.98010127628135,232.87111921135164,112.3189468383789,165.67037963867188
423.23996642442125,229.05823356211755,112.3189468383789,165.67037963867188
420.5164766749683,238.31809871025746,112.3189468383789,165.67037963867188
426.50815412376477,253.02494335730324,112.3189468383789,165.67037963867188
428.1422479734365,267.731788004349,112.3189468383789,165.67037963867188
421.0611746248589,279.1704449520513,112.3189468383789,165.67037963867188
416.15889307584365,285.16212240084775,112.3189468383789,165.67037963867188
410.1672156270472,292.24319574942535,112.3189468383789,165.67037963867188
403.0861422784696,300.4136649977841,112.3189468383789,165.67037963867188
396.4086077728626,299.5551017584477,109.92371368408203,162.1374053955078
398.00785407899315,297.9558554523171,109.92371368408203,162.1374053955078
386.81312993607924,303.81975857479586,109.92371368408203,162.1374053955078
376.68456999725237,304.3528406768394,109.92371368408203,162.1374053955078
369.75450267068663,307.018251187057,109.92371368408203,162.1374053955078
363.8905995482079,309.6836616972746,109.92371368408203,162.1374053955078
355.8943680175551,312.3490722074922,109.92371368408203,162.1374053955078
347.89813648690233,313.9483185136228,109.92371368408203,162.1374053955078
339.90190495624955,312.3490722074922,109.92371368408203,162.1374053955078
334.0380018337708,306.48516908501347,109.92371368408203,162.1374053955078
329.2402629153791,300.6212659625347,109.92371368408203,162.1374053955078
324.4425239969874,295.823527044143,109.92371368408203,162.1374053955078
318.57862087450866,289.9596239216643,109.92371368408203,162.1374053955078
312.7147177520299,279.8310639828374,109.92371368408203,162.1374053955078
308.234840114138,267.68689714923613,107.57955932617188,158.67977905273438
301.4525585606809,260.90461559577903,107.57955932617188,158.67977905273438
297.06821666517,255.0537110173612,105.28539276123047,155.29588317871094
294.51527537421856,248.41606366088752,105.28539276123047,155.29588317871094
286.8564515013643,246.88429888631669,105.28539276123047,155.29588317871094
282.26115717765174,238.20429849708182,105.28539276123047,155.29588317871094
278.6870393703197,230.54547462422755,105.28539276123047,155.29588317871094
268.9858624647043,226.97135681689554,105.28539276123047,155.29588317871094
262.34821510823065,222.37606249318299,105.28539276123047,155.29588317871094
257.7529207845181,221.8654742349927,105.28539276123047,155.29588317871094
255.19997949356667,220.33370946042186,105.28539276123047,155.29588317871094
251.62586168623466,222.88665075137328,105.28539276123047,155.29588317871094
246.0093908461415,227.48194507508583,105.28539276123047,155.29588317871094
240.39292000604837,230.03488636603726,105.28539276123047,155.29588317871094
238.86115523147754,232.58782765698868,105.28539276123047,155.29588317871094
235.28703742414552,238.20429849708182,105.28539276123047,155.29588317871094
237.83997871509695,242.79959282079437,105.28539276123047,155.29588317871094
237.32939045690665,244.3313575953652,105.28539276123047,155.29588317871094
232.7340961331941,243.8207693371749,105.28539276123047,155.29588317871094
235.33311554481924,244.98450460654203,103.04015350341797,151.98414611816406
230.83581725668466,248.48240327509114,103.04015350341797,151.98414611816406
235.33311554481924,252.97970156322572,103.04015350341797,151.98414611816406
236.83221497419743,250.48120251426207,103.04015350341797,151.98414611816406
231.33551706647734,253.97910118281118,103.04015350341797,151.98414611816406
229.83641763709915,247.48300365550563,103.04015350341797,151.98414611816406
232.3800151533173,254.40157779822408,100.84278869628906,148.7430419921875
236.78140720084951,257.82488272408244,100.84278869628906,148.7430419921875
238.24853788336026,259.2920134065932,100.84278869628906,148.7430419921875
234.8252329575019,253.91253423738715,100.84278869628906,148.7430419921875
238.24853788336026,255.3796649198979,100.84278869628906,148.7430419921875
243.6280170525663,250.97827287236566,100.84278869628906,148.7430419921875
248.02940910009852,253.42349067655022,100.84278869628906,148.7430419921875
255.36506251265223,246.0878372639965,100.84278869628906,148.7430419921875
260.74454168185827,240.70835809479047,100.84278869628906,148.7430419921875
263.1897594860428,237.2850531689321,100.84278869628906,148.7430419921875
262.7007159252059,234.83983536474756,100.84278869628906,148.7430419921875
264.1678466077166,231.4165304388892,100.84278869628906,148.7430419921875
268.56923865524885,227.99322551303084,100.84278869628906,148.7430419921875
271.9925435811072,227.5041819521939,100.84278869628906,148.7430419921875
275.4158485069656,228.97131263470465,100.84278869628906,148.7430419921875
280.7953276761716,225.54800770884628,100.84278869628906,148.7430419921875
286.17480684537765,230.92748687805232,100.84278869628906,148.7430419921875
290.5761988929099,227.50418195219396,100.84278869628906,148.7430419921875
295.9556780621159,230.92748687805232,100.84278869628906,148.7430419921875
303.2913314746696,235.32887892558455,100.84278869628906,148.7430419921875
310.49435874582605,242.09991762383095,98.6922836303711,145.571044921875
315.75911890142373,243.5357613026303,98.6922836303711,145.571044921875
321.98110817622097,247.84329233902838,98.6922836303711,145.571044921875
326.28863921261905,245.45021954102947,98.6922836303711,145.571044921875
330.5961702490171,241.1426885046314,98.6922836303711,145.571044921875
335.8609304046148,247.36467777942863,98.6922836303711,145.571044921875
342.08291967941204,252.62943793502632,98.6922836303711,145.571044921875
346.3904507158101,255.97973985222484,98.6922836303711,145.571044921875
349.74075263300864,257.4155835310242,98.6922836303711,145.571044921875
353.09105455020716,258.85142720982356,98.6922836303711,145.571044921875
356.4413564674057,256.45835441182464,98.6922836303711,145.571044921875
361.70611662300337,255.02251073302529,98.6922836303711,145.571044921875
364.0991894210023,251.67220881582676,98.6922836303711,145.571044921875
367.4494913382008,246.40744866022908,98.6922836303711,145.571044921875
369.8425641361997,236.35654290863351,98.6922836303711,145.571044921875
373.19286605339823,214.81888772664308,98.6922836303711,145.571044921875
377.5003970897963,195.19569078305176,98.6922836303711,145.571044921875
380.85069900699483,186.1020141506558,98.6922836303711,145.571044921875
387.07268828179207,173.17942104146152,98.6922836303711,145.571044921875
394.25190667578886,163.128515289866,98.6922836303711,145.571044921875
398.55943771218693,151.1631512998713,98.6922836303711,145.571044921875
403.8241978677846,141.11224554827575,98.6922836303711,145.571044921875
406.21727066578353,131.06133979668022,98.6922836303711,145.571044921875
408.61034346378244,120.0532049258851,98.6922836303711,145.571044921875
411.00341626178135,105.21615357829168,98.6922836303711,145.571044921875
415.3109472981794,98.03693518429486,98.6922836303711,145.571044921875
417.70402009617834,91.81494590949762,98.6922836303711,145.571044921875
422.968780251776,85.59295663470039,98.6922836303711,145.571044921875
427.2763112881741,82.24265471750186,98.6922836303711,145.571044921875
428.71215496697346,77.93512368110376,98.6922836303711,145.571044921875
431.10522776497237,75.54205088310482,98.6922836303711,145.571044921875
432.5410714437717,76.0206654427046,98.6922836303711,145.571044921875
435.89137336097025,74.58482176390524,98.6922836303711,145.571044921875
438.28444615896916,76.97789456190418,98.6922836303711,145.571044921875
436.8486024801698,76.4992800023044,98.6922836303711,145.571044921875
442.1133626357675,78.89235280030334,98.6922836303711,145.571044921875
444.5064354337664,81.28542559830228,98.6922836303711,145.571044921875
443.07059175496704,80.8068110387025,98.6922836303711,145.571044921875
446.42089367216556,82.24265471750186,98.6922836303711,145.571044921875
443.07059175496704,83.67849839630122,98.6922836303711,145.571044921875
446.42089367216556,87.02880031349974,98.6922836303711,145.571044921875
447.93453129802936,88.11965487513595,96.58763885498047,142.46670532226562
449.3397551778953,92.33532651473374,96.58763885498047,142.46670532226562
446.99771537811876,89.99328671495718,96.58763885498047,142.46670532226562
445.5924914982528,94.20895835455497,96.58763885498047,142.46670532226562
445.1240835382975,91.86691855477841,96.58763885498047,142.46670532226562
443.71885965843154,93.27214243464434,96.58763885498047,142.46670532226562
445.1240835382975,93.74055039459964,96.58763885498047,142.46670532226562
443.71885965843154,96.0825901943762,96.58763885498047,142.46670532226562
441.376819858655,95.6141822344209,96.58763885498047,142.46670532226562
438.0979641389678,96.0825901943762,96.58763885498047,142.46670532226562
439.5031880188338,97.48781407424212,96.58763885498047,142.46670532226562
436.2243322991466,95.14577427446557,96.58763885498047,142.46670532226562
434.81910841928067,99.36144591406335,96.58763885498047,142.46670532226562
435.28751637923597,96.08259019437617,96.58763885498047,142.46670532226562
432.0086606595488,100.29826183397395,96.58763885498047,142.46670532226562
435.28751637923597,96.08259019437617,96.58763885498047,142.46670532226562
430.13502881972755,101.23507775388458,96.58763885498047,142.46670532226562
431.5402526995935,103.57711755366114,96.58763885498047,142.46670532226562
425.4509492201745,101.23507775388458,96.58763885498047,142.46670532226562
422.17209350048734,103.57711755366114,96.58763885498047,142.46670532226562
417.9564218608895,97.4878140742421,96.58763885498047,142.46670532226562
411.8671183814705,93.27214243464431,96.58763885498047,142.46670532226562
407.6514467418727,97.4878140742421,96.58763885498047,142.46670532226562
404.37259102218553,95.14577427446554,96.58763885498047,142.46670532226562
400.1569193825877,101.23507775388458,96.58763885498047,142.46670532226562
395.9412477429899,106.387565313393,96.58763885498047,142.46670532226562
393.8107854043225,112.87289186912682,94.52787780761719,139.42855834960938
390.8420578029758,117.45251854517423,92.51203918457031,136.4552001953125
387.07178341581323,121.06962525846632,90.53919219970703,133.54525756835938
382.5355019184832,126.30242443388278,88.60841369628906,130.69735717773438
377.8086674334939,129.3104100152396,88.60841369628906,130.69735717773438
373.0818329485046,132.31839559659642,88.60841369628906,130.69735717773438
370.0738473671478,137.90465453340192,88.60841369628906,130.69735717773438
366.4626636519414,143.8542209695556,86.71881103515625,127.91019439697266
361.83663033608985,147.6391573188887,86.71881103515625,127.91019439697266
356.36950005371983,153.1062876012587,86.71881103515625,127.91019439697266
359.32089183168694,158.11828010628705,84.8695068359375,125.1824722290039
353.97034974931444,162.64566186829455,84.8695068359375,125.1824722290039
354.38192990949693,167.17304363030206,84.8695068359375,125.1824722290039
351.50086878821946,170.87726507194455,84.8695068359375,125.1824722290039
351.91244894840196,176.22780715431705,84.8695068359375,125.1824722290039
350.8338640335923,181.9263264437049,83.05963897705078,122.5129165649414
348.8198485871089,184.74594806878167,83.05963897705078,122.5129165649414
354.7526552024655,189.54645610323382,81.28836822509766,119.9002914428711
354.47951044478737,196.5243777676012,79.55487060546875,117.3433837890625
356.4433620401743,204.84093958070264,77.85833740234375,114.84100341796875
361.2767869759454,212.25228701783902,76.19798278808594,112.39198303222656
365.29479613710777,219.50558286975576,74.57303619384766,109.99519348144531
369.2271199254661,223.81559983438365,72.98274230957031,107.6495132446289
373.7578696110873,228.0337064025597,71.42636108398438,105.35385131835938
377.56812427966025,231.15118749502847,71.42636108398438,105.35385131835938
381.3783789482332,233.57589501139307,71.42636108398438,105.35385131835938
385.8814071929103,234.61505537554933,71.42636108398438,105.35385131835938
391.6510018128704,238.7432084793125,69.9031753540039,103.10714721679688
396.73600159482294,241.11620837755703,69.9031753540039,103.10714721679688
402.4990013477025,240.77720839209354,69.9031753540039,103.10714721679688
408.9400010715091,242.47220831941104,69.9031753540039,103.10714721679688
414.70300082438865,244.16720824672853,69.9031753540039,103.10714721679688
421.1440005481952,244.50620823219202,69.9031753540039,103.10714721679688
428.2630002429288,246.87920813043655,69.9031753540039,103.10714721679688
436.05999990858936,247.89620808682707,69.9031753540039,103.10714721679688
443.8569995742499,249.59120801414457,69.9031753540039,103.10714721679688
457.0779990073266,247.89620808682707,69.9031753540039,103.10714721679688
464.19699870206017,250.2692079850716,69.9031753540039,103.10714721679688
476.7399981642098,247.89620808682707,69.9031753540039,103.10714721679688
486.57099774265134,249.59120801414457,69.9031753540039,103.10714721679688
499.11399720480097,245.86220817404603,69.9031753540039,103.10714721679688
510.9789966960236,248.23520807229056,69.9031753540039,103.10714721679688
523.5219961581732,245.18420820311906,69.9031753540039,103.10714721679688
536.0649956203229,247.55720810136359,69.9031753540039,103.10714721679688
548.6079950824725,246.54020814497306,69.9031753540039,103.10714721679688
562.5069944864762,246.20120815950958,69.9031753540039,103.10714721679688
575.0499939486258,244.50620823219208,69.9031753540039,103.10714721679688
586.2369934689214,244.1672082467286,69.9031753540039,103.10714721679688
600.135992872925,241.1162083775571,69.9031753540039,103.10714721679688
614.0349922769287,238.06520850838558,69.9031753540039,103.10714721679688
627.9339916809324,237.7262085229221,69.9031753540039,103.10714721679688
641.154991114009,233.99720868282355,69.9031753540039,103.10714721679688
654.3759905470856,230.94620881365205,69.9031753540039,103.10714721679688
667.5969899801622,228.57320891540752,69.9031753540039,103.10714721679688
680.1399894423118,224.16620910438195,69.9031753540039,103.10714721679688
693.3609888753884,220.4372092642834,69.9031753540039,103.10714721679688
705.9039883375381,217.3862093951119,69.9031753540039,103.10714721679688
717.7689878287607,215.01320949686738,69.9031753540039,103.10714721679688
729.6339873199834,210.6062096858418,69.9031753540039,103.10714721679688
741.498986811206,208.23320978759727,69.9031753540039,103.10714721679688
753.3639863024287,205.86020988935275,69.9031753540039,103.10714721679688
761.8389859390162,200.7752101074002,69.9031753540039,103.10714721679688
773.0259854593118,197.72421023822866,69.9031753540039,103.10714721679688
779.4669851831184,193.99521039813013,69.9031753540039,103.10714721679688
787.2639848487789,189.58821058710458,69.9031753540039,103.10714721679688
798.4509843690745,187.21521068886005,69.9031753540039,103.10714721679688
802.8579841801001,181.4522109359805,69.9031753540039,103.10714721679688
807.9429839620526,178.40121106680897,69.9031753540039,103.10714721679688
813.0279837440052,176.02821116856444,69.9031753540039,103.10714721679688
818.1129835259577,174.33321124124691,69.9031753540039,103.10714721679688
821.8419833660562,171.96021134300238,69.9031753540039,103.10714721679688
825.5709832061547,170.26521141568486,69.9031753540039,103.10714721679688
828.6219830753262,167.21421154651333,69.9031753540039,103.10714721679688
830.9949829735707,166.1972115901228,69.9031753540039,103.10714721679688
832.6899829008883,163.82421169187828,69.9031753540039,103.10714721679688
829.6389830317167,162.80721173548775,69.9031753540039,103.10714721679688
832.0119829299613,159.75621186631622,69.9031753540039,103.10714721679688
826.2489831770818,160.77321182270674,69.9031753540039,103.10714721679688
823.1979833079102,157.0442119826082,69.9031753540039,103.10714721679688
818.7909834968847,153.99321211343667,69.9031753540039,103.10714721679688
814.3839836858591,151.62021221519214,69.9031753540039,103.10714721679688
809.9769838748335,149.2472123169476,69.9031753540039,103.10714721679688
804.213984121954,147.55221238963009,69.9031753540039,103.10714721679688
798.4509843690745,145.17921249138556,69.9031753540039,103.10714721679688
792.687984616195,142.80621259314103,69.9031753540039,103.10714721679688
786.2469848923884,145.17921249138556,69.9031753540039,103.10714721679688
779.1279851976548,140.094212709433,69.9031753540039,103.10714721679688
770.6529855610672,137.04321284026148,69.9031753540039,103.10714721679688
762.1779859244797,134.67021294201695,69.9031753540039,103.10714721679688
754.3809862588191,135.00921292748046,69.9031753540039,103.10714721679688
746.5839865931586,136.02621288387098,69.9031753540039,103.10714721679688
738.108986956571,130.94121310191844,69.9031753540039,103.10714721679688
729.6339873199835,131.28021308738195,69.9031753540039,103.10714721679688
721.1589876833959,129.58521316006443,69.9031753540039,103.10714721679688
714.0399879886623,129.2462131746009,69.9031753540039,103.10714721679688
706.2429883230018,128.2292132182104,69.9031753540039,103.10714721679688
698.1661737253327,131.6158377877486,68.41246795654297,100.90835571289062
691.8625302606964,132.6111499137438,68.41246795654297,100.90835571289062
683.5682625440697,134.27000345706912,68.41246795654297,100.90835571289062
675.9375362447732,136.59239841772458,68.41246795654297,100.90835571289062
668.3068099454767,135.5970862917294,68.41246795654297,100.90835571289062
660.6760836461802,128.62990140976302,68.41246795654297,100.90835571289062
653.7088987642139,125.64396503177744,68.41246795654297,100.90835571289062
648.0687967169079,126.63927715777263,68.41246795654297,100.90835571289062
643.755777504262,126.97104786643769,68.41246795654297,100.90835571289062
639.4427582916162,128.62990140976302,68.41246795654297,100.90835571289062
635.7932804963004,129.6252135357582,68.41246795654297,100.90835571289062
632.8073441183149,131.28406707908354,68.41246795654297,100.90835571289062
628.494324905669,132.27937920507873,68.41246795654297,100.90835571289062
624.8448471103533,133.2746913310739,68.41246795654297,100.90835571289062
621.1953693150375,134.93354487439925,68.41246795654297,100.90835571289062
618.8729743543821,137.91948125238483,68.41246795654297,100.90835571289062
618.541203645717,138.2512519610499,68.41246795654297,100.90835571289062
617.5458915197219,137.91948125238483,68.41246795654297,100.90835571289062
619.2047450630472,139.57833479571016,68.41246795654297,100.90835571289062
618.8729743543821,137.2559398350547,68.41246795654297,100.90835571289062
619.2047450630472,136.92416912638964,68.41246795654297,100.90835571289062
620.2000571890424,140.57364692170535,68.41246795654297,100.90835571289062
619.970178055356,141.32981854796026,66.95355224609375,98.75645446777344
618.3467000634968,142.3039053430758,66.95355224609375,98.75645446777344
619.3207868586123,141.32981854796026,66.95355224609375,98.75645446777344
619.6454824569842,141.0051229495884,66.95355224609375,98.75645446777344
621.2689604488434,141.97920974470395,66.95355224609375,98.75645446777344
624.19122083419,141.0051229495884,66.95355224609375,98.75645446777344
626.4640900227929,140.03103615447287,66.95355224609375,98.75645446777344
630.0357416048832,139.05694935935733,66.95355224609375,98.75645446777344
632.9580019902298,137.4334713674981,66.95355224609375,98.75645446777344
636.5296535723202,135.80999337563887,66.95355224609375,98.75645446777344
640.1013051544105,134.18651538377964,66.95355224609375,98.75645446777344
643.6729567365009,134.51121098215148,66.95355224609375,98.75645446777344
647.2446083185912,134.83590658052333,66.95355224609375,98.75645446777344
651.4656510974252,133.8618197854078,66.95355224609375,98.75645446777344
655.6866938762591,134.83590658052333,66.95355224609375,98.75645446777344
659.9077366550931,136.45938457238256,66.95355224609375,98.75645446777344
664.7781706306708,139.38164495772918,66.95355224609375,98.75645446777344
