721.0,227.0,33.0,100.0
719.73315,229.28033,33.0,100.0
719.4798,230.54718,33.0,100.0
717.70624,229.28033,33.0,100.0
717.4529,231.05392,33.0,100.0
716.18604,230.29382,33.0,100.0
714.50665,229.97618,33.730125,102.2125
713.72974,230.7531,33.730125,102.2125
712.4349,231.01207,33.730125,102.2125
712.1759,232.30696,33.730125,102.2125
711.399,233.08388,33.730125,102.2125
710.6221,233.34285,33.730125,102.2125
709.84515,234.63774,33.730125,102.2125
708.03235,234.37877,33.730125,102.2125
707.25543,236.1916,33.730125,102.2125
705.9606,235.93263,33.730125,102.2125
704.6657,236.70955,33.730125,102.2125
703.37085,236.96852,33.730125,102.2125
703.6298,236.70955,33.730125,102.2125
702.8529,236.45058,33.730125,102.2125
701.1363,235.58853,34.476406,104.47395
701.02954,234.15816,35.239197,106.78544
699.1356,234.42873,35.239197,106.78544
698.8651,235.2404,35.239197,106.78544
699.1356,234.96983,35.239197,106.78544
697.2417,235.2404,35.239197,106.78544
696.00977,233.77838,36.018864,109.14806
695.7332,235.16113,36.018864,109.14806
694.90356,234.33148,36.018864,109.14806
694.0739,234.60803,36.018864,109.14806
694.35046,234.88458,36.018864,109.14806
692.51746,232.81639,36.81578,111.562965
691.8169,231.28894,37.63033,114.031296
689.90186,230.92674,38.462902,116.55424
688.4253,231.22206,38.462902,116.55424
688.7206,231.51738,38.462902,116.55424
687.83466,232.99394,38.462902,116.55424
686.3581,232.69862,38.462902,116.55424
686.0628,234.17519,38.462902,116.55424
685.7675,233.28926,38.462902,116.55424
684.8816,234.76582,38.462902,116.55424
683.99567,233.28926,38.462902,116.55424
683.10974,234.17519,38.462902,116.55424
682.2238,235.06111,38.462902,116.55424
681.3379,233.58455,38.462902,116.55424
680.45197,235.65175,38.462902,116.55424
679.56604,237.12831,38.462902,116.55424
679.27075,236.24239,38.462902,116.55424
678.3848,237.12831,38.462902,116.55424
677.4989,236.833,38.462902,116.55424
676.613,237.12831,38.462902,116.55424
676.3177,239.19551,38.462902,116.55424
675.43176,238.30959,38.462902,116.55424
673.9552,239.78615,38.462902,116.55424
672.47864,238.90022,38.462902,116.55424
672.18335,240.37679,38.462902,116.55424
670.7068,241.26271,38.462902,116.55424
670.4115,242.14864,38.462902,116.55424
668.93494,241.85332,38.462902,116.55424
668.049,242.73924,38.462902,116.55424
667.1631,243.03456,38.462902,116.55424
666.8678,243.92049,38.462902,116.55424
665.39124,244.2158,38.462902,116.55424
666.27716,245.10173,38.462902,116.55424
664.8006,244.2158,38.462902,116.55424
663.9147,245.10173,38.462902,116.55424
663.02875,244.80641,38.462902,116.55424
662.73346,245.10173,38.462902,116.55424
662.4382,245.98766,38.462902,116.55424
661.55225,245.69234,38.462902,116.55424
660.6663,246.57826,38.462902,116.55424
660.37103,246.87358,38.462902,116.55424
658.41364,243.43948,39.313892,119.133
658.1118,244.34503,39.313892,119.133
656.6026,244.04318,39.313892,119.133
656.9044,244.94873,39.313892,119.133
655.3952,244.04318,39.313892,119.133
655.0934,245.55243,39.313892,119.133
653.58417,245.85428,39.313892,119.133
653.28235,247.36353,39.313892,119.133
652.37683,247.06168,39.313892,119.133
652.075,246.75983,39.313892,119.133
650.5658,247.06168,39.313892,119.133
651.4713,247.36353,39.313892,119.133
649.9621,247.66537,39.313892,119.133
648.4529,248.57092,39.313892,119.133
648.7547,248.87277,39.313892,119.133
647.8492,249.17462,39.313892,119.133
646.33997,248.26907,39.313892,119.133
646.6418,249.17462,39.313892,119.133
645.73627,248.87277,39.313892,119.133
644.83075,249.77832,39.313892,119.133
643.92523,250.08017,39.313892,119.133
641.8123,249.17462,39.313892,119.133
643.32153,250.08017,39.313892,119.133
640.6049,248.57092,39.313892,119.133
640.90674,250.08017,39.313892,119.133
639.3975,249.17462,39.313892,119.133
639.0957,249.47647,39.313892,119.133
638.1902,249.17462,39.313892,119.133
637.28467,249.47647,39.313892,119.133
636.98285,250.98572,39.313892,119.133
636.07733,250.08017,39.313892,119.133
635.7755,250.38202,39.313892,119.133
634.87,250.68387,39.313892,119.133
633.3608,251.58942,39.313892,119.133
633.6626,250.68387,39.313892,119.133
633.9644,250.98572,39.313892,119.133
632.4552,250.68387,39.313892,119.133
632.1534,251.58942,39.313892,119.133
631.85156,251.89127,39.313892,119.133
630.94604,252.79681,39.313892,119.133
630.6442,252.49496,39.313892,119.133
630.3424,253.40051,39.313892,119.133
629.4369,253.09866,39.313892,119.133
629.7387,253.40051,39.313892,119.133
630.0405,253.70236,39.313892,119.133
628.5313,254.60791,39.313892,119.133
629.4368,254.30606,39.313892,119.133
628.5313,255.21161,39.313892,119.133
628.8331,254.90976,39.313892,119.133
628.5313,255.8153,39.313892,119.133
627.6258,255.51346,39.313892,119.133
627.9276,254.60791,39.313892,119.133
626.4184,255.51346,39.313892,119.133
626.7202,254.60791,39.313892,119.133
627.02203,254.90976,39.313892,119.133
625.5128,255.21161,39.313892,119.133
626.41833,253.70236,39.313892,119.133
626.1165,254.60791,39.313892,119.133
625.211,254.30606,39.313892,119.133
625.5128,254.60791,39.313892,119.133
625.211,254.90976,39.313892,119.133
624.9092,255.21161,39.313892,119.133
624.00366,253.70236,39.313892,119.133
623.09814,254.00421,39.313892,119.133
623.39996,253.09866,39.313892,119.133
623.09814,253.40051,39.313892,119.133
622.1926,253.70236,39.313892,119.133
622.49445,254.00421,39.313892,119.133
623.39996,252.49496,39.313892,119.133
623.09814,252.19312,39.313892,119.133
623.39996,252.49496,39.313892,119.133
622.0255,250.23753,40.183712,121.76882
622.9511,249.929,40.183712,121.76882
623.46686,248.26184,41.072777,124.46296
622.5208,249.20789,41.072777,124.46296
624.0976,248.89255,41.072777,124.46296
622.5208,248.57721,41.072777,124.46296
623.46686,248.26187,41.072777,124.46296
623.1515,249.20792,41.072777,124.46296
622.20544,248.26187,41.072777,124.46296
622.5208,247.94653,41.072777,124.46296
621.57477,247.6312,41.072777,124.46296
622.5208,246.68515,41.072777,124.46296
620.94403,247.6312,41.072777,124.46296
621.8901,247.31586,41.072777,124.46296
620.3133,246.36981,41.072777,124.46296
619.36725,246.68515,41.072777,124.46296
618.4212,246.36981,41.072777,124.46296
618.7366,245.42377,41.072777,124.46296
617.7905,244.47772,41.072777,124.46296
618.1059,244.16238,41.072777,124.46296
617.15985,243.84705,41.072777,124.46296
616.8445,243.53171,41.072777,124.46296
617.15985,243.21637,41.072777,124.46296
615.58307,243.53171,41.072777,124.46296
615.89844,242.58566,41.072777,124.46296
614.9524,242.27032,41.072777,124.46296
614.637,242.58566,41.072777,124.46296
613.691,242.901,41.072777,124.46296
612.9094,241.8513,41.98151,127.216705
611.94244,242.17363,41.98151,127.216705
610.97546,243.14061,41.98151,127.216705
611.2978,244.10759,41.98151,127.216705
609.0415,244.42992,41.98151,127.216705
608.0745,244.10759,41.98151,127.216705
607.7522,245.07457,41.98151,127.216705
607.4299,244.75224,41.98151,127.216705
605.81824,244.42992,41.98151,127.216705
605.4959,243.46294,41.98151,127.216705
603.8843,243.14061,41.98151,127.216705
604.2066,242.81828,41.98151,127.216705
601.9503,243.14061,41.98151,127.216705
602.27264,242.81828,41.98151,127.216705
600.661,243.14061,41.98151,127.216705
601.628,243.46294,41.98151,127.216705
600.01636,243.14061,41.98151,127.216705
599.0494,244.75224,41.98151,127.216705
598.72705,245.07457,41.98151,127.216705
599.0494,245.3969,41.98151,127.216705
597.43774,245.71922,41.98151,127.216705
597.1154,246.04155,41.98151,127.216705
596.14844,246.36388,41.98151,127.216705
595.18146,246.04155,41.98151,127.216705
594.2145,245.71922,41.98151,127.216705
593.2475,246.04155,41.98151,127.216705
592.9252,246.36388,41.98151,127.216705
592.12634,244.62213,42.91035,130.03137
589.8201,242.97482,42.91035,130.03137
590.1496,244.62213,42.91035,130.03137
588.5023,243.63376,42.91035,130.03137
587.5139,245.93997,42.91035,130.03137
587.18445,246.92834,42.91035,130.03137
585.5372,246.59888,42.91035,130.03137
585.2077,246.26941,42.91035,130.03137
584.2193,248.57562,42.91035,130.03137
583.2309,247.58725,42.91035,130.03137
582.2425,247.91672,42.91035,130.03137
581.913,248.90509,42.91035,130.03137
581.09656,248.49207,43.85974,132.90831
579.4128,249.50232,43.85974,132.90831
579.7495,249.83908,43.85974,132.90831
578.06573,248.82883,43.85974,132.90831
579.076,249.83908,43.85974,132.90831
576.71875,249.50232,43.85974,132.90831
577.729,251.18607,43.85974,132.90831
576.71875,251.52283,43.85974,132.90831
575.7085,252.53308,43.85974,132.90831
575.37177,252.86984,43.85974,132.90831
573.688,252.53308,43.85974,132.90831
574.0247,253.54333,43.85974,132.90831
573.01447,253.8801,43.85974,132.90831
572.67773,253.54333,43.85974,132.90831
571.6675,254.55359,43.85974,132.90831
570.6572,254.21683,43.85974,132.90831
569.647,253.88007,43.85974,132.90831
569.31024,253.5433,43.85974,132.90831
568.3,254.55356,43.85974,132.90831
568.6367,254.2168,43.85974,132.90831
568.3,255.22705,43.85974,132.90831
567.96326,255.56381,43.85974,132.90831
569.64703,256.57407,43.85974,132.90831
569.3103,256.91083,43.85974,132.90831
568.9736,257.2476,43.85974,132.90831
571.3308,258.93134,43.85974,132.90831
570.32056,258.59457,43.85974,132.90831
572.00433,259.60483,43.85974,132.90831
574.3616,261.28857,43.85974,132.90831
574.6983,262.29883,43.85974,132.90831
577.72906,263.98257,43.85974,132.90831
578.7393,262.97232,43.85974,132.90831
581.09656,263.98257,43.85974,132.90831
580.0863,261.62534,43.85974,132.90831
583.11707,263.30908,43.85974,132.90831
583.4538,264.31934,43.85974,132.90831
585.81104,262.6356,43.85974,132.90831
588.1683,262.97235,43.85974,132.90831
589.1785,263.9826,43.85974,132.90831
590.1888,262.29886,43.85974,132.90831
593.57764,267.28638,42.92442,130.074
594.56635,264.97937,42.92442,130.074
596.2142,266.6272,42.92442,130.074
596.54376,263.66107,42.92442,130.074
599.5099,265.96808,42.92442,130.074
600.4986,264.97937,42.92442,130.074
602.1464,265.96808,42.92442,130.074
603.13513,266.2976,42.92442,130.074
604.78296,267.28632,42.92442,130.074
607.08997,268.27502,42.92442,130.074
608.0787,267.9455,42.92442,130.074
610.3857,266.9568,42.92442,130.074
612.0335,266.6272,42.92442,130.074
614.3405,265.6385,42.92442,130.074
613.3518,265.96808,42.92442,130.074
615.6588,266.2976,42.92442,130.074
617.30664,267.28632,42.92442,130.074
618.29535,267.6159,42.92442,130.074
619.9432,266.6272,42.92442,130.074
621.591,265.6385,42.92442,130.074
622.5797,265.96802,42.92442,130.074
623.5684,266.2976,42.92442,130.074
625.8754,265.3089,42.92442,130.074
626.42633,262.84415,43.874123,132.95189
628.78436,263.181,43.874123,132.95189
629.7949,264.1916,43.874123,132.95189
632.15295,265.20218,43.874123,132.95189
634.511,266.88647,43.874123,132.95189
636.1953,268.57077,43.874123,132.95189
637.2059,268.90762,43.874123,132.95189
638.21643,269.24448,43.874123,132.95189
639.90076,268.90762,43.874123,132.95189
640.9113,270.59192,43.874123,132.95189
641.9219,271.6025,43.874123,132.95189
643.6062,271.93936,43.874123,132.95189
644.61676,272.2762,43.874123,132.95189
645.6273,271.93936,43.874123,132.95189
646.6379,273.62366,43.874123,132.95189
647.64844,273.2868,43.874123,132.95189
650.0065,273.62366,43.874123,132.95189
651.6908,274.63425,43.874123,132.95189
652.02765,274.9711,43.874123,132.95189
654.3857,275.9817,43.874123,132.95189
656.07,276.31854,43.874123,132.95189
656.40686,275.30795,43.874123,132.95189
658.0912,276.31854,43.874123,132.95189
659.10175,276.6554,43.874123,132.95189
660.7861,276.99225,43.874123,132.95189
661.1229,277.3291,43.874123,132.95189
662.1335,278.3397,43.874123,132.95189
662.47034,278.00284,43.874123,132.95189
664.82837,279.01343,43.874123,132.95189
664.4915,278.00284,43.874123,132.95189
666.17584,278.3397,43.874123,132.95189
666.5127,277.3291,43.874123,132.95189
668.197,277.66595,43.874123,132.95189
669.2076,278.0028,43.874123,132.95189
670.21814,278.33966,43.874123,132.95189
671.2287,278.0028,43.874123,132.95189
671.56555,278.33966,43.874123,132.95189
671.2287,278.0028,43.874123,132.95189
672.913,278.33966,43.874123,132.95189
673.2499,280.02396,43.874123,132.95189
672.913,280.3608,43.874123,132.95189
672.5762,279.35022,43.874123,132.95189
673.58673,280.3608,43.874123,132.95189
672.5762,276.65533,43.874123,132.95189
674.2605,276.31848,43.874123,132.95189
674.59735,277.32907,43.874123,132.95189
674.2605,277.66592,43.874123,132.95189
675.27106,279.35022,43.874123,132.95189
674.9342,281.03452,43.874123,132.95189
675.27106,279.35022,43.874123,132.95189
676.9554,280.3608,43.874123,132.95189
679.9871,280.02396,43.874123,132.95189
680.9977,281.03455,43.874123,132.95189
682.00824,282.04514,43.874123,132.95189
683.69257,282.382,43.874123,132.95189
684.0294,283.39258,43.874123,132.95189
685.04,284.40317,43.874123,132.95189
685.37683,284.0663,43.874123,132.95189
686.3874,284.40317,43.874123,132.95189
687.39795,284.74002,43.874123,132.95189
688.4085,285.7506,43.874123,132.95189
688.74536,286.08746,43.874123,132.95189
689.0822,285.7506,43.874123,132.95189
690.76654,286.08746,43.874123,132.95189
691.1034,286.42432,43.874123,132.95189
691.44025,287.4349,43.874123,132.95189
692.4508,287.09805,43.874123,132.95189
692.78766,286.7612,43.874123,132.95189
692.4508,287.7718,43.874123,132.95189
693.46136,287.43494,43.874123,132.95189
693.1245,287.7718,43.874123,132.95189
693.46136,288.10864,43.874123,132.95189
692.6265,284.8904,44.844837,135.89345
691.59357,286.61197,44.844837,135.89345
691.24927,285.57904,44.844837,135.89345
690.39594,283.00403,45.83703,138.90009
692.1556,284.76367,45.83703,138.90009
690.39594,285.81946,45.83703,138.90009
691.7145,283.18747,46.851173,141.97325
691.35474,283.54718,46.851173,141.97325
692.4339,284.62634,46.851173,141.97325
692.07416,284.98605,46.851173,141.97325
691.7144,285.34576,46.851173,141.97325
691.3547,285.70547,46.851173,141.97325
693.15326,286.78464,46.851173,141.97325
692.7935,287.14435,46.851173,141.97325
692.4338,286.0652,46.851173,141.97325
694.23236,285.70547,46.851173,141.97325
693.1532,286.0652,46.851173,141.97325
694.23236,285.70547,46.851173,141.97325
694.5921,287.50406,46.851173,141.97325
694.23236,287.86377,46.851173,141.97325
695.3115,287.50406,46.851173,141.97325
694.9518,287.14435,46.851173,141.97325
694.59204,286.78464,46.851173,141.97325
694.2323,287.14435,46.851173,141.97325
696.7503,287.50406,46.851173,141.97325
694.9517,287.86377,46.851173,141.97325
694.592,288.22348,46.851173,141.97325
693.5128,287.86377,46.851173,141.97325
696.0308,288.22348,46.851173,141.97325
693.5128,287.86377,46.851173,141.97325
693.87256,288.94293,46.851173,141.97325
690.63513,290.0221,46.851173,141.97325
692.4337,289.66238,46.851173,141.97325
690.63513,290.74155,46.851173,141.97325
688.83655,291.10126,46.851173,141.97325
689.9157,291.46097,46.851173,141.97325
688.1171,291.82068,46.851173,141.97325
687.7574,292.89984,46.851173,141.97325
685.2394,292.54013,46.851173,141.97325
686.31854,292.89984,46.851173,141.97325
683.80054,292.54013,46.851173,141.97325
683.4408,292.89984,46.851173,141.97325
683.08105,293.25955,46.851173,141.97325
681.2825,292.1804,46.851173,141.97325
680.2033,291.82068,46.851173,141.97325
679.84357,292.89984,46.851173,141.97325
678.7644,293.979,46.851173,141.97325
677.68524,293.6193,46.851173,141.97325
677.3255,293.25958,46.851173,141.97325
676.96576,292.89987,46.851173,141.97325
676.606,294.69846,46.851173,141.97325
674.80743,295.05817,46.851173,141.97325
675.1672,295.41788,46.851173,141.97325
676.24634,295.7776,46.851173,141.97325
675.8866,297.57617,46.851173,141.97325
674.088,298.65533,46.851173,141.97325
673.00885,298.29562,46.851173,141.97325
672.6491,299.3748,46.851173,141.97325
672.28937,299.7345,46.851173,141.97325
672.6491,300.81366,46.851173,141.97325
671.56995,301.89282,46.851173,141.97325
673.3685,302.25253,46.851173,141.97325
671.56995,302.61224,46.851173,141.97325
671.9297,303.6914,46.851173,141.97325
670.1311,304.05112,46.851173,141.97325
671.21027,304.41083,46.851173,141.97325
668.69226,304.05112,46.851173,141.97325
666.8937,303.6914,46.851173,141.97325
665.8145,304.77057,46.851173,141.97325
664.73535,305.13028,46.851173,141.97325
663.6562,304.77057,46.851173,141.97325
661.8576,307.2886,46.851173,141.97325
660.96606,303.852,47.887756,145.11441
660.0549,301.1023,48.947273,148.32507
658.9274,302.98135,48.947273,148.32507
657.8,302.60553,48.947273,148.32507
657.4242,302.2297,48.947273,148.32507
657.0484,303.35715,48.947273,148.32507
655.1694,302.98132,48.947273,148.32507
654.04193,302.6055,48.947273,148.32507
652.1629,302.98132,48.947273,148.32507
650.45166,300.9506,50.03023,151.60677
650.0675,302.10297,50.03023,151.60677
648.14685,302.4871,50.03023,151.60677
649.29926,303.63947,50.03023,151.60677
647.3786,304.0236,50.03023,151.60677
646.99445,304.4077,50.03023,151.60677
644.30554,304.79184,50.03023,151.60677
645.45795,304.4077,50.03023,151.60677
643.70886,303.1291,51.13715,154.96106
642.531,304.30698,51.13715,154.96106
641.35315,303.91434,51.13715,154.96106
642.531,303.5217,51.13715,154.96106
640.5679,303.91434,51.13715,154.96106
641.4916,308.97253,50.046635,151.65646
640.3388,307.05127,50.046635,151.65646
642.2601,307.43555,50.046635,151.65646
640.3388,309.3568,50.046635,151.65646
642.2601,309.74103,50.046635,151.65646
641.8758,309.3568,50.046635,151.65646
640.723,309.74103,50.046635,151.65646
642.6443,310.1253,50.046635,151.65646
642.26,310.50952,50.046635,151.65646
644.1813,310.8938,50.046635,151.65646
645.33405,311.278,50.046635,151.65646
645.7183,311.6623,50.046635,151.65646
646.1026,312.0465,50.046635,151.65646
647.2554,313.19928,50.046635,151.65646
646.8711,313.5835,50.046635,151.65646
648.02386,314.73627,50.046635,151.65646
646.1026,315.12048,50.046635,151.65646
648.02386,317.04175,50.046635,151.65646
647.6396,317.42603,50.046635,151.65646
648.79236,318.57874,50.046635,151.65646
649.17664,318.963,50.046635,151.65646
651.0979,319.34723,50.046635,151.65646
651.4822,321.2685,50.046635,151.65646
651.86646,320.88428,50.046635,151.65646
654.10345,319.60522,51.153915,155.01186
655.28174,319.998,51.153915,155.01186
657.2455,320.39075,51.153915,155.01186
657.63824,321.569,51.153915,155.01186
657.2455,322.74725,51.153915,155.01186
657.9021,318.18005,52.285694,158.4415
659.9093,320.9901,52.285694,158.4415
661.9165,322.19446,52.285694,158.4415
662.31793,322.5959,52.285694,158.4415
665.12805,325.40594,52.285694,158.4415
667.9382,327.41315,52.285694,158.4415
670.7483,330.22327,52.285694,158.4415
675.96704,331.42755,52.285694,158.4415
679.58,332.6319,52.285694,158.4415
683.193,333.03333,52.285694,158.4415
685.2002,333.43475,52.285694,158.4415
688.0103,333.03333,52.285694,158.4415
689.21466,331.82898,52.285694,158.4415
690.419,330.6247,52.285694,158.4415
690.82043,329.42035,52.285694,158.4415
692.32446,327.2511,53.442516,161.94702
694.3761,328.4821,53.442516,161.94702
695.91345,327.11627,54.62493,165.5301
699.6881,328.37448,54.62493,165.5301
701.78516,328.79388,54.62493,165.5301
705.5598,329.2133,54.62493,165.5301
703.6501,328.6875,55.833508,169.19246
709.22296,331.6883,55.833508,169.19246
709.6517,332.97433,55.833508,169.19246
714.3672,335.11774,55.833508,169.19246
716.8628,331.91174,57.068825,172.93584
720.8063,333.22626,57.068825,172.93584
724.74976,334.54077,57.068825,172.93584
727.81696,335.8553,57.068825,172.93584
731.76044,338.0461,57.068825,172.93584
734.82764,340.23694,57.068825,172.93584
737.0185,341.55145,57.068825,172.93584
740.962,342.86597,57.068825,172.93584
743.15283,345.0568,57.068825,172.93584
744.79456,340.87073,58.331474,176.76204
748.8253,342.21432,58.331474,176.76204
748.64465,339.79422,59.62206,180.6729
750.93353,342.99863,59.62206,180.6729
754.13794,344.37195,59.62206,180.6729
757.34235,348.49188,59.62206,180.6729
758.71564,351.6963,59.62206,180.6729
759.1734,354.9007,59.62206,180.6729
762.01526,358.15082,58.3506,176.81999
762.46326,359.49484,58.3506,176.81999
763.8073,359.94284,58.3506,176.81999
765.725,361.3964,57.10626,173.04926
770.1373,341.6886,55.88845,169.35893
768.85004,335.25204,55.88845,169.35893
772.712,338.25577,55.88845,169.35893
777.0302,345.43832,54.696613,165.7473
779.6373,349.2295,53.530193,162.21269
779.2263,343.8865,53.530193,162.21269
785.7392,351.55826,52.388645,158.75346
789.01166,349.76175,51.271442,155.368
783.8941,354.87927,51.271442,155.368
788.2243,349.76175,51.271442,155.368
792.5545,355.6666,51.271442,155.368
796.0974,360.78412,51.271442,155.368
793.3418,357.2412,51.271442,155.368
797.672,359.9968,51.271442,155.368
795.8795,359.5033,52.405823,158.80551
794.6725,355.07727,52.405823,158.80551
791.85596,358.69855,52.405823,158.80551
792.2583,352.66302,52.405823,158.80551
790.24646,356.2843,52.405823,158.80551
787.3148,353.71155,51.288254,155.41893
779.04535,356.46805,51.288254,155.41893
771.62164,358.5048,50.194515,152.10457
764.2993,360.43173,50.194515,152.10457
756.2062,354.65094,50.194515,152.10457
747.3423,354.26556,50.194515,152.10457
742.3323,350.0263,50.194515,152.10457
734.3239,352.0196,49.124104,148.86089
727.94055,351.0621,48.07652,145.68639
721.6654,352.1695,48.07652,145.68639
714.65204,349.5856,48.07652,145.68639
700.9944,350.693,48.07652,145.68639
691.76624,347.37085,48.07652,145.68639
685.4911,345.5252,48.07652,145.68639
679.9542,342.9413,48.07652,145.68639
673.6791,342.57217,48.07652,145.68639
670.2781,340.21198,47.051273,142.57957
666.25323,341.38406,46.04789,139.53902
662.3642,338.9092,46.04789,139.53902
658.47516,342.09116,46.04789,139.53902
654.5861,342.4447,46.04789,139.53902
651.4042,339.26276,46.04789,139.53902
647.51514,339.6163,46.04789,139.53902
643.6261,338.55566,46.04789,139.53902
639.73706,338.9092,46.04789,139.53902
636.5551,338.55566,46.04789,139.53902
632.6661,338.20212,46.04789,139.53902
630.1912,339.26276,46.04789,139.53902
627.7164,338.9092,46.04789,139.53902
626.6557,339.26276,46.04789,139.53902
622.0596,337.495,46.04789,139.53902
617.43896,338.6421,45.065903,136.56331
615.0169,337.60406,45.065903,136.56331
609.8268,337.25806,45.065903,136.56331
604.63666,336.22003,45.065903,136.56331
599.44653,333.79797,45.065903,136.56331
595.64044,331.37592,45.065903,136.56331
590.4503,330.3379,45.065903,136.56331
586.6442,328.60785,45.065903,136.56331
580.07,327.56982,45.065903,136.56331
574.8799,327.22382,45.065903,136.56331
571.0738,324.80176,45.065903,136.56331
564.4996,322.3797,45.065903,136.56331
559.30945,319.95764,45.065903,136.56331
554.1441,315.21603,46.062984,139.58478
550.9611,314.15503,46.062984,139.58478
550.6075,313.80136,46.062984,139.58478
550.9611,309.91104,46.062984,139.58478
550.6075,304.60605,46.062984,139.58478
547.4245,309.2037,46.062984,139.58478
550.2173,305.8249,47.082127,142.6731
548.40985,306.18637,47.082127,142.6731
548.04834,304.3789,47.082127,142.6731
544.7949,306.18637,47.082127,142.6731
541.5415,305.1019,47.082127,142.6731
538.2881,302.57147,47.082127,142.6731
536.48065,300.04105,47.082127,142.6731
533.22723,300.40253,47.082127,142.6731
532.14276,297.1491,47.082127,142.6731
529.6123,293.8957,47.082127,142.6731
524.18994,297.1491,47.082127,142.6731
518.7676,293.8957,47.082127,142.6731
511.89923,297.1491,47.082127,142.6731
505.03088,300.40253,47.082127,142.6731
498.16254,302.93295,47.082127,142.6731
491.2942,300.40253,47.082127,142.6731
484.39755,300.69946,48.123817,145.82974
476.6383,303.2859,48.123817,145.82974
470.357,321.3908,48.123817,145.82974
464.07568,318.06543,48.123817,145.82974
454.83847,312.52307,48.123817,145.82974
448.55716,303.2859,48.123817,145.82974
443.01483,298.48254,48.123817,145.82974
438.95047,295.89612,48.123817,145.82974
440.05893,293.3097,48.123817,145.82974
438.95047,293.67914,48.123817,145.82974
440.05893,294.04865,48.123817,145.82974
440.4284,293.67914,48.123817,145.82974
441.53687,293.3097,48.123817,145.82974
439.68942,292.20123,48.123817,145.82974
441.53687,290.35376,48.123817,145.82974
439.0878,289.89056,49.188557,149.05623
439.46545,290.26822,49.188557,149.05623
438.33246,289.89056,49.188557,149.05623
437.9548,288.75757,49.188557,149.05623
434.55582,289.13522,49.188557,149.05623
432.6675,289.51288,49.188557,149.05623
430.02386,289.89053,49.188557,149.05623
428.13556,284.9809,49.188557,149.05623
425.3839,288.3903,48.139595,145.87756
422.79663,289.4991,48.139595,145.87756
421.6878,292.8256,48.139595,145.87756
418.36133,295.41287,48.139595,145.87756
415.77405,297.26093,48.139595,145.87756
415.40445,299.8482,48.139595,145.87756
411.33875,303.17468,48.139595,145.87756
409.4907,305.76196,48.139595,145.87756
407.64264,299.4786,48.139595,145.87756
405.05536,300.58743,48.139595,145.87756
401.72888,301.69626,48.139595,145.87756
402.09848,299.8482,48.139595,145.87756
399.5112,301.69626,48.139595,145.87756
400.62003,305.02274,48.139595,145.87756
401.72885,309.08844,48.139595,145.87756
405.44843,325.25015,47.113003,142.76668
407.25705,327.05878,47.113003,142.76668
411.23605,327.4205,47.113003,142.76668
412.78436,306.28027,46.108303,139.72214
415.9705,300.9701,46.108303,139.72214
419.86465,302.74017,46.108303,139.72214
427.29895,304.51025,46.108303,139.72214
433.3172,303.44818,46.108303,139.72214
441.4595,301.6781,46.108303,139.72214
449.6018,305.57227,46.108303,139.72214
459.1602,308.75842,46.108303,139.72214
466.59448,309.82043,46.108303,139.72214
476.86087,311.5905,46.108303,139.72214
484.29517,311.94452,46.108303,139.72214
491.72943,311.5905,46.108303,139.72214
501.28778,309.82043,46.108303,139.72214
509.4301,312.29852,46.108303,139.72214
516.8644,309.11243,46.108303,139.72214
527.1308,313.0066,46.108303,139.72214
533.85706,314.0686,46.108303,139.72214
541.9994,315.83868,46.108303,139.72214
549.43365,313.3606,46.108303,139.72214
558.10583,308.50934,47.12845,142.81349
566.4283,308.8712,47.12845,142.81349
574.02704,306.33826,47.12845,142.81349
580.9021,307.4238,47.12845,142.81349
589.22455,304.16718,47.12845,142.81349
596.0996,305.25272,47.12845,142.81349
602.9747,305.61456,47.12845,142.81349
609.84973,304.52902,47.12845,142.81349
616.0011,305.61456,47.12845,142.81349
622.15247,300.18686,47.12845,142.81349
627.58014,301.2724,47.12845,142.81349
632.2841,302.35794,47.12845,142.81349
638.4355,301.9961,47.12845,142.81349
643.86316,302.35794,47.12845,142.81349
648.56714,302.7198,47.12845,142.81349
652.5474,300.18686,47.12845,142.81349
656.5277,301.9961,47.12845,142.81349
660.508,302.35794,47.12845,142.81349
663.7646,303.44348,47.12845,142.81349
667.7449,305.25272,47.12845,142.81349
670.2778,306.33826,47.12845,142.81349
674.25806,307.4238,47.12845,142.81349
676.5044,309.99286,46.12342,139.76794
680.0682,313.87247,45.139824,136.78735
682.4942,335.70688,45.139824,136.78735
684.9202,340.90555,45.139824,136.78735
686.65314,339.17267,45.139824,136.78735
687.6929,336.7466,45.139824,136.78735
690.5125,325.17715,44.177204,133.87032
692.20844,325.51633,44.177204,133.87032
694.58276,327.21225,44.177204,133.87032
696.2787,328.90817,44.177204,133.87032
697.9746,330.6041,44.177204,133.87032
699.67053,324.15955,44.177204,133.87032
700.6881,326.53384,44.177204,133.87032
697.7361,319.07047,45.154625,136.8322
696.8769,317.91644,46.15367,139.8596
696.734,316.00162,47.17482,142.954
697.8206,316.36383,47.17482,142.954
698.1828,319.62366,47.17482,142.954
695.03046,318.41803,48.218563,146.11685
693.9198,316.56696,48.218563,146.11685
695.7709,313.9754,48.218563,146.11685
691.0123,314.2795,49.2854,149.34969
690.8597,309.09393,50.37584,152.65405
692.7936,311.8014,50.37584,152.65405
692.4068,307.5468,50.37584,152.65405
689.0406,304.65424,51.490406,156.03152
683.13885,299.23666,52.62963,159.48372
678.7835,293.69922,53.79406,163.0123
672.61774,285.46823,54.984253,166.61894
665.4396,274.4272,56.20078,170.30539
667.95166,292.68896,57.44422,174.0734
663.1979,284.81458,58.715176,177.92477
659.27435,283.31403,60.014248,181.86136
655.1273,283.77478,60.014248,181.86136
650.9803,284.2356,60.014248,181.86136
647.7548,283.77478,60.014248,181.86136
643.6078,280.54932,60.014248,181.86136
644.9901,281.01013,60.014248,181.86136
645.45087,281.4709,60.014248,181.86136
647.1773,280.89325,61.342064,185.88504
648.5902,281.3642,61.342064,185.88504
650.3548,278.8192,62.699257,189.99774
652.15845,276.2179,64.08648,194.20145
654.6187,276.70996,64.08648,194.20145
658.06305,272.2815,64.08648,194.20145
660.5233,273.75763,64.08648,194.20145
662.9836,274.2497,64.08648,194.20145
666.4279,274.7417,64.08648,194.20145
669.87225,267.36102,64.08648,194.20145
673.3166,261.9485,64.08648,194.20145
668.8882,281.13837,64.08648,194.20145
662.4916,316.07373,64.08648,194.20145
662.98364,323.45447,64.08648,194.20145
665.4439,320.01013,64.08648,194.20145
665.936,320.50214,64.08648,194.20145
666.42804,318.04193,64.08648,194.20145
665.936,316.5658,64.08648,194.20145
666.7585,311.86493,65.504395,198.49815
666.25555,306.33264,65.504395,198.49815
671.78784,294.76514,65.504395,198.49815
674.3025,286.21524,65.504395,198.49815
676.81714,277.66534,65.504395,198.49815
676.3142,280.18002,65.504395,198.49815
678.82886,273.64188,65.504395,198.49815
676.3142,279.17416,65.504395,198.49815
673.79956,277.66537,65.504395,198.49815
672.2908,280.18005,65.504395,198.49815
671.78784,276.65952,65.504395,198.49815
668.2673,281.1859,65.504395,198.49815
666.7585,281.68884,65.504395,198.49815
664.24384,284.20352,65.504395,198.49815
661.7292,285.7123,65.504395,198.49815
657.20276,288.227,65.504395,198.49815
655.694,282.6947,65.504395,198.49815
651.3167,284.15137,66.95368,202.88992
649.77454,275.41235,66.95368,202.88992
644.1199,283.1233,66.95368,202.88992
627.1558,301.11542,66.95368,202.88992
620.473,306.77014,66.95368,202.88992
615.84644,309.34045,66.95368,202.88992
616.3605,302.65765,66.95368,202.88992
609.6777,309.34045,66.95368,202.88992
612.248,299.57324,66.95368,202.88992
605.5652,302.14355,66.95368,202.88992
610.1918,294.43262,66.95368,202.88992
603.509,298.03107,66.95368,202.88992
607.1074,299.57324,66.95368,202.88992
613.7902,289.80603,66.95368,202.88992
609.16364,294.43262,66.95368,202.88992
604.53705,304.19977,66.95368,202.88992
613.2761,297.51697,66.95368,202.88992
626.1277,288.77795,66.95368,202.88992
633.8386,286.20764,66.95368,202.88992
629.21204,291.8623,66.95368,202.88992
622.6046,296.55127,68.435036,207.37886
631.115,287.17032,69.94916,211.96712
634.8744,280.18854,69.94916,211.96712
638.6338,272.13263,69.94916,211.96712
643.0031,268.6986,68.45747,207.44685
646.2661,267.36426,66.9976,203.02298
648.4679,268.04163,65.568855,198.69345
648.9713,267.5382,65.568855,198.69345
650.4816,267.0348,65.568855,198.69345
649.7251,267.6977,64.17058,194.45625
648.9846,272.1455,62.80212,190.30942
647.33044,275.56903,61.462845,186.251
645.7116,274.37103,60.15213,182.27914
640.63135,279.45123,60.15213,182.27914
638.32214,276.21838,60.15213,182.27914
635.08923,272.98547,60.15213,182.27914
630.9327,278.06573,60.15213,182.27914
628.6235,274.83282,60.15213,182.27914
627.9294,271.8798,58.86937,178.39198
623.86145,275.94772,58.86937,178.39198
624.05347,272.18634,57.613964,174.58772
619.9778,277.8852,56.38533,170.8646
617.65814,277.62067,55.182896,167.22086
614.6923,276.3496,55.182896,167.22086
609.1551,280.99127,54.006104,163.65482
608.532,278.33997,52.85441,160.16483
608.7044,276.52747,51.727272,156.74927
611.17,274.75363,50.624172,153.40654
613.8908,279.80655,50.624172,153.40654
615.5545,278.07056,49.544598,150.1351
617.4565,281.49414,49.544598,150.1351
620.88007,278.83136,49.544598,150.1351
618.9781,282.25494,49.544598,150.1351
622.4017,278.83136,49.544598,150.1351
625.06445,276.92938,49.544598,150.1351
625.4448,278.83136,49.544598,150.1351
626.586,277.69012,49.544598,150.1351
627.7272,278.07056,49.544598,150.1351
628.10754,281.49414,49.544598,150.1351
628.4879,278.07056,49.544598,150.1351
631.1507,276.92932,49.544598,150.1351
628.37915,281.83002,48.488045,146.93343
632.4743,278.47946,48.488045,146.93343
633.5912,276.61804,48.488045,146.93343
630.2406,280.71317,48.488045,146.93343
634.33575,277.3626,48.488045,146.93343
630.188,282.15875,47.45402,143.80003
633.8211,277.1659,48.50394,146.98161
635.68317,275.30386,48.50394,146.98161
632.2519,281.5374,47.469578,143.84718
636.261,278.25723,47.469578,143.84718
635.0107,277.33197,46.457275,140.7796
636.08075,282.68237,46.457275,140.7796
636.67706,276.3141,47.48514,143.89435
638.5,274.49115,47.48514,143.89435
638.6549,280.59375,46.472507,140.82576
640.1822,277.62445,45.48147,137.8226
638.31104,277.4111,44.511562,134.8835
638.6528,281.1704,44.511562,134.8835
639.67804,276.0441,44.511562,134.8835
636.52924,280.4469,43.56234,132.00706
637.53265,276.76776,43.56234,132.00706
635.0958,282.3662,42.633358,129.19197
636.0778,278.76553,42.633358,129.19197
633.0618,282.98257,41.72419,126.43691
634.6636,278.17728,41.72419,126.43691
631.7804,274.65338,41.72419,126.43691
630.81934,278.17728,41.72419,126.43691
629.2176,274.65338,41.72419,126.43691
625.6937,278.81796,41.72419,126.43691
626.0141,275.29407,41.72419,126.43691
623.1309,279.45865,41.72419,126.43691
622.16986,275.93475,41.72419,126.43691
619.2867,271.77017,41.72419,126.43691
618.3256,275.29407,41.72419,126.43691
616.7239,271.77017,41.72419,126.43691
615.12213,275.29407,41.72419,126.43691
615.4425,272.4109,41.72419,126.43691
613.84076,277.2162,41.72419,126.43691
615.4425,274.333,41.72419,126.43691
615.7629,279.1383,41.72419,126.43691
617.3646,276.25513,41.72419,126.43691
618.9664,279.77902,41.72419,126.43691
621.84955,276.25513,41.72419,126.43691
624.09204,280.4197,41.72419,126.43691
626.33453,278.17725,41.72419,126.43691
628.577,282.34183,41.72419,126.43691
630.1788,278.17725,41.72419,126.43691
631.13983,281.70114,41.72419,126.43691
632.7416,277.53656,41.72419,126.43691
634.3433,281.06046,41.72419,126.43691
635.94507,278.17728,41.72419,126.43691
637.5468,281.06046,41.72419,126.43691
639.14856,278.818,41.72419,126.43691
639.46893,282.3419,41.72419,126.43691
641.0707,280.7401,41.72419,126.43691
642.6724,284.264,41.72419,126.43691
642.9928,281.38083,41.72419,126.43691
643.95386,284.264,41.72419,126.43691
645.5556,282.02155,41.72419,126.43691
645.876,284.90472,41.72419,126.43691
646.83704,282.66226,41.72419,126.43691
647.7981,285.54544,41.72419,126.43691
648.11847,283.94366,41.72419,126.43691
649.0795,282.9826,41.72419,126.43691
649.3999,285.86578,41.72419,126.43691
649.7203,282.9826,41.72419,126.43691
649.3999,287.7879,41.72419,126.43691
649.7203,284.90472,41.72419,126.43691
649.3999,287.1472,41.72419,126.43691
648.43884,284.90472,41.72419,126.43691
646.19635,287.1472,41.72419,126.43691
645.876,286.18613,41.72419,126.43691
646.83704,287.1472,41.72419,126.43691
649.0795,288.74896,41.72419,126.43691
648.75916,292.91354,41.72419,126.43691
646.51666,290.03036,41.72419,126.43691
644.9149,292.91354,41.72419,126.43691
643.3132,291.31177,41.72419,126.43691
646.5371,291.73358,40.834408,123.74061
641.2072,293.92822,40.834408,123.74061
643.40186,293.61472,40.834408,123.74061
638.7,296.44507,39.9636,121.1018
640.2342,295.52457,39.9636,121.1018
636.2453,295.21774,39.9636,121.1018
636.5521,296.75192,39.9636,121.1018
638.69995,293.99042,39.9636,121.1018
635.32477,296.75192,39.9636,121.1018
639.31366,293.37674,39.9636,121.1018
642.993,292.0063,39.111362,118.519264
639.0892,292.30658,39.111362,118.519264
636.38654,289.60394,39.111362,118.519264
638.4886,291.706,39.111362,118.519264
634.5848,290.20453,39.111362,118.519264
637.2874,292.90717,39.111362,118.519264
633.3836,289.00336,39.111362,118.519264
634.8851,292.90717,39.111362,118.519264
635.78595,290.20453,39.111362,118.519264
634.2845,293.50775,39.111362,118.519264
635.40955,289.39267,39.9767,121.1415
636.9442,292.1551,39.9767,121.1415
639.70667,288.77878,39.9767,121.1415
641.8552,292.1551,39.9767,121.1415
644.6177,288.16492,39.9767,121.1415
646.15234,292.1551,39.9767,121.1415
648.3009,287.55106,39.9767,121.1415
649.22174,292.1551,39.9767,121.1415
651.3703,288.16492,39.9767,121.1415
652.90497,292.76895,39.9767,121.1415
655.6674,288.77878,39.9767,121.1415
658.7281,283.29883,40.861183,123.821754
660.9242,288.00473,40.861183,123.821754
664.3752,284.55374,40.861183,123.821754
665.31635,288.6322,40.861183,123.821754
669.3948,283.9263,40.861183,123.821754
670.96344,288.00476,40.861183,123.821754
674.4144,283.29886,40.861183,123.821754
675.9831,287.37732,40.861183,123.821754
680.0615,283.29886,40.861183,123.821754
681.6302,287.37732,40.861183,123.821754
684.45374,285.18124,40.861183,123.821754
685.3949,288.63223,40.861183,123.821754
688.21844,284.55377,40.861183,123.821754
687.4409,288.71735,41.765236,126.56131
690.96826,285.19,41.765236,126.56131
693.21295,290.00006,41.765236,126.56131
696.09894,285.19,41.765236,126.56131
698.9849,289.3587,41.765236,126.56131
701.2296,286.47272,41.765236,126.56131
702.1916,289.3587,41.765236,126.56131
705.0776,287.114,41.765236,126.56131
707.32227,290.64136,41.765236,126.56131
709.56696,287.75537,41.765236,126.56131
711.1703,289.3587,41.765236,126.56131
713.0371,287.62592,42.689293,129.36148
715.987,285.98706,42.689293,129.36148
716.9703,285.00378,42.689293,129.36148
719.92017,281.39838,42.689293,129.36148
722.2145,286.31482,42.689293,129.36148
724.5088,282.7094,42.689293,129.36148
726.1476,281.07062,42.689293,129.36148
728.4419,282.0539,42.689293,129.36148
730.0807,285.00372,42.689293,129.36148
734.3416,282.7094,42.689293,129.36148
735.3249,286.31482,42.689293,129.36148
738.9303,283.36493,42.689293,129.36148
741.2246,286.31482,42.689293,129.36148
742.2079,284.02045,42.689293,129.36148
743.19116,287.62585,42.689293,129.36148
745.4855,289.2647,42.689293,129.36148
747.12427,287.62585,42.689293,129.36148
750.07416,290.57574,42.689293,129.36148
752.36847,288.9369,42.689293,129.36148
754.6628,288.60913,42.689293,129.36148
758.2682,290.9035,42.689293,129.36148
761.2181,289.92023,42.689293,129.36148
763.5124,292.87006,42.689293,129.36148
766.4623,291.88678,42.689293,129.36148
768.1011,290.248,42.689293,129.36148
769.08435,291.23126,42.689293,129.36148
768.7566,288.28137,42.689293,129.36148
768.42883,286.64258,42.689293,129.36148
769.4121,285.00372,42.689293,129.36148
769.73987,284.02045,42.689293,129.36148
769.4121,285.00372,42.689293,129.36148
768.42883,282.7094,42.689293,129.36148
768.1011,285.65924,42.689293,129.36148
769.08435,282.7094,42.689293,129.36148
770.72314,281.07056,42.689293,129.36148
769.08435,278.12073,42.689293,129.36148
766.79004,281.07056,42.689293,129.36148
767.7733,277.46515,42.689293,129.36148
766.79004,275.82635,42.689293,129.36148
767.1178,274.1875,42.689293,129.36148
767.44556,277.1374,42.689293,129.36148
765.80676,278.12067,42.689293,129.36148
766.79004,280.41498,42.689293,129.36148
767.7733,276.80957,42.689293,129.36148
766.1345,278.44843,42.689293,129.36148
767.7733,274.84302,42.689293,129.36148
765.479,275.8263,42.689293,129.36148
766.4623,274.84302,42.689293,129.36148
764.8235,279.75946,42.689293,129.36148
765.80676,282.05377,42.689293,129.36148
766.1345,279.75946,42.689293,129.36148
763.8402,284.6759,42.689293,129.36148
764.8235,281.726,42.689293,129.36148
763.8402,284.6759,42.689293,129.36148
764.8235,281.0705,42.689293,129.36148
762.5292,279.43164,42.689293,129.36148
759.5793,281.726,42.689293,129.36148
759.2515,278.77612,42.689293,129.36148
754.9906,281.726,42.689293,129.36148
755.9739,276.80957,42.689293,129.36148
751.71295,280.41498,42.689293,129.36148
750.07416,275.49854,42.689293,129.36148
745.81323,280.41498,42.689293,129.36148
746.141,276.15405,42.689293,129.36148
741.88007,279.75946,42.689293,129.36148
739.58575,275.49854,42.689293,129.36148
735.98035,276.4818,42.689293,129.36148
737.61914,272.2209,42.689293,129.36148
734.01373,275.8263,42.689293,129.36148
736.9636,271.56537,42.689293,129.36148
737.9469,274.5152,42.689293,129.36148
737.61914,276.15405,42.689293,129.36148
740.56903,271.2376,42.689293,129.36148
738.2747,274.84302,42.689293,129.36148
741.2246,268.61548,42.689293,129.36148
738.9303,272.8764,42.689293,129.36148
742.5357,269.92657,42.689293,129.36148
743.76373,270.19574,43.633793,132.2236
742.75867,271.87085,43.633793,132.2236
745.10376,270.86578,43.633793,132.2236
747.44885,269.19073,43.633793,132.2236
745.7738,271.53583,43.633793,132.2236
748.1189,269.19073,43.633793,132.2236
745.10376,271.53583,43.633793,132.2236
747.44885,271.87085,43.633793,132.2236
749.1239,269.52576,43.633793,132.2236
744.76874,272.5409,43.633793,132.2236
746.4438,273.5459,43.633793,132.2236
748.11884,271.2008,43.633793,132.2236
745.8982,273.56146,44.59919,135.14905
746.9255,269.79477,44.59919,135.14905
746.07684,272.20764,45.585945,138.13922
745.72687,275.35767,45.585945,138.13922
746.77686,269.40762,45.585945,138.13922
744.32684,273.95767,45.585945,138.13922
746.07684,270.10764,45.585945,138.13922
745.02686,275.3577,45.585945,138.13922
746.07684,272.20767,45.585945,138.13922
746.4268,278.1577,45.585945,138.13922
746.7768,273.60767,45.585945,138.13922
745.0268,279.5577,45.585945,138.13922
746.0768,274.30765,45.585945,138.13922
745.7268,270.4576,45.585945,138.13922
743.9768,274.30765,45.585945,138.13922
745.0268,270.4576,45.585945,138.13922
743.2768,275.00766,45.585945,138.13922
744.3268,269.7576,45.585945,138.13922
743.4594,274.40262,46.594536,141.19556
744.79974,267.2732,47.62544,144.3195
741.5088,271.29547,47.62544,144.3195
744.0684,266.54187,47.62544,144.3195
742.2401,272.75812,47.62544,144.3195
738.94916,278.97437,47.62544,144.3195
740.77747,274.9521,47.62544,144.3195
740.4118,279.7057,47.62544,144.3195
739.3148,276.41473,47.62544,144.3195
740.4118,280.437,47.62544,144.3195
741.5088,277.87738,47.62544,144.3195
743.3371,278.24304,47.62544,144.3195
745.1654,279.34003,47.62544,144.3195
749.1877,277.51172,47.62544,144.3195
751.7473,279.34003,47.62544,144.3195
755.7696,277.51172,47.62544,144.3195
753.9413,285.1906,47.62544,144.3195
755.7696,282.63098,47.62544,144.3195
758.3292,280.80267,47.62544,144.3195
761.6202,278.97437,47.62544,144.3195
764.91113,277.14606,47.62544,144.3195
764.5455,281.16833,47.62544,144.3195
767.1051,277.87738,47.62544,144.3195
770.7849,277.654,46.609814,141.24185
774.0057,275.14893,46.609814,141.24185
777.22644,275.50677,46.609814,141.24185
771.14276,278.72754,46.609814,141.24185
774.3635,280.51685,46.609814,141.24185
776.5852,285.81708,45.615845,138.22983
778.33636,282.66498,45.615845,138.22983
776.5852,288.61896,45.615845,138.22983
778.33636,287.56824,45.615845,138.22983
779.3871,291.42084,45.615845,138.22983
781.13824,289.66968,45.615845,138.22983
783.58984,292.12128,45.615845,138.22983
786.74194,288.26874,45.615845,138.22983
791.6878,282.74252,46.625095,141.28816
792.7618,285.96436,46.625095,141.28816
795.26764,281.3106,46.625095,141.28816
798.4895,280.23666,46.625095,141.28816
799.5635,282.02658,46.625095,141.28816
799.92145,279.52072,46.625095,141.28816
797.4156,283.45853,46.625095,141.28816
799.2055,285.9644,46.625095,141.28816
800.9954,284.17447,46.625095,141.28816
801.3534,288.11227,46.625095,141.28816
803.1433,284.89044,46.625095,141.28816
804.9332,280.95264,46.625095,141.28816
806.0072,282.74255,46.625095,141.28816
805.64923,285.9644,46.625095,141.28816
808.1551,282.74255,46.625095,141.28816
809.22906,284.53247,46.625095,141.28816
811.019,283.45853,46.625095,141.28816
808.5131,286.68036,46.625095,141.28816
809.5871,282.0266,46.625095,141.28816
807.7972,288.1123,46.625095,141.28816
806.7232,292.76605,46.625095,141.28816
807.0812,290.2602,46.625095,141.28816
808.15515,293.48203,46.625095,141.28816
809.94507,286.68036,46.625095,141.28816
811.735,282.74255,46.625095,141.28816
812.09296,284.53247,46.625095,141.28816
813.8829,282.0266,46.625095,141.28816
814.95685,282.38458,46.625095,141.28816
816.74677,279.87872,46.625095,141.28816
815.8596,279.42993,47.656677,144.41417
817.6891,280.52765,47.656677,144.41417
818.05505,281.62537,47.656677,144.41417
819.1527,282.72308,47.656677,144.41417
820.2505,282.35718,47.656677,144.41417
819.1527,283.4549,47.656677,144.41417
820.2505,284.5526,47.656677,144.41417
819.8845,287.84573,47.656677,144.41417
820.9823,282.3572,47.656677,144.41417
820.07544,284.9355,48.711082,147.60933
821.19745,280.8215,48.711082,147.60933
820.07544,284.18747,48.711082,147.60933
821.94543,280.0735,48.711082,147.60933
820.8234,282.69147,48.711082,147.60933
821.94543,280.0735,48.711082,147.60933
820.8234,281.94348,48.711082,147.60933
821.19745,280.0735,48.711082,147.60933
821.5715,281.19547,48.711082,147.60933
821.9455,281.56946,48.711082,147.60933
819.3275,284.18744,48.711082,147.60933
820.4495,283.81345,48.711082,147.60933
820.82355,281.94345,48.711082,147.60933
818.95355,284.56143,48.711082,147.60933
820.07556,281.94345,48.711082,147.60933
818.95355,285.30942,48.711082,147.60933
820.07556,280.44745,48.711082,147.60933
818.95355,282.31744,48.711082,147.60933
819.3276,280.44745,48.711082,147.60933
817.4576,282.31744,48.711082,147.60933
817.08356,284.93542,48.711082,147.60933
815.21356,287.5534,48.711082,147.60933
816.3356,284.93542,48.711082,147.60933
817.4576,282.31744,48.711082,147.60933
815.5876,284.93542,48.711082,147.60933
816.7096,284.56143,48.711082,147.60933
812.59564,287.1794,48.711082,147.60933
812.2216,291.2934,48.711082,147.60933
813.3436,284.18744,48.711082,147.60933
813.71765,286.80542,48.711082,147.60933
809.6037,290.1714,48.711082,147.60933
809.2297,295.03336,48.711082,147.60933
809.6037,289.4234,48.711082,147.60933
808.4817,294.28537,48.711082,147.60933
808.8557,290.9194,48.711082,147.60933
807.57275,298.62146,47.672302,144.46152
806.6656,293.60562,48.72705,147.65773
807.03973,296.97272,48.72705,147.65773
808.1621,292.10916,48.72705,147.65773
810.0327,290.9868,48.72705,147.65773
807.4139,294.35388,48.72705,147.65773
809.2845,290.23856,48.72705,147.65773
809.6586,289.11618,48.72705,147.65773
810.781,287.9938,48.72705,147.65773
806.6657,289.11618,48.72705,147.65773
809.28455,286.49734,48.72705,147.65773
804.42096,291.3609,48.72705,147.65773
807.0398,285.74908,48.72705,147.65773
803.6727,290.61264,48.72705,147.65773
806.29156,283.50436,48.72705,147.65773
802.1763,286.87146,48.72705,147.65773
805.54333,282.0079,48.72705,147.65773
802.9245,285.375,48.72705,147.65773
805.54333,282.0079,48.72705,147.65773
802.9245,284.62674,48.72705,147.65773
805.54333,281.25964,48.72705,147.65773
802.9245,283.13025,48.72705,147.65773
804.0469,285.00085,48.72705,147.65773
805.9175,280.88553,48.72705,147.65773
801.8022,284.25262,48.72705,147.65773
804.421,282.38202,48.72705,147.65773
801.05396,285.7491,48.72705,147.65773
803.6728,282.38202,48.72705,147.65773
802.5504,286.49734,48.72705,147.65773
804.421,281.6338,48.72705,147.65773
801.8022,286.49734,48.72705,147.65773
803.6728,281.6338,48.72705,147.65773
802.5504,287.99384,48.72705,147.65773
803.6728,281.6338,48.72705,147.65773
802.5504,287.2456,48.72705,147.65773
802.92456,282.38205,48.72705,147.65773
802.5504,287.2456,48.72705,147.65773
802.92456,282.38205,48.72705,147.65773
802.5504,287.99387,48.72705,147.65773
802.1763,282.38205,48.72705,147.65773
801.0539,287.2456,48.72705,147.65773
802.1763,282.38205,48.72705,147.65773
799.55743,287.2456,48.72705,147.65773
801.42804,281.6338,48.72705,147.65773
798.8092,287.2456,48.72705,147.65773
800.6798,280.88556,48.72705,147.65773
798.061,285.7491,48.72705,147.65773
799.9316,280.1373,48.72705,147.65773
798.8092,285.00085,48.72705,147.65773
798.43506,281.63376,48.72705,147.65773
796.56445,287.24557,48.72705,147.65773
796.1903,283.13025,48.72705,147.65773
795.06793,285.00085,48.72705,147.65773
796.93854,281.63376,48.72705,147.65773
792.82324,287.24557,48.72705,147.65773
793.1974,283.13025,48.72705,147.65773
791.3268,281.25964,48.72705,147.65773
788.70795,285.37497,48.72705,147.65773
789.0821,281.25964,48.72705,147.65773
787.2115,284.62674,48.72705,147.65773
786.0891,281.25964,48.72705,147.65773
784.96674,284.62674,48.72705,147.65773
785.3409,281.25964,48.72705,147.65773
782.72205,280.13727,48.72705,147.65773
781.5997,284.2526,48.72705,147.65773
780.4773,280.13727,48.72705,147.65773
778.6067,284.2526,48.72705,147.65773
778.23254,280.13727,48.72705,147.65773
775.6137,283.50436,48.72705,147.65773
775.23956,280.13727,48.72705,147.65773
773.36896,282.7561,48.72705,147.65773
772.9948,279.389,48.72705,147.65773
771.87244,282.7561,48.72705,147.65773
769.2536,280.13727,48.72705,147.65773
767.383,282.7561,48.72705,147.65773
766.2606,279.389,48.72705,147.65773
765.13824,282.00784,48.72705,147.65773
763.26764,278.64075,48.72705,147.65773
762.8935,280.51135,48.72705,147.65773
761.7711,277.14426,48.72705,147.65773
759.9005,277.51837,48.72705,147.65773
758.77814,277.14426,48.72705,147.65773
756.90753,276.77014,48.72705,147.65773
755.78516,275.64777,48.72705,147.65773
753.1663,276.77014,48.72705,147.65773
750.5475,275.64777,48.72705,147.65773
750.17334,276.77014,48.72705,147.65773
747.5545,275.64777,48.72705,147.65773
744.93567,277.51837,48.72705,147.65773
744.5615,276.396,48.72705,147.65773
741.9427,278.2666,48.72705,147.65773
740.8203,277.14423,48.72705,147.65773
738.2015,278.2666,48.72705,147.65773
736.3309,278.64072,48.72705,147.65773
733.71204,279.7631,48.72705,147.65773
734.3374,276.96515,49.805138,150.92465
730.8958,278.11237,49.805138,150.92465
729.7486,276.96515,49.805138,150.92465
727.8366,278.87714,49.805138,150.92465
725.9246,277.72998,49.805138,150.92465
725.54224,278.87714,49.805138,150.92465
724.395,278.49475,49.805138,150.92465
723.2478,278.11237,49.805138,150.92465
721.3358,278.49475,49.805138,150.92465
720.1886,279.64197,49.805138,150.92465
719.0414,279.25958,49.805138,150.92465
717.89417,278.8772,49.805138,150.92465
715.9822,280.02435,49.805138,150.92465
714.83496,279.64197,49.805138,150.92465
712.923,279.25958,49.805138,150.92465
712.5406,278.8772,49.805138,150.92465
711.3934,280.0244,49.805138,150.92465
710.24615,280.4068,49.805138,150.92465
709.09894,280.0244,49.805138,150.92465
707.9517,281.17157,49.805138,150.92465
706.03973,281.55396,49.805138,150.92465
705.65735,281.17157,49.805138,150.92465
704.51013,281.55396,49.805138,150.92465
704.12775,281.17157,49.805138,150.92465
702.9805,281.55396,49.805138,150.92465
701.06854,281.93634,49.805138,150.92465
701.9682,284.65134,48.743027,147.70613
700.84546,283.5286,48.743027,147.70613
700.4712,285.3998,48.743027,147.70613
699.90875,287.33545,47.703568,144.55626
701.00757,286.96918,47.703568,144.55626
699.90875,288.06796,47.703568,144.55626
698.80994,288.43423,47.703568,144.55626
698.44366,287.33545,47.703568,144.55626
700.27496,286.96918,47.703568,144.55626
698.44366,287.33545,47.703568,144.55626
700.27496,287.70172,47.703568,144.55626
697.7111,288.068,47.703568,144.55626
699.5424,289.16678,47.703568,144.55626
701.3737,289.53305,47.703568,144.55626
703.205,288.43427,47.703568,144.55626
702.1062,285.87042,47.703568,144.55626
703.205,284.77164,47.703568,144.55626
702.1062,282.2078,47.703568,144.55626
700.2749,282.57407,47.703568,144.55626
701.3737,282.2078,47.703568,144.55626
700.2749,281.109,47.703568,144.55626
702.1062,278.54517,47.703568,144.55626
701.1985,278.086,48.75901,147.75456
702.3216,278.46036,48.75901,147.75456
704.94214,278.086,48.75901,147.75456
705.8229,278.57898,47.71921,144.60365
704.72375,279.67813,47.71921,144.60365
704.35736,279.31174,47.71921,144.60365
704.72375,279.67813,47.71921,144.60365
702.15906,280.77728,47.71921,144.60365
704.72375,281.14368,47.71921,144.60365
702.89185,280.04453,47.71921,144.60365
704.72375,280.41092,47.71921,144.60365
703.62463,278.579,47.71921,144.60365
706.18933,279.67816,47.71921,144.60365
704.3574,280.04456,47.71921,144.60365
704.7238,281.1437,47.71921,144.60365
703.6247,282.24286,47.71921,144.60365
706.9221,279.6782,47.71921,144.60365
705.823,280.77734,47.71921,144.60365
705.4566,280.41095,47.71921,144.60365
706.5557,280.04456,47.71921,144.60365
707.65485,279.67816,47.71921,144.60365
706.5557,280.7773,47.71921,144.60365
706.9221,281.1437,47.71921,144.60365
707.2885,281.5101,47.71921,144.60365
708.38763,281.8765,47.71921,144.60365
710.21954,282.2429,47.71921,144.60365
709.1204,281.8765,47.71921,144.60365
710.21954,282.97565,47.71921,144.60365
709.85315,282.60925,47.71921,144.60365
710.9523,280.77734,47.71921,144.60365
710.5859,281.14374,47.71921,144.60365
712.4178,280.77734,47.71921,144.60365
711.31866,280.41095,47.71921,144.60365
710.9523,279.3118,47.71921,144.60365
708.3876,279.6782,47.71921,144.60365
708.75397,279.3118,47.71921,144.60365
709.12036,278.21265,47.71921,144.60365
710.2195,277.1135,47.71921,144.60365
710.5859,276.7471,47.71921,144.60365
711.685,274.9152,47.71921,144.60365
711.3186,274.5488,47.71921,144.60365
714.616,271.98413,47.71921,144.60365
713.5169,273.81604,47.71921,144.60365
715.3488,273.44965,47.71921,144.60365
716.44794,273.08325,47.71921,144.60365
717.54706,274.1824,47.71921,144.60365
719.37897,275.28156,47.71921,144.60365
719.0126,274.1824,47.71921,144.60365
718.6462,276.0143,47.71921,144.60365
720.4781,274.91516,47.71921,144.60365
722.0464,275.39758,46.701584,141.51994
721.6878,275.75616,46.701584,141.51994
722.0464,273.96332,46.701584,141.51994
723.83923,275.03903,46.701584,141.51994
723.48065,275.3976,46.701584,141.51994
723.83923,276.47333,46.701584,141.51994
724.9149,274.68048,46.701584,141.51994
723.1221,277.19046,46.701584,141.51994
722.0464,277.54904,46.701584,141.51994
721.6878,277.90762,46.701584,141.51994
722.0464,276.8319,46.701584,141.51994
721.5075,280.06897,45.705658,138.50198
723.26215,279.01617,45.705658,138.50198
722.20935,278.66528,45.705658,138.50198
725.3677,277.6125,45.705658,138.50198
723.61304,275.8579,45.705658,138.50198
725.3677,274.8051,45.705658,138.50198
723.61304,273.75238,45.705658,138.50198
726.0695,274.8051,45.705658,138.50198
724.3149,273.05054,45.705658,138.50198
725.3677,273.40143,45.705658,138.50198
724.498,270.777,46.716896,141.56635
726.29144,268.98358,46.716896,141.56635
725.2154,270.05963,46.716896,141.56635
726.29144,268.98358,46.716896,141.56635
727.3675,268.6249,46.716896,141.56635
726.4786,268.17526,47.750507,144.6985
725.56995,264.67267,48.806988,147.89996
725.1952,265.79688,48.806988,147.89996
727.06885,264.67267,48.806988,147.89996
726.6941,264.29794,48.806988,147.89996
725.7654,262.273,49.88684,151.17226
725.3824,263.4221,49.88684,151.17226
726.53143,262.273,49.88684,151.17226
725.3824,263.4221,49.88684,151.17226
728.06354,261.50696,49.88684,151.17226
726.9145,261.88998,49.88684,151.17226
728.8296,261.50696,49.88684,151.17226
728.4466,261.88998,49.88684,151.17226
726.5315,263.8051,49.88684,151.17226
726.1485,264.9542,49.88684,151.17226
725.7655,266.86932,49.88684,151.17226
728.44666,266.4863,49.88684,151.17226
726.53156,265.33722,49.88684,151.17226
726.91455,267.25235,49.88684,151.17226
728.0636,267.63538,49.88684,151.17226
725.38245,267.25235,49.88684,151.17226
724.2334,267.63538,49.88684,151.17226
724.6164,265.72025,49.88684,151.17226
723.46735,265.33722,49.88684,151.17226
723.85034,265.72025,49.88684,151.17226
724.23334,266.10327,49.88684,151.17226
724.61633,262.65604,49.88684,151.17226
725.7654,259.97485,49.88684,151.17226
725.3824,259.59183,49.88684,151.17226
725.7654,259.97485,49.88684,151.17226
725.3824,260.35788,49.88684,151.17226
724.23334,259.2088,49.88684,151.17226
723.85034,258.82578,49.88684,151.17226
724.23334,258.44275,49.88684,151.17226
723.0843,257.29367,49.88684,151.17226
722.7013,259.97485,49.88684,151.17226
723.0843,258.82578,49.88684,151.17226
720.40314,259.97485,49.88684,151.17226
721.5522,261.88998,49.88684,151.17226
721.1692,260.7409,49.88684,151.17226
720.7862,261.88998,49.88684,151.17226
720.4032,262.273,49.88684,151.17226
719.25415,263.4221,49.88684,151.17226
719.63715,261.50696,49.88684,151.17226
720.02014,261.88998,49.88684,151.17226
720.40314,262.273,49.88684,151.17226
720.02014,261.88998,49.88684,151.17226
719.63715,262.273,49.88684,151.17226
719.25415,262.65604,49.88684,151.17226
718.1051,260.7409,49.88684,151.17226
716.95605,262.65604,49.88684,151.17226
718.5955,263.1604,48.82299,147.94846
716.5869,267.26706,47.781826,144.79341
718.4212,264.699,47.781826,144.79341
716.5869,266.53333,47.781826,144.79341
716.9538,264.699,47.781826,144.79341
715.8532,265.7996,47.781826,144.79341
715.4863,266.16644,47.781826,144.79341
716.5869,263.5984,47.781826,144.79341
716.9538,265.4327,47.781826,144.79341
717.3207,261.39722,47.781826,144.79341
716.9538,264.69897,47.781826,144.79341
718.7881,262.13092,47.781826,144.79341
717.6875,263.96524,47.781826,144.79341
717.3206,259.92975,47.781826,144.79341
716.22003,263.2315,47.781826,144.79341
715.66876,266.5434,46.762863,141.70564
716.7459,261.8759,46.762863,141.70564
716.38684,264.38916,46.762863,141.70564
715.3097,266.18436,46.762863,141.70564
714.41986,260.5192,47.797493,144.84088
714.78687,261.62015,47.797493,144.84088
713.6859,258.3173,47.797493,144.84088
713.3189,260.88617,47.797493,144.84088
715.1538,256.84937,47.797493,144.84088
714.6023,259.4549,46.7782,141.7521
716.3981,260.5324,46.7782,141.7521
716.7572,262.3282,46.7782,141.7521
717.83466,262.68732,46.7782,141.7521
716.7572,263.0465,46.7782,141.7521
716.3981,265.5606,46.7782,141.7521
716.03894,268.0747,46.7782,141.7521
717.57623,269.9323,45.78064,138.7292
718.4032,272.42792,44.804356,135.77077
717.3712,273.45993,44.804356,135.77077
718.4032,276.55594,44.804356,135.77077
718.7472,280.33997,44.804356,135.77077
718.4032,281.37198,44.804356,135.77077
719.4352,281.02798,44.804356,135.77077
721.1552,279.99597,44.804356,135.77077
723.56323,281.02798,44.804356,135.77077
693.635,341.91638,44.804356,135.77077
691.227,345.7004,44.804356,135.77077
693.635,344.6684,44.804356,135.77077
695.63763,342.8095,45.79565,138.77469
695.49585,342.3687,46.80888,141.84508
696.8424,338.18948,47.84453,144.9834
695.5822,345.75452,46.82423,141.89159
695.2227,345.39502,46.82423,141.89159
694.8632,347.9116,46.82423,141.89159
696.66077,347.5521,46.82423,141.89159
697.7393,347.9116,46.82423,141.89159
699.53687,348.9901,46.82423,141.89159
702.05347,348.6306,46.82423,141.89159
703.851,349.70914,46.82423,141.89159
706.68994,346.2745,47.860218,145.03094
705.5875,348.11182,47.860218,145.03094
707.7268,343.8387,48.919125,148.23976
704.4578,340.25043,50.00146,151.51956
708.6808,342.93774,50.00146,151.51956
706.93274,338.47345,51.107742,154.87193
708.1099,338.08105,51.107742,154.87193
706.14795,337.68866,51.107742,154.87193
708.8947,342.00504,51.107742,154.87193
707.92224,337.442,52.238503,158.29848
705.26373,331.9457,53.39428,161.80083
704.85376,337.27512,53.39428,161.80083
701.9841,335.22534,53.39428,161.80083
699.9343,339.73483,53.39428,161.80083
705.26373,336.04523,53.39428,161.80083
703.214,340.55472,53.39428,161.80083
701.98413,337.68503,53.39428,161.80083
699.2668,329.5152,54.575626,165.38068
696.4894,304.64453,55.78311,169.03972
694.5392,307.66248,57.01731,172.77972
691.4748,300.22037,57.01731,172.77972
686.75635,306.93857,58.27882,176.60248
681.8343,311.8606,58.27882,176.60248
684.4392,305.7288,59.568237,180.50981
678.4936,310.75974,59.568237,180.50981
681.69507,307.55823,59.568237,180.50981
678.4936,310.75974,59.568237,180.50981
679.86566,309.38766,59.568237,180.50981
681.23773,310.75974,59.568237,180.50981
678.03625,310.30237,59.568237,180.50981
682.15247,308.9303,59.568237,180.50981
682.6098,305.7288,59.568237,180.50981
680.323,299.78314,59.568237,180.50981
679.86566,302.98465,59.568237,180.50981
679.4083,297.039,59.568237,180.50981
678.27484,299.31268,60.886185,184.50359
677.8074,294.17044,60.886185,184.50359
677.61884,296.49445,62.23329,188.58572
680.96356,299.83917,62.23329,188.58572
675.7075,292.67188,62.23329,188.58572
680.96356,302.70605,62.23329,188.58572
676.80493,294.17526,63.610203,192.75818
677.6214,300.6569,65.01758,197.02295
676.3842,295.88776,66.45609,201.38208
674.0609,293.13058,67.92644,205.83766
672.7684,293.55896,69.429306,210.39182
673.30145,289.82745,69.429306,210.39182
673.0864,290.2653,70.96543,215.04674
670.3621,285.3615,70.96543,215.04674
668.72754,276.09882,70.96543,215.04674
670.769,285.5911,72.53554,219.80464
670.21204,272.78195,72.53554,219.80464
669.9874,283.63983,74.14039,224.66782
669.4182,272.82422,74.14039,224.66782
671.55096,285.10352,75.78075,229.6386
671.3163,280.75217,77.4574,234.71935
671.0764,277.53857,79.17114,239.9125
670.46857,275.71497,79.17114,239.9125
671.4847,274.95294,80.922806,245.22057
671.2341,270.30637,82.71323,250.64607
668.0588,267.13104,82.71323,250.64607
670.4382,262.38165,84.54326,256.19162
667.4825,257.52716,86.41378,261.85986
669.9683,260.82553,88.32568,267.6535
668.2876,252.93953,90.27989,273.57535
667.5944,249.47374,90.27989,273.57535
668.2876,246.00795,90.27989,273.57535
670.88464,253.76878,92.277336,279.6282
663.0912,247.39235,92.277336,279.6282
668.05066,243.84987,92.277336,279.6282
665.9252,237.47343,92.277336,279.6282
670.88464,250.9348,92.277336,279.6282
663.2483,241.22585,94.31897,285.81497
668.3175,236.15666,94.31897,285.81497
671.03076,248.77266,96.40578,292.13864
661.40826,240.63057,96.40578,292.13864
668.07,236.92961,96.40578,292.13864
659.9279,228.78752,96.40578,292.13864
668.07,245.81194,96.40578,292.13864
659.9279,237.66985,96.40578,292.13864
669.5504,245.81194,96.40578,292.13864
659.9279,237.66985,96.40578,292.13864
671.03076,248.77272,96.40578,292.13864
661.40826,242.11101,96.40578,292.13864
669.55035,236.92967,96.40578,292.13864
699.8982,258.3952,96.40578,292.13864
711.88684,260.53906,98.53876,298.6022
706.8721,254.88097,100.718925,305.20877
714.5832,255.51613,102.947334,311.96152
720.1161,259.4682,102.947334,311.96152
722.48737,263.4203,102.947334,311.96152
721.69696,265.79156,102.947334,311.96152
722.48737,266.58197,102.947334,311.96152
724.85864,267.37238,102.947334,311.96152
725.64905,268.16278,102.947334,311.96152
728.0203,270.534,102.947334,311.96152
728.3562,274.6222,100.75195,305.30884
727.58264,270.7544,100.75195,305.30884
729.9033,271.52795,100.75195,305.30884
729.12976,272.3015,100.75195,305.30884
729.9033,271.52795,100.75195,305.30884
732.224,272.3015,100.75195,305.30884
736.0918,274.6222,100.75195,305.30884
735.31824,269.20728,100.75195,305.30884
734.5447,268.43372,100.75195,305.30884
736.86536,264.56592,100.75195,305.30884
735.7028,262.6021,98.603386,298.79803
734.94574,260.33093,98.603386,298.79803
734.18866,256.54562,98.603386,298.79803
736.45984,264.87332,98.603386,298.79803
738.731,258.05975,98.603386,298.79803
741.0022,269.4157,98.603386,298.79803
738.731,262.60214,98.603386,298.79803
741.0022,257.3027,98.603386,298.79803
738.731,252.00327,98.603386,298.79803
737.97394,258.81683,98.603386,298.79803
737.21686,255.03152,98.603386,298.79803
734.9457,258.81683,98.603386,298.79803
735.70276,259.57388,98.603386,298.79803
736.45984,261.84506,98.603386,298.79803
736.1545,259.32507,100.78499,305.40894
736.9283,261.6465,100.78499,305.40894
737.7021,262.42032,100.78499,305.40894
736.9283,264.74176,100.78499,305.40894
737.7021,267.0632,100.78499,305.40894
735.3806,263.19412,100.78499,305.40894
737.7021,267.0632,100.78499,305.40894
739.5226,268.08212,98.63572,298.896
738.76526,267.3248,98.63572,298.896
739.5226,269.59674,98.63572,298.896
738.76526,268.83942,98.63572,298.896
737.6272,268.37677,96.53228,292.52194
736.88605,266.15326,96.53228,292.52194
739.10956,275.7884,96.53228,292.52194
737.27264,265.63177,98.66806,298.994
736.5151,260.32886,98.66806,298.994
732.7273,267.1469,98.66806,298.994
733.48486,260.32886,98.66806,298.994
735.2671,254.02457,96.563934,292.61786
733.04285,260.6972,96.563934,292.61786
733.78424,268.85266,96.563934,292.61786
733.4852,260.2311,98.70041,299.09204
732.7274,268.56702,98.70041,299.09204
730.454,264.77798,98.70041,299.09204
732.7274,267.05142,98.70041,299.09204
731.9696,263.2624,98.70041,299.09204
731.664,265.45728,100.884155,305.70944
730.8894,263.13354,100.884155,305.70944
730.1148,262.359,100.884155,305.70944
730.4439,261.88574,98.73277,299.1901
731.20197,267.19214,98.73277,299.1901
731.96,263.40186,98.73277,299.1901
729.68585,262.6438,98.73277,299.1901
730.4439,261.88574,98.73277,299.1901
732.7181,264.1599,98.73277,299.1901
730.4439,263.40186,98.73277,299.1901
734.2342,268.70825,98.73277,299.1901
731.96,263.40186,98.73277,299.1901
731.20197,268.70825,98.73277,299.1901
731.96,266.43408,98.73277,299.1901
734.2342,265.67603,98.73277,299.1901
734.99225,264.91797,98.73277,299.1901
737.2664,264.1599,98.73277,299.1901
738.0245,263.40186,98.73277,299.1901
737.2664,262.6438,98.73277,299.1901
739.5406,260.36963,98.73277,299.1901
741.81476,258.09546,98.73277,299.1901
744.0889,255.8213,98.73277,299.1901
746.3631,252.03102,98.73277,299.1901
751.06915,247.18394,96.627266,292.80978
750.3273,252.37718,96.627266,292.80978
753.5028,244.77318,94.56666,286.56552
755.21094,237.33131,92.549995,280.45444
757.3427,242.30544,92.549995,280.45444
759.01447,239.1317,90.57634,274.47366
760.6505,245.40982,88.644775,268.62042
760.9397,250.24205,86.7544,262.892
765.6023,245.57942,86.7544,262.892
771.0214,245.17247,84.904335,257.28574
771.2984,249.8008,83.09373,251.79904
773.21234,249.16283,83.09373,251.79904
772.57434,248.52486,83.09373,251.79904
773.21234,249.16283,83.09373,251.79904
776.4023,248.52486,83.09373,251.79904
779.13306,250.59477,81.32173,246.42935
781.00616,251.21916,81.32173,246.42935
780.3818,251.84355,81.32173,246.42935
783.50366,251.21916,81.32173,246.42935
786.62555,251.84355,81.32173,246.42935
789.74744,252.46794,81.32173,246.42935
792.8693,254.34108,81.32173,246.42935
795.9912,251.2192,81.32173,246.42935
800.3619,253.09233,81.32173,246.42935
798.4888,254.96547,81.32173,246.42935
802.85944,254.34108,81.32173,246.42935
807.2301,253.71669,81.32173,246.42935
811.60077,253.0923,81.32173,246.42935
814.72266,252.46791,81.32173,246.42935
819.0933,253.0923,81.32173,246.42935
822.2152,251.21916,81.32173,246.42935
825.3371,250.59477,81.32173,246.42935
828.459,249.97038,81.32173,246.42935
830.3321,249.346,81.32173,246.42935
834.70276,249.97038,81.32173,246.42935
837.82465,250.59477,81.32173,246.42935
843.44403,251.21916,81.32173,246.42935
846.5659,251.84355,81.32173,246.42935
850.9366,253.71669,81.32173,246.42935
855.30725,255.58983,81.32173,246.42935
859.6779,256.21423,81.32173,246.42935
862.7998,256.83862,81.32173,246.42935
868.4192,249.97044,81.32173,246.42935
874.0386,250.59483,81.32173,246.42935
878.40924,251.21922,81.32173,246.42935
884.0286,248.09734,81.32173,246.42935
889.648,246.2242,81.32173,246.42935
894.0187,243.10231,81.32173,246.42935
898.38934,242.47792,81.32173,246.42935
900.26245,243.10231,81.32173,246.42935
904.6331,242.47792,81.32173,246.42935
906.5062,241.85353,81.32173,246.42935
910.8769,237.4829,81.32173,246.42935
915.24756,239.35603,81.32173,246.42935
918.36945,238.73164,81.32173,246.42935
920.24255,236.8585,81.32173,246.42935
922.11566,236.23412,81.32173,246.42935
923.9888,235.60973,81.32173,246.42935
924.61316,238.73161,81.32173,246.42935
928.9838,238.10722,81.32173,246.42935
932.1057,237.48283,81.32173,246.42935
933.9788,238.10722,81.32173,246.42935
934.6032,237.48283,81.32173,246.42935
931.4813,238.10722,81.32173,246.42935
935.852,237.48283,81.32173,246.42935
932.7301,239.35597,81.32173,246.42935
938.3495,239.98036,81.32173,246.42935
931.4813,241.8535,81.32173,246.42935
940.847,237.48286,81.32173,246.42935
933.89056,243.1195,79.587524,241.17418
941.83435,243.73056,79.587524,241.17418
947.3339,244.34161,79.587524,241.17418
939.39014,247.39694,79.587524,241.17418
948.5561,244.34161,79.587524,241.17418
950.3893,246.1748,79.587524,241.17418
954.66675,246.78586,79.587524,241.17418
951.8844,246.01982,81.3484,246.51016
956.2565,241.64775,81.3484,246.51016
956.88104,244.77068,81.3484,246.51016
958.75476,247.8936,81.3484,246.51016
960.6285,241.02318,81.3484,246.51016
960.0039,244.1461,81.3484,246.51016
963.12683,237.27568,81.3484,246.51016
963.7514,239.14943,81.3484,246.51016
966.8743,234.77736,81.3484,246.51016
971.2464,230.40529,81.3484,246.51016
975.61847,228.53154,81.3484,246.51016
972.49554,226.65779,81.3484,246.51016
975.61847,224.78404,81.3484,246.51016
974.9939,224.15947,81.3484,246.51016
976.8676,226.03322,81.3484,246.51016
978.74133,224.15947,81.3484,246.51016
980.61505,223.5349,81.3484,246.51016
981.2396,224.15947,81.3484,246.51016
983.11334,223.5349,81.3484,246.51016
983.7379,222.91032,81.3484,246.51016
983.11334,218.53825,81.3484,246.51016
983.7379,219.16283,81.3484,246.51016
980.615,218.53825,81.3484,246.51016
981.23956,219.16283,81.3484,246.51016
983.1133,219.7874,81.3484,246.51016
983.73785,220.41197,81.3484,246.51016
984.3624,221.03654,81.3484,246.51016
983.73785,220.41197,81.3484,246.51016
986.8607,219.7874,81.3484,246.51016
982.48865,219.16283,81.3484,246.51016
986.8607,218.53825,81.3484,246.51016
981.2395,219.16283,81.3484,246.51016
986.8607,218.53825,81.3484,246.51016
979.9903,219.16283,81.3484,246.51016
986.8607,218.53825,81.3484,246.51016
978.74115,220.412,81.3484,246.51016
986.8607,218.53825,81.3484,246.51016
979.9903,220.412,81.3484,246.51016
985.6116,219.78743,81.3484,246.51016
978.74115,220.412,81.3484,246.51016
983.1132,218.53825,81.3484,246.51016
978.74115,220.412,81.3484,246.51016
980.61487,216.03993,81.3484,246.51016
976.2428,219.16286,81.3484,246.51016
979.3657,219.78743,81.3484,246.51016
976.2428,219.16286,81.3484,246.51016
979.3657,214.79079,81.3484,246.51016
973.7445,217.91371,81.3484,246.51016
978.1166,218.53828,81.3484,246.51016
974.99365,219.16286,81.3484,246.51016
975.6182,218.53828,81.3484,246.51016
974.99365,215.41536,81.3484,246.51016
978.1166,212.29243,81.3484,246.51016
974.99365,209.16951,81.3484,246.51016
976.8674,208.54494,81.3484,246.51016
974.99365,209.16951,81.3484,246.51016
975.6182,211.04326,81.3484,246.51016
977.0876,211.86568,79.61362,241.25327
976.4763,211.25441,79.61362,241.25327
974.6425,211.86568,79.61362,241.25327
971.5862,212.47694,79.61362,241.25327
972.19745,213.08821,79.61362,241.25327
971.5862,212.47694,79.61362,241.25327
972.19745,210.64314,79.61362,241.25327
971.5862,210.03188,79.61362,241.25327
973.0243,213.19345,77.91583,236.10846
971.2296,209.00586,77.91583,236.10846
970.63135,210.80054,77.91583,236.10846
966.4437,210.2023,77.91583,236.10846
965.8456,208.40762,77.91583,236.10846
965.2473,207.80939,77.91583,236.10846
967.042,206.01471,77.91583,236.10846
966.44385,206.61295,77.91583,236.10846
965.8456,208.40762,77.91583,236.10846
965.24744,209.00586,77.91583,236.10846
963.45276,209.6041,77.91583,236.10846
964.0509,209.00586,77.91583,236.10846
959.8633,209.6041,77.91583,236.10846
961.65796,210.20233,77.91583,236.10846
954.9929,214.4497,76.25426,231.07338
961.4331,215.03519,76.25426,231.07338
954.9929,215.62067,76.25426,231.07338
960.26215,211.52237,76.25426,231.07338
953.82196,213.27878,76.25426,231.07338
957.9202,215.03519,76.25426,231.07338
952.651,215.62067,76.25426,231.07338
956.74927,215.03519,76.25426,231.07338
952.651,215.62067,76.25426,231.07338
955.57837,213.86426,76.25426,231.07338
952.4413,219.14963,74.62811,226.14568
956.4523,215.13873,74.62811,226.14568
957.02527,216.8577,74.62811,226.14568
957.59827,216.2847,74.62811,226.14568
955.8793,219.14963,74.62811,226.14568
956.4523,218.57663,74.62811,226.14568
953.5874,220.2956,74.62811,226.14568
954.1604,220.86859,74.62811,226.14568
955.8793,218.00366,74.62811,226.14568
955.3063,218.57666,74.62811,226.14568
955.8793,218.00366,74.62811,226.14568
956.4523,217.43066,74.62811,226.14568
957.02527,214.56573,74.62811,226.14568
956.4523,215.13873,74.62811,226.14568
958.17126,215.71173,74.62811,226.14568
957.59827,215.13873,74.62811,226.14568
953.5873,216.8577,74.62811,226.14568
958.74414,215.13873,74.62811,226.14568
952.4413,216.8577,74.62811,226.14568
957.59814,215.13873,74.62811,226.14568
952.4413,215.71173,74.62811,226.14568
956.4523,213.99277,74.62811,226.14568
950.1494,211.12784,74.62811,226.14568
954.1603,210.55484,74.62811,226.14568
952.4414,208.83588,74.62811,226.14568
954.1603,209.40887,74.62811,226.14568
954.7333,208.83588,74.62811,226.14568
956.4523,205.97095,74.62811,226.14568
955.8793,206.54395,74.62811,226.14568
958.74414,203.67902,74.62811,226.14568
955.8793,204.25201,74.62811,226.14568
953.0143,203.67902,74.62811,226.14568
956.5714,205.53806,73.036644,221.32304
952.64606,207.22037,73.036644,221.32304
958.81445,202.17346,73.036644,221.32304
952.64606,204.9773,73.036644,221.32304
957.69293,203.29498,73.036644,221.32304
951.52454,204.9773,73.036644,221.32304
955.4499,205.53806,73.036644,221.32304
947.0384,207.22037,73.036644,221.32304
954.32837,202.17346,73.036644,221.32304
950.403,202.73422,73.036644,221.32304
957.693,199.93039,73.036644,221.32304
951.44525,202.83078,71.47912,216.60326
959.67737,200.08673,71.47912,216.60326
953.6405,201.73315,71.47912,216.60326
961.8726,197.89151,71.47912,216.60326
955.83575,200.63556,71.47912,216.60326
962.9703,195.69629,71.47912,216.60326
956.9334,199.53793,71.47912,216.60326
961.8727,194.59866,71.47912,216.60326
955.8358,198.4403,71.47912,216.60326
960.7751,193.50104,71.47912,216.60326
953.64056,196.24509,71.47912,216.60326
958.57983,192.40344,71.47912,216.60326
960.22626,192.95224,71.47912,216.60326
957.48224,194.59866,71.47912,216.60326
960.22626,190.75702,71.47912,216.60326
962.9703,192.40344,71.47912,216.60326
958.031,190.75702,71.47912,216.60326
960.775,194.59866,71.47912,216.60326
958.031,189.6594,71.47912,216.60326
959.6774,191.30582,71.47912,216.60326
960.96857,190.97052,69.9548,211.98413
959.35724,190.43341,69.9548,211.98413
961.65625,191.14066,68.463,207.4635
963.2332,188.51239,68.463,207.4635
962.7076,191.14066,68.463,207.4635
963.2332,186.40979,68.463,207.4635
963.75885,187.98676,68.463,207.4635
963.2332,185.35849,68.463,207.4635
963.45654,188.07726,67.003006,203.03928
964.6669,190.73804,65.57415,198.7094
964.1634,190.23456,65.57415,198.7094
962.65295,187.71722,65.57415,198.7094
961.1425,187.21375,65.57415,198.7094
959.6321,187.71722,65.57415,198.7094
961.1425,191.24152,65.57415,198.7094
957.6182,192.75192,65.57415,198.7094
961.1425,193.2554,65.57415,198.7094
954.5974,192.75192,65.57415,198.7094
958.1217,191.24152,65.57415,198.7094
952.58356,190.73804,65.57415,198.7094
956.10785,190.23456,65.57415,198.7094
951.5766,188.72415,65.57415,198.7094
956.10785,187.21375,65.57415,198.7094
948.5558,187.71722,65.57415,198.7094
953.08704,188.2207,65.57415,198.7094
946.54193,188.72418,65.57415,198.7094
952.0801,187.21378,65.57415,198.7094
947.5488,187.71725,65.57415,198.7094
955.1009,185.19992,65.57415,198.7094
949.56274,187.71725,65.57415,198.7094
952.0801,184.19296,65.57415,198.7094
946.54193,187.71725,65.57415,198.7094
952.0801,184.19296,65.57415,198.7094
946.4707,187.76755,64.17576,194.47186
948.9344,184.31842,64.17576,194.47186
941.5434,185.79663,64.17576,194.47186
944.0071,183.33298,64.17576,194.47186
940.4171,186.83133,62.80719,190.32469
943.7926,185.38464,62.80719,190.32469
941.3815,184.9024,62.80719,190.32469
943.7926,182.49127,62.80719,190.32469
940.2792,188.70381,61.467808,186.26596
942.63885,185.40022,61.467808,186.26596
938.39136,186.81606,61.467808,186.26596
940.75104,185.40022,61.467808,186.26596
937.44745,183.04051,61.467808,186.26596
939.46747,187.30103,60.15699,182.29378
936.2343,184.06787,60.15699,182.29378
936.69617,184.52975,60.15699,182.29378
935.31055,184.06787,60.15699,182.29378
933.9249,182.68225,60.15699,182.29378
932.5393,183.14413,60.15699,182.29378
933.9249,179.91098,60.15699,182.29378
931.61554,180.37286,60.15699,182.29378
933.00116,180.83475,60.15699,182.29378
930.6918,180.37286,60.15699,182.29378
930.2299,181.75848,60.15699,182.29378
927.92053,181.2966,60.15699,182.29378
927.4587,179.91098,60.15699,182.29378
924.9838,183.19025,58.874123,178.40631
923.62775,181.83417,58.874123,178.40631
922.077,185.04352,57.618614,174.60175
920.7499,184.60114,57.618614,174.60175
919.4227,184.15875,57.618614,174.60175
917.2108,182.83157,57.618614,174.60175
915.88367,182.38919,57.618614,174.60175
913.67175,183.71637,57.618614,174.60175
912.3446,183.27399,57.618614,174.60175
908.3631,185.48593,57.618614,174.60175
912.3446,183.27399,57.618614,174.60175
905.7088,185.48593,57.618614,174.60175
908.80554,185.04355,57.618614,174.60175
903.0545,186.37073,57.618614,174.60175
898.18823,187.6979,57.618614,174.60175
903.9393,186.37073,57.618614,174.60175
897.30347,187.6979,57.618614,174.60175
892.4372,188.14029,57.618614,174.60175
897.30347,185.04358,57.618614,174.60175
890.66766,187.25552,57.618614,174.60175
887.5709,187.6979,57.618614,174.60175
888.8981,187.25552,57.618614,174.60175
884.0318,187.6979,57.618614,174.60175
886.2437,184.6012,57.618614,174.60175
881.37744,185.04358,57.618614,174.60175
881.8198,183.7164,57.618614,174.60175
879.6079,184.15878,57.618614,174.60175
879.1655,184.60117,57.618614,174.60175
876.0688,185.92834,57.618614,174.60175
872.97205,184.60117,57.618614,174.60175
873.4144,185.04355,57.618614,174.60175
868.54816,183.71637,57.618614,174.60175
868.99054,182.38919,57.618614,174.60175
865.00903,183.71637,57.618614,174.60175
863.6819,183.27399,57.618614,174.60175
859.7004,183.71637,57.618614,174.60175
859.258,181.50443,57.618614,174.60175
856.16125,181.94681,57.618614,174.60175
856.60364,178.8501,57.618614,174.60175
853.38043,182.84381,56.38988,170.87831
852.7298,185.91774,55.18735,167.23428
851.4586,183.79912,55.18735,167.23428
848.3714,186.8075,54.010464,163.66797
847.7482,189.75172,52.858673,160.1777
844.09564,189.34587,52.858673,160.1777
842.0664,190.5634,52.858673,160.1777
842.4722,190.15755,52.858673,160.1777
838.008,190.5634,52.858673,160.1777
839.2255,186.91081,52.858673,160.1777
833.9496,188.12834,52.858673,160.1777
835.1671,189.34587,52.858673,160.1777
829.07947,191.37508,52.858673,160.1777
830.297,189.34587,52.858673,160.1777
828.1224,192.22731,51.731445,156.76187
825.22845,194.28165,50.628258,153.41888
821.73,194.67035,50.628258,153.41888
826.00586,195.05905,50.628258,153.41888
820.1751,196.22519,50.628258,153.41888
815.095,198.98503,49.548595,150.14719
821.56226,197.84373,49.548595,150.14719
815.85583,199.74586,49.548595,150.14719
810.9103,200.88716,49.548595,150.14719
816.6167,198.22417,49.548595,150.14719
812.432,200.1263,49.548595,150.14719
808.9269,202.8273,48.491955,146.94525
806.9319,206.18842,47.457848,143.8116
812.3975,203.63779,47.457848,143.8116
809.11816,204.73093,47.457848,143.8116
805.11005,205.82407,47.457848,143.8116
811.30444,201.81595,47.457848,143.8116
809.35205,206.51021,46.445793,140.74478
806.85583,208.29323,46.445793,140.74478
804.94507,211.51251,45.455322,137.74336
804.59607,211.16351,45.455322,137.74336
800.70776,210.9503,44.485973,134.80594
803.7818,207.19316,44.485973,134.80594
797.97534,207.53471,44.485973,134.80594
799.6831,206.51006,44.485973,134.80594
795.24286,204.80226,44.485973,134.80594
796.2675,203.7776,44.485973,134.80594
791.8273,202.06981,44.485973,134.80594
794.2182,201.04515,44.485973,134.80594
793.19354,199.33736,44.485973,134.80594
790.1195,197.62956,44.485973,134.80594
790.46106,200.02046,44.485973,134.80594
786.77966,195.33987,45.470226,137.78851
784.3359,194.99075,45.470226,137.78851
785.38324,195.33987,45.470226,137.78851
783.6377,194.99075,45.470226,137.78851
783.2886,194.64163,45.470226,137.78851
780.8448,194.29251,45.470226,137.78851
779.09924,195.33984,45.470226,137.78851
778.0519,196.38718,45.470226,137.78851
778.401,196.7363,45.470226,137.78851
774.5607,197.08542,45.470226,137.78851
776.3063,198.831,45.470226,137.78851
771.76776,199.87833,45.470226,137.78851
775.60803,200.22745,45.470226,137.78851
771.0454,203.3791,44.50056,134.85013
767.9704,205.08745,44.50056,134.85013
773.7788,203.3791,44.50056,134.85013
770.7038,204.4041,44.50056,134.85013
769.6788,204.74577,44.50056,134.85013
769.3371,204.4041,44.50056,134.85013
767.6287,205.4291,44.50056,134.85013
770.0204,202.35408,44.50056,134.85013
766.262,204.06242,44.50056,134.85013
770.70374,200.30406,44.50056,134.85013
767.5558,203.38852,43.551575,131.97441
765.2151,203.7229,43.551575,131.97441
769.562,200.04468,43.551575,131.97441
766.5526,202.38538,43.551575,131.97441
765.40546,204.11487,42.622826,129.16002
766.8062,203.91495,41.713882,126.40564
765.20483,201.03247,41.713882,126.40564
763.60345,201.99329,41.713882,126.40564
767.12646,199.11081,41.713882,126.40564
763.60345,200.71219,41.713882,126.40564
764.5643,199.11081,41.713882,126.40564
761.04126,199.43109,41.713882,126.40564
763.9237,197.82971,41.713882,126.40564
760.4007,197.50943,41.713882,126.40564
762.64264,195.90805,41.713882,126.40564
759.1196,194.94724,41.713882,126.40564
762.0021,194.62695,41.713882,126.40564
759.76013,194.30667,41.713882,126.40564
757.5182,193.98639,41.713882,126.40564
756.5574,193.66614,41.713882,126.40564
754.3154,194.62695,41.713882,126.40564
756.5574,193.66614,41.713882,126.40564
753.6749,193.98639,41.713882,126.40564
755.9169,191.10394,41.713882,126.40564
752.39386,192.06476,41.713882,126.40564
753.3547,189.82285,41.713882,126.40564
749.83167,190.78366,41.713882,126.40564
753.3547,191.74448,41.713882,126.40564
749.1911,192.70529,41.713882,126.40564
745.0275,193.6661,41.713882,126.40564
749.8316,193.98639,41.713882,126.40564
745.668,194.30664,41.713882,126.40564
742.09973,197.19795,40.82432,123.71
747.67096,197.00647,39.95373,121.071846
744.9101,198.54025,39.95373,121.071846
742.08374,201.30956,39.101707,118.48995
744.7857,198.60759,39.101707,118.48995
742.6842,200.10869,39.101707,118.48995
739.98224,201.60979,39.101707,118.48995
742.08374,198.90782,39.101707,118.48995
740.58264,199.80849,39.101707,118.48995
739.682,200.10872,39.101707,118.48995
740.58264,200.40895,39.101707,118.48995
740.2824,197.10655,39.101707,118.48995
738.7813,198.60765,39.101707,118.48995
737.2802,198.90788,39.101707,118.48995
735.7791,198.00722,39.101707,118.48995
734.7492,198.40256,38.267853,115.96312
733.86774,196.34586,38.267853,115.96312
732.2934,197.86552,37.45178,113.49017
733.73114,194.70247,37.45178,113.49017
731.71826,194.99002,37.45178,113.49017
728.55524,195.27757,37.45178,113.49017
727.69257,192.68962,37.45178,113.49017
725.6797,193.55228,37.45178,113.49017
728.26764,190.96432,37.45178,113.49017
725.1046,191.25188,37.45178,113.49017
725.9673,190.38922,37.45178,113.49017
723.9544,188.37637,37.45178,113.49017
721.9415,188.08882,37.45178,113.49017
722.22906,188.37637,37.45178,113.49017
720.2162,188.66393,37.45178,113.49017
718.2033,188.37637,37.45178,113.49017
718.49084,188.08882,37.45178,113.49017
715.9029,188.95148,37.45178,113.49017
715.0402,189.23903,37.45178,113.49017
715.32776,188.95148,37.45178,113.49017
711.5896,189.81413,37.45178,113.49017
711.87714,188.37639,37.45178,113.49017
709.2892,189.23904,37.45178,113.49017
709.00165,189.5266,37.45178,113.49017
707.5639,189.81415,37.45178,113.49017
705.551,190.1017,37.45178,113.49017
706.4137,190.38925,37.45178,113.49017
703.2507,189.5266,37.45178,113.49017
705.8386,189.23904,37.45178,113.49017
702.10046,190.67679,37.45178,113.49017
704.6884,189.23904,37.45178,113.49017
700.3752,191.25189,37.45178,113.49017
702.96313,189.81415,37.45178,113.49017
700.95026,191.25189,37.45178,113.49017
702.388,191.53944,37.45178,113.49017
699.1843,193.0267,36.653107,111.06996
700.38885,196.10974,35.871468,108.70136
698.3822,198.06517,35.1065,106.38327
699.7299,198.8738,35.1065,106.38327
697.84314,199.68242,35.1065,106.38327
698.6518,198.8738,35.1065,106.38327
697.2075,200.78752,34.35784,104.11462
698.5265,201.05132,34.35784,104.11462
696.6045,201.39867,33.62515,101.89434
697.8953,201.1405,33.62515,101.89434
696.6045,200.88234,33.62515,101.89434
699.2026,200.22694,32.90808,99.72141
696.9286,201.49026,32.90808,99.72141
698.69727,199.72162,32.90808,99.72141
696.9286,199.46895,32.90808,99.72141
698.1919,199.72162,32.90808,99.72141
696.4232,196.43698,32.90808,99.72141
696.17053,196.68965,32.90808,99.72141
694.40186,194.921,32.90808,99.72141
695.15985,196.18433,32.90808,99.72141
694.40186,195.93166,32.90808,99.72141
695.34845,195.09064,33.636173,101.92775
693.54065,193.79935,33.636173,101.92775
694.3154,193.0246,33.636173,101.92775
694.2113,191.62907,34.380375,104.1829
693.5571,190.20268,35.14104,106.487946
691.12885,191.55173,35.14104,106.487946
693.0175,191.82153,35.14104,106.487946
691.66846,192.63095,35.14104,106.487946
693.0175,193.44037,35.14104,106.487946
691.12885,195.32903,35.14104,106.487946
691.9383,196.67807,35.14104,106.487946
690.0496,198.02711,35.14104,106.487946
692.4779,198.83653,35.14104,106.487946
690.0496,199.64595,35.14104,106.487946
693.5571,200.995,35.14104,106.487946
690.58923,201.80441,35.14104,106.487946
695.17596,200.995,35.14104,106.487946
698.14386,201.80441,35.14104,106.487946
695.7156,203.15346,35.14104,106.487946
696.525,203.42326,35.14104,106.487946
692.9989,205.85901,34.391647,104.21706
696.9597,206.65118,34.391647,104.21706
694.58325,207.44336,34.391647,104.21706
699.0722,207.70743,34.391647,104.21706
696.1676,207.9715,34.391647,104.21706
693.263,209.29178,34.391647,104.21706
697.95636,211.16652,33.658234,101.9946
695.1137,211.94179,33.658234,101.9946
699.5069,209.61598,33.658234,101.9946
697.1811,210.39125,33.658234,101.9946
699.5069,210.64967,33.658234,101.9946
700.28217,207.80702,33.658234,101.9946
698.99005,207.5486,33.658234,101.9946
698.8858,206.68842,34.402924,104.25123
698.0934,205.896,34.402924,104.25123
698.35754,204.04701,34.402924,104.25123
699.14996,203.2546,34.402924,104.25123
699.4141,202.99045,34.402924,104.25123
700.7348,202.19803,34.402924,104.25123
697.8878,202.41498,35.16409,106.557785
698.69775,201.60504,35.16409,106.557785
698.5888,200.70634,35.942093,108.915375
697.7609,201.53423,35.942093,108.915375
699.14075,202.91402,35.942093,108.915375
695.5533,204.29381,35.942093,108.915375
699.14075,205.12169,35.942093,108.915375
696.1052,206.50148,35.942093,108.915375
699.6927,206.77745,35.942093,108.915375
696.65717,208.15724,35.942093,108.915375
699.6927,208.98512,35.942093,108.915375
695.5533,209.813,35.942093,108.915375
701.3484,209.53703,35.942093,108.915375
699.96857,212.02068,35.942093,108.915375
705.7637,209.53703,35.942093,108.915375
702.72815,212.02068,35.942093,108.915375
704.65985,212.29665,35.942093,108.915375
701.05334,214.7879,35.175617,106.59272
704.56433,215.05798,35.175617,106.59272
701.5935,215.32806,35.175617,106.59272
705.6446,213.97769,35.175617,106.59272
703.2139,215.32806,35.175617,106.59272
707.8052,215.59814,35.175617,106.59272
705.3745,216.40836,35.175617,106.59272
710.5059,213.43753,35.175617,106.59272
708.07526,214.24774,35.175617,106.59272
711.0461,212.89737,35.175617,106.59272
709.256,212.55879,35.953876,108.95108
711.18835,211.17854,35.953876,108.95108
710.9123,210.90248,35.953876,108.95108
711.18835,211.17854,35.953876,108.95108
712.0165,210.35039,35.953876,108.95108
712.4779,208.28592,36.749355,111.361626
713.3244,208.00375,36.749355,111.361626
713.60657,208.28592,36.749355,111.361626
715.01733,208.56808,36.749355,111.361626
716.99243,209.41455,36.749355,111.361626
713.36584,207.8899,37.562435,113.8255
715.38464,207.02469,37.562435,113.8255
716.2498,207.31308,37.562435,113.8255
716.5382,208.17828,37.562435,113.8255
717.9802,209.62027,37.562435,113.8255
715.38464,210.48547,37.562435,113.8255
718.55707,211.35068,37.562435,113.8255
717.11505,212.21588,37.562435,113.8255
720.2875,213.08109,37.562435,113.8255
718.2687,213.94629,37.562435,113.8255
722.59467,214.23468,37.562435,113.8255
719.3815,216.83823,36.761406,111.39814
724.1797,216.55597,36.761406,111.39814
723.33295,217.96722,36.761406,111.39814
727.5667,217.68497,36.761406,111.39814
726.15546,219.09622,36.761406,111.39814
725.3087,219.94296,36.761406,111.39814
726.72,220.22522,36.761406,111.39814
724.11945,222.77324,35.97746,109.022545
727.71045,223.04948,35.97746,109.022545
725.16534,223.94572,35.210228,106.69761
728.1391,223.13472,35.210228,106.69761
725.16534,224.4864,35.210228,106.69761
728.67975,223.6754,35.210228,106.69761
726.2467,224.4864,35.210228,106.69761
725.43567,225.29741,35.210228,106.69761
727.8687,225.02708,35.210228,106.69761
727.0577,225.29741,35.210228,106.69761
724.62463,225.56773,35.210228,106.69761
728.44226,223.54596,35.989254,109.0583
724.8501,224.92755,35.989254,109.0583
728.99493,223.54596,35.989254,109.0583
724.8501,223.26965,35.989254,109.0583
727.88965,221.88806,35.989254,109.0583
724.2975,224.92758,35.989254,109.0583
728.4423,223.54599,35.989254,109.0583
725.4028,224.37494,35.989254,109.0583
729.5476,223.54599,35.989254,109.0583
726.50806,222.71704,35.989254,109.0583
724.0212,224.65128,35.989254,109.0583
727.61334,222.1644,35.989254,109.0583
723.4685,224.09863,35.989254,109.0583
725.4028,223.82233,35.989254,109.0583
724.0212,225.75656,35.989254,109.0583
723.1922,226.58551,35.989254,109.0583
723.4685,226.86182,35.989254,109.0583
722.6395,227.69077,35.989254,109.0583
721.81055,227.41446,35.989254,109.0583
722.27246,227.06804,36.785515,111.471214
721.4252,227.35048,36.785515,111.471214
722.83734,228.76265,36.785515,111.471214
720.8603,229.60994,36.785515,111.471214
722.27246,230.45723,36.785515,111.471214
720.2954,230.73967,36.785515,111.471214
720.5778,231.58696,36.785515,111.471214
720.2954,232.99913,36.785515,111.471214
720.013,233.28157,36.785515,111.471214
721.4252,233.56401,36.785515,111.471214
719.5531,231.45178,37.599396,113.937515
720.4191,232.8952,37.599396,113.937515
719.5531,233.1839,37.599396,113.937515
719.8418,234.62732,37.599396,113.937515
718.3984,234.91602,37.599396,113.937515
719.2644,235.78207,37.599396,113.937515
717.821,236.64813,37.599396,113.937515
716.95496,237.51419,37.599396,113.937515
716.66626,238.38025,37.599396,113.937515
716.95496,239.2463,37.599396,113.937515
715.51154,240.11237,37.599396,113.937515
716.95496,240.40106,37.599396,113.937515
714.3568,239.535,37.599396,113.937515
716.95496,238.66895,37.599396,113.937515
714.93414,238.38025,37.599396,113.937515
715.22284,239.2463,37.599396,113.937515
715.51154,239.535,37.599396,113.937515
716.37756,239.2463,37.599396,113.937515
715.51154,239.535,37.599396,113.937515
715.80023,239.2463,37.599396,113.937515
715.51154,239.535,37.599396,113.937515
715.80023,238.66895,37.599396,113.937515
713.2021,238.38025,37.599396,113.937515
713.4908,239.2463,37.599396,113.937515
714.3568,239.535,37.599396,113.937515
712.336,239.2463,37.599396,113.937515
713.7794,240.11237,37.599396,113.937515
710.6039,240.97842,37.599396,113.937515
712.6247,240.68973,37.599396,113.937515
710.6039,240.97842,37.599396,113.937515
710.3152,241.26712,37.599396,113.937515
708.87177,242.71054,37.599396,113.937515
708.58307,242.99924,37.599396,113.937515
707.13965,243.8653,37.599396,113.937515
706.85095,244.15399,37.599396,113.937515
704.2528,244.44269,37.599396,113.937515
705.11884,244.15399,37.599396,113.937515
703.098,244.44269,37.599396,113.937515
703.96405,245.30875,37.599396,113.937515
700.2112,247.32953,37.599396,113.937515
702.5598,250.49216,36.797577,111.50777
698.8675,252.49808,36.01286,109.12983
700.803,250.00955,36.01286,109.12983
697.7615,250.83905,36.01286,109.12983
698.591,252.22156,36.01286,109.12983
696.6555,253.60406,36.01286,109.12983
694.72003,254.98657,36.01286,109.12983
694.44354,254.71008,36.01286,109.12983
694.16705,256.6456,36.01286,109.12983
692.78455,256.3691,36.01286,109.12983
690.84906,256.09262,36.01286,109.12983
690.01953,255.81613,36.01286,109.12983
688.08405,257.19864,36.01286,109.12983
686.70154,256.92215,36.01286,109.12983
685.872,259.41068,36.01286,109.12983
686.1485,258.02817,36.01286,109.12983
684.766,259.41068,36.01286,109.12983
685.5955,259.1342,36.01286,109.12983
682.554,260.5167,36.01286,109.12983
683.5899,260.17007,36.809643,111.54433
682.3031,260.4022,37.624058,114.012245
679.1255,260.69107,37.624058,114.012245
679.9921,262.13544,37.624058,114.012245
678.4443,261.95898,36.821712,111.5809
677.5961,259.41455,36.821712,111.5809
676.18256,261.95898,36.821712,111.5809
677.5961,261.11084,36.821712,111.5809
677.3134,260.82812,36.821712,111.5809
675.3344,260.5454,36.821712,111.5809
675.0517,263.08978,36.821712,111.5809
675.89984,261.6762,36.821712,111.5809
673.92084,261.95892,36.821712,111.5809
674.20355,262.24164,36.821712,111.5809
671.6591,263.08978,36.821712,111.5809
672.50726,262.24164,36.821712,111.5809
671.0937,263.08978,36.821712,111.5809
670.24554,262.80707,36.821712,111.5809
669.9628,262.52435,36.821712,111.5809
670.811,263.93793,36.821712,111.5809
669.3974,263.08978,36.821712,111.5809
669.6801,263.93793,36.821712,111.5809
670.52826,264.22064,36.821712,111.5809
670.24554,265.63422,36.821712,111.5809
670.52826,266.48236,36.821712,111.5809
671.94183,267.3305,36.821712,111.5809
672.22455,268.17865,36.821712,111.5809
670.24554,268.46136,36.821712,111.5809
671.0937,269.3095,36.821712,111.5809
671.3764,269.59222,36.821712,111.5809
671.6591,268.17865,36.821712,111.5809
671.94183,267.3305,36.821712,111.5809
673.3554,266.48236,36.821712,111.5809
671.3764,266.19965,36.821712,111.5809
672.79,266.48236,36.821712,111.5809
671.3764,266.76508,36.821712,111.5809
672.79,267.0478,36.821712,111.5809
670.811,267.89594,36.821712,111.5809
673.3554,268.74408,36.821712,111.5809
671.3764,269.59222,36.821712,111.5809
673.3554,271.57123,36.821712,111.5809
672.50726,270.15765,36.821712,111.5809
674.48627,270.44037,36.821712,111.5809
673.0727,271.2885,36.821712,111.5809
675.0517,271.57123,36.821712,111.5809
675.89984,272.41937,36.821712,111.5809
676.748,272.7021,36.821712,111.5809
677.5961,273.55023,36.821712,111.5809
678.4443,273.83295,36.821712,111.5809
676.4653,273.55023,36.821712,111.5809
677.87885,275.52917,36.821712,111.5809
678.727,276.37732,36.821712,111.5809
679.57513,276.66003,36.821712,111.5809
679.85785,275.8119,36.821712,111.5809
680.706,275.52917,36.821712,111.5809
681.55414,276.37732,36.821712,111.5809
682.4023,274.39838,36.821712,111.5809
682.685,275.24652,36.821712,111.5809
683.53314,274.39838,36.821712,111.5809
684.3813,274.6811,36.821712,111.5809
684.0986,273.83295,36.821712,111.5809
683.2504,272.41937,36.821712,111.5809
684.664,273.83295,36.821712,111.5809
684.9467,272.9848,36.821712,111.5809
686.9257,272.7021,36.821712,111.5809
688.3393,273.55023,36.821712,111.5809
686.9257,273.26752,36.821712,111.5809
689.47015,272.41937,36.821712,111.5809
690.3183,273.83295,36.821712,111.5809
691.16644,272.41937,36.821712,111.5809
692.0146,273.26752,36.821712,111.5809
693.9936,272.9848,36.821712,111.5809
695.40717,273.26752,36.821712,111.5809
696.82074,272.9848,36.821712,111.5809
698.79974,272.13666,36.821712,111.5809
701.3442,274.1156,36.821712,111.5809
703.3232,275.52917,36.821712,111.5809
705.8676,272.41937,36.821712,111.5809
707.2812,277.7909,36.821712,111.5809
709.2602,278.0736,36.821712,111.5809
711.2392,278.35632,36.821712,111.5809
713.7836,276.37732,36.821712,111.5809
717.1894,271.91653,37.636395,114.04963
719.7901,273.9393,37.636395,114.04963
722.6981,277.105,36.833786,111.617485
725.5182,274.99002,37.648735,114.08702
728.6979,275.27908,37.648735,114.08702
731.87756,275.56815,37.648735,114.08702
735.05725,276.43533,37.648735,114.08702
738.23694,276.7244,37.648735,114.08702
740.8385,277.01346,37.648735,114.08702
743.44006,276.14627,37.648735,114.08702
746.0416,275.27908,37.648735,114.08702
749.2213,274.4119,37.648735,114.08702
751.8229,274.12283,37.648735,114.08702
755.5807,272.0994,37.648735,114.08702
759.9166,271.2322,37.648735,114.08702
764.8307,273.25565,37.648735,114.08702
769.1666,267.18533,37.648735,114.08702
775.23694,270.94315,37.648735,114.08702
778.99475,271.81033,37.648735,114.08702
781.5963,274.4119,37.648735,114.08702
786.5104,272.96658,37.648735,114.08702
791.42444,273.25565,37.648735,114.08702
796.9166,274.12283,37.648735,114.08702
802.4088,274.4119,37.648735,114.08702
807.3229,275.27908,37.648735,114.08702
813.3932,275.56815,37.648735,114.08702
820.47424,274.00616,38.481712,116.6112
825.497,274.89255,38.481712,116.6112
833.47437,275.18802,38.481712,116.6112
842.04266,278.43805,38.481712,116.6112
850.02,279.91534,38.481712,116.6112
859.1792,280.80173,38.481712,116.6112
868.9293,280.50626,38.481712,116.6112
878.67944,281.98355,38.481712,116.6112
890.2023,281.09717,38.481712,116.6112
899.9524,280.8017,38.481712,116.6112
908.5207,282.279,38.481712,116.6112
917.6799,283.7563,38.481712,116.6112
925.0663,285.8245,38.481712,116.6112
933.1656,290.20044,37.66108,114.12443
941.55115,290.4896,37.66108,114.12443
950.0352,294.77225,36.857944,111.69069
958.8079,293.92328,36.857944,111.69069
967.50183,291.21967,37.673428,114.16184
973.5761,293.24442,37.673428,114.16184
983.1214,292.95517,37.673428,114.16184
990.9312,295.55844,37.673428,114.16184
998.741,295.8477,37.673428,114.16184
1006.55084,294.97992,37.673428,114.16184
1013.3649,298.14877,36.87003,111.72731
1022.14056,295.03485,36.87003,111.72731
1027.519,295.8841,36.87003,111.72731
1035.7285,296.73334,36.87003,111.72731
1041.107,294.75174,36.87003,111.72731
1048.1841,295.60098,36.87003,111.72731
1054.1288,296.45023,36.87003,111.72731
1059.8887,295.50793,37.68578,114.19928
1066.3763,292.14322,38.519577,116.72594
1072.3938,291.77246,39.371822,119.308495
1077.9172,290.76624,40.242924,121.9482
1082.5519,292.31113,40.242924,121.9482
1089.6584,292.00214,40.242924,121.9482
1095.529,293.54703,40.242924,121.9482
1101.3997,293.23804,40.242924,121.9482
1107.8882,293.54703,40.242924,121.9482
1121.2274,290.59512,41.133297,124.6463
1125.9646,291.54257,41.133297,124.6463
1131.3335,291.8584,41.133297,124.6463
1140.4922,293.43747,41.133297,124.6463
1146.4927,293.7533,41.133297,124.6463
1154.3881,294.70074,41.133297,124.6463
1163.5468,295.6482,41.133297,124.6463
1172.0737,297.85892,41.133297,124.6463
1178.7058,299.438,41.133297,124.6463
1187.2328,299.7538,41.133297,124.6463
1193.8649,300.06964,41.133297,124.6463
1201.1287,301.6487,41.133297,124.6463
1207.7607,300.06964,41.133297,124.6463
1214.3928,299.7538,41.133297,124.6463
1221.6566,300.06964,41.133297,124.6463
1228.2887,301.6487,41.133297,124.6463
1233.0259,302.59616,41.133297,124.6463
1237.7631,301.6487,41.133297,124.6463
1240.6053,300.70126,41.133297,124.6463
1243.4476,301.0171,41.133297,124.6463
1245.6583,302.59616,41.133297,124.6463
1247.6189,306.05603,40.25612,121.98818
1247.928,310.69226,40.25612,121.98818
1259.5202622038196,-26.768065106434918,40.25611877441406,121.9881820678711
1236.3391674121629,6.9217926574394255,40.25611877441406,121.9881820678711
1235.4119236204965,10.321686560215738,40.25611877441406,121.9881820678711
1235.1028423566077,8.776280240771968,40.25611877441406,121.9881820678711
1235.4119236204965,9.703524032438239,40.25611877441406,121.9881820678711
1235.7210048843854,8.158117712994468,40.25611877441406,121.9881820678711
1236.6482486760517,7.849036449105711,40.25611877441406,121.9881820678711
1235.7210048843854,10.012605296326996,40.25611877441406,121.9881820678711
1236.6482486760517,7.230873921328197,40.25611877441406,121.9881820678711
1236.9573299399406,7.539955185216954,40.25611877441406,121.9881820678711
1235.4119236204967,8.467198976883225,40.25611877441406,121.9881820678711
1236.7348899420424,8.278367117324862,39.39764404296875,119.38674926757812
1236.4323999292028,9.185837155843544,39.39764404296875,119.38674926757812
1236.1299099163632,9.4883271686831,39.39764404296875,119.38674926757812
1237.642359980561,7.370897078806166,39.39764404296875,119.38674926757812
1237.9448499934006,8.278367117324848,39.39764404296875,119.38674926757812
1238.2473400062402,9.18583715584353,39.39764404296875,119.38674926757812
1237.3398699677214,8.278367117324848,39.39764404296875,119.38674926757812
1237.642359980561,8.580857130164404,39.39764404296875,119.38674926757812
1236.1299099163632,7.068407065966596,39.39764404296875,119.38674926757812
1238.5908903881675,6.883603607887196,38.55747604370117,116.84078979492188
1237.110693777146,8.955878863317352,38.55747604370117,116.84078979492188
1238.5908903881675,6.883603607887196,38.55747604370117,116.84078979492188
1237.110693777146,8.363800218908736,38.55747604370117,116.84078979492188
1238.5908903881675,5.699446319069963,38.55747604370117,116.84078979492188
1237.110693777146,7.179642930091504,38.55747604370117,116.84078979492188
1238.5908903881675,5.107367674661347,38.55747604370117,116.84078979492188
1237.110693777146,6.5875642856828875,38.55747604370117,116.84078979492188
1238.5908903881675,5.699446319069963,38.55747604370117,116.84078979492188
1237.110693777146,6.5875642856828875,38.55747604370117,116.84078979492188
1238.5908903881675,6.2915249634785795,38.55747604370117,116.84078979492188
1238.2948510659633,4.811328352457039,38.55747604370117,116.84078979492188
1236.8146544549418,5.699446319069963,38.55747604370117,116.84078979492188
1237.110693777146,4.219249708048423,38.55747604370117,116.84078979492188
1236.8146544549418,5.699446319069963,38.55747604370117,116.84078979492188
1238.886929710372,5.995485641274271,38.55747604370117,116.84078979492188
1241.5512836102107,5.699446319069963,38.55747604370117,116.84078979492188
1241.106391476099,3.8065505065258876,37.735225677490234,114.34912109375
1242.555022448548,6.414086256934361,37.735225677490234,114.34912109375
1241.6858438650786,4.386002895505548,37.735225677490234,114.34912109375
1241.3961176705889,5.8346338679547,37.735225677490234,114.34912109375
1242.844748643038,4.965455284485209,37.735225677490234,114.34912109375
1240.8166652816092,6.414086256934361,37.735225677490234,114.34912109375
1239.9474866981398,3.8065505065258876,37.735225677490234,114.34912109375
1235.6015937807922,6.993538645914022,37.735225677490234,114.34912109375
1228.9378913075261,9.601074396322502,37.735225677490234,114.34912109375
632.5596681477251,267.88301937425956,37.735225677490234,114.34912109375
563.1453315115245,317.2010046232704,37.735225677490234,114.34912109375
611.5498462267095,363.5169897742326,37.735225677490234,114.34912109375
611.5498462267095,363.5169897742326,37.735225677490234,114.34912109375
611.5498462267095,363.5169897742326,37.735225677490234,114.34912109375
611.5498462267095,363.5169897742326,37.735225677490234,114.34912109375
611.5498462267095,363.5169897742326,37.735225677490234,114.34912109375
582.6483858239369,261.7667605537014,37.735225677490234,114.34912109375
458.6166034063575,357.0631624365961,37.735225677490234,114.34912109375
1158.4578224344784,-8.44681535323113,37.735225677490234,114.34912109375
1158.4578224344784,-8.44681535323113,37.735225677490234,114.34912109375
1158.4578224344784,-8.44681535323113,37.735225677490234,114.34912109375
1158.4578224344784,-8.44681535323113,37.735225677490234,114.34912109375
1158.4578224344784,-8.44681535323113,37.735225677490234,114.34912109375
1141.876307944104,-41.90935805534425,37.735225677490234,114.34912109375
1141.876307944104,-41.90935805534425,37.735225677490234,114.34912109375
1141.876307944104,-41.90935805534425,37.735225677490234,114.34912109375
1141.876307944104,-41.90935805534425,37.735225677490234,114.34912109375
1141.876307944104,-41.90935805534425,37.735225677490234,114.34912109375
1148.0365137243775,-43.1793706602963,37.735225677490234,114.34912109375
1142.2725350318785,29.13535370260749,37.735225677490234,114.34912109375
1142.2725350318785,29.13535370260749,37.735225677490234,114.34912109375
1142.2725350318785,29.13535370260749,37.735225677490234,114.34912109375
1259.9336904527345,60.69999092690033,37.735225677490234,114.34912109375
1210.6899069556525,42.1914760490551,37.735225677490234,114.34912109375
1184.5484710409655,51.56058219509336,37.735225677490234,114.34912109375
922.8855049689423,-15.239700315158515,37.735225677490234,114.34912109375
922.8855049689423,-15.239700315158515,37.735225677490234,114.34912109375
922.8855049689423,-15.239700315158515,37.735225677490234,114.34912109375
922.8855049689423,-15.239700315158515,37.735225677490234,114.34912109375
950.5551753631742,-15.950999861591,37.735225677490234,114.34912109375
950.5551753631742,-15.950999861591,37.735225677490234,114.34912109375
950.5551753631742,-15.950999861591,37.735225677490234,114.34912109375
950.5551753631742,-15.950999861591,37.735225677490234,114.34912109375
950.5551753631742,-15.950999861591,37.735225677490234,114.34912109375
950.5551753631742,-15.950999861591,37.735225677490234,114.34912109375
950.5551753631742,-15.950999861591,37.735225677490234,114.34912109375
950.5551753631742,-15.950999861591,37.735225677490234,114.34912109375
1257.594093048304,15.56927564359377,37.735225677490234,114.34912109375
1183.784171433992,65.04247988052015,37.735225677490234,114.34912109375
1225.148864120382,4.56107935867324,38.57011795043945,116.87909698486328
1226.8728731090953,1.7318954740873238,39.42348098754883,119.46504974365234
1229.263103188047,1.3524303376441225,40.29572677612305,122.10821533203125
1230.1912593431543,1.0430449526083336,40.29572677612305,122.10821533203125
1231.1194154982618,0.11488879750097425,40.29572677612305,122.10821533203125
1231.636605338165,-1.5569209882041193,41.18727111816406,124.80986022949219
1232.5852969482041,-1.240690451524415,41.18727111816406,124.80986022949219
1233.5339885582432,-2.1893820615635207,41.18727111816406,124.80986022949219
1231.3203748014853,-1.8731515248838164,41.18727111816406,124.80986022949219
1234.798910704962,-1.5569209882041122,41.18727111816406,124.80986022949219
1232.5852969482041,-1.8731515248838164,41.18727111816406,124.80986022949219
1236.6962939250402,-2.821843134922922,41.18727111816406,124.80986022949219
1233.850219094923,-3.1380736716026263,41.18727111816406,124.80986022949219
1237.3287549983997,-3.4543042082823305,41.18727111816406,124.80986022949219
1235.1151412416418,-3.1380736716026263,41.18727111816406,124.80986022949219
1237.3287549983997,-4.086765281641732,41.18727111816406,124.80986022949219
1235.1151412416418,-4.402995818321436,41.18727111816406,124.80986022949219
1237.6123088070879,-4.7994388747125,42.098541259765625,127.57128143310547
1235.2572918978415,-4.373822995218163,41.20077896118164,124.85078430175781
1238.411672353785,-6.083180485841936,42.11234664916992,127.61310577392578
1236.1483405425677,-6.406513601730111,42.11234664916992,127.61310577392578
1239.0583385855612,-4.143181790512905,42.11234664916992,127.61310577392578
1236.7950067743438,-7.053179833506455,42.11234664916992,127.61310577392578
1238.4116723537848,-5.436514254065592,42.11234664916992,127.61310577392578
1238.7350054696728,-6.406513601730111,42.11234664916992,127.61310577392578
1238.4116723537848,-6.729846717618287,42.11234664916992,127.61310577392578
1242.2888124206265,-6.304090962643436,41.21428680419922,124.89171600341797
1244.253267665156,-7.107417446830397,40.33538055419922,122.22836303710938
1244.9818461843215,-4.311656580128897,39.475215911865234,119.6218032836914
1215.4878441458427,22.077543142227725,39.475215911865234,119.6218032836914
520.7740175204771,242.61864710977756,39.475215911865234,119.6218032836914
787.9689559681967,-45.57879383513443,39.475215911865234,119.6218032836914
419.0390738812088,-21.958005257676476,39.475215911865234,119.6218032836914
542.8818354046668,-8.332962762490254,39.475215911865234,119.6218032836914
524.4460239452043,-1.8345174453411346,39.475215911865234,119.6218032836914
521.4318604274737,28.542270866265227,39.475215911865234,119.6218032836914
513.7858405602693,-48.82820775399388,39.475215911865234,119.6218032836914
513.7858405602693,-48.82820775399388,39.475215911865234,119.6218032836914
523.2700493726574,291.10872467596414,39.475215911865234,119.6218032836914
523.2700493726574,291.10872467596414,39.475215911865234,119.6218032836914
568.8146455929054,245.7471057231781,39.475215911865234,119.6218032836914
558.8128215504953,303.63645093833946,39.475215911865234,119.6218032836914
559.7220782816235,303.9395365153822,39.475215911865234,119.6218032836914
561.6036415465537,304.92289183114616,38.63339614868164,117.07083129882812
562.4935081040181,306.40600276025344,38.63339614868164,117.07083129882812
565.4785501209132,307.3683890591846,37.80952835083008,114.57425689697266
568.0912197761962,308.81987220100854,37.80952835083008,114.57425689697266
571.5722141052825,309.20212469227914,37.00322723388672,112.13092803955078
576.0743224613149,312.86227222848163,36.2141227722168,109.73970031738281
577.4645590615223,312.58422490844015,36.2141227722168,109.73970031738281
579.1906850620753,313.48634391609323,35.44184494018555,107.39946746826172
581.0955102024222,316.4796405652098,35.44184494018555,107.39946746826172
583.0003353427692,316.2075226880174,35.44184494018555,107.39946746826172
537.4795004075604,257.77486064395197,35.44184494018555,107.39946746826172
844.3257503264263,-8.641420850751828,35.44184494018555,107.39946746826172
906.8645582493363,7.453834241372789,34.68603515625,105.10913848876953
916.7318972550696,8.83126608163213,33.946346282958984,102.8676528930664
921.8669411591052,10.17932487237701,33.22243118286133,100.67396545410156
927.2235687217507,8.903937357461423,33.22243118286133,100.67396545410156
932.0700412784299,10.68947987834325,33.22243118286133,100.67396545410156
936.9165138351092,9.414092363427663,33.22243118286133,100.67396545410156
941.9420511950524,11.225117861879056,32.513954162597656,98.52706146240234
946.1858954678767,9.47765257306905,32.513954162597656,98.52706146240234
950.4297397407009,11.225117861879056,32.513954162597656,98.52706146240234
954.1743082167224,10.47620416667477,32.513954162597656,98.52706146240234
957.4196008959409,10.7258420650762,32.513954162597656,98.52706146240234
960.1656177783566,11.474755760280487,32.513954162597656,98.52706146240234
963.6402961317276,10.84101186501016,31.82058334350586,96.42594146728516
966.3277533770123,10.108068979932519,31.82058334350586,96.42594146728516
967.243119240833,10.308737959598027,32.52461242675781,98.55936431884766
969.9900364776696,10.558457708401356,32.52461242675781,98.55936431884766
972.7369537145062,10.808177457204685,32.52461242675781,98.55936431884766
973.9855524585228,10.059018210794697,32.52461242675781,98.55936431884766
971.7380747192929,11.307616954811337,32.52461242675781,98.55936431884766
974.2511172201595,10.67366413861945,31.83101463317871,96.45755767822266
977.6528116490233,10.524351775420229,31.15220832824707,94.40057373046875
974.0822144607465,11.7134117412619,31.84145164489746,96.48918914794922
976.2824852408738,10.002090023385144,31.84145164489746,96.48918914794922
973.1401733699221,10.710172975604152,32.54594421386719,98.62401580810547
974.8893580808069,9.960522385224962,32.54594421386719,98.62401580810547
973.1401733699221,11.209940035856945,32.54594421386719,98.62401580810547
974.3895910205541,10.460289445477756,32.54594421386719,98.62401580810547
976.138775731439,10.210405915351359,32.54594421386719,98.62401580810547
973.3900569000485,10.960056505730549,32.54594421386719,98.62401580810547
974.1397074904278,10.210405915351359,32.54594421386719,98.62401580810547
975.3891251410598,9.960522385224962,32.54594421386719,98.62401580810547
973.1401733699222,11.209940035856945,32.54594421386719,98.62401580810547
974.3895910205542,9.960522385224962,32.54594421386719,98.62401580810547
975.6390086711863,8.211337674340179,32.54594421386719,98.62401580810547
973.8898239603014,9.960522385224962,32.54594421386719,98.62401580810547
975.1392416109335,8.711104734592979,32.54594421386719,98.62401580810547
975.3891251410599,9.460755324972169,32.54594421386719,98.62401580810547
972.6957989211804,9.665999831350511,33.266021728515625,100.80606842041016
973.4620355308717,6.856465595815628,33.266021728515625,100.80606842041016
976.0323633657075,7.1927839044103905,32.55661392211914,98.6563491821289
973.782674216121,9.442473053996906,32.55661392211914,98.6563491821289
976.5322942878379,8.192645748671069,32.55661392211914,98.6563491821289
974.7825360603817,8.942542131866574,32.55661392211914,98.6563491821289
977.5321561320986,7.192783904410398,32.55661392211914,98.6563491821289
975.7823979046425,7.942680287605903,32.55661392211914,98.6563491821289
974.0326396771864,7.692714826540737,32.55661392211914,98.6563491821289
976.2823288267729,6.4428875212148995,32.55661392211914,98.6563491821289
975.032501521447,7.692714826540737,32.55661392211914,98.6563491821289
977.2821906710335,5.443025676954221,32.55661392211914,98.6563491821289
974.5325705993166,6.692852982280058,32.55661392211914,98.6563491821289
975.7823979046425,3.9432329105632107,32.55661392211914,98.6563491821289
976.0323633657076,4.693129293758716,32.55661392211914,98.6563491821289
973.2827432939907,2.9433710663025394,32.55661392211914,98.6563491821289
976.5322942878379,1.6935437609767021,32.55661392211914,98.6563491821289
978.7819834374244,0.9436473777811969,32.55661392211914,98.6563491821289
975.5324324435772,0.6936819167160309,32.55661392211914,98.6563491821289
977.7821215931638,-0.05621446647947437,32.55661392211914,98.6563491821289
975.0325015214469,-0.3061799275446404,32.55661392211914,98.6563491821289
977.2821906710334,-1.5560072328704777,32.55661392211914,98.6563491821289
978.0320870542289,-1.3060417718053117,32.55661392211914,98.6563491821289
976.6927124585748,-2.4224797524726327,31.862335205078125,96.55247497558594
979.6261685252332,-2.5719363092056824,31.182861328125,94.49346160888672
976.0348991255364,-3.7690261091046153,31.182861328125,94.49346160888672
978.4442696892125,-4.838355512197218,30.51787757873535,92.47836303710938
980.553080388037,-7.415790810760328,30.51787757873535,92.47836303710938
976.5697712902576,-8.587352310107192,30.51787757873535,92.47836303710938
978.2099573893432,-10.696163008931556,30.51787757873535,92.47836303710938
978.2099573893432,-10.696163008931556,30.51787757873535,92.47836303710938
593.9103333796638,188.76394240857041,30.51787757873535,92.47836303710938
598.8308916769207,238.20383768100828,30.51787757873535,92.47836303710938
597.190705577835,241.24989757931013,30.51787757873535,92.47836303710938
596.3868909810025,241.55843294840787,29.867074966430664,90.50623321533203
595.2403133835091,241.32911742890923,29.867074966430664,90.50623321533203
594.0937357860158,241.0998019094106,29.867074966430664,90.50623321533203
592.9471581885225,241.32911742890923,29.867074966430664,90.50623321533203
592.2592116300265,242.47569502640255,29.867074966430664,90.50623321533203
591.5712650715304,242.7050105459012,29.867074966430664,90.50623321533203
589.9660564350398,243.8515881433945,29.867074966430664,90.50623321533203
590.9475998271031,242.3853255540551,29.23015022277832,88.57616424560547
590.7231745301286,242.1609002570807,29.23015022277832,88.57616424560547
590.3859051693903,242.88904472564076,28.606807708740234,86.68724822998047
588.4091509301242,246.62291384425453,28.606807708740234,86.68724822998047
586.8716754106949,247.72111064384683,28.606807708740234,86.68724822998047
586.8716754106949,247.72111064384683,28.606807708740234,86.68724822998047
586.2127573309396,249.6978648831129,28.606807708740234,86.68724822998047
634.1602757961684,288.69545653760156,28.606807708740234,86.68724822998047
573.0009650899724,272.92455045749523,29.23973274230957,88.6052017211914
573.6744617322423,273.14904933825187,29.23973274230957,88.6052017211914
648.7306872923762,210.24237065765794,29.23973274230957,88.6052017211914
1029.5547352203942,-25.75464796144147,29.23973274230957,88.6052017211914
1029.5547352203942,-25.75464796144147,29.23973274230957,88.6052017211914
1005.9823527409457,-16.101196088905432,29.23973274230957,88.6052017211914
1019.8305634736869,-25.930634708220666,29.23973274230957,88.6052017211914
1007.9321227935843,-17.175178358711236,29.23973274230957,88.6052017211914
623.6256269538283,201.76009523591748,29.23973274230957,88.6052017211914
593.4271909174324,241.4376811792116,28.616186141967773,86.71566772460938
591.0103657978843,243.8545062987597,28.616186141967773,86.71566772460938
589.032963427345,243.19537217524658,28.616186141967773,86.71566772460938
587.4949838058144,242.53623805173345,28.616186141967773,86.71566772460938
587.27527243131,240.99825843020284,28.616186141967773,86.71566772460938
586.1767155587881,239.02085605966352,28.616186141967773,86.71566772460938
584.5759098459245,238.03954383129695,28.005937576293945,84.8664321899414
582.64067617654,239.9747775006814,28.005937576293945,84.8664321899414
581.9955982867451,238.8996476843567,28.005937576293945,84.8664321899414
582.21062425001,239.9747775006814,28.005937576293945,84.8664321899414
581.1354944336853,238.46959575782682,28.005937576293945,84.8664321899414
580.0603646173605,237.39446594150212,28.005937576293945,84.8664321899414
579.4152867275657,238.03954383129695,28.005937576293945,84.8664321899414
579.3285607576537,238.2161558716909,28.625568389892578,86.74410247802734
577.7900768687384,235.35897150656257,28.625568389892578,86.74410247802734
578.0098602814406,235.57875491926472,28.625568389892578,86.74410247802734
577.3505100433341,235.35897150656257,28.625568389892578,86.74410247802734
576.2515929798233,234.26005444305167,28.625568389892578,86.74410247802734
577.0750490154302,233.52847356307586,29.258909225463867,88.66331481933594
577.2996951361384,233.30382744236766,29.258909225463867,88.66331481933594
577.0750490154302,233.52847356307586,29.258909225463867,88.66331481933594
576.0521609017376,232.78070513767585,29.90626335144043,90.62499237060547
577.200242982382,231.1733902247737,29.90626335144043,90.62499237060547
577.8890922307686,231.86223947316034,29.90626335144043,90.62499237060547
577.6594758146397,231.63262305703148,29.90626335144043,90.62499237060547
578.807557895284,230.48454097638705,29.90626335144043,90.62499237060547
578.5779414791551,231.1733902247737,29.90626335144043,90.62499237060547
578.807557895284,231.86223947316034,29.90626335144043,90.62499237060547
578.5779414791551,231.63262305703148,29.90626335144043,90.62499237060547
577.8890922307685,231.86223947316034,29.90626335144043,90.62499237060547
578.5779414791551,232.0918558892892,29.90626335144043,90.62499237060547
577.4298593985108,232.32147230541807,29.90626335144043,90.62499237060547
578.5779414791551,231.17339022477364,29.90626335144043,90.62499237060547
577.0559681170564,230.8855307315959,30.56793975830078,92.63007354736328
575.5003214391937,231.0783005173688,31.24425506591797,94.67951202392578
573.4124858541771,231.275332687252,31.93553352355957,96.77429962158203
571.7872392640697,230.96794375319388,32.64210891723633,98.9154281616211
571.1661160094519,228.05354883585915,33.364315032958984,101.10393524169922
570.531249924558,229.85859180667984,34.102500915527344,103.34085845947266
570.2694153468113,226.9784114514669,34.102500915527344,103.34085845947266
568.4365733025849,227.76391518470683,34.102500915527344,103.34085845947266
568.87427512504,224.7191340137731,34.857017517089844,105.62727355957031
568.6066474572607,222.84574033931818,34.857017517089844,105.62727355957031
570.4800411317157,221.5076020004218,34.857017517089844,105.62727355957031
574.4944561484048,219.63420832596688,34.857017517089844,105.62727355957031
577.9736158295353,218.83132532262903,34.857017517089844,105.62727355957031
581.4527755106659,218.02844231929117,34.857017517089844,105.62727355957031
585.467190527355,216.6903039803948,34.857017517089844,105.62727355957031
588.9463502084856,216.42267631261552,34.857017517089844,105.62727355957031
591.0597186979761,216.64249203160335,35.62822723388672,107.96427917480469
593.5216590673361,216.36894310167446,35.62822723388672,107.96427917480469
593.795207997265,215.54829631188778,35.62822723388672,107.96427917480469
594.6158547870517,216.36894310167446,35.62822723388672,107.96427917480469
593.795207997265,215.54829631188778,35.62822723388672,107.96427917480469
595.1629526469095,215.82184524181667,35.62822723388672,107.96427917480469
595.4365015768384,215.00119845203,35.62822723388672,107.96427917480469
594.0687569271939,214.18055166224332,35.62822723388672,107.96427917480469
595.9835994366962,213.35990487245664,35.62822723388672,107.96427917480469
594.6158547870517,212.53925808266996,35.62822723388672,107.96427917480469
593.9379113434175,211.06109605688238,36.416500091552734,110.35298919677734
592.0846232916167,208.97005790292593,37.22221374511719,112.79454803466797
590.0841116557411,208.6842705263723,37.22221374511719,112.79454803466797
590.3698990322948,204.96903463117485,37.22221374511719,112.79454803466797
591.2272611619558,201.8253734890847,37.22221374511719,112.79454803466797
592.656198044724,198.68171234699457,37.22221374511719,112.79454803466797
594.4303734319898,196.85436763575677,36.42844009399414,110.38916778564453
596.7058818072595,195.60515629295037,35.65159225463867,108.03508758544922
597.8775257451867,195.96559205167839,34.89131164550781,105.73120880126953
600.824326751511,194.0903550476539,34.89131164550781,105.73120880126953
604.0366509509645,196.5087725706765,34.14724349975586,103.47645568847656
606.9206105382382,194.67352556059328,34.14724349975586,103.47645568847656
611.3776389912974,196.5087725706765,34.14724349975586,103.47645568847656
615.3103111557615,198.34401958075975,34.14724349975586,103.47645568847656
619.2429833202256,201.7523354566286,34.14724349975586,103.47645568847656
613.7372422899759,211.45292679563994,34.14724349975586,103.47645568847656
614.3540436183685,218.36840130923855,33.419044494628906,101.26979064941406
616.6633276659787,222.73038228805785,33.419044494628906,101.26979064941406
619.9989601791935,226.5791890340749,33.419044494628906,101.26979064941406
621.2818957611993,230.9411700128942,33.419044494628906,101.26979064941406
621.2818957611993,230.9411700128942,33.419044494628906,101.26979064941406
653.14368858326,229.3565588447168,33.419044494628906,101.26979064941406
673.4140707789497,232.69219135793156,33.419044494628906,101.26979064941406
602.2061078357251,183.63418873006935,33.419044494628906,101.26979064941406
590.4441112413724,235.90775903545443,32.70637512207031,99.11018371582031
586.1751508207761,238.6700275428991,32.70637512207031,99.11018371582031
588.4351886905037,236.91222031088887,32.70637512207031,99.11018371582031
591.4463519768849,237.72695940344,32.00890350341797,96.99662780761719
587.2869830989981,241.36685053526713,31.326303482055664,94.92814636230469
587.2869830989981,241.36685053526713,31.326303482055664,94.92814636230469
600.0345059229282,238.7211382510552,31.326303482055664,94.92814636230469
573.191996939154,299.790559116395,31.326303482055664,94.92814636230469
573.191996939154,299.790559116395,31.326303482055664,94.92814636230469
1110.2915220332352,-11.958417831259759,31.326303482055664,94.92814636230469
1144.0338796505746,-27.661757757616336,31.326303482055664,94.92814636230469
1144.0338796505746,-27.661757757616336,31.326303482055664,94.92814636230469
1144.0338796505746,-27.661757757616336,31.326303482055664,94.92814636230469
670.663182227379,163.67889872358015,31.326303482055664,94.92814636230469
670.663182227379,163.67889872358015,31.326303482055664,94.92814636230469
720.2772706414024,191.18184775874028,31.326303482055664,94.92814636230469
613.5301133889257,204.9629033432386,31.326303482055664,94.92814636230469
630.6069835870207,230.69846828966365,31.326303482055664,94.92814636230469
631.0090527770334,232.39325058897685,32.0193977355957,97.02843475341797
630.7632119889879,233.62245452920416,32.0193977355957,97.02843475341797
631.0090527770334,231.9015690128859,32.0193977355957,97.02843475341797
632.440257785614,231.59337276377312,32.72782516479492,99.17518615722656
632.3389097915436,233.3639799333696,33.451927185058594,101.36943817138672
630.5410326907793,232.5934611758991,33.451927185058594,101.36943817138672
633.1021525896002,234.9361861639121,34.19205093383789,103.61223602294922
630.8173352684754,230.24920879172828,34.948551177978516,105.90465545654297
630.5490048039889,233.20084390108036,34.948551177978516,105.90465545654297
629.3272085727519,230.08052407852801,35.72178649902344,108.24779510498047
628.504406744712,232.5489295626479,35.72178649902344,108.24779510498047
629.8757431247786,229.53198952650138,35.72178649902344,108.24779510498047
625.7617339845789,232.5489295626479,35.72178649902344,108.24779510498047
630.4242776768053,230.08052407852801,35.72178649902344,108.24779510498047
630.6985449528187,232.00039501062128,35.72178649902344,108.24779510498047
629.327208572752,233.92026594271454,35.72178649902344,108.24779510498047
648.9748941497272,223.96962373473855,35.72178649902344,108.24779510498047
648.9748941497272,223.96962373473855,35.72178649902344,108.24779510498047
676.3713129907931,187.09514402619413,35.72178649902344,108.24779510498047
676.3713129907931,187.09514402619413,35.72178649902344,108.24779510498047
634.5661014354101,296.61738703766804,35.72178649902344,108.24779510498047
634.5661014354101,296.61738703766804,35.72178649902344,108.24779510498047
1142.3905474694643,-47.69537582841271,35.72178649902344,108.24779510498047
678.59480666173,243.4201644821672,35.72178649902344,108.24779510498047
583.717779607761,280.22824871822274,35.72178649902344,108.24779510498047
583.717779607761,280.22824871822274,35.72178649902344,108.24779510498047
579.6046495763867,254.68270375653952,34.96001052856445,105.93937683105469
578.7993942451616,251.1932639878973,34.96001052856445,105.93937683105469
578.9134441676314,252.58157345568628,34.2144775390625,103.68019104003906
577.5999724697315,251.26810175778633,34.2144775390625,103.68019104003906
577.8626668093115,252.58157345568628,34.2144775390625,103.68019104003906
579.7015271863714,256.52198854938615,34.2144775390625,103.68019104003906
581.5403875634314,254.15773949316622,34.2144775390625,103.68019104003906
581.5403875634314,254.15773949316622,34.2144775390625,103.68019104003906
581.5403875634314,254.15773949316622,34.2144775390625,103.68019104003906
581.5403875634314,254.15773949316622,34.2144775390625,103.68019104003906
576.9375137460669,212.903770949408,34.2144775390625,103.68019104003906
578.7763741231269,244.1643973594268,34.2144775390625,103.68019104003906
578.7763741231269,244.1643973594268,34.2144775390625,103.68019104003906
578.7763741231269,244.1643973594268,34.2144775390625,103.68019104003906
578.7763741231269,244.1643973594268,34.2144775390625,103.68019104003906
578.7763741231269,244.1643973594268,34.2144775390625,103.68019104003906
608.9862231748257,247.0540350948067,34.2144775390625,103.68019104003906
613.9774156268455,248.8928954718666,34.2144775390625,103.68019104003906
616.3416646830655,251.25714452808654,34.2144775390625,103.68019104003906
615.5535816643255,253.09600490514646,34.2144775390625,103.68019104003906
614.652401512722,256.98670480007564,33.48484420776367,101.46917724609375
616.9662322456949,256.2154278890847,33.48484420776367,101.46917724609375
617.2233245493585,253.3874125487846,33.48484420776367,101.46917724609375
617.9946014603495,258.2721663183939,33.48484420776367,101.46917724609375
616.2905089571158,256.34946514994976,34.2256965637207,103.71417999267578
614.4510456609404,259.76561127141844,34.2256965637207,103.71417999267578
612.611582364765,258.4517089170074,34.2256965637207,103.71417999267578
545.3501233133317,239.04170530279043,33.49582290649414,101.50244140625
547.1503595006609,239.29888190098035,33.49582290649414,101.50244140625
545.3501233133317,236.4699393208915,33.49582290649414,101.50244140625
546.6360063042812,238.2701755082208,33.49582290649414,101.50244140625
546.3788297060913,241.61347128468947,33.49582290649414,101.50244140625
546.8087436196664,241.29106204762974,34.23691940307617,103.74818420410156
548.8845147485436,241.50696998543913,34.99441146850586,106.04360961914062
552.6787619896052,242.28516989117185,35.76866149902344,108.38982391357422
553.5026434580373,243.65830567189198,35.76866149902344,108.38982391357422
553.9617295635668,245.59342574397363,36.56004333496094,110.78794860839844
554.803839409488,249.8039749735794,36.56004333496094,110.78794860839844
553.9617295635668,246.15483230792103,36.56004333496094,110.78794860839844
555.3652459734354,241.3828765143678,36.56004333496094,110.78794860839844
554.5231361275142,243.90920605213125,36.56004333496094,110.78794860839844
556.7397573747505,248.21697593114362,37.368934631347656,113.2391357421875
558.4100761322803,243.68986327326274,38.19572067260742,115.74455261230469
559.5088311113585,237.2370358738159,39.040802001953125,118.3053970336914
562.8060836238518,237.53678610222437,39.040802001953125,118.3053970336914
566.1033361363451,233.0405326760971,39.040802001953125,118.3053970336914
565.2040854511197,233.93978336132255,39.040802001953125,118.3053970336914
563.7053343090772,237.2370358738159,39.040802001953125,118.3053970336914
566.6943452104667,240.59314483613775,39.904579162597656,120.92290496826172
567.0007274126788,245.1888778693181,39.904579162597656,120.92290496826172
566.8771545505011,250.526468765784,40.78746795654297,123.59832763671875
569.9998914887053,256.6319651877219,41.68989181518555,126.33293914794922
568.5424176367619,252.24557230315617,42.612281799316406,129.1280517578125
572.1413049704747,258.46183224320555,42.612281799316406,129.1280517578125
569.9727031138024,254.65726661835157,43.55508041381836,131.98501586914062
574.9888568173994,259.67342032194864,43.55508041381836,131.98501586914062
572.7722749719969,254.396880371316,44.51873779296875,134.90518188476562
574.4813203400934,255.4223075921738,44.51873779296875,134.90518188476562
574.1395112664741,253.02964407683885,44.51873779296875,134.90518188476562
573.7977021928548,252.00421685598104,44.51873779296875,134.90518188476562
572.2413325901308,248.73869642232324,45.50371551513672,137.88995361328125
571.8919609907578,247.69058162420396,45.50371551513672,137.88995361328125
572.940075788877,250.83492601856187,45.50371551513672,137.88995361328125
570.4944745932653,246.99183842545773,45.50371551513672,137.88995361328125
570.8438461926384,244.54623722984599,45.50371551513672,137.88995361328125
571.1932177920114,245.59435202796527,45.50371551513672,137.88995361328125
570.1451029938921,243.14875083235353,45.50371551513672,137.88995361328125
567.6995017982804,242.10063603423424,45.50371551513672,137.88995361328125
570.8438461926384,245.24498042859216,45.50371551513672,137.88995361328125
576.0844201832349,248.38932482295007,45.50371551513672,137.88995361328125
580.6262509750852,246.64246682608456,45.50371551513672,137.88995361328125
584.4693385681894,245.59435202796527,45.50371551513672,137.88995361328125
586.2161965650549,249.43743962106942,45.50371551513672,137.88995361328125
586.565568164428,253.28052721417356,45.50371551513672,137.88995361328125
587.6136829625473,253.62989881354667,45.50371551513672,137.88995361328125
590.059284158159,253.28052721417356,45.50371551513672,137.88995361328125
591.1073989562783,255.02738521103907,45.50371551513672,137.88995361328125
591.4567705556514,254.67801361166596,45.50371551513672,137.88995361328125
591.8061421550244,254.32864201229285,45.50371551513672,137.88995361328125
593.5530001518899,256.7742432079046,45.50371551513672,137.88995361328125
597.7423704023867,260.6017250584848,44.5333366394043,134.94940185546875
607.6580836011245,260.25980391370075,44.5333366394043,134.94940185546875
612.1030584833173,261.9694096376211,44.5333366394043,134.94940185546875
613.8126642072376,261.627488492837,44.5333366394043,134.94940185546875
611.9805703417933,264.0550952077882,43.583648681640625,132.07156372070312
617.283306135216,267.07600149317716,42.654212951660156,129.25509643554688
613.6808776688891,266.0935210023607,42.654212951660156,129.25509643554688
610.0784492025623,265.7660275054219,42.654212951660156,129.25509643554688
607.7859947239906,266.0935210023607,42.654212951660156,129.25509643554688
604.8385532515413,265.1110405115443,42.654212951660156,129.25509643554688
601.2361247852144,264.78354701460546,42.654212951660156,129.25509643554688
598.2886833127651,266.42101449929953,42.654212951660156,129.25509643554688
595.3412418403158,265.4385340084831,42.654212951660156,129.25509643554688
593.7037743556217,267.07600149317716,42.654212951660156,129.25509643554688
597.9611898158262,269.3684559717488,42.654212951660156,129.25509643554688
595.6687353372545,270.35093646256524,42.654212951660156,129.25509643554688
597.3062028219485,273.2983779350145,42.654212951660156,129.25509643554688
594.3587613494992,272.9708844380757,42.654212951660156,129.25509643554688
597.6544760743179,277.1899924124062,41.744598388671875,126.49869537353516
594.7698896790522,276.86948281293223,41.744598388671875,126.49869537353516
593.052523686659,278.52721983135933,40.8543815612793,123.80107116699219
599.0123417654559,280.7229422814424,40.8543815612793,123.80107116699219
600.8384518268263,277.72620631100557,41.75828552246094,126.54016876220703
599.8766077657015,279.9705091202967,41.75828552246094,126.54016876220703
598.9147637045767,279.6498944332551,41.75828552246094,126.54016876220703
601.800295887951,280.6117384943799,41.75828552246094,126.54016876220703
598.2735343304936,280.2911238073383,41.75828552246094,126.54016876220703
595.3880021471192,281.2529678684631,41.75828552246094,126.54016876220703
593.143699337828,280.2911238073383,41.75828552246094,126.54016876220703
590.8993965285368,282.5354266166294,41.75828552246094,126.54016876220703
588.6550937192457,281.57358255550463,41.75828552246094,126.54016876220703
585.7695615358713,284.45911473887895,41.75828552246094,126.54016876220703
583.5252587265801,282.2148119295878,41.75828552246094,126.54016876220703
582.5634146654553,283.81788536479576,41.75828552246094,126.54016876220703
580.9603412302473,281.57358255550463,41.75828552246094,126.54016876220703
579.3572677950393,284.45911473887895,41.75828552246094,126.54016876220703
584.1664881006632,282.856041303671,41.75828552246094,126.54016876220703
581.2809559172888,284.45911473887895,41.75828552246094,126.54016876220703
579.6778824820808,286.7034175481701,41.75828552246094,126.54016876220703
583.8458734136215,285.10034411296215,41.75828552246094,126.54016876220703
585.4489468488295,287.98587629633647,41.75828552246094,126.54016876220703
585.1283321617879,285.10034411296215,41.75828552246094,126.54016876220703
584.1664881006631,287.98587629633647,41.75828552246094,126.54016876220703
583.3719000607334,283.5922839034001,42.682186126708984,129.33987426757812
581.0779420517867,285.230825338362,42.682186126708984,129.33987426757812
580.7502337647944,282.9368673294153,42.682186126708984,129.33987426757812
579.7671089038173,285.230825338362,42.682186126708984,129.33987426757812
578.7839840428402,286.869366773324,42.682186126708984,129.33987426757812
576.4900260338935,283.26457561640774,42.682186126708984,129.33987426757812
574.1960680249468,284.2477004773849,42.682186126708984,129.33987426757812
571.9021100160002,285.88624191234686,42.682186126708984,129.33987426757812
570.918985155023,280.97061760746107,42.682186126708984,129.33987426757812
569.9358602940459,283.2645756164078,42.682186126708984,129.33987426757812
569.6081520070536,280.97061760746107,42.682186126708984,129.33987426757812
568.6250271460765,279.3320761724991,42.682186126708984,129.33987426757812
566.9864857111146,281.62603418144585,42.682186126708984,129.33987426757812
566.0033608501375,282.609159042423,42.682186126708984,129.33987426757812
565.0202359891604,280.3152010334763,42.682186126708984,129.33987426757812
561.4880880759217,281.26435818797336,43.626529693603516,132.20152282714844
543.9770000794026,277.3692410267623,44.591766357421875,135.12648010253906
526.0784798539075,269.83585883194223,45.5783576965332,138.11614990234375
519.42953000713,268.78602464560896,45.5783576965332,138.11614990234375
513.4804696179079,268.4360799168312,45.5783576965332,138.11614990234375
510.3309670589081,269.4859141031645,45.5783576965332,138.11614990234375
505.7816855847972,274.03519557727543,45.5783576965332,138.11614990234375
501.9322935682418,276.4848086787198,45.5783576965332,138.11614990234375
498.0829015516864,281.03409015283074,45.5783576965332,138.11614990234375
492.83373062002,278.5844770513864,45.5783576965332,138.11614990234375
489.0619102892764,282.502583567795,46.5867805480957,141.17196655273438
485.2066399367058,277.60096464344707,47.61751174926758,144.29539489746094
476.06661277573573,283.81618311290674,47.61751174926758,144.29539489746094
469.12019213339846,288.5689972366112,47.61751174926758,144.29539489746094
465.09858018257165,289.6658004959276,47.61751174926758,144.29539489746094
451.5713399843359,285.6441885451008,47.61751174926758,144.29539489746094
440.9689084776106,282.3537787671516,47.61751174926758,144.29539489746094
432.56008348951815,278.3321668163248,47.61751174926758,144.29539489746094
427.1022691981133,274.08072122586765,48.671051025390625,147.48793029785156
422.9916790828744,275.2017912572964,48.671051025390625,147.48793029785156
418.133708946683,273.3333412049151,48.671051025390625,147.48793029785156
414.77049885239666,271.46489115253377,48.671051025390625,147.48793029785156
412.90204880001534,274.8281012468201,48.671051025390625,147.48793029785156
410.2862187266815,272.2122711734863,48.671051025390625,147.48793029785156
407.8092782591279,271.7437971636132,49.74789810180664,150.7510986328125
405.277534804952,268.0947040848035,50.84857177734375,154.0864715576172
402.6897781230648,264.3648766326526,51.973594665527344,157.49563598632812
399.216744017641,268.00472217170136,53.123512268066406,160.980224609375
399.89857734559297,264.9543642923578,54.29887008666992,164.5419158935547
398.00029584515835,260.1063866674017,55.5002326965332,168.18240356445312
396.7219251465285,257.12352170393206,55.5002326965332,168.18240356445312
397.14804871273844,253.2884096080425,55.5002326965332,168.18240356445312
439.0095785256658,244.94855436435716,55.5002326965332,168.18240356445312
395.5115964210072,207.27767575980909,56.72817611694336,171.9034423828125
390.81707797466527,201.30903316795934,57.9832878112793,175.70680236816406
387.7007610775552,201.75422129611792,57.9832878112793,175.70680236816406
384.5844441804452,195.96677563005642,57.9832878112793,175.70680236816406
381.46812728333515,191.96008247662922,57.9832878112793,175.70680236816406
382.8036916678109,195.07639937373926,57.9832878112793,175.70680236816406
378.7969985143837,189.28895370767776,57.9832878112793,175.70680236816406
381.9133154114937,194.1860231174221,57.9832878112793,175.70680236816406
379.5278920897546,187.9066772977713,56.74677658081055,171.95980834960938
380.8349751614529,180.49987322481394,56.74677658081055,171.95980834960938
383.01344694761684,183.54973372544345,56.74677658081055,171.95980834960938
382.5777525903841,178.75709579588278,56.74677658081055,171.95980834960938
383.8848356620824,184.42112243990897,56.74677658081055,171.95980834960938
386.06330744824635,188.34237165500406,56.74677658081055,171.95980834960938
386.4990018054791,182.67834501097786,56.74677658081055,171.95980834960938
388.67747359164304,185.72820551160737,56.74677658081055,171.95980834960938
389.9845566633414,180.9355675820467,56.74677658081055,171.95980834960938
390.42025102057414,182.24265065374505,56.74677658081055,171.95980834960938
389.76548202945844,180.2966828375025,55.53663635253906,168.29270935058594
390.19188507329,178.1646676183447,55.53663635253906,168.29270935058594
391.47109420478466,176.03265239918693,55.53663635253906,168.29270935058594
392.75030333627933,174.75344326769226,55.53663635253906,168.29270935058594
394.34789496538895,171.56452368146188,56.765384674072266,172.0161895751953
421.30297463323825,166.49632472191487,58.02132034301758,175.82205200195312
432.2157540107958,159.46725276014502,59.3050422668457,179.7121124267578
440.53551077361715,191.0203995230221,60.617164611816406,183.68824768066406
444.2107049372205,188.50548486253706,61.95832061767578,187.75234985351562
447.9672139523424,183.9607391009622,63.32914733886719,191.9063720703125
451.8068332636989,178.3065095539729,64.73030853271484,196.1522979736328
453.66889345803537,171.4959205889328,66.16246795654297,200.49217224121094
447.13957255468915,162.42650805039455,67.62631225585938,204.9280548095703
452.31712321625173,155.31122215422437,69.12254333496094,209.4620819091797
457.09354767121926,149.47337004259737,69.12254333496094,209.4620819091797
462.3856517260459,154.3141959833469,70.6518783569336,214.096435546875
467.7948436693932,146.88057555988382,72.21504974365234,218.83331298828125
469.4582167932272,154.0885257631648,72.21504974365234,218.83331298828125
473.8365879250963,153.39343034740438,73.81280517578125,223.6750030517578
473.60801017731336,153.85891334310895,75.44591522216797,228.62380981445312
478.1822652015302,150.72877515397613,77.11515808105469,233.68211364746094
481.6291622946969,148.75795235189088,78.82132720947266,238.85232543945312
478.6032629821012,149.36313221441003,78.82132720947266,238.85232543945312
485.2602414698117,147.54759262685263,78.82132720947266,238.85232543945312
482.234342157216,149.36313221441003,78.82132720947266,238.85232543945312
488.2689976519363,144.83720642552237,80.56524658203125,244.13693237304688
490.1247060528684,147.93005376040918,80.56524658203125,244.13693237304688
491.98041445380056,151.022901095296,80.56524658203125,244.13693237304688
495.07326178868743,152.87860949622808,80.56524658203125,244.13693237304688
498.1661091235743,153.49717896320544,80.56524658203125,244.13693237304688
494.0660255885804,152.72170891208265,82.3477554321289,249.53846740722656
499.7563234364885,153.35396422851687,82.3477554321289,249.53846740722656
495.565526387271,155.18519752906195,84.1697006225586,255.05950927734375
485.9181852642786,178.51224973715068,86.03195190429688,260.70269775390625
490.5419800555785,191.06254988496465,86.03195190429688,260.70269775390625
495.16577484687843,187.75983931975043,86.03195190429688,260.70269775390625
500.3818580066152,182.81988404856867,87.93540954589844,266.4707336425781
497.0060749701456,188.89629351421388,87.93540954589844,266.4707336425781
504.4327976503787,184.17019726315647,87.93540954589844,266.4707336425781
498.55668684019963,174.91809224235425,89.8809814453125,272.36639404296875
506.1477257597328,167.32705332282103,89.8809814453125,272.36639404296875
502.69725352358137,161.11620329774843,89.8809814453125,272.36639404296875
508.908103548654,153.5251643782152,89.8809814453125,272.36639404296875
515.1189535737267,145.934125458682,89.8809814453125,272.36639404296875
519.9496147043387,150.76478658929403,89.8809814453125,272.36639404296875
527.5406536238719,140.4133698808397,89.8809814453125,272.36639404296875
521.3298035987992,143.86384211699112,89.8809814453125,272.36639404296875
528.9208425183324,136.2728031974579,89.8809814453125,272.36639404296875
525.470370282181,142.4836532225305,89.8809814453125,272.36639404296875
534.4415980961747,143.17374766976081,89.8809814453125,272.36639404296875
542.0326370157079,141.10346432806995,89.8809814453125,272.36639404296875
534.4415980961747,143.17374766976081,89.8809814453125,272.36639404296875
542.0326370157079,136.9628976446882,89.8809814453125,272.36639404296875
546.86329814632,139.03318098637908,89.8809814453125,272.36639404296875
544.793014804629,142.4836532225305,89.8809814453125,272.36639404296875
553.7642426186228,143.17374766976081,89.8809814453125,272.36639404296875
550.3137703824714,152.1449754837546,89.8809814453125,272.36639404296875
559.2849981964652,152.8350699309849,89.8809814453125,272.36639404296875
556.1427707577811,156.26578056734928,91.86959838867188,278.3924865722656
562.4910358396585,159.7925945017256,91.86959838867188,278.3924865722656
566.5974252485295,167.69009095840937,93.90221405029297,284.5519104003906
560.3225966759258,165.29023856612366,95.97979736328125,290.8476257324219
566.9548800626254,167.50099969502355,95.97979736328125,290.8476257324219
572.1133226967252,171.18560157652337,95.97979736328125,290.8476257324219
577.2717653308249,173.39636270542326,95.97979736328125,290.8476257324219
580.9563672123247,174.13328308172322,95.97979736328125,290.8476257324219
586.1148098464245,174.87020345802318,95.97979736328125,290.8476257324219
594.2209339857241,172.6594423291233,95.97979736328125,290.8476257324219
599.3793766198238,170.4486812002234,95.97979736328125,290.8476257324219
606.0116600065235,168.23792007132352,95.97979736328125,290.8476257324219
612.6439433932231,166.02715894242363,95.97979736328125,290.8476257324219
616.328545274723,163.81639781352374,95.97979736328125,290.8476257324219
621.4869879088227,158.657955179424,95.97979736328125,290.8476257324219
629.5931120481223,154.97335329792418,95.97979736328125,290.8476257324219
636.225395434822,148.34106991122457,95.97979736328125,290.8476257324219
641.3838380689217,141.70878652452495,95.97979736328125,290.8476257324219
645.0684399504215,143.91954765342484,95.97979736328125,290.8476257324219
650.2268825845213,135.8134235141253,95.97979736328125,290.8476257324219
653.9114844660211,136.55034389042527,95.97979736328125,290.8476257324219
660.5437678527207,128.44421975112573,95.97979736328125,290.8476257324219
667.1760512394204,123.28577711702599,95.97979736328125,290.8476257324219
672.3344938735202,125.49653824592588,95.97979736328125,290.8476257324219
676.01909575502,118.86425485922626,95.97979736328125,290.8476257324219
676.7560161313199,126.9703789985258,95.97979736328125,290.8476257324219
680.4406180128198,120.33809561182619,95.97979736328125,290.8476257324219
685.5990606469195,116.65349373032637,95.97979736328125,290.8476257324219
687.8098217758194,118.86425485922626,95.97979736328125,290.8476257324219
693.8052140291838,115.57290410664444,93.93299865722656,284.64520263671875
697.4112406657408,114.85169877933305,93.93299865722656,284.64520263671875
701.0172673022978,111.24567214277607,93.93299865722656,284.64520263671875
706.8848064264176,112.1953391041954,91.92984771728516,278.5750427246094
694.8857745163264,117.13611694952712,91.92984771728516,278.5750427246094
700.6281870098795,118.06552818799037,89.96941375732422,272.63433837890625
686.2739671664815,122.96994312287566,88.05078887939453,266.8203430175781
674.7812444142871,123.64598563771062,88.05078887939453,266.8203430175781
667.3447767511026,121.61785809320574,88.05078887939453,266.8203430175781
661.1159512932733,122.50805284305466,86.17308044433594,261.13031005859375
652.5148171337484,123.16967854763351,86.17308044433594,261.13031005859375
645.236934383381,123.83130425221236,86.17308044433594,261.13031005859375
639.1409423223183,128.5287787244544,84.33541107177734,255.56163024902344
634.6083279623114,127.88126238731056,84.33541107177734,255.56163024902344
627.485648253729,124.64368070159131,84.33541107177734,255.56163024902344
620.3629685451466,123.99616436444745,84.33541107177734,255.56163024902344
614.535321510852,120.7585826787282,84.33541107177734,255.56163024902344
615.1828378479959,123.99616436444745,84.33541107177734,255.56163024902344
610.4650672447401,123.6005716600562,82.53693389892578,250.1116943359375
606.0291122512056,120.43203237896012,82.53693389892578,250.1116943359375
607.5199771074595,117.60166246051716,80.77680969238281,244.77798461914062
606.89978326215,114.50069323396977,80.77680969238281,244.77798461914062
608.3588542551729,111.73068378284762,79.0542221069336,239.55801391601562
609.7868097020121,109.01974027887309,77.36837005615234,234.44937133789062
604.4405914627821,106.04961903485642,77.36837005615234,234.44937133789062
602.6585187163721,104.26754628844643,77.36837005615234,234.44937133789062
599.4755954384897,102.75952688019291,75.71846771240234,229.4496612548828
596.3605479066504,99.04228792425849,74.10375213623047,224.55657958984375
584.4124110014931,105.30083582695991,74.10375213623047,224.55657958984375
572.4642740963358,99.04228792425849,74.10375213623047,224.55657958984375
559.5445631376961,96.50111187050561,72.52346801757812,219.76783752441406
537.8283616050334,102.62619435407714,72.52346801757812,219.76783752441406
520.5667655149682,96.50111187050561,72.52346801757812,219.76783752441406
492.1686558184093,100.3988916327784,72.52346801757812,219.76783752441406
467.1115002037985,99.84206595245371,72.52346801757812,219.76783752441406
439.4397218467885,103.79547180031696,70.97688293457031,215.0812225341797
411.3075439112661,106.61406093472257,69.4632797241211,210.4945526123047
381.9743963100801,106.08073097833739,69.4632797241211,210.4945526123047
353.70790862166456,108.74738076026338,69.4632797241211,210.4945526123047
329.7080605843306,106.08073097833739,69.4632797241211,210.4945526123047
285.44167420435906,111.94736049857457,69.4632797241211,210.4945526123047
264.0780581150301,113.67773807055693,67.9819564819336,206.0056915283203
229.08349176261527,120.4021175115623,66.53221893310547,201.61256408691406
193.85047181732202,125.9983789130012,65.11339569091797,197.3131103515625
171.3535253744808,126.49831105617545,65.11339569091797,197.3131103515625
149.85644321798807,127.9981074856982,65.11339569091797,197.3131103515625
128.86692004204883,131.54757624165762,63.72483444213867,193.1053466796875
94.17741223798282,136.90769474327118,62.365882873535156,188.98731994628906
71.67206903239843,139.30188019067378,62.365882873535156,188.98731994628906
47.251377468891945,141.6960656380764,62.365882873535156,188.98731994628906
28.993644408809715,144.17270156404877,61.035911560058594,184.9571075439453
13.528994846272553,142.76682433109085,61.035911560058594,184.9571075439453
13.528994846272553,142.76682433109085,61.035911560058594,184.9571075439453
13.528994846272553,142.76682433109085,61.035911560058594,184.9571075439453
51.71237882426655,150.03750486918892,61.035911560058594,184.9571075439453
3.385391829098296,264.413279153776,61.035911560058594,184.9571075439453
55.01627804501797,259.2091632891626,61.035911560058594,184.9571075439453
411.3525197846309,-85.90578760304543,61.035911560058594,184.9571075439453
411.3525197846309,-85.90578760304543,61.035911560058594,184.9571075439453
411.3525197846309,-85.90578760304543,61.035911560058594,184.9571075439453
411.3525197846309,-85.90578760304543,61.035911560058594,184.9571075439453
564.2299207518586,43.393882230847964,61.035911560058594,184.9571075439453
564.2299207518586,43.393882230847964,61.035911560058594,184.9571075439453
37.31906227132217,-5.912713519092861,61.035911560058594,184.9571075439453
65.97470597398757,-40.96391600956706,61.035911560058594,184.9571075439453
65.97470597398757,-40.96391600956706,61.035911560058594,184.9571075439453
65.97470597398757,-40.96391600956706,61.035911560058594,184.9571075439453
65.97470597398757,-40.96391600956706,61.035911560058594,184.9571075439453
65.97470597398757,-40.96391600956706,61.035911560058594,184.9571075439453
489.1781641322335,-86.12215380618329,61.035911560058594,184.9571075439453
223.8298853476343,-16.717509478598004,61.035911560058594,184.9571075439453
223.8298853476343,-16.717509478598004,61.035911560058594,184.9571075439453
223.8298853476343,-16.717509478598004,61.035911560058594,184.9571075439453
331.23359711816624,47.9250301607309,61.035911560058594,184.9571075439453
331.23359711816624,47.9250301607309,61.035911560058594,184.9571075439453
331.23359711816624,47.9250301607309,61.035911560058594,184.9571075439453
214.184501446169,-36.96907290610463,61.035911560058594,184.9571075439453
214.184501446169,-36.96907290610463,61.035911560058594,184.9571075439453
214.184501446169,-36.96907290610463,61.035911560058594,184.9571075439453
214.184501446169,-36.96907290610463,61.035911560058594,184.9571075439453
101.50345031407926,-10.504064656781651,61.035911560058594,184.9571075439453
139.04680013723566,-55.632879388349096,61.035911560058594,184.9571075439453
82.14322788986979,11.93519077779105,61.035911560058594,184.9571075439453
82.14322788986979,11.93519077779105,61.035911560058594,184.9571075439453
168.81732098463831,40.96533706787744,61.035911560058594,184.9571075439453
168.81732098463831,40.96533706787744,61.035911560058594,184.9571075439453
168.81732098463831,40.96533706787744,61.035911560058594,184.9571075439453
168.81732098463831,40.96533706787744,61.035911560058594,184.9571075439453
168.81732098463831,40.96533706787744,61.035911560058594,184.9571075439453
168.81732098463831,40.96533706787744,61.035911560058594,184.9571075439453
168.81732098463831,40.96533706787744,61.035911560058594,184.9571075439453
1094.5238722685162,231.53382103021255,61.035911560058594,184.9571075439453
1097.227012611195,36.10873752155493,61.035911560058594,184.9571075439453
1196.1147835820213,417.70426553447464,61.035911560058594,184.9571075439453
332.5962170940376,-1.3791301195940235,61.035911560058594,184.9571075439453
332.5962170940376,-1.3791301195940235,61.035911560058594,184.9571075439453
332.5962170940376,-1.3791301195940235,61.035911560058594,184.9571075439453
111.95313905322041,11.490789515047027,61.035911560058594,184.9571075439453
111.95313905322041,11.490789515047027,61.035911560058594,184.9571075439453
206.319879641829,-90.38837453590968,61.035911560058594,184.9571075439453
206.319879641829,-90.38837453590968,61.035911560058594,184.9571075439453
169.64237881779655,69.29515775816643,61.035911560058594,184.9571075439453
169.64237881779655,69.29515775816643,61.035911560058594,184.9571075439453
1027.0963896514481,76.78113831985524,61.035911560058594,184.9571075439453
1027.0963896514481,76.78113831985524,61.035911560058594,184.9571075439453
1064.5107092432793,82.30202841511982,61.035911560058594,184.9571075439453
806.1858467809848,83.38609719801798,61.035911560058594,184.9571075439453
831.6885760159807,-36.79278148527264,61.035911560058594,184.9571075439453
666.6265250627274,26.288769334269404,61.035911560058594,184.9571075439453
666.6265250627274,26.288769334269404,61.035911560058594,184.9571075439453
666.6265250627274,26.288769334269404,61.035911560058594,184.9571075439453
666.6265250627274,26.288769334269404,61.035911560058594,184.9571075439453
666.6265250627274,26.288769334269404,61.035911560058594,184.9571075439453
666.6265250627274,26.288769334269404,61.035911560058594,184.9571075439453
451.13814185223436,67.4821648053254,61.035911560058594,184.9571075439453
451.13814185223436,67.4821648053254,61.035911560058594,184.9571075439453
451.13814185223436,67.4821648053254,61.035911560058594,184.9571075439453
451.13814185223436,67.4821648053254,61.035911560058594,184.9571075439453
561.9098636258178,193.6010997044006,61.035911560058594,184.9571075439453
561.9098636258178,193.6010997044006,61.035911560058594,184.9571075439453
520.5865055608368,216.97856737180268,61.035911560058594,184.9571075439453
504.3725882110532,2.2441851200949543,61.035911560058594,184.9571075439453
504.3725882110532,2.2441851200949543,61.035911560058594,184.9571075439453
564.7239819591822,121.34686592372572,61.035911560058594,184.9571075439453
564.7239819591822,121.34686592372572,61.035911560058594,184.9571075439453
564.7239819591822,121.34686592372572,61.035911560058594,184.9571075439453
517.9735527030318,128.21791775908156,61.035911560058594,184.9571075439453
517.9735527030318,128.21791775908156,61.035911560058594,184.9571075439453
517.9735527030318,128.21791775908156,61.035911560058594,184.9571075439453
888.7497859710738,91.07352628597275,61.035911560058594,184.9571075439453
888.7497859710738,91.07352628597275,61.035911560058594,184.9571075439453
888.7497859710738,91.07352628597275,61.035911560058594,184.9571075439453
848.2252608194249,-43.026930065535055,61.035911560058594,184.9571075439453
848.2252608194249,-43.026930065535055,61.035911560058594,184.9571075439453
768.3819450621345,-45.080653097912005,61.035911560058594,184.9571075439453
696.5122473512318,-78.92597883675644,61.035911560058594,184.9571075439453
696.5122473512318,-78.92597883675644,61.035911560058594,184.9571075439453
745.6626864597846,92.09306768228075,61.035911560058594,184.9571075439453
745.6626864597846,92.09306768228075,61.035911560058594,184.9571075439453
745.6626864597846,92.09306768228075,61.035911560058594,184.9571075439453
745.6626864597846,92.09306768228075,61.035911560058594,184.9571075439453
865.458268561695,14.627827540423397,61.035911560058594,184.9571075439453
829.0120262445129,70.9917469116516,61.035911560058594,184.9571075439453
680.3447480608174,14.995215464224657,61.035911560058594,184.9571075439453
586.1754674266185,-17.922461862799395,61.035911560058594,184.9571075439453
728.0540598638718,28.425757912792292,61.035911560058594,184.9571075439453
728.0540598638718,28.425757912792292,61.035911560058594,184.9571075439453
728.0540598638718,28.425757912792292,61.035911560058594,184.9571075439453
635.7049478958713,-40.62575963940938,61.035911560058594,184.9571075439453
635.7049478958713,-40.62575963940938,61.035911560058594,184.9571075439453
635.7049478958713,-40.62575963940938,61.035911560058594,184.9571075439453
635.7049478958713,-40.62575963940938,61.035911560058594,184.9571075439453
656.112231719873,110.12087533737207,61.035911560058594,184.9571075439453
656.112231719873,110.12087533737207,61.035911560058594,184.9571075439453
505.19252915140544,-8.558134635161096,61.035911560058594,184.9571075439453
505.19252915140544,-8.558134635161096,61.035911560058594,184.9571075439453
574.5502813258253,9.310415029627507,61.035911560058594,184.9571075439453
574.5502813258253,9.310415029627507,61.035911560058594,184.9571075439453
603.4238784553148,140.47352773210218,61.035911560058594,184.9571075439453
603.4238784553148,140.47352773210218,61.035911560058594,184.9571075439453
473.69469154903527,-77.58937516857033,61.035911560058594,184.9571075439453
473.69469154903527,-77.58937516857033,61.035911560058594,184.9571075439453
473.69469154903527,-77.58937516857033,61.035911560058594,184.9571075439453
473.69469154903527,-77.58937516857033,61.035911560058594,184.9571075439453
473.69469154903527,-77.58937516857033,61.035911560058594,184.9571075439453
473.69469154903527,-77.58937516857033,61.035911560058594,184.9571075439453
473.69469154903527,-77.58937516857033,61.035911560058594,184.9571075439453
473.69469154903527,-77.58937516857033,61.035911560058594,184.9571075439453
473.69469154903527,-77.58937516857033,61.035911560058594,184.9571075439453
473.69469154903527,-77.58937516857033,61.035911560058594,184.9571075439453
473.69469154903527,-77.58937516857033,61.035911560058594,184.9571075439453
629.7996363175216,125.06101402698332,61.035911560058594,184.9571075439453
629.7996363175216,125.06101402698332,61.035911560058594,184.9571075439453
629.7996363175216,125.06101402698332,61.035911560058594,184.9571075439453
629.7996363175216,125.06101402698332,61.035911560058594,184.9571075439453
629.7996363175216,125.06101402698332,61.035911560058594,184.9571075439453
629.7996363175216,125.06101402698332,61.035911560058594,184.9571075439453
629.7996363175216,125.06101402698332,61.035911560058594,184.9571075439453
629.7996363175216,125.06101402698332,61.035911560058594,184.9571075439453
657.1131278445584,-25.234016321089968,61.035911560058594,184.9571075439453
657.1131278445584,-25.234016321089968,61.035911560058594,184.9571075439453
657.1131278445584,-25.234016321089968,61.035911560058594,184.9571075439453
673.2261884491962,166.7866115173859,61.035911560058594,184.9571075439453
289.74630882954136,363.67640540616514,61.035911560058594,184.9571075439453
289.74630882954136,363.67640540616514,61.035911560058594,184.9571075439453
571.4902464666768,18.63144962280957,61.035911560058594,184.9571075439453
571.4902464666768,18.63144962280957,61.035911560058594,184.9571075439453
480.30501679763347,83.37756893763066,61.035911560058594,184.9571075439453
480.30501679763347,83.37756893763066,61.035911560058594,184.9571075439453
480.30501679763347,83.37756893763066,61.035911560058594,184.9571075439453
480.30501679763347,83.37756893763066,61.035911560058594,184.9571075439453
480.30501679763347,83.37756893763066,61.035911560058594,184.9571075439453
480.30501679763347,83.37756893763066,61.035911560058594,184.9571075439453
480.30501679763347,83.37756893763066,61.035911560058594,184.9571075439453
480.30501679763347,83.37756893763066,61.035911560058594,184.9571075439453
480.30501679763347,83.37756893763066,61.035911560058594,184.9571075439453
480.30501679763347,83.37756893763066,61.035911560058594,184.9571075439453
480.30501679763347,83.37756893763066,61.035911560058594,184.9571075439453
645.0693074651052,40.665579699633184,61.035911560058594,184.9571075439453
645.0693074651052,40.665579699633184,61.035911560058594,184.9571075439453
498.07113693223334,84.3562171212991,61.035911560058594,184.9571075439453
498.07113693223334,84.3562171212991,61.035911560058594,184.9571075439453
498.07113693223334,84.3562171212991,61.035911560058594,184.9571075439453
498.07113693223334,84.3562171212991,61.035911560058594,184.9571075439453
498.07113693223334,84.3562171212991,61.035911560058594,184.9571075439453
270.58645775458956,270.84824266299336,61.035911560058594,184.9571075439453
270.58645775458956,270.84824266299336,61.035911560058594,184.9571075439453
420.11277968379875,158.69141857784288,61.035911560058594,184.9571075439453
420.11277968379875,158.69141857784288,61.035911560058594,184.9571075439453
420.11277968379875,158.69141857784288,61.035911560058594,184.9571075439453
420.11277968379875,158.69141857784288,61.035911560058594,184.9571075439453
420.11277968379875,158.69141857784288,61.035911560058594,184.9571075439453
420.11277968379875,158.69141857784288,61.035911560058594,184.9571075439453
420.11277968379875,158.69141857784288,61.035911560058594,184.9571075439453
420.11277968379875,158.69141857784288,61.035911560058594,184.9571075439453
336.15160787044164,211.39917145431224,61.035911560058594,184.9571075439453
447.37065351487536,183.83306997550608,61.035911560058594,184.9571075439453
447.37065351487536,183.83306997550608,61.035911560058594,184.9571075439453
447.37065351487536,183.83306997550608,61.035911560058594,184.9571075439453
695.2455108176486,-4.814710616349288,61.035911560058594,184.9571075439453
695.2455108176486,-4.814710616349288,61.035911560058594,184.9571075439453
695.2455108176486,-4.814710616349288,61.035911560058594,184.9571075439453
483.5840670509888,145.54889466077194,61.035911560058594,184.9571075439453
483.5840670509888,145.54889466077194,61.035911560058594,184.9571075439453
341.72321623853384,250.83495113604,61.035911560058594,184.9571075439453
341.72321623853384,250.83495113604,61.035911560058594,184.9571075439453
341.72321623853384,250.83495113604,61.035911560058594,184.9571075439453
341.72321623853384,250.83495113604,61.035911560058594,184.9571075439453
341.72321623853384,250.83495113604,61.035911560058594,184.9571075439453
736.3732463408708,0.7596165812158944,61.035911560058594,184.9571075439453
736.3732463408708,0.7596165812158944,61.035911560058594,184.9571075439453
578.4950227935142,77.82953095666062,61.035911560058594,184.9571075439453
578.4950227935142,77.82953095666062,61.035911560058594,184.9571075439453
578.4950227935142,77.82953095666062,61.035911560058594,184.9571075439453
659.277805558117,174.8207821699895,61.035911560058594,184.9571075439453
659.277805558117,174.8207821699895,61.035911560058594,184.9571075439453
659.277805558117,174.8207821699895,61.035911560058594,184.9571075439453
524.3034669399509,50.425762639389575,61.035911560058594,184.9571075439453
524.3034669399509,50.425762639389575,61.035911560058594,184.9571075439453
526.69850157617,180.84411342384885,61.035911560058594,184.9571075439453
526.69850157617,180.84411342384885,61.035911560058594,184.9571075439453
526.69850157617,180.84411342384885,61.035911560058594,184.9571075439453
526.69850157617,180.84411342384885,61.035911560058594,184.9571075439453
526.69850157617,180.84411342384885,61.035911560058594,184.9571075439453
526.69850157617,180.84411342384885,61.035911560058594,184.9571075439453
526.69850157617,180.84411342384885,61.035911560058594,184.9571075439453
526.69850157617,180.84411342384885,61.035911560058594,184.9571075439453
526.69850157617,180.84411342384885,61.035911560058594,184.9571075439453
526.69850157617,180.84411342384885,61.035911560058594,184.9571075439453
526.69850157617,180.84411342384885,61.035911560058594,184.9571075439453
423.5960713606014,261.11817685235206,61.035911560058594,184.9571075439453
423.5960713606014,261.11817685235206,61.035911560058594,184.9571075439453
271.602443927074,159.37164876451234,61.035911560058594,184.9571075439453
589.6465265772952,66.89469936577862,61.035911560058594,184.9571075439453
730.3604591219778,-47.46342712808086,61.035911560058594,184.9571075439453
434.06846992206187,252.70698782673736,61.035911560058594,184.9571075439453
434.06846992206187,252.70698782673736,61.035911560058594,184.9571075439453
434.06846992206187,252.70698782673736,61.035911560058594,184.9571075439453
434.06846992206187,252.70698782673736,61.035911560058594,184.9571075439453
327.171694395797,282.24483197624363,61.035911560058594,184.9571075439453
557.0885742713649,-77.02720839469472,61.035911560058594,184.9571075439453
315.6982109889005,194.79142557621344,61.035911560058594,184.9571075439453
315.6982109889005,194.79142557621344,61.035911560058594,184.9571075439453
315.6982109889005,194.79142557621344,61.035911560058594,184.9571075439453
315.6982109889005,194.79142557621344,61.035911560058594,184.9571075439453
315.6982109889005,194.79142557621344,61.035911560058594,184.9571075439453
315.6982109889005,194.79142557621344,61.035911560058594,184.9571075439453
243.42964458804676,112.72417470658206,61.035911560058594,184.9571075439453
243.42964458804676,112.72417470658206,61.035911560058594,184.9571075439453
243.42964458804676,112.72417470658206,61.035911560058594,184.9571075439453
354.40431884348413,214.09140666575212,61.035911560058594,184.9571075439453
354.40431884348413,214.09140666575212,61.035911560058594,184.9571075439453
724.6218843453746,-15.67146183062141,61.035911560058594,184.9571075439453
686.963276714936,55.24693051796709,61.035911560058594,184.9571075439453
427.2428525408742,207.44393809532784,61.035911560058594,184.9571075439453
491.78024497035585,15.824756004860575,61.035911560058594,184.9571075439453
491.78024497035585,15.824756004860575,61.035911560058594,184.9571075439453
491.78024497035585,15.824756004860575,61.035911560058594,184.9571075439453
491.78024497035585,15.824756004860575,61.035911560058594,184.9571075439453
698.2727603295191,-79.54558338024313,61.035911560058594,184.9571075439453
698.2727603295191,-79.54558338024313,61.035911560058594,184.9571075439453
698.2727603295191,-79.54558338024313,61.035911560058594,184.9571075439453
698.2727603295191,-79.54558338024313,61.035911560058594,184.9571075439453
735.9002079962945,-27.35735730338405,61.035911560058594,184.9571075439453
735.9002079962945,-27.35735730338405,61.035911560058594,184.9571075439453
493.7753054784729,18.9626383107435,61.035911560058594,184.9571075439453
493.7753054784729,18.9626383107435,61.035911560058594,184.9571075439453
706.3030915433953,93.37036293485326,61.035911560058594,184.9571075439453
718.6136355832463,93.67472030372224,61.035911560058594,184.9571075439453
718.6136355832463,93.67472030372224,61.035911560058594,184.9571075439453
616.0214867796703,350.0899220731062,61.035911560058594,184.9571075439453
616.0214867796703,350.0899220731062,61.035911560058594,184.9571075439453
599.9139822730075,265.00993547553173,61.035911560058594,184.9571075439453
599.9139822730075,265.00993547553173,61.035911560058594,184.9571075439453
599.9139822730075,265.00993547553173,61.035911560058594,184.9571075439453
599.9139822730075,265.00993547553173,61.035911560058594,184.9571075439453
594.4788793454851,232.80158150836246,61.035911560058594,184.9571075439453
506.1472533775204,246.9692728690519,59.73430252075195,181.01284790039062
502.8056841899438,250.22551474769887,58.46044921875,177.15269470214844
502.99639856881765,254.27757143914488,57.21376419067383,173.37486267089844
503.1830465603615,252.31558436279556,55.9936637878418,169.67759704589844
503.36571370653724,257.02540730526346,54.799583435058594,166.05917358398438
502.73341312919877,260.8237191907526,53.63096618652344,162.51791381835938
501.4980985611181,263.70611984960755,53.63096618652344,162.51791381835938
500.8792818328343,269.80476221997327,52.48727035522461,159.0521697998047
500.27366270690675,275.7733464352883,51.36796188354492,155.66033935546875
498.3016803073991,273.8013640357807,51.36796188354492,155.66033935546875
496.9486924282586,279.64266896779026,50.272525787353516,152.34083557128906
495.6245570724908,284.61533914015473,49.2004508972168,149.0921173095703
497.24146621054194,282.19994426820404,48.15123748779297,145.91268920898438
493.83518754740373,287.6754596867134,47.12439727783203,142.80105590820312
491.8964985549778,293.7316806590452,46.11945343017578,139.7557830810547
490.12600300830536,294.7939779870487,46.11945343017578,139.7557830810547
486.9391110242948,297.27267175239024,46.11945343017578,139.7557830810547
486.40696642446426,300.469339194572,45.13594055175781,136.77545166015625
484.5500802579259,303.5978385450953,44.173404693603516,133.85867309570312
480.8193466346128,304.61531135145344,44.173404693603516,133.85867309570312
478.4452434197772,307.6677297705278,44.173404693603516,133.85867309570312
475.3928250007029,310.0418329853634,44.173404693603516,133.85867309570312
474.37535219434477,312.415936200199,44.173404693603516,133.85867309570312
470.6446185710317,315.4683546192733,44.173404693603516,133.85867309570312
466.23556974347986,318.52077303834767,44.173404693603516,133.85867309570312
463.1831513244055,321.573191457422,44.173404693603516,133.85867309570312
458.7741024968537,321.23403385530264,44.173404693603516,133.85867309570312
454.36505366930186,326.3213978870932,44.173404693603516,133.85867309570312
450.0057490933421,322.3774537289474,45.15074157714844,136.82029724121094
445.54999584086266,328.41676768441994,46.14970016479492,139.84744262695312
439.52518375089073,331.6487460186375,47.17076110839844,142.9415740966797
434.09261980007415,338.5299936896718,47.17076110839844,142.9415740966797
428.68601359055964,331.3124173919691,48.214412689208984,146.10415649414062
422.39165280474435,336.22525741761024,49.281158447265625,149.3367156982422
417.5282826659601,341.2467952428461,50.37150573730469,152.6407928466797
412.5005870965879,347.04798243827554,50.37150573730469,152.6407928466797
406.72711722559075,352.9831182741845,51.48597717285156,156.01797485351562
400.82591097973966,355.7685566390163,52.62510299682617,159.46987915039062
392.27893752995965,361.9692280563256,53.789432525634766,162.99815368652344
383.5428623626983,369.16403941785484,54.979522705078125,166.6044921875
372.86167934725273,347.61298834966607,56.195945739746094,170.29061889648438
363.8009122087445,342.0039420258276,56.195945739746094,170.29061889648438
354.7401450702362,349.33884875700096,56.195945739746094,170.29061889648438
345.6132213884004,358.6461323675515,57.43928146362305,174.0583038330078
333.5390698921647,361.7536516040202,58.71012496948242,177.9093475341797
323.06846729580616,370.54199392213826,60.00908660888672,181.84559631347656
312.3662024155395,385.2610187378415,61.336788177490234,185.86892700195312
302.4765503597919,404.5693870371582,61.336788177490234,185.86892700195312
285.99379693354587,424.8196269608319,61.336788177490234,185.86892700195312
269.51104350729986,443.1861236357918,61.336788177490234,185.86892700195312
251.14454683234004,461.55262031075165,61.336788177490234,185.86892700195312
