669.0,392.0,22.0,65.0
669.49786,393.49353,22.0,65.0
668.00433,392.9957,22.0,65.0
666.8427,392.82974,22.0,65.0
666.67676,392.6638,22.0,65.0
665.51514,392.49783,22.0,65.0
664.6854,393.65945,22.0,65.0
663.8557,391.834,22.0,65.0
663.35785,392.33185,22.0,65.0
661.5324,392.1659,22.0,65.0
660.7027,391.33615,22.0,65.0
659.20917,389.84262,22.0,65.0
657.41626,389.29575,22.48675,66.438126
655.5504,387.0907,22.48675,66.438126
653.6846,385.56412,22.48675,66.438126
651.8187,385.73373,22.48675,66.438126
649.61365,386.24258,22.48675,66.438126
648.0871,384.37677,22.48675,66.438126
646.22125,383.18942,22.48675,66.438126
644.6947,382.34134,22.48675,66.438126
642.82886,381.154,22.48675,66.438126
639.9453,380.64514,22.48675,66.438126
637.401,380.1363,22.48675,66.438126
635.53516,378.94894,22.48675,66.438126
633.6693,379.11856,22.48675,66.438126
631.125,379.28818,22.48675,66.438126
628.24146,379.11856,22.48675,66.438126
626.3756,378.94894,22.48675,66.438126
624.17053,378.10086,22.48675,66.438126
622.3047,378.6097,22.48675,66.438126
619.7604,376.7439,22.48675,66.438126
616.5376,375.55655,22.48675,66.438126
615.01105,374.02997,22.48675,66.438126
613.4845,372.84262,22.48675,66.438126
613.3149,371.31604,22.48675,66.438126
613.14526,371.48566,22.48675,66.438126
612.2972,370.63757,22.48675,66.438126
613.8237,370.46796,22.48675,66.438126
613.6541,369.61987,22.48675,66.438126
615.8592,369.45026,22.48675,66.438126
617.38574,367.92368,22.48675,66.438126
620.2693,366.3971,22.48675,66.438126
622.47437,364.53128,22.48675,66.438126
624.67944,363.0047,22.48675,66.438126
626.8845,360.79965,22.48675,66.438126
628.75037,358.93384,22.48675,66.438126
631.6339,358.08575,22.48675,66.438126
634.1782,357.91614,22.48675,66.438126
636.3833,358.425,22.48675,66.438126
638.24915,357.91614,22.48675,66.438126
640.4542,357.4073,22.48675,66.438126
642.99854,357.91614,22.48675,66.438126
645.2036,355.7111,22.48675,66.438126
647.4087,355.8807,22.48675,66.438126
649.953,353.33643,22.48675,66.438126
652.1581,352.48834,22.48675,66.438126
654.0239,351.301,22.48675,66.438126
655.8898,349.43518,22.48675,66.438126
657.7556,349.26556,22.48675,66.438126
659.9607,348.41748,22.48675,66.438126
661.82654,348.92633,22.48675,66.438126
663.01385,347.73898,22.48675,66.438126
664.8797,348.24783,22.48675,66.438126
666.40625,346.0428,22.48675,66.438126
668.95056,344.85544,22.48675,66.438126
670.8164,342.6504,22.48675,66.438126
672.34296,341.1238,22.48675,66.438126
674.54803,339.258,22.48675,66.438126
676.7531,338.4099,22.48675,66.438126
678.9582,338.57953,22.48675,66.438126
680.1455,338.07068,22.48675,66.438126
681.67206,337.90106,22.48675,66.438126
683.5379,337.05298,22.48675,66.438126
685.06445,337.2226,22.48675,66.438126
686.2518,336.71375,22.48675,66.438126
689.47455,336.2049,22.48675,66.438126
692.01886,333.99985,22.48675,66.438126
693.5454,332.13403,22.48675,66.438126
695.41125,330.60745,22.48675,66.438126
696.9378,330.43784,22.48675,66.438126
698.1251,328.57202,22.48675,66.438126
699.6517,328.4024,22.48675,66.438126
701.5175,327.55432,22.48675,66.438126
702.3656,327.3847,22.48675,66.438126
703.2137,325.85812,22.48675,66.438126
704.401,323.65308,22.48675,66.438126
706.26685,323.8227,22.48675,66.438126
707.1149,321.2784,22.48675,66.438126
706.9453,319.07336,22.48675,66.438126
708.1326,317.20755,22.48675,66.438126
709.31995,316.0202,22.48675,66.438126
708.8111,314.83286,22.48675,66.438126
708.6415,314.66324,22.48675,66.438126
710.5073,315.1721,22.48675,66.438126
709.65924,313.6455,22.48675,66.438126
711.1858,314.15436,22.48675,66.438126
710.67694,312.28854,22.48675,66.438126
712.2035,311.7797,22.48675,66.438126
713.0516,309.91388,22.48675,66.438126
713.2212,307.70883,22.48675,66.438126
713.73004,307.19998,22.48675,66.438126
714.91736,305.33417,22.48675,66.438126
714.74774,305.16455,22.48675,66.438126
716.2743,303.63797,22.48675,66.438126
715.76544,304.48605,22.48675,66.438126
714.5781,302.62024,22.48675,66.438126
716.1047,301.09366,22.48675,66.438126
715.93506,301.26328,22.48675,66.438126
717.3192,300.1733,22.007214,65.02131
718.6738,299.1066,21.537903,63.63471
720.626,296.4967,21.0786,62.27768
720.3909,295.16852,20.629093,60.94959
720.5465,294.7017,20.629093,60.94959
720.7021,294.23486,20.629093,60.94959
719.61285,294.07925,20.629093,60.94959
719.14606,291.74515,20.629093,60.94959
719.516,290.7452,20.18917,59.649822
718.9973,288.00522,19.75863,58.377773
720.9349,286.96194,19.75863,58.377773
721.97815,285.62057,19.75863,58.377773
722.5327,284.2016,20.195791,59.66938
723.59906,282.83057,20.195791,59.66938
724.9701,282.9829,20.195791,59.66938
725.12244,283.13525,20.195791,59.66938
727.2466,281.86267,19.76511,58.39691
728.8866,280.81903,19.76511,58.39691
729.0357,279.47723,19.76511,58.39691
728.58844,276.64453,19.76511,58.39691
730.22845,275.6009,19.76511,58.39691
731.0926,274.18146,20.202414,59.688942
731.54974,272.5052,20.202414,59.688942
732.0069,272.96234,20.202414,59.688942
730.9402,273.11472,20.202414,59.688942
730.7878,273.2671,20.202414,59.688942
732.46405,272.50516,20.202414,59.688942
733.8356,274.18143,20.202414,59.688942
734.9023,275.55292,20.202414,59.688942
734.4451,275.7053,20.202414,59.688942
735.64453,276.46793,20.649391,61.00956
737.0464,277.86978,20.649391,61.00956
738.0173,280.47202,20.209036,59.70851
739.5551,286.25116,19.778072,58.43521
741.49457,292.66626,19.778072,58.43521
743.73236,295.20245,19.778072,58.43521
745.81256,299.13278,19.356298,57.189064
748.0027,301.6149,19.356298,57.189064
750.6015,301.52106,18.94352,55.96949
753.60223,301.09238,18.94352,55.96949
756.03143,304.0931,18.94352,55.96949
758.2993,305.3785,18.539543,54.775925
762.07513,306.63712,18.539543,54.775925
764.2947,307.356,18.144182,53.60781
766.99457,309.6425,17.757252,52.464607
769.37866,311.62204,17.378572,51.345783
772.3937,312.27747,17.378572,51.345783
775.4087,313.45724,17.378572,51.345783
777.9946,315.14188,17.007969,50.25082
782.2566,317.2852,16.64527,49.179207
784.2494,319.3828,16.290304,48.130444
786.0926,318.7684,16.290304,48.130444
788.67303,321.10312,16.290304,48.130444
791.745,321.71753,16.290304,48.130444
794.0797,323.56073,16.290304,48.130444
795.6771,323.92938,16.290304,48.130444
798.50336,326.01834,16.290304,48.130444
801.3296,326.14124,16.290304,48.130444
803.4185,327.73868,16.290304,48.130444
805.2617,329.09036,16.290304,48.130444
806.85913,329.459,16.290304,48.130444
808.8094,332.2225,15.942908,47.104046
810.5045,332.82434,16.295645,48.14622
812.3483,333.9306,16.295645,48.14622
813.35144,335.51025,15.948135,47.119488
814.79694,337.75195,15.608037,46.11465
815.6211,338.3406,15.608037,46.11465
816.91614,340.57755,15.608037,46.11465
817.26935,340.69528,15.608037,46.11465
818.3289,342.2258,15.608037,46.11465
818.44666,343.75632,15.608037,46.11465
819.03534,344.81592,15.608037,46.11465
819.38855,346.5819,15.608037,46.11465
820.2127,347.40604,15.608037,46.11465
821.2723,349.4075,15.608037,46.11465
821.86096,350.70258,15.608037,46.11465
822.2142,350.8203,15.608037,46.11465
822.6522,352.38666,15.953364,47.134937
823.7353,354.1917,15.953364,47.134937
824.337,355.99677,15.953364,47.134937
824.698,356.3578,15.953364,47.134937
825.78107,358.16284,15.953364,47.134937
826.86414,359.9679,15.953364,47.134937
828.18787,361.2916,15.953364,47.134937
828.78955,362.856,15.953364,47.134937
829.8726,363.93903,15.953364,47.134937
830.9557,365.26273,15.953364,47.134937
831.9029,366.36435,16.306332,48.1778
833.1262,367.74557,16.667109,49.243732
834.7606,369.6314,16.667109,49.243732
836.395,371.26578,16.667109,49.243732
837.77795,372.90015,16.667109,49.243732
840.1667,374.53452,16.667109,49.243732
842.72144,375.9463,17.035868,50.33325
847.99005,377.61682,17.035868,50.33325
850.6886,379.80136,17.035868,50.33325
855.9663,381.24435,17.412786,51.446873
861.5957,386.2239,17.041454,50.349754
864.55225,387.895,17.041454,50.349754
870.3368,389.56607,17.041454,50.349754
875.86426,392.5226,17.041454,50.349754
881.3917,394.4508,17.041454,50.349754
887.43335,399.46408,17.041454,50.349754
893.475,401.39227,17.041454,50.349754
899.28796,403.10248,17.418497,51.46374
905.2005,405.59888,17.418497,51.46374
910.8502,410.1975,17.418497,51.46374
916.76276,412.6939,17.418497,51.46374
922.6753,417.02975,17.418497,51.46374
928.325,419.26337,17.418497,51.46374
930.8214,423.5992,17.418497,51.46374
936.73395,426.0956,17.418497,51.46374
942.90924,428.8548,17.418497,51.46374
948.5405,431.8097,17.047043,50.36626
951.49805,437.33896,17.047043,50.36626
954.19836,440.0393,17.047043,50.36626
959.7276,442.73965,17.047043,50.36626
964.9909,447.6146,16.68351,49.292187
967.63367,451.7675,16.68351,49.292187
971.0315,455.1653,16.68351,49.292187
974.1776,457.80807,16.68351,49.292187
977.072,460.9542,16.68351,49.292187
982.2317,463.84863,16.68351,49.292187
984.1194,467.74985,16.68351,49.292187
986.76215,470.6443,16.68351,49.292187
989.4049,473.53873,16.68351,49.292187
991.2926,476.1815,16.68351,49.292187
993.43195,480.33438,16.68351,49.292187
995.5713,483.9839,16.68351,49.292187
997.71063,487.13,16.68351,49.292187
999.3466,490.5278,16.68351,49.292187
1001.5865,493.84317,16.327728,48.241016
1003.7787,498.98724,15.979534,47.21226
1005.6917,503.09216,15.638765,46.205444
1006.42694,507.5644,15.3052635,45.2201
1008.1587,511.6051,15.3052635,45.2201
1009.54596,516.42706,14.978874,44.255768
1011.55707,520.92834,14.659445,43.312
1013.7384,526.3995,14.3468275,42.38836
1015.2474,529.87634,14.040877,41.484413
1017.3367,534.09576,13.741451,40.599747
1018.4769,538.76013,13.741451,40.599747
1020.52167,543.28925,13.448411,39.733944
1022.8548,545.41956,13.448411,39.733944
1024.5792,550.39026,13.448411,39.733944
998.61646,570.858,13.161619,38.886604
1000.19214,574.43036,12.880943,38.057335
1002.1089,579.42505,12.606254,37.24575
1003.9847,583.9466,12.337421,36.451473
1005.9999,588.551,12.074322,35.674133
1008.1477,593.5841,11.8168335,34.913372
1010.0779,597.82245,11.564836,34.168835
1013.48004,604.0161,11.564836,34.168835
1014.963,607.06934,11.564836,34.168835
1016.6205,610.9949,11.564836,34.168835
1018.10345,612.47784,11.564836,34.168835
1021.3311,612.914,11.564836,34.168835
1024.7332,613.52466,11.564836,34.168835
1028.3098,616.7523,11.564836,34.168835
1031.5306,620.6281,11.820707,34.92482
1033.5276,626.9949,12.08224,35.697533
1035.6238,630.7315,12.08224,35.697533
1039.1781,637.3845,12.08224,35.697533
1041.5974,643.5139,12.34956,36.48734
1044.6501,648.81244,12.622794,37.29462
1045.9923,654.821,12.902074,38.119762
1047.7681,661.16437,13.187532,38.96316
1052.2665,668.6801,13.479306,39.825222
1053.2777,675.72925,13.777535,40.706356
1057.5316,682.8746,13.483726,39.83828
1050.5137,680.1284,13.483726,39.83828
1051.6324,681.8575,13.483726,39.83828
1052.9547,687.24805,13.483726,39.83828
1045.3265,688.16345,13.483726,39.83828
1044.0043,687.85834,13.483726,39.83828
1042.8735,688.77325,13.196181,38.988716
1037.797,689.27094,13.196181,38.988716
1033.3177,688.9723,13.196181,38.988716
1028.6394,688.0764,13.196181,38.988716
1027.1464,687.37964,13.196181,38.988716
1026.4236,689.23456,12.914769,38.15727
1021.7325,687.2964,13.200508,39.0015
1014.4637,688.5908,13.200508,39.0015
1010.18207,687.69464,13.200508,39.0015
1008.4893,689.18823,13.200508,39.0015
1004.8051,688.69037,13.200508,39.0015
1000.92175,682.61646,13.200508,39.0015
997.4367,683.9109,13.200508,39.0015
992.7568,688.7899,13.200508,39.0015
988.1686,687.2221,13.492569,39.864407
984.11237,686.4643,13.791092,40.746407
981.69336,685.90564,14.09622,41.647923
973.70496,685.114,14.408099,42.56938
968.246,683.85376,14.726878,43.51123
963.8187,682.5657,15.052711,44.473915
962.56976,684.04175,15.052711,44.473915
960.40063,682.4895,15.385752,45.4579
954.812,681.1438,15.726162,46.463657
952.54584,681.9836,16.074102,47.491665
947.81714,681.6198,16.074102,47.491665
939.6935,681.01355,16.074102,47.491665
935.69226,680.4073,16.074102,47.491665
936.6817,683.6016,15.7313175,46.47889
938.10815,682.22565,16.079372,47.507236
946.47705,683.80237,16.079372,47.507236
948.2964,683.4385,16.079372,47.507236
945.3114,683.12665,15.736475,46.49413
912.2555,676.3315,16.084644,47.52281
913.83276,682.5192,16.084644,47.52281
912.7408,683.3685,16.084644,47.52281
910.69037,684.2261,15.741634,46.509373
915.07434,671.76184,16.089918,47.53839
882.6692,642.9977,16.089918,47.53839
880.8487,647.97375,16.089918,47.53839
874.65894,652.9498,16.089918,47.53839
875.5085,657.6831,16.089918,47.53839
876.4989,662.9862,15.746796,46.52462
878.043,670.4693,15.746796,46.52462
879.8247,675.1017,15.746796,46.52462
881.9389,679.37585,15.410991,45.532467
881.7671,681.31793,15.082347,44.561474
883.13416,679.49036,14.760712,43.611187
883.8281,682.20905,14.445935,42.681164
885.5576,687.18036,14.137872,41.770977
888.278,689.16754,13.836377,40.8802
871.4746,687.39325,13.836377,40.8802
874.74066,692.7584,13.541312,40.008415
878.9215,685.21045,13.25254,39.155224
882.8201,685.3104,13.25254,39.155224
899.9142,683.4111,13.25254,39.155224
901.21375,684.71063,13.25254,39.155224
904.90454,688.3224,13.545753,40.021534
901.32837,691.89856,13.545753,40.021534
929.4828,681.385,13.845452,40.90701
932.09375,685.45807,13.845452,40.90701
933.55,687.4042,13.550194,40.034657
932.42566,689.3462,13.550194,40.034657
931.32135,693.039,13.849992,40.92042
922.82214,693.99536,14.156423,41.825787
919.23114,693.64343,14.469633,42.751183
940.73285,682.4014,14.469633,42.751183
945.4261,681.4191,14.469633,42.751183
947.0633,683.05634,14.469633,42.751183
962.23456,658.2803,14.469633,42.751183
964.30835,664.28326,14.469633,42.751183
968.5646,669.812,14.789774,43.697052
971.1305,676.6172,14.789774,43.697052
977.93567,681.4143,14.789774,43.697052
983.179,686.8808,14.789774,43.697052
986.8852,690.68005,14.474378,42.765198
992.1961,693.9774,14.165708,41.853218
992.86206,695.35065,13.86362,40.960686
983.0312,692.2596,13.567974,40.087185
990.1796,686.6697,13.278633,39.232315
997.17566,691.2393,12.995462,38.395676
1001.5659,697.79004,12.71833,37.576878
1000.3188,699.42096,12.71833,37.576878
988.93085,672.42993,12.999723,38.408264
993.7357,676.8425,12.999723,38.408264
998.12744,683.7735,12.722501,37.589195
1002.24054,688.5217,12.45119,36.787594
1007.594,695.56573,12.45119,36.787594
1009.942,687.39465,12.45119,36.787594
1030.9863,669.0481,12.185664,36.003086
1034.3943,673.59595,11.925801,35.23531
1038.77,680.648,11.67148,34.483906
1042.2035,687.427,11.67148,34.483906
1048.8064,694.73425,11.67148,34.483906
1050.8313,698.696,11.67148,34.483906
1049.8629,694.73425,11.67148,34.483906
1065.798,696.2309,11.67148,34.483906
1089.1283,696.3189,11.67148,34.483906
1065.798,676.51013,11.67148,34.483906
1066.0621,680.64795,11.67148,34.483906
1064.5629,687.2997,11.929711,35.24686
1068.7666,691.0581,11.675306,34.49521
1070.0876,693.4359,11.675306,34.49521
1062.3748,688.3944,11.933622,35.258415
1063.8303,692.3938,12.197654,36.03851
1039.2642,675.3723,12.197654,36.03851
1042.1165,679.8807,12.197654,36.03851
1044.0486,685.8612,12.197654,36.03851
1047.0848,689.81757,12.197654,36.03851
1048.7225,690.6452,11.937535,35.269978
1051.8741,688.7542,11.937535,35.269978
1055.3855,689.3917,12.2016535,36.050327
1056.9502,691.6927,12.2016535,36.050327
1060.0078,690.9238,11.941449,35.281544
1058.1001,689.1317,12.205654,36.06215
1059.297,689.7762,12.205654,36.06215
1060.1256,692.9986,12.205654,36.06215
1041.6199,688.3031,12.205654,36.06215
1045.3883,693.0359,11.945365,35.293114
1044.9077,692.9779,11.690626,34.540478
1046.4773,689.8614,11.44132,33.80389
1048.4623,690.8107,11.44132,33.80389
1050.6199,694.1765,11.44132,33.80389
1031.0292,687.5312,11.44132,33.80389
1032.0663,691.13574,11.19733,33.08301
1033.244,693.0352,10.958544,32.377506
1036.1494,694.5756,10.72485,31.687046
1039.1427,695.7891,10.72485,31.687046
1038.4147,692.1487,10.72485,31.687046
1036.554,695.9509,10.72485,31.687046
1046.9899,691.82513,10.72485,31.687046
1058.3699,689.71204,10.962137,32.388123
1062.0908,693.7638,10.962137,32.388123
1061.3467,695.66565,10.962137,32.388123
1062.5123,694.5352,11.204675,33.10471
1040.1151,690.73193,11.204675,33.10471
1042.0591,694.8733,11.204675,33.10471
1043.6649,698.3385,11.204675,33.10471
1050.0038,686.4215,11.204675,33.10471
1050.9335,687.1822,11.204675,33.10471
1052.5393,690.1403,11.204675,33.10471
1054.0436,693.50745,10.965732,32.398743
1053.4933,693.06323,11.208348,33.115566
1042.2488,686.8914,11.208348,33.115566
1043.7914,686.4374,11.456333,33.848248
1045.4332,687.90643,11.456333,33.848248
1048.4578,690.06683,11.456333,33.848248
1049.754,688.2521,11.456333,33.848248
1051.6254,691.8614,11.212024,33.126423
1055.4312,695.6672,11.212024,33.126423
1059.782,688.71985,11.46009,33.859344
1063.3262,689.1521,11.46009,33.859344
1069.1179,691.1403,11.46009,33.859344
1070.4146,694.6846,11.46009,33.859344
1080.5286,671.6039,11.46009,33.859344
1082.9004,677.3807,11.2157,33.137283
1085.5231,683.04895,11.2157,33.137283
1088.9917,688.8864,11.2157,33.137283
1092.2915,694.8662,10.9765215,32.430622
1098.998,695.94257,10.9765215,32.430622
1105.539,696.85333,10.9765215,32.430622
1094.0302,693.78986,10.9765215,32.430622
1092.9537,695.52856,10.9765215,32.430622
1069.8965,686.1501,11.219377,33.14815
1072.8585,689.9584,11.219377,33.14815
1075.9962,694.3088,10.98012,32.441257
1077.1512,698.2471,10.745965,31.749437
1080.9609,694.7616,10.745965,31.749437
1084.4349,697.3658,10.516804,31.07237
1073.766,696.70306,10.29253,30.409742
1058.0056,694.9174,10.29253,30.409742
1059.9861,696.8132,10.073039,29.761246
1050.0603,691.3449,9.858229,29.126577
1053.8528,694.98865,9.858229,29.126577
1056.6041,697.88873,9.858229,29.126577
1046.7466,696.98083,9.647999,28.505444
1045.3765,695.952,9.442252,27.897556
1042.4563,693.03186,9.442252,27.897556
1045.8038,695.952,9.442252,27.897556
1050.5758,696.8779,9.442252,27.897556
1054.3507,700.083,9.442252,27.897556
1053.5588,700.5864,9.240893,27.302633
1056.6956,701.7714,9.240893,27.302633
1046.2518,696.4794,9.445348,27.906704
1041.3358,697.4056,9.445348,27.906704
1040.1246,682.94244,9.445348,27.906704
1043.1882,688.001,9.445348,27.906704
1045.9669,693.6295,9.445348,27.906704
1046.3231,698.4031,9.445348,27.906704
1045.8243,694.7695,9.445348,27.906704
1049.5647,695.95984,9.243923,27.311584
1054.3005,697.12476,9.046794,26.729156
1061.0403,688.3987,8.8538685,26.15915
1065.2478,695.94543,8.8538685,26.15915
1067.8527,697.8337,8.665057,25.601297
1072.4933,701.4285,8.665057,25.601297
1075.8267,704.5005,8.665057,25.601297
1057.6249,698.0464,8.856771,26.167727
1060.4882,699.1625,8.667898,25.609692
1062.3843,702.75854,8.667898,25.609692
1063.7573,685.30133,8.667898,25.609692
1066.4335,690.04877,8.483052,25.063557
1069.313,695.3598,8.483052,25.063557
1073.5358,702.34973,8.302149,24.529068
1074.1587,699.6744,8.485834,25.071774
1067.6937,696.5379,8.485834,25.071774
1069.806,699.1623,8.485834,25.071774
1069.3579,699.61035,8.485834,25.071774
1068.6664,701.923,8.673583,25.626486
1069.5787,702.38544,8.488616,25.079994
1058.3734,701.29694,8.488616,25.079994
1059.0101,693.247,8.676427,25.63489
1062.8245,697.9991,8.4914,25.088219
1079.2751,702.7734,8.310318,24.553205
1071.1887,686.0364,8.310318,24.553205
1073.8842,691.49,8.310318,24.553205
1076.8303,697.069,8.310318,24.553205
1078.7736,700.3913,8.310318,24.553205
1084.9794,696.9436,8.310318,24.553205
1088.1763,699.51373,8.310318,24.553205
1089.4927,698.8242,8.310318,24.553205
1090.8091,701.6451,8.310318,24.553205
1108.0818,697.40625,8.494184,25.096445
1111.6057,702.5961,8.494184,25.096445
1128.713,685.48883,8.494184,25.096445
1133.6824,690.3881,8.313043,24.561256
1136.5042,696.72144,8.313043,24.561256
1137.4447,701.4244,8.313043,24.561256
1137.1312,700.3584,8.313043,24.561256
1149.2473,684.483,8.135764,24.03748
1152.2325,690.7135,7.9622664,23.524874
1155.4158,696.8997,7.9622664,23.524874
1159.4398,701.7646,7.9622664,23.524874
1175.9891,697.7033,8.138432,24.045362
1184.5222,703.7808,8.138432,24.045362
1172.8342,701.4929,7.964877,23.532587
1158.0979,702.0429,8.1411,24.053246
1153.9835,701.49023,8.1411,24.053246
1160.8771,702.2794,7.9674883,23.540302
1162.0984,701.4578,8.143769,24.06113
1161.6683,700.7821,8.143769,24.06113
1163.6956,702.3178,8.143769,24.06113
1160.8083,688.25055,8.143769,24.06113
1163.9413,695.192,8.143769,24.06113
1166.8285,700.0449,8.143769,24.06113
1170.2072,702.3178,8.143769,24.06113
1153.1005,685.035,8.32395,24.593483
1159.4421,685.72565,8.32395,24.593483
1164.0256,692.5696,8.32395,24.593483
1167.3534,697.15314,8.32395,24.593483
1170.9324,701.6111,8.32395,24.593483
1179.4088,700.66925,8.32395,24.593483
1179.9739,701.4855,8.32395,24.593483
1184.7225,702.5345,8.14644,24.06902
1175.075,697.68,8.14644,24.06902
1176.8569,701.1826,8.14644,24.06902
1179.8679,701.8586,8.14644,24.06902
1189.2771,698.8509,8.326679,24.601547
1191.9779,701.6773,8.326679,24.601547
1191.169,701.8613,8.510907,25.145857
1208.3099,686.6463,8.510907,25.145857
1212.6112,687.60925,8.510907,25.145857
1201.1196,696.918,8.510907,25.145857
1202.9814,701.7329,8.510907,25.145857
1220.1224,684.5919,8.510907,25.145857
1224.2953,689.4068,8.510907,25.145857
1226.7988,695.85583,8.699211,25.70221
1230.1172,700.1145,8.513698,25.154102
1234.6768,702.4906,8.513698,25.154102
1219.991,698.681,8.702064,25.710636
1221.1068,699.9282,8.702064,25.710636
1221.8289,702.09436,8.702064,25.710636
1219.6627,703.34155,8.702064,25.710636
1211.1951,688.57245,8.702064,25.710636
1210.6222,690.8078,8.894597,26.279484
1211.8463,695.4593,9.09139,26.860918
1212.875,698.5453,9.09139,26.860918
1208.7189,694.7619,9.292537,27.455215
1207.5253,698.0216,9.498134,28.062662
1187.5735,689.7576,9.70828,28.683548
1186.6215,692.46716,9.70828,28.683548
1186.1089,694.005,9.70828,28.683548
1185.3033,697.15393,9.70828,28.683548
1184.0658,700.2125,9.501247,28.071863
1183.5641,701.1442,9.501247,28.071863
1182.3457,702.0759,9.501247,28.071863
1176.9706,700.71423,9.501247,28.071863
1173.6682,699.13965,9.711463,28.692953
1168.3207,698.48035,9.711463,28.692953
1166.6359,699.8722,9.711463,28.692953
1168.1742,698.33386,9.711463,28.692953
1170.4451,693.42584,9.711463,28.692953
1171.1044,694.8177,9.711463,28.692953
1172.0566,696.50256,9.711463,28.692953
1172.716,695.40375,9.711463,28.692953
1173.6682,694.4514,9.711463,28.692953
1174.181,698.1874,9.711463,28.692953
1173.3752,697.6746,9.711463,28.692953
1172.716,698.4804,9.711463,28.692953
1169.6422,699.56305,9.504363,28.081068
1153.9916,691.5912,9.714647,28.702362
1154.7976,694.5956,9.714647,28.702362
1152.2878,697.7974,9.50748,28.090275
1153.0767,701.02466,9.50748,28.090275
1163.3138,697.5145,9.717833,28.711773
1166.0316,699.4457,9.510597,28.099485
1168.5314,700.1024,9.721019,28.721186
1188.7362,682.3632,9.936096,29.356642
1192.8153,680.8703,9.724206,28.730602
1195.8226,692.533,9.724206,28.730602
1200.0037,692.75305,9.724206,28.730602
1205.505,694.1467,9.724206,28.730602
1210.2728,697.4475,9.724206,28.730602
1215.9208,700.1615,9.724206,28.730602
1220.6886,697.1541,9.724206,28.730602
1225.6705,698.52094,9.516834,28.117914
1205.8285,689.9428,9.727394,28.740023
1209.7173,693.68494,9.727394,28.740023
1213.1659,698.601,9.727394,28.740023
1216.1742,699.70166,9.727394,28.740023
1223.2794,699.23016,9.519955,28.127132
1224.7875,700.0201,9.519955,28.127132
1234.7401,692.63116,9.730584,28.749445
1240.5386,696.2277,9.730584,28.749445
1244.6747,699.29333,9.523076,28.136354
1236.595,699.5037,9.733774,28.758871
1233.144,699.28345,9.733774,28.758871
1222.4978,679.67957,9.733774,28.758871
1228.2557,684.76996,9.949134,29.39516
1232.0831,690.5486,9.949134,29.39516
1236.0607,694.0758,9.949134,29.39516
1240.0382,697.9032,9.949134,29.39516
1241.164,698.7287,9.949134,29.39516
1239.8882,691.8994,9.949134,29.39516
1244.7662,695.42664,9.949134,29.39516
1248.1433,696.70245,9.949134,29.39516
1251.2202,695.27655,9.949134,29.39516
1256.3174,697.25366,9.736965,28.7683
1248.8993,692.77344,9.736965,28.7683
1251.7634,694.2078,9.952395,29.404799
1262.0482,695.0336,9.952395,29.404799
1267.8287,695.409,9.952395,29.404799
1271.8075,696.98553,9.952395,29.404799
1273.384,698.4119,9.952395,29.404799
1267.0029,691.7305,9.952395,29.404799
1268.7296,692.7065,9.952395,29.404799
1270.4109,692.9264,10.172592,30.05538
1250.0767,693.77045,10.172592,30.05538
1255.8317,694.46106,10.172592,30.05538
1263.4282,693.77045,10.172592,30.05538
1267.3416,694.6145,10.172592,30.05538
1271.3699,696.0444,9.955659,29.41444
1260.8972,674.9163,10.175928,30.065235
1266.347,679.138,10.175928,30.065235
1269.341,682.78784,9.958923,29.424086
1270.9185,686.7693,9.958923,29.424086
1272.6462,691.3517,9.958923,29.424086
1270.6179,692.0278,9.958923,29.424086
1267.9886,694.657,9.958923,29.424086
1271.4979,698.22894,9.746547,28.796608
1254.515,699.1847,9.746547,28.796608
1252.8054,699.5526,9.962189,29.433733
1253.8646,698.83716,10.182602,30.084955
1256.3993,694.9199,10.182602,30.084955
1240.3463,694.5359,10.182602,30.084955
1244.4171,695.688,10.182602,30.084955
1247.8735,696.9937,10.182602,30.084955
1254.2157,695.30615,10.407892,30.750586
1262.145,694.12854,10.407892,30.750586
1266.1489,694.52106,10.407892,30.750586
1270.4668,693.1864,10.407892,30.750586
1273.8315,697.0708,10.185941,30.09482
1263.1517,696.3793,10.185941,30.09482
1269.3365,692.2998,10.411304,30.760668
1270.7695,692.8557,10.641655,31.441248
1271.5679,688.76025,10.877102,32.136887
1272.6345,691.796,10.877102,32.136887
1271.732,693.3549,10.877102,32.136887
1270.8296,696.3907,10.877102,32.136887
1271.9736,696.0216,10.645144,31.451557
1271.251,694.81714,10.645144,31.451557
1268.5009,696.4682,10.418134,30.780844
1269.5225,698.11847,10.418134,30.780844
1270.4672,695.7397,10.648635,31.46187
1267.174,690.1973,10.648635,31.46187
1268.1395,689.0993,10.884236,32.157963
1269.6008,690.6292,10.652126,31.472185
1271.4489,693.9236,10.652126,31.472185
1270.2437,696.093,10.652126,31.472185
1263.414,696.97687,10.652126,31.472185
1269.4402,695.4502,10.652126,31.472185
1271.0251,696.94745,10.424967,30.801031
1249.2898,688.2034,10.65562,31.482504
1251.6207,691.17737,10.65562,31.482504
1253.6301,691.90076,10.65562,31.482504
1259.8191,693.91016,10.65562,31.482504
1265.8473,695.4373,10.65562,31.482504
1258.2115,697.12524,10.65562,31.482504
1264.6815,695.19257,10.891376,32.179054
1265.4987,693.89905,11.132347,32.891014
1267.2621,690.62415,11.132347,32.891014
1268.8575,691.3799,11.132347,32.891014
1270.8378,693.9159,10.894946,32.1896
1272.0704,694.8199,10.894946,32.1896
1270.8378,694.57336,10.894946,32.1896
1272.0704,695.8061,10.894946,32.1896
1270.9985,697.33746,10.662608,31.503149
1270.2747,695.3267,10.662608,31.503149
1271.8029,692.0291,10.662608,31.503149
1268.0227,670.71545,10.662608,31.503149
1269.2291,674.9782,10.662608,31.503149
1268.827,679.0801,10.662608,31.503149
1268.7926,688.66156,10.898519,32.200157
1270.4143,693.046,10.666104,31.51348
1271.7821,696.6665,10.666104,31.51348
1268.9094,694.7319,10.902092,32.210716
1246.9525,696.4588,10.902092,32.210716
1248.0216,695.3898,10.902092,32.210716
1249.0907,694.48517,10.902092,32.210716
1250.9325,695.5793,11.143301,32.923378
1252.9147,695.36316,10.905666,32.221275
1252.0098,696.26807,10.905666,32.221275
1258.0728,697.6424,10.6730995,31.534147
1268.4583,698.689,10.6730995,31.534147
1271.9087,694.6022,10.445493,30.861671
1270.5692,696.57196,10.445493,30.861671
1272.007,696.9663,10.6765995,31.544485
1261.1348,693.66437,10.6765995,31.544485
1266.6917,694.7113,10.6765995,31.544485
1270.799,695.75824,10.6765995,31.544485
1272.1681,695.51666,10.6765995,31.544485
1265.6162,690.2379,10.912819,32.242405
1264.556,688.08777,11.154265,32.95577
1265.9863,691.0326,11.154265,32.95577
1267.5215,693.72327,11.401053,33.684914
1271.2195,695.01324,11.401053,33.684914
1272.4187,695.78687,11.157923,32.96657
1270.6362,694.287,11.404792,33.695957
1268.6576,692.30835,11.404792,33.695957
1269.5254,693.74554,11.161581,32.97738
1271.0239,697.7489,10.923557,32.274128
1249.0238,679.70386,10.923557,32.274128
1252.5669,680.9398,10.923557,32.274128
1253.2155,689.388,11.165241,32.988194
1261.8901,692.50415,11.165241,32.988194
1266.3538,694.27277,11.165241,32.988194
1269.801,698.27747,10.927139,32.28471
1273.1804,699.51385,10.927139,32.28471
1251.1731,697.45325,10.927139,32.28471
1270.6353,696.49744,11.168902,32.99901
1270.214,691.8638,11.168902,32.99901
1266.3319,693.3343,11.416015,33.72911
1267.5457,693.76526,11.668594,34.47537
1264.4651,691.9169,11.668594,34.47537
1265.6093,695.34955,11.668594,34.47537
1266.9296,695.0855,11.668594,34.47537
1258.92,671.5849,11.668594,34.47537
1262.8809,672.02496,11.668594,34.47537
1267.3698,675.45764,11.668594,34.47537
1270.2743,679.2424,11.668594,34.47537
1271.4185,686.7238,11.668594,34.47537
1271.3304,687.516,11.668594,34.47537
1267.8226,687.2259,11.926762,35.238136
1267.3728,690.9144,11.926762,35.238136
1268.7223,692.084,11.926762,35.238136
1267.1929,693.4335,11.926762,35.238136
1268.3624,694.78296,11.926762,35.238136
1269.7119,696.3124,11.926762,35.238136
1256.667,688.6654,11.926762,35.238136
1257.7484,687.24884,12.190641,36.01778
1258.7599,688.6282,12.190641,36.01778
1259.8652,690.2332,12.46036,36.814674
1261.839,692.77094,12.46036,36.814674
1261.3378,694.3412,12.194638,36.02959
1264.7412,696.0889,12.194638,36.02959
1266.2012,698.15765,11.934584,35.26125
1267.977,697.57916,11.680075,34.509293
1244.4534,681.9848,11.680075,34.509293
1248.4181,685.77325,11.680075,34.509293
1251.3256,686.9186,11.680075,34.509293
1252.2947,690.1784,11.680075,34.509293
1254.4973,691.3237,11.680075,34.509293
1257.7572,692.64526,11.680075,34.509293
1259.4312,696.0813,11.680075,34.509293
1269.3868,695.6408,11.680075,34.509293
1271.125,697.2826,11.430994,33.773373
1266.7275,674.2605,11.430994,33.773373
1267.8485,677.2784,11.430994,33.773373
1269.064,678.42554,11.683905,34.520607
1269.7831,667.1559,11.434742,33.784443
1271.1521,669.0957,11.190892,33.06398
1271.291,672.49585,11.438491,33.79552
1267.1361,666.66144,11.691567,34.543247
1268.7452,669.8477,11.950243,35.307518
1270.0974,672.8224,11.950243,35.307518
1271.81,688.05634,11.950243,35.307518
1271.2102,691.31305,12.214643,36.088696
1266.989,690.8986,11.954162,35.31909
1269.7843,692.25116,11.954162,35.31909
1257.1356,695.49585,11.699236,34.565903
1255.2666,693.37384,11.958081,35.330673
1266.0005,687.14996,11.958081,35.330673
1267.5339,688.8638,11.958081,35.330673
1269.4281,692.562,11.958081,35.330673
1268.7731,694.93835,11.703072,34.577236
1268.0026,687.32043,11.962002,35.34226
1268.9951,689.93713,11.962002,35.34226
1269.6267,691.832,11.962002,35.34226
1270.5242,691.90906,12.226661,36.124207
1271.6323,691.672,11.965923,35.353848
1265.585,693.2064,11.965923,35.353848
1264.4116,694.3798,11.965923,35.353848
1266.6681,696.27527,11.965923,35.353848
1242.5687,697.8097,11.965923,35.353848
1244.4028,687.5859,12.230669,36.13605
1242.6499,686.57104,12.230669,36.13605
1243.225,689.71295,11.969847,35.36544
1243.9357,691.10156,12.234679,36.1479
1247.343,695.3934,12.505371,36.947674
1263.7441,686.2745,12.782052,37.76514
1267.3115,688.6849,12.782052,37.76514
1268.9506,685.696,12.782052,37.76514
1270.204,682.5142,12.782052,37.76514
1270.9907,680.96533,12.509471,36.95979
1272.5948,682.56946,12.509471,36.95979
1258.9949,696.515,12.2427025,36.17161
1259.826,698.8237,12.2427025,36.17161
1263.4271,699.4775,12.513573,36.97191
1267.8915,697.4037,12.790436,37.789913
1265.8481,696.68536,13.073424,38.626015
1264.1688,695.9511,13.362674,39.480614
1264.7532,693.9457,13.658323,40.354122
1266.0925,693.2245,13.658323,40.354122
1268.05,694.97595,13.658323,40.354122
1269.9298,693.13995,13.960514,41.246956
1269.4033,694.71954,13.960514,41.246956
1240.078,685.85065,14.26939,42.159546
1235.1182,681.9225,14.5851,43.092327
1236.4408,681.5599,14.907796,44.045746
1239.0272,680.32294,14.907796,44.045746
1241.6136,681.335,14.907796,44.045746
1243.9751,682.7969,14.907796,44.045746
1247.8936,684.05963,15.237631,45.02026
1251.8987,688.6893,15.574763,46.016335
1252.956,691.39136,15.574763,46.016335
1255.8931,691.97876,15.574763,46.016335
1257.6553,692.3312,15.574763,46.016335
1259.4175,693.15356,15.574763,46.016335
1258.3601,692.56616,15.574763,46.016335
1261.0621,692.68365,15.574763,46.016335
1262.8243,694.44586,15.574763,46.016335
1268.8159,693.85846,15.574763,46.016335
1269.7406,687.1332,15.919355,47.034447
1269.1908,657.0864,16.27157,48.075085
1263.4221,655.49084,16.27157,48.075085
1229.2422,659.6706,16.631578,49.138744
1234.1354,663.94305,16.276905,48.090847
1238.2142,668.5977,15.929795,47.065296
1242.6602,674.24524,15.929795,47.065296
1247.81,676.9476,15.590088,46.061615
1252.8502,681.17914,15.257625,45.079338
1257.7991,683.36584,15.257625,45.079338
1262.0574,687.1638,15.257625,45.079338
1263.3234,689.3505,15.257625,45.079338
1265.7402,690.8467,15.257625,45.079338
1267.0062,689.12036,15.257625,45.079338
1265.5049,690.8212,14.932251,44.118008
1268.1611,692.92017,14.613816,43.177177
1237.6921,690.26953,14.937147,44.132473
1237.8048,692.6356,14.937147,44.132473
1240.0945,694.36847,15.267632,45.108906
1266.3428,665.21173,14.942044,44.146946
1244.4492,645.1504,14.623401,43.205498
1251.8397,649.6729,14.623401,43.205498
1257.2448,653.0924,14.623401,43.205498
1262.1849,656.6363,14.311552,42.284126
1264.0201,661.4942,14.311552,42.284126
1266.503,665.05664,14.311552,42.284126
1267.0428,671.20996,14.311552,42.284126
1268.6621,675.2042,14.311552,42.284126
1267.9065,680.70984,14.311552,42.284126
1269.3099,682.1132,14.311552,42.284126
1269.202,686.5393,14.311552,42.284126
1268.4464,692.2608,14.311552,42.284126
1264.0204,663.43726,14.311552,42.284126
1263.2648,668.9429,14.311552,42.284126
1265.7477,672.07355,14.311552,42.284126
1268.2306,679.3064,14.311552,42.284126
1264.1171,694.4285,14.006354,41.382404
1264.9791,696.1936,13.7076645,40.499912
1264.8264,692.938,13.415344,39.63624
1266.3444,692.2296,13.415344,39.63624
1257.7429,694.1523,13.415344,39.63624
1261.2847,692.6344,13.415344,39.63624
1266.4456,694.1523,13.415344,39.63624
1270.5875,696.42804,13.129258,38.790985
1266.8461,696.3071,13.419743,39.649235
1264.7021,668.0376,13.716655,40.526474
1267.7026,665.6579,13.716655,40.526474
1269.3757,656.29987,14.020136,41.423122
1269.693,656.6171,14.020136,41.423122
1251.1858,667.9329,14.020136,41.423122
1253.6182,671.63434,14.020136,41.423122
1258.6199,678.96625,14.330332,42.339607
1263.5079,681.0773,14.64739,43.27637
1265.6072,682.2926,14.64739,43.27637
1268.3694,683.50793,14.64739,43.27637
1268.7805,678.78784,14.971464,44.23386
1260.5365,682.9663,14.971464,44.23386
1260.805,685.7238,14.652193,43.290558
1263.347,682.7397,14.652193,43.290558
1264.6749,683.9469,14.33973,42.367374
1260.7618,684.7114,14.033931,41.46388
1261.595,682.3857,14.344432,42.381268
1264.0836,682.9267,14.344432,42.381268
1265.7067,683.9005,14.344432,42.381268
1259.1064,669.50977,14.344432,42.381268
1262.2443,671.5656,14.344432,42.381268
1265.815,678.8151,14.344432,42.381268
1267.438,680.65454,14.344432,42.381268
1265.815,681.8447,14.344432,42.381268
1267.6544,682.1693,14.344432,42.381268
1267.1134,683.3595,14.344432,42.381268
1268.7365,683.9005,14.344432,42.381268
1251.316,685.0907,14.344432,42.381268
1255.9845,682.03986,14.661802,43.318954
1260.7401,682.59283,14.661802,43.318954
1263.7262,682.7034,14.661802,43.318954
1267.1547,681.0445,14.661802,43.318954
1267.4865,682.48224,14.661802,43.318954
1269.1454,684.1412,14.661802,43.318954
1257.0905,683.1458,14.661802,43.318954
1259.6342,684.1412,14.661802,43.318954
1264.1765,679.4165,14.986195,44.277386
1266.0044,677.8711,15.317764,45.257023
1266.8132,679.1421,15.317764,45.257023
1269.2396,680.182,15.317764,45.257023
1247.402,678.44885,15.317764,45.257023
1251.215,679.4888,15.317764,45.257023
1255.028,680.06647,15.317764,45.257023
1257.6854,680.182,15.317764,45.257023
1262.4227,680.5286,15.317764,45.257023
1264.387,681.56854,15.317764,45.257023
1267.5066,683.76385,15.317764,45.257023
1268.7776,686.4213,15.317764,45.257023
1269.4473,685.0816,15.65667,46.258335
1236.559,676.8506,16.003073,47.2818
1239.3353,677.4541,16.003073,47.2818
1242.1117,678.5405,16.003073,47.2818
1246.578,680.10986,16.003073,47.2818
1249.5958,682.162,16.003073,47.2818
1254.7865,684.2141,16.003073,47.2818
1257.49,676.80286,16.357141,48.327908
1261.2773,672.5559,16.719044,49.397163
1263.055,672.1403,17.088953,50.490074
1261.6624,672.51794,17.467047,51.607166
1263.5195,673.1773,17.853506,52.748974
1265.5396,674.92804,17.853506,52.748974
1267.4174,680.2932,17.472775,51.624084
1258.0597,683.06104,17.472775,51.624084
1259.2458,683.98364,17.472775,51.624084
1258.8505,683.58826,17.472775,51.624084
1255.2385,681.7865,17.85936,52.766266
1257.5287,680.5741,17.85936,52.766266
1260.6271,681.2477,17.85936,52.766266
1261.8395,681.3824,17.85936,52.766266
1264.2975,682.33606,18.254498,53.93372
1233.3809,643.5961,18.658379,55.127003
1234.9291,640.3591,18.658379,55.127003
1237.8846,641.0628,18.658379,55.127003
1240.1605,640.891,19.071196,56.346687
1243.3823,640.7154,19.493145,57.593357
1248.8112,640.84106,19.92443,58.86761
1254.36,641.2813,20.36526,60.170055
1256.5253,643.00635,20.81584,61.501316
1259.1946,645.04755,20.81584,61.501316
1261.0822,646.1591,21.27639,62.862034
1263.4895,648.2455,21.27639,62.862034
1218.7965,672.0268,21.74713,64.25285
1215.3517,670.87854,21.74713,64.25285
1219.5363,661.2864,21.283365,62.88264
1223.2288,658.87823,21.283365,62.88264
1226.279,659.03876,21.283365,62.88264
1232.2191,659.8415,21.283365,62.88264
1236.624,662.2142,20.82949,61.54165
1240.8662,662.99976,20.82949,61.54165
1245.4226,663.4711,20.82949,61.54165
1249.979,664.571,20.82949,61.54165
1255.8044,666.59015,20.385296,60.229256
1259.1342,667.9734,19.950573,58.944847
1261.9934,669.32776,19.950573,58.944847
1265.7556,670.98315,19.950573,58.944847
1249.3523,674.4444,19.950573,58.944847
1255.2213,665.2646,19.950573,58.944847
1261.3811,663.42725,19.525122,57.68783
1265.1383,663.04865,19.108742,56.457623
1257.3002,622.4958,19.531523,57.70675
1262.4567,614.39276,19.531523,57.70675
1249.7427,586.1815,19.115007,56.476135
1256.8077,588.0559,19.115007,56.476135
1263.8214,587.6853,18.707375,55.271763
1265.245,583.24225,18.308434,54.093075
1254.0098,576.19617,18.713507,55.289883
1261.2089,573.2319,18.713507,55.289883
1253.6533,566.3384,18.314436,54.11081
1257.9359,568.4106,18.314436,54.11081
1264.3895,572.0501,17.923876,52.95688
1262.9023,553.7979,17.923876,52.95688
1251.4103,589.89667,17.923876,52.95688
1258.0352,591.3839,17.923876,52.95688
1261.063,593.18274,18.320442,54.12855
1260.4302,607.35156,18.725782,55.326145
1259.4045,580.30414,18.32645,54.146297
1258.9899,577.6776,18.32645,54.146297
1257.1927,574.2217,18.32645,54.146297
1259.2664,571.87164,18.32645,54.146297
1262.7223,572.8393,18.32645,54.146297
1265.0724,563.8538,18.32645,54.146297
1266.7335,562.43256,17.935633,52.99161
1240.3519,547.1448,17.935633,52.99161
1244.5854,549.14417,17.55315,51.86155
1249.7493,550.60065,17.55315,51.86155
1253.3242,552.58673,17.55315,51.86155
1257.4288,554.5728,17.55315,51.86155
1259.9446,555.76447,17.55315,51.86155
1262.9899,554.83765,17.55315,51.86155
1265.7704,555.76447,17.55315,51.86155
1264.5787,554.5728,17.55315,51.86155
1253.8539,547.55536,17.55315,51.86155
1252.927,545.5693,17.55315,51.86155
1254.7935,545.6824,17.941513,53.008987
1256.5529,546.6297,17.941513,53.008987
1258.8535,548.1184,17.941513,53.008987
1260.8835,547.7124,17.941513,53.008987
1262.3722,546.7651,17.941513,53.008987
1259.7867,542.1068,18.338469,54.181812
1262.1383,541.1385,18.338469,54.181812
1263.6599,540.44684,18.338469,54.181812
1265.7349,542.2451,18.338469,54.181812
1266.8636,544.5561,17.947395,53.026367
1267.5405,544.14996,17.947395,53.026367
1267.7634,545.3893,18.34448,54.199577
1268.2783,545.50757,18.750353,55.398743
1266.4567,505.71524,19.165205,56.62444
1265.4447,502.1011,19.165205,56.62444
1264.1437,500.80002,19.165205,56.62444
1266.4814,500.02365,19.589235,57.877254
1263.3784,491.0101,19.589235,57.877254
1265.5948,492.34,19.589235,57.877254
1265.4471,492.7833,19.589235,57.877254
1267.7925,494.39737,19.17149,56.643005
1266.7802,495.40964,19.17149,56.643005
1268.6602,494.9758,19.17149,56.643005
1268.298,493.29895,19.59566,57.896233
1266.672,532.7647,19.59566,57.896233
1267.8354,535.03796,20.029213,59.177185
1267.3822,534.88696,20.029213,59.177185
1267.2311,538.3618,20.029213,59.177185
1267.2991,540.8859,19.602083,57.915215
1266.5105,541.64594,19.184063,56.680157
1266.2966,543.2266,18.774958,55.471436
1267.0048,541.66876,18.774958,55.471436
1259.6974,541.30475,18.374577,54.28849
1267.4031,541.42316,18.781115,55.489624
1260.0931,541.3321,18.380602,54.30629
1261.2246,539.9066,17.98863,53.148193
1262.8556,536.64386,18.38663,54.324097
1265.2134,531.23486,18.38663,54.324097
1267.0164,530.26404,18.38663,54.324097
1265.2134,536.5052,18.38663,54.324097
1266.5928,538.92596,18.793434,55.526016
1266.451,542.18646,18.793434,55.526016
1266.3093,544.02936,18.793434,55.526016
1268.286,539.0193,18.392658,54.341908
1268.0809,538.66266,18.00043,53.18305
1268.9272,534.64923,17.616564,52.048904
1269.4216,535.59,18.00633,53.200485
1268.5178,536.2697,18.40472,54.377544
1268.8479,539.65955,18.012234,53.217926
1234.0745,505.26147,17.628117,52.08304
1236.1849,505.43228,17.252192,50.97235
1237.247,506.6029,16.884283,49.88535
1237.3042,507.25757,16.524221,48.82153
1238.426,507.8808,16.524221,48.82153
1240.2957,507.0083,16.524221,48.82153
1240.6696,507.13293,16.524221,48.82153
1241.5421,508.2547,16.524221,48.82153
1243.4117,508.6286,16.524221,48.82153
1243.7856,508.2547,16.524221,48.82153
1245.406,508.6286,16.524221,48.82153
1248.7714,510.49823,16.524221,48.82153
1250.641,508.6286,16.524221,48.82153
1252.2614,509.0025,16.524221,48.82153
1252.3174,511.0849,16.171837,47.780396
1254.7963,510.68292,16.529638,48.837536
1254.4222,511.05695,16.529638,48.837536
1256.2925,512.1791,16.529638,48.837536
1257.4147,514.0493,16.529638,48.837536
1259.2849,511.9297,16.529638,48.837536
1259.7489,510.4839,16.895357,49.918068
1260.8959,509.84668,16.895357,49.918068
1261.788,508.9546,16.895357,49.918068
1263.6996,507.55273,16.895357,49.918068
1265.8661,511.75836,16.895357,49.918068
1267.5228,512.39557,16.895357,49.918068
1268.8085,514.0334,16.535059,48.85355
1267.4365,515.15594,16.535059,48.85355
1267.3118,516.52795,16.535059,48.85355
1264.9291,481.43698,16.900898,49.934433
1263.0168,479.26974,16.900898,49.934433
1265.4391,478.12238,16.900898,49.934433
1266.3314,476.72003,16.900898,49.934433
1267.8633,474.18054,16.540482,48.869568
1267.7385,480.5436,16.540482,48.869568
1268.8615,484.6609,16.540482,48.869568
1269.7349,485.53424,16.540482,48.869568
1269.1111,495.6403,16.540482,48.869568
1269.5753,500.40692,16.906439,49.950806
1269.9579,502.5749,16.906439,49.950806
1267.5349,529.48303,16.906439,49.950806
1268.3298,534.8094,16.545904,48.88559
1267.4562,531.6892,16.545904,48.88559
1269.5779,532.56287,16.545904,48.88559
1268.4546,533.4365,16.545904,48.88559
1271.0756,534.8094,16.545904,48.88559
1269.2035,536.6815,16.545904,48.88559
1262.3391,536.30707,16.545904,48.88559
1268.9539,538.4288,16.545904,48.88559
1267.5809,539.3024,16.545904,48.88559
1269.9523,538.928,16.545904,48.88559
1269.3282,537.8047,16.545904,48.88559
1269.2748,541.278,16.911982,49.967182
1270.5436,543.2399,17.28616,51.072704
1270.7582,544.97473,17.668615,52.202686
1270.9775,550.06647,18.059534,53.35767
1233.0419,527.2869,18.4591,54.538208
1227.89,524.91986,18.4591,54.538208
1230.2571,525.89453,18.4591,54.538208
1235.9658,527.1477,18.4591,54.538208
1239.4468,528.4009,18.4591,54.538208
1242.7303,529.9219,18.065454,53.375164
1247.52,531.4104,17.680202,52.236923
1251.1208,532.0772,17.680202,52.236923
1256.322,533.27747,17.680202,52.236923
1258.5892,534.4777,17.680202,52.236923
1260.5897,535.41125,17.680202,52.236923
1261.935,536.0968,17.303167,51.122955
1261.2825,536.7494,17.303167,51.122955
1260.0833,536.66547,16.934172,50.03274
1260.9774,558.5083,16.934172,50.03274
1263.1489,561.95715,16.934172,50.03274
1265.5759,564.6396,16.934172,50.03274
1267.357,567.26605,16.573046,48.96578
1254.2308,557.39014,16.573046,48.96578
1254.8558,559.7654,16.573046,48.96578
1256.8398,559.2031,16.21962,47.92157
1259.8984,561.0383,16.21962,47.92157
1261.4889,561.65,16.21962,47.92157
1263.0793,560.7936,16.21962,47.92157
1265.8195,559.8827,16.57848,48.981834
1256.9563,585.1142,16.22494,47.937283
1259.0369,586.2157,16.22494,47.937283
1261.2152,588.2603,15.878938,46.915005
1262.5327,589.09875,15.878938,46.915005
1264.4337,590.1762,15.540315,45.914528
1266.0681,591.2307,15.208913,44.935387
1260.6761,617.0432,15.208913,44.935387
1262.1675,616.01074,15.208913,44.935387
1263.2,616.1255,15.208913,44.935387
1264.003,614.6341,15.208913,44.935387
1265.4944,614.9783,15.208913,44.935387
1264.4619,615.5519,15.208913,44.935387
1266.1827,616.1255,15.208913,44.935387
1264.003,616.6991,15.208913,44.935387
1259.07,625.3033,15.208913,44.935387
1257.5735,628.1045,14.884578,43.977127
1258.9231,628.2005,15.213899,44.950123
1259.9559,627.16766,15.213899,44.950123
1260.8591,627.2657,15.550507,45.944645
1261.9148,625.5062,15.550507,45.944645
1262.7358,626.32733,15.550507,45.944645
1264.1453,625.3475,15.218887,44.964863
1266.4099,625.2737,14.89434,44.005974
1267.9764,625.63464,14.576714,43.06753
1269.9335,624.29224,14.265861,42.149105
1270.902,623.539,14.265861,42.149105
1250.9944,643.4466,14.265861,42.149105
1252.6085,643.1238,14.265861,42.149105
1254.4379,642.58575,14.265861,42.149105
1255.9384,641.8942,13.961637,41.250263
1258.1499,641.3677,13.961637,41.250263
1258.8871,641.05176,13.961637,41.250263
1260.4668,640.10394,13.961637,41.250263
1261.6252,638.52423,13.961637,41.250263
1262.3624,637.3658,13.961637,41.250263
1263.3103,636.83923,13.961637,41.250263
1264.0475,635.6808,13.961637,41.250263
1264.907,635.8161,13.6639,40.37059
1266.2468,633.03326,13.6639,40.37059
1267.3806,632.31177,13.6639,40.37059
1267.0714,631.79645,13.6639,40.37059
1268.8236,631.89954,13.6639,40.37059
1268.7206,629.7351,13.6639,40.37059
1269.8544,629.2198,13.6639,40.37059
1269.339,627.67377,13.6639,40.37059
1268.6176,626.74615,13.6639,40.37059
1268.1022,625.40625,13.6639,40.37059
1269.8544,624.2725,13.6639,40.37059
1260.8875,642.30945,13.6639,40.37059
1260.3721,642.00024,13.6639,40.37059
1260.8875,640.66034,13.6639,40.37059
1262.4335,640.35114,13.6639,40.37059
1263.1549,638.599,13.6639,40.37059
1264.8215,636.5484,13.966214,41.26379
1266.191,634.9682,13.966214,41.26379
1265.875,633.8094,13.966214,41.26379
1267.5786,633.4622,14.275217,42.17675
1267.2556,631.84705,14.275217,42.17675
1268.8708,630.4472,14.275217,42.17675
1268.2965,629.9628,13.970794,41.277317
1268.4019,629.22516,13.970794,41.277317
1269.6687,627.78455,14.279898,42.19058
1260.6821,611.56055,14.59584,43.124046
1260.1316,607.9273,14.59584,43.124046
1258.9421,605.5084,14.918774,44.078167
1259.955,604.27057,14.918774,44.078167
1261.0902,604.1982,14.600626,43.138187
1262.4136,603.4905,14.289263,42.218254
1261.0123,602.73596,14.289263,42.218254
1262.9308,602.04333,13.98454,41.317936
1261.7704,601.30493,13.98454,41.317936
1262.6312,600.42377,13.686316,40.436817
1264.4688,587.0236,13.394451,39.57449
1264.7719,583.08325,13.394451,39.57449
1265.4791,581.1636,13.394451,39.57449
1266.9946,580.4563,13.394451,39.57449
1266.1127,579.0751,13.690804,40.450077
1267.4552,577.73254,13.690804,40.450077
1265.4824,576.10645,13.993712,41.345036
1267.0658,571.98975,13.993712,41.345036
1269.1481,568.0558,13.695292,40.46334
1268.6316,566.2996,13.695292,40.46334
1266.8754,568.2624,13.695292,40.46334
1263.4663,568.98553,13.695292,40.46334
1262.9498,567.02277,13.695292,40.46334
1245.8701,546.6439,13.403236,39.60045
1245.9712,543.10535,13.403236,39.60045
1246.0723,542.59985,13.403236,39.60045
1245.5668,541.0833,13.403236,39.60045
1244.6569,539.769,13.403236,39.60045
1244.7579,537.848,13.403236,39.60045
1244.6569,536.3315,13.403236,39.60045
1243.9491,534.00616,13.403236,39.60045
1244.2524,531.68085,13.403236,39.60045
1243.747,530.3665,13.403236,39.60045
1243.4436,528.2434,13.403236,39.60045
1242.5337,526.1203,13.403236,39.60045
1242.2303,525.4126,13.403236,39.60045
1243.4452,522.03436,13.117409,38.75596
1241.961,520.946,13.117409,38.75596
1241.6642,519.65967,13.117409,38.75596
1240.5758,517.5818,13.117409,38.75596
1240.081,516.4934,13.117409,38.75596
1240.7737,513.2282,13.117409,38.75596
1239.8832,512.13983,13.117409,38.75596
1239.3555,511.12253,12.837676,37.929478
1240.3323,508.26025,12.563909,37.12062
1239.2788,508.1993,12.2959795,36.329014
1238.2585,506.43704,12.2959795,36.329014
1237.9803,505.0458,12.2959795,36.329014
1237.331,502.72708,12.2959795,36.329014
1238.4456,502.13107,12.033764,35.554287
1237.2655,500.58798,12.033764,35.554287
1238.0062,497.7299,11.777141,34.79608
1238.0463,497.15903,11.52599,34.054043
1236.9121,496.43277,11.280194,33.32783
1237.848,493.45468,11.280194,33.32783
1237.7223,493.07193,11.03964,32.617104
1236.957,492.3763,10.804216,31.921534
1237.7792,491.22418,10.573813,31.240797
1236.7423,489.70877,10.573813,31.240797
1237.8544,488.5812,10.348324,30.574577
1238.2446,486.00528,10.348324,30.574577
1239.4155,484.8344,10.348324,30.574577
1238.8488,483.73093,10.127643,29.922565
1240.0613,482.79822,9.911668,29.284458
1241.4818,481.82626,9.911668,29.284458
1242.7528,481.00385,9.911668,29.284458
1243.8743,479.43378,9.911668,29.284458
1245.2948,478.61136,9.911668,29.284458
1248.061,477.78894,9.911668,29.284458
1249.4816,477.2656,9.911668,29.284458
1250.9021,476.5927,9.911668,29.284458
1252.9208,475.91983,9.911668,29.284458
1256.4347,474.64883,9.911668,29.284458
1259.7832,474.0243,9.700298,28.659958
1260.8807,473.65845,9.700298,28.659958
1262.4652,473.61142,9.493437,28.048775
1266.2605,473.82626,9.493437,28.048775
1269.4677,472.81393,9.290986,27.450626
1270.0984,470.36105,9.290986,27.450626
1254.1896,458.0966,9.290986,27.450626
1255.8015,458.447,9.290986,27.450626
1258.8151,456.83508,9.290986,27.450626
1261.268,456.48468,9.290986,27.450626
1263.02,455.5736,9.290986,27.450626
1266.0336,454.66254,9.290986,27.450626
1267.5052,454.17197,9.290986,27.450626
1269.023,455.0726,9.092853,26.865234
1271.9823,452.00015,9.294032,27.459627
1272.8937,450.1073,9.294032,27.459627
1272.403,448.49487,9.294032,27.459627
1273.4546,448.7052,9.294032,27.459627
1273.6649,447.79382,9.294032,27.459627
1266.1636,431.17877,9.294032,27.459627
1266.6543,429.98697,9.294032,27.459627
1267.7059,428.65497,9.294032,27.459627
1267.2152,428.44464,9.294032,27.459627
1266.8646,426.692,9.294032,27.459627
1267.4956,425.21976,9.294032,27.459627
1267.9863,423.3269,9.294032,27.459627
1267.8826,422.06558,9.095834,26.874043
1268.2256,420.2131,9.095834,26.874043
1268.1243,419.1109,8.901862,26.300945
1267.6367,418.03223,8.712028,25.74007
1266.9266,415.63388,8.904781,26.30957
1266.5908,413.95465,8.904781,26.30957
1265.5833,411.4694,8.904781,26.30957
1264.4414,409.52148,8.904781,26.30957
1264.1056,407.9766,8.904781,26.30957
1261.9346,406.76804,8.714884,25.74851
1262.5262,405.25607,8.714884,25.74851
1261.8031,403.08676,8.714884,25.74851
1260.5541,401.70627,8.714884,25.74851
1259.9624,399.93137,8.714884,25.74851
1259.6337,398.025,8.714884,25.74851
1259.1735,396.90747,8.714884,25.74851
1259.5022,394.73816,8.714884,25.74851
1259.3049,392.8318,8.714884,25.74851
1258.8447,391.31982,8.714884,25.74851
1257.9901,389.019,8.714884,25.74851
1258.2731,389.1035,8.5290365,25.199415
1257.1793,387.49512,8.5290365,25.199415
1257.7583,386.27274,8.5290365,25.199415
1257.308,384.66437,8.5290365,25.199415
1257.6296,383.442,8.5290365,25.199415
1258.7748,382.0364,8.347153,24.66203
1258.334,381.59567,8.347153,24.66203
1259.2784,379.39197,8.347153,24.66203
1260.2229,378.57346,8.347153,24.66203
1261.797,377.629,8.347153,24.66203
1262.8674,377.06232,8.347153,24.66203
1264.9452,376.7475,8.347153,24.66203
1267.6526,375.80304,8.347153,24.66203
1268.9749,375.11044,8.347153,24.66203
1270.1711,375.29935,8.347153,24.66203
1272.7527,373.72525,8.347153,24.66203
1259.4674,368.75116,8.347153,24.66203
1261.6615,367.23718,8.531834,25.207676
1264.9437,367.43024,8.531834,25.207676
1247.7606,379.7223,8.531834,25.207676
1250.1418,379.78665,8.531834,25.207676
1252.9001,379.24905,8.34989,24.670115
1257.372,378.43027,8.34989,24.670115
1260.2062,378.49326,8.34989,24.670115
1263.2924,377.80045,8.34989,24.670115
1268.0161,377.9894,8.34989,24.670115
1270.7244,378.17838,8.34989,24.670115
1273.3024,376.9237,8.171825,24.144016
1274.3502,377.4785,8.171825,24.144016
1263.5648,361.8727,7.9975586,23.629137
1266.383,362.4154,7.8270082,23.125238
1268.7996,362.26364,7.6600947,22.632086
1270.8304,362.22647,7.496741,22.14945
1271.1132,362.8485,7.496741,22.14945
1268.7422,364.89157,7.6626062,22.639507
1259.7832,380.3241,7.6626062,22.639507
1262.2686,379.5727,7.6626062,22.639507
1264.8695,379.9773,7.6626062,22.639507
1267.4705,378.7635,7.6626062,22.639507
1270.187,377.89648,7.6626062,22.639507
1271.4008,378.1855,7.6626062,22.639507
1272.9866,377.59122,7.499199,22.156713
1273.9482,370.85974,7.499199,22.156713
1274.8461,368.75153,7.3392763,21.684216
1274.1263,368.58545,7.3392763,21.684216
1273.2985,362.3147,7.501658,22.163979
1272.2174,362.12823,7.667632,22.654356
1272.7379,366.2347,7.667632,22.654356
1273.6055,367.10226,7.667632,22.654356
1272.7379,371.20874,7.667632,22.654356
1271.8704,379.24817,7.667632,22.654356
1272.8058,379.65762,7.8372784,23.155584
1272.1555,393.19547,7.8372784,23.155584
1273.1605,393.7275,7.8372784,23.155584
1273.456,403.48187,7.8372784,23.155584
1274.044,404.51373,8.010678,23.667902
1270.2372,420.40558,8.010678,23.667902
1271.5061,416.96133,8.010678,23.667902
1272.4125,414.0005,8.010678,23.667902
1273.8375,413.3792,7.839848,23.163177
1274.4341,411.40326,7.672661,22.669216
1270.4407,406.8311,7.672661,22.669216
1270.2671,403.76367,7.672661,22.669216
1270.788,401.15927,7.672661,22.669216
1272.3759,400.78735,7.509039,22.18579
1273.4932,399.00394,7.3489065,21.712671
1274.3729,396.93796,7.1921887,21.249641
1272.9988,386.17746,7.351316,21.71979
1272.167,383.68213,7.351316,21.71979
1272.5552,382.73944,7.351316,21.71979
1273.4978,382.2404,7.351316,21.71979
1274.3296,381.4086,7.351316,21.71979
1266.1782,372.1482,7.351316,21.71979
1268.7844,371.2055,7.351316,21.71979
1270.947,370.92825,7.351316,21.71979
1273.3314,371.5382,7.351316,21.71979
1274.0522,370.48462,7.351316,21.71979
1271.4971,362.01743,7.5139637,22.20034
1272.3473,360.82718,7.5139637,22.20034
1270.5588,356.17126,7.68021,22.691523
1271.0802,355.1864,7.68021,22.691523
1273.5713,354.78088,7.68021,22.691523
1273.861,355.534,7.68021,22.691523
1274.1506,358.48856,7.68021,22.691523
1274.2086,359.47342,7.68021,22.691523
1274.3824,361.15347,7.68021,22.691523
1273.3976,361.9066,7.68021,22.691523
1272.7717,358.95087,7.850135,23.193573
1274.0153,358.7732,7.850135,23.193573
1266.394,356.5663,7.6827283,22.698963
1270.8563,358.0151,7.6827283,22.698963
1275.351,360.1004,7.518892,22.214901
1276.4286,359.24966,7.518892,22.214901
1275.8158,359.18042,7.6852474,22.706406
1259.6722,342.87067,7.8552837,23.208784
1262.3386,344.115,7.8552837,23.208784
1258.139,335.85284,7.6877675,22.71385
1251.5862,348.20462,7.6877675,22.71385
1261.3864,350.0023,7.6877675,22.71385
1271.5345,351.22006,7.6877675,22.71385
1274.144,356.26514,7.6877675,22.71385
1273.0422,357.5989,7.6877675,22.71385
1267.1212,352.71503,7.857859,23.216394
1272.5073,353.01166,8.031714,23.730057
1272.4468,359.00946,8.031714,23.730057
1275.0519,359.79706,8.031714,23.730057
1271.9622,356.70728,8.031714,23.730057
1272.871,355.67734,8.031714,23.730057
1272.6892,355.7379,8.031714,23.730057
1273.2345,364.0379,8.031714,23.730057
1273.7798,366.03717,8.031714,23.730057
1274.9309,370.21747,8.031714,23.730057
1270.3793,362.47513,8.209416,24.255085
1271.6376,362.65652,8.391049,24.791729
1268.3717,367.37436,8.212108,24.263039
1273.2955,369.36456,8.036982,23.745623
1274.6898,369.30392,8.036982,23.745623
1272.4468,369.9708,8.036982,23.745623
1273.7198,382.64114,8.036982,23.745623
1265.2655,365.58493,8.2148,24.270994
1270.0369,364.15973,8.2148,24.270994
1272.9492,364.7174,8.2148,24.270994
1268.1779,360.3179,8.2148,24.270994
1270.9663,360.75165,8.2148,24.270994
1272.3915,361.68112,8.2148,24.270994
1271.7098,375.25143,8.2148,24.270994
1273.1711,377.1228,8.039617,23.753408
1271.1699,378.03247,8.039617,23.753408
1270.6405,377.0776,8.217493,24.278952
1271.3856,376.6161,8.399305,24.816124
1272.0825,377.1863,8.399305,24.816124
1271.1351,378.02924,8.58514,25.365181
1270.5698,378.08456,8.775086,25.926386
1267.856,375.37073,8.775086,25.926386
1270.4374,374.775,8.775086,25.926386
1271.6951,374.97357,8.775086,25.926386
1273.0009,377.483,8.587955,25.373497
1274.4036,379.93887,8.404815,24.8324
1257.4762,390.90677,8.404815,24.8324
1261.7821,392.33258,8.225579,24.302841
1270.7788,394.87646,8.225579,24.302841
1274.3154,395.0626,8.225579,24.302841
1257.1656,395.2444,8.40757,24.840542
1264.2848,397.64868,8.228276,24.31081
1273.0469,399.28384,8.052806,23.792376
1271.6343,388.3701,8.230974,24.318783
1264.4811,393.47665,8.055447,23.800177
1259.2374,409.36774,7.8836617,23.292631
1267.3844,410.8544,7.8836617,23.292631
1271.9244,413.61987,8.058087,23.807981
1268.9976,396.5189,8.236373,24.334734
1270.3022,393.22614,8.236373,24.334734
1265.3942,380.3657,8.236373,24.334734
1272.0419,383.03717,8.236373,24.334734
1270.9838,385.66852,8.418603,24.87314
1273.8413,387.3831,8.418603,24.87314
1270.3881,384.27493,8.604864,25.423458
1272.9198,387.11102,8.421363,24.881294
1270.3153,395.8137,8.421363,24.881294
1270.8337,397.24228,8.241775,24.350693
1272.8853,397.67746,8.241775,24.350693
1274.4395,400.3507,8.241775,24.350693
1257.8405,383.75174,8.241775,24.350693
1262.4578,386.38486,8.424124,24.889452
1269.5505,388.94437,8.610508,25.44013
1272.9929,391.8671,8.610508,25.44013
1265.5527,396.1005,8.801016,26.002993
1272.789,398.29126,8.801016,26.002993
1263.03,394.24167,8.801016,26.002993
1258.051,394.7064,8.801016,26.002993
1264.8889,395.83496,8.801016,26.002993
1272.1251,398.6896,8.801016,26.002993
1272.7227,400.61484,8.801016,26.002993
1271.063,405.3283,8.801016,26.002993
1272.3726,406.82132,8.613332,25.448471
1271.6705,406.742,8.803902,26.011518
1270.6744,405.8787,8.803902,26.011518
1271.8033,402.75748,8.803902,26.011518
1271.5771,404.37903,8.616156,25.456816
1272.422,408.9935,8.616156,25.456816
1270.3712,411.74622,8.806788,26.020048
1271.032,412.3543,9.001638,26.595741
1261.9001,417.28458,8.809676,26.02858
1269.0105,420.80655,8.809676,26.02858
1272.1533,423.2074,9.00459,26.604462
1274.2383,425.2386,9.203816,27.193085
1273.4882,425.442,9.407451,27.794731
1274.1268,430.76407,9.407451,27.794731
1273.9492,430.23575,9.61559,28.409689
1273.5865,442.49353,9.61559,28.409689
1275.3998,445.1772,9.61559,28.409689
1274.6161,447.04517,9.828335,29.038254
1274.5066,450.42743,9.618743,28.419004
1274.0238,443.1124,9.831557,29.047775
1275.377,443.63742,10.049081,29.690456
1274.9979,447.65488,10.049081,29.690456
1272.2557,460.17267,9.834782,29.057299
1274.2587,443.1844,9.834782,29.057299
1275.0071,445.1388,9.6250515,28.437643
1274.072,443.393,9.838006,29.066826
1257.8203,455.93433,9.838006,29.066826
1263.7189,457.74634,9.628207,28.446966
1268.9316,457.13965,9.422883,27.840326
1274.4047,455.50485,9.422883,27.840326
1257.7014,472.35025,9.422883,27.840326
1262.7479,475.4066,9.422883,27.840326
1269.7847,478.60507,9.422883,27.840326
1275.8263,480.38202,9.422883,27.840326
1275.471,483.0119,9.422883,27.840326
1275.1156,483.22513,9.422883,27.840326
1275.675,482.40094,9.631364,28.456293
1275.7076,485.43533,9.425972,27.849455
1257.5105,476.0694,9.22496,27.255556
1260.5027,477.3915,9.22496,27.255556
1267.9482,480.38364,9.22496,27.255556
1273.4791,479.53406,9.028235,26.674324
1275.1816,476.6057,9.028235,26.674324
1275.6583,473.26877,9.028235,26.674324
1272.8662,457.40128,9.028235,26.674324
1274.5687,458.0142,9.028235,26.674324
1274.3644,457.67368,9.028235,26.674324
1274.0239,458.4228,9.028235,26.674324
1268.2354,468.5698,9.028235,26.674324
1273.4346,472.30203,9.227985,27.264494
1275.3445,475.88022,9.031196,26.683071
1275.0326,476.50385,9.23101,27.273434
1274.8237,480.89056,9.23101,27.273434
1275.5897,478.73203,9.23101,27.273434
1275.9933,478.2136,9.435246,27.876858
1275.3528,487.67932,9.435246,27.876858
1274.57,488.0352,9.435246,27.876858
1255.5673,475.72263,9.435246,27.876858
1264.4636,477.5019,9.435246,27.876858
1271.9043,479.1025,9.234037,27.282375
1273.4644,481.76355,9.43834,27.885998
1274.7314,483.91364,9.237064,27.29132
1274.383,479.106,9.237064,27.29132
1275.0101,481.9627,9.237064,27.29132
1261.4233,467.26108,9.237064,27.29132
1266.7883,469.97845,9.237064,27.29132
1272.1533,472.69583,9.237064,27.29132
1265.2003,471.84512,9.040081,26.709326
1269.9631,474.6932,8.847299,26.139742
1273.6337,479.43146,8.847299,26.139742
1274.9899,478.51917,9.043045,26.718084
1273.8302,471.4933,9.043045,26.718084
1274.9899,472.1072,9.043045,26.718084
1275.8096,473.90427,8.8502,26.148314
1275.8763,474.5051,8.8502,26.148314
1276.2925,475.87778,8.661467,25.590693
1275.451,478.78055,8.853102,26.156887
1275.4224,479.2533,9.048977,26.73561
1276.6373,480.6568,8.856005,26.165464
1276.0542,479.8822,9.051944,26.744375
1275.3031,480.9064,9.051944,26.744375
1274.9617,480.42844,9.051944,26.744375
1274.466,481.96402,8.858909,26.174044
1273.8826,481.18915,9.054912,26.753145
1274.3607,482.0771,9.054912,26.753145
1275.2487,481.73557,9.054912,26.753145
1274.3689,483.49466,9.255252,27.345058
1275.4161,484.96072,9.255252,27.345058
1274.6482,486.56644,9.255252,27.345058
1274.5784,487.33438,9.255252,27.345058
1274.3689,488.24194,9.255252,27.345058
1269.1329,487.474,9.255252,27.345058
1265.4816,487.96823,9.460024,27.950068
1266.4766,489.57306,9.258286,27.354023
1266.0118,490.93692,9.463126,27.95923
1266.4255,492.03473,9.672498,28.577827
1268.8333,493.27505,9.672498,28.577827
1268.7603,493.78577,9.672498,28.577827
1270.0916,494.3023,9.886501,29.210112
1271.4523,495.13974,10.10524,29.856386
1270.3124,493.30685,10.328818,30.516958
1271.4811,491.82654,10.328818,30.516958
1255.0419,493.15103,10.328818,30.516958
1259.6387,495.09882,10.328818,30.516958
1263.0002,498.39868,10.5573435,31.192146
1266.4246,499.7525,10.5573435,31.192146
1270.3267,501.5841,10.5573435,31.192146
1272.4768,505.32697,10.5573435,31.192146
1256.7887,513.0516,10.5573435,31.192146
1259.8944,515.0424,10.5573435,31.192146
1264.2743,517.82965,10.5573435,31.192146
1268.0171,519.8205,10.5573435,31.192146
1271.5837,522.2255,10.332205,30.526964
1273.5321,526.04443,10.332205,30.526964
1272.8307,527.99286,10.332205,30.526964
1272.1504,530.00006,10.560805,31.202374
1268.3145,519.81976,10.794463,31.892727
1268.9553,520.5651,11.033291,32.598354
1267.5405,528.8044,11.033291,32.598354
1270.4534,531.8837,11.033291,32.598354
1272.5339,536.2947,11.033291,32.598354
1267.7902,540.5392,11.033291,32.598354
1268.3727,544.2843,11.033291,32.598354
1271.6187,523.3744,10.798002,31.903185
1272.7545,527.87537,10.567732,31.22284
1272.5154,531.1437,10.567732,31.22284
1264.8726,519.63336,10.801543,31.913645
1267.7242,521.5073,10.801543,31.913645
1269.2723,523.05536,10.801543,31.913645
1267.5613,522.3221,10.801543,31.913645
1268.4575,523.54425,10.801543,31.913645
1269.0278,525.4182,10.801543,31.913645
1270.413,525.9885,10.801543,31.913645
1269.1908,525.0923,10.801543,31.913645
1270.413,525.17377,10.801543,31.913645
1269.6797,526.39594,10.801543,31.913645
1271.2278,527.944,10.801543,31.913645
1270.3475,528.35175,11.040527,32.619736
1268.099,509.11414,11.040527,32.619736
1269.1816,509.86365,11.040527,32.619736
1270.7639,511.77905,11.040527,32.619736
1266.6273,511.40445,10.805085,31.92411
1265.5677,512.138,10.805085,31.92411
1267.3326,515.385,10.574663,31.243319
1268.7524,517.6402,10.349155,30.577045
1271.4847,519.1234,10.349155,30.577045
1273.0247,521.18005,10.128456,29.92498
1272.6748,522.1965,10.352549,30.58707
1268.8484,501.50253,10.352549,30.58707
1269.6251,499.62482,10.581598,31.26381
1268.4315,496.54617,10.815716,31.95552
1268.9044,496.7852,11.055014,32.662537
1269.6549,498.8699,11.055014,32.662537
1267.3698,494.61536,11.299605,33.385197
1266.2617,496.06436,11.299605,33.385197
1266.402,496.13718,11.549609,34.123844
1267.2809,498.4323,11.30331,33.39614
1266.7135,498.5052,11.553396,34.13503
1263.1404,502.42688,11.553396,34.13503
1264.0072,505.75635,11.809015,34.890266
1265.3434,506.20172,11.809015,34.890266
1266.145,508.6068,11.809015,34.890266
1267.4812,512.61523,11.809015,34.890266
1266.1492,511.02783,12.07029,35.662212
1265.5118,512.75775,12.07029,35.662212
1267.2417,516.6728,12.07029,35.662212
1268.7896,518.7669,12.07029,35.662212
1267.4238,520.1326,12.07029,35.662212
1268.5178,523.0578,11.812887,34.901707
1269.9589,524.2433,12.074247,35.67391
1271.6893,525.7916,12.074247,35.67391
1261.762,510.76395,12.074247,35.67391
1262.1008,510.2748,12.34139,36.463192
1264.572,512.86554,12.614443,37.26994
1268.6636,514.6734,12.614443,37.26994
1266.8458,518.7035,12.8935375,38.094536
1268.015,521.0065,13.178807,38.937378
1266.9215,528.0645,13.178807,38.937378
1268.8103,531.5438,13.178807,38.937378
1270.3014,532.2397,13.178807,38.937378
1264.6351,530.9474,13.178807,38.937378
1264.7345,533.23376,13.178807,38.937378
1265.2316,532.93555,13.178807,38.937378
1250.2208,506.39337,13.178807,38.937378
1252.5651,510.1621,12.897765,38.107025
1255.797,514.4131,12.622717,37.29438
1259.5104,515.8413,12.622717,37.29438
1263.795,517.8408,12.622717,37.29438
1265.3063,523.46954,12.353534,36.499065
1268.5815,525.92444,12.090091,35.72071
1269.22,529.8459,12.090091,35.72071
1269.1288,533.76733,12.090091,35.72071
1270.8616,538.0536,12.090091,35.72071
1268.3624,528.48065,12.357584,36.511032
1265.808,521.7906,12.630996,37.31884
1264.3833,520.8835,12.910457,38.14452
1264.5436,519.7542,13.1961,38.98847
1265.327,521.07855,13.488064,39.85109
1264.6149,526.4709,13.488064,39.85109
1266.3445,530.03186,13.488064,39.85109
1265.2452,531.8077,13.786488,40.732796
1266.5972,535.44745,13.786488,40.732796
1267.5331,536.5914,13.786488,40.732796
1268.261,538.15125,13.786488,40.732796
1266.4932,538.8792,13.786488,40.732796
1267.7432,543.06793,14.091514,41.63401
1266.9991,544.44977,14.091514,41.63401
1268.4813,546.2256,13.791008,40.74615
1269.6256,550.49066,13.791008,40.74615
1268.8704,554.635,13.496911,39.877228
1268.1577,555.14404,13.496911,39.877228
1269.074,557.0784,13.496911,39.877228
1269.1758,560.84534,13.496911,39.877228
1269.4812,561.9652,13.496911,39.877228
1268.742,564.4511,13.209085,39.026833
1270.1311,568.80475,12.927398,38.194572
1269.6111,571.5617,12.651717,37.380062
1270.022,574.07587,12.381915,36.58292
1271.1442,579.05707,12.117867,35.80278
1269.7773,580.27313,12.385975,36.594917
1270.3597,583.635,12.1218405,35.814518
1270.7,585.4207,12.390037,36.606915
1270.4196,587.1964,12.390037,36.606915
1269.4099,587.08234,12.664166,37.416843
1268.3778,589.34436,12.944361,38.24469
1268.9865,593.9872,12.668319,37.42911
1270.1346,595.58356,12.398163,36.630924
1269.8541,596.42523,12.398163,36.630924
1269.3553,603.57635,12.133768,35.84976
1270.2656,607.64276,12.402227,36.642933
1269.4491,608.6933,12.676627,37.45366
1267.8235,608.78894,12.676627,37.45366
1268.7745,613.0373,12.957098,38.282322
1269.6542,618.02185,12.957098,38.282322
1261.7375,591.9262,12.957098,38.282322
1262.6172,595.5425,12.957098,38.282322
1263.8878,597.595,12.957098,38.282322
1264.9629,601.9931,12.957098,38.282322
1265.6471,606.97766,12.957098,38.282322
1266.5267,610.78937,12.957098,38.282322
1267.2109,612.84186,12.957098,38.282322
1268.677,616.65356,12.957098,38.282322
1266.8201,620.26984,12.957098,38.282322
1268.0907,626.0363,12.957098,38.282322
1267.7975,631.6073,12.957098,38.282322
1269.2635,635.0281,12.957098,38.282322
1269.3613,639.6217,12.957098,38.282322
1270.4364,644.01984,12.957098,38.282322
1268.2195,635.2903,12.680784,37.46594
1269.3693,635.5705,12.961347,38.294872
1268.4708,642.6695,12.684942,37.47822
1269.1406,647.1666,12.684942,37.47822
1268.504,653.40326,12.965596,38.307426
1267.6238,658.5867,12.965596,38.307426
1262.1025,638.3765,13.2524605,39.15498
1263.7191,642.1957,13.545671,40.021282
1265.3713,645.8872,13.845369,40.906754
1266.9379,650.1691,13.845369,40.906754
1268.9221,655.4954,13.845369,40.906754
1269.0266,658.5241,13.845369,40.906754
1245.1106,666.148,13.845369,40.906754
1245.6328,669.5944,13.845369,40.906754
1247.105,674.0178,14.151698,41.811817
1248.2792,681.1699,14.151698,41.811817
1249.6669,682.7711,14.151698,41.811817
1251.9086,687.36127,14.151698,41.811817
1253.2963,688.53546,14.151698,41.811817
1256.8425,693.4055,13.849909,40.920166
1262.5884,682.0182,13.849909,40.920166
1263.1107,683.7942,13.849909,40.920166
1263.2152,686.40594,13.849909,40.920166
1263.5286,691.1071,13.849909,40.920166
1262.1704,692.8831,13.849909,40.920166
1260.6034,694.2412,13.849909,40.920166
1259.0411,693.2466,14.156338,41.825523
1254.4495,690.7906,14.156338,41.825523
1255.1969,692.39233,14.156338,41.825523
1255.3037,693.9941,14.156338,41.825523
1257.119,689.8296,14.156338,41.825523
1258.181,691.91504,14.469546,42.75091
1260.3989,693.3671,14.789685,43.696777
1266.981,663.5806,14.789685,43.696777
1268.2081,661.9072,14.789685,43.696777
1265.8654,663.5806,14.789685,43.696777
1267.5387,659.8992,14.789685,43.696777
1266.981,662.6882,14.789685,43.696777
1266.8694,651.8669,14.789685,43.696777
1265.8654,649.301,14.789685,43.696777
1267.3157,654.0981,14.789685,43.696777
1267.796,663.70386,14.474291,42.76493
1266.1583,660.97437,14.474291,42.76493
1266.9226,663.92224,14.474291,42.76493
1266.3403,667.6405,14.165623,41.852955
1267.6248,667.06665,14.479037,42.77895
1268.9371,678.78656,14.170267,41.866676
1267.3339,682.7414,14.170267,41.866676
1266.3516,687.4118,13.868082,40.973858
1267.0037,692.3859,13.572341,40.10008
1268.4312,696.0698,13.282907,39.244934
1264.1228,697.37244,13.282907,39.244934
1266.5746,683.1127,13.576791,40.113228
1265.4362,684.8236,13.287262,39.2578
1263.9374,685.9491,13.581243,40.12638
1263.835,690.5591,13.581243,40.12638
1263.6836,693.4555,13.291618,39.270676
1268.9973,688.3422,13.291618,39.270676
1267.4934,690.04663,13.291618,39.270676
1266.2021,690.13226,13.585695,40.139538
1267.9443,694.7438,13.585695,40.139538
1270.0964,693.8215,13.585695,40.139538
1271.1302,695.9286,13.295977,39.28355
1265.6141,695.02594,13.295977,39.28355
1265.7145,694.92566,13.295977,39.28355
1266.6171,694.023,13.295977,39.28355
1268.0155,696.6652,13.012436,38.445816
1264.9728,696.3708,13.012436,38.445816
1266.56,695.029,13.300336,39.29643
1264.227,685.74677,13.594605,40.165863
1263.3042,694.0529,13.594605,40.165863
1254.3828,687.79767,13.594605,40.165863
1255.5109,692.8224,13.594605,40.165863
1259.1,696.0013,13.594605,40.165863
1263.3118,690.76935,13.895386,41.05453
1263.6262,694.8571,13.895386,41.05453
1263.102,694.54266,13.895386,41.05453
1262.1587,694.2282,13.895386,41.05453
1266.6658,693.91376,13.895386,41.05453
1264.2549,692.7608,13.895386,41.05453
1262.8923,694.333,13.895386,41.05453
1259.6431,693.18005,13.895386,41.05453
1260.5864,694.75226,13.895386,41.05453
1262.7876,693.80896,13.895386,41.05453
1262.2634,695.1716,13.895386,41.05453
1261.3201,695.486,13.895386,41.05453
1261.7101,694.7056,14.202821,41.962864
1262.0315,695.45557,14.202821,41.962864
1261.0673,694.7056,14.202821,41.962864
1261.7351,694.6368,13.899941,41.067993
1261.4205,693.6931,13.899941,41.067993
1261.7351,694.84644,13.899941,41.067993
1263.0981,694.53186,13.899941,41.067993
1261.7351,694.6367,13.899941,41.067993
1260.5818,694.53186,13.899941,41.067993
1259.2141,696.2835,13.603521,40.192207
1257.2645,695.77045,13.603521,40.192207
1258.5985,694.23126,13.603521,40.192207
1253.8702,693.2544,13.904499,41.08146
1253.9751,695.87646,13.904499,41.08146
1255.2355,695.00024,13.607982,40.205383
1229.1625,694.7364,13.317787,39.347992
1229.9823,686.3448,13.033781,38.508884
1231.1636,687.7978,12.755832,37.68767
1233.618,693.3003,12.483809,36.883972
1232.9589,686.6145,12.483809,36.883972
1234.183,686.1437,12.483809,36.883972
1235.9722,690.1929,12.483809,36.883972
1236.0663,693.48865,12.483809,36.883972
1231.4521,694.52454,12.483809,36.883972
1223.448,696.50195,12.483809,36.883972
1224.9426,687.3652,12.217588,36.097412
1224.6288,689.7931,11.957045,35.327625
1227.2773,693.38635,11.702057,34.574253
1221.1914,687.2039,11.452507,33.83695
1223.7281,693.4765,11.208279,33.115364
1222.9673,689.16473,11.208279,33.115364
1223.8973,686.37476,11.208279,33.115364
1223.1593,686.447,11.456262,33.84804
1224.974,688.2617,11.456262,33.84804
1227.3451,694.2032,11.211953,33.12622
1228.7828,694.96436,11.211953,33.12622
1230.2881,695.236,10.972855,32.419792
1221.7628,694.6566,10.972855,32.419792
1223.3354,695.5671,10.972855,32.419792
1219.6108,691.0148,10.972855,32.419792
1219.0099,695.11005,10.738855,31.72843
1220.387,695.67706,10.738855,31.72843
1225.6522,687.81964,10.738855,31.72843
1225.3763,688.54834,10.509846,31.051811
1224.6628,680.3828,10.509846,31.051811
1226.1691,680.62067,10.509846,31.051811
1227.8339,683.2368,10.509846,31.051811
1229.6572,687.2799,10.509846,31.051811
1232.5905,690.21313,10.509846,31.051811
1235.8353,696.1222,10.28572,30.389622
1238.5623,695.9227,10.066374,29.741554
1240.1569,697.5173,10.066374,29.741554
1242.6626,694.8597,10.066374,29.741554
1246.0795,692.8095,10.066374,29.741554
1245.8517,679.2178,10.066374,29.741554
1248.5093,680.9642,10.066374,29.741554
1251.4706,687.41833,10.066374,29.741554
1253.5208,689.16473,10.066374,29.741554
1255.4191,689.84814,10.066374,29.741554
1255.6469,692.6576,10.066374,29.741554
1257.3933,696.68195,10.066374,29.741554
1256.71,697.21344,10.066374,29.741554
1254.3141,676.00806,10.289092,30.399586
1256.5648,678.7245,10.289092,30.399586
1260.0745,686.5209,10.516738,31.072176
1263.9615,689.932,10.516738,31.072176
1267.5145,695.6921,10.292465,30.409552
1270.6976,694.99335,10.292465,30.409552
1272.0175,691.81024,10.292465,30.409552
1271.3187,692.509,10.292465,30.409552
1270.0067,696.4999,10.072975,29.761059
1269.4749,695.66406,10.072975,29.761059
1271.2667,695.0294,9.858166,29.126396
1272.0168,693.97815,9.647938,28.505266
1274.0137,694.212,9.442193,27.897383
1271.5209,694.85297,9.442193,27.897383
1270.308,696.98285,9.651101,28.514612
1267.6144,698.366,9.651101,28.514612
1271.2085,678.0354,9.864632,29.145498
1272.027,680.7886,9.864632,29.145498
1274.1566,689.80743,10.082887,29.790342
1274.689,692.7736,10.082887,29.790342
1273.3939,693.78546,10.30597,30.449453
1272.2314,671.914,10.53399,31.123148
1269.2915,673.1059,10.53399,31.123148
1270.5764,674.9874,10.767055,31.811749
1256.8508,687.73846,10.767055,31.811749
1259.531,690.74347,10.767055,31.811749
1262.5295,693.8463,11.005276,32.515583
1264.4873,695.5533,10.770585,31.822178
1263.4409,694.7798,11.008884,32.526245
1266.8398,694.08606,10.7741165,31.832613
1267.6597,695.75714,10.544355,31.153772
1269.382,695.3994,10.319494,30.489408
1266.5018,695.3216,10.319494,30.489408
1266.891,696.17786,10.319494,30.489408
1269.7771,695.5276,10.099428,29.839212
1270.9862,697.5346,9.884055,29.202883
1261.5339,697.7742,9.673275,28.580122
1258.9801,697.2634,9.673275,28.580122
1260.1602,696.41736,9.887297,29.212458
1259.7623,698.09467,9.676447,28.589493
1256.3318,692.91235,9.676447,28.589493
1259.1787,696.6644,9.470094,27.979813
1261.8162,695.5397,9.67962,28.598866
1265.978,696.78094,9.67962,28.598866
1268.8259,698.1415,9.473199,27.988987
1269.96,699.74854,9.27118,27.392113
1273.2468,695.2029,9.27118,27.392113
1272.6364,692.3604,9.476305,27.998163
1272.6686,695.6215,9.2742195,27.401094
1269.8004,697.3704,9.2742195,27.401094
1266.6523,699.2592,9.2742195,27.401094
1266.1626,699.1893,9.2742195,27.401094
1267.5426,695.09863,9.076444,26.816757
1268.2957,696.5364,9.076444,26.816757
1269.5143,699.9238,8.882886,26.244883
1270.3195,701.0433,8.693456,25.685202
1270.2225,700.4955,8.508065,25.137457
1268.6431,697.60876,8.326628,24.601393
1269.2084,698.8021,8.326628,24.601393
1270.5273,700.3723,8.326628,24.601393
1271.282,700.2109,8.14906,24.076761
1272.276,699.243,8.329358,24.609459
1273.3944,697.74927,8.151732,24.084654
1274.006,697.2914,8.332089,24.617527
1273.4574,696.693,8.516437,25.16219
1273.0077,697.7851,8.516437,25.16219
1273.2004,698.8772,8.516437,25.16219
1274.0355,698.17053,8.516437,25.16219
1273.8428,697.3354,8.516437,25.16219
1273.2646,696.1148,8.516437,25.16219
1272.301,695.0227,8.516437,25.16219
1272.94,694.67773,8.704863,25.718903
1273.8555,697.04047,8.519229,25.170439
1272.6345,698.0044,8.519229,25.170439
1272.0562,697.8116,8.519229,25.170439
1272.6953,696.3997,8.707717,25.727335
1271.8494,697.1373,8.900375,26.296553
1271.6206,698.259,8.710572,25.735771
1269.1384,699.2695,8.903294,26.305176
1271.7576,695.7101,8.903294,26.305176
1268.7355,698.46356,8.903294,26.305176
1270.0115,697.99347,8.903294,26.305176
1264.8265,699.4444,9.100279,26.887178
1259.8156,697.8656,9.100279,26.887178
1254.9418,693.6783,9.100279,26.887178
1249.7935,690.1774,9.100279,26.887178
1244.7959,685.36957,8.906213,26.3138
1247.6847,693.364,8.906213,26.3138
1244.9954,693.4503,8.716285,25.752651
1237.9603,685.10034,8.716285,25.752651
1245.341,702.29504,8.530407,25.203468
1242.3167,699.2708,8.530407,25.203468
1235.6891,694.1875,8.530407,25.203468
1242.1682,701.4645,8.348494,24.665997
1238.4528,698.3788,8.348494,24.665997
1234.6113,695.0412,8.348494,24.665997
1231.4481,691.1749,8.533204,25.211731
1225.6774,685.3532,8.722001,25.76954
1222.0588,681.8663,8.722001,25.76954
1218.5374,677.1314,8.536002,25.219997
1215.3823,676.1656,8.536002,25.219997
1210.682,669.5336,8.536002,25.219997
1208.3525,664.40326,8.35397,24.682173
1205.2225,660.59705,8.175818,24.155819
1202.324,655.6017,8.175818,24.155819
1199.9941,651.6874,8.356709,24.690266
1183.1637,638.26086,8.356709,24.690266
1178.0885,634.0889,8.178499,24.163738
1173.4617,630.8193,8.178499,24.163738
1170.4388,628.04315,8.178499,24.163738
1167.0458,623.5397,8.178499,24.163738
1163.7761,620.5168,8.178499,24.163738
1161.1895,615.57715,8.359448,24.69836
1146.6235,626.35974,8.359448,24.69836
1142.9032,622.135,8.359448,24.69836
1141.3268,620.05414,8.359448,24.69836
1138.111,615.9555,8.359448,24.69836
1135.2734,610.59576,8.359448,24.69836
1133.5709,606.37103,8.359448,24.69836
1130.6073,602.02014,8.359448,24.69836
1127.8959,598.80426,8.359448,24.69836
1126.3195,594.5795,8.359448,24.69836
1123.3558,589.3459,8.359448,24.69836
1120.6444,585.7517,8.359448,24.69836
1118.5636,582.15753,8.359448,24.69836
1117.3655,577.55444,8.359448,24.69836
1114.7802,574.5908,8.359448,24.69836
1112.9213,567.7101,8.544401,25.244812
1110.021,563.26294,8.544401,25.244812
1107.5074,558.6869,8.544401,25.244812
1105.0515,554.5455,8.362189,24.706459
1103.864,551.70825,8.183863,24.179586
1101.1548,545.8375,8.009339,23.66395
1098.2703,541.9554,7.8385377,23.15931
1094.3087,535.9836,7.8385377,23.15931
1091.175,531.31256,7.8385377,23.15931
1087.3318,527.2328,7.8385377,23.15931
1082.6608,521.1427,7.8385377,23.15931
1076.8744,515.63367,7.6713786,22.66543
1073.6918,512.7982,7.6713786,22.66543
1069.2361,506.60657,7.6713786,22.66543
1064.7804,502.61383,7.6713786,22.66543
1058.473,496.07498,7.6713786,22.66543
1057.3735,491.50357,7.6713786,22.66543
1053.1493,487.0479,7.6713786,22.66543
1044.5272,480.27762,7.6713786,22.66543
1041.9232,476.7478,7.6713786,22.66543
1037.5833,470.32468,7.6713786,22.66543
1031.2759,465.63754,7.6713786,22.66543
1025.5471,460.9504,7.6713786,22.66543
1020.62854,456.0318,7.6713786,22.66543
1014.66833,451.1132,7.6713786,22.66543
1008.01373,445.38446,7.6713786,22.66543
1003.46625,441.44305,7.5077844,22.182083
997.4066,435.4967,7.5077844,22.182083
991.46027,431.13605,7.5077844,22.182083
986.9863,427.6815,7.5077844,22.182083
979.69745,421.7499,7.3476787,21.709044
973.57837,417.08206,7.5102463,22.189356
969.10297,413.05988,7.5102463,22.189356
963.26794,408.8111,7.5102463,22.189356
957.093,404.33572,7.5102463,22.189356
950.3684,399.2119,7.6764107,22.680296
946.48883,396.143,7.6764107,22.680296
942.3849,392.31064,7.512709,22.196632
938.3614,389.6472,7.512709,22.196632
935.1312,387.09708,7.512709,22.196632
929.2943,395.20074,7.512709,22.196632
925.1575,391.63058,7.512709,22.196632
919.4339,387.0404,7.512709,22.196632
915.5267,383.94522,7.3524985,21.723282
910.0991,380.7022,7.1957045,21.260027
904.2914,375.3287,7.1957045,21.260027
901.8046,373.09653,7.042254,20.80665
894.4209,368.5813,7.042254,20.80665
888.84326,364.27856,7.042254,20.80665
884.9759,360.9676,6.892076,20.362942
882.5325,358.0043,6.892076,20.362942
889.3706,360.77695,6.7451005,19.928696
896.03577,363.88055,6.7451005,19.928696
892.62585,361.78818,6.601259,19.50371
890.6839,358.15323,6.601259,19.50371
893.34894,358.91904,6.747312,19.93523
894.35297,356.3354,6.6034236,19.510105
894.0873,356.11133,6.4626036,19.094046
890.9142,353.26086,6.3247867,18.68686
893.23486,359.8519,6.1899085,18.288357
886.95544,355.32153,6.0579066,17.898352
881.2503,351.85675,5.92872,17.516665
876.70135,347.60376,5.802288,17.143116
871.1525,344.45392,5.6785526,16.777534
865.47437,341.28867,5.557456,16.419748
857.4122,337.2212,5.4389415,16.069592
853.2685,334.14423,5.4389415,16.069592
848.22534,331.03345,5.322954,15.726903
844.29596,327.989,5.2094407,15.391522
838.8339,324.17737,5.2094407,15.391522
832.7916,321.12213,5.0983477,15.063293
829.17633,317.3907,4.989624,14.742064
825.4205,315.04477,4.883219,14.427686
820.6796,312.46487,4.779083,14.120011
816.9433,309.5925,4.6771674,13.818898
812.47046,305.96527,4.5774255,13.524206
808.98315,303.79,4.5774255,13.524206
805.49585,300.85513,4.5774255,13.524206
802.8372,298.19647,4.5774255,13.524206
799.3499,295.745,4.5774255,13.524206
795.44824,291.98145,4.5774255,13.524206
792.44434,289.59903,4.5774255,13.524206
789.7857,286.94037,4.5774255,13.524206
786.91986,284.55795,4.5774255,13.524206
783.43256,281.96835,4.5774255,13.524206
780.1524,279.4478,4.5774255,13.524206
776.6651,276.65106,4.5774255,13.524206
774.2136,274.1996,4.5774255,13.524206
771.1406,272.50772,4.5774255,13.524206
767.6533,269.50378,4.5774255,13.524206
763.1302,266.70703,4.5774255,13.524206
759.5738,264.32462,4.5774255,13.524206
756.5699,261.87314,4.5774255,13.524206
752.5992,260.3194,4.5774255,13.524206
748.9047,257.52264,4.5774255,13.524206
742.3099,254.79497,4.5774255,13.524206
738.7535,252.89592,4.5774255,13.524206
733.6088,250.37538,4.5774255,13.524206
729.43097,247.99295,4.5774255,13.524206
724.56256,246.4392,4.5774255,13.524206
716.9319,243.08998,4.5774255,13.524206
719.60974,252.11992,4.4798107,13.235799
714.70996,249.85588,4.4798107,13.235799
708.79645,248.53801,4.4798107,13.235799
701.2554,245.38954,4.3842773,12.953542
702.1483,247.67143,4.3842773,12.953542
704.33075,246.0564,4.2907815,12.677303
707.7291,249.64899,4.2907815,12.677303
708.08514,255.1188,4.2907815,12.677303
712.7791,252.53993,4.1992793,12.406956
715.0002,250.85812,4.292188,12.681459
708.5573,249.01265,4.292188,12.681459
701.79065,246.58443,4.292188,12.681459
695.21826,245.32175,4.292188,12.681459
687.67456,243.34679,4.292188,12.681459
679.0301,240.7243,4.292188,12.681459
670.3856,237.90756,4.292188,12.681459
664.7845,236.45062,4.292188,12.681459
657.8883,234.86418,4.292188,12.681459
650.2151,232.30646,4.292188,12.681459
641.199,230.38588,4.3871527,12.962037
635.2754,228.83052,4.3871527,12.962037
629.41797,228.33414,4.3871527,12.962037
620.64844,225.58745,4.3871527,12.962037
614.98956,224.29683,4.3871527,12.962037
606.52,222.9997,4.2935953,12.685617
600.2289,221.54291,4.202033,12.415092
594.80884,219.7996,4.202033,12.415092
587.6138,218.18309,4.202033,12.415092
582.1303,217.64426,4.202033,12.415092
574.5549,215.14024,4.202033,12.415092
575.59357,206.22263,4.295003,12.689776
574.9132,197.57248,4.295003,12.689776
568.6825,195.30334,4.2034106,12.419163
563.32404,193.93996,4.2034106,12.419163
556.8876,192.76682,4.2034106,12.419163
551.951,192.44083,4.1137714,12.154321
546.6448,190.11354,4.1137714,12.154321
542.2074,189.7722,4.1137714,12.154321
538.01825,188.25171,4.1137714,12.154321
531.5949,186.85533,4.1137714,12.154321
528.33673,185.76926,4.1137714,12.154321
525.2647,184.37288,4.1137714,12.154321
522.1306,183.90742,4.1137714,12.154321
518.62415,182.44899,4.1137714,12.154321
513.6732,181.2327,4.026044,11.895126
509.33044,179.68387,4.026044,11.895126
504.19812,179.1676,4.026044,11.895126
500.8453,177.93326,4.11512,12.158306
495.6615,176.72267,4.11512,12.158306
488.4911,175.26376,4.11512,12.158306
483.30728,174.98439,4.11512,12.158306
480.03018,174.00703,4.027364,11.899027
471.9798,173.42984,4.027364,11.899027
468.79004,172.30583,4.027364,11.899027
460.73965,171.18182,4.027364,11.899027
453.72217,170.24008,4.027364,11.899027
447.61603,169.72365,4.027364,11.899027
440.8951,169.41132,3.941479,11.645276
434.08673,169.2032,3.941479,11.645276
437.0301,170.95732,3.941479,11.645276
430.34064,170.51135,3.941479,11.645276
422.46194,170.54108,3.941479,11.645276
419.57803,171.34381,3.941479,11.645276
425.49448,166.73552,3.941479,11.645276
427.9723,163.90808,3.8574257,11.396937
419.86942,163.20842,3.9427712,11.649095
412.88037,155.26765,3.9427712,11.649095
404.5982,152.7629,4.030005,11.906831
400.79837,144.64644,4.030005,11.906831
401.22223,145.21289,3.944064,11.652914
408.92053,139.91754,3.8599555,11.404412
409.35727,140.47075,3.8599555,11.404412
408.1969,140.73729,3.945357,11.656734
408.72662,137.44814,3.861221,11.408151
406.60046,136.72,3.861221,11.408151
405.19794,135.83835,3.9466505,11.660556
399.1282,128.3014,3.862487,11.411891
407.15625,120.104385,3.9479446,11.664379
398.86322,119.94445,4.035293,11.922454
407.1873,118.26514,4.124574,12.186238
408.71176,113.06943,4.124574,12.186238
410.17404,110.73602,4.124574,12.186238
403.8583,110.08267,4.124574,12.186238
396.79526,109.70282,4.0366163,11.926363
396.3994,110.89031,4.0366163,11.926363
396.97794,110.61627,4.0366163,11.926363
405.36792,117.1499,4.1259265,12.190234
400.04602,117.927956,4.1259265,12.190234
391.79865,117.27439,4.1259265,12.190234
383.489,110.27189,4.1259265,12.190234
377.04672,109.80505,4.1259265,12.190234
369.08142,116.86442,4.03794,11.930274
363.99484,117.38221,4.03794,11.930274
357.08075,116.01157,4.03794,11.930274
350.16666,109.03657,4.03794,11.930274
344.83643,107.787766,4.03794,11.930274
341.85565,108.06176,3.9518297,11.675858
336.57947,107.853096,3.9518297,11.675858
333.48987,107.94886,3.8675556,11.426867
325.7006,113.87104,3.8675556,11.426867
322.95807,114.414665,3.7850788,11.183186
319.62817,114.02435,3.8688235,11.4306135
315.31628,113.5043,3.9544213,11.683516
311.11047,105.540085,3.9544213,11.683516
303.47626,112.42101,3.8700922,11.434361
299.49393,112.23342,3.7875612,11.19052
294.4942,113.46193,3.7875612,11.19052
286.9232,111.89059,3.7875612,11.19052
279.6662,112.3679,3.7067902,10.9518795
272.25662,112.78731,3.7067902,10.9518795
265.5725,104.92071,3.7888029,11.19419
257.999,105.00645,3.7888029,11.19419
252.14026,105.320816,3.7888029,11.19419
260.01517,101.075485,3.8726301,11.441861
251.88034,101.94904,3.958312,11.695012
243.56554,101.23109,4.04589,11.953764
235.4171,101.50575,4.04589,11.953764
226.98166,102.10176,4.135405,12.218241
218.71532,102.38251,4.135405,12.218241
219.81174,102.121925,4.0472164,11.957683
218.56007,100.62603,4.0472164,11.957683
218.40742,100.961845,4.0472164,11.957683
218.64772,100.86124,4.136761,12.222246
221.05043,99.70669,4.136761,12.222246
220.58237,102.10939,4.136761,12.222246
220.24522,96.56771,4.228287,12.492663
221.61668,96.85476,4.228287,12.492663
225.0444,95.359856,4.321838,12.769064
222.795,94.93606,4.321838,12.769064
222.632,94.25146,4.321838,12.769064
222.21214,93.12935,4.4174585,13.051579
222.88925,92.4664,4.515195,13.340345
223.08665,91.71812,4.6150937,13.635501
215.27034,81.923904,4.7172027,13.937186
211.32071,75.69701,4.7172027,13.937186
207.44225,75.02094,4.7172027,13.937186
203.77727,75.27002,4.7172027,13.937186
200.02069,74.83559,4.6166067,13.639972
197.2169,74.61182,4.518156,13.349095
192.76476,75.115486,4.421805,13.064422
188.99574,74.54847,4.421805,13.064422
185.42686,74.781944,4.421805,13.064422
182.7919,75.08213,4.421805,13.064422
179.39915,74.67491,4.3275084,12.785819
175.51466,73.924126,4.3275084,12.785819
172.38306,74.5324,4.235223,12.513158
168.94873,74.51186,4.1449056,12.246311
165.5408,73.6677,4.1449056,12.246311
162.42078,74.43112,4.0565143,11.985155
157.2496,73.84975,4.0565143,11.985155
153.17998,74.063934,4.0565143,11.985155
149.66113,73.23777,4.0565143,11.985155
145.5915,73.32957,4.0565143,11.985155
141.64429,73.36017,4.0565143,11.985155
134.7596,73.39077,4.0565143,11.985155
130.38399,73.54376,4.0565143,11.985155
125.02923,73.88035,4.0565143,11.985155
118.8789,74.216934,4.0565143,11.985155
114.56449,73.75796,4.0565143,11.985155
106.45585,74.46172,4.0565143,11.985155
101.39687,75.267845,3.970008,11.7295685
94.82941,74.613594,3.8853462,11.479432
89.055824,75.58074,3.8853462,11.479432
83.1064,75.7859,3.8853462,11.479432
75.281296,75.17044,3.8853462,11.479432
68.452644,75.7859,3.8853462,11.479432
61.741226,75.99105,3.8853462,11.479432
54.240383,77.215126,3.80249,11.23463
46.639515,77.64536,3.80249,11.23463
38.98128,77.67404,3.80249,11.23463
31.323051,78.21901,3.80249,11.23463
23.395086,78.36255,3.88662,11.483196
17.267809,79.03684,3.88662,11.483196
11.2578,78.89026,3.88662,11.483196
3.4887636,78.91958,3.88662,11.483196
0.058661103,82.760124,3.88662,11.483196
-0.5569984,83.31715,3.88662,11.483196
-0.11724162,82.34968,3.88662,11.483196
-0.44314694,81.991745,3.8037367,11.238314
-0.75875807,81.50398,3.8037367,11.238314
-0.6726823,80.27023,3.8037367,11.238314
-0.4718389,80.18416,3.8037367,11.238314
-0.2136116,79.00779,3.8037367,11.238314
0.10199952,77.71665,3.8037367,11.238314
-0.7300662,77.11412,3.8037367,11.238314
-1.0456773,77.487114,3.8037367,11.238314
-0.041460037,76.19598,3.8037367,11.238314
0.2741511,76.56897,3.8037367,11.238314
-0.5005308,75.44998,3.8037367,11.238314
-0.24230349,74.44576,3.8037367,11.238314
-0.61529845,73.90062,3.8037367,11.238314
-0.58660656,73.75716,3.8037367,11.238314
-0.84483385,73.154625,3.8037367,11.238314
-0.8161419,72.78163,3.8037367,11.238314
-1.0743692,71.77741,3.8037367,11.238314
-0.414455,71.23227,3.8037367,11.238314
-0.2136116,71.146194,3.8037367,11.238314
-0.12753582,70.71581,3.8037367,11.238314
-0.09884381,69.71159,3.8037367,11.238314
-0.35707116,69.22383,3.8037367,11.238314
-0.2136116,69.08037,3.8037367,11.238314
-0.012768149,68.535225,3.8037367,11.238314
0.07330763,67.473625,3.8037367,11.238314
0.2741511,66.98586,3.8037367,11.238314
-0.44314694,66.78502,3.8037367,11.238314
-0.2996874,66.35464,3.8037367,11.238314
-0.15622771,66.26856,3.8037367,11.238314
-0.070151925,65.7808,3.8037367,11.238314
0.015923738,64.77658,3.8037367,11.238314
0.10199952,64.23144,3.8037367,11.238314
-0.4381947,63.93644,3.722621,10.998653
-0.29779446,63.402916,3.722621,10.998653
-0.49435484,63.374832,3.722621,10.998653
-0.46627474,62.84131,3.722621,10.998653
-0.3820346,61.577705,3.722621,10.998653
-0.18547416,60.98802,3.722621,10.998653
0.0110862255,60.4545,3.722621,10.998653
0.26380682,60.707222,3.722621,10.998653
-0.38203454,59.16282,3.722621,10.998653
-0.18547416,58.629303,3.722621,10.998653
-0.045073867,57.87114,3.722621,10.998653
0.20764661,57.169144,3.722621,10.998653
-1.1121161,56.69178,3.722621,10.998653
-0.7205765,56.511337,3.643235,10.764104
0.29622936,54.670094,3.643235,10.764104
0.8546735,53.210964,3.7238414,11.002259
-0.35316467,53.126698,3.7238414,11.002259
0.011995673,51.862682,3.7238414,11.002259
-0.29698622,50.48631,3.7238414,11.002259
-0.10036135,49.166115,3.7238414,11.002259
-0.6369808,47.499844,3.8062315,11.245685
-0.20631969,47.126602,3.8062315,11.245685
1.0282421,44.226818,3.8062315,11.245685
0.48273802,43.681313,3.8062315,11.245685
0.62629175,41.355743,3.8062315,11.245685
0.36789513,40.236023,3.8062315,11.245685
1.9469857,39.173725,3.8062315,11.245685
0.48273802,38.16885,3.8062315,11.245685
-0.062766075,37.106552,3.8062315,11.245685
0.31047356,34.838406,3.8062315,11.245685
-0.062766075,32.053463,3.8062315,11.245685
-0.6033145,31.149467,3.7250624,11.005867
-0.4066252,29.997429,3.7250624,11.005867
0.97020006,28.50821,3.7250624,11.005867
5.4940543,25.333082,3.7250624,11.005867
4.4544106,25.304983,3.7250624,11.005867
1.5602679,24.883507,3.7250624,11.005867
0.4354235,24.54045,3.6456244,10.771164
-0.08706248,23.467978,3.6456244,10.771164
-0.39275962,24.033417,3.5678804,10.541466
-0.121255875,23.186033,3.4917943,10.316666
-0.09491694,22.211494,3.4917943,10.316666
-0.43732274,21.86909,3.4917943,10.316666
-0.8850843,20.947227,3.4917943,10.316666
-0.78707916,21.242998,3.5690503,10.544922
-0.5673835,20.13585,3.4929392,10.320048
-0.9625967,20.004112,3.4929392,10.320048
-0.6967957,20.342709,3.4184513,10.09997
-0.46472466,20.110638,3.4184513,10.09997
-0.8503256,18.955555,3.4940846,10.323432
-0.6860516,18.836998,3.419572,10.103282
-1.1253018,18.644947,3.4952302,10.3268175
-0.960974,17.81482,3.4206934,10.106595
-0.83196104,17.737411,3.4206934,10.106595
-0.7029481,17.195557,3.4206934,10.106595
-1.039524,16.880531,3.3477461,9.891068
-0.91326225,16.451242,3.3477461,9.891068
-0.78700054,16.628008,3.3477461,9.891068
-0.7112435,15.6431675,3.3477461,9.891068
-0.5849818,14.961355,3.3477461,9.891068
-1.0604177,15.480593,3.2763546,9.680139
-0.9063803,15.65527,3.2064853,9.473706
-0.39845753,14.808731,3.2064853,9.473706
-0.9063803,14.494303,3.2064853,9.473706
-0.7556278,14.338878,3.138106,9.271677
-0.6372728,13.936471,3.138106,9.271677
-0.56625974,13.392037,3.138106,9.271677
-0.4952467,12.989631,3.138106,9.271677
-0.32954967,12.539882,3.138106,9.271677
-0.68395144,12.159618,3.071185,9.073956
-0.13764012,12.189383,3.005691,8.88045
-0.52306736,12.166712,3.005691,8.88045
-0.0016070604,11.327841,3.005691,8.88045
0.40193772,15.946041,2.941594,8.6910715
0.026955605,15.889003,2.8788636,8.505732
0.8304297,14.998666,2.8788636,8.505732
0.3309728,14.282054,2.8788636,8.505732
0.006237328,13.669773,2.9425585,8.693921
5.8881702,11.871899,2.9425585,8.693921
3.646377,11.672136,2.9425585,8.693921
1.3458381,6.052716,2.8798075,8.508521
1.0634439,5.944103,2.8798075,8.508521
0.08592522,5.6617084,2.8798075,8.508521
-0.1555556,5.4383698,2.8183947,8.327074
-0.006739855,4.056509,2.8183947,8.327074
0.22711349,4.0777683,2.8183947,8.327074
-0.47444654,3.1210957,2.8183947,8.327074
-0.1555556,1.0164156,2.8183947,8.327074
0.12081659,1.2077503,2.8183947,8.327074
-0.32563078,0.63374615,2.8183947,8.327074
1.0987487,3.67384,2.8183947,8.327074
0.042778134,4.602759,2.7582915,8.149497
0.2927829,2.4636595,2.69947,7.9757066
-0.09058684,2.8038445,2.641903,7.805622
0.16847849,1.1099558,2.641903,7.805622
0.46740007,0.1733346,2.641903,7.805622
0.28804708,-0.84299874,2.641903,7.805622
3.0181975,-2.417319,2.641903,7.805622
1.4837337,-2.237966,2.641903,7.805622
1.6630864,-3.77243,2.641903,7.805622
0.7264657,-3.5133648,2.641903,7.805622
-0.3297239,1.7675829,2.641903,7.805622
-0.349652,-0.24515557,2.641903,7.805622
-0.3297239,-0.42450857,2.641903,7.805622
-0.3097958,-0.0060184,2.641903,7.805622
-0.8559071,0.21776295,2.700355,7.9783216
-0.019332826,0.361964,2.7601004,8.154842
-0.4981854,0.04966879,2.7601004,8.154842
-0.5071185,0.110658884,2.8211675,8.335268
-0.48583823,-0.038303375,2.8211675,8.335268
-0.37943667,-0.35750818,2.8211675,8.335268
-0.23047447,-0.71927357,2.8211675,8.335268
-0.59285843,-0.65693426,2.8835857,8.519686
-0.527605,-0.8091922,2.8835857,8.519686
-0.46235156,0.25661373,2.8835857,8.519686
-0.35359585,-0.5481787,2.8835857,8.519686
-0.7691313,-0.39419293,2.947385,8.708184
-0.59414184,-0.8826511,3.012596,8.900853
-0.41528082,-1.3347635,3.0792496,9.097785
-0.71442366,-1.2185249,3.147378,9.299073
-0.40579128,-0.9098928,3.147378,9.299073
-0.85934013,-0.88960767,3.2170136,9.504815
-0.8193998,-1.1206355,3.2881901,9.715109
-0.4969594,-0.89740753,3.2881901,9.715109
-0.96821845,0.02030754,3.2881901,9.715109
-0.69538426,-0.35173893,3.2881901,9.715109
-0.55162734,-0.69081163,3.3609414,9.930056
-0.87813604,-0.5639396,3.4353023,10.149758
-0.5930954,-1.0562828,3.4353023,10.149758
-0.9805972,-1.3567562,3.5113084,10.374322
2.0857239,0.58942795,3.5889962,10.603854
-0.91928047,7.817682,3.5889962,10.603854
-0.72977567,7.5740323,3.5889962,10.603854
-0.7568478,7.0055175,3.5889962,10.603854
-1.3863847,7.3095217,3.6684027,10.838465
-1.1111702,7.6776695,3.749566,11.078266
-0.6869206,8.384752,3.749566,11.078266
-1.1677368,8.752436,3.749566,11.078266
-0.6869206,7.253421,3.749566,11.078266
-0.9980369,4.0574074,3.749566,11.078266
6.795312,8.189724,3.8325253,11.323373
-1.2552595,16.072634,3.9173198,11.573902
-0.9000571,16.894957,4.0039907,11.829975
-1.5947134,18.012447,4.0039907,11.829975
-1.1416767,16.83455,4.0039907,11.829975
-0.8094497,17.468801,4.0039907,11.829975
-1.3832963,17.861433,4.0039907,11.829975
-0.99066436,18.012445,4.0039907,11.829975
-1.564511,19.129936,4.0039907,11.829975
-1.232284,16.019083,4.0039907,11.829975
-0.83965206,15.686855,4.0039907,11.829975
-1.4134986,16.200296,4.0039907,11.829975
-0.96046185,16.592928,4.0039907,11.829975
-1.4739035,16.562725,4.0039907,11.829975
-1.0812716,15.50564,4.0039907,11.829975
-0.62823486,14.992199,4.0039907,11.829975
-1.1416765,14.539162,4.0039907,11.829975
-0.68863976,12.817621,4.0039907,11.829975
-1.1416765,11.70013,4.0039907,11.829975
-0.68863976,10.58264,4.0039907,11.829975
-1.2020814,10.008793,4.0039907,11.829975
-0.80944955,9.736971,4.0039907,11.829975
-1.3228912,9.646363,4.0039907,11.829975
-0.99066424,9.193327,4.0039907,11.829975
-1.0662935,9.407144,4.092579,12.091713
-0.759256,8.728897,4.1831274,12.359242
-1.0346906,-0.14859438,4.275679,12.63269
-1.1959497,-1.3419118,4.275679,12.63269
-0.45415783,-0.7936311,4.275679,12.63269
-0.55091333,-1.1484013,4.275679,12.63269
-0.5186615,-1.3741636,4.275679,12.63269
-0.48640966,-1.0193939,4.275679,12.63269
-0.5186615,-1.6321783,4.275679,12.63269
-0.48640966,-1.5354233,4.275679,12.63269
-0.58316505,-1.5676746,4.275679,12.63269
-0.6154169,-1.9224448,4.275679,12.63269
-0.58316505,-2.4707258,4.275679,12.63269
-0.6154169,-2.0514522,4.275679,12.63269
-0.6476687,-2.599733,4.275679,12.63269
-0.6154169,-2.1804595,4.275679,12.63269
-0.58316505,-2.599733,4.275679,12.63269
-0.6154169,-1.9869485,4.275679,12.63269
-0.776676,-2.1482077,4.275679,12.63269
-0.9379351,-1.9869485,4.275679,12.63269
-1.0991942,-1.8256893,4.275679,12.63269
-1.2604532,-1.4709196,4.275679,12.63269
-0.58316505,-1.1806531,4.275679,12.63269
-0.74442416,-1.5354233,4.275679,12.63269
-0.9701869,-1.1161494,4.275679,12.63269
-1.2604532,-1.3419123,4.275679,12.63269
-0.6476687,-0.79363155,4.275679,12.63269
-0.8089278,-1.2774086,4.275679,12.63269
-1.1636978,-1.7611861,4.275679,12.63269
-0.67992055,-1.4709196,4.275679,12.63269
-1.0346906,-1.3096609,4.275679,12.63269
-1.3894606,-2.115956,4.275679,12.63269
-0.7121723,-2.5352297,4.275679,12.63269
-0.5509132,-2.8254962,4.275679,12.63269
1.4164479,-3.4382806,4.275679,12.63269
-0.42190588,-3.212518,4.275679,12.63269
-0.6476686,-2.0837042,4.275679,12.63269
-1.1959496,-0.5678687,4.275679,12.63269
-0.6476686,-0.019587994,4.275679,12.63269
-1.1959496,-0.5033655,4.275679,12.63269
-0.84117955,-0.213099,4.275679,12.63269
-1.3894604,-1.3419127,4.275679,12.63269
-1.0346904,-0.72912836,4.275679,12.63269
-1.5829713,-0.3098545,4.275679,12.63269
-1.2282014,-0.72912836,4.275679,12.63269
-0.7444241,-0.63237286,4.275679,12.63269
-1.1636977,-1.2451572,4.275679,12.63269
-0.67992043,-1.7289348,4.275679,12.63269
-1.099194,-1.6321793,4.275679,12.63269
-1.5184677,-1.2774096,4.275679,12.63269
-1.0346904,-1.8256903,4.275679,12.63269
-1.5184677,-1.5354242,4.275679,12.63269
-1.099194,-1.1161504,4.275679,12.63269
-1.5829713,-1.5354242,4.275679,12.63269
-1.099194,-1.1161504,4.275679,12.63269
-1.5829713,-0.82588387,4.275679,12.63269
-1.1636977,-1.0516472,4.275679,12.63269
-0.74442405,-1.5999279,4.275679,12.63269
-1.2282014,-1.0516472,4.275679,12.63269
-0.6799204,-0.7613807,4.275679,12.63269
-0.90568316,-1.3741655,4.275679,12.63269
-1.1959496,-1.8579426,4.275679,12.63269
-0.8411795,-1.5676765,4.275679,12.63269
-1.2604531,-1.2129064,4.275679,12.63269
-0.64766854,-1.6966839,4.275679,12.63269
-0.6799203,-1.8579428,4.275679,12.63269
-0.90568304,-2.148209,4.275679,12.63269
-1.1314458,-2.373972,4.275679,12.63269
-1.3572085,-1.825691,4.275679,12.63269
-0.6799203,-2.2449646,4.275679,12.63269
-0.90568304,-2.728742,4.275679,12.63269
-0.8089276,-2.2449646,4.275679,12.63269
-1.099194,-2.5997345,4.275679,12.63269
-1.3249567,-2.1159573,4.275679,12.63269
-0.84117943,-1.7611876,4.275679,12.63269
-1.1959494,-1.5354242,4.275679,12.63269
-0.71217215,-1.6966839,4.275679,12.63269
-0.9379349,-2.180461,4.275679,12.63269
-1.2927048,-2.4707272,4.275679,12.63269
-0.6799203,-1.9869499,4.275679,12.63269
-1.0346904,-1.8256907,4.275679,12.63269
-1.3894603,-2.1804607,4.275679,12.63269
-0.90568304,-2.470727,4.275679,12.63269
-0.9379349,-1.922446,4.275679,12.63269
-1.1636976,-2.277216,4.275679,12.63269
-0.48640943,-2.1159568,4.275679,12.63269
-0.4541576,-1.6966829,4.275679,12.63269
-0.9379349,0.7867069,4.275679,12.63269
-1.8732376,9.333439,4.275679,12.63269
-1.7764821,9.623705,4.275679,12.63269
-1.3572085,8.494891,4.275679,12.63269
-0.8089275,13.945448,4.275679,12.63269
-1.2282012,14.493729,4.275679,12.63269
-0.74442387,13.751936,4.275679,12.63269
-0.8251847,11.30336,4.3702784,12.912189
0.73394394,6.748514,4.466971,13.19787
1.2788193,3.98064,4.5658026,13.489873
2.5531087,2.5685897,4.5658026,13.489873
1.0032973,2.0519862,4.5658026,13.489873
0.6244545,1.6042628,4.5658026,13.489873
1.3476999,-3.5962145,4.5658026,13.489873
0.62445474,-4.526101,4.5658026,13.489873
-0.31934834,-4.21082,4.666821,13.788337
2.5142882,-0.8937335,4.7700744,14.093404
1.6147614,-0.7138281,4.7700744,14.093404
2.0472872,-2.5496035,4.8756123,14.40522
1.6427383,-4.057467,4.8756123,14.40522
1.1646352,-4.756233,4.8756123,14.40522
0.24520588,-5.602108,4.8756123,14.40522
-0.6006689,-7.1835265,4.8756123,14.40522
1.0624287,-7.9915414,4.983485,14.723935
0.7241111,-7.1269517,4.983485,14.723935
4.608034,-6.5488253,5.0937448,15.049703
5.261217,-7.048319,5.0937448,15.049703
3.4110146,-6.696582,5.206444,15.382677
2.4977655,-7.477933,5.321636,15.723019
1.2533767,-7.9997735,5.321636,15.723019
0.57097006,-7.3173666,5.321636,15.723019
-0.107409954,-7.575315,5.208151,15.38772
0.24616003,-7.378887,5.208151,15.38772
-0.42169428,-6.9467463,5.208151,15.38772
1.1863272,-7.350656,5.0970855,15.059572
0.76340175,-7.312208,5.0970855,15.059572
1.5708048,-7.504447,5.0970855,15.059572
11.519662,-0.71047544,4.9883885,14.738422
8.925302,0.86111975,4.8820095,14.424121
8.225618,0.75064325,4.8820095,14.424121
5.611013,1.0084214,4.8820095,14.424121
4.9176855,0.9137602,4.7778993,14.116522
1.8542762,1.8147631,4.7778993,14.116522
1.3857548,1.2741613,4.7778993,14.116522
-0.26543558,-7.7807455,4.676009,13.815483
-0.72552705,-7.735426,4.576292,13.520864
-0.4838915,0.23854876,4.576292,13.520864
-0.10417843,0.13499069,4.576292,13.520864
-0.7600465,-0.4518385,4.576292,13.520864
-0.44937217,-1.3838615,4.576292,13.520864
-0.069658995,-2.108768,4.576292,13.520864
0.5171702,-2.4194427,4.576292,13.520864
1.1730382,-2.5230007,4.576292,13.520864
-0.44937217,-2.4884813,4.576292,13.520864
-0.345814,-1.1422257,4.576292,13.520864
-0.24225593,-1.3838611,4.576292,13.520864
-0.898124,-5.353589,4.576292,13.520864
-0.48316932,-4.751073,4.6775427,13.820013
1.2457032,-6.2682467,4.6775427,13.820013
0.9281552,-6.091831,4.6775427,13.820013
-0.55232155,-5.7064185,4.5777926,13.525297
1.0808392,-6.823333,4.679076,13.824544
1.0286739,-7.050135,4.5792933,13.529732
1.2013841,-6.462921,4.5792933,13.529732
1.374094,-6.842883,4.5792933,13.529732
1.2013841,-6.255669,4.5792933,13.529732
0.33783388,-6.5665474,4.5792933,13.529732
-0.24938035,-6.324753,4.5792933,13.529732
0.2687497,-6.5665474,4.5792933,13.529732
0.78688,-6.808341,4.5792933,13.529732
0.06149769,-5.737539,4.5792933,13.529732
0.579628,-6.670173,4.5792933,13.529732
1.166842,-6.7737994,4.5792933,13.529732
1.6158881,-6.1175013,4.5792933,13.529732
1.0977578,-6.221127,4.5792933,13.529732
0.5105438,-6.3247533,4.5792933,13.529732
1.0286741,-6.5665474,4.5792933,13.529732
1.1322999,-6.7392573,4.5792933,13.529732
0.95958996,-6.7737994,4.5792933,13.529732
0.579628,-6.186585,4.5792933,13.529732
1.7885983,-6.5665474,4.5792933,13.529732
1.1323001,-6.3247533,4.5792933,13.529732
1.5122623,-6.221127,4.5792933,13.529732
0.92504835,-6.6010895,4.5792933,13.529732
0.54508615,-6.9119673,4.5792933,13.529732
1.0632162,-6.186585,4.5792933,13.529732
0.6141701,-6.497463,4.5792933,13.529732
1.7540565,-6.877425,4.5792933,13.529732
0.7523382,-6.221127,4.5792933,13.529732
0.8559642,-6.462921,4.5792933,13.529732
2.1340187,-6.842883,4.5792933,13.529732
1.6849725,-5.9102488,4.5792933,13.529732
1.0977583,-5.737539,4.5792933,13.529732
0.7177963,-6.808341,4.5792933,13.529732
0.89050627,-5.530287,4.5792933,13.529732
0.3723762,-5.150325,4.5792933,13.529732
-0.21483803,-4.494026,4.5792933,13.529732
0.16512418,-6.255669,4.5792933,13.529732
0.47600222,-6.428379,4.5792933,13.529732
1.8922246,-6.739257,4.5792933,13.529732
1.5813465,-7.188303,4.5792933,13.529732
1.6849725,-6.601089,4.5792933,13.529732
1.0286744,-6.9119673,4.5792933,13.529732
1.2013845,-5.979333,4.5792933,13.529732
1.5813465,-6.0829587,4.5792933,13.529732
0.9941325,-5.564829,4.5792933,13.529732
1.1668425,-6.0829587,4.5792933,13.529732
0.57962847,-6.393837,4.5792933,13.529732
1.0286746,-6.842883,4.5792933,13.529732
-0.87113607,2.3798332,4.5792933,13.529732
-1.11293,1.7926197,4.5792933,13.529732
-1.1994259,0.46031523,4.68061,13.829077
-0.99479353,-3.3190622,4.7841687,14.135045
0.62913966,-3.4994993,4.7841687,14.135045
-0.060276866,-5.3406987,4.8900185,14.4477825
-0.6135644,-3.9759226,4.8900185,14.4477825
-0.552853,-6.087473,4.99821,14.76744
-0.28893948,-6.80381,4.99821,14.76744
-0.78073347,-7.2641163,4.8916216,14.452519
1.8390195,-2.2828956,4.8916216,14.452519
2.0973048,-1.8770185,4.8916216,14.452519
0.43689823,-1.1021619,4.8916216,14.452519
-0.26416242,-1.3604474,4.8916216,14.452519
-0.07967281,-1.9139161,4.8916216,14.452519
0.031021118,-1.5818348,4.8916216,14.452519
-0.44865203,-2.135304,4.8916216,14.452519
-0.38792086,-1.8740873,4.999849,14.772282
-1.1044924,-1.6100874,4.999849,14.772282
-1.087532,-1.0527134,4.8932257,14.457258
-1.1033692,0.20423698,5.001488,14.777125
-0.88470817,2.2718253,5.112146,15.10407
-1.1546377,4.0070863,5.112146,15.10407
-1.0111537,4.2000637,5.225252,15.438248
-1.6823468,4.888023,5.340861,15.779819
-0.94728076,5.340419,5.4590273,16.128946
-0.6590352,6.864002,5.4590273,16.128946
-0.37078977,6.575757,5.4590273,16.128946
-1.0708145,5.5463085,5.4590273,16.128946
-1.853195,5.340419,5.4590273,16.128946
-1.4436424,3.6667185,5.579808,16.4858
-0.8123077,-7.57104,5.579808,16.4858
-0.09679508,-7.949841,5.579808,16.4858
0.5345397,-8.41282,5.579808,16.4858
-0.09679508,-7.781485,5.579808,16.4858
1.4604974,-7.907752,5.579808,16.4858
1.4184084,-8.034019,5.579808,16.4858
0.8712516,-7.655218,5.579808,16.4858
-0.09679508,-7.1922393,5.579808,16.4858
0.36618376,-7.907752,5.579808,16.4858
3.2703238,-8.454909,5.579808,16.4858
2.470633,-7.823574,5.579808,16.4858
1.2500525,-8.370731,5.579808,16.4858
0.70289564,-7.739396,5.579808,16.4858
-0.10117531,-8.314776,5.7032614,16.850548
0.4580872,-7.8415537,5.7032614,16.850548
1.3615115,-7.3683314,5.7032614,16.850548
0.71620846,-7.06719,5.7032614,16.850548
-0.016385555,-6.4055634,5.829446,17.223366
0.29141855,-5.394207,5.829446,17.223366
1.2148311,-7.8126683,5.829446,17.223366
0.819083,-7.0651436,5.829446,17.223366
0.071558475,-6.8452835,5.829446,17.223366
2.2424982,-5.895293,5.958422,17.604433
1.7569101,-6.509715,6.0902524,17.99393
1.2515776,-5.3612323,6.0902524,17.99393
-1.0913273,-4.6721425,6.0902524,17.99393
-0.58599484,-5.177475,6.0902524,17.99393
-0.08066249,-5.49905,6.0902524,17.99393
-0.769752,-5.912504,6.0902524,17.99393
-0.3562982,-8.531045,6.0902524,17.99393
-1.0453879,-8.4851055,6.0902524,17.99393
-0.44817686,-8.255409,6.0902524,17.99393
0.05715561,-8.576984,6.0902524,17.99393
-1.0111207,-8.728379,6.2249994,18.392046
-0.40069628,-8.211866,6.2249994,18.392046
-1.4806778,-8.258822,6.2249994,18.392046
1.2897096,-5.8640804,6.2249994,18.392046
3.023358,-5.1419277,6.3627276,18.79897
0.5756328,-5.2859116,6.3627276,18.79897
1.2521615,-8.03339,6.503503,19.214897
0.810653,-5.139057,6.503503,19.214897
1.705734,-3.67205,6.6473927,19.640026
1.9963529,-5.1898727,6.7944665,20.074562
1.1250813,0.3965149,6.7944665,20.074562
-0.97622037,1.267786,6.7944665,20.074562
-0.61746144,1.1140318,6.7944665,20.074562
-1.6937379,1.0627804,6.7944665,20.074562
-2.0524967,0.70402145,6.7944665,20.074562
0.048805,0.34526253,6.7944665,20.074562
1.0902779,-3.439415,6.944794,20.518711
15.524804,7.692671,7.098448,20.972687
14.721641,7.5320377,7.098448,20.972687
13.811389,7.1572285,7.098448,20.972687
12.258607,7.853304,7.098448,20.972687
11.562532,7.3714066,7.098448,20.972687
9.688485,8.067482,7.098448,20.972687
8.778234,8.549379,7.098448,20.972687
6.9041862,8.817101,7.098448,20.972687
6.1010227,8.763556,7.098448,20.972687
4.7624173,9.245453,7.098448,20.972687
2.8506708,8.2912655,7.255501,21.436707
2.5770264,8.893284,7.255501,21.436707
1.865551,8.181808,7.255501,21.436707
0.0966382,8.779635,7.1007752,20.979563
-0.7067883,9.047444,7.1007752,20.979563
-1.1888444,9.743747,7.1007752,20.979563
-1.2118263,10.122933,7.2578797,21.443735
6.7166595,-3.5758486,7.4184604,21.918179
6.10112,-4.4152203,7.4184604,21.918179
5.149832,-5.1426754,7.4184604,21.918179
3.5002394,-4.7465234,7.582594,22.403118
2.29912,-5.1468964,7.582594,22.403118
1.3267851,-5.661662,7.582594,22.403118
16.598164,7.2074776,7.582594,22.403118
15.74022,7.7222424,7.582594,22.403118
13.738355,7.321869,7.582594,22.403118
11.736488,6.9214954,7.582594,22.403118
10.992938,7.5506535,7.582594,22.403118
9.677426,7.7222424,7.582594,22.403118
8.13313,8.3514,7.582594,22.403118
5.6736946,7.3790646,7.582594,22.403118
4.472575,7.8938293,7.582594,22.403118
3.157063,8.522987,7.582594,22.403118
1.498374,7.8938293,7.582594,22.403118
0.5260391,8.065418,7.582594,22.403118
-0.560688,7.8938293,7.582594,22.403118
2.025776,-2.6200027,7.7503586,22.898787
1.0319281,-3.1461573,7.7503586,22.898787
-0.07884312,-2.5030794,7.7503586,22.898787
0.7452276,-3.7875142,7.9218354,23.405422
1.835515,-5.1003675,8.097106,23.923267
1.0488973,-6.0620623,8.276255,24.45257
10.725317,10.606351,8.276255,24.45257
11.41203,9.545066,8.276255,24.45257
12.763889,9.264247,8.099761,23.931112
11.725239,8.836566,8.099761,23.931112
11.297558,8.653274,8.099761,23.931112
10.3811,8.95876,8.099761,23.931112
9.464642,8.531079,8.099761,23.931112
7.32624,9.203149,8.099761,23.931112
2.8661437,11.58594,8.099761,23.931112
1.9496856,10.913871,8.099761,23.931112
1.7663941,10.241801,8.099761,23.931112
1.0943246,11.158259,8.099761,23.931112
2.377366,9.875218,8.099761,23.931112
2.0718799,9.325343,8.099761,23.931112
1.277616,8.653274,8.099761,23.931112
0.2389636,8.469981,8.099761,23.931112
-0.55530024,7.553523,8.099761,23.931112
-0.49420285,5.41512,8.099761,23.931112
-0.5204179,2.8050137,8.278968,24.460588
0.4163165,-2.128456,8.278968,24.460588
-0.5204179,-2.9402933,8.278968,24.460588
0.041622877,-4.0019255,8.278968,24.460588
0.85345984,-3.4398851,8.278968,24.460588
-0.4579692,-4.5015173,8.278968,24.460588
-0.02082634,-3.689681,8.278968,24.460588
1.2906022,-4.6264153,8.278968,24.460588
-0.4207542,-3.665985,8.46214,25.00178
6.621634,10.812536,8.281682,24.468609
4.934959,12.874029,8.281682,24.468609
3.3732219,12.311804,8.281682,24.468609
2.561119,12.374273,8.281682,24.468609
1.6240773,12.936499,8.281682,24.468609
0.6870351,12.124395,8.281682,24.468609
-0.49988437,13.561193,8.281682,24.468609
-1.811743,10.250313,8.281682,24.468609
-1.124579,10.687599,8.281682,24.468609
-0.25352454,11.490404,8.105073,23.946808
2.008555,11.796091,8.105073,23.946808
6.5938506,11.001307,8.105073,23.946808
-0.55921125,-3.243679,8.105073,23.946808
-0.008975506,5.132128,8.105073,23.946808
0.90808344,9.350599,8.105073,23.946808
3.6592612,14.4249935,8.105073,23.946808
1.3296552,30.41397,7.93223,23.436134
7.612174,27.123127,7.93223,23.436134
15.450364,26.82396,7.93223,23.436134
27.237564,25.687122,7.93223,23.436134
34.238087,24.669952,7.93223,23.436134
44.110615,23.533115,7.93223,23.436134
52.666805,22.515945,7.93223,23.436134
62.3,21.259441,7.93223,23.436134
74.924866,20.242271,7.93223,23.436134
72.59136,15.874426,7.93223,23.436134
80.78855,13.06225,7.93223,23.436134
90.8194,10.25782,8.107731,23.954659
107.67105,-6.9485216,8.287114,24.484655
121.110794,-7.6361365,8.287114,24.484655
130.1748,-8.823835,8.287114,24.484655
132.73773,-0.3849268,8.287114,24.484655
139.45578,-1.3691883,8.470467,25.026379
146.85278,-2.9055433,8.657876,25.580088
156.06108,-2.4483938,8.657876,25.580088
164.57033,-3.6122036,8.849432,26.146048
169.30972,-5.1475005,8.849432,26.146048
174.98364,-1.2091303,8.849432,26.146048
179.52585,-6.138472,9.045226,26.72453
185.86977,-7.366063,8.852334,26.154621
190.61072,-6.7650976,8.852334,26.154621
193.2149,-6.564776,8.852334,26.154621
196.48683,-8.50122,8.852334,26.154621
199.09102,-9.369281,8.852334,26.154621
200.22618,-9.035411,8.852334,26.154621
201.62843,-8.567993,8.852334,26.154621
203.20311,-8.8683605,8.663555,25.596867
203.79126,-7.888111,8.663555,25.596867
202.5609,-7.0482893,8.478803,25.051006
202.24112,-6.728508,8.478803,25.051006
201.66551,-7.687853,8.478803,25.051006
200.96199,-7.240159,8.478803,25.051006
199.36308,-6.2808137,8.478803,25.051006
199.81078,-7.495984,8.478803,25.051006
207.42159,4.8475895,8.478803,25.051006
208.19006,6.1626596,8.29799,24.516787
207.00081,6.7259912,8.29799,24.516787
206.54633,7.168395,8.121033,23.99396
205.393,7.129017,7.9478493,23.48228
204.49373,7.668579,7.9478493,23.48228
202.99495,7.129017,7.9478493,23.48228
203.41461,7.7884808,7.9478493,23.48228
201.0765,8.088238,7.9478493,23.48228
199.93744,8.387995,7.9478493,23.48228
199.84883,8.00275,7.778359,22.981514
198.14732,8.765497,7.778359,22.981514
197.26723,8.589479,7.778359,22.981514
195.91776,8.17877,7.778359,22.981514
194.68562,8.472134,7.778359,22.981514
193.57085,8.765497,7.778359,22.981514
192.92545,9.293552,7.778359,22.981514
191.34128,8.41346,7.778359,22.981514
190.46118,8.706823,7.778359,22.981514
189.22905,9.234879,7.778359,22.981514
187.64488,8.589478,7.778359,22.981514
186.41275,9.352224,7.778359,22.981514
185.41531,9.410896,7.778359,22.981514
184.53522,9.586914,7.778359,22.981514
183.77248,9.762932,7.778359,22.981514
181.1322,9.93895,7.778359,22.981514
180.2521,10.467005,7.778359,22.981514
179.48936,9.704258,7.778359,22.981514
