362.21,34.967,66.86,97.193
360.60223,33.35922,66.86,97.193
360.9238,33.037663,66.86,97.193
361.24536,32.716106,66.86,97.193
360.2807,33.037663,66.86,97.193
360.60226,32.072994,66.86,97.193
360.2807,31.751438,66.86,97.193
359.31604,32.716106,66.86,97.193
358.99448,31.751438,66.86,97.193
359.95914,32.716106,66.86,97.193
358.35135,31.751438,66.86,97.193
357.3867,31.429882,66.86,97.193
357.06512,31.108326,66.86,97.193
357.3867,30.78677,66.86,97.193
356.42203,32.39455,66.86,97.193
356.10046,32.072994,66.86,97.193
355.1358,31.751438,66.86,97.193
356.10046,32.716106,66.86,97.193
355.7789,33.037663,66.86,97.193
357.3867,32.716106,66.86,97.193
356.42203,33.680775,66.86,97.193
358.6729,33.35922,66.86,97.193
358.35135,33.680775,66.86,97.193
359.316,34.00233,66.86,97.193
358.99445,33.680775,66.86,97.193
360.60223,34.00233,66.86,97.193
359.63757,33.680775,66.86,97.193
360.60223,34.645443,66.86,97.193
360.28067,34.967,66.86,97.193
359.9591,34.00233,66.86,97.193
361.5669,34.967,66.86,97.193
360.60223,35.288555,66.86,97.193
362.85312,36.253223,66.86,97.193
362.53156,36.57478,66.86,97.193
362.21,36.896336,66.86,97.193
363.17465,37.861004,66.86,97.193
362.8531,38.825672,66.86,97.193
365.10397,38.504116,66.86,97.193
363.4962,38.18256,66.86,97.193
365.10397,37.861004,66.86,97.193
364.1393,38.825672,66.86,97.193
365.7471,39.14723,66.86,97.193
367.3549,38.825672,66.86,97.193
367.03333,39.79034,66.86,97.193
367.998,39.468784,66.86,97.193
369.60577,39.79034,66.86,97.193
369.92734,40.75501,66.86,97.193
371.53513,41.719677,66.86,97.193
372.4998,41.39812,66.86,97.193
371.53513,41.076565,66.86,97.193
373.786,40.111897,66.86,97.193
372.0455,38.03585,68.33928,99.3434
372.3125,37.27786,69.85129,101.541374
371.97656,37.613804,69.85129,101.541374
372.98438,37.27786,69.85129,101.541374
373.9922,37.613804,69.85129,101.541374
373.65625,38.62163,69.85129,101.541374
372.64844,38.285686,69.85129,101.541374
370.9687,38.62163,69.85129,101.541374
372.64844,38.957577,69.85129,101.541374
369.62494,39.29352,69.85129,101.541374
368.61713,37.61381,69.85129,101.541374
366.26556,39.29352,69.85129,101.541374
364.58582,37.61381,69.85129,101.541374
364.92175,38.62164,69.85129,101.541374
362.5702,38.285694,69.85129,101.541374
360.21857,39.29352,69.85129,101.541374
357.19513,37.61381,69.85129,101.541374
353.49976,39.965405,69.85129,101.541374
353.16382,38.285694,69.85129,101.541374
348.79657,39.965405,69.85129,101.541374
345.77307,38.957577,69.85129,101.541374
340.73395,37.277866,69.85129,101.541374
335.02295,35.598156,69.85129,101.541374
332.67133,37.94975,69.85129,101.541374
329.6479,35.598156,69.85129,101.541374
326.6244,35.9341,69.85129,101.541374
324.9447,38.285694,69.85129,101.541374
326.6244,35.9341,69.85129,101.541374
324.9447,38.285694,69.85129,101.541374
326.6244,39.29352,69.85129,101.541374
326.28845,40.30135,69.85129,101.541374
327.29626,38.62164,69.85129,101.541374
326.28845,43.66077,69.85129,101.541374
324.60876,46.012363,69.85129,101.541374
324.9447,49.70773,69.85129,101.541374
323.12634,51.72129,71.39674,103.78798
324.84323,49.317665,71.39674,103.78798
323.8131,53.094788,71.39674,103.78798
324.1565,52.06466,71.39674,103.78798
324.49988,53.094788,71.39674,103.78798
326.9035,51.377914,71.39674,103.78798
324.49988,53.78154,71.39674,103.78798
324.84326,50.691162,71.39674,103.78798
323.12637,53.094788,71.39674,103.78798
323.46976,52.75141,71.39674,103.78798
321.75287,52.408035,71.39674,103.78798
320.03598,54.12491,71.39674,103.78798
278.1029,41.00012,69.87418,101.57467
275.285,41.759266,68.384094,99.40856
276.33115,41.234234,66.92578,97.28864
277.29675,41.556103,66.92578,97.28864
277.61862,41.234234,66.92578,97.28864
279.88342,41.961346,65.498566,95.213936
278.30835,41.646336,65.498566,95.213936
279.88342,44.48141,65.498566,95.213936
281.45844,43.53639,65.498566,95.213936
284.88943,47.89147,64.10179,93.18347
295.3788,53.34227,62.734802,91.196304
315.5938,40.9719,62.734802,91.196304
328.18597,27.694561,61.396965,89.25152
332.6152,29.76154,61.396965,89.25152
338.22556,31.23795,61.396965,89.25152
342.1417,31.16967,62.75537,91.22621
344.2544,27.8497,62.75537,91.22621
347.57437,30.56604,62.75537,91.22621
352.02527,28.920597,61.417095,89.280785
356.3813,26.740837,60.107357,87.37685
358.41534,29.065662,58.82555,85.51351
357.00076,29.91441,58.82555,85.51351
362.2637,27.28125,57.57108,83.68991
366.88068,24.704247,56.343357,81.9052
369.8321,24.794018,55.14182,80.15855
369.65323,27.438019,53.965904,78.44914
371.97977,26.023033,52.815063,76.77619
372.78775,28.555466,51.688766,75.138916
373.0993,27.200191,50.586487,73.53655
373.8732,29.156765,49.507713,71.96836
374.17157,27.399685,48.451946,70.43362
374.4636,30.172112,47.418694,68.931595
375.18903,28.928795,46.407475,67.46161
374.17798,31.584232,45.41782,66.02297
373.6096,33.3409,44.449272,64.61501
372.2291,33.823822,43.501377,63.23708
374.11203,31.940882,43.501377,63.23708
372.64752,33.823822,43.501377,63.23708
371.60144,32.359314,43.501377,63.23708
369.30008,33.823822,43.501377,63.23708
367.41714,31.940882,43.501377,63.23708
366.7895,33.405388,43.501377,63.23708
308.35303,90.661064,44.463844,64.6362
303.00693,87.4534,44.463844,64.6362
299.37158,88.52262,44.463844,64.6362
295.73624,86.59802,44.463844,64.6362
296.80545,88.09493,44.463844,64.6362
293.59778,88.30878,44.463844,64.6362
290.8178,86.81187,44.463844,64.6362
288.03784,87.4534,44.463844,64.6362
285.68555,85.95649,44.463844,64.6362
286.75476,87.4534,44.463844,64.6362
284.54938,85.87533,43.51564,63.257812
281.82867,87.34032,43.51564,63.257812
279.52655,89.22387,43.51564,63.257812
277.22443,91.94456,43.51564,63.257812
275.75943,89.64243,43.51564,63.257812
273.8759,91.94456,43.51564,63.257812
271.99234,93.82811,43.51564,63.257812
269.27164,92.78169,43.51564,63.257812
266.9695,94.24668,43.51564,63.257812
268.85306,94.874535,43.51564,63.257812
265.7138,94.24668,43.51564,63.257812
263.41168,95.71167,43.51564,63.257812
260.69098,93.82812,43.51564,63.257812
258.80743,95.293106,43.51564,63.257812
258.1796,93.82812,43.51564,63.257812
256.7146,92.7817,43.51564,63.257812
255.66818,93.40955,43.51564,63.257812
254.20319,90.688866,43.51564,63.257812
256.9239,92.99099,43.51564,63.257812
255.04034,90.688866,43.51564,63.257812
253.99393,88.38674,43.51564,63.257812
256.71463,90.688866,43.51564,63.257812
254.4125,88.38674,43.51564,63.257812
257.1332,89.43316,43.51564,63.257812
257.3425,87.96817,43.51564,63.257812
260.0254,90.86157,42.587658,61.90882
258.59164,90.247116,42.587658,61.90882
261.66397,91.68086,42.587658,61.90882
263.50735,93.11461,42.587658,61.90882
261.66397,90.86157,42.587658,61.90882
264.32663,92.29532,42.587658,61.90882
264.1218,90.0423,42.587658,61.90882
263.91696,92.29532,42.587658,61.90882
262.89285,89.632645,42.587658,61.90882
263.91696,90.65675,42.587658,61.90882
266.16998,92.50014,42.587658,61.90882
269.65195,94.34352,42.587658,61.90882
267.80856,90.86156,42.587658,61.90882
270.8809,93.11459,42.587658,61.90882
270.26642,95.367615,42.587658,61.90882
273.33875,97.211,42.587658,61.90882
274.36285,97.82547,42.587658,61.90882
276.61588,100.89778,42.587658,61.90882
276.41104,104.37973,42.587658,61.90882
275.79657,104.58455,42.587658,61.90882
277.23032,108.0665,42.587658,61.90882
276.61584,111.54845,42.587658,61.90882
280.0978,115.030396,42.587658,61.90882
279.89297,118.512344,42.587658,61.90882
280.50745,119.53645,42.587658,61.90882
283.1701,121.789474,42.587658,61.90882
282.55563,121.99429,42.587658,61.90882
283.1701,120.56055,42.587658,61.90882
282.96527,119.1268,42.587658,61.90882
283.1701,119.74126,42.587658,61.90882
283.78458,118.71715,42.587658,61.90882
285.21832,120.56053,42.587658,61.90882
287.0617,121.99428,42.587658,61.90882
287.67618,123.428024,42.587658,61.90882
288.29065,121.99428,42.587658,61.90882
289.31476,123.83766,42.587658,61.90882
291.15814,122.81355,42.587658,61.90882
290.47452,124.89121,43.52991,63.278553
293.6148,126.77538,43.52991,63.278553
293.82416,127.82215,43.52991,63.278553
290.95337,124.732895,44.49301,64.67859
292.02332,126.65875,44.49301,64.67859
290.95337,127.300705,44.49301,64.67859
288.4631,122.81104,45.47742,66.109604
287.80695,124.34208,45.47742,66.109604
287.1508,125.43568,45.47742,66.109604
285.05927,124.93125,46.48361,67.57228
282.92142,124.87956,47.51206,69.067314
284.52094,126.479095,47.51206,69.067314
282.33582,125.00383,48.563263,70.59543
281.55627,124.465195,49.637726,72.15735
282.74994,125.18138,49.637726,72.15735
283.46613,126.375015,49.637726,72.15735
285.6147,128.04611,49.637726,72.15735
283.46613,124.94266,49.637726,72.15735
285.6147,126.13629,49.637726,72.15735
284.8985,123.03284,49.637726,72.15735
285.6147,123.27156,49.637726,72.15735
286.8083,123.98775,49.637726,72.15735
286.0921,124.70393,49.637726,72.15735
287.76318,122.07793,49.637726,72.15735
289.90317,121.23663,48.579185,70.61857
292.44788,119.06212,47.54322,69.11261
296.26065,120.460205,46.529346,67.63876
295.51373,120.408455,47.558807,69.13527
298.48724,121.09464,47.558807,69.13527
298.25848,117.663704,47.558807,69.13527
300.31708,116.977516,47.558807,69.13527
300.54578,117.663704,47.558807,69.13527
300.77454,117.89243,47.558807,69.13527
301.91815,118.57862,47.558807,69.13527
300.77454,116.52006,47.558807,69.13527
302.3839,118.35953,46.5446,67.66094
301.71237,118.583374,46.5446,67.66094
301.48853,118.80722,46.5446,67.66094
349.97748,56.049118,47.5744,69.15794
348.739,45.551308,48.626984,70.688065
349.4406,44.381973,48.626984,70.688065
351.0777,44.14811,48.626984,70.688065
350.3761,43.914246,48.626984,70.688065
351.5454,43.212646,48.626984,70.688065
352.247,45.317444,48.626984,70.688065
352.4809,44.615845,48.626984,70.688065
353.6502,44.38198,48.626984,70.688065
353.41638,44.615845,48.626984,70.688065
353.6502,44.38198,48.626984,70.688065
354.3518,44.148117,48.626984,70.688065
354.11798,44.849716,48.626984,70.688065
354.3518,44.148117,48.626984,70.688065
354.5857,44.38198,48.626984,70.688065
355.2873,44.615845,48.626984,70.688065
355.0534,44.84971,48.626984,70.688065
354.81958,44.14811,48.626984,70.688065
355.52118,44.381973,48.626984,70.688065
355.755,44.615837,48.626984,70.688065
354.48917,43.105946,49.702854,72.25204
355.17935,41.066635,50.80253,73.85062
354.3639,42.53109,51.926533,75.48456
354.61362,40.782944,51.926533,75.48456
354.86334,42.031616,51.926533,75.48456
355.61255,41.28241,51.926533,75.48456
355.36282,40.533203,51.926533,75.48456
354.61362,42.780823,51.926533,75.48456
355.8623,41.032677,51.926533,75.48456
355.61258,42.28135,51.926533,75.48456
355.8623,40.533203,51.926533,75.48456
355.02875,41.511852,53.07541,77.154655
355.284,39.725025,53.07541,77.154655
355.02875,41.511852,53.07541,77.154655
355.284,39.725025,53.07541,77.154655
283.9865,53.437305,54.249702,78.8617
264.94022,48.480053,54.249702,78.8617
260.5048,44.044613,54.249702,78.8617
255.30287,40.19459,55.449978,80.606514
250.23595,42.06136,55.449978,80.606514
248.36919,37.52779,55.449978,80.606514
243.30226,32.99422,55.449978,80.606514
247.39243,28.505657,56.676807,82.38993
254.96674,24.483387,57.930782,84.21281
252.30247,24.997082,59.2125,86.07601
255.43501,21.29499,59.2125,86.07601
271.66724,96.76068,59.2125,86.07601
273.66068,91.91948,59.2125,86.07601
275.1155,88.17107,57.949776,84.24042
273.722,85.10533,57.949776,84.24042
274.5581,82.0396,57.949776,84.24042
274.2794,78.41645,57.949776,84.24042
275.6729,74.2359,57.949776,84.24042
274.8368,71.170166,57.949776,84.24042
274.55807,72.56368,57.949776,84.24042
275.3942,68.38313,57.949776,84.24042
276.23032,66.98962,57.949776,84.24042
277.06644,66.710915,57.949776,84.24042
276.78772,65.8748,57.949776,84.24042
276.509,66.1535,57.949776,84.24042
277.90253,66.432205,57.949776,84.24042
278.18124,65.03869,57.949776,84.24042
280.13217,66.432205,57.949776,84.24042
281.5257,64.481285,57.949776,84.24042
280.80045,64.57362,56.713978,82.44396
284.3463,65.93742,56.713978,82.44396
288.36877,67.6052,55.504536,80.68582
290.77127,68.93992,55.504536,80.68582
292.106,69.740746,55.504536,80.68582
292.9551,69.82919,54.320885,78.96517
294.78387,70.09044,54.320885,78.96517
297.12573,71.68784,53.162476,77.28122
297.89276,68.36401,53.162476,77.28122
301.17044,69.92735,52.02877,75.63317
299.41885,69.677124,52.02877,75.63317
302.6718,68.92644,52.02877,75.63317
304.4234,68.67621,52.02877,75.63317
306.175,67.92554,52.02877,75.63317
308.42703,69.677124,52.02877,75.63317
308.17682,68.42598,52.02877,75.63317
310.92932,70.17757,52.02877,75.63317
313.68182,72.42961,52.02877,75.63317
316.43433,74.681656,52.02877,75.63317
318.68637,77.43416,52.02877,75.63317
318.43616,77.68439,52.02877,75.63317
320.6882,80.436874,52.02877,75.63317
322.4398,82.68892,52.02877,75.63317
322.18958,85.44142,52.02877,75.63317
324.94208,88.69437,52.02877,75.63317
323.1905,88.944595,52.02877,75.63317
325.943,91.69708,52.02877,75.63317
324.69186,93.44867,52.02877,75.63317
325.943,94.6998,52.02877,75.63317
325.19232,96.95184,52.02877,75.63317
325.943,98.20297,52.02877,75.63317
327.19412,99.4541,52.02877,75.63317
324.94208,102.70705,52.02877,75.63317
323.1905,101.95636,52.02877,75.63317
321.4389,105.209305,52.02877,75.63317
325.1923,107.96181,52.02877,75.63317
322.4398,109.21294,52.02877,75.63317
320.6882,105.95999,52.02877,75.63317
320.438,108.712494,52.02877,75.63317
318.18594,107.461365,52.02877,75.63317
319.43707,109.21295,52.02877,75.63317
317.18503,106.96091,52.02877,75.63317
317.9357,109.71341,52.02877,75.63317
319.6873,111.465,52.02877,75.63317
316.43433,108.712494,52.02877,75.63317
318.1859,111.465,52.02877,75.63317
314.43253,108.21205,52.02877,75.63317
315.68365,110.964554,52.02877,75.63317
311.4298,107.21115,52.02877,75.63317
309.17776,104.95911,52.02877,75.63317
309.42798,106.71069,52.02877,75.63317
307.17593,105.96001,52.02877,75.63317
304.42343,106.71069,52.02877,75.63317
301.67093,107.46138,52.02877,75.63317
298.41797,108.21207,52.02877,75.63317
297.16684,106.96094,52.02877,75.63317
293.91388,108.712524,52.02877,75.63317
290.66092,110.46411,52.02877,75.63317
285.66846,113.44121,50.919243,74.02027
280.03598,116.62479,50.919243,74.02027
278.32175,113.930984,50.919243,74.02027
272.68927,118.09413,50.919243,74.02027
266.56702,122.25728,50.919243,74.02027
258.9754,124.95108,50.919243,74.02027
252.36334,126.66531,50.919243,74.02027
250.15933,124.95108,50.919243,74.02027
244.03708,127.15509,50.919243,74.02027
238.89438,126.9102,50.919243,74.02027
232.99554,125.32913,52.04583,75.65797
228.7403,123.576965,52.04583,75.65797
229.99184,124.327896,52.04583,75.65797
225.23596,121.07388,52.04583,75.65797
222.98318,119.32172,52.04583,75.65797
220.73041,115.56708,52.04583,75.65797
224.98566,110.8112,52.04583,75.65797
223.73412,108.558426,52.04583,75.65797
222.48257,105.80502,52.04583,75.65797
221.3487,104.922905,50.935936,74.04454
224.4891,104.53183,49.849712,72.465515
224.24936,106.21005,49.849712,72.465515
224.00961,105.01132,49.849712,72.465515
227.12633,107.16904,49.849712,72.465515
226.96461,106.32414,48.78665,70.920166
227.71097,105.49727,47.74626,69.407776
228.44139,106.01601,46.728058,67.927635
230.45592,106.95691,45.731567,66.47906
229.35622,107.17685,45.731567,66.47906
230.9038,108.52167,44.75633,65.06137
229.39703,107.01491,44.75633,65.06137
227.89027,105.93866,44.75633,65.06137
229.39703,107.44542,44.75633,65.06137
227.45978,107.23016,44.75633,65.06137
228.53603,107.875916,44.75633,65.06137
231.76479,110.67418,44.75633,65.06137
235.42406,113.04193,44.75633,65.06137
234.7783,111.96568,44.75633,65.06137
237.57655,115.19444,44.75633,65.06137
237.36131,114.54869,44.75633,65.06137
237.21613,115.44989,43.801888,63.673916
236.16281,115.23923,43.801888,63.673916
236.42682,114.09074,42.867798,62.31605
236.633,111.410545,42.867798,62.31605
234.10934,108.69682,41.95363,60.987144
232.02844,107.98576,41.058956,59.686577
229.23062,109.954506,40.18336,58.413742
228.65085,108.98821,40.18336,58.413742
224.04994,109.424774,39.32644,57.168053
262.272,56.39923,40.196537,58.432896
271.25415,45.92486,41.085884,59.725723
273.87476,41.779007,41.994907,61.047153
276.13425,38.798683,42.924046,62.397823
277.58704,38.75095,43.87374,63.778374
335.553,96.49673,44.844448,65.18947
339.65082,99.3005,44.844448,65.18947
342.88593,98.22213,44.844448,65.18947
342.2389,98.4378,44.844448,65.18947
345.04266,96.49673,44.844448,65.18947
349.14047,95.8497,44.844448,65.18947
351.51288,96.92808,44.844448,65.18947
353.88528,93.692955,44.844448,65.18947
353.66962,95.202675,44.844448,65.18947
354.748,91.53621,44.844448,65.18947
356.68906,93.04593,44.844448,65.18947
355.6107,89.81081,44.844448,65.18947
354.96365,90.88918,44.844448,65.18947
358.19876,92.3989,44.844448,65.18947
357.1204,89.16378,44.844448,65.18947
358.19876,90.6735,44.844448,65.18947
357.1204,90.026474,44.844448,65.18947
360.3555,91.536194,44.844448,65.18947
359.79425,90.77613,43.888126,63.799282
362.1161,92.67581,43.888126,63.799282
360.63855,90.35398,43.888126,63.799282
362.9604,92.25366,43.888126,63.799282
361.48285,89.08753,43.888126,63.799282
360.42746,90.14291,43.888126,63.799282
358.94992,89.50968,43.888126,63.799282
362.96036,90.987206,43.888126,63.799282
361.90497,91.62043,43.888126,63.799282
361.27173,91.831505,43.888126,63.799282
363.17142,92.88688,43.888126,63.799282
362.53818,93.94225,43.888126,63.799282
362.3271,94.57548,43.888126,63.799282
360.84955,93.5201,43.888126,63.799282
359.79416,93.73118,43.888126,63.799282
362.9603,94.78655,43.888126,63.799282
361.0606,94.99763,43.888126,63.799282
359.16092,96.053,43.888126,63.799282
357.26123,96.68623,43.888126,63.799282
355.36154,96.89729,43.888126,63.799282
358.52768,97.95268,43.888126,63.799282
356.20584,99.00806,43.888126,63.799282
354.30615,99.21913,43.888126,63.799282
352.8286,99.43021,43.888126,63.799282
354.752,100.69534,44.85915,65.21084
352.8103,100.91109,44.85915,65.21084
351.30008,101.12683,44.85915,65.21084
348.92688,102.20555,44.85915,65.21084
352.16306,103.715775,44.85915,65.21084
350.22134,106.52046,44.85915,65.21084
348.71112,106.30472,44.85915,65.21084
347.6324,108.67792,44.85915,65.21084
347.41663,111.482605,44.85915,65.21084
345.4749,113.855804,44.85915,65.21084
343.5332,116.229004,44.85915,65.21084
342.88596,116.44475,44.85915,65.21084
342.2387,118.81795,44.85915,65.21084
340.297,122.05412,44.85915,65.21084
337.9238,124.85881,44.85915,65.21084
334.68762,128.52647,44.85915,65.21084
335.76636,130.0367,44.85915,65.21084
331.6672,131.97841,44.85915,65.21084
327.99954,133.92012,44.85915,65.21084
324.33188,135.86183,44.85915,65.21084
317.21228,137.80354,44.85915,65.21084
316.56503,137.15631,44.85915,65.21084
313.76035,139.52951,44.85915,65.21084
311.38715,141.90271,44.85915,65.21084
306.1903,143.64351,45.851658,66.653625
297.5901,146.51025,45.851658,66.653625
299.57477,148.05388,45.851658,66.653625
296.70804,150.92062,45.851658,66.653625
292.95923,153.78737,45.851658,66.653625
289.21042,156.65411,45.851658,66.653625
285.27136,157.97586,46.866127,68.128334
283.2428,158.20126,46.866127,68.128334
283.4259,159.55223,47.90304,69.63567
279.50937,155.6357,47.90304,69.63567
281.58282,155.86607,47.90304,69.63567
282.73474,152.41031,47.90304,69.63567
283.4259,154.023,47.90304,69.63567
282.274,149.64569,47.90304,69.63567
284.34744,146.6507,47.90304,69.63567
286.88168,143.19493,47.90304,69.63567
290.33746,139.73917,47.90304,69.63567
290.56784,142.73416,47.90304,69.63567
292.66718,138.8565,48.9629,71.17636
295.7902,134.89307,50.046204,72.75114
299.40057,134.17099,50.046204,72.75114
302.0482,130.07922,50.046204,72.75114
302.24368,129.02469,51.153477,74.360756
303.9658,128.28664,51.153477,74.360756
306.17993,129.02469,51.153477,74.360756
307.41,128.77867,51.153477,74.360756
308.14804,130.00876,51.153477,74.360756
306.42593,127.30257,51.153477,74.360756
307.656,128.53265,51.153477,74.360756
308.39404,130.25478,51.153477,74.360756
307.75385,130.81053,50.062614,72.774994
308.47617,132.01439,50.062614,72.774994
307.2723,130.81053,50.062614,72.774994
308.47617,133.45901,50.062614,72.774994
304.8646,130.81053,50.062614,72.774994
303.5614,127.75726,51.17025,74.38514
302.22934,128.211,52.30239,76.030914
302.98398,129.9718,52.30239,76.030914
362.69073,59.450222,53.459583,77.7131
360.891,42.738194,53.459583,77.7131
358.57703,40.42422,53.459583,77.7131
356.77728,41.195545,53.459583,77.7131
356.00595,40.42422,53.459583,77.7131
354.7204,41.70976,53.459583,77.7131
353.86224,38.44931,54.642376,79.432495
352.54825,40.288887,54.642376,79.432495
351.75986,38.974907,54.642376,79.432495
352.54825,38.186516,54.642376,79.432495
350.70868,40.026093,54.642376,79.432495
350.97147,38.712112,54.642376,79.432495
350.70868,40.026093,54.642376,79.432495
351.49707,38.712112,54.642376,79.432495
350.18307,40.55169,54.642376,79.432495
350.97147,40.288895,54.642376,79.432495
352.28546,41.077286,54.642376,79.432495
352.02267,40.81449,54.642376,79.432495
353.86224,41.602882,54.642376,79.432495
353.07385,41.865677,54.642376,79.432495
354.38785,41.077286,54.642376,79.432495
353.07385,41.865677,54.642376,79.432495
354.91342,42.12847,54.642376,79.432495
354.65063,42.391266,54.642376,79.432495
354.38785,42.65406,54.642376,79.432495
355.17624,43.96804,54.642376,79.432495
357.0158,42.65406,54.642376,79.432495
357.8042,43.96804,54.642376,79.432495
359.1182,42.65406,54.642376,79.432495
358.8554,43.96804,54.642376,79.432495
360.69498,43.17965,54.642376,79.432495
360.4322,45.019226,54.642376,79.432495
360.69498,46.333206,54.642376,79.432495
360.95776,49.749565,54.642376,79.432495
361.22055,51.58914,54.642376,79.432495
358.70752,54.800194,55.851337,81.18994
356.69623,57.524925,57.087048,82.98627
356.42166,60.54502,57.087048,82.98627
353.79617,62.190636,58.350098,84.82234
354.63806,65.27755,58.350098,84.82234
352.1124,68.36446,58.350098,84.82234
350.59344,65.388054,59.641094,86.699036
350.88028,70.83797,59.641094,86.699036
349.4461,73.99318,59.641094,86.699036
349.67914,70.95091,60.960655,88.61725
346.26715,69.66641,62.30941,90.5779
343.4015,70.840744,63.688007,92.58194
341.87,73.59745,63.688007,92.58194
338.5007,76.35416,63.688007,92.58194
339.38507,72.46988,65.09711,94.63032
335.31506,76.53989,65.09711,94.63032
331.24506,77.479126,65.09711,94.63032
325.92273,79.04451,65.09711,94.63032
321.85272,79.98375,65.09711,94.63032
322.79196,80.92297,65.09711,94.63032
315.90027,76.95277,66.537384,96.724014
308.54016,79.83281,66.537384,96.724014
301.82007,75.67275,66.537384,96.724014
294.45996,72.1527,66.537384,96.724014
292.85992,74.39273,66.537384,96.724014
289.3399,70.23267,66.537384,96.724014
285.1798,72.4727,66.537384,96.724014
283.57977,75.99275,66.537384,96.724014
280.05975,76.31276,66.537384,96.724014
281.01978,74.71274,66.537384,96.724014
277.4997,74.39273,66.537384,96.724014
275.2597,75.352745,66.537384,96.724014
273.65967,78.23279,66.537384,96.724014
272.05963,77.27277,66.537384,96.724014
273.01965,79.5128,66.537384,96.724014
271.41962,77.27277,66.537384,96.724014
271.73962,80.152824,66.537384,96.724014
269.3435,75.430756,68.00952,98.86404
270.97894,77.72034,68.00952,98.86404
270.65186,74.122406,68.00952,98.86404
270.97894,75.75783,68.00952,98.86404
273.9227,78.047424,68.00952,98.86404
274.2498,80.337006,68.00952,98.86404
277.19354,81.31825,68.00952,98.86404
276.86646,79.68283,68.00952,98.86404
279.8102,85.89743,68.00952,98.86404
282.75397,88.84119,68.00952,98.86404
286.3519,86.55159,68.00952,98.86404
289.94983,82.95366,68.00952,98.86404
287.50073,79.48452,69.51423,101.05141
289.15973,82.87579,71.05223,103.28717
292.91864,85.95126,71.05223,103.28717
293.26035,86.976425,71.05223,103.28717
292.91864,85.95126,71.05223,103.28717
293.26035,85.60954,71.05223,103.28717
292.91864,85.26782,71.05223,103.28717
291.8935,85.60954,71.05223,103.28717
293.60208,85.26782,71.05223,103.28717
291.21005,85.60954,71.05223,103.28717
293.60208,84.58438,71.05223,103.28717
289.84317,86.97641,71.05223,103.28717
290.86832,85.95125,71.05223,103.28717
287.1094,86.29297,71.05223,103.28717
284.03394,85.95125,71.05223,103.28717
285.05908,85.60953,71.05223,103.28717
281.30017,86.63469,71.05223,103.28717
280.95847,86.97641,71.05223,103.28717
278.56644,88.00157,71.05223,103.28717
276.1744,88.34329,71.05223,103.28717
278.56644,88.00157,71.05223,103.28717
274.80753,89.02673,71.05223,103.28717
277.883,87.318146,71.05223,103.28717
275.67633,90.0663,69.53702,101.08454
278.68622,88.39415,69.53702,101.08454
275.00745,90.73517,69.53702,101.08454
276.66702,89.26994,71.07552,103.32104
277.00885,88.928116,71.07552,103.32104
278.718,88.58629,71.07552,103.32104
279.74347,88.928116,71.07552,103.32104
279.40164,89.26994,71.07552,103.32104
281.11078,90.29544,71.07552,103.32104
282.13626,91.32094,71.07552,103.32104
281.70462,92.66049,72.64807,105.60702
282.7134,86.054794,74.25541,107.94357
280.21353,84.26918,74.25541,107.94357
284.2088,83.44557,75.89831,110.331825
285.26273,83.36116,77.57756,112.77292
282.4691,84.049065,79.29396,115.26802
280.4049,82.37825,81.04834,117.81833
277.48624,77.435196,82.84154,120.42506
305.0915,33.5271,84.67441,123.08946
302.88727,26.672874,86.54783,125.81282
298.9069,21.394402,88.4627,128.59644
297.48688,16.881958,90.41994,131.44164
290.62137,20.390785,92.42048,134.34978
290.17688,17.27938,92.42048,134.34978
286.1765,14.167976,92.42048,134.34978
284.69296,18.676743,94.46528,137.32227
282.2339,16.686256,96.55532,140.36052
273.93893,20.433167,98.691605,143.466
264.92065,20.907814,98.691605,143.466
244.51083,21.382462,98.691605,143.466
240.23901,21.85711,98.691605,143.466
236.91647,20.433167,98.691605,143.466
241.1883,22.806396,98.691605,143.466
240.71365,18.534576,98.691605,143.466
242.1376,12.364166,98.691605,143.466
237.86578,10.940224,98.691605,143.466
241.18832,9.516281,98.691605,143.466
236.9165,9.990929,98.691605,143.466
240.23904,8.566986,98.691605,143.466
235.96722,9.041634,98.691605,143.466
239.28976,9.516281,98.691605,143.466
237.86581,9.990929,98.691605,143.466
240.23904,10.465576,98.691605,143.466
241.663,9.041634,98.691605,143.466
244.03622,4.7698135,98.691605,143.466
246.40945,8.092339,98.691605,143.466
244.03622,5.7191086,98.691605,143.466
249.25732,10.940224,98.691605,143.466
252.57986,7.6176987,98.691605,143.466
256.85168,11.889519,98.691605,143.466
262.07278,14.262749,98.691605,143.466
264.446,10.940224,98.691605,143.466
268.71783,15.212044,98.691605,143.466
275.83752,17.585274,98.691605,143.466
284.66718,17.742523,96.586975,140.40656
294.204,23.269241,94.52723,137.41234
297.38635,19.177673,94.52723,137.41234
304.09067,22.833786,92.511406,134.48198
310.65204,22.123512,90.538574,131.6141
316.3127,24.30069,90.538574,131.6141
322.73416,25.284348,88.60781,128.80739
324.8649,24.005898,88.60781,128.80739
330.40485,28.693542,88.60781,128.80739
337.51083,26.370247,86.71822,126.06053
343.76675,30.957932,86.71822,126.06053
352.52505,33.043243,86.71822,126.06053
354.61035,29.289688,86.71822,126.06053
360.86627,33.877373,86.71822,126.06053
367.95633,35.962685,86.71822,126.06053
375.8805,33.877373,86.71822,126.06053
381.3023,38.465057,86.71822,126.06053
381.71936,33.877373,86.71822,126.06053
386.30704,39.29918,86.71822,126.06053
391.72885,34.711494,86.71822,126.06053
397.15067,38.46505,86.71822,126.06053
403.54727,39.23401,88.63686,128.84962
404.77808,38.250885,90.59795,131.70042
406.08524,37.815163,90.59795,131.70042
405.6495,35.63656,90.59795,131.70042
404.34235,39.558052,90.59795,131.70042
401.2923,35.63656,90.59795,131.70042
402.59946,37.815163,90.59795,131.70042
398.67798,33.89367,90.59795,131.70042
393.0136,31.715065,90.59795,131.70042
387.34924,29.53646,90.59795,131.70042
379.07053,28.229294,90.59795,131.70042
378.6348,26.922127,90.59795,131.70042
370.78137,23.706703,88.665924,128.89188
362.27344,22.203918,86.77509,126.14322
353.1424,25.560192,84.92459,123.45318
345.78082,25.695507,83.11355,120.8205
343.9701,28.139603,81.341125,118.24397
339.9356,30.531586,79.6065,115.72238
332.6613,33.2116,79.6065,115.72238
325.38696,34.360176,79.6065,115.72238
319.64407,33.977318,79.6065,115.72238
316.96405,35.125893,79.6065,115.72238
315.81546,33.2116,79.6065,115.72238
315.4326,34.360176,79.6065,115.72238
318.87833,33.2116,79.6065,115.72238
320.79263,34.360176,79.6065,115.72238
319.64404,32.445885,79.6065,115.72238
322.32407,35.891617,79.6065,115.72238
325.0041,36.274475,79.6065,115.72238
326.9184,38.188766,79.6065,115.72238
328.8327,39.33734,79.6065,115.72238
326.9184,37.42305,79.6065,115.72238
330.36414,40.103065,79.6065,115.72238
327.6841,42.017357,79.6065,115.72238
328.067,43.16593,79.6065,115.72238
324.62125,41.25164,79.6065,115.72238
326.53555,43.931656,79.6065,115.72238
322.3241,44.314514,79.6065,115.72238
317.34692,47.760246,79.6065,115.72238
313.13547,48.90882,79.6065,115.72238
309.68973,50.823112,79.6065,115.72238
311.60403,48.143097,79.6065,115.72238
306.62686,50.823112,79.6065,115.72238
300.11826,53.503128,79.6065,115.72238
290.54678,52.354553,79.6065,115.72238
280.9753,54.268845,79.6065,115.72238
277.52957,51.58883,79.6065,115.72238
271.78668,51.971687,79.6065,115.72238
266.8095,48.525955,79.6065,115.72238
262.59805,46.611664,79.6065,115.72238
258.3866,43.16593,79.6065,115.72238
256.4723,42.017357,79.6065,115.72238
256.08942,40.868782,79.6065,115.72238
254.94083,38.188766,79.6065,115.72238
230.32721,64.147064,77.90887,113.25457
226.20557,66.76993,77.90887,113.25457
220.58514,65.64584,77.90887,113.25457
213.8921,64.00421,79.6326,115.76033
212.74315,62.089287,79.6326,115.76033
211.5942,62.472275,79.6326,115.76033
175.89825,55.95461,77.93441,113.29171
172.03275,53.18863,76.27244,110.87573
170.93227,49.887215,76.27244,110.87573
167.63084,50.254036,76.27244,110.87573
169.5048,49.668434,74.645905,108.51128
168.4278,50.745438,74.645905,108.51128
173.03,48.096172,73.05406,106.19724
178.88864,46.180695,71.49616,103.932556
175.79396,52.0262,71.49616,103.932556
176.22487,50.81442,69.97149,101.71616
179.25356,47.785732,69.97149,101.71616
176.89792,52.833538,69.97149,101.71616
177.90749,51.150936,69.97149,101.71616
176.89792,54.179623,69.97149,101.71616
177.90749,49.80486,69.97149,101.71616
180.27536,53.808636,68.479324,99.547035
177.31125,52.161915,68.479324,99.547035
181.53326,49.096634,67.01898,97.424164
178.63239,52.64216,67.01898,97.424164
180.88863,48.45199,67.01898,97.424164
179.27702,51.352875,67.01898,97.424164
181.53326,47.80735,67.01898,97.424164
179.27702,51.99752,67.01898,97.424164
181.53326,47.80735,67.01898,97.424164
179.27702,51.352875,67.01898,97.424164
181.53326,46.518066,67.01898,97.424164
179.27702,50.06359,67.01898,97.424164
180.88863,45.228783,67.01898,97.424164
178.63239,48.12967,67.01898,97.424164
180.24399,49.096634,67.01898,97.424164
180.56631,44.261826,67.01898,97.424164
181.59158,48.09666,65.58978,95.346565
181.27614,50.30479,65.58978,95.346565
180.9607,46.203976,65.58978,95.346565
180.01436,49.673893,65.58978,95.346565
182.22249,46.203976,65.58978,95.346565
180.01436,49.673893,65.58978,95.346565
182.22249,45.57308,65.58978,95.346565
180.64525,48.412098,65.58978,95.346565
182.22249,49.98933,65.58978,95.346565
180.64525,46.519413,65.58978,95.346565
180.90149,48.41013,67.040955,97.45611
179.9342,44.863438,67.040955,97.45611
180.25664,47.765278,67.040955,97.45611
181.22392,48.732555,67.040955,97.45611
180.90149,44.54101,67.040955,97.45611
179.9342,46.797993,67.040955,97.45611
181.54634,48.410122,67.040955,97.45611
179.9342,44.86343,67.040955,97.45611
179.61177,47.12041,67.040955,97.45611
181.2239,48.73254,67.040955,97.45611
180.90147,44.540997,67.040955,97.45611
178.48724,46.473545,68.52424,99.61233
180.79416,43.507504,68.52424,99.61233
178.48724,46.473545,68.52424,99.61233
180.80614,45.947433,67.062935,97.48807
179.83855,46.91503,67.062935,97.48807
178.87096,49.817818,67.062935,97.48807
180.48361,44.979836,67.062935,97.48807
176.73009,47.582275,68.5467,99.64499
173.57758,48.874165,70.06329,101.84963
171.05452,50.893837,71.61344,104.10306
167.76096,52.95819,73.19789,106.40634
163.88855,49.085777,73.19789,106.40634
159.06119,51.92628,74.8174,108.76058
151.88708,48.109882,76.47273,111.16691
152.99045,47.742092,76.47273,111.16691
149.68036,48.845455,76.47273,111.16691
152.25485,47.00652,76.47273,111.16691
153.35822,51.05218,76.47273,111.16691
154.52812,49.04707,74.84193,108.79624
154.88806,50.84679,74.84193,108.79624
158.12756,49.766956,74.84193,108.79624
170.00572,51.566677,74.84193,108.79624
180.17094,48.216587,73.2459,106.47613
185.45497,45.04617,73.2459,106.47613
186.5755,44.48381,71.683914,104.20549
188.9888,44.139053,71.683914,104.20549
190.75003,43.588684,70.155235,101.98328
193.12411,41.749218,68.65916,99.80845
197.41682,44.721096,68.65916,99.80845
201.70953,48.35339,68.65916,99.80845
223.76595,91.111465,67.19498,97.68
225.41687,96.82529,65.762024,95.59695
223.37448,96.32039,64.35963,93.55831
224.92212,99.72522,64.35963,93.55831
225.23166,98.17757,64.35963,93.55831
226.76764,100.675095,65.783585,95.62829
227.71677,103.52251,65.783585,95.62829
230.5528,107.896545,64.38073,93.58899
237.05508,115.01808,64.38073,93.58899
244.17664,119.66257,64.38073,93.58899
242.62848,117.49515,64.38073,93.58899
241.69958,119.043304,64.38073,93.58899
243.28139,121.53342,63.00779,91.59318
246.6147,121.23039,63.00779,91.59318
245.09956,120.92737,63.00779,91.59318
242.3723,124.866745,63.00779,91.59318
240.25108,123.35159,63.00779,91.59318
240.04669,126.37276,61.66413,89.63992
239.75012,130.22813,61.66413,89.63992
240.04669,129.33844,61.66413,89.63992
238.56384,130.82127,61.66413,89.63992
239.45355,131.11784,61.66413,89.63992
239.15698,130.22815,61.66413,89.63992
240.04669,132.30412,61.66413,89.63992
240.34326,132.6007,61.66413,89.63992
240.04669,131.11786,61.66413,89.63992
237.97073,132.00755,61.66413,89.63992
235.48392,132.1058,60.349125,87.728325
233.05013,136.1185,59.06216,85.85749
233.95366,135.66504,57.802643,84.02655
231.62257,138.97252,56.569984,82.23466
230.9146,141.16052,55.363613,80.48098
230.73499,142.2753,54.18297,78.7647
231.06157,142.36163,53.0275,77.08502
230.80653,143.63678,53.0275,77.08502
233.09262,142.73802,51.89667,75.44116
233.40541,145.70755,50.78996,73.83236
235.60384,145.95181,50.78996,73.83236
237.79346,144.62012,49.70685,72.25786
238.09305,144.23846,48.646835,70.716934
241.09232,143.41397,47.60943,69.20888
244.52692,140.43732,47.60943,69.20888
247.96152,137.4607,47.60943,69.20888
251.47336,139.78333,48.66279,70.74013
249.83508,139.0812,48.66279,70.74013
246.79257,138.37909,48.66279,70.74013
242.8139,134.86853,48.66279,70.74013
251.00525,137.91101,48.66279,70.74013
255.92004,138.61313,48.66279,70.74013
257.56705,139.04465,49.739452,72.30525
259.25046,135.51472,50.83994,73.90501
263.00058,131.90668,51.96477,75.54015
266.3151,128.21881,53.11449,77.21148
270.6577,126.941574,53.11449,77.21148
270.40225,126.68613,53.11449,77.21148
275.76666,124.897995,53.11449,77.21148
280.51868,123.99777,51.981808,75.56492
285.2687,126.24779,51.981808,75.56492
289.10306,126.708725,53.131905,77.23679
289.86966,126.453186,53.131905,77.23679
293.63803,128.50821,51.99885,75.5897
296.36188,128.59106,50.88996,73.97772
300.44305,130.55939,49.804718,72.40012
303.55695,129.84079,49.804718,72.40012
302.83832,129.60126,49.804718,72.40012
304.51508,131.27797,49.804718,72.40012
306.66223,132.74255,48.74262,70.85617
309.21548,133.27213,47.703167,69.34514
309.06073,134.67491,46.685883,67.86633
309.34213,135.61496,45.690292,66.41906
311.3445,133.28432,46.70119,67.88858
312.46753,133.05971,46.70119,67.88858
310.3197,133.93988,47.734455,69.39062
312.38586,132.792,47.734455,69.39062
311.69714,133.93988,47.734455,69.39062
309.5018,133.41043,48.79058,70.92589
310.17932,130.92166,49.87007,72.495125
308.5004,130.20213,49.87007,72.495125
310.659,131.88104,49.87007,72.495125
308.36542,128.83951,50.973446,74.09908
310.08148,130.55557,50.973446,74.09908
308.75455,127.44676,52.101234,75.738525
307.50168,127.19618,52.101234,75.738525
307.2511,128.95021,52.101234,75.738525
309.00513,127.19618,52.101234,75.738525
307.75226,127.44676,52.101234,75.738525
306.4994,128.19849,52.101234,75.738525
304.2442,126.9456,52.101234,75.738525
301.989,128.19849,52.101234,75.738525
297.5131,123.98099,53.253975,77.41424
293.6713,124.749344,53.253975,77.41424
291.87845,123.98099,53.253975,77.41424
295.208,125.77382,53.253975,77.41424
293.41516,127.56665,53.253975,77.41424
292.13455,126.28606,53.253975,77.41424
291.46808,126.37091,52.118317,75.76336
290.21478,125.61894,52.118317,75.76336
287.2977,126.08111,53.271435,77.43962
284.8477,124.426994,54.450066,79.15297
281.8001,122.1929,55.654774,80.90423
278.32047,121.38991,55.654774,80.90423
266.8744,116.32936,56.886135,82.69424
262.77057,114.414246,56.886135,82.69424
258.66675,111.404785,56.886135,82.69424
257.2988,110.03685,56.886135,82.69424
259.2139,111.951965,56.886135,82.69424
256.75162,110.58403,56.886135,82.69424
258.66672,113.046326,56.886135,82.69424
256.89996,109.44519,55.67302,80.930756
259.3001,108.501595,54.485775,79.20488
259.03806,107.19138,54.485775,79.20488
258.776,109.54978,54.485775,79.20488
260.07632,111.120415,55.691273,80.95729
263.07275,109.391174,56.923443,82.748474
263.89404,108.56987,56.923443,82.748474
262.5252,109.938705,56.923443,82.748474
264.9891,108.02234,56.923443,82.748474
265.77957,109.09517,58.182873,84.579285
266.61905,106.57675,58.182873,84.579285
267.427,104.77014,59.47017,86.4506
264.85287,107.344284,59.47017,86.4506
267.99905,107.630295,59.47017,86.4506
265.42493,106.77225,59.47017,86.4506
267.99905,110.49045,59.47017,86.4506
270.57318,108.48834,59.47017,86.4506
265.9694,111.339874,58.20195,84.60702
268.48865,109.94029,58.20195,84.60702
270.44806,111.899704,58.20195,84.60702
272.40747,111.05995,58.20195,84.60702
271.0079,110.2202,58.20195,84.60702
272.40747,112.17961,58.20195,84.60702
273.24722,113.57919,58.20195,84.60702
276.88614,112.73944,58.20195,84.60702
278.2857,110.78003,58.20195,84.60702
276.88614,112.73944,58.20195,84.60702
278.84555,113.01936,58.20195,84.60702
280.80496,111.61978,58.20195,84.60702
283.32422,108.54071,58.20195,84.60702
284.16397,109.94029,58.20195,84.60702
283.88406,107.98088,58.20195,84.60702
285.84348,107.14113,58.20195,84.60702
285.00372,105.74155,58.20195,84.60702
283.0443,103.222305,58.20195,84.60702
282.20456,99.02356,58.20195,84.60702
283.60413,100.98297,58.20195,84.60702
280.71735,98.37772,56.960777,82.80275
277.70392,100.84324,56.960777,82.80275
267.02,95.63825,56.960777,82.80275
260.17133,93.17274,56.960777,82.80275
256.06213,92.898796,56.960777,82.80275
251.95293,97.008,56.960777,82.80275
248.07152,102.37967,55.74607,81.03696
244.27287,113.32189,54.55727,79.30882
206.75148,142.97165,54.55727,79.30882
204.39,147.43225,54.55727,79.30882
199.92941,158.19012,54.55727,79.30882
182.0492,176.99191,53.39382,77.61754
176.65657,195.7377,53.39382,77.61754
207.23723,123.744514,54.57516,79.33482
206.44981,120.85731,54.57516,79.33482
205.6624,119.02,54.57516,79.33482
204.87498,121.9072,54.57516,79.33482
204.08757,118.49505,54.57516,79.33482
203.30016,122.43215,54.57516,79.33482
202.51274,120.06989,54.57516,79.33482
203.85362,123.19269,53.411327,77.64298
200.86418,120.4682,54.593052,79.36083
200.60162,117.05493,54.593052,79.36083
199.81395,120.99332,54.593052,79.36083
201.6614,119.05575,53.428837,77.66844
199.86269,122.91015,53.428837,77.66844
198.06396,120.59751,53.428837,77.66844
199.34877,122.91015,53.428837,77.66844
197.55005,119.569664,53.428837,77.66844
199.86269,121.8823,53.428837,77.66844
196.87225,120.75649,54.61095,79.386856
198.71077,123.64559,54.61095,79.386856
196.74417,120.314926,55.819218,81.14329
197.01263,123.267944,55.819218,81.14329
197.2811,120.85184,55.819218,81.14329
198.62338,118.97264,55.819218,81.14329
198.89185,122.46257,55.819218,81.14329
200.77104,119.50955,55.819218,81.14329
201.0395,116.55653,55.819218,81.14329
201.30797,119.50955,55.819218,81.14329
275.0563,101.0649,57.05422,82.93858
276.97708,97.49775,57.05422,82.93858
275.6051,94.47939,57.05422,82.93858
276.42828,91.46104,57.05422,82.93858
275.6051,90.637856,57.05422,82.93858
276.42828,88.1683,57.05422,82.93858
276.1539,84.60115,57.05422,82.93858
277.52588,81.582794,57.05422,82.93858
278.34906,78.56444,57.05422,82.93858
276.97708,78.29004,57.05422,82.93858
278.89786,75.27168,57.05422,82.93858
280.26984,72.25333,57.05422,82.93858
281.09302,69.23497,57.05422,82.93858
281.9162,65.66782,57.05422,82.93858
282.73938,65.94222,57.05422,82.93858
285.75775,62.923866,57.05422,82.93858
290.4225,60.4543,57.05422,82.93858
295.63602,57.984734,57.05422,82.93858
302.4959,58.807922,57.05422,82.93858
304.42664,59.95675,55.83752,81.16989
311.14026,58.076935,55.83752,81.16989
316.7797,59.95675,55.83752,81.16989
322.9562,58.076935,55.83752,81.16989
328.59564,56.734215,55.83752,81.16989
326.71582,58.61403,55.83752,81.16989
332.35526,56.19713,55.83752,81.16989
336.9205,58.61403,55.83752,81.16989
335.704,62.326736,54.64677,79.43892
338.595,59.435738,54.64677,79.43892
343.0629,58.12165,54.64677,79.43892
341.7488,61.538284,54.64677,79.43892
338.33218,59.172928,54.64677,79.43892
336.49246,63.64083,54.64677,79.43892
336.22964,72.31382,54.64677,79.43892
335.96683,73.62791,54.64677,79.43892
330.9733,78.621445,54.64677,79.43892
321.24905,87.82007,54.64677,79.43892
310.4735,92.81361,54.64677,79.43892
303.90308,95.7046,54.64677,79.43892
300.48645,98.069954,54.64677,79.43892
294.9673,96.23023,54.64677,79.43892
287.87122,94.916145,54.64677,79.43892
280.2495,92.025154,54.64677,79.43892
273.67908,88.60852,54.64677,79.43892
270.7881,89.396965,54.64677,79.43892
265.26892,86.505974,54.64677,79.43892
258.6985,85.19189,54.64677,79.43892
251.60243,86.505974,54.64677,79.43892
243.98073,88.345695,54.64677,79.43892
242.66664,87.03161,54.64677,79.43892
234.5193,87.82006,54.64677,79.43892
226.37195,87.03161,54.64677,79.43892
219.27586,85.71752,54.64677,79.43892
212.70541,83.8778,54.64677,79.43892
211.91696,82.56371,54.64677,79.43892
206.92343,81.249626,54.64677,79.43892
201.9299,78.88427,54.64677,79.43892
196.93637,75.99327,54.64677,79.43892
192.46848,74.15355,54.64677,79.43892
193.25693,75.467636,54.64677,79.43892
189.31467,75.20482,54.64677,79.43892
190.10312,77.04454,54.64677,79.43892
188.78903,77.30736,54.64677,79.43892
190.10312,79.672714,54.64677,79.43892
190.36594,79.4099,54.64677,79.43892
191.68002,80.72398,54.64677,79.43892
192.99411,81.512436,54.64677,79.43892
195.35947,83.87779,54.64677,79.43892
197.19919,85.19188,54.64677,79.43892
196.93637,84.92906,54.64677,79.43892
199.30173,86.24315,54.64677,79.43892
201.14145,88.608505,54.64677,79.43892
203.5068,89.9226,54.64677,79.43892
205.34653,91.23669,54.64677,79.43892
205.08371,90.448235,54.64677,79.43892
206.92343,92.28796,54.64677,79.43892
207.71188,92.55077,54.64677,79.43892
209.5516,92.81359,54.64677,79.43892
210.34006,92.55077,54.64677,79.43892
211.12851,93.86486,54.64677,79.43892
211.91696,92.55077,54.64677,79.43892
212.17978,93.86486,54.64677,79.43892
210.86569,93.07641,54.64677,79.43892
213.23105,93.339226,54.64677,79.43892
211.39133,93.60204,54.64677,79.43892
213.75668,93.339226,54.64677,79.43892
216.64767,93.07641,54.64677,79.43892
215.85922,91.76232,54.64677,79.43892
218.75021,92.55077,54.64677,79.43892
217.43613,91.76232,54.64677,79.43892
220.85275,93.60204,54.64677,79.43892
221.11557,92.28796,54.64677,79.43892
224.00656,93.07641,54.64677,79.43892
225.84628,92.81359,54.64677,79.43892
224.5322,92.02514,54.64677,79.43892
225.32065,92.28796,54.64677,79.43892
227.16037,91.499504,54.64677,79.43892
229.52574,93.339226,54.64677,79.43892
228.21164,92.02514,54.64677,79.43892
227.42319,91.23669,54.64677,79.43892
228.73727,92.55077,54.64677,79.43892
228.47446,92.28796,54.64677,79.43892
229.78856,92.55077,54.64677,79.43892
231.62828,92.81359,54.64677,79.43892
230.83983,91.499504,54.64677,79.43892
231.62828,93.339226,54.64677,79.43892
230.3142,92.02514,54.64677,79.43892
229.52574,93.339226,54.64677,79.43892
230.3142,94.65331,54.64677,79.43892
229.0001,93.339226,54.64677,79.43892
229.78856,94.65331,54.64677,79.43892
228.47447,94.91613,54.64677,79.43892
228.73729,95.70458,54.64677,79.43892
229.0001,97.544304,54.64677,79.43892
228.73729,95.70458,54.64677,79.43892
230.05138,98.06994,54.64677,79.43892
231.8911,98.85839,54.64677,79.43892
233.20518,99.64684,54.64677,79.43892
233.99364,101.486565,54.64677,79.43892
234.25645,100.69811,54.64677,79.43892
234.51927,102.0122,54.64677,79.43892
235.83336,101.22375,54.64677,79.43892
237.67308,101.486565,54.64677,79.43892
239.5128,102.27502,54.64677,79.43892
240.30125,102.0122,54.64677,79.43892
241.61534,100.69811,54.64677,79.43892
243.45506,102.0122,54.64677,79.43892
245.29478,100.69811,54.64677,79.43892
247.1345,101.486565,54.64677,79.43892
248.4486,101.22375,54.64677,79.43892
249.23705,99.90966,54.64677,79.43892
251.6024,98.59557,54.64677,79.43892
253.96776,98.85839,54.64677,79.43892
255.80748,96.493034,54.64677,79.43892
254.4934,97.80712,54.64677,79.43892
256.85873,95.441765,54.64677,79.43892
258.69846,94.65331,54.64677,79.43892
260.53818,93.339226,54.64677,79.43892
262.3779,92.02514,54.64677,79.43892
262.64072,92.81359,54.64677,79.43892
263.9548,90.97387,54.64677,79.43892
264.74326,90.71105,54.64677,79.43892
263.9548,92.02514,54.64677,79.43892
264.74326,89.65978,54.64677,79.43892
263.42917,91.499504,54.64677,79.43892
264.21762,89.65978,54.64677,79.43892
262.3779,89.396965,54.64677,79.43892
263.16635,88.08288,54.64677,79.43892
263.42917,87.82006,54.64677,79.43892
262.11508,87.03161,54.64677,79.43892
263.9548,87.82006,54.64677,79.43892
263.16635,87.03161,54.64677,79.43892
264.48044,86.24316,54.64677,79.43892
261.58945,88.08288,54.64677,79.43892
263.42917,86.76879,54.64677,79.43892
264.74326,89.13415,54.64677,79.43892
262.90353,87.82006,54.64677,79.43892
263.692,87.55724,54.64677,79.43892
262.3779,89.9226,54.64677,79.43892
263.16635,89.13415,54.64677,79.43892
261.85226,90.97387,54.64677,79.43892
259.4869,91.76232,54.64677,79.43892
258.17282,94.12768,54.64677,79.43892
257.91,93.86486,54.64677,79.43892
257.6472,93.60204,54.64677,79.43892
254.23058,94.91613,54.64677,79.43892
251.86522,93.60204,54.64677,79.43892
251.6024,95.9674,54.64677,79.43892
249.23705,95.70458,54.64677,79.43892
250.0255,97.01867,54.64677,79.43892
248.18578,97.28149,54.64677,79.43892
248.97423,99.12121,54.64677,79.43892
247.66014,98.332756,54.64677,79.43892
248.97423,99.12121,54.64677,79.43892
249.76268,98.85839,54.64677,79.43892
250.0255,98.06994,54.64677,79.43892
251.86522,97.28149,54.64677,79.43892
254.23058,97.544304,54.64677,79.43892
256.59592,97.80712,54.64677,79.43892
257.91,97.01867,54.64677,79.43892
260.801,96.23022,54.64677,79.43892
263.16635,97.01867,54.64677,79.43892
266.05734,95.70458,54.64677,79.43892
268.94833,97.544304,54.64677,79.43892
270.78806,96.75585,54.64677,79.43892
273.1534,95.9674,54.64677,79.43892
276.0444,94.65331,54.64677,79.43892
278.9354,97.01867,54.64677,79.43892
281.87564,93.68582,55.85583,81.1965
279.45795,95.02899,55.85583,81.1965
282.4129,93.68582,55.85583,81.1965
284.8306,95.56625,55.85583,81.1965
282.4129,93.68582,55.85583,81.1965
285.36786,95.02899,55.85583,81.1965
282.95016,93.14856,55.85583,81.1965
285.36786,93.95445,55.85583,81.1965
284.0247,93.14856,55.85583,81.1965
285.36786,94.49173,55.85583,81.1965
283.48743,95.29762,55.85583,81.1965
286.44238,94.49173,55.85583,81.1965
282.95016,95.29762,55.85583,81.1965
285.36786,95.56625,55.85583,81.1965
286.17377,95.29762,55.85583,81.1965
285.36786,95.56625,55.85583,81.1965
287.2483,94.76036,55.85583,81.1965
284.29333,95.56625,55.85583,81.1965
287.2483,94.76036,55.85583,81.1965
285.90512,95.56625,55.85583,81.1965
288.86008,94.76036,55.85583,81.1965
285.36786,95.56625,55.85583,81.1965
288.86008,94.22308,55.85583,81.1965
287.5169,93.95445,55.85583,81.1965
290.47186,92.61128,55.85583,81.1965
289.1287,93.417175,55.85583,81.1965
291.5464,93.68581,55.85583,81.1965
294.50134,93.417175,55.85583,81.1965
291.5464,94.22307,55.85583,81.1965
293.96408,92.342636,55.85583,81.1965
291.5464,92.61127,55.85583,81.1965
293.96408,91.2681,55.85583,81.1965
292.08365,92.07399,55.85583,81.1965
294.50134,90.73082,55.85583,81.1965
292.08365,91.53671,55.85583,81.1965
293.42682,91.26808,55.85583,81.1965
291.5464,91.53671,55.85583,81.1965
293.42682,90.19354,55.85583,81.1965
289.9346,90.46217,55.85583,81.1965
290.20325,89.65628,55.85583,81.1965
287.2483,89.38765,55.85583,81.1965
289.666,88.58174,55.85583,81.1965
286.17377,89.92491,55.85583,81.1965
286.97968,88.58174,55.85583,81.1965
284.02472,89.92491,55.85583,81.1965
284.83063,89.65628,55.85583,81.1965
282.41293,90.46217,55.85583,81.1965
284.83063,90.730804,55.85583,81.1965
281.87567,90.999435,55.85583,81.1965
284.29337,89.656265,55.85583,81.1965
280.80115,90.46216,55.85583,81.1965
283.21884,89.656265,55.85583,81.1965
280.2639,90.46216,55.85583,81.1965
283.26917,88.170395,57.09164,82.99297
279.69968,87.89581,57.09164,82.99297
282.17087,87.62125,57.09164,82.99297
279.15054,88.44498,57.09164,82.99297
280.52344,88.170395,57.09164,82.99297
278.6014,88.994125,57.09164,82.99297
281.62173,89.26871,57.09164,82.99297
279.15054,89.54329,57.09164,82.99297
281.62173,88.71956,57.09164,82.99297
279.15054,90.09244,57.09164,82.99297
281.0828,88.31972,58.354794,84.82919
279.11823,86.91646,58.354794,84.82919
281.64407,86.0745,58.354794,84.82919
278.55692,87.47775,58.354794,84.82919
280.52148,84.95189,58.354794,84.82919
278.55692,86.91646,58.354794,84.82919
281.08276,84.95189,58.354794,84.82919
279.1182,86.35515,58.354794,84.82919
281.08276,85.51319,58.354794,84.82919
278.55692,86.91646,58.354794,84.82919
279.96017,84.95189,58.354794,84.82919
278.55692,85.793846,58.354794,84.82919
280.52148,83.26798,58.354794,84.82919
278.55692,85.232544,58.354794,84.82919
281.64407,82.14538,58.354794,84.82919
280.80212,82.987335,58.354794,84.82919
282.20538,83.82929,58.354794,84.82919
283.04733,80.74213,58.354794,84.82919
281.08276,83.26799,58.354794,84.82919
284.73123,81.86473,58.354794,84.82919
282.20538,84.9519,58.354794,84.82919
285.29254,82.42603,58.354794,84.82919
283.32797,83.82929,58.354794,84.82919
284.73123,81.30343,58.354794,84.82919
283.88928,82.70669,58.354794,84.82919
286.97644,80.74213,58.354794,84.82919
286.1345,82.145386,58.354794,84.82919
288.66034,79.61952,58.354794,84.82919
286.69577,81.58408,58.354794,84.82919
286.9764,82.42604,58.354794,84.82919
288.37967,80.46148,58.354794,84.82919
284.7312,81.86474,58.354794,84.82919
286.13446,81.58408,58.354794,84.82919
284.7312,81.86474,58.354794,84.82919
283.88925,82.706696,58.354794,84.82919
285.2925,81.30344,58.354794,84.82919
282.76666,79.90018,58.354794,84.82919
281.9247,81.30344,58.354794,84.82919
283.88928,79.338875,58.354794,84.82919
280.80212,79.61953,58.354794,84.82919
278.27628,79.900185,58.354794,84.82919
280.24084,78.496925,58.354794,84.82919
277.1537,80.46149,58.354794,84.82919
277.99564,79.05823,58.354794,84.82919
274.90848,81.58409,58.354794,84.82919
272.38263,82.42605,58.354794,84.82919
270.41806,79.33888,58.354794,84.82919
267.3309,80.74214,58.354794,84.82919
268.17285,81.0228,58.354794,84.82919
266.7696,81.86475,58.354794,84.82919
265.92764,82.70671,58.354794,84.82919
267.3309,81.86475,58.354794,84.82919
265.36633,83.829315,58.354794,84.82919
266.7696,82.426056,58.354794,84.82919
267.05023,83.26801,58.354794,84.82919
266.7696,83.54867,58.354794,84.82919
267.05023,82.70671,58.354794,84.82919
267.89218,83.54867,58.354794,84.82919
267.05023,82.70671,58.354794,84.82919
269.0148,84.10997,58.354794,84.82919
269.29544,83.26801,58.354794,84.82919
270.1374,85.232574,58.354794,84.82919
268.73413,86.63583,58.354794,84.82919
270.1374,86.91649,58.354794,84.82919
272.10196,88.88104,58.354794,84.82919
270.6987,90.8456,58.354794,84.82919
272.66327,92.81015,58.354794,84.82919
271.26,93.6521,58.354794,84.82919
273.22458,94.49405,58.354794,84.82919
272.38263,93.6521,58.354794,84.82919
273.7859,91.687546,58.354794,84.82919
274.62784,90.28429,58.354794,84.82919
273.7859,88.31973,58.354794,84.82919
275.18915,88.03908,58.354794,84.82919
276.5924,86.07452,58.354794,84.82919
274.62784,86.35518,58.354794,84.82919
277.1537,83.268005,58.354794,84.82919
277.43433,82.98735,58.354794,84.82919
275.46976,84.95191,58.354794,84.82919
278.55692,81.864746,58.354794,84.82919
278.83755,81.02279,58.354794,84.82919
280.2408,79.61953,58.354794,84.82919
281.64407,77.65497,58.354794,84.82919
277.9956,80.18083,58.354794,84.82919
282.20538,76.532364,58.354794,84.82919
284.16995,75.129105,58.354794,84.82919
286.13452,74.28715,58.354794,84.82919
286.97647,75.129105,58.354794,84.82919
285.5732,74.84845,58.354794,84.82919
286.97647,73.44519,58.354794,84.82919
288.94104,73.164536,58.354794,84.82919
290.3443,71.76128,58.354794,84.82919
290.62494,70.91932,58.354794,84.82919
290.90558,71.76128,58.354794,84.82919
292.30884,70.91932,58.354794,84.82919
293.7121,72.32258,58.354794,84.82919
315.48706,65.85182,59.645893,86.70604
316.3153,63.999783,60.965557,88.62441
316.5535,62.715176,62.31442,90.58523
315.05502,62.415478,62.31442,90.58523
317.1529,62.715176,62.31442,90.58523
317.45258,61.81609,62.31442,90.58523
316.5535,62.115788,62.31442,90.58523
317.4188,60.802753,63.693127,92.589424
316.49982,60.496426,63.693127,92.589424
315.4774,59.789967,65.10234,94.63796
313.78268,57.7685,66.54273,96.73183
314.10272,60.008713,66.54273,96.73183
314.42276,59.048622,66.54273,96.73183
314.10272,59.368652,66.54273,96.73183
315.70288,58.40856,66.54273,96.73183
316.6269,58.998623,68.01499,98.87202
316.954,57.36307,68.01499,98.87202
316.6269,55.72752,68.01499,98.87202
318.25012,56.33063,69.51982,101.05956
319.25317,56.66498,69.51982,101.05956
321.6061,56.58767,71.057945,103.2955
319.2139,54.878944,71.057945,103.2955
320.2006,55.50904,72.630104,105.58092
317.75543,54.46112,72.630104,105.58092
318.03918,54.380352,74.237045,107.91689
317.68216,54.737385,74.237045,107.91689
316.61105,55.80849,74.237045,107.91689
317.68216,55.451458,74.237045,107.91689
316.61105,57.950703,74.237045,107.91689
315.53995,59.02181,74.237045,107.91689
313.60745,61.161793,75.87954,110.30456
311.78278,64.4462,75.87954,110.30456
311.41785,61.161793,75.87954,110.30456
308.13342,65.905945,75.87954,110.30456
301.92953,60.431927,75.87954,110.30456
296.4555,55.68778,75.87954,110.30456
293.90097,53.86311,75.87954,110.30456
294.9958,54.228046,75.87954,110.30456
292.44125,53.133244,75.87954,110.30456
294.9958,53.49818,75.87954,110.30456
293.1711,52.403378,75.87954,110.30456
295.72565,52.768314,75.87954,110.30456
293.90097,52.403378,75.87954,110.30456
296.4555,51.308575,75.87954,110.30456
299.73993,53.133244,75.87954,110.30456
304.48407,57.147526,75.87954,110.30456
311.41782,53.863117,75.87954,110.30456
313.2425,55.687786,75.87954,110.30456
315.79703,53.133244,75.87954,110.30456
319.08145,54.228046,75.87954,110.30456
323.09573,56.052715,75.87954,110.30456
324.9204,58.607258,75.87954,110.30456
326.7451,61.1618,75.87954,110.30456
326.2843,54.262264,77.55837,112.74505
327.40332,55.38129,77.55837,112.74505
324.61032,49.103096,79.27435,115.23953
322.704,51.009407,79.27435,115.23953
323.8478,52.15319,79.27435,115.23953
321.179,54.0595,79.27435,115.23953
320.79773,54.440765,79.27435,115.23953
321.94153,57.872116,79.27435,115.23953
323.04233,54.619488,81.0283,117.78921
323.43204,57.347363,81.0283,117.78921
324.60114,57.737057,81.0283,117.78921
322.65265,60.46493,81.0283,117.78921
323.04236,63.972202,81.0283,117.78921
322.65265,66.70007,81.0283,117.78921
322.16058,64.184105,82.821045,120.395294
318.5757,66.972336,82.821045,120.395294
315.78748,64.184105,82.821045,120.395294
311.40598,69.36224,82.821045,120.395294
306.22784,68.16729,82.821045,120.395294
308.21945,71.75217,82.821045,120.395294
303.83795,68.96394,82.821045,120.395294
308.21945,70.15889,82.821045,120.395294
310.21106,73.74376,82.821045,120.395294
314.59256,78.125275,82.821045,120.395294
315.7875,76.93031,82.821045,120.395294
320.96564,80.51518,82.821045,120.395294
330.12698,79.32022,82.821045,120.395294
337.69504,80.51518,82.821045,120.395294
346.85638,83.30342,82.821045,120.395294
349.64462,86.09166,82.821045,120.395294
358.0093,86.489975,82.821045,120.395294
365.57736,91.66812,82.821045,120.395294
370.7555,96.04964,82.821045,120.395294
378.32355,101.22778,82.821045,120.395294
381.1118,102.422745,82.821045,120.395294
387.8832,106.80426,82.821045,120.395294
392.2647,111.98241,82.821045,120.395294
391.76178,116.02286,84.65346,123.059044
395.42596,122.12984,84.65346,123.059044
394.20456,120.09418,84.65346,123.059044
397.05447,125.38689,84.65346,123.059044
393.3903,127.42255,84.65346,123.059044
388.91183,126.20116,84.65346,123.059044
383.6191,123.35124,84.65346,123.059044
386.46902,127.01543,84.65346,123.059044
381.1763,123.35124,84.65346,123.059044
374.25507,118.05853,84.65346,123.059044
367.33383,109.50877,84.65346,123.059044
360.4126,100.959015,84.65346,123.059044
356.7484,98.1091,84.65346,123.059044
347.38437,92.00212,84.65346,123.059044
334.76328,78.56677,84.65346,123.059044
318.07086,71.64554,84.65346,123.059044
299.74994,65.53856,84.65346,123.059044
295.27148,62.68864,84.65346,123.059044
285.90744,59.024456,84.65346,123.059044
277.35767,56.174534,84.65346,123.059044
270.43643,53.32461,84.65346,123.059044
269.21503,54.54601,84.65346,123.059044
270.43643,53.32461,84.65346,123.059044
273.28635,56.988796,84.65346,123.059044
278.57907,60.65298,84.65346,123.059044
284.68604,64.31717,84.65346,123.059044
289.97876,68.79561,84.65346,123.059044
290.3859,67.5742,84.65346,123.059044
295.67862,70.42413,84.65346,123.059044
299.3428,73.27405,84.65346,123.059044
303.007,76.12396,84.65346,123.059044
305.04263,76.5311,84.65346,123.059044
305.44977,76.93823,84.65346,123.059044
307.4854,75.71684,84.65346,123.059044
307.89255,71.23839,84.65346,123.059044
309.11395,73.27405,84.65346,123.059044
311.96387,75.30971,84.65346,123.059044
309.92822,75.71684,84.65346,123.059044
314.4829,76.46751,86.52641,125.78172
319.06046,81.04504,86.52641,125.78172
323.638,85.62257,86.52641,125.78172
327.38327,90.200096,86.52641,125.78172
325.30258,90.616234,86.52641,125.78172
329.88013,94.36149,86.52641,125.78172
335.28995,97.27447,86.52641,125.78172
339.8675,101.852,86.52641,125.78172
344.44504,106.42953,86.52641,125.78172
344.0289,108.51023,86.52641,125.78172
347.82092,112.73146,88.44081,128.56464
354.34457,116.163475,90.39757,131.40913
362.60495,121.815315,90.39757,131.40913
371.73486,127.467155,90.39757,131.40913
374.77817,128.77142,90.39757,131.40913
382.16904,134.42328,90.39757,131.40913
388.6904,140.94464,90.39757,131.40913
395.21176,149.20502,90.39757,131.40913
401.73312,156.59589,90.39757,131.40913
403.90692,158.76968,90.39757,131.40913
407.81973,165.29105,90.39757,131.40913
411.73254,170.94287,90.39757,131.40913
416.51486,173.11667,90.39757,131.40913
420.42767,172.68192,90.39757,131.40913
415.64536,173.98618,90.39757,131.40913
419.55817,175.29047,90.39757,131.40913
416.51486,172.24716,90.39757,131.40913
433.4704,206.59299,90.39757,131.40913
437.36758,219.30832,88.46981,128.6068
432.9795,223.55037,86.58317,125.86422
436.7272,225.63243,86.58317,125.86422
440.4749,226.04884,86.58317,125.86422
485.03104,214.80571,86.58317,125.86422
491.4177,211.2532,88.49882,128.64897
489.11392,211.1548,90.456856,131.49533
489.54898,208.9796,90.456856,131.49533
488.09695,207.07358,92.45821,134.40466
488.5416,208.4076,92.45821,134.40466
485.42892,205.29492,92.45821,134.40466
484.09494,204.85025,92.45821,134.40466
482.76096,205.29492,92.45821,134.40466
479.6483,205.7396,92.45821,134.40466
475.64627,207.96292,92.45821,134.40466
452.9682,214.63293,92.45821,134.40466
445.40884,220.4136,92.45821,134.40466
442.29617,226.19427,92.45821,134.40466
443.58005,222.40073,94.50385,137.37837
444.03455,219.21918,94.50385,137.37837
446.30707,215.12863,94.50385,137.37837
450.3976,210.12906,94.50385,137.37837
469.94138,203.31146,94.50385,137.37837
477.668,203.76596,94.50385,137.37837
484.48557,206.94751,94.50385,137.37837
488.57614,210.12906,94.50385,137.37837
488.1216,207.85654,94.50385,137.37837
492.2122,213.7651,94.50385,137.37837
500.8478,214.2196,94.50385,137.37837
506.8756,200.9111,96.59475,140.41786
514.00073,200.80368,98.73191,143.52461
516.37494,198.42947,98.73191,143.52461
510.20203,194.15591,98.73191,143.52461
511.57306,190.10495,100.91635,146.70009
512.9744,188.98561,103.149124,149.94583
517.4392,194.44255,103.149124,149.94583
522.8961,199.89949,103.149124,149.94583
513.0054,194.63791,105.4313,153.26338
509.20865,187.1556,107.76396,156.65433
503.1771,180.58316,110.14824,160.1203
500.30972,174.96454,112.585266,163.66296
502.9966,175.96289,115.07622,167.28401
504.65695,172.08875,115.07622,167.28401
502.80972,167.36717,117.62228,170.98517
505.61685,164.88875,120.22467,174.76822
508.5079,165.46695,120.22467,174.76822
511.46176,169.00237,117.66084,171.04123
507.50064,172.96352,117.66084,171.04123
502.40775,182.58342,117.66084,171.04123
506.36887,189.93983,117.66084,171.04123
500.1442,183.7152,117.66084,171.04123
495.90707,173.0166,120.26409,174.82552
499.95584,182.84937,120.26409,174.82552
501.62585,177.91492,122.924934,178.69353
505.76422,182.05328,122.924934,178.69353
506.24445,177.00966,125.644646,182.64713
502.9737,173.10834,128.42453,186.68819
507.29718,178.66714,128.42453,186.68819
501.39084,170.83466,131.26593,190.81866
504.5474,173.99121,131.26593,190.81866
502.65347,169.57205,131.26593,190.81866
503.28476,172.7286,131.26593,190.81866
502.65347,170.83469,131.26593,190.81866
503.28476,170.20337,131.26593,190.81866
503.91605,172.09729,131.26593,190.81866
502.02213,168.94073,131.26593,190.81866
502.6534,172.09729,131.26593,190.81866
503.2847,168.94073,131.26593,190.81866
502.6534,172.09729,131.26593,190.81866
502.02213,167.67813,131.26593,190.81866
503.91605,173.35992,131.26593,190.81866
502.02213,167.67813,131.26593,190.81866
502.6534,172.09729,131.26593,190.81866
502.02213,167.67813,131.26593,190.81866
502.6534,172.09729,131.26593,190.81866
502.02213,167.67813,131.26593,190.81866
502.6534,172.09729,131.26593,190.81866
502.02213,167.67813,131.26593,190.81866
502.6534,172.09729,131.26593,190.81866
502.02213,167.67813,131.26593,190.81866
501.39084,172.09729,131.26593,190.81866
502.02213,168.94073,131.26593,190.81866
501.39084,172.09729,131.26593,190.81866
502.02213,168.94073,131.26593,190.81866
501.39084,172.09729,131.26593,190.81866
502.02213,168.94073,131.26593,190.81866
501.39084,170.83466,131.26593,190.81866
502.02213,168.94073,131.26593,190.81866
501.39084,172.09729,131.26593,190.81866
500.75955,167.67813,131.26593,190.81866
502.65347,172.09729,131.26593,190.81866
500.75955,167.67813,131.26593,190.81866
502.65347,172.09729,131.26593,190.81866
500.75955,167.67813,131.26593,190.81866
503.9161,172.09729,131.26593,190.81866
500.75955,168.94073,131.26593,190.81866
503.9161,172.09729,131.26593,190.81866
500.75955,167.67813,131.26593,190.81866
502.65347,170.83469,131.26593,190.81866
500.75955,167.67813,131.26593,190.81866
502.65347,170.83469,131.26593,190.81866
500.75955,167.67813,131.26593,190.81866
502.65347,170.83469,131.26593,190.81866
500.75955,168.94077,131.26593,190.81866
502.65347,170.83469,131.26593,190.81866
500.75955,168.94077,131.26593,190.81866
502.65347,169.57208,131.26593,190.81866
500.75955,167.67816,131.26593,190.81866
502.65347,170.83472,131.26593,190.81866
500.75955,167.67816,131.26593,190.81866
502.65347,170.83472,131.26593,190.81866
500.75955,168.9408,131.26593,190.81866
502.65347,170.83472,131.26593,190.81866
500.75955,168.9408,131.26593,190.81866
502.65347,170.83472,131.26593,190.81866
500.75955,168.9408,131.26593,190.81866
502.65347,172.09735,131.26593,190.81866
500.75955,167.67819,131.26593,190.81866
503.9161,170.83475,131.26593,190.81866
500.75955,168.94083,131.26593,190.81866
502.65347,169.57214,131.26593,190.81866
500.75955,167.67822,131.26593,190.81866
502.65347,170.83478,131.26593,190.81866
500.75955,168.94086,131.26593,190.81866
502.65347,170.83478,131.26593,190.81866
500.75955,168.94086,131.26593,190.81866
502.65347,170.83478,131.26593,190.81866
500.75955,168.94086,131.26593,190.81866
502.65347,172.09741,131.26593,190.81866
500.75955,167.67825,131.26593,190.81866
502.65347,172.09741,131.26593,190.81866
500.75955,167.67825,131.26593,190.81866
502.65347,172.09741,131.26593,190.81866
500.75955,167.67825,131.26593,190.81866
502.65347,172.09741,131.26593,190.81866
500.75955,167.67825,131.26593,190.81866
502.65347,172.09741,131.26593,190.81866
500.75955,167.67825,131.26593,190.81866
502.65347,172.09741,131.26593,190.81866
500.75955,167.67825,131.26593,190.81866
502.65347,172.09741,131.26593,190.81866
500.75955,167.67825,131.26593,190.81866
502.65347,172.09741,131.26593,190.81866
500.75955,167.67825,131.26593,190.81866
502.65347,172.09741,131.26593,190.81866
500.75955,167.67825,131.26593,190.81866
501.39084,170.83481,131.26593,190.81866
499.49692,168.94089,131.26593,190.81866
501.39084,170.83481,131.26593,190.81866
499.49692,167.67825,131.26593,190.81866
501.39084,170.83481,131.26593,190.81866
499.49692,167.67825,131.26593,190.81866
501.39084,170.83481,131.26593,190.81866
495.35382,199.50812,134.17018,195.04053
315.1197,18.600647,137.1387,199.3558
308.3177,12.462021,134.21417,195.10448
307.6722,10.525558,134.21417,195.10448
308.3177,9.880074,134.21417,195.10448
310.25415,13.107513,134.21417,195.10448
308.57446,9.588425,131.35202,190.94382
311.7331,16.537384,131.35202,190.94382
311.30698,11.875557,128.5509,186.87189
315.6572,16.847633,125.80952,182.8868
315.24905,12.382523,123.126595,178.98668
314.8496,18.286316,120.500885,175.16974
318.92743,15.126793,117.93117,171.43419
317.2259,20.231392,117.93117,171.43419
318.92743,15.126793,117.93117,171.43419
317.2259,20.231392,117.93117,171.43419
318.92743,15.126793,117.93117,171.43419
317.2259,20.231392,117.93117,171.43419
320.06177,15.126793,117.93117,171.43419
317.2259,20.231392,117.93117,171.43419
320.06177,13.992439,117.93117,171.43419
317.2259,17.962677,117.93117,171.43419
321.19614,12.858078,117.93117,171.43419
325.18698,11.952637,115.41625,167.7783
321.30142,15.838211,115.41625,167.7783
324.07684,11.952637,115.41625,167.7783
324.63193,13.617882,115.41625,167.7783
325.187,10.842468,115.41625,167.7783
324.63193,12.507713,115.41625,167.7783
327.40735,9.7323,115.41625,167.7783
327.03296,15.266396,112.95496,164.20038
330.8554,11.2575,110.546165,160.69876
330.4968,16.558083,108.188736,157.2718
334.13904,11.875183,108.188736,157.2718
332.78503,16.059692,105.88158,153.91794
335.33118,13.513565,105.88158,153.91794
334.00607,18.590485,103.62362,150.63559
336.55203,15.873482,101.41381,147.42323
337.03976,19.287651,101.41381,147.42323
337.5275,17.824432,101.41381,147.42323
338.01523,17.336693,101.41381,147.42323
339.47845,15.873474,101.41381,147.42323
338.99072,17.336693,101.41381,147.42323
339.47845,14.897995,101.41381,147.42323
338.99072,17.336693,101.41381,147.42323
339.47845,13.9225235,101.41381,147.42323
339.9662,17.336693,101.41381,147.42323
340.45392,13.9225235,101.41381,147.42323
339.9662,17.336693,101.41381,147.42323
341.4294,13.9225235,101.41381,147.42323
342.9809,18.785217,99.25113,144.27939
343.4582,18.307877,99.25113,144.27939
342.02618,19.739891,99.25113,144.27939
344.46472,18.977867,97.13457,141.20259
343.06323,21.31366,97.13457,141.20259
345.39902,18.977867,97.13457,141.20259
344.93185,20.379341,97.13457,141.20259
344.4647,20.846497,97.13457,141.20259
343.99753,19.445023,97.13457,141.20259
345.39902,20.846497,97.13457,141.20259
345.86618,19.445023,97.13457,141.20259
345.39902,20.846497,97.13457,141.20259
346.8005,20.379341,97.13457,141.20259
345.39902,21.780815,97.13457,141.20259
347.7348,19.445023,97.13457,141.20259
345.6186,23.20198,95.06314,138.1914
347.9046,25.48796,95.06314,138.1914
346.53302,20.458801,95.06314,138.1914
347.9046,23.659172,95.06314,138.1914
346.71484,25.573334,93.03589,135.24443
348.0572,23.336105,93.03589,135.24443
346.71484,24.678444,93.03589,135.24443
348.9521,26.020782,93.03589,135.24443
347.60974,22.888657,93.03589,135.24443
348.9521,25.125885,93.03589,135.24443
348.50464,26.468224,93.03589,135.24443
348.0572,25.125885,93.03589,135.24443
348.50464,25.573334,93.03589,135.24443
349.847,27.810562,93.03589,135.24443
351.27026,30.546448,91.05187,132.3603
350.83237,27.481117,91.05187,132.3603
351.27026,30.546448,91.05187,132.3603
350.83237,28.356926,91.05187,132.3603
351.27026,29.670639,91.05187,132.3603
352.58398,30.108543,91.05187,132.3603
352.1461,27.919022,91.05187,132.3603
354.3356,30.108543,91.05187,132.3603
353.02188,28.79483,91.05187,132.3603
354.3356,30.984352,91.05187,132.3603
353.8977,27.919022,91.05187,132.3603
354.3356,30.984352,91.05187,132.3603
354.7735,32.298065,91.05187,132.3603
353.45978,29.232735,91.05187,132.3603
355.6493,33.173874,91.05187,132.3603
354.33557,31.86016,91.05187,132.3603
355.6493,34.92549,91.05187,132.3603
353.45978,30.108543,91.05187,132.3603
355.6493,33.173874,91.05187,132.3603
353.45978,34.487587,91.05187,132.3603
354.7735,33.173874,91.05187,132.3603
352.58398,34.487587,91.05187,132.3603
352.1461,32.298065,91.05187,132.3603
353.4598,34.487587,91.05187,132.3603
351.2703,31.422256,91.05187,132.3603
352.584,34.487587,91.05187,132.3603
349.51868,32.298065,91.05187,132.3603
348.20496,34.487587,91.05187,132.3603
349.51868,31.422256,91.05187,132.3603
346.45334,34.487587,91.05187,132.3603
346.01544,32.298065,91.05187,132.3603
342.9501,35.363396,91.05187,132.3603
341.63638,37.552917,91.05187,132.3603
341.1985,33.61178,91.05187,132.3603
339.00897,37.552917,91.05187,132.3603
335.94363,37.99082,91.05187,132.3603
332.0025,36.67711,91.05187,132.3603
330.86298,41.042953,89.11016,129.53769
333.86295,41.47152,89.11016,129.53769
329.1487,40.18582,89.11016,129.53769
328.72015,42.32865,89.11016,129.53769
324.86307,40.18582,89.11016,129.53769
324.4345,42.32865,89.11016,129.53769
325.7202,39.32869,89.11016,129.53769
322.72025,40.614388,89.11016,129.53769
317.73273,36.95819,91.081726,132.40372
321.6594,36.25889,89.13938,129.58017
317.55984,37.049324,91.11159,132.44713
319.7984,35.50509,89.1686,129.62265
315.93878,38.50702,89.1686,129.62265
310.36377,38.935867,89.1686,129.62265
303.93106,36.791634,89.1686,129.62265
300.07144,38.935867,89.1686,129.62265
303.07336,39.364716,89.1686,129.62265
298.35605,35.505096,89.1686,129.62265
293.93332,38.953953,87.26705,126.858406
291.8348,41.052464,87.26705,126.858406
292.25452,43.990376,87.26705,126.858406
289.31662,41.052464,87.26705,126.858406
291.41513,44.829777,87.26705,126.858406
290.15604,46.08888,87.26705,126.858406
290.57574,46.50858,87.26705,126.858406
291.83484,48.60709,87.26705,126.858406
289.73633,47.34799,87.26705,126.858406
291.83484,50.2859,87.26705,126.858406
290.57574,50.7056,87.26705,126.858406
291.83484,51.964703,87.26705,126.858406
292.25455,53.223804,87.26705,126.858406
290.15604,51.125294,87.26705,126.858406
270.43005,41.472157,87.26705,126.858406
264.4835,39.993084,85.40606,124.153114
262.42975,41.225338,85.40606,124.153114
262.84048,41.63609,85.40606,124.153114
263.25122,42.04684,85.40606,124.153114
261.39056,42.18293,83.58475,121.50551
263.4005,40.97695,83.58475,121.50551
261.57947,42.65998,81.80228,118.91437
262.75977,41.47972,81.80228,118.91437
260.79266,43.446815,81.80228,118.91437
262.75977,42.266556,81.80228,118.91437
261.736,40.1217,80.057816,116.37849
262.12103,41.27679,80.057816,116.37849
259.63464,43.631027,78.350555,113.89668
261.55966,43.029472,76.6797,111.467804
261.1909,44.87339,76.6797,111.467804
260.94214,44.99557,75.04449,109.09072
261.39444,43.02791,73.44414,106.76433
263.16055,45.500458,73.44414,106.76433
262.9223,46.298393,71.87792,104.48755
261.35635,46.412926,70.3451,102.25932
262.3713,48.781143,70.3451,102.25932
261.35635,46.412926,70.3451,102.25932
262.4325,51.090256,68.84497,100.07861
262.84744,51.199955,67.37683,97.944405
263.87817,53.805946,65.94,95.85571
264.1953,53.488815,65.94,95.85571
261.9754,51.90316,65.94,95.85571
263.56107,54.123077,65.94,95.85571
262.7358,55.450825,64.53381,93.81156
264.32138,56.75025,63.15761,91.811005
264.01764,56.446503,63.15761,91.811005
263.81274,58.303764,61.810757,89.8531
265.2991,58.601036,61.810757,89.8531
265.09857,59.84564,60.492622,87.93696
264.22577,60.13657,60.492622,87.93696
265.09857,59.84564,60.492622,87.93696
264.22577,60.13657,60.492622,87.93696
265.09857,60.4275,60.492622,87.93696
265.97137,61.300297,60.492622,87.93696
266.2623,61.009365,60.492622,87.93696
265.3895,62.46403,60.492622,87.93696
266.84415,61.009365,60.492622,87.93696
264.80762,62.46403,60.492622,87.93696
266.26227,61.591236,60.492622,87.93696
266.5532,60.71844,60.492622,87.93696
266.84412,61.591236,60.492622,87.93696
265.38947,61.300304,60.492622,87.93696
266.84412,61.591236,60.492622,87.93696
268.33038,63.370132,59.2026,86.061676
268.13834,64.56221,57.940086,84.22639
267.85968,63.168934,57.940086,84.22639
268.13834,64.0049,57.940086,84.22639
267.30237,63.168934,57.940086,84.22639
268.13834,62.890278,57.940086,84.22639
267.85968,62.61162,57.940086,84.22639
267.0237,62.332966,57.940086,84.22639
267.85968,63.168934,57.940086,84.22639
267.0237,62.890278,57.940086,84.22639
267.30237,62.61162,57.940086,84.22639
267.58102,62.332966,57.940086,84.22639
266.74506,63.726246,57.940086,84.22639
267.58102,62.332966,57.940086,84.22639
267.85968,64.28357,57.940086,84.22639
267.58102,63.447598,57.940086,84.22639
266.74506,62.61163,57.940086,84.22639
268.13834,63.447598,57.940086,84.22639
268.417,63.16894,57.940086,84.22639
269.25296,64.00491,57.940086,84.22639
268.417,63.726254,57.940086,84.22639
269.25296,63.447598,57.940086,84.22639
268.9743,63.16894,57.940086,84.22639
269.81027,64.00491,57.940086,84.22639
268.9743,63.726254,57.940086,84.22639
269.81027,63.447598,57.940086,84.22639
269.53162,62.61163,57.940086,84.22639
269.25296,62.332973,57.940086,84.22639
271.20355,63.726254,57.940086,84.22639
269.81027,61.775654,57.940086,84.22639
271.20355,63.168934,57.940086,84.22639
270.9249,62.332966,57.940086,84.22639
271.76086,63.168934,57.940086,84.22639
270.9249,61.775654,57.940086,84.22639
270.64624,61.496998,57.940086,84.22639
270.9249,61.775654,57.940086,84.22639
271.20355,62.05431,57.940086,84.22639
273.15414,62.890278,57.940086,84.22639
272.31818,60.93968,57.940086,84.22639
274.26877,62.33296,57.940086,84.22639
272.8755,62.054302,57.940086,84.22639
272.03952,60.661022,57.940086,84.22639
272.31818,60.382366,57.940086,84.22639
273.71146,62.332966,57.940086,84.22639
272.31818,60.939686,57.940086,84.22639
273.71146,61.775654,57.940086,84.22639
272.31818,60.382374,57.940086,84.22639
273.71146,62.332973,57.940086,84.22639
272.98633,62.425293,56.7045,82.43024
275.44073,63.24344,56.7045,82.43024
274.07715,63.51615,56.7045,82.43024
274.89532,62.698006,56.7045,82.43024
275.2371,64.89122,55.49526,80.672386
273.9026,64.090515,55.49526,80.672386
273.63568,64.89122,55.49526,80.672386
274.97018,65.15811,55.49526,80.672386
276.84814,68.33356,54.311806,78.95203
276.0645,66.50511,54.311806,78.95203
274.23605,65.72149,54.311806,78.95203
275.54208,68.07235,54.311806,78.95203
275.86945,68.15889,53.15359,77.26835
278.16095,72.185936,52.020073,75.620575
274.40817,71.43538,52.020073,75.620575
274.65836,70.68482,52.020073,75.620575
275.90927,73.937225,52.020073,75.620575
274.158,72.18593,52.020073,75.620575
273.40744,73.937225,52.020073,75.620575
272.15652,71.68556,52.020073,75.620575
271.90634,72.43612,52.020073,75.620575
271.1558,71.185196,52.020073,75.620575
271.40598,73.93723,52.020073,75.620575
269.1543,72.185936,52.020073,75.620575
270.90558,74.93797,52.020073,75.620575
269.65466,72.68631,52.020073,75.620575
271.90634,74.93797,52.020073,75.620575
270.29074,74.05629,50.91073,74.00794
271.51498,75.28055,50.91073,74.00794
269.80103,74.05629,50.91073,74.00794
272.00467,76.25993,50.91073,74.00794
270.2907,74.54599,50.91073,74.00794
271.51495,75.77023,50.91073,74.00794
269.801,74.54599,50.91073,74.00794
271.51495,76.25993,50.91073,74.00794
270.2907,77.48419,50.91073,74.00794
268.57675,76.25993,50.91073,74.00794
270.7804,77.97389,50.91073,74.00794
269.06644,76.25993,50.91073,74.00794
269.801,78.46358,50.91073,74.00794
270.53555,78.708435,50.91073,74.00794
269.3113,76.99448,50.91073,74.00794
270.53555,78.708435,50.91073,74.00794
268.8216,76.99448,50.91073,74.00794
270.53555,78.708435,50.91073,74.00794
268.8216,76.99448,50.91073,74.00794
270.53555,78.708435,50.91073,74.00794
269.3113,77.48418,50.91073,74.00794
270.04587,79.68782,50.91073,74.00794
268.3319,77.48418,50.91073,74.00794
270.04587,79.68782,50.91073,74.00794
267.84222,77.97388,50.91073,74.00794
270.04587,79.19812,50.91073,74.00794
267.84222,78.46358,50.91073,74.00794
270.04587,80.17752,50.91073,74.00794
267.3525,77.97388,50.91073,74.00794
269.55615,79.687836,50.91073,74.00794
267.3525,77.48419,50.91073,74.00794
270.01935,80.39731,49.825043,72.4297
267.38342,78.240654,49.825043,72.4297
269.54004,80.39731,49.825043,72.4297
267.86267,78.240654,49.825043,72.4297
268.58154,80.39731,49.825043,72.4297
268.34192,78.240654,49.825043,72.4297
270.0193,80.39731,49.825043,72.4297
267.38336,78.240654,49.825043,72.4297
269.54004,80.39731,49.825043,72.4297
267.8626,78.240654,49.825043,72.4297
269.54004,80.39731,49.825043,72.4297
268.82117,78.240654,49.825043,72.4297
269.54004,80.39731,49.825043,72.4297
269.77966,78.71991,49.825043,72.4297
269.54004,80.39731,49.825043,72.4297
269.77966,78.71991,49.825043,72.4297
249.0907,76.17835,50.92742,74.03221
246.7485,75.61348,52.05419,75.67017
247.06224,76.17902,50.94412,74.05649
246.32722,75.93401,50.94412,74.05649
245.00105,73.33537,52.07126,75.694984
243.12592,72.23818,53.223335,77.369736
243.94016,72.81643,52.088333,75.7198
243.68964,72.06489,52.088333,75.7198
245.45233,73.113716,50.977535,74.10506
246.66895,74.074486,52.10541,75.74463
245.41595,74.32508,52.10541,75.74463
245.16534,73.573296,52.10541,75.74463
244.91473,74.32508,52.10541,75.74463
244.5983,73.74715,53.258244,77.42048
243.3176,71.95418,53.258244,77.42048
244.6261,73.520325,52.122494,75.76946
245.37814,74.77371,52.122494,75.76946
245.12747,73.520325,52.122494,75.76946
245.37814,74.272354,52.122494,75.76946
245.12747,73.520325,52.122494,75.76946
244.37543,73.26965,52.122494,75.76946
243.53876,72.69153,53.275703,77.44586
243.28253,72.4353,53.275703,77.44586
243.60364,73.014114,52.139584,75.794304
243.35287,72.76335,52.139584,75.794304
243.66713,72.846436,51.02769,74.17797
243.97467,73.400826,49.93951,72.5961
245.66489,73.84366,51.044422,74.202286
244.84552,73.786896,52.17378,75.84401
244.09274,72.53227,52.17378,75.84401
244.34366,73.28504,52.17378,75.84401
246.59296,75.30301,51.061157,74.226616
245.85623,74.5663,51.061157,74.226616
245.03658,73.99995,52.190884,75.86888
244.78557,74.25095,52.190884,75.86888
244.53456,73.99995,52.190884,75.86888
244.28355,74.25095,52.190884,75.86888
244.03255,73.49793,52.190884,75.86888
243.78154,73.74894,52.190884,75.86888
243.53053,72.493904,52.190884,75.86888
243.73442,73.99838,53.345608,77.54748
243.99098,73.2287,53.345608,77.54748
242.70818,70.91965,53.345608,77.54748
242.9166,71.392685,54.52588,79.263214
241.60541,70.60597,54.52588,79.263214
241.86765,71.91715,54.52588,79.263214
241.08093,72.17939,54.52588,79.263214
240.90405,72.26628,53.3631,77.5729
240.6474,72.52292,53.3631,77.5729
240.96902,73.10269,52.225113,75.91863
240.31543,74.63846,51.111397,74.299644
243.94049,90.357285,50.02143,72.71518
241.77533,94.92816,50.02143,72.71518
239.47481,92.37659,51.128155,74.324005
236.10292,90.27879,52.259365,75.96842
233.6995,87.61307,53.415604,77.64922
231.77594,82.75612,54.597424,79.36721
228.17525,84.87482,55.805393,81.12321
230.064,79.24366,57.04009,82.91806
305.42532,66.65714,58.3021,84.752625
309.7259,65.42865,59.592033,86.62778
315.90567,64.17298,60.910507,88.54442
320.39862,63.497383,62.258152,90.50346
319.39926,62.185535,63.635612,92.50585
323.4582,60.209614,65.04355,94.55254
328.77612,57.39423,65.04355,94.55254
332.9248,54.725487,66.482635,96.644516
337.08148,54.405746,66.482635,96.644516
335.3508,52.341423,67.95357,98.782776
339.007,50.909565,69.45704,100.968346
342.74408,52.218613,70.993774,103.20227
345.81702,47.77993,70.993774,103.20227
349.63678,45.575535,72.564514,105.48562
347.02365,43.322365,74.170006,107.81949
352.49466,41.019344,75.81102,110.204994
378.95715,13.026016,74.19433,107.85484
383.53152,8.3291855,72.612114,105.55481
385.98874,7.771694,71.06364,103.30382
384.44055,10.520287,69.54818,101.10083
386.78195,11.523739,69.54818,101.10083
389.12335,13.196163,69.54818,101.10083
390.8321,15.241348,68.06504,98.944824
393.12357,18.187515,68.06504,98.944824
393.5338,16.402855,66.61353,96.83479
396.4056,20.83207,65.19298,94.76976
399.8206,25.166832,63.80272,92.748764
402.58224,28.542206,63.80272,92.748764
406.51593,33.37605,62.44211,90.77087
405.615,32.475124,62.44211,90.77087
408.9184,36.979755,62.44211,90.77087
412.7682,42.868336,61.11051,88.83515
417.10245,49.76447,59.807312,86.94071
420.26645,55.229572,59.807312,86.94071
421.12936,58.39358,59.807312,86.94071
424.29337,62.132862,59.807312,86.94071
427.45737,67.02269,59.807312,86.94071
430.62137,72.48779,59.807312,86.94071
432.63483,77.952896,59.807312,86.94071
432.92245,79.966354,59.807312,86.94071
435.5112,82.555084,59.807312,86.94071
435.79883,85.143814,59.807312,86.94071
436.66174,88.88309,59.807312,86.94071
436.94937,92.04709,59.807312,86.94071
436.66174,90.6089,59.807312,86.94071
436.94937,94.348175,59.807312,86.94071
437.237,96.936905,59.807312,86.94071
435.22354,99.525635,59.807312,86.94071
436.6617,102.68964,59.807312,86.94071
435.22354,101.25145,59.807312,86.94071
435.51117,104.99072,59.807312,86.94071
433.4977,108.154724,59.807312,86.94071
432.05954,111.318726,59.807312,86.94071
431.19662,112.75691,59.807312,86.94071
430.3337,111.894,59.807312,86.94071
428.32025,114.48273,59.807312,86.94071
425.7315,115.92091,59.807312,86.94071
424.8686,116.78383,59.807312,86.94071
422.27985,118.222015,59.807312,86.94071
422.56747,117.93437,59.807312,86.94071
419.97873,117.07146,59.807312,86.94071
418.54056,117.3591,59.807312,86.94071
415.9518,116.496185,59.807312,86.94071
413.36307,116.20854,59.807312,86.94071
414.22598,116.496185,59.807312,86.94071
412.21252,115.058,59.807312,86.94071
409.04852,113.61981,59.807312,86.94071
407.03506,111.60635,59.807312,86.94071
405.0216,107.86708,59.807312,86.94071
405.88452,109.30527,59.807312,86.94071
402.72052,105.565994,59.807312,86.94071
400.13177,102.40199,59.807312,86.94071
397.54303,100.388535,59.807312,86.94071
395.52957,97.22453,59.807312,86.94071
394.66666,98.08745,59.807312,86.94071
393.80374,94.92345,59.807312,86.94071
392.36557,91.18417,59.807312,86.94071
390.9274,88.59544,59.807312,86.94071
390.63977,85.43144,59.807312,86.94071
390.35214,86.86961,59.807312,86.94071
388.91397,83.7056,59.807312,86.94071
389.2016,81.11687,59.807312,86.94071
387.18814,79.10341,59.807312,86.94071
386.32523,77.08995,59.807312,86.94071
387.7634,77.377594,59.807312,86.94071
386.32523,74.788864,59.807312,86.94071
384.88705,71.62485,59.807312,86.94071
386.32523,69.03612,59.807312,86.94071
384.88705,67.02266,59.807312,86.94071
386.32523,66.73503,59.807312,86.94071
384.88705,64.1463,59.807312,86.94071
385.74997,63.85866,59.807312,86.94071
384.3118,61.26993,59.807312,86.94071
384.59943,60.982296,59.807312,86.94071
384.88705,60.69466,59.807312,86.94071
385.17468,58.681202,59.807312,86.94071
383.6178,58.017845,61.13055,88.86427
385.0878,55.371834,61.13055,88.86427
383.6178,53.901833,61.13055,88.86427
384.4998,53.01983,61.13055,88.86427
383.6178,51.549828,61.13055,88.86427
383.3238,50.079826,61.13055,88.86427
382.4418,48.02182,61.13055,88.86427
382.7358,47.139816,61.13055,88.86427
383.02982,45.669815,61.13055,88.86427
381.5598,45.375816,61.13055,88.86427
383.61783,43.905815,61.13055,88.86427
382.73584,42.435814,61.13055,88.86427
383.61783,39.789803,61.13055,88.86427
382.73584,41.84781,61.13055,88.86427
384.20584,39.201797,61.13055,88.86427
382.73584,37.731796,61.13055,88.86427
385.38184,38.025795,61.13055,88.86427
384.49985,37.14379,61.13055,88.86427
385.96985,36.261787,61.13055,88.86427
385.08786,35.96779,61.13055,88.86427
387.73386,35.67379,61.13055,88.86427
389.20386,34.20379,61.13055,88.86427
388.90985,32.733788,61.13055,88.86427
390.96786,34.20379,61.13055,88.86427
389.49786,32.145782,61.13055,88.86427
392.73187,31.851784,61.13055,88.86427
394.20187,30.96978,61.13055,88.86427
393.90787,30.675781,61.13055,88.86427
395.37787,30.381783,61.13055,88.86427
395.08386,30.087784,61.13055,88.86427
396.55386,29.20578,61.13055,88.86427
398.61188,30.087784,61.13055,88.86427
399.49387,28.617783,61.13055,88.86427
398.61188,28.323784,61.13055,88.86427
400.08188,29.205788,61.13055,88.86427
400.96387,27.735786,61.13055,88.86427
400.66986,26.853783,61.13055,88.86427
401.55185,29.499794,61.13055,88.86427
402.43384,28.029793,61.13055,88.86427
402.13983,27.147789,61.13055,88.86427
402.43384,26.85379,61.13055,88.86427
402.72784,28.911797,61.13055,88.86427
404.19785,27.441795,61.13055,88.86427
403.31586,27.147797,61.13055,88.86427
403.60986,26.265793,61.13055,88.86427
404.49185,28.3238,61.13055,88.86427
405.37384,26.265793,61.13055,88.86427
404.49185,27.147797,61.13055,88.86427
405.37384,25.677795,61.13055,88.86427
405.07983,27.147797,61.13055,88.86427
404.78583,25.08979,61.13055,88.86427
405.66782,24.795792,61.13055,88.86427
404.78583,25.677795,61.13055,88.86427
405.07983,24.795792,61.13055,88.86427
404.78583,23.32579,61.13055,88.86427
405.66782,25.383797,61.13055,88.86427
405.3738,22.737785,61.13055,88.86427
405.66782,25.383797,61.13055,88.86427
405.3738,23.32579,61.13055,88.86427
405.66782,23.61979,61.13055,88.86427
405.3738,23.32579,61.13055,88.86427
405.0798,21.267784,61.13055,88.86427
405.3738,22.737785,61.13055,88.86427
405.00256,23.279854,62.483063,90.8304
404.10107,21.176315,62.483063,90.8304
403.80054,22.077835,62.483063,90.8304
403.50006,20.57531,62.483063,90.8304
403.19952,22.077835,62.483063,90.8304
402.89905,19.974297,62.483063,90.8304
401.9975,21.476822,62.483063,90.8304
400.99454,23.27798,63.8655,92.84002
400.68738,20.513592,63.8655,92.84002
399.1516,23.27798,63.8655,92.84002
398.84445,21.127903,63.8655,92.84002
398.5373,23.27798,63.8655,92.84002
397.6158,20.513592,63.8655,92.84002
396.69434,22.049366,63.8655,92.84002
395.15857,20.513592,63.8655,92.84002
395.46573,23.27798,63.8655,92.84002
394.54425,21.742207,63.8655,92.84002
393.62277,22.66367,63.8655,92.84002
393.3156,24.199444,63.8655,92.84002
393.00845,21.435055,63.8655,92.84002
393.92993,23.585133,63.8655,92.84002
392.39417,21.435055,63.8655,92.84002
392.087,24.813755,63.8655,92.84002
391.16553,26.34953,63.8655,92.84002
390.85837,28.499607,63.8655,92.84002
392.39413,25.120907,63.8655,92.84002
391.47266,26.04237,63.8655,92.84002
391.77982,23.892292,63.8655,92.84002
392.7013,25.428066,63.8655,92.84002
393.00845,26.34953,63.8655,92.84002
392.7013,24.199451,63.8655,92.84002
393.00845,25.735226,63.8655,92.84002
393.3156,26.656689,63.8655,92.84002
393.00845,23.8923,63.8655,92.84002
393.92993,25.428074,63.8655,92.84002
394.2371,26.349537,63.8655,92.84002
393.3156,27.271,63.8655,92.84002
393.00845,27.578152,63.8655,92.84002
394.54422,28.499615,63.8655,92.84002
394.23706,28.806767,63.8655,92.84002
393.9299,25.428066,63.8655,92.84002
395.46567,27.578144,63.8655,92.84002
393.9299,29.113918,63.8655,92.84002
394.85138,29.42107,63.8655,92.84002
394.54422,29.728222,63.8655,92.84002
394.85138,26.963833,63.8655,92.84002
393.9299,29.11391,63.8655,92.84002
394.23706,29.421062,63.8655,92.84002
393.9299,26.656673,63.8655,92.84002
394.85138,27.578136,63.8655,92.84002
393.9299,29.11391,63.8655,92.84002
394.85138,26.349522,63.8655,92.84002
395.15854,27.885296,63.8655,92.84002
394.23706,28.192448,63.8655,92.84002
395.77283,25.428059,63.8655,92.84002
394.85135,26.963833,63.8655,92.84002
396.37555,28.804848,65.27853,94.894104
394.1779,25.351395,65.27853,94.894104
396.37555,26.293243,65.27853,94.894104
394.8058,24.095589,65.27853,94.894104
396.37555,25.665337,65.27853,94.894104
395.4337,25.979286,65.27853,94.894104
396.37555,23.153732,65.27853,94.894104
394.8058,25.979286,65.27853,94.894104
396.37555,23.153732,65.27853,94.894104
394.8058,25.351387,65.27853,94.894104
395.74765,25.665337,65.27853,94.894104
394.8058,26.607185,65.27853,94.894104
395.11975,23.781631,65.27853,94.894104
393.55,25.979286,65.27853,94.894104
395.74765,23.153732,65.27853,94.894104
394.1779,25.351387,65.27853,94.894104
392.60812,26.293236,65.27853,94.894104
392.9221,27.235085,65.27853,94.894104
391.35233,28.176933,65.27853,94.894104
392.9221,25.35138,65.27853,94.894104
391.35233,26.921127,65.27853,94.894104
391.6663,29.118782,65.27853,94.894104
391.98026,26.293228,65.27853,94.894104
390.4105,28.490883,65.27853,94.894104
391.98026,29.432732,65.27853,94.894104
390.4105,25.979279,65.27853,94.894104
391.98026,26.921127,65.27853,94.894104
390.4105,27.862976,65.27853,94.894104
392.60815,28.176926,65.27853,94.894104
392.92212,24.723473,65.27853,94.894104
391.98026,26.921127,65.27853,94.894104
391.6663,27.862976,65.27853,94.894104
392.60815,28.804825,65.27853,94.894104
391.6663,29.746674,65.27853,94.894104
392.60815,26.29322,65.27853,94.894104
392.2942,27.862968,65.27853,94.894104
391.35233,29.432716,65.27853,94.894104
392.2942,25.979263,65.27853,94.894104
392.60815,28.176918,65.27853,94.894104
392.2942,29.118767,65.27853,94.894104
391.98022,30.060616,65.27853,94.894104
393.55,26.607162,65.27853,94.894104
393.86395,28.804817,65.27853,94.894104
392.9221,30.374565,65.27853,94.894104
394.49185,26.921112,65.27853,94.894104
394.1779,29.118767,65.27853,94.894104
392.60812,31.94432,65.27853,94.894104
394.1779,34.769875,65.27853,94.894104
391.82712,39.2574,66.72282,96.99364
392.75366,39.84906,68.19906,99.13962
393.02008,39.09262,69.70796,101.333084
392.59677,39.71075,71.25025,103.57508
391.45303,38.920475,72.82666,105.86668
391.01077,39.566257,74.43795,108.20898
390.55872,37.254913,76.08489,110.6031
390.92465,36.888992,76.08489,110.6031
391.2906,36.52307,76.08489,110.6031
390.1928,37.620834,76.08489,110.6031
391.2906,37.254913,76.08489,110.6031
391.65652,36.888992,76.08489,110.6031
392.02246,36.52307,76.08489,110.6031
390.19284,38.352684,76.08489,110.6031
392.02246,37.25492,76.08489,110.6031
390.92468,38.352684,76.08489,110.6031
393.48615,37.25492,76.08489,110.6031
392.38837,37.620842,76.08489,110.6031
392.02243,39.450455,76.08489,110.6031
392.3197,36.328686,77.76827,113.05019
391.19766,38.19878,77.76827,113.05019
392.3197,37.076725,77.76827,113.05019
392.69373,35.95467,77.76827,113.05019
391.5717,35.580654,77.76827,113.05019
392.69373,35.20664,77.76827,113.05019
392.3197,37.076733,77.76827,113.05019
392.69373,35.954678,77.76827,113.05019
393.06775,37.076733,77.76827,113.05019
393.44177,36.702717,77.76827,113.05019
391.5717,35.58066,77.76827,113.05019
391.9457,36.702717,77.76827,113.05019
393.06775,36.3287,77.76827,113.05019
391.9457,36.702717,77.76827,113.05019
393.06775,35.58066,77.76827,113.05019
391.9457,35.954678,77.76827,113.05019
392.31973,37.076733,77.76827,113.05019
391.9457,35.954678,77.76827,113.05019
393.06775,36.328693,77.76827,113.05019
392.69373,36.70271,77.76827,113.05019
392.3197,35.580654,77.76827,113.05019
391.19766,35.95467,77.76827,113.05019
391.5717,37.076725,77.76827,113.05019
391.9457,35.95467,77.76827,113.05019
392.31973,37.076725,77.76827,113.05019
392.69376,36.70271,77.76827,113.05019
393.06778,36.328693,77.76827,113.05019
392.69376,37.45075,77.76827,113.05019
393.06778,37.824764,77.76827,113.05019
393.4418,36.70271,77.76827,113.05019
391.57172,35.580654,77.76827,113.05019
392.69376,35.95467,77.76827,113.05019
392.31973,36.328686,77.76827,113.05019
391.9457,36.7027,77.76827,113.05019
393.8158,34.832607,77.76827,113.05019
392.69376,35.954662,77.76827,113.05019
393.8158,36.32868,77.76827,113.05019
393.44177,37.450733,77.76827,113.05019
393.8158,37.076717,77.76827,113.05019
394.93784,36.7027,77.76827,113.05019
394.5638,36.328686,77.76827,113.05019
394.1898,37.45074,77.76827,113.05019
394.5638,37.076725,77.76827,113.05019
394.93784,36.70271,77.76827,113.05019
396.05988,36.328693,77.76827,113.05019
395.68585,37.45075,77.76827,113.05019
396.05988,37.076733,77.76827,113.05019
396.4339,36.702717,77.76827,113.05019
394.5638,36.3287,77.76827,113.05019
396.4339,37.450756,77.76827,113.05019
394.5638,36.3287,77.76827,113.05019
395.68585,36.702717,77.76827,113.05019
394.5638,35.58066,77.76827,113.05019
394.93784,35.954678,77.76827,113.05019
394.5638,34.832623,77.76827,113.05019
393.44177,33.710567,77.76827,113.05019
393.8158,33.33655,77.76827,113.05019
394.93784,33.710567,77.76827,113.05019
393.06775,32.588512,77.76827,113.05019
394.1898,32.214497,77.76827,113.05019
392.3197,31.84048,77.76827,113.05019
394.1898,32.962536,77.76827,113.05019
392.3197,32.58852,77.76827,113.05019
394.1898,32.962536,77.76827,113.05019
392.3197,32.58852,77.76827,113.05019
393.44174,32.214504,77.76827,113.05019
394.56378,31.09245,77.76827,113.05019
393.44174,29.970394,77.76827,113.05019
393.81577,28.84834,77.76827,113.05019
394.9378,27.726284,77.76827,113.05019
393.81577,26.604229,77.76827,113.05019
392.69373,27.726284,77.76827,113.05019
393.06775,28.1003,77.76827,113.05019
391.0433,30.342075,79.4889,115.55143
388.1808,33.426712,81.24759,118.108
386.87662,34.95798,83.04519,120.72114
384.08084,33.759792,83.04519,120.72114
385.234,34.496185,84.88256,123.39209
382.37637,33.271484,84.88256,123.39209
381.8609,34.024174,86.76059,126.12214
378.94006,30.26878,86.76059,126.12214
377.68823,30.686047,86.76059,126.12214
378.10553,29.434246,86.76059,126.12214
374.3501,28.182446,86.76059,126.12214
371.42926,26.930645,86.76059,126.12214
370.17743,27.347912,86.76059,126.12214
367.2566,28.599712,86.76059,126.12214
366.8393,26.513386,86.76059,126.12214
367.2566,28.599712,86.76059,126.12214
367.67383,26.513386,86.76059,126.12214
368.92566,29.434246,86.76059,126.12214
370.17743,27.34792,86.76059,126.12214
370.5164,28.983086,88.68017,128.9126
369.2369,25.144608,88.68017,128.9126
370.46835,25.93097,90.64222,131.76479
371.77615,22.00756,90.64222,131.76479
369.5965,24.187233,90.64222,131.76479
372.64804,21.135696,90.64222,131.76479
372.2121,22.443497,90.64222,131.76479
373.5199,21.135696,90.64222,131.76479
373.08395,21.571632,90.64222,131.76479
373.5199,22.879433,90.64222,131.76479
373.95584,22.443497,90.64222,131.76479
371.77618,23.751297,90.64222,131.76479
373.08398,25.93097,90.64222,131.76479
370.90433,25.495033,90.64222,131.76479
372.21213,27.674706,90.64222,131.76479
370.90433,25.495033,90.64222,131.76479
371.34027,27.674706,90.64222,131.76479
370.90433,25.495033,90.64222,131.76479
371.34027,25.93097,90.64222,131.76479
372.64807,25.495033,90.64222,131.76479
371.34027,24.187233,90.64222,131.76479
372.64807,24.623169,90.64222,131.76479
373.084,25.93097,90.64222,131.76479
372.64807,24.623169,90.64222,131.76479
374.82773,25.93097,90.64222,131.76479
371.77618,23.751297,90.64222,131.76479
373.95584,25.93097,90.64222,131.76479
373.5199,24.623169,90.64222,131.76479
375.69955,25.93097,90.64222,131.76479
371.77615,23.751297,90.64222,131.76479
374.8277,26.802834,90.64222,131.76479
372.64804,23.751297,90.64222,131.76479
375.6996,25.93097,90.64222,131.76479
373.51993,23.751297,90.64222,131.76479
376.57147,26.802834,90.64222,131.76479
374.3918,22.879425,90.64222,131.76479
376.57147,25.930962,90.64222,131.76479
375.26367,22.879425,90.64222,131.76479
376.57147,25.059097,90.64222,131.76479
377.00742,23.751297,90.64222,131.76479
374.82776,24.187233,90.64222,131.76479
377.00742,22.879433,90.64222,131.76479
374.82776,25.059105,90.64222,131.76479
377.8793,24.623169,90.64222,131.76479
374.82776,24.187233,90.64222,131.76479
377.8793,23.751297,90.64222,131.76479
374.82776,25.059097,90.64222,131.76479
377.8793,24.623161,90.64222,131.76479
375.69965,23.315361,90.64222,131.76479
377.8793,24.623161,90.64222,131.76479
375.69965,23.315361,90.64222,131.76479
377.8793,23.751297,90.64222,131.76479
377.44336,24.187233,90.64222,131.76479
379.62302,22.879433,90.64222,131.76479
377.44336,25.059105,90.64222,131.76479
379.62302,23.751305,90.64222,131.76479
378.31522,24.18724,90.64222,131.76479
380.49487,22.87944,90.64222,131.76479
381.80267,25.930977,90.64222,131.76479
379.62302,22.87944,90.64222,131.76479
382.67456,25.930977,90.64222,131.76479
380.4949,22.87944,90.64222,131.76479
383.54645,25.059113,90.64222,131.76479
382.23865,22.87944,90.64222,131.76479
383.54645,25.930977,90.64222,131.76479
383.1105,22.87944,90.64222,131.76479
383.54645,25.930977,90.64222,131.76479
384.85425,23.751305,90.64222,131.76479
384.4183,25.930977,90.64222,131.76479
385.7261,25.49504,90.64222,131.76479
384.4183,25.059105,90.64222,131.76479
386.59796,27.238777,90.64222,131.76479
387.90576,25.059105,90.64222,131.76479
388.3417,28.110641,90.64222,131.76479
391.39325,25.93097,90.64222,131.76479
389.2136,26.366905,90.64222,131.76479
391.39325,25.059105,90.64222,131.76479
390.9573,28.110641,90.64222,131.76479
390.52136,26.802841,90.64222,131.76479
390.08542,26.366905,90.64222,131.76479
389.64948,25.93097,90.64222,131.76479
389.21353,28.110641,90.64222,131.76479
387.90573,25.93097,90.64222,131.76479
387.4698,28.110641,90.64222,131.76479
389.64944,29.418442,90.64222,131.76479
387.4698,27.23877,90.64222,131.76479
390.52133,28.54657,90.64222,131.76479
388.34167,26.366898,90.64222,131.76479
390.52133,24.187225,90.64222,131.76479
390.0854,20.263817,90.64222,131.76479
389.64944,18.956017,90.64222,131.76479
391.8291,17.648216,90.64222,131.76479
388.77756,18.956017,90.64222,131.76479
291.4388,35.137352,92.64768,134.68008
286.53745,37.36525,92.64768,134.68008
289.6565,37.81083,92.64768,134.68008
290.99323,39.147568,92.64768,134.68008
287.87418,41.375465,92.64768,134.68008
289.2109,43.603363,92.64768,134.68008
285.20068,44.048943,92.64768,134.68008
289.2109,45.38568,92.64768,134.68008
285.20068,44.048943,92.64768,134.68008
287.4286,44.494522,92.64768,134.68008
284.30954,42.266624,92.64768,134.68008
289.2109,42.712204,92.64768,134.68008
286.09186,42.266624,92.64768,134.68008
290.10208,42.712204,92.64768,134.68008
291.4388,43.157784,92.64768,134.68008
291.8844,42.712204,92.64768,134.68008
294.1123,44.048943,92.64768,134.68008
290.99326,42.712204,92.64768,134.68008
295.89462,44.9401,92.64768,134.68008
293.66672,45.38568,92.64768,134.68008
295.89462,45.83126,92.64768,134.68008
297.23135,47.168,92.64768,134.68008
294.1123,44.9401,92.64768,134.68008
297.23135,47.168,92.64768,134.68008
297.67694,47.61358,92.64768,134.68008
299.01367,48.05916,92.64768,134.68008
300.3504,49.395897,92.64768,134.68008
297.23135,46.27684,92.64768,134.68008
299.45926,47.61358,92.64768,134.68008
299.90485,47.168,92.64768,134.68008
301.24158,45.83126,92.64768,134.68008
297.23135,46.27684,92.64768,134.68008
299.45926,46.72242,92.64768,134.68008
298.12253,46.27684,92.64768,134.68008
299.45926,46.72242,92.64768,134.68008
297.23135,47.168,92.64768,134.68008
297.67694,46.72242,92.64768,134.68008
298.12253,47.168,92.64768,134.68008
299.45926,47.61358,92.64768,134.68008
296.3402,48.05916,92.64768,134.68008
297.67694,48.504738,92.64768,134.68008
294.5579,46.27684,92.64768,134.68008
297.67694,47.61358,92.64768,134.68008
295.44904,47.168,92.64768,134.68008
297.67694,47.61358,92.64768,134.68008
294.5579,47.168,92.64768,134.68008
387.37753,23.950546,94.69751,137.65988
392.38736,18.940735,94.69751,137.65988
387.0871,22.615547,96.792694,140.70561
386.49933,23.473846,98.934235,143.81873
387.92676,21.09478,98.934235,143.81873
383.37668,23.946693,101.12315,147.00072
385.80838,21.514992,101.12315,147.00072
380.1485,23.420845,103.360504,150.25311
384.62244,19.94114,103.360504,150.25311
381.1427,21.432442,103.360504,150.25311
384.62244,18.946938,103.360504,150.25311
381.1427,21.432442,103.360504,150.25311
384.62244,18.946938,103.360504,150.25311
381.1427,20.43824,103.360504,150.25311
385.61664,17.952736,103.360504,150.25311
382.1369,18.449837,103.360504,150.25311
385.61664,17.952736,103.360504,150.25311
382.1369,18.449837,103.360504,150.25311
386.61084,16.958534,103.360504,150.25311
383.1311,16.461433,103.360504,150.25311
386.61084,15.964333,103.360504,150.25311
384.1253,16.461433,103.360504,150.25311
387.60504,15.964333,103.360504,150.25311
384.1253,17.455635,103.360504,150.25311
387.60504,15.964333,103.360504,150.25311
385.1195,18.449837,103.360504,150.25311
388.59924,16.958534,103.360504,150.25311
385.1195,18.449837,103.360504,150.25311
388.59924,15.964333,103.360504,150.25311
385.1195,18.449837,103.360504,150.25311
388.59924,16.958534,103.360504,150.25311
386.1137,17.455635,103.360504,150.25311
388.59924,16.958534,103.360504,150.25311
386.1137,17.455635,103.360504,150.25311
388.59924,15.964333,103.360504,150.25311
386.1137,17.455635,103.360504,150.25311
388.59924,15.964333,103.360504,150.25311
386.1137,18.449837,103.360504,150.25311
389.59344,15.964333,103.360504,150.25311
387.1079,17.455635,103.360504,150.25311
389.59344,15.964333,103.360504,150.25311
387.1079,17.455635,103.360504,150.25311
389.59344,15.964333,103.360504,150.25311
387.1079,17.455635,103.360504,150.25311
389.59344,14.970131,103.360504,150.25311
388.1021,15.467232,103.360504,150.25311
389.59344,14.970131,103.360504,150.25311
387.1079,17.455635,103.360504,150.25311
390.58765,15.964333,103.360504,150.25311
388.1021,17.455635,103.360504,150.25311
391.58185,14.970131,103.360504,150.25311
388.1021,16.461433,103.360504,150.25311
391.58185,14.970131,103.360504,150.25311
388.1021,17.455635,103.360504,150.25311
391.58185,15.964333,103.360504,150.25311
389.0963,18.449837,103.360504,150.25311
391.58185,15.964333,103.360504,150.25311
389.0963,18.449837,103.360504,150.25311
391.58185,15.964333,103.360504,150.25311
389.0963,17.455635,103.360504,150.25311
391.58185,16.958534,103.360504,150.25311
389.0963,18.449837,103.360504,150.25311
391.58185,16.958534,103.360504,150.25311
390.0905,19.444038,103.360504,150.25311
392.57605,16.958534,103.360504,150.25311
390.0905,19.444038,103.360504,150.25311
392.57605,16.958534,103.360504,150.25311
391.08472,18.449837,103.360504,150.25311
393.57025,17.952736,103.360504,150.25311
391.08472,18.449837,103.360504,150.25311
393.57025,17.952736,103.360504,150.25311
392.07892,17.455635,103.360504,150.25311
393.57025,19.94114,103.360504,150.25311
392.07892,17.455635,103.360504,150.25311
393.57025,18.946938,103.360504,150.25311
392.07892,17.455635,103.360504,150.25311
393.57025,18.946938,103.360504,150.25311
392.07892,17.455635,103.360504,150.25311
392.57605,18.946938,103.360504,150.25311
393.07312,17.455635,103.360504,150.25311
392.57605,19.94114,103.360504,150.25311
392.07892,18.449837,103.360504,150.25311
393.57025,19.94114,103.360504,150.25311
393.07312,18.449837,103.360504,150.25311
394.56445,20.93534,103.360504,150.25311
394.06732,18.449837,103.360504,150.25311
395.55865,19.94114,103.360504,150.25311
395.06152,18.449837,103.360504,150.25311
397.54706,20.93534,103.360504,150.25311
396.05573,19.444038,103.360504,150.25311
397.54706,20.93534,103.360504,150.25311
396.05573,20.43824,103.360504,150.25311
398.54126,20.93534,103.360504,150.25311
396.05573,21.432442,103.360504,150.25311
398.54126,20.93534,103.360504,150.25311
397.04993,21.432442,103.360504,150.25311
398.54126,19.94114,103.360504,150.25311
397.04993,21.432442,103.360504,150.25311
398.54126,19.94114,103.360504,150.25311
397.04993,21.432442,103.360504,150.25311
398.54126,19.94114,103.360504,150.25311
397.04993,20.43824,103.360504,150.25311
398.54126,18.946938,103.360504,150.25311
397.04993,20.43824,103.360504,150.25311
398.54126,18.946938,103.360504,150.25311
397.04993,21.432442,103.360504,150.25311
399.53546,18.946938,103.360504,150.25311
397.04993,21.432442,103.360504,150.25311
399.53546,19.94114,103.360504,150.25311
398.04413,21.432442,103.360504,150.25311
399.53546,19.94114,103.360504,150.25311
398.04413,21.432442,103.360504,150.25311
398.54126,19.94114,103.360504,150.25311
398.04413,19.444038,103.360504,150.25311
399.53546,20.93534,103.360504,150.25311
398.04413,19.444038,103.360504,150.25311
398.54126,20.93534,103.360504,150.25311
398.04413,19.444038,103.360504,150.25311
398.54126,20.93534,103.360504,150.25311
398.04413,19.444038,103.360504,150.25311
399.53546,20.93534,103.360504,150.25311
398.04413,20.43824,103.360504,150.25311
399.53546,19.94114,103.360504,150.25311
398.04413,20.43824,103.360504,150.25311
399.53546,18.946938,103.360504,150.25311
398.04413,21.432442,103.360504,150.25311
399.53546,18.946938,103.360504,150.25311
398.04413,21.432442,103.360504,150.25311
399.53546,18.946938,103.360504,150.25311
398.04413,21.432442,103.360504,150.25311
399.53546,19.94114,103.360504,150.25311
398.04413,20.43824,103.360504,150.25311
399.53546,19.94114,103.360504,150.25311
398.04413,20.43824,103.360504,150.25311
398.54126,19.94114,103.360504,150.25311
398.04413,19.444038,103.360504,150.25311
398.54126,20.93534,103.360504,150.25311
398.04413,19.444038,103.360504,150.25311
397.54706,21.929543,103.360504,150.25311
397.04993,19.444038,103.360504,150.25311
397.54706,22.923744,103.360504,150.25311
397.04993,19.444038,103.360504,150.25311
397.54706,21.929543,103.360504,150.25311
397.04993,19.444038,103.360504,150.25311
397.54706,22.923744,103.360504,150.25311
397.04993,20.43824,103.360504,150.25311
397.54706,21.929543,103.360504,150.25311
397.04993,19.444038,103.360504,150.25311
397.54706,22.923744,103.360504,150.25311
397.04993,20.43824,103.360504,150.25311
397.54706,20.93534,103.360504,150.25311
396.05573,19.444038,103.360504,150.25311
396.55286,21.929543,103.360504,150.25311
396.05573,19.444038,103.360504,150.25311
397.54706,20.93534,103.360504,150.25311
396.05573,19.444038,103.360504,150.25311
396.55286,21.929543,103.360504,150.25311
396.05573,19.444038,103.360504,150.25311
397.54706,20.93534,103.360504,150.25311
396.05573,18.449837,103.360504,150.25311
396.55286,20.93534,103.360504,150.25311
397.04993,17.455635,103.360504,150.25311
396.55286,20.93534,103.360504,150.25311
397.04993,17.455635,103.360504,150.25311
396.55286,19.94114,103.360504,150.25311
398.04413,17.455635,103.360504,150.25311
396.55286,19.94114,103.360504,150.25311
398.04413,17.455635,103.360504,150.25311
397.54706,19.94114,103.360504,150.25311
398.04413,17.455635,103.360504,150.25311
397.54706,19.94114,103.360504,150.25311
399.03833,17.455635,103.360504,150.25311
398.54126,19.94114,103.360504,150.25311
399.03833,17.455635,103.360504,150.25311
399.53546,19.94114,103.360504,150.25311
399.03833,17.455635,103.360504,150.25311
398.54126,19.94114,103.360504,150.25311
399.03833,18.449837,103.360504,150.25311
399.53546,19.94114,103.360504,150.25311
399.03833,18.449837,103.360504,150.25311
399.53546,20.93534,103.360504,150.25311
399.03833,18.449837,103.360504,150.25311
399.53546,20.93534,103.360504,150.25311
399.03833,18.449837,103.360504,150.25311
400.52966,20.93534,103.360504,150.25311
399.03833,19.444038,103.360504,150.25311
399.53546,20.93534,103.360504,150.25311
399.03833,18.449837,103.360504,150.25311
399.53546,20.93534,103.360504,150.25311
399.03833,18.449837,103.360504,150.25311
399.53546,19.94114,103.360504,150.25311
399.03833,18.449837,103.360504,150.25311
399.53546,19.94114,103.360504,150.25311
399.03833,18.449837,103.360504,150.25311
399.53546,19.94114,103.360504,150.25311
399.03833,18.449837,103.360504,150.25311
399.53546,20.93534,103.360504,150.25311
399.03833,18.449837,103.360504,150.25311
399.53546,20.93534,103.360504,150.25311
400.03253,18.449837,103.360504,150.25311
399.53546,20.93534,103.360504,150.25311
400.03253,18.449837,103.360504,150.25311
399.53546,19.94114,103.360504,150.25311
400.03253,17.455635,103.360504,150.25311
399.53546,19.94114,103.360504,150.25311
400.03253,18.449837,103.360504,150.25311
399.53546,20.93534,103.360504,150.25311
399.03833,18.449837,103.360504,150.25311
400.52966,19.94114,103.360504,150.25311
400.03253,19.444038,103.360504,150.25311
400.52966,20.93534,103.360504,150.25311
400.03253,19.444038,103.360504,150.25311
400.52966,20.93534,103.360504,150.25311
400.03253,19.444038,103.360504,150.25311
400.52966,20.93534,103.360504,150.25311
400.03253,19.444038,103.360504,150.25311
400.52966,20.93534,103.360504,150.25311
308.0998,43.51306,105.647354,153.57747
300.4783,46.05356,105.647354,153.57747
294.8892,41.48066,105.647354,153.57747
299.4621,45.037354,105.647354,153.57747
294.8892,41.48066,105.647354,153.57747
299.4621,45.037354,105.647354,153.57747
293.873,41.48066,105.647354,153.57747
299.4621,45.037354,105.647354,153.57747
293.873,40.464455,105.647354,153.57747
299.4621,45.037354,105.647354,153.57747
293.873,40.464455,105.647354,153.57747
299.4621,45.037354,105.647354,153.57747
293.873,40.464455,105.647354,153.57747
299.4621,45.037354,105.647354,153.57747
293.873,40.464455,105.647354,153.57747
299.4621,45.037354,105.647354,153.57747
293.873,40.464455,105.647354,153.57747
299.4621,45.037354,105.647354,153.57747
293.873,41.48066,105.647354,153.57747
299.4621,45.037354,105.647354,153.57747
293.873,41.48066,105.647354,153.57747
299.4621,45.037354,105.647354,153.57747
293.873,40.464455,105.647354,153.57747
299.4621,45.037354,105.647354,153.57747
293.873,41.48066,105.647354,153.57747
406.16302,17.599976,105.647354,153.57747
409.71973,18.108078,105.647354,153.57747
408.19543,16.583778,105.647354,153.57747
406.67114,20.140472,105.647354,153.57747
410.22784,16.583778,105.647354,153.57747
406.67114,20.140472,105.647354,153.57747
411.24405,15.567574,105.647354,153.57747
407.68735,19.124268,105.647354,153.57747
410.22784,15.567574,105.647354,153.57747
407.68735,19.124268,105.647354,153.57747
410.22784,15.567574,105.647354,153.57747
407.68735,20.140472,105.647354,153.57747
410.22784,15.567574,105.647354,153.57747
407.68735,20.140472,105.647354,153.57747
410.22784,15.567574,105.647354,153.57747
407.68735,19.124268,105.647354,153.57747
411.24405,14.551369,105.647354,153.57747
408.70355,19.124268,105.647354,153.57747
410.22784,15.567574,105.647354,153.57747
408.70355,19.124268,105.647354,153.57747
409.21164,16.58377,105.647354,153.57747
407.68735,21.15667,105.647354,153.57747
411.24405,16.58377,105.647354,153.57747
407.68735,22.172867,105.647354,153.57747
412.26025,16.58377,105.647354,153.57747
408.70355,22.172867,105.647354,153.57747
413.27646,16.58377,105.647354,153.57747
409.9953,23.60839,103.394394,150.30238
414.47067,19.13301,103.394394,150.30238
409.9953,23.60839,103.394394,150.30238
415.4652,19.13301,103.394394,150.30238
410.98984,22.613861,103.394394,150.30238
415.4652,18.138481,103.394394,150.30238
410.98984,22.613861,103.394394,150.30238
415.4652,18.138481,103.394394,150.30238
410.98984,22.613861,103.394394,150.30238
415.4652,18.138481,103.394394,150.30238
410.98984,22.613861,103.394394,150.30238
415.4652,18.138481,103.394394,150.30238
410.98984,22.613861,103.394394,150.30238
415.4652,18.138481,103.394394,150.30238
410.98984,19.630272,103.394394,150.30238
416.45975,15.154892,103.394394,150.30238
411.98438,17.641212,103.394394,150.30238
415.4652,16.149422,103.394394,150.30238
410.98984,19.630272,103.394394,150.30238
416.45975,17.143951,103.394394,150.30238
411.98438,20.624802,103.394394,150.30238
416.45975,17.143951,103.394394,150.30238
411.98438,21.619331,103.394394,150.30238
415.4652,19.13301,103.394394,150.30238
411.98438,22.613861,103.394394,150.30238
415.4652,19.13301,103.394394,150.30238
411.98438,23.60839,103.394394,150.30238
415.4652,19.13301,103.394394,150.30238
411.98438,23.60839,103.394394,150.30238
417.45428,19.13301,103.394394,150.30238
413.97345,23.60839,103.394394,150.30238
420.3481,20.897392,101.189476,147.09714
416.9415,24.304008,101.189476,147.09714
422.24207,21.650826,99.03158,143.96025
418.90808,24.984795,99.03158,143.96025
425.09973,20.698257,99.03158,143.96025
420.8132,24.032227,99.03158,143.96025
419.5738,28.780693,96.9197,140.89026
419.10767,24.585571,96.9197,140.89026
423.3028,22.254944,96.9197,140.89026
420.03992,26.450066,96.9197,140.89026
421.4383,23.187187,96.9197,140.89026
418.1754,26.450066,96.9197,140.89026
421.4383,24.119438,96.9197,140.89026
419.32678,28.766647,94.85286,137.88573
420.69534,26.485725,94.85286,137.88573
418.41443,29.679016,94.85286,137.88573
422.52008,26.485725,94.85286,137.88573
421.15152,23.292435,94.85286,137.88573
418.8706,21.923882,94.85286,137.88573
422.97626,22.380066,94.85286,137.88573
420.69534,23.74862,94.85286,137.88573
422.97626,21.467697,94.85286,137.88573
426.16956,21.011513,94.85286,137.88573
424.801,21.467697,94.85286,137.88573
426.16956,20.099144,94.85286,137.88573
425.71338,19.64296,94.85286,137.88573
425.2572,20.099144,94.85286,137.88573
426.62576,18.73059,94.85286,137.88573
424.34485,18.274406,94.85286,137.88573
424.80103,18.73059,94.85286,137.88573
422.5201,18.274406,94.85286,137.88573
424.80103,17.818222,94.85286,137.88573
421.60773,19.186775,94.85286,137.88573
422.9763,17.818222,94.85286,137.88573
420.69537,20.099144,94.85286,137.88573
422.9763,16.905853,94.85286,137.88573
419.783,20.099144,94.85286,137.88573
422.9763,17.818222,94.85286,137.88573
419.783,19.186775,94.85286,137.88573
421.15155,17.818222,94.85286,137.88573
420.69537,20.099144,94.85286,137.88573
420.2392,18.73059,94.85286,137.88573
418.87064,20.099144,94.85286,137.88573
418.41446,18.73059,94.85286,137.88573
417.95828,20.099144,94.85286,137.88573
417.5021,18.73059,94.85286,137.88573
418.87067,19.186775,94.85286,137.88573
416.58975,18.73059,94.85286,137.88573
416.13358,19.186775,94.85286,137.88573
417.50214,18.73059,94.85286,137.88573
416.13358,20.099144,94.85286,137.88573
417.50214,17.818222,94.85286,137.88573
415.22122,20.099144,94.85286,137.88573
417.50214,17.818222,94.85286,137.88573
415.22122,20.099144,94.85286,137.88573
416.58978,17.818222,94.85286,137.88573
414.30887,19.186775,94.85286,137.88573
416.58978,17.818222,94.85286,137.88573
413.39648,20.099144,94.85286,137.88573
415.6774,17.818222,94.85286,137.88573
413.39648,20.099144,94.85286,137.88573
414.76505,17.818222,94.85286,137.88573
412.48413,20.099144,94.85286,137.88573
414.76505,17.818222,94.85286,137.88573
412.48413,20.099144,94.85286,137.88573
414.76505,17.818222,94.85286,137.88573
412.48413,20.099144,94.85286,137.88573
414.76505,17.818222,94.85286,137.88573
412.48413,20.099144,94.85286,137.88573
414.76505,17.818222,94.85286,137.88573
412.48413,20.099144,94.85286,137.88573
414.76505,17.818222,94.85286,137.88573
412.48413,20.099144,94.85286,137.88573
413.8527,17.818222,94.85286,137.88573
411.57178,20.099144,94.85286,137.88573
414.76508,17.818222,94.85286,137.88573
411.57178,19.186775,94.85286,137.88573
413.8527,17.818222,94.85286,137.88573
410.6594,19.186775,94.85286,137.88573
412.02795,18.73059,94.85286,137.88573
410.6594,20.099144,94.85286,137.88573
412.02795,17.818222,94.85286,137.88573
410.6594,20.099144,94.85286,137.88573
411.11557,17.818222,94.85286,137.88573
410.6594,20.099144,94.85286,137.88573
410.20322,17.818222,94.85286,137.88573
411.57178,20.099144,94.85286,137.88573
411.1156,17.818222,94.85286,137.88573
409.74704,20.099144,94.85286,137.88573
410.20322,18.73059,94.85286,137.88573
410.6594,20.099144,94.85286,137.88573
408.37848,18.73059,94.85286,137.88573
410.6594,19.186775,94.85286,137.88573
408.37848,17.818222,94.85286,137.88573
408.83466,20.099144,94.85286,137.88573
407.4661,18.73059,94.85286,137.88573
408.83466,18.274406,94.85286,137.88573
407.4661,18.73059,94.85286,137.88573
408.83466,17.362038,94.85286,137.88573
406.55374,18.73059,94.85286,137.88573
407.9223,17.362038,94.85286,137.88573
405.6414,18.73059,94.85286,137.88573
406.09756,18.274406,94.85286,137.88573
405.6414,19.64296,94.85286,137.88573
405.1852,20.099144,94.85286,137.88573
406.55377,18.73059,94.85286,137.88573
406.0976,21.011513,94.85286,137.88573
403.81668,22.380066,94.85286,137.88573
403.3605,21.923882,94.85286,137.88573
403.81668,24.204803,94.85286,137.88573
403.3605,21.923882,94.85286,137.88573
401.0796,25.117172,94.85286,137.88573
402.44815,23.74862,94.85286,137.88573
400.16724,25.117172,94.85286,137.88573
401.5358,25.573357,94.85286,137.88573
401.07962,25.117172,94.85286,137.88573
399.71106,23.74862,94.85286,137.88573
398.3425,26.029541,94.85286,137.88573
400.6234,25.573357,94.85286,137.88573
398.3425,24.204803,94.85286,137.88573
400.6234,24.660988,94.85286,137.88573
398.3425,24.204803,94.85286,137.88573
399.71106,24.660988,94.85286,137.88573
399.25488,24.204803,94.85286,137.88573
399.71106,24.660988,94.85286,137.88573
398.3425,25.117172,94.85286,137.88573
399.71106,25.573357,94.85286,137.88573
397.43015,26.029541,94.85286,137.88573
399.71106,25.573357,94.85286,137.88573
398.3425,25.117172,94.85286,137.88573
399.71106,24.660988,94.85286,137.88573
397.43015,26.029541,94.85286,137.88573
400.62344,25.573357,94.85286,137.88573
398.34253,26.029541,94.85286,137.88573
399.7111,26.485725,94.85286,137.88573
399.2549,25.117172,94.85286,137.88573
398.79874,26.485725,94.85286,137.88573
400.1673,26.029541,94.85286,137.88573
398.79874,27.398094,94.85286,137.88573
400.1673,26.94191,94.85286,137.88573
399.71112,27.398094,94.85286,137.88573
400.1673,26.94191,94.85286,137.88573
400.62347,27.398094,94.85286,137.88573
400.1673,26.94191,94.85286,137.88573
402.4482,27.398094,94.85286,137.88573
401.99203,26.029541,94.85286,137.88573
400.62347,28.310463,94.85286,137.88573
402.9044,26.94191,94.85286,137.88573
402.4482,27.398094,94.85286,137.88573
405.6415,26.029541,94.85286,137.88573
401.53586,29.222832,94.85286,137.88573
404.72916,26.94191,94.85286,137.88573
403.3606,27.398094,94.85286,137.88573
405.6415,27.854279,94.85286,137.88573
403.3606,29.222832,94.85286,137.88573
405.6415,27.854279,94.85286,137.88573
403.3606,29.222832,94.85286,137.88573
406.5539,26.94191,94.85286,137.88573
404.27298,28.310463,94.85286,137.88573
405.64154,26.94191,94.85286,137.88573
404.27298,28.310463,94.85286,137.88573
405.64154,27.854279,94.85286,137.88573
403.36063,29.222832,94.85286,137.88573
406.55392,27.854279,94.85286,137.88573
405.18536,29.222832,94.85286,137.88573
405.64154,26.94191,94.85286,137.88573
405.18536,28.310463,94.85286,137.88573
407.46628,26.94191,94.85286,137.88573
406.09772,28.310463,94.85286,137.88573
406.5539,27.854279,94.85286,137.88573
407.01007,29.222832,94.85286,137.88573
405.6415,27.854279,94.85286,137.88573
407.92242,27.398094,94.85286,137.88573
407.46625,26.94191,94.85286,137.88573
410.65955,25.573357,94.85286,137.88573
405.6415,28.766647,94.85286,137.88573
408.8348,27.398094,94.85286,137.88573
408.37863,25.117172,94.85286,137.88573
411.57193,24.660988,94.85286,137.88573
407.46628,26.94191,94.85286,137.88573
411.57193,24.660988,94.85286,137.88573
408.37863,26.029541,94.85286,137.88573
411.57193,26.485725,94.85286,137.88573
410.20337,25.117172,94.85286,137.88573
408.8348,26.485725,94.85286,137.88573
412.0281,24.204803,94.85286,137.88573
407.92245,26.485725,94.85286,137.88573
412.0281,25.117172,94.85286,137.88573
408.8348,26.485725,94.85286,137.88573
412.0281,25.117172,94.85286,137.88573
409.7472,26.485725,94.85286,137.88573
412.0281,24.204803,94.85286,137.88573
408.8348,27.398094,94.85286,137.88573
412.0281,25.117172,94.85286,137.88573
408.8348,28.310463,94.85286,137.88573
412.0281,25.117172,94.85286,137.88573
409.7472,27.398094,94.85286,137.88573
412.0281,25.117172,94.85286,137.88573
408.8348,28.310463,94.85286,137.88573
412.0281,26.029541,94.85286,137.88573
408.8348,29.222832,94.85286,137.88573
412.0281,26.029541,94.85286,137.88573
409.7472,28.310463,94.85286,137.88573
412.9405,25.117172,94.85286,137.88573
410.65958,28.310463,94.85286,137.88573
412.9405,25.117172,94.85286,137.88573
410.65958,28.310463,94.85286,137.88573
413.85287,25.117172,94.85286,137.88573
411.57196,28.310463,94.85286,137.88573
414.76526,25.117172,94.85286,137.88573
411.57196,28.310463,94.85286,137.88573
415.6776,25.117172,94.85286,137.88573
412.4843,27.398094,94.85286,137.88573
415.6776,25.117172,94.85286,137.88573
412.4843,27.398094,94.85286,137.88573
415.6776,25.117172,94.85286,137.88573
412.4843,27.398094,94.85286,137.88573
415.6776,25.117172,94.85286,137.88573
412.4843,28.310463,94.85286,137.88573
416.58997,25.117172,94.85286,137.88573
413.39667,27.398094,94.85286,137.88573
416.58997,26.029541,94.85286,137.88573
413.39667,28.310463,94.85286,137.88573
416.58997,25.117172,94.85286,137.88573
413.39667,27.398094,94.85286,137.88573
417.50232,24.204803,94.85286,137.88573
414.30902,28.310463,94.85286,137.88573
416.58994,25.117172,94.85286,137.88573
413.39664,28.310463,94.85286,137.88573
416.58994,25.117172,94.85286,137.88573
413.39664,28.310463,94.85286,137.88573
417.5023,24.204803,94.85286,137.88573
414.309,28.310463,94.85286,137.88573
416.5899,26.029541,94.85286,137.88573
412.48425,31.04757,94.85286,137.88573
416.5899,26.94191,94.85286,137.88573
413.3966,31.04757,94.85286,137.88573
416.5899,27.854279,94.85286,137.88573
412.48425,31.959938,94.85286,137.88573
416.5899,27.854279,94.85286,137.88573
412.48425,31.959938,94.85286,137.88573
415.67755,28.766647,94.85286,137.88573
412.48425,31.959938,94.85286,137.88573
414.76517,28.766647,94.85286,137.88573
411.57187,31.959938,94.85286,137.88573
414.76517,29.679016,94.85286,137.88573
411.57187,31.959938,94.85286,137.88573
414.76517,29.679016,94.85286,137.88573
411.57187,32.872307,94.85286,137.88573
414.76517,30.591385,94.85286,137.88573
411.57187,32.872307,94.85286,137.88573
414.76517,31.503754,94.85286,137.88573
411.57187,33.784676,94.85286,137.88573
414.76517,31.503754,94.85286,137.88573
411.57187,34.697044,94.85286,137.88573
414.76517,31.503754,94.85286,137.88573
411.57187,33.784676,94.85286,137.88573
413.85278,31.503754,94.85286,137.88573
410.6595,35.609413,94.85286,137.88573
412.9404,32.416122,94.85286,137.88573
411.57184,36.521782,94.85286,137.88573
414.76514,33.32849,94.85286,137.88573
411.57184,33.784676,94.85286,137.88573
414.76514,36.977966,94.85286,137.88573
410.6595,33.784676,94.85286,137.88573
412.9404,37.890335,94.85286,137.88573
410.6595,33.784676,94.85286,137.88573
412.9404,37.890335,94.85286,137.88573
409.7471,34.697044,94.85286,137.88573
413.85275,37.890335,94.85286,137.88573
410.65945,34.697044,94.85286,137.88573
413.85275,37.890335,94.85286,137.88573
410.65945,34.697044,94.85286,137.88573
413.85275,38.802704,94.85286,137.88573
411.57184,35.609413,94.85286,137.88573
414.76514,37.890335,94.85286,137.88573
411.57184,34.697044,94.85286,137.88573
415.6775,39.715073,94.85286,137.88573
412.4842,35.609413,94.85286,137.88573
415.6775,37.890335,94.85286,137.88573
411.57184,34.697044,94.85286,137.88573
415.6775,38.802704,94.85286,137.88573
412.4842,35.609413,94.85286,137.88573
415.6775,38.802704,94.85286,137.88573
412.4842,35.609413,94.85286,137.88573
415.6775,37.890335,94.85286,137.88573
412.4842,34.697044,94.85286,137.88573
415.6775,38.802704,94.85286,137.88573
412.4842,35.609413,94.85286,137.88573
415.6775,38.802704,94.85286,137.88573
412.4842,35.609413,94.85286,137.88573
415.6775,38.802704,94.85286,137.88573
412.4842,35.609413,94.85286,137.88573
415.6775,38.802704,94.85286,137.88573
412.4842,35.609413,94.85286,137.88573
415.6775,38.802704,94.85286,137.88573
412.4842,35.609413,94.85286,137.88573
416.58984,38.802704,94.85286,137.88573
413.39655,35.609413,94.85286,137.88573
416.58984,38.802704,94.85286,137.88573
413.39655,36.521782,94.85286,137.88573
315.32245,74.279625,96.95148,140.93645
311.12595,75.67846,96.95148,140.93645
309.7271,76.14474,96.95148,140.93645
312.0585,73.81335,96.95148,140.93645
309.7271,77.07729,96.95148,140.93645
312.99106,74.7459,96.95148,140.93645
310.65967,77.07729,96.95148,140.93645
312.0585,74.7459,96.95148,140.93645
309.7271,76.14474,96.95148,140.93645
312.99106,74.7459,96.95148,140.93645
310.65967,77.07729,96.95148,140.93645
312.99106,75.67846,96.95148,140.93645
311.59222,76.14474,96.95148,140.93645
311.12595,74.7459,96.95148,140.93645
310.65967,76.14474,96.95148,140.93645
312.0585,73.81335,96.95148,140.93645
310.65967,77.07729,96.95148,140.93645
313.9236,74.7459,96.95148,140.93645
311.59222,76.14474,96.95148,140.93645
312.0585,74.7459,96.95148,140.93645
310.65967,76.14474,96.95148,140.93645
313.9236,75.67846,96.95148,140.93645
312.52478,77.07729,96.95148,140.93645
312.0585,74.7459,96.95148,140.93645
311.59222,77.07729,96.95148,140.93645
313.9236,76.611015,96.95148,140.93645
311.59222,76.14474,96.95148,140.93645
313.9236,77.54357,96.95148,140.93645
311.59222,75.21218,96.95148,140.93645
313.9236,76.611015,96.95148,140.93645
311.59222,75.21218,96.95148,140.93645
313.9236,76.611015,96.95148,140.93645
312.52478,75.21218,96.95148,140.93645
312.99106,75.67846,96.95148,140.93645
313.45734,76.14474,96.95148,140.93645
312.0585,73.81335,96.95148,140.93645
311.59222,76.14474,96.95148,140.93645
313.9236,74.7459,96.95148,140.93645
312.52478,76.14474,96.95148,140.93645
312.0585,73.81335,96.95148,140.93645
311.59222,75.21218,96.95148,140.93645
312.99106,74.7459,96.95148,140.93645
312.52478,75.21218,96.95148,140.93645
311.12595,73.81335,96.95148,140.93645
312.52478,75.21218,96.95148,140.93645
311.12595,72.88079,96.95148,140.93645
311.59222,75.21218,96.95148,140.93645
286.8153,66.396614,99.09653,144.05467
282.52594,64.966835,99.09653,144.05467
280.143,63.537056,99.09653,144.05467
282.52594,62.107277,99.09653,144.05467
279.9463,19.472954,101.28904,147.24188
289.20193,-2.4482956,101.28904,147.24188
286.76624,-10.729656,101.28904,147.24188
293.95016,-14.324509,99.12902,144.1019
291.5664,-10.987255,99.12902,144.1019
290.13617,-15.2780075,99.12902,144.1019
287.7524,-10.987255,99.12902,144.1019
292.04315,-9.557003,99.12902,144.1019
289.6594,-6.2197495,99.12902,144.1019
285.10037,-2.3729553,101.32225,147.29015
280.4405,5.6035233,103.564,150.54893
285.91937,-1.8676758,103.564,150.54893
279.0894,4.2182465,105.855354,153.87984
274.22104,0.9313812,108.1974,157.28442
272.48422,4.050316,110.59127,160.76434
277.27112,0.32717896,110.59127,160.76434
272.48422,-0.20469666,110.59127,160.76434
277.27112,2.454689,110.59127,160.76434
272.48422,0.85905457,110.59127,160.76434
277.27112,0.32717896,110.59127,160.76434
273.54797,-1.2684555,110.59127,160.76434
277.27112,0.32717896,110.59127,160.76434
273.54797,-1.2684555,110.59127,160.76434
276.20737,1.3909302,110.59127,160.76434
271.1212,1.2679367,113.0381,164.32126
274.9267,-1.4502869,113.0381,164.32126
270.0339,0.1806488,113.0381,164.32126
276.014,-2.5375748,113.0381,164.32126
271.12122,-0.9066391,113.0381,164.32126
276.014,-1.4502869,113.0381,164.32126
272.2085,-0.9066391,113.0381,164.32126
268.13785,1.2237778,115.53907,167.95686
274.25024,-2.6659317,115.53907,167.95686
269.24918,-2.11026,115.53907,167.95686
270.9162,-0.44324493,115.53907,167.95686
268.13785,-0.9989166,115.53907,167.95686
274.25024,0.66809845,115.53907,167.95686
269.24918,-0.9989166,115.53907,167.95686
268.6935,-1.5545883,115.53907,167.95686
269.14487,1.7759857,118.095375,171.67291
265.1691,-2.1997833,118.095375,171.67291
269.14487,0.6400528,118.095375,171.67291
265.1691,-2.1997833,118.095375,171.67291
269.14487,0.6400528,118.095375,171.67291
265.1691,-1.0638504,118.095375,171.67291
268.00894,1.7759857,118.095375,171.67291
264.03317,0.07208252,118.095375,171.67291
268.00894,1.7759857,118.095375,171.67291
265.1691,1.2080154,118.095375,171.67291
266.873,-0.49588776,118.095375,171.67291
264.03314,2.3439484,118.095375,171.67291
266.873,-0.49588776,118.095375,171.67291
262.89722,2.3439484,118.095375,171.67291
269.14487,-1.6318207,118.095375,171.67291
264.03317,0.07208252,118.095375,171.67291
266.87302,1.7759857,118.095375,171.67291
264.03317,0.07208252,118.095375,171.67291
268.00894,-3.9036865,118.095375,171.67291
264.03317,-1.0638504,118.095375,171.67291
268.00894,-5.0396194,118.095375,171.67291
262.89725,-4.471649,118.095375,171.67291
269.1449,-8.447418,118.095375,171.67291
262.89725,-5.607582,118.095375,171.67291
268.00894,-7.3114853,118.095375,171.67291
262.89725,-5.607582,118.095375,171.67291
268.00894,-6.1755524,118.095375,171.67291
262.89725,-5.607582,118.095375,171.67291
268.00894,-7.3114853,118.095375,171.67291
261.7613,-5.607582,118.095375,171.67291
268.00894,-7.3114853,118.095375,171.67291
260.62537,-5.607582,118.095375,171.67291
265.73706,-8.447418,118.095375,171.67291
260.62537,-3.3357162,118.095375,171.67291
265.73706,-7.3114853,118.095375,171.67291
300.38306,34.150116,118.095375,171.67291
306.6307,38.125885,118.095375,171.67291
303.79086,36.42198,118.095375,171.67291
307.76663,38.125885,118.095375,171.67291
302.65494,36.42198,118.095375,171.67291
307.76663,39.261818,118.095375,171.67291
303.79086,35.28605,118.095375,171.67291
308.90256,39.261818,118.095375,171.67291
302.6549,35.28605,118.095375,171.67291
307.7666,38.125885,118.095375,171.67291
302.6549,37.557915,118.095375,171.67291
306.63068,38.125885,118.095375,171.67291
301.51898,35.28605,118.095375,171.67291
305.49475,36.989952,118.095375,171.67291
300.38306,36.42198,118.095375,171.67291
304.35883,36.989952,118.095375,171.67291
299.24713,35.28605,118.095375,171.67291
303.2229,35.85402,118.095375,171.67291
298.1112,34.150116,118.095375,171.67291
303.2229,36.989952,118.095375,171.67291
298.1112,33.014183,118.095375,171.67291
302.08698,36.989952,118.095375,171.67291
296.97528,33.014183,118.095375,171.67291
302.08698,35.85402,118.095375,171.67291
295.83932,31.87825,118.095375,171.67291
300.95102,35.85402,118.095375,171.67291
298.11118,33.014183,118.095375,171.67291
302.08694,35.85402,118.095375,171.67291
299.2471,31.87825,118.095375,171.67291
303.22287,34.718086,118.095375,171.67291
303.79083,33.014183,118.095375,171.67291
308.90253,30.174347,118.095375,171.67291
312.8783,28.470444,118.095375,171.67291
317.99,29.038414,118.095375,171.67291
316.2861,30.742317,118.095375,171.67291
321.3978,29.038414,118.095375,171.67291
324.23764,29.606384,118.095375,171.67291
325.94153,27.902481,118.095375,171.67291
327.64542,28.470451,118.095375,171.67291
324.80557,30.174355,118.095375,171.67291
328.78134,26.198586,118.095375,171.67291
323.66965,27.902489,118.095375,171.67291
326.5095,26.198586,118.095375,171.67291
323.66965,27.902489,118.095375,171.67291
326.5095,26.198586,118.095375,171.67291
324.8056,27.902489,118.095375,171.67291
327.64545,28.470459,118.095375,171.67291
327.07748,30.174362,118.095375,171.67291
329.91733,29.606392,118.095375,171.67291
328.21344,30.174362,118.095375,171.67291
329.91733,31.878265,118.095375,171.67291
330.4853,31.310295,118.095375,171.67291
329.91733,28.470459,118.095375,171.67291
331.62122,30.174362,118.095375,171.67291
329.91733,28.470459,118.095375,171.67291
331.62122,30.174362,118.095375,171.67291
329.91733,28.470459,118.095375,171.67291
329.34937,30.174362,118.095375,171.67291
327.64548,31.878265,118.095375,171.67291
330.48532,32.446236,118.095375,171.67291
328.78143,30.742332,118.095375,171.67291
328.21347,30.174362,118.095375,171.67291
326.50958,30.742332,118.095375,171.67291
327.07755,31.310303,118.095375,171.67291
325.37366,30.742332,118.095375,171.67291
328.2135,31.310303,118.095375,171.67291
323.1018,31.878273,118.095375,171.67291
324.8057,31.310303,118.095375,171.67291
324.23773,31.878273,118.095375,171.67291
323.66977,32.446243,118.095375,171.67291
323.1018,30.74234,118.095375,171.67291
320.26196,31.31031,118.095375,171.67291
383.38168,21.6446,115.57696,168.01193
388.36438,18.614174,113.11224,164.42903
387.99744,21.940437,110.70009,160.92253
390.71725,23.143135,108.33938,157.49081
390.36578,26.32904,106.02901,154.13228
389.03882,25.514977,103.76791,150.84537
391.53412,29.0084,103.76791,150.84537
390.2354,27.249657,101.55502,147.62854
391.70068,29.69175,101.55502,147.62854
390.2354,27.249657,101.55502,147.62854
389.747,30.668587,101.55502,147.62854
388.2818,28.226494,101.55502,147.62854
390.72388,29.69175,101.55502,147.62854
388.2818,27.249657,101.55502,147.62854
390.72388,30.668587,101.55502,147.62854
388.2818,28.226494,101.55502,147.62854
391.71844,28.388313,99.38933,144.48032
390.28442,30.778328,99.38933,144.48032
389.80643,28.388313,99.38933,144.48032
389.32843,30.778328,99.38933,144.48032
390.76245,28.388313,99.38933,144.48032
390.28445,30.778328,99.38933,144.48032
388.85043,28.388313,99.38933,144.48032
390.28445,29.822319,99.38933,144.48032
387.89444,29.344315,99.38933,144.48032
389.32846,27.910309,99.38933,144.48032
389.80646,30.300323,99.38933,144.48032
387.41644,27.910309,99.38933,144.48032
390.76245,30.300323,99.38933,144.48032
388.37244,27.910309,99.38933,144.48032
388.85043,29.344315,99.38933,144.48032
386.46042,27.910309,99.38933,144.48032
389.80643,29.344315,99.38933,144.48032
386.46042,28.86631,99.38933,144.48032
389.80643,28.388306,99.38933,144.48032
387.4164,29.822311,99.38933,144.48032
387.8944,28.388306,99.38933,144.48032
387.572,28.546669,97.26982,141.39923
389.91104,29.950096,97.26982,141.39923
388.50763,30.417908,97.26982,141.39923
388.03983,28.078865,97.26982,141.39923
390.4297,30.939255,95.19551,138.38385
388.14053,29.565758,95.19551,138.38385
390.4297,31.85492,95.19551,138.38385
388.14053,29.565758,95.19551,138.38385
389.51404,30.939255,95.19551,138.38385
387.22488,28.650093,95.19551,138.38385
389.51404,30.939255,95.19551,138.38385
387.22488,28.650093,95.19551,138.38385
389.51404,30.939255,95.19551,138.38385
386.3092,28.650093,95.19551,138.38385
388.59836,30.939255,95.19551,138.38385
386.3092,28.650093,95.19551,138.38385
387.6827,30.939255,95.19551,138.38385
384.47787,28.650093,95.19551,138.38385
384.9357,30.939255,95.19551,138.38385
384.47787,28.650093,95.19551,138.38385
384.02005,31.85492,95.19551,138.38385
384.47787,28.650093,95.19551,138.38385
383.10437,31.85492,95.19551,138.38385
384.47787,29.565758,95.19551,138.38385
382.18872,32.770584,95.19551,138.38385
384.47787,30.481422,95.19551,138.38385
382.18872,31.85492,95.19551,138.38385
383.64502,31.124039,93.165436,135.43277
383.19696,32.468246,93.165436,135.43277
383.64502,31.124039,93.165436,135.43277
383.19696,32.468246,93.165436,135.43277
383.64502,31.124039,93.165436,135.43277
383.19696,33.364388,93.165436,135.43277
383.64502,31.124039,93.165436,135.43277
383.19696,33.364388,93.165436,135.43277
383.64502,30.227905,93.165436,135.43277
382.30084,35.15667,93.165436,135.43277
383.64502,32.020187,93.165436,135.43277
382.30084,33.364395,93.165436,135.43277
383.64502,32.020187,93.165436,135.43277
382.30084,34.260536,93.165436,135.43277
383.64502,33.81247,93.165436,135.43277
382.30084,33.364403,93.165436,135.43277
383.64502,32.916336,93.165436,135.43277
381.40466,34.260544,93.165436,135.43277
383.64502,33.812477,93.165436,135.43277
382.30084,32.46827,93.165436,135.43277
383.64502,33.812477,93.165436,135.43277
382.30084,33.36441,93.165436,135.43277
383.64502,32.916344,93.165436,135.43277
382.30084,35.156693,93.165436,135.43277
383.64502,33.812485,93.165436,135.43277
382.30084,33.364418,93.165436,135.43277
384.5412,32.91635,93.165436,135.43277
382.30084,34.26056,93.165436,135.43277
384.5412,33.812492,93.165436,135.43277
382.30084,33.364426,93.165436,135.43277
384.5412,33.812492,93.165436,135.43277
383.19696,32.468285,93.165436,135.43277
384.5412,33.812492,93.165436,135.43277
383.19696,32.468285,93.165436,135.43277
384.5412,33.812492,93.165436,135.43277
383.19696,32.468285,93.165436,135.43277
384.5412,32.91635,93.165436,135.43277
383.19696,31.572144,93.165436,135.43277
384.5412,32.91635,93.165436,135.43277
382.30084,31.572144,93.165436,135.43277
383.64502,31.124077,93.165436,135.43277
382.30084,32.468285,93.165436,135.43277
383.64502,30.227936,93.165436,135.43277
382.30084,32.468285,93.165436,135.43277
383.64502,30.227936,93.165436,135.43277
381.40466,32.468285,93.165436,135.43277
383.64502,29.331802,93.165436,135.43277
381.40466,30.67601,93.165436,135.43277
382.7489,31.124077,93.165436,135.43277
381.40466,31.572144,93.165436,135.43277
382.7489,30.227936,93.165436,135.43277
380.50854,32.468285,93.165436,135.43277
381.85272,29.331802,93.165436,135.43277
381.40466,31.572151,93.165436,135.43277
382.7489,29.331802,93.165436,135.43277
380.50854,31.572151,93.165436,135.43277
380.9566,30.227943,93.165436,135.43277
381.40466,32.468292,93.165436,135.43277
381.85272,30.227943,93.165436,135.43277
380.50848,33.364426,93.165436,135.43277
380.95654,31.124077,93.165436,135.43277
381.4046,33.364426,93.165436,135.43277
380.95654,31.124077,93.165436,135.43277
380.50848,34.26056,93.165436,135.43277
380.06042,32.02021,93.165436,135.43277
381.40466,34.26056,93.165436,135.43277
380.9566,32.91635,93.165436,135.43277
380.50854,35.1567,93.165436,135.43277
380.0605,32.91635,93.165436,135.43277
381.40466,35.1567,93.165436,135.43277
380.9566,33.812492,93.165436,135.43277
380.50854,33.364426,93.165436,135.43277
380.0605,32.91636,93.165436,135.43277
381.40472,34.260567,93.165436,135.43277
380.95667,33.8125,93.165436,135.43277
380.5086,34.260567,93.165436,135.43277
380.06055,33.8125,93.165436,135.43277
381.40472,32.468292,93.165436,135.43277
380.95667,33.8125,93.165436,135.43277
379.6125,32.468292,93.165436,135.43277
380.95667,33.8125,93.165436,135.43277
379.6125,33.364433,93.165436,135.43277
380.95667,32.916367,93.165436,135.43277
380.5086,35.156715,93.165436,135.43277
380.06055,33.812508,93.165436,135.43277
380.5086,33.36444,93.165436,135.43277
379.16443,33.812508,93.165436,135.43277
381.4048,35.156715,93.165436,135.43277
379.16443,34.70865,93.165436,135.43277
381.4048,35.156715,93.165436,135.43277
378.2683,37.397064,93.165436,135.43277
381.4048,36.052856,93.165436,135.43277
378.2683,38.293205,93.165436,135.43277
381.4048,36.052856,93.165436,135.43277
378.2683,38.293205,93.165436,135.43277
381.4048,36.052856,93.165436,135.43277
378.2683,39.18934,93.165436,135.43277
381.4048,37.84513,93.165436,135.43277
378.2683,37.397064,93.165436,135.43277
381.4048,36.948997,93.165436,135.43277
378.2683,37.397064,93.165436,135.43277
380.50867,36.948997,93.165436,135.43277
377.3722,36.50093,93.165436,135.43277
381.4048,36.948997,93.165436,135.43277
378.2683,36.50093,93.165436,135.43277
380.50867,36.052864,93.165436,135.43277
377.3722,37.39707,93.165436,135.43277
381.40485,35.156723,93.165436,135.43277
378.26837,38.293205,93.165436,135.43277
380.55737,37.577904,91.17866,132.54463
378.3648,37.13939,91.17866,132.54463
381.43442,36.700874,91.17866,132.54463
378.3648,36.26236,91.17866,132.54463
381.43442,37.577904,91.17866,132.54463
378.3648,35.38533,91.17866,132.54463
381.43442,37.577904,91.17866,132.54463
378.3648,35.38533,91.17866,132.54463
381.43442,36.700874,91.17866,132.54463
378.3648,35.38533,91.17866,132.54463
381.43442,35.823845,91.17866,132.54463
378.3648,33.63127,91.17866,132.54463
381.43442,37.577896,91.17866,132.54463
378.3648,35.385323,91.17866,132.54463
381.43442,34.946808,91.17866,132.54463
379.24185,34.508293,91.17866,132.54463
382.31146,35.823837,91.17866,132.54463
380.1189,33.631264,91.17866,132.54463
382.31146,35.823837,91.17866,132.54463
380.1189,33.631264,91.17866,132.54463
382.31146,36.70086,91.17866,132.54463
380.1189,34.508286,91.17866,132.54463
381.43445,34.06977,91.17866,132.54463
379.24188,33.631256,91.17866,132.54463
381.43445,35.82383,91.17866,132.54463
379.24188,33.631256,91.17866,132.54463
380.55743,35.82383,91.17866,132.54463
378.36487,33.631256,91.17866,132.54463
380.55743,36.70085,91.17866,132.54463
377.48782,34.508278,91.17866,132.54463
378.80338,33.192734,91.17866,132.54463
379.24188,34.508278,91.17866,132.54463
377.92633,32.315704,91.17866,132.54463
378.36484,34.508278,91.17866,132.54463
378.80334,32.315704,91.17866,132.54463
376.61078,33.63125,91.17866,132.54463
377.0493,32.315704,91.17866,132.54463
377.4878,32.75422,91.17866,132.54463
375.29523,29.684624,91.17866,132.54463
378.36484,34.508278,91.17866,132.54463
377.0493,30.561653,91.17866,132.54463
377.4878,33.63125,91.17866,132.54463
375.29523,30.561653,91.17866,132.54463
377.4878,33.63125,91.17866,132.54463
375.29523,30.561653,91.17866,132.54463
377.4878,33.63125,91.17866,132.54463
375.29523,30.561653,91.17866,132.54463
377.4878,32.754227,91.17866,132.54463
375.29523,28.807602,91.17866,132.54463
378.36484,32.754227,91.17866,132.54463
376.17227,28.807602,91.17866,132.54463
378.36484,32.754227,91.17866,132.54463
376.17227,28.807602,91.17866,132.54463
378.36484,32.754227,91.17866,132.54463
376.17227,29.684631,91.17866,132.54463
377.48782,33.631256,91.17866,132.54463
375.29526,30.56166,91.17866,132.54463
378.36487,33.631256,91.17866,132.54463
376.1723,30.56166,91.17866,132.54463
377.48785,33.631256,91.17866,132.54463
375.2953,30.56166,91.17866,132.54463
377.48785,32.754234,91.17866,132.54463
375.2953,28.80761,91.17866,132.54463
377.48785,32.754234,91.17866,132.54463
375.2953,28.80761,91.17866,132.54463
377.48785,31.877205,91.17866,132.54463
375.2953,28.80761,91.17866,132.54463
377.48785,31.877205,91.17866,132.54463
375.2953,28.80761,91.17866,132.54463
377.48785,31.877205,91.17866,132.54463
375.2953,28.80761,91.17866,132.54463
377.48785,32.754234,91.17866,132.54463
375.2953,28.80761,91.17866,132.54463
377.48785,32.754234,91.17866,132.54463
375.2953,28.80761,91.17866,132.54463
377.48785,32.754234,91.17866,132.54463
375.2953,28.80761,91.17866,132.54463
377.48785,32.754234,91.17866,132.54463
375.2953,29.684639,91.17866,132.54463
377.48785,33.631264,91.17866,132.54463
375.2953,30.561668,91.17866,132.54463
377.48785,33.631264,91.17866,132.54463
375.2953,31.43869,91.17866,132.54463
376.61084,34.508286,91.17866,132.54463
375.2953,32.315712,91.17866,132.54463
376.61084,32.754227,91.17866,132.54463
373.54123,32.315712,91.17866,132.54463
375.7338,31.877197,91.17866,132.54463
374.41824,33.19274,91.17866,132.54463
374.85675,31.000168,91.17866,132.54463
375.29526,33.19274,91.17866,132.54463
375.73376,31.000168,91.17866,132.54463
374.4182,33.19274,91.17866,132.54463
374.85672,31.000168,91.17866,132.54463
376.17227,31.438683,91.17866,132.54463
375.73376,31.000168,91.17866,132.54463
375.29526,31.438683,91.17866,132.54463
375.73376,31.877197,91.17866,132.54463
374.4182,30.561653,91.17866,132.54463
374.85672,33.63125,91.17866,132.54463
375.29523,30.561653,91.17866,132.54463
374.85672,31.877197,91.17866,132.54463
374.4182,28.807602,91.17866,132.54463
374.85672,31.877197,91.17866,132.54463
373.54117,27.930573,91.17866,132.54463
373.97968,31.000168,91.17866,132.54463
372.66412,28.807594,91.17866,132.54463
372.22562,31.000168,91.17866,132.54463
373.54117,28.807594,91.17866,132.54463
371.3486,31.000168,91.17866,132.54463
373.54117,28.807594,91.17866,132.54463
372.22562,31.87719,91.17866,132.54463
374.41818,29.684616,91.17866,132.54463
371.34857,33.63124,91.17866,132.54463
374.41818,30.561646,91.17866,132.54463
372.22562,32.75422,91.17866,132.54463
374.41818,28.807594,91.17866,132.54463
372.22562,32.75422,91.17866,132.54463
374.41818,29.684624,91.17866,132.54463
372.22562,33.63125,91.17866,132.54463
374.41818,30.561653,91.17866,132.54463
372.22562,33.63125,91.17866,132.54463
374.41818,31.438675,91.17866,132.54463
371.34857,33.63125,91.17866,132.54463
374.41818,31.438675,91.17866,132.54463
371.34857,31.87719,91.17866,132.54463
374.41818,28.807594,91.17866,132.54463
371.34857,31.87719,91.17866,132.54463
374.41818,28.807594,91.17866,132.54463
372.22562,28.36908,91.17866,132.54463
372.66412,29.684624,91.17866,132.54463
371.34857,28.36908,91.17866,132.54463
371.78708,27.053535,91.17866,132.54463
371.34857,27.49205,91.17866,132.54463
370.03302,26.176506,91.17866,132.54463
368.71747,27.49205,91.17866,132.54463
367.40192,26.176506,91.17866,132.54463
368.71747,27.49205,91.17866,132.54463
367.40192,26.176506,91.17866,132.54463
367.84042,27.49205,91.17866,132.54463
366.52487,27.053535,91.17866,132.54463
366.08636,26.61502,91.17866,132.54463
367.40192,28.807594,91.17866,132.54463
366.9634,25.737999,91.17866,132.54463
365.64786,27.930573,91.17866,132.54463
366.9634,26.615028,91.17866,132.54463
365.64786,28.807602,91.17866,132.54463
366.9634,26.615028,91.17866,132.54463
365.64786,28.807602,91.17866,132.54463
366.08636,26.615028,91.17866,132.54463
366.52487,29.684624,91.17866,132.54463
364.3323,28.36908,91.17866,132.54463
366.52487,30.561653,91.17866,132.54463
364.3323,28.36908,91.17866,132.54463
366.52487,31.438675,91.17866,132.54463
363.45526,30.12313,91.17866,132.54463
363.01675,31.438675,91.17866,132.54463
361.7012,33.63125,91.17866,132.54463
363.01675,31.438675,91.17866,132.54463
360.8242,33.63125,91.17866,132.54463
360.38568,34.946793,91.17866,132.54463
361.70123,32.75422,91.17866,132.54463
358.63162,32.315704,91.17866,132.54463
359.94717,35.3853,91.17866,132.54463
358.63162,32.315704,91.17866,132.54463
357.31607,34.508278,91.17866,132.54463
358.63162,32.315704,91.17866,132.54463
355.562,31.87719,91.17866,132.54463
356.87756,33.192734,91.17866,132.54463
356.43906,30.123138,91.17866,132.54463
354.2465,31.438683,91.17866,132.54463
354.685,29.246109,91.17866,132.54463
353.36945,27.930565,91.17866,132.54463
353.80795,29.246109,91.17866,132.54463
351.6154,27.053535,91.17866,132.54463
349.42282,27.49205,91.17866,132.54463
348.10727,27.930565,91.17866,132.54463
346.79172,28.36908,91.17866,132.54463
345.47617,28.807594,91.17866,132.54463
343.2836,27.49205,91.17866,132.54463
342.8451,29.684624,91.17866,132.54463
340.65253,31.000168,91.17866,132.54463
338.45996,30.561653,91.17866,132.54463
338.89847,31.877197,91.17866,132.54463
337.58292,30.561653,91.17866,132.54463
335.39035,33.63125,91.17866,132.54463
336.7059,32.315704,91.17866,132.54463
334.51334,34.508278,91.17866,132.54463
334.07483,32.315704,91.17866,132.54463
334.51334,34.508278,91.17866,132.54463
332.32077,34.069763,91.17866,132.54463
335.39038,32.75422,91.17866,132.54463
334.07483,34.069763,91.17866,132.54463
333.63632,33.63125,91.17866,132.54463
333.1978,34.946793,91.17866,132.54463
335.39038,31.000168,91.17866,132.54463
335.8289,31.438683,91.17866,132.54463
334.51334,31.000168,91.17866,132.54463
335.8289,29.684624,91.17866,132.54463
336.2674,29.246109,91.17866,132.54463
337.58295,27.053535,91.17866,132.54463
336.2674,24.860962,91.17866,132.54463
338.45996,23.545418,91.17866,132.54463
337.1444,24.860962,91.17866,132.54463
338.45996,20.914337,91.17866,132.54463
337.1444,20.475822,91.17866,132.54463
338.45996,19.160278,91.17866,132.54463
338.02145,16.967705,91.17866,132.54463
337.58295,19.160278,91.17866,132.54463
338.02145,16.090683,91.17866,132.54463
338.45996,14.775139,91.17866,132.54463
338.02145,13.459595,91.17866,132.54463
337.58295,14.775139,91.17866,132.54463
338.02145,12.582565,91.17866,132.54463
338.45996,14.775139,91.17866,132.54463
337.1444,13.459595,91.17866,132.54463
338.45996,15.652168,91.17866,132.54463
337.1444,17.844742,91.17866,132.54463
339.33698,14.7751465,91.17866,132.54463
338.02142,17.844742,91.17866,132.54463
337.58292,17.406227,91.17866,132.54463
336.26736,20.475822,91.17866,132.54463
337.58292,21.791367,91.17866,132.54463
336.26736,20.475822,91.17866,132.54463
336.70587,23.545418,91.17866,132.54463
334.5133,25.737991,91.17866,132.54463
334.9518,24.422447,91.17866,132.54463
334.5133,27.492043,91.17866,132.54463
334.0748,27.053528,91.17866,132.54463
334.5133,27.492043,91.17866,132.54463
333.19775,28.807587,91.17866,132.54463
332.75925,30.12313,91.17866,132.54463
332.32074,32.315704,91.17866,132.54463
334.5133,30.12313,91.17866,132.54463
332.32074,32.315704,91.17866,132.54463
335.39035,31.87719,91.17866,132.54463
334.0748,32.315704,91.17866,132.54463
333.6363,33.63125,91.17866,132.54463
334.0748,33.192734,91.17866,132.54463
334.5133,33.63125,91.17866,132.54463
334.0748,34.069763,91.17866,132.54463
335.39035,33.63125,91.17866,132.54463
334.95184,35.823822,91.17866,132.54463
334.51334,32.754227,91.17866,132.54463
333.19778,35.823822,91.17866,132.54463
335.39035,33.63125,91.17866,132.54463
334.0748,36.700844,91.17866,132.54463
333.6363,35.3853,91.17866,132.54463
333.19778,35.823814,91.17866,132.54463
334.51334,34.50827,91.17866,132.54463
333.19778,37.577866,91.17866,132.54463
334.51334,35.385292,91.17866,132.54463
333.19778,37.577866,91.17866,132.54463
333.6363,36.26232,91.17866,132.54463
333.19778,37.577866,91.17866,132.54463
333.6363,38.01638,91.17866,132.54463
332.32074,37.577866,91.17866,132.54463
334.5133,38.89341,91.17866,132.54463
332.32074,37.577866,91.17866,132.54463
334.5133,38.89341,91.17866,132.54463
332.32074,36.700836,91.17866,132.54463
335.39035,38.89341,91.17866,132.54463
334.95184,37.577866,91.17866,132.54463
334.51334,38.89341,91.17866,132.54463
334.07483,37.577866,91.17866,132.54463
336.2674,39.77044,91.17866,132.54463
334.95184,37.577866,91.17866,132.54463
337.1444,39.77044,91.17866,132.54463
335.82886,37.577866,91.17866,132.54463
338.89847,38.89341,91.17866,132.54463
338.45996,36.700836,91.17866,132.54463
340.65253,38.89341,91.17866,132.54463
341.09103,35.823814,91.17866,132.54463
343.33124,36.81443,89.234245,129.71808
342.90207,38.10192,89.234245,129.71808
347.57642,37.416805,87.3313,126.951805
347.99643,37.83682,87.3313,126.951805
348.41644,38.256832,87.3313,126.951805
348.83646,36.9968,87.3313,126.951805
350.0965,38.256832,87.3313,126.951805
350.5165,36.9968,87.3313,126.951805
353.45657,38.256832,87.3313,126.951805
353.03656,36.9968,87.3313,126.951805
352.61655,38.256832,87.3313,126.951805
355.5566,36.15678,87.3313,126.951805
355.97662,36.576794,87.3313,126.951805
356.39664,36.996807,87.3313,126.951805
358.4967,37.41682,87.3313,126.951805
358.91672,35.31677,87.3313,126.951805
359.33673,36.5768,87.3313,126.951805
361.4368,35.31677,87.3313,126.951805
363.53687,34.896755,87.3313,126.951805
364.7969,36.156788,87.3313,126.951805
364.3769,34.056736,87.3313,126.951805
365.63693,35.31677,87.3313,126.951805
366.89697,34.896755,87.3313,126.951805
366.47696,35.31677,87.3313,126.951805
369.41702,34.056736,87.3313,126.951805
367.31696,34.47675,87.3313,126.951805
370.25702,34.896763,87.3313,126.951805
371.51706,34.47675,87.3313,126.951805
371.93707,34.056736,87.3313,126.951805
372.3571,34.47675,87.3313,126.951805
372.7771,34.056736,87.3313,126.951805
374.03714,33.636723,87.3313,126.951805
278.69473,65.13751,87.3313,126.951805
275.75467,63.037464,87.3313,126.951805
279.53476,64.2975,87.3313,126.951805
276.5947,63.037464,87.3313,126.951805
280.3748,62.61745,87.3313,126.951805
281.63483,63.877483,87.3313,126.951805
283.7349,62.61745,87.3313,126.951805
284.1549,60.5174,87.3313,126.951805
282.05484,59.257366,87.3313,126.951805
284.1549,57.997334,87.3313,126.951805
284.57492,55.89728,87.3313,126.951805
284.1549,52.95721,87.3313,126.951805
284.57492,51.697178,87.3313,126.951805
284.99493,52.95721,87.3313,126.951805
283.7349,50.01714,87.3313,126.951805
285.83496,49.597126,87.3313,126.951805
284.57492,47.497074,87.3313,126.951805
288.355,47.07706,87.3313,126.951805
287.09497,44.97701,87.3313,126.951805
290.03503,45.397022,87.3313,126.951805
291.29507,42.45695,87.3313,126.951805
291.7151,42.036938,87.3313,126.951805
292.97513,42.45695,87.3313,126.951805
290.03506,42.036938,87.3313,126.951805
292.97513,42.45695,87.3313,126.951805
290.03506,42.036938,87.3313,126.951805
292.13513,41.616924,87.3313,126.951805
291.71512,42.876957,87.3313,126.951805
292.97516,43.29697,87.3313,126.951805
290.0351,42.036938,87.3313,126.951805
291.29514,43.29697,87.3313,126.951805
292.55518,43.716984,87.3313,126.951805
290.4551,43.29697,87.3313,126.951805
292.55518,42.876957,87.3313,126.951805
291.29514,44.13699,87.3313,126.951805
293.3952,42.876957,87.3313,126.951805
