889.0,131.0,80.0,118.0
882.4046,140.69913,80.0,118.0
872.70544,145.74268,80.0,118.0
862.2304,151.56215,80.0,118.0
854.0831,146.5186,80.0,118.0
838.1766,148.45842,80.0,118.0
826.14966,152.72603,80.0,118.0
811.9817,152.62819,81.77,120.61075
795.8546,149.23683,83.579155,123.27926
781.66833,149.64215,83.579155,123.27926
769.914,151.66876,83.579155,123.27926
749.22485,147.36134,85.428345,126.00681
733.8961,149.4328,85.428345,126.00681
718.5674,148.18993,85.428345,126.00681
702.41003,149.4328,85.428345,126.00681
687.0813,150.67567,85.428345,126.00681
673.4097,153.5757,85.428345,126.00681
660.5667,158.96147,85.428345,126.00681
642.75226,154.40428,85.428345,126.00681
629.0807,158.13289,85.428345,126.00681
622.86633,163.51866,85.428345,126.00681
603.3947,161.4472,85.428345,126.00681
584.75165,150.26137,85.428345,126.00681
574.3944,142.38985,85.428345,126.00681
558.1347,129.75735,83.60656,123.31968
546.9114,120.52066,81.82362,120.68985
535.40393,111.39406,81.82362,120.68985
520.722,105.441925,81.82362,120.68985
509.21454,100.28342,81.82362,120.68985
498.50067,95.12491,81.82362,120.68985
486.7517,88.37998,80.07871,118.116104
480.49368,82.52752,78.37101,115.597244
473.63644,80.46314,76.69972,113.132095
463.5935,84.55471,76.69972,113.132095
457.59952,83.25139,75.06408,110.71952
453.5952,89.439865,75.06408,110.71952
448.1348,98.54057,75.06408,110.71952
442.67438,106.91322,75.06408,110.71952
441.5823,113.1017,75.06408,110.71952
438.30606,120.018234,75.06408,110.71952
436.48593,126.20671,75.06408,110.71952
433.93774,132.39519,75.06408,110.71952
432.1176,137.8556,75.06408,110.71952
428.84137,143.31602,75.06408,110.71952
422.6529,151.68867,75.06408,110.71952
426.73233,157.63974,76.72487,113.16919
437.95078,153.46692,75.088684,110.75582
444.14127,158.92912,75.088684,110.75582
451.06006,163.66304,75.088684,110.75582
457.97885,169.12524,75.088684,110.75582
464.16934,174.58745,75.088684,110.75582
470.23474,178.2253,73.4874,108.39392
476.17084,182.47256,71.92026,106.08239
480.70496,186.30916,71.92026,106.08239
487.3318,183.17012,71.92026,106.08239
499.53912,184.91403,71.92026,106.08239
511.74646,178.28717,71.92026,106.08239
522.9348,177.06506,70.386536,103.82015
530.78564,178.0891,70.386536,103.82015
541.3673,172.96893,70.386536,103.82015
550.343,169.79886,68.88552,101.606155
562.7034,171.46918,68.88552,101.606155
575.73193,166.45819,68.88552,101.606155
589.4286,163.45163,68.88552,101.606155
601.789,159.77692,68.88552,101.606155
615.48566,157.43845,68.88552,101.606155
627.4898,154.97995,67.41652,99.43938
643.0194,151.94363,65.97884,97.3188
656.1381,147.78406,65.97884,97.3188
664.55176,144.19568,64.57182,95.24345
681.14844,145.7614,64.57182,95.24345
692.1085,141.6905,64.57182,95.24345
704.32117,135.74075,64.57182,95.24345
715.90753,131.66986,64.57182,95.24345
720.60474,126.97269,64.57182,95.24345
726.5545,123.52809,64.57182,95.24345
733.13055,121.96237,64.57182,95.24345
735.99,116.035416,66.00047,97.35071
743.56177,110.64149,67.46073,99.50459
747.16046,106.388466,67.46073,99.50459
748.79626,100.17252,67.46073,99.50459
752.39496,94.61089,67.46073,99.50459
757.3023,89.70356,67.46073,99.50459
760.9685,80.11721,68.9533,101.70613
766.6532,72.42616,68.9533,101.70613
775.01306,70.754196,68.9533,101.70613
780.029,58.381638,68.9533,101.70613
795.9126,50.76381,67.48285,99.53722
802.1306,49.78202,67.48285,99.53722
803.76685,54.03643,67.48285,99.53722
801.32263,50.55855,68.97591,101.73948
790.28406,32.829884,68.97591,101.73948
782.5905,30.488361,68.97591,101.73948
777.573,32.160877,68.97591,101.73948
771.8865,39.185444,68.97591,101.73948
774.22797,43.533985,68.97591,101.73948
765.4829,39.979164,70.502,103.99046
761.03815,41.688683,70.502,103.99046
761.38007,37.927742,70.502,103.99046
756.9353,36.90203,70.502,103.99046
759.99384,36.363117,68.99852,101.772835
756.3131,36.028507,68.99852,101.772835
758.66144,41.306416,67.52711,99.6025
772.32275,47.734333,66.087074,97.47845
775.2072,51.25976,66.087074,97.47845
776.22076,58.78624,64.67775,95.39969
777.16174,66.62771,64.67775,95.39969
781.2393,75.723816,64.67775,95.39969
790.33545,84.19261,64.67775,95.39969
801.31354,95.17067,64.67775,95.39969
813.54626,108.030685,64.67775,95.39969
828.77637,121.61928,66.10874,97.51041
843.013,132.84755,67.571396,99.66782
847.9284,136.45216,67.571396,99.66782
848.2561,138.746,67.571396,99.66782
878.35046,141.38797,66.13042,97.54237
905.3301,138.40956,64.72017,95.46225
914.18823,142.75517,63.339993,93.42649
925.5536,145.51971,63.339993,93.42649
935.0759,144.5982,63.339993,93.42649
940.29785,143.06235,63.339993,93.42649
937.5333,139.06912,63.339993,93.42649
929.85406,129.54681,63.339993,93.42649
920.9461,116.95279,63.339993,93.42649
910.1951,105.58745,63.339993,93.42649
895.75806,92.99342,63.339993,93.42649
875.79193,78.556366,63.339993,93.42649
857.6688,63.50497,63.339993,93.42649
842.61743,45.996204,63.339993,93.42649
847.225,26.030064,63.339993,93.42649
861.66205,4.2208977,63.339993,93.42649
856.4401,-9.601814,63.339993,93.42649
851.8326,-21.581497,63.339993,93.42649
848.65906,-25.026356,61.989246,91.43414
852.5073,-26.659222,60.66731,89.48428
856.9205,-26.953432,60.66731,89.48428
852.7466,-25.148565,59.37356,87.576004
865.8684,-25.602417,58.107403,85.70842
878.16724,-42.343197,56.868244,83.88066
892.23236,-48.13471,56.868244,83.88066
914.57104,-49.51364,56.868244,83.88066
928.0846,-49.789425,56.868244,83.88066
930.56665,-53.92622,56.868244,83.88066
945.73486,-48.68628,56.868244,83.88066
951.9234,-44.867893,55.65551,82.09188
948.4146,-47.836845,55.65551,82.09188
962.79596,-44.620186,54.46864,80.34125
954.97485,-42.99973,53.30708,78.627945
958.78253,-43.407207,52.170288,76.95118
995.974,-42.142193,52.170288,76.95118
992.68494,-52.515324,52.170288,76.95118
992.43195,-52.26232,52.170288,76.95118
988.1309,-51.50331,52.170288,76.95118
984.84186,-52.26232,52.170288,76.95118
982.5648,-52.009315,52.170288,76.95118
973.7097,-51.756313,52.170288,76.95118
961.81854,-51.50331,52.170288,76.95118
950.4334,-49.73229,52.170288,76.95118
943.819,-52.945976,53.324554,78.653725
942.0088,-51.652973,53.324554,78.653725
933.355,-51.063572,52.187393,76.97641
929.0525,-51.316658,52.187393,76.97641
931.33026,-52.58209,52.187393,76.97641
934.62036,-52.329002,52.187393,76.97641
929.8117,-53.08826,52.187393,76.97641
931.5833,-51.82283,52.187393,76.97641
934.8734,-53.594433,52.187393,76.97641
938.6011,-51.06609,51.074482,75.33486
937.26514,-54.21228,52.204506,77.00165
932.96124,-56.4908,52.204506,77.00165
936.6901,-44.200893,51.09123,75.359566
932.2197,-33.128334,50.001694,73.7525
903.36383,-36.76563,50.001694,73.7525
870.6282,-42.342815,50.001694,73.7525
859.7163,-40.16044,50.001694,73.7525
859.5483,-37.270546,48.935394,72.17971
857.0965,-25.292774,47.89183,70.64046
840.8177,-20.286222,46.87052,69.134026
837.1548,-21.520844,45.870995,67.65972
831.8547,-18.869686,44.89278,66.21686
820.7921,-13.756971,43.93543,64.80476
842.7381,-9.708685,43.93543,64.80476
860.1578,1.2904701,44.9075,66.23857
802.01,-11.994221,44.9075,66.23857
825.3127,-6.549675,44.9075,66.23857
806.8012,-10.251966,44.9075,66.23857
818.77924,2.1615982,44.9075,66.23857
800.88434,-0.6047058,45.90108,67.7041
763.2649,-6.16971,45.90108,67.7041
734.10425,-5.947109,45.90108,67.7041
736.55286,-4.3889084,45.90108,67.7041
740.33704,-5.5019093,45.90108,67.7041
744.56647,-4.3889084,45.90108,67.7041
748.35065,-2.3855057,45.90108,67.7041
752.5801,-2.1629047,45.90108,67.7041
762.46497,-5.4523067,46.91664,69.20206
766.78796,-4.31468,46.91664,69.20206
776.1165,-1.8119049,46.91664,69.20206
767.69806,-5.224781,46.91664,69.20206
770.6559,-7.2725086,46.91664,69.20206
774.9789,-10.230337,46.91664,69.20206
790.6781,-15.918468,46.91664,69.20206
787.0116,-23.733349,45.91613,67.7263
762.74023,-39.543144,45.91613,67.7263
761.1815,-46.00067,45.91613,67.7263
759.5185,-48.367058,46.932026,69.22475
759.3608,-47.40956,45.931187,67.748505
760.06525,-46.0431,44.95169,66.30375
762.0558,-47.455097,45.946247,67.77072
770.56335,-47.048935,46.962807,69.27015
779.2591,-48.524105,48.001858,70.80275
788.07275,-47.09604,46.978203,69.29286
791.0345,-48.235157,46.978203,69.29286
791.3158,-46.837543,45.97638,67.81517
789.755,-47.06051,45.97638,67.81517
789.1707,-45.6927,44.99592,66.36899
791.1633,-46.653297,45.99145,67.8374
791.83246,-46.43026,45.99145,67.8374
789.379,-46.207222,45.99145,67.8374
790.9529,-48.114685,47.00901,69.3383
792.0928,-46.97482,47.00901,69.3383
789.9171,-48.45144,48.049084,70.87241
786.8879,-49.150494,48.049084,70.87241
783.2135,-50.176277,49.11217,72.44047
781.54626,-50.414448,49.11217,72.44047
771.86017,-51.95713,50.198776,74.04321
762.8528,-51.226807,50.198776,74.04321
752.44714,-52.803623,51.309425,75.68142
742.32764,-53.89901,52.444645,77.35587
732.512,-54.49089,53.604984,79.067375
727.3339,-57.25354,54.790993,80.81674
726.12537,-55.62349,53.62256,79.0933
725.3452,-54.843353,53.62256,79.0933
720.40436,-54.583305,53.62256,79.0933
711.30273,-54.32326,53.62256,79.0933
705.5834,-57.086815,54.808956,80.84324
696.68866,-54.431465,53.64014,79.11923
687.189,-56.65615,54.826927,80.86974
677.7789,-54.512486,53.657726,79.14517
667.1962,-57.27785,54.844902,80.896255
659.3211,-54.620758,53.67532,79.17112
656.45776,-52.798645,53.67532,79.17112
654.77203,-53.20894,52.530678,77.48277
651.46027,-53.97319,52.530678,77.48277
647.9718,-55.09465,53.69292,79.19708
650.8898,-56.781223,54.88088,80.94932
647.96216,-54.918186,54.88088,80.94932
638.1147,-56.248924,54.88088,80.94932
617.6213,-53.321293,54.88088,80.94932
609.74097,-52.71469,53.710526,79.22305
607.3967,-53.49611,53.710526,79.22305
615.9923,-53.75658,53.710526,79.22305
617.8156,-54.01705,53.710526,79.22305
626.9321,-54.277527,53.710526,79.22305
627.68915,-55.96465,54.898872,80.97586
631.7776,-57.689102,56.11351,82.76745
632.56854,-58.887047,57.355022,84.59868
634.51556,-57.496315,57.355022,84.59868
640.91296,-58.330757,57.355022,84.59868
642.8756,-59.555206,58.624,86.47042
640.16235,-61.396667,59.921055,88.383575
641.0069,-62.675903,61.246807,90.339066
643.08606,-61.1908,61.246807,90.339066
645.7592,-62.081863,61.246807,90.339066
642.492,-62.972923,61.246807,90.339066
643.9771,-62.081863,61.246807,90.339066
643.6077,-64.005714,62.601894,92.337814
639.4505,-65.34218,63.98696,94.38079
651.29846,-66.064316,65.40267,96.46896
662.7505,-66.80244,66.84971,98.60334
667.61334,-67.12663,66.84971,98.60334
674.4214,-67.45082,66.84971,98.60334
680.0725,-69.55067,68.32876,100.78494
681.72314,-71.00939,69.84053,103.01481
682.00476,-72.50039,71.38575,105.294014
680.9662,-72.84658,71.38575,105.294014
680.53564,-75.08891,72.96516,107.62364
681.5641,-75.91238,74.57951,110.004814
684.0958,-76.274055,74.57951,110.004814
686.62756,-73.74231,74.57951,110.004814
682.6491,-75.550705,74.57951,110.004814
682.94977,-77.89335,76.22958,112.43867
688.6268,-80.287834,77.91616,114.92638
692.0275,-78.39854,77.91616,114.92638
693.9168,-80.287834,77.91616,114.92638
695.0504,-79.15425,77.91616,114.92638
697.69543,-79.53211,77.91616,114.92638
699.5777,-81.979576,79.64005,117.469124
703.05365,-80.820915,79.64005,117.469124
706.5296,-81.979576,79.64005,117.469124
708.4607,-80.04848,79.64005,117.469124
711.16425,-81.979576,79.64005,117.469124
713.8678,-80.820915,79.64005,117.469124
715.7989,-81.979576,79.64005,117.469124
716.9575,-80.820915,79.64005,117.469124
719.6611,-81.979576,79.64005,117.469124
724.68195,-80.820915,79.64005,117.469124
723.4002,-84.12393,81.40209,120.06813
723.795,-82.939644,81.40209,120.06813
727.34784,-84.12393,81.40209,120.06813
729.32166,-82.939644,81.40209,120.06813
723.9159,-85.4966,83.20311,122.72464
718.6704,-84.2861,83.20311,122.72464
723.1089,-85.4966,83.20311,122.72464
729.9684,-83.47911,83.20311,122.72464
731.9859,-83.88261,83.20311,122.72464
737.2314,-78.63712,83.20311,122.72464
796.84467,-67.60568,81.42878,120.1075
825.67194,-38.77841,81.42878,120.1075
834.7545,-21.008175,81.42878,120.1075
819.2561,5.774086,79.69228,117.54617
824.94836,47.630375,77.99282,115.03947
821.5443,80.5365,77.99282,115.03947
827.97424,106.63446,77.99282,115.03947
835.16064,135.0018,77.99282,115.03947
843.648,162.84132,76.3296,112.58621
853.3816,181.5243,74.70184,110.18528
869.19275,198.41216,73.1088,107.83555
886.5655,212.23946,73.1088,107.83555
891.17456,218.26674,73.1088,107.83555
897.91095,225.0031,73.1088,107.83555
916.7019,232.44856,73.1088,107.83555
942.58374,238.47585,73.1088,107.83555
969.6766,241.3343,71.549736,105.53592
1007.40466,241.2468,73.132774,107.8709
1055.017,250.25938,71.5732,105.570526
1095.6276,254.77168,71.5732,105.570526
1155.6757,264.83752,71.5732,105.570526
1206.3804,261.14886,73.15675,107.90627
1214.5403,166.42299,73.15675,107.90627
1124.0183,107.0475,71.596664,105.60514
1159.252,96.46033,70.06985,103.35308
1214.0408,93.959564,68.575584,101.14905
1215.0074,0.7168312,70.09282,103.38697
1203.79,-26.816666,70.09282,103.38697
1210.1072,-33.249855,68.59807,101.18221
1223.9851,-39.54586,67.13519,99.024475
1228.1528,-46.335213,65.703514,96.91275
1200.2915,36.698273,64.30237,94.846054
1223.5198,36.80788,62.9311,92.82343
1230.9564,33.97357,61.589073,90.84395
1161.3639,65.93236,61.589073,90.84395
1174.9755,70.64349,60.27567,88.90668
1187.1697,76.38115,58.990273,87.01072
1201.8613,72.62138,57.73229,85.15519
1231.8188,78.500885,57.73229,85.15519
1251.804,73.20173,59.009617,87.039246
1256.0966,70.62619,59.009617,87.039246
1259.8168,68.62299,59.009617,87.039246
1265.6866,66.51696,57.75122,85.183105
1236.8623,65.8652,59.028965,87.06778
1194.2089,73.02182,59.028965,87.06778
1195.6349,67.009636,60.33498,88.994156
1220.5057,52.087112,60.33498,88.994156
1220.749,48.370476,61.66989,90.96315
1157.6448,46.875114,61.66989,90.96315
1171.7012,39.398308,61.66989,90.96315
1194.911,33.737717,63.034336,92.97571
1226.397,35.26616,63.034336,92.97571
1226.1852,2.373909,61.69011,90.99297
1232.3218,-9.631924,60.37455,89.05252
1193.7386,-33.79886,59.087044,87.15345
1208.3525,-32.366127,59.087044,87.15345
1216.4398,-37.236816,57.826996,85.294876
1223.2733,-33.354053,56.59382,83.47594
1227.3901,-28.1394,56.59382,83.47594
1184.8743,-15.345234,55.38694,81.695786
1204.4823,-17.762657,55.38694,81.695786
1224.49,-15.079306,54.205795,79.9536
1231.4023,-17.013893,53.04984,78.248566
1228.2484,-15.435648,51.918533,76.579895
1233.5359,-14.176737,51.918533,76.579895
1237.7297,-12.146784,50.811356,74.94681
1189.1864,10.276798,50.811356,74.94681
1206.6818,15.451473,50.811356,74.94681
1225.2937,9.764957,51.93556,76.605
1238.1388,-9.628639,51.93556,76.605
1167.7944,-13.350491,53.084633,78.29989
1149.2543,-13.756268,51.952587,76.63012
1169.1581,-1.9147377,51.952587,76.63012
1215.2645,-15.771849,51.952587,76.63012
1240.568,-21.063293,53.10204,78.32556
1259.3671,-4.324375,53.10204,78.32556
1264.775,-0.46154785,53.10204,78.32556
1262.1144,-4.342449,51.969624,76.65524
1268.9192,-7.1147804,51.969624,76.65524
1272.2666,-6.6553726,53.11945,78.35124
1260.6665,-12.027325,51.98666,76.68038
1266.9694,-9.75831,51.98666,76.68038
1202.6426,31.154343,50.87803,75.04515
1136.7639,-2.1550636,50.87803,75.04515
1134.5433,4.506817,50.87803,75.04515
1108.636,-5.609373,50.87803,75.04515
1109.353,-3.623684,52.003704,76.70553
1113.6404,-6.397833,52.003704,76.70553
1126.4093,-2.2749863,53.154285,78.40264
1122.0271,-7.688265,53.154285,78.40264
1111.9739,-7.4304905,53.154285,78.40264
1101.4052,-2.5327606,53.154285,78.40264
1092.8986,3.911621,53.154285,78.40264
1089.5475,5.716049,53.154285,78.40264
1082.072,14.22263,53.154285,78.40264
1078.415,25.742306,52.020756,76.73068
1074.1263,42.644936,52.020756,76.73068
1071.0337,52.946312,50.911396,75.094376
1066.5791,63.979904,49.825695,73.492966
1048.7113,36.582726,48.763145,71.925705
1053.2045,40.12993,48.763145,71.925705
1051.5491,13.880638,48.763145,71.925705
1067.9387,16.274487,49.84203,73.51706
1087.0339,26.66811,49.84203,73.51706
1112.8141,30.61958,50.944786,75.14362
1145.179,36.796085,50.944786,75.14362
1172.1085,42.478466,50.944786,75.14362
1205.4617,42.231403,50.944786,75.14362
1231.403,33.090183,50.944786,75.14362
1242.374,44.30617,52.071938,76.806175
1260.3033,47.083958,52.071938,76.806175
1267.1216,49.356693,52.071938,76.806175
1268.3842,51.12438,52.071938,76.806175
1271.667,50.871853,52.071938,76.806175
1273.9729,51.33217,53.22403,78.50551
1269.0687,52.622734,53.22403,78.50551
1273.368,56.196438,52.089012,76.83135
1269.7843,58.233055,50.9782,75.1929
1273.4257,58.31995,49.891075,73.58939
1270.926,59.337814,48.827133,72.02008
1273.5007,61.2469,47.78588,70.48423
1208.777,-3.7279205,48.843143,72.04369
1148.7966,-10.950472,47.801548,70.50734
1144.8557,9.2175865,47.801548,70.50734
1178.2388,4.3489304,48.859158,72.067314
1217.3348,1.2686348,48.859158,72.067314
1234.5277,-13.26449,47.817223,70.53046
1234.814,-17.653204,46.797504,69.026375
1205.345,-7.0736904,45.799534,67.55437
1209.0446,-9.992737,44.822845,66.11375
1212.3052,-17.16599,44.822845,66.11375
1216.0005,-19.122334,44.822845,66.11375
1214.9136,-20.20919,44.822845,66.11375
1207.3055,-23.035017,44.822845,66.11375
1198.828,-25.860844,44.822845,66.11375
1175.1345,-23.46976,44.822845,66.11375
1166.657,7.179596,44.822845,66.11375
1156.8752,11.744392,44.822845,66.11375
1167.9612,7.614338,44.822845,66.11375
1227.6799,-3.7166157,45.814552,67.576515
1220.2448,-17.344126,44.837543,66.13543
1238.1183,-9.303535,43.88137,64.725075
1236.0873,-5.824629,44.852245,66.15712
1239.291,-12.457037,43.89576,64.7463
1238.3228,-6.226782,42.95967,63.365566
1237.7769,-6.9567738,42.043545,62.014275
1241.243,6.704048,42.043545,62.014275
1239.408,2.014511,42.043545,62.014275
1240.4458,-2.2373352,41.146954,60.691803
1243.838,-2.43688,41.146954,60.691803
1242.0421,1.753561,41.146954,60.691803
1239.448,1.5540161,41.146954,60.691803
1238.4503,-3.0355148,41.146954,60.691803
1237.7881,-4.742058,42.05733,62.03461
1237.6469,-9.388472,41.160446,60.711704
1243.0364,-12.382626,41.160446,60.711704
1238.4453,20.153845,41.160446,60.711704
1240.6157,2.5236282,40.28269,59.417007
1239.1567,-2.3899364,41.173943,60.73161
1239.7557,-3.3883152,41.173943,60.73161
1237.6927,-6.0125504,40.295895,59.43649
1211.7023,-5.817133,40.295895,59.43649
1203.2793,-7.2552795,39.436573,58.168987
1188.3998,-7.9254074,38.595577,56.928516
1162.2915,-11.467749,37.772514,55.7145
1147.4539,-6.1555214,37.772514,55.7145
1138.1117,-5.23962,37.772514,55.7145
1156.7,2.2402554,36.967003,54.52637
1157.2378,-5.8270683,36.967003,54.52637
1120.8268,-29.609638,36.17867,53.36358
1121.704,-37.154022,36.17867,53.36358
1125.0376,-38.38218,36.17867,53.36358
1127.3185,-39.961235,36.17867,53.36358
1128.1925,-40.7336,36.979122,54.544247
1126.1088,-41.89517,37.797287,55.751038
1124.3595,-42.32174,38.633553,56.984528
1124.5469,-41.38496,38.633553,56.984528
1122.1112,-41.94703,38.633553,56.984528
1119.5457,-43.160564,39.48832,58.24531
1120.1022,-42.01676,40.362,59.53399
1121.476,-41.193306,39.501266,58.26441
1114.7712,-41.767998,39.501266,58.26441
1114.9628,-41.959564,39.501266,58.26441
1116.3037,-41.767998,39.501266,58.26441
1062.8011,-31.878927,40.375233,59.55351
1008.11487,-6.3320484,41.268536,60.87113
963.22327,-6.647503,40.388474,59.573036
965.76953,3.7334213,40.388474,59.573036
972.6249,0.011957169,40.388474,59.573036
957.76373,-2.184641,39.527176,58.302624
931.1189,-5.443363,39.527176,58.302624
930.16046,-17.903187,39.527176,58.302624
881.6203,-32.61669,38.684246,57.059303
861.9221,-30.928276,38.684246,57.059303
830.96783,-22.110994,38.684246,57.059303
813.8407,-13.004005,37.85929,55.842495
826.50916,-9.515585,37.85929,55.842495
790.3397,4.6216984,37.85929,55.842495
796.0314,1.8676815,37.85929,55.842495
797.7079,15.155411,38.696926,57.07801
799.4215,66.50905,39.553097,58.340862
826.46747,69.769905,39.553097,58.340862
835.2089,76.862854,38.709614,57.096725
824.1332,35.00023,38.709614,57.096725
846.0777,31.8093,37.88412,55.87912
854.0962,28.686419,37.07623,54.68748
850.1589,20.777603,36.28557,53.521255
832.0584,16.76884,35.51177,52.379898
819.32367,11.185648,34.75447,51.262882
802.6368,4.746807,34.01332,50.169685
785.3171,0.95296097,34.01332,50.169685
771.9561,-2.1810856,34.01332,50.169685
755.6261,-5.9749317,34.01332,50.169685
739.931,-6.870878,33.287975,49.0998
729.8609,-8.058913,32.5781,48.05273
719.70105,-5.5669155,31.88336,47.027992
707.0752,-3.724186,31.203438,46.025105
695.8855,0.41290283,30.538015,45.043606
685.21985,5.603712,29.886784,44.08304
674.92926,9.2271595,29.886784,44.08304
666.16754,16.82186,29.24944,43.142956
659.2332,24.254599,28.625687,42.22292
648.4025,31.132933,29.25903,43.1571
638.0443,39.504654,29.25903,43.1571
623.7131,46.74122,29.25903,43.1571
600.30066,54.261574,29.25903,43.1571
572.34766,60.07921,29.25903,43.1571
534.74585,65.32927,29.25903,43.1571
495.1159,68.82664,29.906385,44.11195
501.16623,74.74883,29.268623,43.17125
507.55356,81.703896,29.268623,43.17125
496.62418,81.84583,29.268623,43.17125
502.27182,75.8761,28.64446,42.25061
511.85684,70.45849,28.64446,42.25061
550.0207,31.510408,29.27822,43.185406
546.8979,29.117626,29.926,44.140884
579.842,37.389927,29.926,44.140884
550.92566,38.83976,29.287819,43.199566
540.8413,40.97026,29.287819,43.199566
546.3806,46.509552,29.287819,43.199566
573.9359,53.678253,28.663248,42.27832
589.6434,62.71353,28.663248,42.27832
613.9314,75.62447,28.051996,41.376724
611.6187,57.25908,28.051996,41.376724
600.3274,55.218483,28.051996,41.376724
600.46344,48.824608,28.051996,41.376724
594.0696,48.41649,28.051996,41.376724
625.7669,12.093819,28.051996,41.376724
631.61664,12.774017,28.051996,41.376724
667.66724,1.2106228,28.051996,41.376724
666.78625,-3.4619827,27.45378,40.494354
631.50446,1.197876,27.45378,40.494354
638.5217,-1.8745937,28.061193,41.390293
632.12573,15.135977,28.061193,41.390293
640.69904,5.7461414,28.061193,41.390293
626.138,-5.0045395,28.061193,41.390293
629.35724,-4.1917305,28.682047,42.306053
636.23236,-5.7516527,28.070395,41.403862
607.5091,-3.709715,28.070395,41.403862
617.44653,4.0496483,28.070395,41.403862
618.68964,9.099745,28.691452,42.319923
624.86835,6.754915,29.32625,43.256252
617.3307,30.505579,29.32625,43.256252
607.63666,50.020798,28.70086,42.3338
605.66205,45.508423,28.088804,41.43102
581.46704,51.409794,28.71027,42.34768
619.71857,43.285286,29.345484,43.284622
611.89136,81.28281,29.345484,43.284622
645.05023,68.90159,29.345484,43.284622
676.7748,59.34978,28.719683,42.361565
703.7956,51.075623,28.107227,41.45819
726.5614,42.71515,27.507832,40.57408
741.12695,34.790123,26.921219,39.708828
755.09644,27.870642,26.921219,39.708828
772.3715,21.121317,26.347116,38.862026
786.3225,15.501154,25.785255,38.033283
803.29224,7.9449005,26.355755,38.87477
821.43304,2.8736057,26.938875,39.734875
839.331,0.13012695,26.938875,39.734875
856.86926,-1.8386707,26.364395,38.887516
877.4841,-3.765483,25.802166,38.058228
894.2822,-4.9275656,25.251926,37.246624
910.3246,-4.5601826,25.251926,37.246624
923.6957,-4.753207,24.71342,36.452328
890.4712,1.433754,25.260206,37.258835
898.6788,-0.15876007,25.260206,37.258835
908.03973,-1.2964344,24.721525,36.46428
910.3176,-3.0947638,24.721525,36.46428
942.3279,20.523296,24.721525,36.46428
950.5648,15.943222,24.194332,35.68667
955.6857,11.234638,23.678381,34.92564
956.2577,5.487156,24.202265,35.698368
957.54877,1.8486729,24.202265,35.698368
955.3187,-2.4940338,24.202265,35.698368
957.54877,-1.4377003,24.202265,35.698368
962.5957,0.08811569,24.202265,35.698368
970.6943,4.900305,24.202265,35.698368
976.9149,1.7313023,24.202265,35.698368
982.1269,-1.4643631,24.73774,36.488194
986.95636,-2.2414112,25.285063,37.295494
981.68365,26.084164,25.285063,37.295494
985.73016,21.056679,25.285063,37.295494
991.49335,16.274437,25.285063,37.295494
997.50183,13.208899,25.285063,37.295494
1001.6717,8.524422,24.745852,36.500156
999.6316,6.7243233,24.745852,36.500156
998.2373,0.46871758,25.293354,37.307724
989.283,-1.6165314,25.293354,37.307724
993.82153,-0.51257706,25.293354,37.307724
994.9416,1.4926758,25.85297,38.133156
996.0865,1.9813671,26.424967,38.976852
998.0544,-0.17823029,27.009619,39.839214
1033.7683,0.8759136,27.607206,40.720657
1020.2461,-0.061265945,27.607206,40.720657
989.31915,-2.6050415,27.607206,40.720657
977.87054,-20.366024,27.018475,39.852276
968.93933,-19.309633,26.442297,39.002415
960.44574,-17.53418,25.878407,38.170677
962.5792,-14.898701,25.878407,38.170677
967.4737,-15.526196,25.878407,38.170677
969.806,-19.594822,25.326542,37.356674
971.1571,-24.876198,25.326542,37.356674
971.2592,-25.416883,25.886892,38.18319
972.89124,-26.295666,25.886892,38.18319
973.5303,-25.525524,25.334846,37.368923
974.63605,-25.894112,25.334846,37.368923
975.2615,-24.903551,24.794573,36.57202
975.6417,-23.934113,24.265821,35.79211
976.46545,-24.287148,24.265821,35.79211
977.52454,-24.640182,24.265821,35.79211
978.57733,-23.918268,23.748346,35.02883
979.60754,-22.989735,23.241905,34.28183
980.39655,-23.778728,23.241905,34.28183
980.53577,-22.869995,22.746265,33.55076
981.3079,-22.318449,22.746265,33.55076
981.8595,-22.869995,22.746265,33.55076
981.7492,-22.318449,22.746265,33.55076
983.58655,-21.64174,22.261194,32.835278
974.84204,-16.351843,22.261194,32.835278
982.93884,-11.061946,22.261194,32.835278
988.48303,-6.029359,21.786469,32.135056
999.6118,-4.159174,21.321865,31.449766
1010.469,-3.2285585,21.321865,31.449766
1018.2242,-2.918353,21.321865,31.449766
1025.3284,-3.4799948,20.86717,30.77909
1035.2073,-2.4690351,20.422173,30.122717
1039.9116,-3.579731,19.986664,29.480341
1047.1313,-3.545662,19.560442,28.851664
1054.815,-2.8816442,19.560442,28.851664
1064.3958,-1.2690306,19.560442,28.851664
1060.6962,-3.2610826,19.560442,28.851664
1065.0192,-0.11908817,19.14331,28.236393
1071.646,3.3249521,19.566856,28.861124
1078.3832,10.062192,19.566856,28.861124
1086.4489,1.047574,19.566856,28.861124
1111.5948,-0.37578678,19.566856,28.861124
1118.7621,12.39867,19.999773,29.499676
1125.2604,22.388659,19.999773,29.499676
1131.9241,33.266953,19.573273,28.870586
1138.8116,44.462208,19.155867,28.254913
1143.1779,54.402252,19.155867,28.254913
1134.1594,69.11944,18.747362,27.652369
1140.6145,76.66551,18.747362,27.652369
1147.5619,84.75947,18.347569,27.062674
1154.5327,91.1371,17.9563,26.485554
1161.7604,98.1906,17.9563,26.485554
1167.615,100.879005,18.353584,27.071547
1173.7565,99.72192,18.353584,27.071547
1179.72,98.2088,18.353584,27.071547
1183.1913,100.25596,18.353584,27.071547
1187.0759,100.80199,17.962189,26.494238
1210.334,87.300125,17.962189,26.494238
1216.5187,86.51614,17.962189,26.494238
1222.8394,87.38636,17.57914,25.929241
1205.2206,97.27105,17.968079,26.502926
1209.1915,98.98144,17.584904,25.937742
1205.5245,93.09718,17.584904,25.937742
1209.1915,91.81799,17.584904,25.937742
1213.4066,93.16312,17.2099,25.384611
1219.5374,91.92981,17.59067,25.946245
1223.3762,93.0388,17.59067,25.946245
1231.8217,94.1478,17.59067,25.946245
1232.4188,90.99143,17.59067,25.946245
1235.813,90.85697,17.215544,25.392933
1237.5663,91.44138,17.215544,25.392933
1242.993,92.35975,17.215544,25.392933
1246.5272,96.669624,17.596437,25.954752
1248.3192,95.218925,17.596437,25.954752
1249.9838,92.54135,17.985758,26.529001
1256.3909,91.79541,18.383692,27.115955
1261.0898,92.88288,18.79043,27.715897
1263.4861,91.509605,18.389719,27.124847
1262.9084,88.10261,17.997553,26.546402
1262.5115,84.768265,17.61375,25.980291
1261.9136,81.7786,17.61375,25.980291
1263.1948,78.44726,17.61375,25.980291
1247.3138,54.497715,18.003454,26.555105
1257.3544,52.31499,18.003454,26.555105
1258.8762,51.02481,18.401781,27.142637
1260.7502,50.221645,18.401781,27.142637
1262.6243,48.526073,18.401781,27.142637
1263.5947,50.793835,18.009357,26.563812
1262.6924,42.2381,17.625303,25.997332
1261.5812,39.58837,17.625303,25.997332
1260.588,40.9857,18.015263,26.572523
1251.2339,61.086277,18.41385,27.16044
1258.6458,58.675198,18.41385,27.16044
1262.4856,54.478138,18.41385,27.16044
1262.2177,64.390335,18.41385,27.16044
1261.3654,64.923706,18.821257,27.761366
1235.8728,45.20357,19.237677,28.375586
1236.7124,45.670044,19.237677,28.375586
1243.1497,44.643806,19.237677,28.375586
1250.1964,44.039524,19.663311,29.003395
1257.5968,42.03679,20.098362,29.645096
1242.6842,61.432976,20.098362,29.645096
1249.2146,58.99627,20.098362,29.645096
1257.79,52.90429,20.543037,30.300993
1261.0776,63.56414,20.543037,30.300993
1233.253,48.241634,20.997553,30.971403
1238.8536,43.252014,20.997553,30.971403
1249.9257,38.155254,21.462124,31.656645
1258.3563,33.05524,21.462124,31.656645
1256.7151,28.709595,21.936974,32.357048
1259.1023,24.645409,21.46916,31.667025
1259.2064,20.168419,21.46916,31.667025
1258.2694,13.609107,21.46916,31.667025
1256.6277,18.55179,21.944166,32.367657
1258.6497,13.12439,21.944166,32.367657
1258.9861,2.2890434,21.4762,31.677406
1259.9235,-1.147913,21.4762,31.677406
1258.9861,-1.8769646,21.4762,31.677406
1257.8405,-1.147913,21.4762,31.677406
1258.9729,-2.3159342,21.018213,31.001877
1261.0637,-3.6555357,20.569994,30.340752
1263.3022,-5.928069,20.131332,29.693726
1264.5989,-2.508854,20.576738,30.350698
1262.1041,2.5803442,20.576738,30.350698
1236.6431,14.1571865,20.137934,29.70346
1238.1079,12.692284,20.137934,29.70346
1239.7682,10.64142,20.137934,29.70346
1237.9126,12.106323,20.137934,29.70346
1236.2523,11.227381,20.137934,29.70346
1235.6199,10.508665,19.708487,29.070026
1235.1852,11.094997,19.288197,28.4501
1236.027,6.51157,19.288197,28.4501
1234.3579,3.964758,19.714949,29.07956
1238.2778,0.42722893,19.714949,29.07956
1246.4045,-1.7717752,19.714949,29.07956
1257.3995,-5.8829575,19.714949,29.07956
1259.7898,-2.5366468,19.714949,29.07956
1261.9352,-3.608879,19.294521,28.459429
1263.5259,0.6017704,19.294521,28.459429
1261.3738,-1.1760597,19.294521,28.459429
1260.9059,-2.5796099,19.294521,28.459429
1261.0214,-2.9074726,18.88306,27.852524
1260.5275,-1.7904615,19.300848,28.468761
1260.0226,-1.03718,19.727879,29.098633
1260.6923,-2.4722538,19.727879,29.098633
1260.8104,-2.8074808,19.307175,28.478096
1262.1895,-1.6916056,18.895443,27.870792
1261.3647,-3.066125,18.895443,27.870792
1260.8706,1.6643143,19.313505,28.487434
1261.3372,0.47460175,19.740816,29.11772
1260.9017,-2.2599697,19.319838,28.496775
1262.1011,-3.1301003,18.907837,27.889072
1261.987,-2.3921576,19.326172,28.506119
1261.676,-2.6102676,19.753763,29.136816
1260.3641,5.5155163,20.190815,29.781467
1261.8679,4.0685854,20.637537,30.440382
1259.3658,2.9676714,20.637537,30.440382
1260.4668,1.8667574,20.637537,30.440382
1258.9656,-0.43515205,20.637537,30.440382
1258.265,-3.137394,20.637537,30.440382
1256.1633,-4.0381413,20.637537,30.440382
1258.7949,-4.1958933,20.197435,29.791231
1261.0477,0.40769768,20.197435,29.791231
1260.9498,-1.8451233,20.197435,29.791231
1261.6373,-1.2442446,19.76672,29.155924
1259.9268,-0.8705988,20.204058,29.800999
1258.9917,4.1874504,20.651072,30.460346
1259.4924,1.8840313,20.651072,30.460346
1231.5216,13.080437,21.107977,31.134281
1249.6613,14.116653,21.574991,31.823128
1260.6819,12.94326,21.114899,31.14449
1260.7843,17.551172,21.114899,31.14449
1259.658,25.43582,21.114899,31.14449
1255.0687,32.63418,21.582066,31.83356
1246.8003,25.203066,21.582066,31.83356
1258.8365,9.189535,21.582066,31.83356
1258.9412,-1.3814878,21.582066,31.83356
1258.8365,-0.23018837,21.582066,31.83356
1258.4891,0.82930374,22.059568,32.53788
1260.0648,-1.6077957,21.589142,31.844
1259.1226,-2.9688683,21.589142,31.844
1237.4847,0.9151974,22.066801,32.54855
1239.304,16.218248,22.066801,32.54855
1255.8251,-1.3510666,22.555029,33.26869
1270.3729,-0.585392,22.555029,33.26869
1270.4823,0.6178112,22.555029,33.26869
1270.5917,-0.585392,22.555029,33.26869
1270.9198,1.0553379,22.555029,33.26869
1271.2479,-0.36662865,22.555029,33.26869
1270.9198,1.2741013,22.555029,33.26869
1241.7148,-0.5853939,22.555029,33.26869
1260.2004,5.211855,22.555029,33.26869
1263.3726,16.69697,22.555029,33.26869
1260.9668,26.882936,23.054058,34.004757
1242.2959,28.11276,23.054058,34.004757
1240.1716,28.67177,23.054058,34.004757
1239.389,27.889154,23.054058,34.004757
1238.3828,28.448164,23.054058,34.004757
1237.153,28.559965,23.054058,34.004757
1239.5009,27.106539,23.054058,34.004757
1240.9856,25.686409,23.564129,34.75711
1270.6458,0.6134491,23.061617,34.015903
1270.3102,-0.6167774,23.061617,34.015903
1270.1984,1.284481,23.061617,34.015903
1270.0865,0.05425453,23.061617,34.015903
1270.1984,1.284481,23.061617,34.015903
1270.0865,0.05425453,23.061617,34.015903
1269.9747,-1.6233273,23.061617,34.015903
1270.3103,-0.16942406,23.061617,34.015903
1270.6459,-1.3996496,23.061617,34.015903
1270.9814,0.27793312,23.061617,34.015903
1270.6459,-1.3996496,23.061617,34.015903
1270.7577,0.05425453,23.061617,34.015903
1270.6459,-1.6233273,23.061617,34.015903
1271.2051,-0.16942406,23.061617,34.015903
1270.8695,-1.6233273,23.061617,34.015903
1271.2051,-0.16942406,23.061617,34.015903
1273.1063,0.3897705,23.061617,34.015903
1275.2312,0.7252865,23.061617,34.015903
1269.7511,-0.72861767,23.061617,34.015903
1271.205,0.94896317,23.061617,34.015903
1270.6458,1.2844791,23.061617,34.015903
1272.3234,-0.16942406,23.061617,34.015903
1275.343,0.3897686,23.061617,34.015903
1276.1322,0.59363174,23.571856,34.768505
1275.8326,-0.46800423,23.06918,34.027058
1276.8541,-0.03193283,23.579586,34.779907
1276.2373,0.41378593,24.101284,35.54941
1275.8867,-0.6381397,24.101284,35.54941
1277.6399,0.41378593,24.101284,35.54941
1258.5774,-3.2535992,24.634525,36.33594
1271.5992,-1.700532,24.634525,36.33594
1268.8516,-0.6253319,24.634525,36.33594
1275.6611,-0.02799797,24.634525,36.33594
1277.4531,-1.1031971,24.634525,36.33594
1275.4222,0.2109356,24.634525,36.33594
1277.4531,1.0472031,24.634525,36.33594
1275.1832,-0.5058632,24.634525,36.33594
1276.7363,0.56933784,24.634525,36.33594
1274.1204,-0.5401573,24.109186,35.561066
1274.2373,-0.18939972,24.109186,35.561066
1274.3542,0.62903404,24.109186,35.561066
1274.2373,-0.657074,24.109186,35.561066
1274.588,0.3951969,24.109186,35.561066
1274.4711,-0.8909111,24.109186,35.561066
1274.3541,0.62903595,24.109186,35.561066
1258.0453,-8.119925,23.59505,34.802715
1270.012,0.16138458,24.117092,35.572727
1272.468,0.74617195,24.117092,35.572727
1275.7689,-1.0163984,23.602787,34.81413
1277.257,3.2187405,23.602787,34.81413
1275.4125,-1.3747187,23.099451,34.07171
1275.2731,-0.70562935,23.610527,34.825546
1277.2196,-0.1331253,23.610527,34.825546
1274.7124,-1.1965008,23.107025,34.082882
1275.2706,-0.2946701,23.618269,34.836967
1276.9886,0.048944473,23.618269,34.836967
1276.6085,0.49539566,24.140823,35.607735
1277.8964,-0.55825615,24.140823,35.607735
1257.1746,-12.8508625,24.140823,35.607735
1259.5759,-8.296076,23.626013,34.84839
1258.5448,-7.4940453,23.626013,34.84839
1256.8262,-12.649958,23.626013,34.84839
1256.2533,-15.05605,23.626013,34.84839
1224.253,-23.881502,24.148739,35.619408
1222.6493,-24.883053,24.68303,36.407486
1220.7617,-25.658382,25.229141,37.213
1215.7859,-26.196991,25.787336,38.03634
1212.5653,6.1509266,25.237413,37.2252
1245.2435,-0.58054733,25.237413,37.2252
1220.6216,-21.299664,24.699219,36.431362
1205.5299,-14.561403,24.1725,35.654453
1197.2069,-3.1904755,24.1725,35.654453
1198.5206,-6.1389666,24.707317,36.44331
1193.608,-4.1020317,24.707317,36.44331
1188.9838,-1.148737,25.253967,37.24962
1184.2074,-2.985797,25.253967,37.24962
1177.4478,-3.0166798,25.812712,38.073765
1169.8804,-1.5248089,25.262247,37.26183
1161.4271,-2.3823862,25.262247,37.26183
1155.6691,-3.975027,25.262247,37.26183
1151.4492,-6.0396004,25.821175,38.086246
1156.9146,4.3842125,25.27053,37.274044
1161.9391,18.232477,25.27053,37.274044
1164.0225,16.884417,25.27053,37.274044
1173.704,17.25207,25.27053,37.274044
1179.4639,2.423397,25.27053,37.274044
1184.2434,-2.8462963,25.27053,37.274044
1189.5131,-2.4786434,25.27053,37.274044
1188.0892,-2.0009613,25.829641,38.098732
1184.9576,1.3811264,25.829641,38.098732
1183.0787,1.7569141,25.829641,38.098732
1184.4408,2.2838821,25.278816,37.286266
1185.7738,3.0359325,24.739738,36.491127
1187.5409,2.3842602,24.212156,35.712944
1189.723,2.6518803,23.695826,34.951355
1190.0677,2.3071365,23.695826,34.951355
1190.6401,-3.6830263,24.220097,35.724655
1191.4645,-3.868163,23.703596,34.962814
1191.5795,-3.2934027,23.703596,34.962814
1191.9243,-2.9485464,23.703596,34.962814
1195.8334,-4.237707,23.19811,34.21722
1199.9958,-3.450202,23.19811,34.21722
1207.7927,-2.077939,23.711369,34.974277
1203.0781,-3.5728054,23.711369,34.974277
1198.3635,-2.077939,23.711369,34.974277
1202.9926,0.040496826,24.235983,35.748085
1171.611,12.381556,24.235983,35.748085
1179.2506,14.379631,24.235983,35.748085
1180.0754,6.94409,23.719143,34.985744
1195.8342,-1.4529142,23.719143,34.985744
1198.4799,-4.328601,23.719143,34.985744
1204.1162,-2.8332443,23.719143,34.985744
1199.6017,0.08980179,23.213326,34.239662
1195.8867,-2.2742605,23.213326,34.239662
1205.3241,28.531494,23.726921,34.997215
1235.8164,20.131737,23.726921,34.997215
1259.6924,43.684296,23.220938,34.25089
1270.3905,51.454483,23.220938,34.25089
1257.3987,19.880825,23.734701,35.00869
1253.6003,18.154282,23.734701,35.00869
1257.7562,30.06718,24.25983,35.783257
1255.9915,41.24389,24.25983,35.783257
1258.6974,55.244183,24.25983,35.783257
1256.6974,57.24423,24.25983,35.783257
1251.3995,52.976486,23.742483,35.02017
1254.6492,49.90955,23.236168,34.273354
1258.6982,58.855362,22.74065,33.542465
1263.299,62.72078,22.2557,32.827164
1255.1099,58.18143,21.78109,32.127113
1226.907,86.38431,21.78109,32.127113
1228.2802,94.94023,21.78109,32.127113
1204.7904,122.46628,21.3166,31.441994
1197.3687,107.85383,21.78823,32.13765
1211.3501,88.54057,21.323591,31.452305
1223.4491,82.02574,21.323591,31.452305
1238.8572,75.51091,21.323591,31.452305
1253.2312,70.650635,21.323591,31.452305
1263.8824,68.47903,21.323591,31.452305
1271.2246,66.92788,21.323591,31.452305
1242.3428,43.51303,21.795376,32.148186
1246.8878,37.911037,21.795376,32.148186
1258.2249,33.873085,21.330584,31.462616
1265.1324,32.114754,20.875702,30.791666
1244.2097,26.207294,21.337576,31.47293
1248.6593,28.38033,21.337576,31.47293
1259.0518,-0.6325064,21.80967,32.16927
1260.2152,10.4730625,21.80967,32.16927
1254.398,0.42516518,21.80967,32.16927
1253.446,-6.6612453,21.80967,32.16927
1262.2247,-10.574636,21.80967,32.16927
1270.7147,-2.9935722,21.344572,31.48325
1271.8534,-1.8549423,21.344572,31.48325
1271.3358,-0.30226517,21.344572,31.48325
1271.4393,1.0433884,21.344572,31.48325
1271.5428,-0.5092888,21.344572,31.48325
1272.2675,1.0433884,21.344572,31.48325
1273.8202,-1.5444069,21.344572,31.48325
1275.7869,0.4223175,21.344572,31.48325
1275.2285,1.040575,21.81682,32.179817
1275.1227,-0.12324715,21.81682,32.179817
1275.0168,0.82897186,21.81682,32.179817
1274.911,-0.7580595,21.81682,32.179817
1274.5936,-0.22904968,21.81682,32.179817
1274.4878,-1.1812677,21.81682,32.179817
1273.1908,-2.367813,21.35157,31.493572
1278.0575,1.8775635,21.35157,31.493572
1274.4333,0.32437706,21.35157,31.493572
1271.8447,2.2917461,21.35157,31.493572
1274.6405,5.915848,21.35157,31.493572
1272.4661,1.8775635,21.35157,31.493572
1275.0547,-0.0898056,21.35157,31.493572
1274.744,-2.0571747,21.35157,31.493572
1272.4667,2.2138615,21.823973,32.19037
1275.3242,-0.008708954,21.823973,32.19037
1274.5834,1.5788422,21.823973,32.19037
1273.0819,0.3919077,21.35857,31.503899
1277.9502,2.1527634,21.35857,31.503899
1274.1178,1.0133858,21.35857,31.503899
1272.6483,-1.7456102,20.903091,30.83207
1275.7047,0.048743248,20.457327,30.174566
1276.796,-3.2251558,20.457327,30.174566
1278.4485,-1.0865736,20.021069,29.531084
1276.7979,-0.7952938,20.021069,29.531084
1278.0873,-0.41684055,20.464035,30.18446
1274.6138,0.87330055,20.464035,30.18446
1276.0756,-1.7701445,20.027634,29.540768
1277.164,-0.98849773,20.470745,30.194357
1278.6261,0.57737064,20.0342,29.550453
1261.7723,3.7784853,20.477457,30.204256
1264.9459,4.98981,20.930521,30.872526
1271.7701,3.48987,21.393608,31.55558
1264.819,-2.8388567,21.393608,31.55558
1271.7701,-0.8676138,21.393608,31.55558
1272.9327,27.523243,21.866941,32.253746
1257.6178,17.594543,22.350748,32.96736
1273.3346,-2.2410688,22.350748,32.96736
1278.8625,-6.685113,22.350748,32.96736
1273.7798,1.3843842,22.845259,33.696766
1274.7708,-3.0616455,22.358076,32.978172
1274.4866,-3.8595963,21.881283,32.274902
1275.4359,-3.822297,21.414658,31.58663
1276.3842,-4.710455,21.888456,32.285484
1248.0422,14.927187,21.888456,32.285484
1265.3446,16.094831,21.888456,32.285484
1276.3208,2.6268663,21.421679,31.596987
1261.0496,3.9773817,21.421679,31.596987
1262.4292,3.5200577,21.895634,32.29607
1260.4117,11.696243,21.895634,32.29607
1260.0931,2.8829536,21.895634,32.29607
1260.8364,3.6262436,21.895634,32.29607
1262.4292,3.3076916,21.895634,32.29607
1261.0488,2.7767696,21.895634,32.29607
1265.1901,1.8211117,21.895634,32.29607
1273.0996,-2.0307226,21.428703,31.607347
1269.6703,-2.1346426,21.428703,31.607347
1278.2957,-3.4856005,21.428703,31.607347
1277.823,-4.4507103,20.97173,30.933311
1279.7131,-4.2189064,20.5245,30.27365
1265.3385,-2.3851929,20.978605,30.943453
1264.0159,13.99447,20.978605,30.943453
1278.2621,16.579784,20.53123,30.283575
1274.5781,11.900113,20.53123,30.283575
1276.6204,1.9543724,20.093397,29.637768
1278.8616,-2.4306145,20.093397,29.637768
1271.8657,-1.4442043,20.537964,30.293503
1273.6019,22.091087,20.992367,30.963747
1270.3068,15.305644,21.456823,31.64882
1278.7354,16.658375,21.456823,31.64882
1277.2592,-1.5587597,20.99925,30.9739
1276.75,-1.0495739,20.99925,30.9739
1278.8389,-0.8174658,20.551435,30.313372
1277.5432,-2.5117779,20.551435,30.313372
1279.0737,-1.7096872,21.006136,30.984055
1277.6787,-2.1581392,21.470896,31.669577
1279.4489,-2.8870106,21.470896,31.669577
1277.5908,0.75972176,21.94594,32.370266
1272.5931,1.6177797,21.477936,31.67996
1277.0719,-0.3612318,21.477936,31.67996
1278.0231,-0.1713686,21.953135,32.38088
1276.1023,-1.9810171,21.484978,31.690346
1269.2704,-0.9262924,21.960333,32.391495
1277.4707,0.45818138,21.960333,32.391495
1278.8851,-1.1155586,22.446205,33.10816
1276.9427,-1.3688812,22.942827,33.840675
1278.4205,-0.9351988,23.450438,34.5894
1275.5774,0.3157692,23.450438,34.5894
1276.3799,0.5230694,23.969278,35.35469
1276.0311,-0.5230942,23.969278,35.35469
1275.6824,0.058107376,23.969278,35.35469
1277.3945,-1.0214252,23.458126,34.600742
1272.7104,0.33435822,22.957874,33.86287
1271.1309,-1.1288662,22.46829,33.14073
1272.3295,0.5055542,22.46829,33.14073
1270.2592,-1.1288662,22.46829,33.14073
1271.2399,0.287632,22.46829,33.14073
1272.6564,1.0503597,22.46829,33.14073
1274.0729,1.377243,22.46829,33.14073
1243.6406,-17.642197,22.9654,33.87397
1213.9043,-5.279892,22.9654,33.87397
1216.5388,-9.92992,23.47351,34.623432
1227.6516,-20.862074,22.97293,33.88508
1232.1365,-23.433071,23.481207,34.634785
1212.0817,-4.2952156,22.980463,33.896187
1219.9943,-2.400648,22.980463,33.896187
1215.2306,-4.047493,23.488905,34.64614
1207.7617,-1.476202,24.008596,35.412685
1201.0939,30.384933,24.539787,36.19619
1207.3663,34.30596,25.08273,36.997032
1219.652,35.400723,25.08273,36.997032
1234.1401,38.14649,25.637684,37.81559
1247.4436,39.514133,25.637684,37.81559
1256.9445,42.194263,25.090952,37.009163
1257.0947,39.656826,24.55588,36.219933
1238.8768,70.689545,24.032219,35.447533
1229.6697,82.693756,24.032219,35.447533
1235.0869,85.80819,24.563932,36.231808
1244.2595,90.21579,24.563932,36.231808
1253.6703,95.338135,24.563932,36.231808
1259.5583,101.580215,24.0401,35.459152
1261.1067,105.663315,24.571987,36.243687
1227.8251,138.2721,25.115643,37.045578
1234.2805,147.16348,25.115643,37.045578
1240.9795,155.56769,25.115643,37.045578
1252.5505,165.18988,25.115643,37.045578
1261.6855,169.69647,25.115643,37.045578
1253.0377,201.97342,25.115643,37.045578
1236.8384,193.32562,25.115643,37.045578
1219.501,200.62422,25.671326,37.86521
1252.7411,225.89664,25.671326,37.86521
1251.3717,220.29437,25.671326,37.86521
1254.0585,221.81294,26.239304,38.70298
1253.3721,218.61234,26.819849,39.559284
1254.0223,221.08356,26.819849,39.559284
1255.1929,221.73389,26.819849,39.559284
1254.7612,221.97098,27.413239,40.434532
1255.1477,220.83405,28.019756,41.329147
1253.9248,223.41583,28.019756,41.329147
1254.876,225.72583,28.019756,41.329147
1253.9248,231.56882,28.019756,41.329147
1252.43,234.69415,28.019756,41.329147
1252.0225,237.5477,28.019756,41.329147
1252.7019,238.22711,28.019756,41.329147
1253.9248,236.18887,28.019756,41.329147
1254.3324,230.61765,28.019756,41.329147
1253.653,225.58994,28.019756,41.329147
1252.7018,223.5517,28.019756,41.329147
1252.2942,217.43692,28.019756,41.329147
1251.8866,206.43036,28.019756,41.329147
1251.2072,204.66388,28.019756,41.329147
1249.9843,205.88684,28.019756,41.329147
1251.5071,206.9804,28.639694,42.243553
1251.9237,208.78596,28.639694,42.243553
1250.8864,201.54604,29.273348,43.178192
1250.2407,183.53415,28.649084,42.257404
1247.7616,159.57095,29.282946,43.19235
1229.1583,135.28734,29.282946,43.19235
1215.646,162.71255,28.658478,42.27126
1222.456,143.3942,28.658478,42.27126
1232.6017,122.68603,28.658478,42.27126
1239.4712,112.018265,28.047327,41.369812
1259.8287,111.27948,27.44921,40.487587
1268.4613,104.91101,26.863846,39.624176
1275.1055,106.08351,26.863846,39.624176
1275.0151,106.88272,26.290966,38.77918
1276.8931,107.4191,25.730303,37.9522
1271.274,107.22243,25.181597,37.14286
1272.6426,104.91104,25.738739,37.964645
1274.5149,105.28551,25.738739,37.964645
1272.8057,106.290054,26.308208,38.804615
1275.559,104.934204,26.890278,39.663166
1274.907,104.803795,26.890278,39.663166
1276.3685,104.50032,27.485226,40.540714
1275.4355,109.4321,27.485226,40.540714
1274.8292,109.222,26.899096,39.67617
1276.2911,109.459785,27.494238,40.554005
1275.3578,110.6598,27.494238,40.554005
1274.7512,110.9637,26.907915,39.68918
1276.2136,110.389244,27.503252,40.567303
1275.28,112.12316,27.503252,40.567303
1274.6733,113.96986,26.916737,39.702194
1276.1362,113.93695,27.51227,40.580605
1275.2023,114.604065,27.51227,40.580605
1275.0688,114.47064,27.51227,40.580605
1274.9354,113.26984,27.51227,40.580605
1276.1362,112.86957,27.51227,40.580605
1275.4691,112.736145,27.51227,40.580605
1276.6699,111.26849,27.51227,40.580605
1276.2697,106.33186,27.51227,40.580605
1275.8694,101.66208,27.51227,40.580605
1275.4691,99.92758,27.51227,40.580605
1276.9368,100.061005,27.51227,40.580605
1274.6686,99.92758,27.51227,40.580605
1276.4031,98.726776,27.51227,40.580605
1276.0028,99.92758,27.51227,40.580605
1275.8694,105.13106,27.51227,40.580605
1277.6039,103.66342,27.51227,40.580605
1275.223,105.29088,28.12098,41.47845
1255.176,68.878914,28.12098,41.47845
1254.8187,71.02997,27.521292,40.59391
1254.469,81.11096,26.934391,39.728233
1253.4934,90.02223,27.530313,40.60722
1254.695,99.768456,27.530313,40.60722
1253.4934,108.71363,27.530313,40.60722
1254.962,114.988594,27.530313,40.60722
1253.7605,120.19549,27.530313,40.60722
1254.962,124.3343,27.530313,40.60722
1256.6976,125.001854,27.530313,40.60722
1257.3773,125.820885,26.943222,39.741257
1258.5461,127.88185,26.36865,38.89376
1256.628,129.8,26.36865,38.89376
1258.0184,131.81703,25.806332,38.06434
1258.3939,132.94337,25.806332,38.06434
1257.7682,134.57031,25.806332,38.06434
1257.8933,135.94696,25.806332,38.06434
1256.5167,134.82062,25.806332,38.06434
1257.6431,135.19606,25.806332,38.06434
1257.7682,136.07211,25.806332,38.06434
1257.6431,136.69786,25.806332,38.06434
1259.0197,137.8242,25.806332,38.06434
1257.3927,136.94815,25.806332,38.06434
1256.767,136.57271,25.806332,38.06434
1259.0928,140.47673,25.256004,37.252605
1259.7162,142.88084,24.717413,36.458183
1260.3156,144.1994,24.717413,36.458183
1259.3083,147.70763,24.190308,35.680702
1261.0679,149.46732,24.190308,35.680702
1257.1965,153.33862,24.190308,35.680702
1258.487,156.74068,24.190308,35.680702
1256.4927,158.03111,24.190308,35.680702
1256.1409,160.7293,24.190308,35.680702
1257.1902,164.38884,23.674442,34.9198
1258.9124,165.42213,23.674442,34.9198
1260.1753,168.2924,23.674442,34.9198
1261.4382,171.85153,23.674442,34.9198
1245.7092,181.38081,23.674442,34.9198
1251.1053,183.79184,23.674442,34.9198
1257.6495,186.20287,23.674442,34.9198
1258.898,188.2351,23.169579,34.175125
1260.9861,189.35762,22.67548,33.44633
1259.9963,187.70813,22.67548,33.44633
1258.3468,188.47789,22.67548,33.44633
1256.4774,186.38853,22.67548,33.44633
1258.3468,184.73904,22.67548,33.44633
1261.2384,183.5058,22.19192,32.733078
1262.6375,182.10672,22.19192,32.733078
1261.0232,177.69424,22.19192,32.733078
1259.9113,176.90224,21.71867,32.035034
1262.5444,175.32234,21.71867,32.035034
1263.2817,175.63832,21.71867,32.035034
1261.621,176.04886,22.199196,32.74381
1261.9338,176.46849,22.690353,33.468266
1261.2212,205.14362,22.206474,32.754543
1260.0366,199.86673,22.206474,32.754543
1262.2981,195.66676,22.206474,32.754543
1253.7904,200.08212,22.206474,32.754543
1259.2827,197.8206,22.206474,32.754543
1263.6981,181.55916,22.206474,32.754543
1264.2463,167.89552,21.732914,32.05604
1270.02,168.30632,22.213755,32.76528
1278.315,169.92223,22.213755,32.76528
1276.5791,169.75243,21.74004,32.06655
1278.6356,169.72585,22.221039,32.776024
1276.7128,167.0154,22.712679,33.501194
1275.9418,174.8358,22.712679,33.501194
1278.2549,174.50536,22.712679,33.501194
1276.3824,174.17491,22.712679,33.501194
1277.5941,173.40388,22.712679,33.501194
1274.7576,174.92891,22.228325,32.78677
1274.0029,156.71112,22.228325,32.78677
1272.386,155.74094,22.228325,32.78677
1275.4282,144.9731,21.7543,32.08758
1274.0568,123.345856,21.7543,32.08758
1278.9606,123.75708,22.235613,32.79752
1276.589,124.40115,22.727575,33.523167
1276.0378,124.51137,22.727575,33.523167
1277.4707,123.519394,22.727575,33.523167
1273.3574,122.28332,22.242903,32.808273
1276.2699,120.66529,22.242903,32.808273
1277.888,119.047264,22.242903,32.808273
1276.1497,121.16457,21.768566,32.108627
1277.908,124.86475,21.304344,31.4239
1276.6414,124.30357,20.850023,30.753777
1277.7537,131.2804,20.850023,30.753777
1275.5396,138.13806,20.40539,30.097942
1275.2427,141.79948,20.40539,30.097942
1274.5499,145.65881,20.40539,30.097942
1276.4801,145.63385,20.85686,30.763859
1277.8235,145.60834,21.318317,31.44451
1276.4795,150.05386,21.318317,31.44451
1275.9625,157.39417,21.318317,31.44451
1259.1108,155.8434,21.318317,31.44451
1275.9625,169.59354,21.318317,31.44451
1277.1211,170.21103,21.789986,32.14022
1276.5513,167.55316,22.272089,32.851322
1276.2273,168.09322,22.272089,32.851322
1277.8474,167.76918,22.272089,32.851322
1276.1068,168.01535,21.79713,32.150757
1277.6924,171.50366,21.79713,32.150757
1275.989,171.7446,21.3323,31.465132
1277.1483,176.01178,21.804277,32.161297
1277.8944,171.59685,22.286697,32.872864
1276.361,167.88457,21.811426,32.17184
1277.9476,167.35568,21.811426,32.17184
1276.2432,168.41238,21.34629,31.485767
1277.9674,172.43991,20.891075,30.814323
1275.8398,173.1491,20.891075,30.814323
1277.5273,173.57532,20.445566,30.157198
1279.0499,172.93309,20.897924,30.824427
1277.2416,172.06638,21.36029,31.506416
1278.8323,173.11497,21.832888,32.203495
1276.9431,172.42918,22.31594,32.915997
1278.9994,173.61963,22.31594,32.915997
1277.809,171.99629,22.31594,32.915997
1276.8994,168.07051,21.840046,32.214054
1278.9655,169.14267,22.323257,32.92679
1277.9911,167.95183,22.323257,32.92679
1276.664,164.44215,21.847208,32.224613
1278.7306,159.57884,22.330578,32.937584
1277.756,163.80229,22.330578,32.937584
1276.4283,164.25789,21.854372,32.23518
1279.0109,171.44586,21.38832,31.547754
1277.5906,175.93947,21.861538,32.245747
1277.1084,177.20297,21.395334,31.558096
1279.2874,176.26915,21.395334,31.558096
1278.0818,176.88889,21.868706,32.256317
1276.5771,177.53947,21.40235,31.568441
1278.9061,178.77644,20.945938,30.895235
1276.9761,179.89381,20.945938,30.895235
1279.0597,184.82487,20.49926,30.236385
1273.1602,157.15819,20.952806,30.905365
1278.3424,150.35019,20.952806,30.905365
1276.4117,161.01944,20.952806,30.905365
1278.4961,168.30264,20.505981,30.246298
1278.0438,162.01146,20.068686,29.601286
1276.584,163.27667,20.068686,29.601286
1278.3927,164.9994,19.640715,28.97003
1277.1544,161.6657,19.640715,28.97003
1250.552,134.9601,20.075266,29.610992
1276.5461,108.965996,20.075266,29.610992
1278.7307,105.4344,19.647154,28.979528
1276.9204,106.8636,19.647154,28.979528
1278.8748,107.99912,19.228172,28.36153
1277.0175,107.201645,19.653595,28.989029
1278.7888,108.15381,19.234476,28.370829
1277.2031,111.79168,19.234476,28.370829
1279.162,112.81775,19.234476,28.370829
1277.7628,113.4707,19.234476,28.370829
1278.6145,114.02783,19.660038,28.998533
1276.803,114.69524,19.660038,28.998533
1278.0236,114.91254,19.240782,28.38013
1276.6997,113.686226,18.830467,27.774916
1277.8868,115.238655,18.830467,27.774916
1277.065,115.14733,18.830467,27.774916
1278.6174,115.238655,18.830467,27.774916
1276.7986,115.21562,19.247091,28.389435
1278.572,115.308975,19.247091,28.389435
1277.1719,114.84227,19.247091,28.389435
1251.1027,140.38455,19.672934,29.017551
1277.3134,166.49193,20.108198,29.659565
1278.8109,166.66968,20.553093,30.315783
1277.1165,165.77261,20.553093,30.315783
1278.8539,166.7816,21.00783,30.986519
1277.122,166.47597,21.00783,30.986519
1279.1093,165.81609,21.472628,31.672096
1277.6833,166.43805,21.94771,32.37284
1279.7595,166.85292,22.433304,33.08909
1278.4955,167.9542,22.92964,33.821186
1277.1323,168.63635,22.440659,33.099937
1279.2551,167.25401,22.937159,33.832275
1278.7493,169.22298,22.448017,33.11079
1277.1163,169.11412,22.448017,33.11079
1279.2399,168.86078,22.94468,33.843365
1278.7338,169.11438,22.455378,33.121643
1277.1003,169.00548,22.455378,33.121643
1279.2246,168.07416,22.952204,33.854458
1278.4454,167.74023,22.952204,33.854458
1276.9984,167.40631,22.952204,33.854458
1279.3359,171.3021,22.952204,33.854458
1278.5568,175.19788,22.952204,33.854458
1276.8871,174.64134,22.952204,33.854458
1279.2893,175.7681,23.460022,34.60349
1278.7719,177.56262,22.95973,33.86556
1277.3243,177.22859,22.95973,33.86556
1279.44,176.67188,22.95973,33.86556
1278.6605,176.56053,22.95973,33.86556
1277.213,176.00381,22.95973,33.86556
1279.3286,175.4471,22.95973,33.86556
1278.5492,175.11307,22.95973,33.86556
1277.1017,174.55635,22.95973,33.86556
1279.2173,174.445,22.95973,33.86556
1277.9926,172.77484,22.95973,33.86556
1275.3397,172.3847,22.470106,33.143364
1274.2998,172.58334,22.967257,33.87666
1275.525,174.0313,22.967257,33.87666
1277.6978,173.54097,23.475407,34.62618
1279.9183,173.98473,23.9948,35.392284
1278.9404,176.26878,23.483105,34.637535
1276.4358,177.18529,24.002668,35.40389
1278.6475,178.0001,24.002668,35.40389
1275.6042,179.6615,24.533728,36.1872
1278.5787,179.54253,24.533728,36.1872
1277.032,184.42061,24.533728,36.1872
1279.3529,183.89685,25.076536,36.98784
1277.94,178.56702,25.631355,37.806194
1275.8268,178.93993,25.631355,37.806194
1278.6857,176.82681,25.631355,37.806194
1277.567,176.70251,25.631355,37.806194
1275.4539,174.838,25.631355,37.806194
1278.0642,183.66335,25.631355,37.806194
1275.7025,185.27925,25.631355,37.806194
1278.5614,172.47627,25.631355,37.806194
1276.0854,166.25473,26.198448,38.64266
1278.4994,167.3982,26.198448,38.64266
1276.7596,167.62979,26.77809,39.497627
1278.9227,159.66467,26.207039,38.655327
1276.9187,168.86273,26.78687,39.510574
1270.8132,182.76251,26.78687,39.510574
1277.6981,176.39719,26.78687,39.510574
1275.4897,175.48785,26.78687,39.510574
1278.1544,180.29146,26.215631,38.668
1275.6221,180.52321,26.795652,39.52353
1278.2876,193.59491,26.224228,38.68068
1274.9626,228.13243,26.80444,39.536488
1278.0377,222.97482,27.397488,40.411232
1276.3104,232.4083,27.397488,40.411232
1278.9021,234.30466,28.003656,41.305332
1277.9514,232.26758,28.003656,41.305332
1276.1859,233.76144,28.003656,41.305332
1278.835,232.31822,28.623238,42.21921
1277.5103,229.11487,29.256527,43.153313
1275.6658,230.3918,29.256527,43.153313
1278.7278,228.884,29.903828,44.108078
1277.0428,227.34286,30.56545,45.08397
1275.7087,225.4159,30.56545,45.08397
1278.8215,220.22787,30.56545,45.08397
1278.0804,195.77008,30.56545,45.08397
1276.9734,184.35243,31.24171,46.08145
1272.7795,186.15807,30.575472,45.09875
1275.6719,183.96695,31.251955,46.09656
1278.3137,182.98528,31.943405,47.116447
1274.9066,185.51775,32.650154,48.158897
1278.3237,182.8494,33.37254,49.224415
1276.8672,188.83755,33.37254,49.224415
1258.9719,190.76636,32.660862,48.17469
1249.2438,146.35721,33.383484,49.240555
1217.4648,178.22998,34.122093,50.33
1216.229,176.81479,34.877045,51.443554
1262.6965,189.05579,35.6487,52.58174
1277.0457,187.15411,35.6487,52.58174
1274.4524,186.2897,35.6487,52.58174
1277.737,193.3778,35.6487,52.58174
1274.6522,200.15002,36.437428,53.745113
1277.7324,218.43864,37.243607,54.934223
1275.7456,224.0377,37.243607,54.934223
1273.8795,218.18225,36.449375,53.762733
1277.5916,214.82375,36.449375,53.762733
1228.2227,165.26334,37.255817,54.952232
1237.0757,117.023315,37.255817,54.952232
1251.5785,119.176544,36.461327,53.78036
1233.0134,69.5999,37.268032,54.970253
1194.8787,21.344059,37.268032,54.970253
1197.5897,7.789051,37.268032,54.970253
1211.1448,3.6321812,37.268032,54.970253
1230.53,0.21168709,36.47328,53.797997
1216.9103,0.7423248,36.47328,53.797997
1229.8225,5.1643066,36.47328,53.797997
1244.5035,9.586288,36.47328,53.797997
1258.7018,2.4880466,35.695477,52.650738
1265.2559,1.5477886,34.93426,51.527946
1266.7806,-2.348772,34.93426,51.527946
1271.6937,-1.1628628,34.93426,51.527946
1270.4285,-0.15097237,35.70718,52.668003
1268.5237,2.1001606,35.70718,52.668003
1224.3408,26.195356,34.945713,51.54484
1257.2194,47.489876,34.200485,50.445633
1263.6877,39.694588,34.200485,50.445633
1277.1222,48.485023,34.200485,50.445633
1274.6343,64.90489,34.200485,50.445633
1278.1173,58.768173,34.200485,50.445633
1274.8136,60.791275,34.957172,51.56174
1277.7687,67.43212,35.7306,52.702545
1275.0364,69.18618,36.521137,53.868587
1227.7477,71.13441,36.521137,53.868587
1253.2314,38.420395,35.742313,52.719822
1253.7515,39.633736,35.742313,52.719822
1250.6586,2.9037952,36.53311,53.88625
1255.0878,-5.777508,36.53311,53.88625
1257.3557,-6.3982983,35.754032,52.73711
1263.4244,-5.878124,35.754032,52.73711
1249.7266,-4.664385,35.754032,52.73711
1252.3274,-3.1038628,35.754032,52.73711
1248.8649,0.63381195,34.991566,51.612476
1207.1042,47.070103,35.765755,52.754402
1216.0118,51.477722,35.00304,51.6294
1195.8116,88.99231,35.00304,51.6294
1220.0858,99.007515,35.00304,51.6294
1212.4419,100.37609,34.25659,50.528385
1190.5498,143.66812,33.52606,49.45085
1219.8987,157.20233,32.811104,48.396297
1253.3783,141.64409,33.53705,49.467064
1226.3027,110.66252,32.82186,48.412163
1221.6868,114.32347,32.82186,48.412163
1192.8767,143.13351,32.82186,48.412163
1220.0951,155.07138,32.82186,48.412163
1249.5419,167.64594,32.82186,48.412163
1247.4727,164.94002,32.82186,48.412163
1250.1786,163.18913,32.82186,48.412163
1227.0988,163.66664,32.82186,48.412163
1249.542,169.55598,32.82186,48.412163
1222.642,193.59088,32.82186,48.412163
1250.1786,199.79857,32.82186,48.412163
1205.7229,229.15344,33.548046,49.48328
1212.7188,227.36382,33.548046,49.48328
1247.9633,232.04903,34.2903,50.5781
1250.1251,222.23775,34.2903,50.5781
1256.278,223.06921,34.2903,50.5781
1274.0713,245.85133,34.2903,50.5781
1227.6267,248.2248,35.048973,51.69714
1250.9128,248.05481,35.048973,51.69714
1253.5231,279.04883,35.824432,52.84094
1249.7021,265.30618,36.617046,54.010044
1255.0562,256.8107,35.836178,52.858265
1251.059,287.22388,35.836178,52.858265
1258.9789,281.2547,35.07196,51.731045
1277.5498,292.78998,34.32404,50.627865
1274.5796,285.4947,35.083458,51.748005
1276.7914,287.3662,35.083458,51.748005
1273.899,293.66138,35.083458,51.748005
1226.3802,340.2196,35.85968,52.89293
1201.1642,386.65186,35.85968,52.89293
1216.4645,375.78253,36.653076,54.063187
1193.5345,389.46936,36.653076,54.063187
1185.5358,388.9361,36.653076,54.063187
1223.4471,384.20142,35.871437,52.910275
1257.1965,380.90912,35.10647,51.781948
1244.4277,396.06143,35.10647,51.781948
1225.5299,392.14566,35.10647,51.781948
1222.6356,367.7998,35.10647,51.781948
1214.9744,376.1421,35.10647,51.781948
1181.7755,371.54532,35.10647,51.781948
1151.3007,356.0525,35.10647,51.781948
1104.1039,342.232,35.883198,52.927624
1107.0621,342.406,35.883198,52.927624
1132.2947,325.17825,35.883198,52.927624
1173.2422,313.2185,36.677113,54.098648
1213.2625,320.86682,36.677113,54.098648
1215.9938,310.8569,37.488594,55.29558
1201.995,359.39832,37.488594,55.29558
1189.8142,384.66895,37.488594,55.29558
1239.7611,434.41898,38.318027,56.518997
1270.7627,432.82977,39.165813,57.76948
1272.852,425.04236,39.165813,57.76948
1276.0157,428.77054,38.33059,56.53753
1273.0203,435.28592,37.51318,55.33185
1276.1129,437.6509,37.51318,55.33185
1272.6564,443.2905,37.51318,55.33185
1276.7386,440.8996,36.7132,54.15188
1273.3558,442.1459,36.7132,54.15188
1276.3826,445.8848,36.7132,54.15188
1272.9998,452.1163,36.7132,54.15188
1276.6517,459.04318,35.93028,52.997074
1273.3411,462.00537,35.93028,52.997074
1276.9152,464.75378,35.164055,51.866894
1274.496,467.7723,34.41417,50.76082
1277.3331,470.9433,34.41417,50.76082
1274.0088,473.67163,35.175583,51.8839
1276.9087,476.5716,35.175583,51.8839
1274.4885,478.27576,34.425453,50.77746
1277.7451,478.23364,35.187115,51.90091
1274.7002,478.8988,35.96563,53.049217
1277.3785,477.40717,36.761368,54.22293
1273.8275,477.73212,37.574715,55.422615
1276.9253,479.00766,37.574715,55.422615
1274.192,481.37653,37.574715,55.422615
1277.2898,483.7454,37.574715,55.422615
1274.5565,490.1231,37.574715,55.422615
1277.6543,496.1364,37.574715,55.422615
1274.921,497.04755,37.574715,55.422615
1277.7192,499.27023,38.406055,56.64884
1274.7822,506.95276,39.25579,57.9022
1271.7145,516.19434,38.418648,56.667416
1273.4159,517.6937,39.26866,57.92118
1277.0342,518.6459,39.26866,57.92118
1273.6361,514.6463,40.13748,59.202686
1276.5558,507.44424,40.13748,59.202686
1271.6896,494.40274,40.13748,59.202686
1274.9987,494.2081,40.13748,59.202686
1272.9877,493.15082,39.281536,57.94017
1274.7021,494.10333,39.281536,57.94017
1275.2557,491.68362,40.15064,59.222095
1273.244,491.00137,39.294415,57.959167
1220.0217,437.57254,40.163803,59.241512
1272.0271,479.05997,40.163803,59.241512
1275.7279,492.88913,40.163803,59.241512
1273.7156,502.7199,39.307297,57.97817
1276.575,500.24182,39.307297,57.97817
1270.2844,501.95746,39.307297,57.97817
1269.7125,504.43555,39.307297,57.97817
1272.8877,496.78574,38.469055,56.741768
1272.0392,534.6124,37.64869,55.531734
1274.0852,502.3639,38.481667,56.760376
1273.1521,551.81793,38.481667,56.760376
1223.3248,553.4975,38.481667,56.760376
1214.927,551.4447,38.481667,56.760376
1201.1417,552.94653,39.333073,58.0162
1203.675,543.3992,40.203316,59.29981
1196.0713,542.4243,40.203316,59.29981
1246.675,553.3923,39.345966,58.03522
1272.6586,535.4358,38.5069,56.797604
1276.9536,521.80365,38.5069,56.797604
1274.526,508.1715,38.5069,56.797604
1278.1686,487.20004,39.358868,58.05425
1276.5646,478.80432,38.519527,56.816223
1273.7626,465.91495,38.519527,56.816223
1276.9382,452.27835,38.519527,56.816223
1273.2174,432.46283,39.371773,58.07328
1276.0297,425.53665,38.532158,56.83485
1272.4792,423.10742,38.532158,56.83485
1275.5918,421.372,37.71045,55.62283
1271.7513,418.6288,37.71045,55.62283
1274.8602,417.34866,37.71045,55.62283
1271.9132,411.06726,36.90626,54.436657
1274.2903,402.48035,37.722813,55.641068
1276.3405,394.08304,38.55743,56.872128
1272.7877,389.4084,38.55743,56.872128
1275.5925,376.50632,38.55743,56.872128
1272.5793,374.4093,37.73518,55.659313
1275.0098,370.94565,38.570072,56.890774
1273.6128,363.91223,39.423435,58.149483
1272.6569,362.5739,39.423435,58.149483
1275.5247,363.91223,39.423435,58.149483
1271.5098,364.10342,39.423435,58.149483
1272.8588,362.07166,40.295677,59.43604
1271.8817,360.70374,40.295677,59.43604
1274.813,358.16333,40.295677,59.43604
1270.1571,351.4513,39.43636,58.16855
1270.0245,349.3065,38.595367,56.928085
1269.0886,345.00156,38.595367,56.928085
1271.5219,345.56308,38.595367,56.928085
1273.9551,346.87326,38.595367,56.928085
1273.3936,350.05515,38.595367,56.928085
1275.8268,350.2423,38.595367,56.928085
1271.8962,350.80383,38.595367,56.928085
1273.9938,348.42636,39.44929,58.18762
1276.0981,348.23505,39.44929,58.18762
1271.9089,342.03278,38.608025,56.94675
1274.3956,342.37405,39.462227,58.2067
1277.649,334.5277,39.462227,58.2067
1274.2341,332.09686,40.335327,59.494522
1277.5596,324.85934,40.335327,59.494522
1274.0691,317.50403,41.227745,60.810837
1277.5543,309.986,42.139908,62.156277
1274.7559,306.118,43.072254,63.531483
1271.3898,305.3861,42.153725,62.176655
1274.529,300.24432,43.086376,63.552315
1271.5648,287.42834,42.167545,62.197044
1276.1536,285.52917,41.26831,60.870674
1272.7513,285.7293,41.26831,60.870674
1276.9541,285.92944,41.26831,60.870674
1272.9677,285.87897,42.181374,62.217438
1276.4452,286.9018,42.181374,62.217438
1272.9677,286.6972,42.181374,62.217438
1276.4452,286.08356,42.181374,62.217438
1272.9677,285.87897,42.181374,62.217438
1276.4452,283.62878,42.181374,62.217438
1272.9677,285.46985,42.181374,62.217438
1276.4452,286.49268,42.181374,62.217438
1272.9677,285.87897,42.181374,62.217438
1276.036,286.9018,42.181374,62.217438
1272.5585,288.33368,42.181374,62.217438
1276.4452,288.9474,42.181374,62.217438
1272.9677,291.19757,42.181374,62.217438
1276.4452,293.03864,42.181374,62.217438
1272.9677,292.42493,42.181374,62.217438
1276.036,292.2204,42.181374,62.217438
1272.5585,293.24316,42.181374,62.217438
1276.4452,293.03864,42.181374,62.217438
1272.9677,292.42493,42.181374,62.217438
1276.4452,290.99304,42.181374,62.217438
1272.9677,288.74286,42.181374,62.217438
1276.4452,289.76562,42.181374,62.217438
1272.9677,290.37933,42.181374,62.217438
1276.4452,287.3109,42.181374,62.217438
1272.9677,285.06073,42.181374,62.217438
1276.4452,284.0379,42.181374,62.217438
1272.9677,283.42426,42.181374,62.217438
1276.4452,282.81055,42.181374,62.217438
1272.9677,281.78778,42.181374,62.217438
1276.4452,281.5832,42.181374,62.217438
1272.9677,289.5611,42.181374,62.217438
1276.5334,293.75415,43.114635,63.593998
1272.3688,297.17224,44.068546,65.001015
1276.4293,299.9505,44.068546,65.001015
1273.2236,303.1562,44.068546,65.001015
1276.8568,304.22476,44.068546,65.001015
1272.6,304.61435,45.043564,66.43916
1276.3135,305.70654,45.043564,66.43916
1272.6,308.1094,45.043564,66.43916
1276.3135,309.6385,45.043564,66.43916
1272.1631,308.98315,45.043564,66.43916
1276.3135,309.6385,45.043564,66.43916
1272.6,310.73068,45.043564,66.43916
1276.3135,312.69666,45.043564,66.43916
1272.1631,315.5364,45.043564,66.43916
1276.3135,317.50238,45.043564,66.43916
1272.6,317.28394,45.043564,66.43916
1276.3135,315.75485,45.043564,66.43916
1272.6,313.78888,45.043564,66.43916
1276.3135,311.8229,45.043564,66.43916
1272.6,309.85693,45.043564,66.43916
1276.3135,308.32785,45.043564,66.43916
1272.6,307.23566,45.043564,66.43916
1276.3135,308.32785,45.043564,66.43916
1272.6,310.29382,45.043564,66.43916
1276.3135,307.89096,45.043564,66.43916
1272.6,305.4881,45.043564,66.43916
1276.3135,303.08524,45.043564,66.43916
1273.0369,301.11926,45.043564,66.43916
1276.7504,299.59018,45.043564,66.43916
1272.8525,294.0959,46.040154,67.90913
1276.2811,285.23697,47.058792,69.41161
1272.4015,283.18304,47.058792,69.41161
1276.2811,283.41125,47.058792,69.41161
1272.8579,287.2909,47.058792,69.41161
1275.889,295.75717,48.099968,70.94734
1271.9236,301.12222,48.099968,70.94734
1276.3556,310.2195,48.099968,70.94734
1272.8567,333.77914,48.099968,70.94734
1276.4387,356.9534,49.16418,72.51705
1272.1843,322.75684,50.251938,74.12149
1204.1205,289.8264,51.36376,75.76143
1229.2787,293.06458,51.36376,75.76143
1248.0929,233.56227,52.500187,77.43765
1245.2922,236.87212,52.500187,77.43765
1255.2218,238.65434,52.500187,77.43765
1268.1127,242.81654,53.661755,79.15096
1265.629,231.95114,54.849022,80.902176
1268.023,233.81311,54.849022,80.902176
1273.6088,239.93097,54.849022,80.902176
1269.0869,240.72894,54.849022,80.902176
1274.0302,239.28416,53.67935,79.17691
1269.0841,235.89998,53.67935,79.17691
1274.0302,236.68095,53.67935,79.17691
1268.5634,233.29677,53.67935,79.17691
1273.9031,231.38097,52.534622,77.48844
1205.8795,176.60547,52.534622,77.48844
1165.9221,198.79553,51.414307,75.835976
1186.898,217.62848,50.317883,74.21875
1207.1516,230.07349,50.317883,74.21875
1235.6769,253.67921,49.24484,72.63601
1245.6395,254.6839,48.19468,71.08702
1199.0708,315.59033,47.166912,69.57107
1231.7804,334.57565,47.166912,69.57107
1248.0209,331.60205,47.166912,69.57107
1266.382,332.5643,46.161064,68.08744
1276.9034,332.34045,46.161064,68.08744
1271.98,334.14206,47.182377,69.59387
1275.4122,330.70984,47.182377,69.59387
1272.8953,328.1929,47.182377,69.59387
1208.989,375.13928,48.226288,71.13364
1233.6235,371.61472,47.19785,69.61669
1276.5587,307.43954,48.242104,71.15696
1272.3842,298.15695,49.30946,72.73131
1276.4493,295.04828,49.30946,72.73131
1272.1825,293.4994,50.400433,74.340485
1274.9215,290.90192,51.51554,75.98527
1269.9453,290.32053,52.655323,77.66644
1229.3439,248.18695,52.655323,77.66644
1225.8472,249.18228,53.820324,79.38481
1224.5421,214.99066,53.820324,79.38481
1226.8911,187.58517,53.820324,79.38481
1223.317,179.93716,55.011097,81.1412
1221.9832,191.40868,55.011097,81.1412
1223.312,161.44876,56.228218,82.93645
1226.3115,169.90192,56.228218,82.93645
1223.8574,182.1726,56.228218,82.93645
1222.3867,105.718796,57.472267,84.771416
1220.305,27.573452,58.74384,86.64698
1218.8806,-0.6298332,58.74384,86.64698
1218.5957,-5.4728203,58.74384,86.64698
1220.5898,-7.4669914,58.74384,86.64698
1219.7352,-6.6123466,58.74384,86.64698
1215.8342,34.694878,60.04355,88.56404
1226.952,12.869957,61.372013,90.52352
1258.3015,2.0735283,60.063236,88.59308
1263.2533,-2.2956734,60.063236,88.59308
1259.4667,-0.83927155,60.063236,88.59308
1232.3126,-19.828022,58.78237,86.703804
1265.0831,-7.4780464,60.08293,88.62212
1233.9884,-10.745762,58.801643,86.73223
1232.1417,-28.785952,57.54768,84.88264
1250.8401,-10.087538,57.54768,84.88264
1267.864,-5.901325,57.54768,84.88264
1271.9745,-3.1132965,56.320457,83.07249
1268.6262,-5.649868,55.119408,81.30094
1273.1704,-4.313343,55.119408,81.30094
1268.8628,-4.7346764,53.94397,79.56718
1271.7946,-3.1721573,55.13748,81.3276
1270.3523,-3.239582,56.3574,83.12697
1269.5323,-1.3264236,56.3574,83.12697
1273.031,-0.17663956,55.15556,81.35426
1264.0801,-2.1451225,53.97935,79.61936
1265.9172,-4.0716248,52.828224,77.921455
1264.1239,-0.74110794,52.828224,77.921455
1260.4893,-1.638794,51.701645,76.25976
1255.7253,1.119236,51.701645,76.25976
1257.4946,-1.0250511,52.845543,77.94701
1185.918,-3.2167816,54.01475,79.671585
1233.7076,-13.728857,52.86287,77.972565
1250.3711,-4.2434807,52.86287,77.972565
1265.4965,-2.9616737,52.86287,77.972565
1268.7781,-5.342518,51.735554,76.30978
1272.5415,-3.0844688,51.735554,76.30978
1271.709,-1.0653114,52.880203,77.99813
1274.5299,0.21691513,52.880203,77.99813
1269.6575,2.0120354,52.880203,77.99813
1273.929,-0.36959457,51.752518,76.3348
1262.133,-2.6283875,51.752518,76.3348
1273.5706,0.36268997,50.64888,74.70694
1270.0859,-2.3919373,49.56878,73.11379
1273.6266,2.3265152,48.51171,71.55462
1265.7538,1.9556923,47.477184,70.028694
1261.1677,6.197426,48.52762,71.57808
1269.4045,2.1966896,48.52762,71.57808
1268.1351,-1.7692566,49.60129,73.16174
1266.8378,0.16660309,50.69872,74.78045
1266.6675,-2.1167717,49.617554,73.18573
1264.5017,0.048835754,49.617554,73.18573
1269.6947,0.48745346,50.715343,74.80496
1274.2655,-2.2707863,49.633823,73.209724
1238.3704,-41.162518,48.575367,71.648506
1232.9523,-31.504189,48.575367,71.648506
1230.361,-27.499516,48.575367,71.648506
1235.193,-16.5181,47.539482,70.12058
1236.3666,-11.992815,46.52569,68.62524
1232.3405,-9.240631,47.55507,70.14357
1231.6486,-5.781315,47.55507,70.14357
1231.418,-2.7832413,47.55507,70.14357
1233.9548,-0.24641037,47.55507,70.14357
1233.263,2.7516632,47.55507,70.14357
1231.1874,5.749737,47.55507,70.14357
1234.1854,7.825325,47.55507,70.14357
1230.7261,9.900913,47.55507,70.14357
1225.6539,11.278374,48.607224,71.695496
1225.4182,13.871334,48.607224,71.695496
1227.0682,11.749821,48.607224,71.695496
1228.7183,13.871334,48.607224,71.695496
1228.0111,16.464294,48.607224,71.695496
1229.6611,19.057255,48.607224,71.695496
1228.4825,21.178768,48.607224,71.695496
1228.7183,19.528702,48.607224,71.695496
1230.8397,22.121662,48.607224,71.695496
1230.1326,20.471596,48.607224,71.695496
1232.7256,22.121662,48.607224,71.695496
1231.0756,23.771729,48.607224,71.695496
1235.002,27.489838,47.57066,70.166565
1233.3871,30.488892,47.57066,70.166565
1233.6178,31.642372,47.57066,70.166565
1236.5709,34.391754,46.556202,68.67024
1234.9905,33.26287,46.556202,68.67024
1236.1194,34.391754,46.556202,68.67024
1235.442,35.520638,46.556202,68.67024
1235.6678,37.101074,46.556202,68.67024
1236.7968,39.584618,46.556202,68.67024
1237.0226,41.616608,46.556202,68.67024
1237.7,43.197044,46.556202,68.67024
1237.4741,44.77748,46.556202,68.67024
1237.2483,47.261024,46.556202,68.67024
1237.4741,49.744568,46.556202,68.67024
1238.1515,52.679672,46.556202,68.67024
1239.2804,55.614777,46.556202,68.67024
1238.1515,58.54988,46.556202,68.67024
1238.8289,62.388092,46.556202,68.67024
1238.1515,66.2263,46.556202,68.67024
1238.8289,70.064514,46.556202,68.67024
1238.1515,74.80583,46.556202,68.67024
1239.2804,77.74094,46.556202,68.67024
1237.7,81.127594,46.556202,68.67024
1238.8289,83.61114,46.556202,68.67024
1238.1515,85.64313,46.556202,68.67024
1238.3773,87.67512,46.556202,68.67024
1236.7969,91.96488,46.556202,68.67024
1236.1195,98.51241,46.556202,68.67024
1234.4332,101.73489,47.586258,70.189575
1233.1885,105.02867,48.639103,71.74252
1233.4243,110.45387,48.639103,71.74252
1234.6038,113.520294,48.639103,71.74252
1234.3679,118.00198,48.639103,71.74252
1234.1321,121.068405,48.639103,71.74252
1233.8962,124.13483,48.639103,71.74252
1234.6039,126.72949,48.639103,71.74252
1234.8397,129.32416,48.639103,71.74252
1233.6603,131.44707,48.639103,71.74252
1231.8986,134.32426,49.715244,73.32983
1231.6575,136.49414,49.715244,73.32983
1231.4164,139.14621,49.715244,73.32983
1233.104,140.3517,49.715244,73.32983
1231.8986,142.52158,49.715244,73.32983
1231.1753,144.69145,49.715244,73.32983
1232.8673,146.63525,48.655052,71.766045
1231.6875,146.87122,48.655052,71.766045
1232.8673,148.99481,48.655052,71.766045
1231.2156,151.59032,48.655052,71.766045
1228.4741,152.99963,49.731544,73.35387
1226.7859,154.68787,49.731544,73.35387
1228.4741,155.89377,49.731544,73.35387
1232.5741,151.79376,49.731544,73.35387
1231.8506,153.482,49.731544,73.35387
1233.5388,150.82907,49.731544,73.35387
1235.7094,151.55258,49.731544,73.35387
1235.4681,152.75848,49.731544,73.35387
1237.6387,149.6232,49.731544,73.35387
1235.9504,150.82907,49.731544,73.35387
1234.7445,146.7291,49.731544,73.35387
1235.9722,147.74368,48.671005,71.78957
1235.7361,145.61938,48.671005,71.78957
1235.5,144.43922,48.671005,71.78957
1238.0664,144.52219,47.63308,70.25864
1236.9114,141.5192,47.63308,70.25864
1236.2184,140.3642,47.63308,70.25864
1235.0634,139.6712,47.63308,70.25864
1233.4464,136.2062,47.63308,70.25864
1234.6014,134.58922,47.63308,70.25864
1233.9084,132.04822,47.63308,70.25864
1233.6775,129.96922,47.63308,70.25864
1237.1425,126.96623,47.63308,70.25864
1236.4495,123.96324,47.63308,70.25864
1238.5284,121.42224,47.63308,70.25864
1236.8031,117.5294,48.686962,71.81311
1234.5498,115.51015,49.76416,73.40198
1232.7473,112.44467,50.865192,75.02599
1231.4169,109.82323,51.990585,76.68594
1233.1818,105.03273,51.990585,76.68594
1229.904,101.75502,51.990585,76.68594
1227.6349,98.47731,51.990585,76.68594
1225.3657,96.20813,51.990585,76.68594
1222.088,94.44321,51.990585,76.68594
1227.8871,96.20813,51.990585,76.68594
1230.1562,100.99863,51.990585,76.68594
1226.8785,104.27634,51.990585,76.68594
1223.6008,102.51141,51.990585,76.68594
1215.2805,99.737976,51.990585,76.68594
1236.2074,85.87075,51.990585,76.68594
1239.4349,87.90352,50.88187,75.05059
1238.3126,87.03891,49.7968,73.45011
1237.2142,89.91695,48.734867,71.883766
1235.0872,91.09866,48.734867,71.883766
1232.4874,91.80769,48.734867,71.883766
1229.251,94.20014,49.813126,73.4742
1231.9581,99.65309,50.91524,75.099815
1228.7482,104.83833,50.91524,75.099815
1228.5771,114.92078,49.82946,73.49829
1196.4376,118.54553,49.82946,73.49829
1190.3964,129.41982,49.82946,73.49829
1184.5801,139.38739,50.93194,75.12444
1176.0725,148.03795,52.058807,76.78657
1171.5676,159.49918,53.21061,78.48547
1168.034,159.43411,54.387894,80.22196
1162.7804,155.53653,55.591225,81.99687
1168.0392,133.65173,56.821182,83.81105
1172.8425,111.28276,58.07835,85.66537
1167.2324,78.48351,59.363335,87.560715
1162.0955,48.54276,60.67675,89.49799
1156.5046,20.588497,60.67675,89.49799
1152.0908,0.8733902,60.67675,89.49799
1144.7345,-13.545122,60.67675,89.49799
1139.7322,-17.958952,60.67675,89.49799
1220.5734,-5.2109756,62.019222,91.478134
1226.288,-4.3086777,62.019222,91.478134
1225.3856,-9.421696,62.019222,91.478134
1221.2671,-0.13620758,63.3914,93.50209
1173.6447,-4.7690926,62.03956,91.50813
1170.9369,3.9559746,62.03956,91.50813
1167.0256,13.884499,62.03956,91.50813
1161.9109,22.007835,62.03956,91.50813
1161.5367,25.053432,63.41218,93.53275
1163.0743,28.436161,63.41218,93.53275
1159.6917,31.203854,63.41218,93.53275
1158.154,35.201626,63.41218,93.53275
1156.6165,37.96932,63.41218,93.53275
1156.234,38.52988,64.81518,95.602165
1152.7765,39.47286,64.81518,95.602165
1155.6467,33.523582,66.249214,97.71736
1169.247,35.44253,67.71498,99.87936
1174.1727,37.741245,67.71498,99.87936
1170.5604,34.785755,67.71498,99.87936
1167.605,37.08447,67.71498,99.87936
1161.7455,33.594635,69.21317,102.08919
1156.0394,29.90245,69.21317,102.08919
1149.662,27.55288,69.21317,102.08919
1144.3691,25.378796,70.744514,104.34791
1134.4198,22.29108,70.744514,104.34791
1129.0099,21.492672,72.30974,106.65661
1121.6459,19.739323,72.30974,106.65661
1116.1163,13.829765,73.90959,109.01639
1110.7399,13.471336,73.90959,109.01639
1102.496,7.378048,73.90959,109.01639
1094.969,3.4353333,73.90959,109.01639
1088.1588,-1.2242393,73.90959,109.01639
1082.3829,-6.6258316,72.33345,106.69158
1076.054,-11.912235,70.79092,104.41635
1074.3374,-16.375195,70.79092,104.41635
1027.3047,14.865524,70.79092,104.41635
1024.215,10.402565,70.79092,104.41635
1038.977,9.37265,70.79092,104.41635
1064.9073,14.272575,72.35716,106.72656
1094.0321,17.43068,72.35716,106.72656
1122.4551,14.272575,72.35716,106.72656
1151.2986,9.660873,70.814125,104.450584
1197.6599,17.559467,70.814125,104.450584
1230.9713,33.01324,70.814125,104.450584
1156.5884,-32.404938,69.30399,102.223145
1150.5244,-35.52626,67.826065,100.043205
1144.2748,-43.091568,67.826065,100.043205
1143.9458,-50.65687,67.826065,100.043205
1142.3011,-54.275063,67.826065,100.043205
1140.6565,-55.26184,67.826065,100.043205
1142.959,-54.932915,67.826065,100.043205
1139.1375,-52.968292,69.32671,102.25666
1131.743,-48.169712,70.860565,104.51909
1134.1486,-34.080376,70.860565,104.51909
1141.365,-28.238455,70.860565,104.51909
1149.2688,-22.396534,70.860565,104.51909
1151.6936,-11.787319,72.42835,106.83157
1151.2568,0.51428986,74.03083,109.19522
1149.4618,26.004478,74.03083,109.19522
1147.6667,49.34057,74.03083,109.19522
1146.5897,74.11272,74.03083,109.19522
1146.2307,94.576675,74.03083,109.19522
1146.5897,107.86029,74.03083,109.19522
1150.539,113.245544,74.03083,109.19522
1156.5188,131.36583,72.4521,106.8666
1162.492,133.12263,72.4521,106.8666
1170.5732,135.58215,72.4521,106.8666
1180.0599,126.79814,72.4521,106.8666
1187.4385,129.25766,72.4521,106.8666
1185.6816,122.5818,72.4521,106.8666
1172.6813,116.60867,72.4521,106.8666
1169.519,107.12193,72.4521,106.8666
1171.9785,102.554245,72.4521,106.8666
1173.7354,96.581116,72.4521,106.8666
1179.0057,92.01343,72.4521,106.8666
1183.5734,87.44574,72.4521,106.8666
1190.7805,83.50531,70.90704,104.58764
1197.314,75.59636,70.90704,104.58764
1203.8474,68.37514,70.90704,104.58764
1209.575,61.86722,69.39493,102.35728
1212.5856,58.09306,67.91506,100.17448
1210.9387,45.248096,67.91506,100.17448
1215.9965,21.92884,69.41769,102.39084
1218.353,6.7798157,69.41769,102.39084
1220.7096,-5.6760483,69.41769,102.39084
1220.2909,-12.047783,70.95355,104.656235
1218.5704,-17.209183,70.95355,104.656235
1220.9791,-23.05877,70.95355,104.656235
1224.0573,-26.254387,69.440445,102.42441
1155.858,12.092899,70.976814,104.69055
1214.7109,-6.563816,72.54717,107.00683
1190.4353,-23.803078,72.54717,107.00683
1161.9377,-30.48769,72.54717,107.00683
1108.208,-17.435867,74.152275,109.37435
1124.3903,-29.302856,74.152275,109.37435
1095.9814,-26.066404,74.152275,109.37435
1077.6416,-22.829952,74.152275,109.37435
1063.017,-23.666815,75.79289,111.79426
1081.6272,-16.895283,77.46981,114.26771
1049.1978,-5.2965355,79.18383,116.79588
1114.8557,-6.1901817,80.935776,119.37999
1222.6885,-0.58805466,82.72648,122.02127
1253.3453,-4.313904,80.96231,119.41913
1262.3759,0.00504303,80.96231,119.41913
1270.4294,-4.3982315,79.23576,116.87248
1263.4966,-7.2261276,77.546036,114.38014
1269.2716,-4.9799614,79.26174,116.910805
1257.1495,1.8239822,77.571465,114.41765
1251.8126,-1.6696968,75.91723,111.97766
1269.3004,-3.6694412,74.29827,109.58971
1274.0859,-1.5173492,75.94212,112.01438
1265.986,0.6823578,77.622345,114.4927
1271.7666,1.3685341,79.33974,117.02585
1259.839,-2.0943298,79.33974,117.02585
1262.5323,3.6771088,79.33974,117.02585
1269.0734,-2.8638535,79.33974,117.02585
1262.1315,-6.437168,77.6478,114.530235
1264.7886,-1.8439827,79.36575,117.06422
1270.5619,-1.459095,79.36575,117.06422
1264.3595,1.6440048,77.673256,114.56779
1269.1815,-4.03265,76.01685,112.124596
1262.5303,-6.7456627,74.395775,109.733505
1261.333,-4.590748,76.04178,112.16136
1260.2267,-1.2718277,76.04178,112.16136
1263.5457,-6.0658226,76.04178,112.16136
1271.2898,0.20324707,76.04178,112.16136
1266.769,-6.7759323,74.420166,109.769485
1272.3113,-5.3691864,76.06671,112.198135
1263.089,-0.57361984,76.06671,112.198135
1270.6556,-4.710636,74.444565,109.80547
1265.5339,-10.151325,72.85701,107.46384
1271.4191,-5.259388,71.303314,105.172134
1258.6249,4.076927,71.303314,105.172134
1273.9801,0.40216446,72.8809,107.49907
1266.9401,1.0464249,74.493385,109.87749
1271.6365,-4.3724747,74.493385,109.87749
1265.495,1.7689438,74.493385,109.87749
1272.3589,-5.8175125,74.493385,109.87749
1258.9923,-1.1211319,74.493385,109.87749
1263.6168,-5.868988,72.90479,107.53432
1266.8452,-3.7572594,74.517815,109.91351
1269.3953,-1.5988083,76.16652,112.34535
1263.443,-5.029209,74.542244,109.949554
1266.744,-2.8700485,76.19149,112.38219
1269.3513,-0.66311646,77.87723,114.868645
1263.2653,-6.354679,76.21647,112.41904
1268.1743,-3.3800735,77.902756,114.90631
1265.3527,0.44426727,79.62635,117.448616
1264.9666,-1.486496,79.62635,117.448616
1267.6697,0.44426727,79.62635,117.448616
1266.5112,-1.486496,79.62635,117.448616
1265.3528,-0.32803726,79.62635,117.448616
1268.8281,0.058116913,79.62635,117.448616
1261.8612,-5.0168915,77.92829,114.94399
1264.528,-2.7596512,79.65246,117.48713
1269.4727,-1.8792458,77.95384,114.98168
1255.3644,-7.5764084,76.29145,112.52966
1264.6139,-4.9865494,76.29145,112.52966
1259.365,-11.275433,74.66451,110.12994
1259.1141,-9.054146,73.072266,107.78138
1255.453,-5.5139923,71.51398,105.48291
1270.8536,-1.2836494,73.09622,107.81672
1263.7747,2.2576637,71.53742,105.517494
1268.3823,3.6099205,73.120186,107.852066
1195.6892,-27.240334,73.120186,107.852066
1101.0109,-31.14094,73.120186,107.852066
1108.2844,-24.864193,71.560875,105.552086
1123.207,-18.964535,71.560875,105.552086
1149.0571,-22.187506,70.03482,103.301155
1164.5353,-16.175613,68.541306,101.09823
1200.7664,-19.16717,68.541306,101.09823
1212.4001,-16.840405,68.541306,101.09823
1209.2278,-14.165348,70.057785,103.33503
1205.9854,-11.431103,71.60781,105.621315
1211.1002,-9.970188,70.08075,103.36891
1209.4009,-8.270885,70.08075,103.36891
1211.0939,-5.5357437,71.63129,105.65595
1211.4413,-9.356926,71.63129,105.65595
1205.9636,15.063141,73.216125,107.99359
1213.9312,32.299553,71.65477,105.6906
1213.6904,45.14918,70.12671,103.436714
1216.071,57.732273,70.12671,103.436714
1219.1765,72.46566,71.67826,105.72525
1213.2672,97.14583,71.67826,105.72525
1210.1388,87.76041,71.67826,105.72525
1208.4008,179.87651,71.67826,105.72525
1213.6149,183.7002,71.67826,105.72525
1207.0104,194.47604,71.67826,105.72525
1210.1844,187.8968,73.264145,108.06442
1214.1661,183.38374,74.88512,110.455345
1228.3293,147.43092,74.88512,110.455345
1153.1553,153.60464,74.88512,110.455345
1178.9396,168.4942,74.88512,110.455345
1206.3695,185.73442,76.54195,112.89917
1202.0568,186.41104,78.235435,115.397064
1210.7831,191.34334,78.235435,115.397064
1214.9084,117.60654,76.56704,112.93619
1210.0813,123.918915,76.56704,112.93619
1181.49,123.54759,76.56704,112.93619
1207.1108,129.11734,76.56704,112.93619
1210.4526,114.636,76.56704,112.93619
1215.2798,190.75586,76.56704,112.93619
1220.8495,222.31776,76.56704,112.93619
1150.4447,127.96392,74.93423,110.52779
1186.4211,131.2345,74.93423,110.52779
1207.1348,123.60314,74.93423,110.52779
1204.591,118.878975,74.93423,110.52779
1207.8616,112.70121,74.93423,110.52779
1206.0446,94.89471,74.93423,110.52779
1203.5007,79.26859,74.93423,110.52779
1208.9517,73.81762,74.93423,110.52779
1207.8615,64.00588,74.93423,110.52779
1212.5134,55.727303,73.336235,108.170746
1206.1674,-8.565804,74.9588,110.564026
1210.166,-14.0185585,74.9588,110.564026
1214.8917,-11.473938,74.9588,110.564026
1217.4568,-8.548412,76.61726,113.010254
1118.2502,69.85073,76.61726,113.010254
1126.7961,68.73605,76.61726,113.010254
1142.7732,74.30945,76.61726,113.010254
1159.4934,81.36908,76.61726,113.010254
1176.7639,87.443275,78.31242,115.510605
1197.5688,93.651855,80.04509,118.06628
1207.2734,102.58008,80.04509,118.06628
1211.5435,106.8501,80.04509,118.06628
1219.1155,110.77962,81.816086,120.67849
1224.3853,116.44267,83.62627,123.3485
1231.1403,133.00269,81.84291,120.718056
1244.6373,147.67932,80.09759,118.14371
1259.0095,141.07588,80.09759,118.14371
1264.836,143.01807,80.09759,118.14371
1272.2164,148.06776,80.09759,118.14371
1268.9521,153.44586,78.38948,115.62426
1267.9559,157.97646,76.717804,113.15854
1273.6692,160.97063,78.415184,115.66217
1271.9396,160.37122,76.74296,113.19564
1267.6155,161.82187,78.440895,115.700096
1273.457,158.5686,80.1764,118.259964
1268.1328,152.82294,81.9503,120.876465
1274.2357,146.12549,83.76345,123.55086
1269.516,140.96567,85.616714,126.284424
1265.5535,140.86096,87.51099,129.07846
1180.2511,27.548927,87.51099,129.07846
1180.7751,20.33519,85.64479,126.32582
1184.4906,20.481178,83.81839,123.63188
1189.694,26.892693,82.03094,120.99539
1194.0197,34.701218,80.2816,118.41513
1199.0034,45.34529,78.56957,115.88989
1203.1465,52.824333,76.89405,113.4185
1204.2651,56.18045,76.89405,113.4185
1209.8586,64.0114,76.89405,113.4185
1213.9606,68.85912,76.89405,113.4185
1216.5709,73.706856,76.89405,113.4185
1157.2794,34.552124,76.89405,113.4185
1160.6355,36.416634,76.89405,113.4185
1163.9916,39.026947,76.89405,113.4185
1170.2029,43.471107,75.254265,110.99982
1176.407,46.025757,75.254265,110.99982
1183.3411,46.39071,75.254265,110.99982
1192.4648,42.37626,75.254265,110.99982
1199.9507,44.615086,73.649445,108.63271
1208.1655,39.971912,73.649445,108.63271
1213.5231,38.186077,73.649445,108.63271
1215.309,33.542904,73.649445,108.63271
1217.0948,29.614063,73.649445,108.63271
1220.3093,25.685223,73.649445,108.63271
1224.1929,23.056702,72.07885,106.316086
1226.6398,20.609848,72.07885,106.316086
1228.381,15.444485,73.67359,108.66833
1201.2474,7.1993713,75.30362,111.07262
1196.2467,2.5606766,76.96971,113.5301
1200.3527,5.173561,76.96971,113.5301
1203.712,10.772594,76.96971,113.5301
1201.6989,9.9039345,78.67267,116.041954
1202.016,9.016056,80.4133,118.60938
1203.1859,14.865589,80.4133,118.60938
1202.7009,12.339699,82.192444,121.23361
1202.3024,19.115852,82.192444,121.23361
1201.8066,17.36116,84.01095,123.91591
1199.6093,18.103813,85.86969,126.65755
1199.1929,22.684547,85.86969,126.65755
1198.6749,22.579536,87.769554,129.45984
1197.2623,24.238625,89.71146,132.32414
1198.5675,29.894417,89.71146,132.32414
1199.0026,32.939842,89.71146,132.32414
1198.5675,37.72551,89.71146,132.32414
1199.0026,41.64106,89.71146,132.32414
1198.5675,45.55661,89.71146,132.32414
1199.0026,51.212402,89.71146,132.32414
1198.5675,58.608437,89.71146,132.32414
1197.1237,65.72074,91.69632,135.25182
1198.4578,74.16979,91.69632,135.25182
1195.1366,79.59401,93.7251,138.24426
1194.5713,77.59311,95.79877,141.30292
1191.1016,83.26,97.91831,144.42924
1187.5549,86.09626,100.084755,147.62474
1184.937,88.99528,102.29913,150.89095
1184.3201,89.8996,104.5625,154.2294
1181.7847,87.36418,104.5625,154.2294
1180.4558,86.5649,102.33267,150.94041
1179.9596,85.0761,102.33267,150.94041
1177.4783,88.54998,102.33267,150.94041
1175.8314,83.27606,104.59678,154.27997
1171.2662,79.72533,104.59678,154.27997
1166.701,78.20358,104.59678,154.27997
1157.0634,71.60936,104.59678,154.27997
1149.0647,59.90351,106.91098,157.6934
1141.965,55.46945,109.27638,161.18237
1152.3022,47.638397,111.69412,164.74854
1177.7606,15.680031,111.69412,164.74854
1185.7386,14.826241,109.31221,161.23523
1183.3275,16.034477,106.981094,157.79684
1177.6206,14.478043,106.981094,157.79684
1171.2605,19.660988,104.69969,154.43178
1161.6133,18.137749,104.69969,154.43178
1152.4523,20.273796,102.46694,151.13847
1141.0231,18.783035,102.46694,151.13847
1133.0155,15.126022,100.28181,147.9154
1122.8027,8.803833,100.28181,147.9154
1114.9658,3.3498383,98.143265,144.76106
1108.2136,-2.9053497,96.05033,141.674
1101.6053,-9.027145,94.00203,138.65276
1096.0168,-17.654736,91.997406,135.69594
1090.5474,-29.538513,90.03553,132.80219
1086.6177,-36.961266,90.03553,132.80219
1082.9484,-43.54141,88.11549,129.97014
1071.9435,-51.62873,86.236404,127.19849
1066.8165,-62.768326,84.397385,124.48594
1060.6771,-75.45632,84.397385,124.48594
1045.4027,-81.624405,82.59759,121.83124
933.5284,-16.063305,84.42506,124.52676
923.6741,-25.511662,86.29296,127.28191
919.9077,-32.62587,86.29296,127.28191
917.8153,-38.066147,86.29296,127.28191
915.9119,-38.72577,84.452736,124.56759
911.4068,-47.3265,84.452736,124.56759
906.386,-32.971355,82.65176,121.91115
893.15875,2.7020378,82.65176,121.91115
887.14636,0.6979141,82.65176,121.91115
880.68726,-3.0245705,80.88918,119.311356
873.234,-8.908726,80.88918,119.311356
865.78076,-12.439217,80.88918,119.311356
859.8966,-15.9697075,80.88918,119.311356
853.2279,-21.853863,80.88918,119.311356
845.3941,-27.765554,79.1642,116.767006
839.94763,-31.330967,77.476,114.27692
835.81464,-70.03059,77.476,114.27692
831.68164,-80.9266,77.476,114.27692
726.74414,-2.278885,79.190155,116.80529
717.91125,-7.27137,79.190155,116.80529
709.8465,-10.727707,79.190155,116.80529
703.3179,-14.184044,79.190155,116.80529
696.78925,-16.872307,79.190155,116.80529
693.5619,-18.958263,77.5014,114.314384
688.6759,-22.340893,77.5014,114.314384
686.0449,-26.475218,77.5014,114.314384
683.2379,-32.809067,79.216125,116.84359
682.76013,-37.688774,80.96878,119.42876
679.0127,-42.676445,82.760216,122.07112
682.6249,-47.894,82.760216,122.07112
678.21,-53.11156,82.760216,122.07112
674.3797,-62.373592,84.591286,124.77194
677.25134,-67.70659,84.591286,124.77194
669.08014,-72.06618,86.46287,127.532524
664.4678,-75.00133,86.46287,127.532524
583.90063,11.899094,88.37586,130.35419
577.47186,7.1846695,88.37586,130.35419
571.90027,7.6132507,88.37586,130.35419
567.18585,6.3274994,88.37586,130.35419
564.1858,5.041748,88.37586,130.35419
561.1857,5.4703293,88.37586,130.35419
558.18567,5.8989105,88.37586,130.35419
559.47144,7.184662,88.37586,130.35419
556.6959,5.682934,86.49122,127.57435
553.7598,6.102375,86.49122,127.57435
554.2778,7.8669357,84.64677,124.85379
548.9413,2.5304413,84.64677,124.85379
544.7002,0.30075455,82.84165,122.191246
539.0007,-0.3324852,81.07503,119.58548
533.4227,-3.2260246,79.34608,117.035286
528.70544,0.6180763,77.654,114.539474
523.8098,-5.7839127,77.654,114.539474
521.37103,-0.56988144,75.998,112.096886
523.24713,-5.4136314,74.37732,109.70638
518.13,-0.41960907,72.7912,107.36686
514.4829,-5.058979,71.23891,105.07723
513.4465,-10.241138,71.23891,105.07723
508.95526,-14.041389,71.23891,105.07723
505.15503,-17.84164,71.23891,105.07723
501.3548,-23.714754,71.23891,105.07723
496.1726,-28.896914,71.23891,105.07723
491.27136,-33.437344,69.71972,102.836426
485.5235,-37.83277,69.71972,102.836426
479.42322,-42.27638,68.232925,100.64341
470.48892,-49.88707,68.232925,100.64341
462.87823,-57.49776,68.232925,100.64341
454.60574,-62.461254,68.232925,100.64341
440.98102,-64.89646,66.77784,98.49716
427.05576,-65.868,66.77784,98.49716
434.0447,-61.245834,68.2553,100.676414
429.7416,-56.280716,68.2553,100.676414
423.45245,-42.047367,68.2553,100.676414
417.1633,-28.476034,68.2553,100.676414
409.5501,-14.242687,68.2553,100.676414
401.2749,7.9348564,68.2553,100.676414
392.33768,32.760464,68.2553,100.676414
382.07642,58.24809,68.2553,100.676414
369.8291,92.34192,68.2553,100.676414
360.22986,124.44971,68.2553,100.676414
351.29263,159.86757,68.2553,100.676414
339.70734,198.59552,68.2553,100.676414
332.09415,213.49089,68.2553,100.676414
301.23657,237.2165,66.799736,98.52946
284.71515,247.90685,66.799736,98.52946
261.71475,261.18875,66.799736,98.52946
240.01016,258.9211,66.799736,98.52946
208.56168,265.90427,65.37521,96.42828
184.14952,268.75763,65.37521,96.42828
162.90778,275.4155,65.37521,96.42828
158.15216,272.56213,65.37521,96.42828
135.9306,285.508,63.981068,94.37192
49.271393,332.4294,65.39665,96.4599
47.051376,346.06665,65.39665,96.4599
6.1396866,370.48682,65.39665,96.4599
-10.668993,412.0328,65.39665,96.4599
-7.2205563,429.26245,64.00205,94.40286
-28.636892,471.164,64.00205,94.40286
-40.121014,470.23285,64.00205,94.40286
-48.50132,472.40552,64.00205,94.40286
-51.915516,472.09515,64.00205,94.40286
-54.70895,482.9585,64.00205,94.40286
-51.334053,489.64914,62.637188,92.389694
-49.202255,500.29614,61.30143,90.41946
-49.981316,503.26605,59.99416,88.491234
-47.378616,514.58545,58.714767,86.60413
-50.510765,516.5786,58.714767,86.60413
-48.501534,535.4136,60.013832,88.52025
-53.44922,556.07745,60.013832,88.52025
-51.999443,565.6666,61.341637,90.47876
-51.75213,577.937,62.698822,92.480606
-57.808624,593.0026,64.08604,94.52674
-54.325806,597.4385,65.50394,96.61815
-50.106777,609.8823,66.95321,98.75583
-38.439365,625.01843,65.52541,96.64983
-35.537697,624.9383,66.97517,98.78821
-42.358498,625.9127,66.97517,98.78821
-40.06659,620.43915,68.45699,100.9739
-37.09675,628.23553,66.99712,98.8206
-40.670723,628.5604,66.99712,98.8206
-41.74897,627.8043,68.47944,101.00701
-45.402016,624.1513,68.47944,101.00701
-47.06249,622.49084,68.47944,101.00701
-45.402016,624.1513,68.47944,101.00701
-16.183693,637.71185,67.0191,98.853004
-17.158731,628.9365,67.0191,98.853004
-18.783796,629.26154,67.0191,98.853004
-18.382462,626.8696,65.5899,96.744934
-4.0687733,629.7324,65.5899,96.744934
-11.724573,625.6921,67.04108,98.885414
-8.798498,627.9679,67.04108,98.885414
-32.213017,627.45544,65.611404,96.77665
-49.07689,623.9554,65.611404,96.77665
-45.511177,624.53534,67.06306,98.91783
-42.60181,624.64966,65.63292,96.80838
-48.95807,626.60223,64.23328,94.74391
-14.345621,633.3171,62.863483,92.72347
-33.069714,628.1795,64.25434,94.77498
-31.511686,627.8679,64.25434,94.77498
-29.95947,627.1428,65.67597,96.87187
-35.642654,622.4363,67.12905,99.01516
-40.88869,626.9436,65.6975,96.90363
-47.57937,625.9878,65.6975,96.90363
-45.349144,626.9436,65.6975,96.90363
-43.756123,627.2622,65.6975,96.90363
-45.20523,629.83093,64.296486,94.837135
-40.612648,633.547,62.925343,92.814705
-46.41069,629.5799,62.925343,92.814705
-45.49521,628.0541,62.925343,92.814705
-42.177086,634.0439,61.58344,90.8354
-43.073044,631.9533,61.58344,90.8354
-48.402092,628.77954,62.945972,92.84514
-38.328506,629.6953,62.945972,92.84514
-44.424545,628.03723,61.60363,90.86519
-39.94329,631.92096,61.60363,90.86519
1.218935,628.1262,62.96661,92.87558
63.992493,614.6947,61.62383,90.89498
58.65995,625.16125,62.987255,92.90604
99.89709,584.53503,62.987255,92.90604
157.98051,524.5808,61.64403,90.92479
155.29,510.53033,61.64403,90.92479
102.9744,566.4333,61.64403,90.92479
19.480618,631.4908,63.007904,92.9365
8.174881,631.7963,63.007904,92.9365
-7.408701,635.7686,63.007904,92.9365
-14.0997715,635.287,61.66424,90.954605
-15.712708,632.109,63.028564,92.96697
-21.166805,628.8607,64.42307,95.023865
-23.978617,632.29736,64.42307,95.023865
-18.532652,628.9772,65.848434,97.12627
-34.180103,625.4645,65.848434,97.12627
-40.557236,630.5014,64.4442,95.05502
-47.120277,628.3137,64.4442,95.05502
-42.43239,631.12646,64.4442,95.05502
-7.154051,623.9143,65.870026,97.15812
-20.251108,625.51154,65.870026,97.15812
-40.793472,629.9343,64.465324,95.08619
-48.318005,625.3146,65.89162,97.18997
-46.72028,626.2732,65.89162,97.18997
-45.09371,628.2335,64.48646,95.11736
-49.15921,627.29535,64.48646,95.11736
-46.964478,630.4195,63.111263,93.08896
-18.13152,632.8826,64.5076,95.14855
-16.567352,633.19543,64.5076,95.14855
-17.505852,634.1339,64.5076,95.14855
-27.974495,630.62555,63.131954,93.119484
-39.155113,629.2778,64.52875,95.179756
-16.310795,645.2375,64.52875,95.179756
-14.746117,651.1833,64.52875,95.179756
-8.930445,644.65753,63.152653,93.15002
3.6263142,635.77594,63.152653,93.15002
10.057825,631.79456,63.152653,93.15002
7.4840794,634.8541,61.805904,91.16357
5.2454967,627.9372,63.17336,93.18056
-10.379009,630.69446,63.17336,93.18056
-33.009613,626.803,64.57107,95.24218
-37.452103,628.12036,63.19407,93.21111
-40.823196,625.9751,63.19407,93.21111
-36.22625,628.12036,63.19407,93.21111
-39.983227,633.545,61.846436,91.22336
-45.957382,629.1129,63.214787,93.24168
-35.840775,633.09827,63.214787,93.24168
-34.307957,632.7917,63.214787,93.24168
-31.565536,636.44525,61.86671,91.25327
-31.26551,634.3451,61.86671,91.25327
-29.159939,639.07745,60.547386,89.30727
-27.6918,635.84753,60.547386,89.30727
-30.334452,634.3794,60.547386,89.30727
-29.453568,638.7838,60.547386,89.30727
-28.572683,639.6647,60.547386,89.30727
-32.389847,637.60925,60.547386,89.30727
-40.317806,634.37933,60.547386,89.30727
-38.257133,637.3127,59.256195,87.40276
-36.820305,637.60004,59.256195,87.40276
-7.1056137,649.8881,57.99254,85.53887
-15.9748125,645.6498,56.75583,83.71473
-34.735977,642.56305,55.545494,81.92949
-6.882063,648.8889,54.36097,80.18232
-16.212254,651.0144,53.201706,78.472404
-24.846117,648.6183,52.067165,76.79896
-30.39957,644.88696,53.21915,78.49814
-37.36798,641.5318,53.21915,78.49814
-34.529,641.7899,53.21915,78.49814
-7.429617,645.1451,53.21915,78.49814
-2.525919,647.4679,53.21915,78.49814
-9.2733135,644.18964,54.396626,80.23491
-6.8991165,644.981,54.396626,80.23491
-3.3954983,639.988,55.60015,82.01011
-12.293491,642.954,55.60015,82.01011
-13.1024,644.3022,55.60015,82.01011
-14.450581,645.6504,55.60015,82.01011
-15.798761,647.53784,55.60015,82.01011
4.2858543,642.4348,54.41446,80.261215
40.438248,636.8932,54.41446,80.261215
44.396538,635.5737,54.41446,80.261215
46.258614,633.31696,55.618378,82.036995
48.686134,636.28394,55.618378,82.036995
-26.08654,640.13367,56.848934,83.852066
-31.876076,640.40936,56.848934,83.852066
-17.186361,645.82086,55.636612,82.063896
-2.8862724,646.0907,55.636612,82.063896
5.477928,641.5039,55.636612,82.063896
8.501551,636.957,56.867573,83.87956
4.364813,638.88745,56.867573,83.87956
2.3050919,635.95667,58.125767,85.7354
1.5663872,639.31604,56.88622,83.90707
-11.919846,643.1357,55.673103,82.11772
-10.569897,641.2457,55.673103,82.11772
-8.664747,637.8162,56.90487,83.93458
-2.8695145,636.4364,56.90487,83.93458
1.8218651,638.92004,56.90487,83.93458
1.6306553,642.2089,55.691357,82.144646
6.3384914,637.6575,56.923527,83.9621
7.211523,640.94745,55.709614,82.17158
4.7800198,641.2176,55.709614,82.17158
4.5098534,641.48773,55.709614,82.17158
2.6186848,641.7579,55.709614,82.17158
0.34827423,644.4569,54.52159,80.41924
-1.5025654,641.54846,54.52159,80.41924
-4.9398384,647.6298,54.52159,80.41924
-11.549979,649.48065,54.52159,80.41924
-10.781521,651.6085,55.727882,82.19852
-4.196104,648.5777,54.539467,80.44561
-12.924351,650.42914,54.539467,80.44561
-31.174322,646.46173,54.539467,80.44561
-35.670692,644.0813,54.539467,80.44561
-38.58011,644.87476,54.539467,80.44561
-35.616108,640.4175,55.74615,82.22547
-31.020256,643.93195,55.74615,82.22547
-35.616108,641.49884,55.74615,82.22547
-41.000996,640.8697,56.979534,84.04471
-39.61937,640.0407,56.979534,84.04471
-35.949387,634.81067,58.240208,85.9042
-29.611551,638.7211,56.99822,84.072266
-29.335135,638.4447,56.99822,84.072266
-30.717215,638.1683,56.99822,84.072266
-31.060976,635.8043,58.259304,85.932365
-30.167458,639.17145,57.016907,84.09983
-29.890951,640.001,57.016907,84.09983
-33.677334,634.76746,58.278404,85.96054
-34.962795,638.68054,57.0356,84.1274
-33.011024,639.75867,58.297512,85.98872
-38.055725,635.58093,59.587345,87.89123
-7.834608,634.90845,60.905716,89.83582
4.6686306,628.7051,62.253254,91.82344
3.87747,633.46704,60.925686,89.86528
-11.782051,637.899,60.925686,89.86528
-7.941036,633.46704,60.925686,89.86528
0.2747059,629.10095,62.273666,91.853546
3.6590252,626.5182,63.65147,93.8858
6.4371586,626.2095,63.65147,93.8858
4.893751,624.66614,63.65147,93.8858
9.633976,622.66675,65.05976,95.96303
9.318466,624.8753,65.05976,95.96303
3.625927,629.24365,63.67234,93.91659
-34.683628,634.11414,62.31451,91.91379
-37.403408,631.9988,62.31451,91.91379
-39.033356,628.1602,63.69322,93.94738
-36.27018,631.84143,62.33494,91.943924
-39.15519,627.3744,63.714104,93.97818
-38.178013,630.4611,62.35538,91.97407
-40.89958,628.34436,62.35538,91.97407
-45.435516,629.8563,62.35538,91.97407
-43.318745,629.55396,62.35538,91.97407
-41.779472,633.15784,61.025635,90.012695
-41.533436,628.78455,62.375828,92.00423
-38.244286,634.139,61.045643,90.042206
-44.14109,628.5357,62.39628,92.03439
-42.017494,633.8919,61.06566,90.07173
-41.72135,633.0035,61.06566,90.07173
-37.871513,635.66876,61.06566,90.07173
-35.206238,633.59576,61.06566,90.07173
-33.725533,636.26105,61.06566,90.07173
-39.624268,632.49945,62.416737,92.06457
-35.083862,634.6183,62.416737,92.06457
-40.485016,632.6577,63.797707,94.101494
-46.06713,630.9772,62.437202,92.09475
-43.94758,632.49115,62.437202,92.09475
-42.433617,632.79395,62.437202,92.09475
-46.36992,630.0688,62.437202,92.09475
-50.51626,626.85095,63.818626,94.13235
-55.396523,623.5619,65.23061,96.21503
-50.018753,625.77625,65.23061,96.21503
-49.069733,624.1946,65.23061,96.21503
-46.84967,627.9646,63.83955,94.163216
-49.16191,625.3169,65.252,96.246574
-46.946808,625.0004,65.252,96.246574
-46.630367,625.3169,65.252,96.246574
-44.40958,629.6982,63.86048,94.194084
-47.816223,628.1497,63.86048,94.194084
-44.409576,629.0788,63.86048,94.194084
-47.816223,628.7691,63.86048,94.194084
-46.26775,627.84,63.86048,94.194084
-44.691322,632.1279,62.49864,92.18536
-47.58391,627.64905,63.88142,94.22497
-43.618176,631.93835,62.51913,92.21559
-47.14083,626.8289,63.902367,94.25586
-46.883194,626.1077,65.31621,96.34127
-45.93293,627.058,65.31621,96.34127
-44.32057,629.6118,63.92332,94.286766
-47.11057,628.0618,63.92332,94.286766
-44.32057,628.9918,63.92332,94.286766
-47.11057,628.0618,63.92332,94.286766
-44.32057,628.3718,63.92332,94.286766
-47.11057,628.0618,63.92332,94.286766
-46.852844,626.69714,65.33762,96.37286
-45.90227,627.6477,65.33762,96.37286
-45.638847,623.62286,66.78322,98.50511
-42.74162,626.234,65.35905,96.40446
-39.25503,625.28314,65.35905,96.40446
-37.036293,625.6001,65.35905,96.40446
-41.790733,624.64923,65.35905,96.40446
-37.67022,625.6001,65.35905,96.40446
-43.692505,625.91705,65.35905,96.40446
-44.523136,629.6945,63.965244,94.3486
-44.212933,629.38434,63.965244,94.3486
-47.00476,628.45374,63.965244,94.3486
-46.1032,625.80084,65.38048,96.436066
-44.48925,629.5795,63.98622,94.37954
-46.040775,628.6486,63.98622,94.37954
-44.48925,629.5795,63.98622,94.37954
-45.420166,628.6486,63.98622,94.37954
-44.48925,628.9589,63.98622,94.37954
-44.799557,628.028,63.98622,94.37954
-45.730473,627.0971,63.98622,94.37954
-43.552765,631.39343,62.621696,92.36687
-44.463825,631.0897,62.621696,92.36687
-42.332558,633.53815,61.28627,90.39712
-41.440926,632.05206,61.28627,90.39712
-38.209232,633.87537,59.97932,88.469376
-34.42788,633.00275,59.97932,88.469376
-40.236614,637.5907,58.700245,86.58274
-42.798645,635.598,58.700245,86.58274
-39.667274,637.02136,58.700245,86.58274
-37.66947,639.31647,57.448444,84.736336
-35.714268,638.8773,56.22334,82.929306
