721.0,227.0,33.0,100.0
719.73315,229.28033,33.0,100.0
719.4798,230.54718,33.0,100.0
717.70624,229.28033,33.0,100.0
717.4529,231.05392,33.0,100.0
716.18604,230.29382,33.0,100.0
714.50665,229.97618,33.730125,102.2125
713.72974,230.7531,33.730125,102.2125
712.4349,231.01207,33.730125,102.2125
712.1759,232.30696,33.730125,102.2125
711.399,233.08388,33.730125,102.2125
710.6221,233.34285,33.730125,102.2125
709.84515,234.63774,33.730125,102.2125
708.03235,234.37877,33.730125,102.2125
707.25543,236.1916,33.730125,102.2125
705.9606,235.93263,33.730125,102.2125
704.6657,236.70955,33.730125,102.2125
703.37085,236.96852,33.730125,102.2125
703.6298,236.70955,33.730125,102.2125
702.8529,236.45058,33.730125,102.2125
701.1363,235.58853,34.476406,104.47395
701.02954,234.15816,35.239197,106.78544
699.1356,234.42873,35.239197,106.78544
698.8651,235.2404,35.239197,106.78544
699.1356,234.96983,35.239197,106.78544
697.2417,235.2404,35.239197,106.78544
696.00977,233.77838,36.018864,109.14806
695.7332,235.16113,36.018864,109.14806
694.90356,234.33148,36.018864,109.14806
694.0739,234.60803,36.018864,109.14806
694.35046,234.88458,36.018864,109.14806
692.51746,232.81639,36.81578,111.562965
691.8169,231.28894,37.63033,114.031296
689.90186,230.92674,38.462902,116.55424
688.4253,231.22206,38.462902,116.55424
688.7206,231.51738,38.462902,116.55424
687.83466,232.99394,38.462902,116.55424
686.3581,232.69862,38.462902,116.55424
686.0628,234.17519,38.462902,116.55424
685.7675,233.28926,38.462902,116.55424
684.8816,234.76582,38.462902,116.55424
683.99567,233.28926,38.462902,116.55424
683.10974,234.17519,38.462902,116.55424
682.2238,235.06111,38.462902,116.55424
681.3379,233.58455,38.462902,116.55424
680.45197,235.65175,38.462902,116.55424
679.56604,237.12831,38.462902,116.55424
679.27075,236.24239,38.462902,116.55424
678.3848,237.12831,38.462902,116.55424
677.4989,236.833,38.462902,116.55424
676.613,237.12831,38.462902,116.55424
676.3177,239.19551,38.462902,116.55424
675.43176,238.30959,38.462902,116.55424
673.9552,239.78615,38.462902,116.55424
672.47864,238.90022,38.462902,116.55424
672.18335,240.37679,38.462902,116.55424
670.7068,241.26271,38.462902,116.55424
670.4115,242.14864,38.462902,116.55424
668.93494,241.85332,38.462902,116.55424
668.049,242.73924,38.462902,116.55424
667.1631,243.03456,38.462902,116.55424
666.8678,243.92049,38.462902,116.55424
665.39124,244.2158,38.462902,116.55424
666.27716,245.10173,38.462902,116.55424
664.8006,244.2158,38.462902,116.55424
663.9147,245.10173,38.462902,116.55424
663.02875,244.80641,38.462902,116.55424
662.73346,245.10173,38.462902,116.55424
662.4382,245.98766,38.462902,116.55424
661.55225,245.69234,38.462902,116.55424
660.6663,246.57826,38.462902,116.55424
660.37103,246.87358,38.462902,116.55424
658.41364,243.43948,39.313892,119.133
658.1118,244.34503,39.313892,119.133
656.6026,244.04318,39.313892,119.133
656.9044,244.94873,39.313892,119.133
655.3952,244.04318,39.313892,119.133
655.0934,245.55243,39.313892,119.133
653.58417,245.85428,39.313892,119.133
653.28235,247.36353,39.313892,119.133
652.37683,247.06168,39.313892,119.133
652.075,246.75983,39.313892,119.133
650.5658,247.06168,39.313892,119.133
651.4713,247.36353,39.313892,119.133
649.9621,247.66537,39.313892,119.133
648.4529,248.57092,39.313892,119.133
648.7547,248.87277,39.313892,119.133
647.8492,249.17462,39.313892,119.133
646.33997,248.26907,39.313892,119.133
646.6418,249.17462,39.313892,119.133
645.73627,248.87277,39.313892,119.133
644.83075,249.77832,39.313892,119.133
643.92523,250.08017,39.313892,119.133
641.8123,249.17462,39.313892,119.133
643.32153,250.08017,39.313892,119.133
640.6049,248.57092,39.313892,119.133
640.90674,250.08017,39.313892,119.133
639.3975,249.17462,39.313892,119.133
639.0957,249.47647,39.313892,119.133
638.1902,249.17462,39.313892,119.133
637.28467,249.47647,39.313892,119.133
636.98285,251.58939,39.313892,119.133
636.07733,250.68384,39.313892,119.133
635.7755,250.98569,39.313892,119.133
634.87,250.08014,39.313892,119.133
633.3608,250.98569,39.313892,119.133
633.6626,250.08014,39.313892,119.133
633.9644,250.38199,39.313892,119.133
632.4552,250.68384,39.313892,119.133
632.1534,251.58939,39.313892,119.133
631.85156,251.89124,39.313892,119.133
630.94604,252.79678,39.313892,119.133
630.6442,252.49493,39.313892,119.133
630.3424,253.40048,39.313892,119.133
629.4369,253.09863,39.313892,119.133
629.7387,253.40048,39.313892,119.133
630.0405,253.70233,39.313892,119.133
628.5313,254.60788,39.313892,119.133
629.4368,254.30603,39.313892,119.133
628.5313,255.21158,39.313892,119.133
628.8331,254.90973,39.313892,119.133
628.5313,255.81528,39.313892,119.133
627.6258,255.51343,39.313892,119.133
627.9276,254.60788,39.313892,119.133
626.4184,255.51343,39.313892,119.133
626.7202,254.60788,39.313892,119.133
627.02203,254.90973,39.313892,119.133
625.5128,255.21158,39.313892,119.133
626.41833,253.70233,39.313892,119.133
626.1165,254.60788,39.313892,119.133
625.211,254.30603,39.313892,119.133
625.5128,254.60788,39.313892,119.133
625.211,254.90973,39.313892,119.133
624.9092,255.21158,39.313892,119.133
624.00366,253.70233,39.313892,119.133
623.09814,254.00418,39.313892,119.133
623.39996,253.09863,39.313892,119.133
623.09814,253.40048,39.313892,119.133
622.1926,253.70233,39.313892,119.133
622.49445,254.00418,39.313892,119.133
623.39996,252.49493,39.313892,119.133
623.09814,252.19308,39.313892,119.133
623.39996,252.49493,39.313892,119.133
622.0255,250.2375,40.183712,121.76882
622.9511,249.92897,40.183712,121.76882
623.46686,248.26181,41.072777,124.46296
622.5208,249.20786,41.072777,124.46296
624.0976,248.89252,41.072777,124.46296
622.5208,248.57718,41.072777,124.46296
623.46686,248.26184,41.072777,124.46296
623.1515,249.20789,41.072777,124.46296
622.20544,248.26184,41.072777,124.46296
622.5208,247.9465,41.072777,124.46296
621.57477,247.63116,41.072777,124.46296
622.5208,246.68512,41.072777,124.46296
620.94403,247.63116,41.072777,124.46296
621.8901,247.31583,41.072777,124.46296
620.3133,246.36978,41.072777,124.46296
619.36725,246.68512,41.072777,124.46296
618.4212,246.36978,41.072777,124.46296
618.7366,245.42374,41.072777,124.46296
617.7905,244.47769,41.072777,124.46296
618.1059,244.16235,41.072777,124.46296
617.15985,243.84702,41.072777,124.46296
616.8445,243.53168,41.072777,124.46296
617.15985,243.21634,41.072777,124.46296
615.58307,243.53168,41.072777,124.46296
615.89844,242.58563,41.072777,124.46296
614.9524,242.2703,41.072777,124.46296
614.637,242.58563,41.072777,124.46296
613.691,242.90097,41.072777,124.46296
612.9094,241.85127,41.98151,127.216705
611.94244,242.1736,41.98151,127.216705
610.97546,243.14058,41.98151,127.216705
611.2978,244.10756,41.98151,127.216705
609.0415,244.42989,41.98151,127.216705
608.0745,244.10756,41.98151,127.216705
607.7522,245.07454,41.98151,127.216705
607.4299,244.75221,41.98151,127.216705
605.81824,244.42989,41.98151,127.216705
605.4959,243.4629,41.98151,127.216705
603.8843,243.14058,41.98151,127.216705
604.2066,242.81825,41.98151,127.216705
601.9503,243.14058,41.98151,127.216705
602.27264,242.81825,41.98151,127.216705
600.661,243.14058,41.98151,127.216705
601.628,243.4629,41.98151,127.216705
600.01636,243.14058,41.98151,127.216705
599.0494,244.75221,41.98151,127.216705
598.72705,245.07454,41.98151,127.216705
599.0494,245.39687,41.98151,127.216705
597.43774,245.7192,41.98151,127.216705
597.1154,246.04152,41.98151,127.216705
596.14844,246.36385,41.98151,127.216705
595.18146,246.04152,41.98151,127.216705
594.2145,245.7192,41.98151,127.216705
593.2475,246.04152,41.98151,127.216705
592.9252,246.36385,41.98151,127.216705
592.12634,244.6221,42.91035,130.03137
589.8201,242.9748,42.91035,130.03137
590.1496,244.6221,42.91035,130.03137
588.5023,243.63373,42.91035,130.03137
587.5139,245.93994,42.91035,130.03137
587.18445,246.92831,42.91035,130.03137
585.5372,246.59885,42.91035,130.03137
585.2077,246.26938,42.91035,130.03137
584.2193,248.57559,42.91035,130.03137
583.2309,247.58722,42.91035,130.03137
582.2425,247.91669,42.91035,130.03137
581.913,248.90506,42.91035,130.03137
581.09656,248.49203,43.85974,132.90831
579.4128,249.50229,43.85974,132.90831
579.7495,249.83905,43.85974,132.90831
578.06573,248.8288,43.85974,132.90831
579.076,249.83905,43.85974,132.90831
576.71875,249.50229,43.85974,132.90831
577.729,251.18604,43.85974,132.90831
576.71875,251.5228,43.85974,132.90831
575.7085,252.53305,43.85974,132.90831
575.37177,252.86981,43.85974,132.90831
573.688,252.53305,43.85974,132.90831
574.0247,253.5433,43.85974,132.90831
573.01447,253.88007,43.85974,132.90831
572.67773,253.5433,43.85974,132.90831
571.6675,254.55356,43.85974,132.90831
570.6572,254.2168,43.85974,132.90831
569.647,253.88004,43.85974,132.90831
569.31024,253.54327,43.85974,132.90831
568.3,254.55353,43.85974,132.90831
568.6367,254.21677,43.85974,132.90831
568.3,255.22702,43.85974,132.90831
567.96326,255.56378,43.85974,132.90831
569.64703,256.57404,43.85974,132.90831
569.3103,256.9108,43.85974,132.90831
568.9736,257.24756,43.85974,132.90831
571.3308,258.9313,43.85974,132.90831
570.32056,258.59454,43.85974,132.90831
572.00433,259.6048,43.85974,132.90831
574.3616,261.28854,43.85974,132.90831
574.6983,262.2988,43.85974,132.90831
577.72906,263.98254,43.85974,132.90831
578.7393,262.9723,43.85974,132.90831
581.09656,263.98254,43.85974,132.90831
580.0863,261.6253,43.85974,132.90831
583.11707,263.30905,43.85974,132.90831
583.4538,264.3193,43.85974,132.90831
585.81104,262.63556,43.85974,132.90831
588.1683,262.97232,43.85974,132.90831
589.1785,263.98257,43.85974,132.90831
590.1888,262.29883,43.85974,132.90831
593.57764,267.28632,42.92442,130.074
594.56635,264.97937,42.92442,130.074
596.2142,266.6272,42.92442,130.074
596.54376,263.66107,42.92442,130.074
599.5099,265.96802,42.92442,130.074
600.4986,264.9793,42.92442,130.074
602.1464,265.96802,42.92442,130.074
603.13513,266.2976,42.92442,130.074
604.78296,267.28632,42.92442,130.074
607.08997,268.27502,42.92442,130.074
608.0787,267.94543,42.92442,130.074
610.3857,266.95673,42.92442,130.074
612.0335,266.6272,42.92442,130.074
614.3405,265.6385,42.92442,130.074
613.3518,265.96802,42.92442,130.074
615.6588,266.2976,42.92442,130.074
617.30664,267.28632,42.92442,130.074
618.29535,267.61584,42.92442,130.074
619.9432,266.62714,42.92442,130.074
621.591,265.63843,42.92442,130.074
622.5797,265.96802,42.92442,130.074
623.5684,266.29755,42.92442,130.074
625.8754,265.30884,42.92442,130.074
626.42633,262.84412,43.874123,132.95189
628.78436,263.18097,43.874123,132.95189
629.7949,264.19156,43.874123,132.95189
632.15295,265.20215,43.874123,132.95189
634.511,266.88644,43.874123,132.95189
636.1953,268.57074,43.874123,132.95189
637.2059,268.9076,43.874123,132.95189
638.21643,269.24445,43.874123,132.95189
639.90076,268.9076,43.874123,132.95189
640.9113,270.5919,43.874123,132.95189
641.9219,271.60248,43.874123,132.95189
643.6062,271.93933,43.874123,132.95189
644.61676,272.27618,43.874123,132.95189
645.6273,271.93933,43.874123,132.95189
646.6379,273.62363,43.874123,132.95189
647.64844,273.28677,43.874123,132.95189
650.0065,273.62363,43.874123,132.95189
651.6908,274.63422,43.874123,132.95189
652.02765,274.97107,43.874123,132.95189
654.3857,275.98166,43.874123,132.95189
656.07,276.3185,43.874123,132.95189
656.40686,275.30792,43.874123,132.95189
658.0912,276.3185,43.874123,132.95189
659.10175,276.65536,43.874123,132.95189
660.7861,276.99222,43.874123,132.95189
661.1229,277.32907,43.874123,132.95189
662.1335,278.33966,43.874123,132.95189
662.47034,278.0028,43.874123,132.95189
664.82837,279.0134,43.874123,132.95189
664.4915,278.0028,43.874123,132.95189
666.17584,278.33966,43.874123,132.95189
666.5127,277.32907,43.874123,132.95189
668.197,277.66592,43.874123,132.95189
669.2076,278.00278,43.874123,132.95189
670.21814,278.33963,43.874123,132.95189
671.2287,278.00278,43.874123,132.95189
671.56555,278.33963,43.874123,132.95189
671.2287,278.00278,43.874123,132.95189
672.913,278.33963,43.874123,132.95189
673.2499,280.02393,43.874123,132.95189
672.913,280.36078,43.874123,132.95189
672.5762,279.3502,43.874123,132.95189
673.58673,280.36078,43.874123,132.95189
672.5762,276.6553,43.874123,132.95189
674.2605,276.31845,43.874123,132.95189
674.59735,277.32904,43.874123,132.95189
674.2605,277.6659,43.874123,132.95189
675.27106,279.3502,43.874123,132.95189
674.9342,281.0345,43.874123,132.95189
675.27106,279.3502,43.874123,132.95189
676.9554,280.36078,43.874123,132.95189
679.9871,280.02393,43.874123,132.95189
680.9977,281.03452,43.874123,132.95189
682.00824,282.0451,43.874123,132.95189
683.69257,282.38196,43.874123,132.95189
684.0294,283.39255,43.874123,132.95189
685.04,284.40314,43.874123,132.95189
685.37683,284.06628,43.874123,132.95189
686.3874,284.40314,43.874123,132.95189
687.39795,284.74,43.874123,132.95189
688.4085,285.75058,43.874123,132.95189
688.74536,286.08743,43.874123,132.95189
689.0822,285.75058,43.874123,132.95189
690.76654,286.08743,43.874123,132.95189
691.1034,286.4243,43.874123,132.95189
691.44025,287.43488,43.874123,132.95189
692.4508,287.09802,43.874123,132.95189
692.78766,286.76117,43.874123,132.95189
692.4508,287.77176,43.874123,132.95189
693.46136,287.4349,43.874123,132.95189
693.1245,287.77176,43.874123,132.95189
693.46136,288.1086,43.874123,132.95189
692.6265,284.89038,44.844837,135.89345
691.59357,286.61194,44.844837,135.89345
691.24927,285.579,44.844837,135.89345
690.39594,283.004,45.83703,138.90009
692.1556,284.76364,45.83703,138.90009
690.39594,285.81943,45.83703,138.90009
691.7145,283.18744,46.851173,141.97325
691.35474,283.54715,46.851173,141.97325
692.4339,284.6263,46.851173,141.97325
692.07416,284.98602,46.851173,141.97325
691.7144,285.34573,46.851173,141.97325
691.3547,285.70544,46.851173,141.97325
693.15326,286.7846,46.851173,141.97325
692.7935,287.14432,46.851173,141.97325
692.4338,286.06516,46.851173,141.97325
694.23236,285.70544,46.851173,141.97325
693.1532,286.06516,46.851173,141.97325
694.23236,285.70544,46.851173,141.97325
694.5921,287.50403,46.851173,141.97325
694.23236,287.86374,46.851173,141.97325
695.3115,287.50403,46.851173,141.97325
694.9518,287.14432,46.851173,141.97325
694.59204,286.7846,46.851173,141.97325
694.2323,287.14432,46.851173,141.97325
696.7503,287.50403,46.851173,141.97325
694.9517,287.86374,46.851173,141.97325
694.592,288.22345,46.851173,141.97325
693.5128,287.86374,46.851173,141.97325
696.0308,288.22345,46.851173,141.97325
693.5128,287.86374,46.851173,141.97325
693.87256,288.9429,46.851173,141.97325
690.63513,290.02206,46.851173,141.97325
692.4337,289.66235,46.851173,141.97325
690.63513,290.74152,46.851173,141.97325
688.83655,291.10123,46.851173,141.97325
689.9157,291.46094,46.851173,141.97325
688.1171,291.82065,46.851173,141.97325
687.7574,292.8998,46.851173,141.97325
685.2394,292.5401,46.851173,141.97325
686.31854,292.8998,46.851173,141.97325
683.80054,292.5401,46.851173,141.97325
683.4408,292.8998,46.851173,141.97325
683.08105,293.25952,46.851173,141.97325
681.2825,292.18036,46.851173,141.97325
680.2033,291.82065,46.851173,141.97325
679.84357,292.8998,46.851173,141.97325
678.7644,293.97897,46.851173,141.97325
677.68524,293.61926,46.851173,141.97325
677.3255,293.25955,46.851173,141.97325
676.96576,292.89984,46.851173,141.97325
676.606,294.69843,46.851173,141.97325
674.80743,295.05814,46.851173,141.97325
675.1672,295.41785,46.851173,141.97325
676.24634,295.77756,46.851173,141.97325
675.8866,297.57614,46.851173,141.97325
674.088,298.6553,46.851173,141.97325
673.00885,298.2956,46.851173,141.97325
672.6491,299.37476,46.851173,141.97325
672.28937,299.73447,46.851173,141.97325
672.6491,300.81363,46.851173,141.97325
671.56995,301.8928,46.851173,141.97325
673.3685,302.2525,46.851173,141.97325
671.56995,302.6122,46.851173,141.97325
671.9297,303.69138,46.851173,141.97325
670.1311,304.0511,46.851173,141.97325
671.21027,304.4108,46.851173,141.97325
668.69226,304.0511,46.851173,141.97325
666.8937,303.69138,46.851173,141.97325
665.8145,304.77054,46.851173,141.97325
664.73535,305.13025,46.851173,141.97325
663.6562,304.77054,46.851173,141.97325
661.8576,307.28857,46.851173,141.97325
660.96606,303.852,47.887756,145.11441
660.0549,301.10226,48.947273,148.32507
658.9274,302.98132,48.947273,148.32507
657.8,302.6055,48.947273,148.32507
657.4242,302.22968,48.947273,148.32507
657.0484,303.35712,48.947273,148.32507
655.1694,302.9813,48.947273,148.32507
654.04193,302.60547,48.947273,148.32507
652.1629,302.9813,48.947273,148.32507
650.45166,300.95056,50.03023,151.60677
650.0675,302.10294,50.03023,151.60677
648.14685,302.48706,50.03023,151.60677
649.29926,303.63943,50.03023,151.60677
647.3786,304.02356,50.03023,151.60677
646.99445,304.40768,50.03023,151.60677
644.30554,304.7918,50.03023,151.60677
645.45795,304.40768,50.03023,151.60677
643.70886,303.12906,51.13715,154.96106
642.531,304.30695,51.13715,154.96106
641.35315,303.9143,51.13715,154.96106
642.531,303.52167,51.13715,154.96106
640.5679,303.9143,51.13715,154.96106
641.4916,308.97253,50.046635,151.65646
640.3388,307.05127,50.046635,151.65646
642.2601,307.4355,50.046635,151.65646
640.3388,309.35675,50.046635,151.65646
642.2601,309.74103,50.046635,151.65646
641.8758,309.35675,50.046635,151.65646
640.723,309.74103,50.046635,151.65646
642.6443,310.12524,50.046635,151.65646
642.26,310.50952,50.046635,151.65646
644.1813,310.89374,50.046635,151.65646
645.33405,311.278,50.046635,151.65646
645.7183,311.66223,50.046635,151.65646
646.1026,312.0465,50.046635,151.65646
647.2554,313.19922,50.046635,151.65646
646.8711,313.5835,50.046635,151.65646
648.02386,314.7362,50.046635,151.65646
646.1026,315.12048,50.046635,151.65646
648.02386,317.04175,50.046635,151.65646
647.6396,317.42596,50.046635,151.65646
648.79236,318.57874,50.046635,151.65646
649.17664,318.96295,50.046635,151.65646
651.0979,319.34723,50.046635,151.65646
651.4822,321.2685,50.046635,151.65646
651.86646,320.88422,50.046635,151.65646
654.10345,319.6052,51.153915,155.01186
655.28174,319.99796,51.153915,155.01186
657.2455,320.39072,51.153915,155.01186
657.63824,321.56897,51.153915,155.01186
657.2455,322.74722,51.153915,155.01186
657.9021,318.18,52.285694,158.4415
659.9093,320.9901,52.285694,158.4415
661.9165,322.1944,52.285694,158.4415
662.31793,322.59583,52.285694,158.4415
665.12805,325.40594,52.285694,158.4415
667.9382,327.41315,52.285694,158.4415
670.7483,330.2232,52.285694,158.4415
675.96704,331.42755,52.285694,158.4415
679.58,332.63184,52.285694,158.4415
683.193,333.03326,52.285694,158.4415
685.2002,333.4347,52.285694,158.4415
688.0103,333.03326,52.285694,158.4415
689.21466,331.82898,52.285694,158.4415
690.419,330.62463,52.285694,158.4415
690.82043,329.42035,52.285694,158.4415
692.32446,327.25107,53.442516,161.94702
694.3761,328.48206,53.442516,161.94702
695.91345,327.11624,54.62493,165.5301
699.6881,328.37445,54.62493,165.5301
701.78516,328.79385,54.62493,165.5301
705.5598,329.21326,54.62493,165.5301
703.6501,328.68747,55.833508,169.19246
709.22296,331.68826,55.833508,169.19246
709.6517,332.9743,55.833508,169.19246
714.3672,335.1177,55.833508,169.19246
716.8628,331.9117,57.068825,172.93584
720.8063,333.22623,57.068825,172.93584
724.74976,334.54074,57.068825,172.93584
727.81696,335.85526,57.068825,172.93584
731.76044,338.04608,57.068825,172.93584
734.82764,340.2369,57.068825,172.93584
737.0185,341.55142,57.068825,172.93584
740.962,342.86594,57.068825,172.93584
743.15283,345.05676,57.068825,172.93584
744.79456,340.8707,58.331474,176.76204
748.8253,342.2143,58.331474,176.76204
748.64465,339.7942,59.62206,180.6729
750.93353,342.9986,59.62206,180.6729
754.13794,344.37192,59.62206,180.6729
757.34235,348.49185,59.62206,180.6729
758.71564,351.69626,59.62206,180.6729
759.1734,354.90067,59.62206,180.6729
762.01526,358.1508,58.3506,176.81999
762.46326,359.4948,58.3506,176.81999
763.8073,359.9428,58.3506,176.81999
765.725,361.39636,57.10626,173.04926
770.1373,341.68857,55.88845,169.35893
768.85004,335.252,55.88845,169.35893
772.712,338.25574,55.88845,169.35893
777.0302,345.4383,54.696613,165.7473
779.6373,349.22946,53.530193,162.21269
779.2263,343.88647,53.530193,162.21269
785.7392,351.55823,52.388645,158.75346
789.01166,349.76172,51.271442,155.368
783.8941,354.87924,51.271442,155.368
788.2243,349.76172,51.271442,155.368
792.5545,355.66656,51.271442,155.368
796.0974,360.7841,51.271442,155.368
793.3418,357.24118,51.271442,155.368
797.672,359.99677,51.271442,155.368
795.8795,359.50323,52.405823,158.80551
794.6725,355.0772,52.405823,158.80551
791.85596,358.6985,52.405823,158.80551
792.2583,352.66302,52.405823,158.80551
790.24646,356.2843,52.405823,158.80551
787.3148,353.71152,51.288254,155.41893
779.04535,356.46802,51.288254,155.41893
771.62164,358.50476,50.194515,152.10457
764.2993,360.4317,50.194515,152.10457
756.2062,354.6509,50.194515,152.10457
747.3423,354.26553,50.194515,152.10457
742.3323,350.02628,50.194515,152.10457
734.3239,352.01956,49.124104,148.86089
727.94055,351.06207,48.07652,145.68639
721.6654,352.16946,48.07652,145.68639
714.65204,349.58557,48.07652,145.68639
700.9944,350.69296,48.07652,145.68639
691.76624,347.37082,48.07652,145.68639
685.4911,345.52518,48.07652,145.68639
679.9542,342.94128,48.07652,145.68639
673.6791,342.57214,48.07652,145.68639
670.2781,340.21194,47.051273,142.57957
666.25323,341.38403,46.04789,139.53902
662.3642,338.90918,46.04789,139.53902
658.47516,342.09113,46.04789,139.53902
654.5861,342.44467,46.04789,139.53902
651.4042,339.26273,46.04789,139.53902
647.51514,339.61627,46.04789,139.53902
643.6261,338.55563,46.04789,139.53902
639.73706,338.90918,46.04789,139.53902
636.5551,338.55563,46.04789,139.53902
632.6661,338.2021,46.04789,139.53902
630.1912,339.26273,46.04789,139.53902
627.7164,338.90918,46.04789,139.53902
626.6557,339.26273,46.04789,139.53902
622.0596,337.49496,46.04789,139.53902
617.43896,338.64206,45.065903,136.56331
615.0169,337.60403,45.065903,136.56331
609.8268,337.25803,45.065903,136.56331
604.63666,336.22,45.065903,136.56331
599.44653,333.79794,45.065903,136.56331
595.64044,331.3759,45.065903,136.56331
590.4503,330.33786,45.065903,136.56331
586.6442,328.60782,45.065903,136.56331
580.07,327.5698,45.065903,136.56331
574.8799,327.2238,45.065903,136.56331
571.0738,324.80173,45.065903,136.56331
564.4996,322.37967,45.065903,136.56331
559.30945,319.9576,45.065903,136.56331
554.1441,315.216,46.062984,139.58478
550.9611,314.155,46.062984,139.58478
550.6075,313.80133,46.062984,139.58478
550.9611,309.911,46.062984,139.58478
550.6075,304.60602,46.062984,139.58478
547.4245,309.20367,46.062984,139.58478
550.2173,305.82486,47.082127,142.6731
548.40985,306.18634,47.082127,142.6731
548.04834,304.37888,47.082127,142.6731
544.7949,306.18634,47.082127,142.6731
541.5415,305.10187,47.082127,142.6731
538.2881,302.57144,47.082127,142.6731
536.48065,300.04102,47.082127,142.6731
533.22723,300.4025,47.082127,142.6731
532.14276,297.14908,47.082127,142.6731
529.6123,293.89566,47.082127,142.6731
524.18994,297.14908,47.082127,142.6731
518.7676,293.89566,47.082127,142.6731
511.89923,297.14908,47.082127,142.6731
505.03088,299.6795,47.082127,142.6731
498.16254,302.20993,47.082127,142.6731
491.2942,299.6795,47.082127,142.6731
484.39755,299.97644,48.123817,145.82974
475.89932,302.56287,48.123817,145.82974
470.357,321.4068,48.123817,145.82974
464.07568,318.08136,48.123817,145.82974
454.83847,312.53906,48.123817,145.82974
448.55716,303.30182,48.123817,145.82974
443.01483,298.49847,48.123817,145.82974
438.95047,295.91205,48.123817,145.82974
440.05893,293.32562,48.123817,145.82974
438.95047,293.69513,48.123817,145.82974
440.05893,294.06458,48.123817,145.82974
440.4284,293.69513,48.123817,145.82974
441.53687,293.32562,48.123817,145.82974
439.68942,292.21716,48.123817,145.82974
441.53687,290.36975,48.123817,145.82974
439.0878,289.90652,49.188557,149.05623
439.46545,290.28418,49.188557,149.05623
438.33246,289.90652,49.188557,149.05623
437.9548,288.77353,49.188557,149.05623
434.55582,289.15118,49.188557,149.05623
432.6675,289.52884,49.188557,149.05623
430.02386,289.9065,49.188557,149.05623
428.13556,284.99686,49.188557,149.05623
425.3839,288.40625,48.139595,145.87756
422.79663,289.51508,48.139595,145.87756
421.6878,292.84155,48.139595,145.87756
418.36133,295.42883,48.139595,145.87756
415.77405,297.2769,48.139595,145.87756
415.40445,299.86417,48.139595,145.87756
411.33875,303.19064,48.139595,145.87756
409.4907,305.77792,48.139595,145.87756
407.64264,299.49457,48.139595,145.87756
405.05536,300.6034,48.139595,145.87756
401.72888,301.71222,48.139595,145.87756
402.09848,299.86417,48.139595,145.87756
399.5112,301.71222,48.139595,145.87756
400.62003,305.0387,48.139595,145.87756
401.72885,309.1044,48.139595,145.87756
405.44843,325.2661,47.113003,142.76668
407.25705,327.07474,47.113003,142.76668
411.23605,327.43646,47.113003,142.76668
412.78436,306.29626,46.108303,139.72214
415.9705,300.98602,46.108303,139.72214
419.86465,302.7561,46.108303,139.72214
427.29895,304.52618,46.108303,139.72214
433.3172,303.46417,46.108303,139.72214
441.4595,301.6941,46.108303,139.72214
449.6018,305.58826,46.108303,139.72214
459.1602,308.77435,46.108303,139.72214
466.59448,309.83643,46.108303,139.72214
476.86087,311.6065,46.108303,139.72214
484.29517,311.9605,46.108303,139.72214
491.72943,311.6065,46.108303,139.72214
501.28778,309.83643,46.108303,139.72214
509.4301,312.3145,46.108303,139.72214
516.8644,309.12836,46.108303,139.72214
527.1308,313.02252,46.108303,139.72214
533.85706,314.0846,46.108303,139.72214
541.9994,315.85468,46.108303,139.72214
549.43365,313.3766,46.108303,139.72214
558.10583,308.5253,47.12845,142.81349
566.4283,308.88715,47.12845,142.81349
574.02704,306.35422,47.12845,142.81349
580.9021,307.43976,47.12845,142.81349
589.22455,304.18314,47.12845,142.81349
596.0996,305.26868,47.12845,142.81349
602.9747,305.63052,47.12845,142.81349
609.84973,304.54498,47.12845,142.81349
616.0011,305.63052,47.12845,142.81349
622.15247,300.20282,47.12845,142.81349
627.58014,301.28836,47.12845,142.81349
632.2841,302.3739,47.12845,142.81349
638.4355,302.01205,47.12845,142.81349
643.86316,302.3739,47.12845,142.81349
648.56714,302.73575,47.12845,142.81349
652.5474,300.20282,47.12845,142.81349
656.5277,302.01205,47.12845,142.81349
660.508,302.3739,47.12845,142.81349
663.7646,303.45944,47.12845,142.81349
667.7449,305.26868,47.12845,142.81349
670.2778,306.35422,47.12845,142.81349
674.25806,307.43976,47.12845,142.81349
676.5044,310.00882,46.12342,139.76794
680.0682,313.88843,45.139824,136.78735
682.4942,335.72284,45.139824,136.78735
684.9202,340.9215,45.139824,136.78735
686.65314,339.18863,45.139824,136.78735
687.6929,336.76257,45.139824,136.78735
690.5125,325.1931,44.177204,133.87032
692.20844,325.5323,44.177204,133.87032
694.58276,327.2282,44.177204,133.87032
696.2787,328.92413,44.177204,133.87032
697.9746,330.62006,44.177204,133.87032
699.67053,324.1755,44.177204,133.87032
700.6881,326.5498,44.177204,133.87032
697.7361,319.08643,45.154625,136.8322
696.8769,317.9324,46.15367,139.8596
696.734,316.01758,47.17482,142.954
697.8206,316.3798,47.17482,142.954
698.1828,319.63962,47.17482,142.954
695.03046,318.43396,48.218563,146.11685
693.9198,316.5829,48.218563,146.11685
695.7709,313.9914,48.218563,146.11685
691.0123,314.29547,49.2854,149.34969
690.8597,309.1099,50.37584,152.65405
692.7936,311.81735,50.37584,152.65405
692.4068,307.56277,50.37584,152.65405
689.0406,304.67017,51.490406,156.03152
683.13885,299.25262,52.62963,159.48372
678.7835,293.7152,53.79406,163.0123
672.61774,285.4842,54.984253,166.61894
665.4396,274.4431,56.20078,170.30539
667.95166,292.7049,57.44422,174.0734
663.1979,284.83057,58.715176,177.92477
659.27435,283.32996,60.014248,181.86136
655.1273,283.79077,60.014248,181.86136
650.9803,284.25153,60.014248,181.86136
647.7548,283.79077,60.014248,181.86136
643.6078,280.5653,60.014248,181.86136
644.9901,281.02606,60.014248,181.86136
645.45087,281.48688,60.014248,181.86136
647.1773,280.90918,61.342064,185.88504
648.5902,281.3802,61.342064,185.88504
650.3548,278.83517,62.699257,189.99774
652.15845,276.2339,64.08648,194.20145
654.6187,276.7259,64.08648,194.20145
658.06305,272.2975,64.08648,194.20145
660.5233,273.77362,64.08648,194.20145
662.9836,274.26562,64.08648,194.20145
666.4279,274.7577,64.08648,194.20145
669.87225,267.37695,64.08648,194.20145
673.3166,261.96442,64.08648,194.20145
668.8882,281.1543,64.08648,194.20145
662.4916,316.08972,64.08648,194.20145
662.98364,323.4704,64.08648,194.20145
665.4439,320.02606,64.08648,194.20145
665.936,320.51813,64.08648,194.20145
666.42804,318.05786,64.08648,194.20145
665.936,316.58173,64.08648,194.20145
666.7585,311.8809,65.504395,198.49815
666.25555,306.3486,65.504395,198.49815
671.78784,294.7811,65.504395,198.49815
674.3025,286.2312,65.504395,198.49815
676.81714,277.6813,65.504395,198.49815
676.3142,280.19598,65.504395,198.49815
678.82886,273.65784,65.504395,198.49815
676.3142,279.19012,65.504395,198.49815
673.79956,277.68134,65.504395,198.49815
672.2908,280.196,65.504395,198.49815
671.78784,276.67548,65.504395,198.49815
668.2673,281.20187,65.504395,198.49815
666.7585,281.7048,65.504395,198.49815
664.24384,284.21948,65.504395,198.49815
661.7292,285.72827,65.504395,198.49815
657.20276,288.24295,65.504395,198.49815
655.694,282.71066,65.504395,198.49815
651.3167,284.16736,66.95368,202.88992
649.77454,275.42828,66.95368,202.88992
644.1199,283.13922,66.95368,202.88992
627.1558,301.1314,66.95368,202.88992
620.473,306.78607,66.95368,202.88992
615.84644,309.35638,66.95368,202.88992
616.3605,302.67358,66.95368,202.88992
609.6777,309.35638,66.95368,202.88992
611.21985,300.61737,66.95368,202.88992
604.53705,303.18768,66.95368,202.88992
599.91046,305.758,66.95368,202.88992
607.6214,295.99078,66.95368,202.88992
602.9948,300.61737,66.95368,202.88992
611.7339,289.82208,66.95368,202.88992
614.3042,292.3924,66.95368,202.88992
608.64954,300.10333,66.95368,202.88992
621.5011,290.33612,66.95368,202.88992
632.2964,284.68146,66.95368,202.88992
628.69794,288.27985,66.95368,202.88992
634.3526,285.70953,66.95368,202.88992
627.7452,289.33182,68.435036,207.37886
635.6267,282.50116,68.435036,207.37886
637.203,275.6705,68.435036,207.37886
640.88104,270.9416,68.435036,207.37886
643.50824,268.31442,68.435036,207.37886
646.7702,266.98053,66.97564,202.95645
648.97125,268.64893,65.54736,198.62834
649.4745,268.14566,65.54736,198.62834
650.65845,268.80835,64.14954,194.39253
650.1659,268.31583,64.14954,194.39253
649.4257,270.86328,62.781536,190.24706
645.91364,276.14404,61.4427,186.18997
644.4984,273.78534,61.4427,186.18997
639.30914,278.03107,61.4427,186.18997
636.9504,274.72882,61.4427,186.18997
634.5916,272.37012,61.4427,186.18997
632.0639,277.53827,60.132416,182.21942
628.8321,274.30646,60.132416,182.21942
629.02826,272.2444,58.850075,178.33354
624.058,276.31097,58.850075,178.33354
624.25,272.55084,57.595078,174.53053
619.32324,277.3954,56.366844,170.80862
617.83856,277.13098,55.164803,167.16608
614.8737,275.86032,55.164803,167.16608
609.3383,281.31693,53.988396,163.60121
608.7154,278.66647,52.83708,160.11237
607.49835,275.01538,52.83708,160.11237
611.5808,273.20346,51.71031,156.69792
612.7719,279.15884,51.71031,156.69792
615.2367,276.62024,50.607574,153.3563
616.40234,280.8944,50.607574,153.3563
619.89935,277.39734,50.607574,153.3563
621.065,280.8944,50.607574,153.3563
623.7849,276.62024,50.607574,153.3563
624.95056,276.2317,50.607574,153.3563
625.3391,275.84314,50.607574,153.3563
624.95056,275.4546,50.607574,153.3563
627.36273,279.7114,49.52835,150.08592
628.50354,278.5706,49.52835,150.08592
629.64435,277.42978,49.52835,150.08592
630.78516,280.09167,49.52835,150.08592
630.4049,277.42978,49.52835,150.08592
633.82733,275.5284,49.52835,150.08592
628.8838,278.95087,49.52835,150.08592
633.0668,275.5284,49.52835,150.08592
634.4915,271.89545,50.624165,153.40657
629.4386,276.171,50.624165,153.40657
633.7142,272.67282,50.624165,153.40657
630.88226,279.1788,49.54459,150.13513
635.06665,274.99445,49.54459,150.13513
633.9255,273.85324,49.54459,150.13513
635.82745,271.95126,49.54459,150.13513
633.1647,276.13562,49.54459,150.13513
635.82745,272.71204,49.54459,150.13513
636.4633,269.8672,50.640762,153.45688
638.4074,270.25598,50.640762,153.45688
637.24097,271.42242,50.640762,153.45688
638.1557,269.68585,49.560833,150.18437
636.2531,268.54428,49.560833,150.18437
637.39465,268.16376,49.560833,150.18437
635.3557,273.06604,48.503933,146.98164
634.9833,269.7144,48.503933,146.98164
634.4236,275.23,47.46957,143.84721
633.87585,272.8996,46.457268,140.77963
631.9646,270.6189,45.466553,137.77747
632.7859,276.46204,44.496964,134.83932
631.761,270.6541,44.496964,134.83932
629.2718,275.7141,43.548054,131.96384
628.93744,271.36743,43.548054,131.96384
625.8568,276.96405,42.619377,129.14967
626.184,273.36456,42.619377,129.14967
623.239,276.96405,42.619377,129.14967
620.9484,273.36456,42.619377,129.14967
620.6212,271.72842,42.619377,129.14967
617.6762,269.43784,42.619377,129.14967
616.6945,273.03732,42.619377,129.14967
615.0584,269.43784,42.619377,129.14967
614.0767,274.34622,42.619377,129.14967
614.40393,273.36453,42.619377,129.14967
614.0767,277.61847,42.619377,129.14967
615.7128,274.67343,42.619377,129.14967
616.6945,278.92737,42.619377,129.14967
618.9851,274.67343,42.619377,129.14967
621.2757,278.92737,42.619377,129.14967
622.9118,275.32788,42.619377,129.14967
625.57404,282.06674,41.710506,126.395515
628.45624,277.26303,41.710506,126.395515
630.0575,282.06674,41.710506,126.395515
631.65875,277.26303,41.710506,126.395515
632.6195,280.78577,41.710506,126.395515
634.22076,277.90353,41.710506,126.395515
635.1815,281.42627,41.710506,126.395515
636.7828,279.18454,41.710506,126.395515
639.02454,282.06677,41.710506,126.395515
640.6258,279.18454,41.710506,126.395515
641.58655,282.70728,41.710506,126.395515
642.5473,281.74652,41.710506,126.395515
642.86755,284.62875,41.710506,126.395515
644.4688,282.38702,41.710506,126.395515
644.14856,284.62875,41.710506,126.395515
645.7498,283.02753,41.710506,126.395515
646.7106,284.62875,41.710506,126.395515
647.6713,284.3085,41.710506,126.395515
647.9916,284.62875,41.710506,126.395515
648.95233,283.668,41.710506,126.395515
649.2726,286.55023,41.710506,126.395515
649.59283,283.668,41.710506,126.395515
649.2726,288.4717,41.710506,126.395515
649.59283,285.58948,41.710506,126.395515
649.2726,287.8312,41.710506,126.395515
648.3118,284.30847,41.710506,126.395515
646.07007,287.8312,41.710506,126.395515
646.3903,286.22998,41.710506,126.395515
646.7106,287.19073,41.710506,126.395515
648.95233,288.79196,41.710506,126.395515
648.6321,292.9552,41.710506,126.395515
646.3903,290.07297,41.710506,126.395515
644.78906,292.9552,41.710506,126.395515
643.1878,291.35397,41.710506,126.395515
646.4106,291.77567,40.82102,123.700096
641.08246,293.9696,40.82102,123.700096
643.9032,293.6562,40.82102,123.700096
639.2019,293.34277,40.82102,123.700096
637.008,294.28302,40.82102,123.700096
639.2019,293.34277,40.82102,123.700096
634.50165,298.58893,39.950497,121.06216
637.26227,294.60138,39.950497,121.06216
640.34906,297.37045,39.09854,118.48047
637.04694,295.2691,39.09854,118.48047
640.94946,291.96698,39.09854,118.48047
637.04694,294.66873,39.09854,118.48047
640.34906,290.16583,39.09854,118.48047
635.8461,292.86758,39.09854,118.48047
639.14825,288.96506,39.09854,118.48047
634.045,292.26718,39.09854,118.48047
637.9475,287.76428,39.09854,118.48047
634.045,292.26718,39.09854,118.48047
634.94556,289.56543,39.09854,118.48047
635.2457,292.26718,39.09854,118.48047
634.94556,290.16583,39.09854,118.48047
638.2477,292.86758,39.09854,118.48047
639.74866,289.56546,39.09854,118.48047
642.4504,292.2672,39.09854,118.48047
645.1521,288.3647,39.09854,118.48047
646.6531,291.6668,39.09854,118.48047
648.75446,288.3647,39.09854,118.48047
650.85583,292.86758,39.09854,118.48047
652.3568,290.16583,39.09854,118.48047
654.4582,286.2633,39.09854,118.48047
655.5829,289.62436,39.963596,121.10185
658.95807,286.24918,39.963596,121.10185
661.7196,290.8517,39.963596,121.10185
663.86743,287.47653,39.963596,121.10185
667.2426,284.71503,39.963596,121.10185
668.3923,288.15045,40.84779,123.78123
671.2149,283.44608,40.84779,123.78123
673.4103,287.5232,40.84779,123.78123
676.86017,284.07333,40.84779,123.78123
679.05554,287.5232,40.84779,123.78123
682.50543,284.70056,40.84779,123.78123
683.4463,288.15042,40.84779,123.78123
685.64166,285.3278,40.84779,123.78123
687.83704,288.15042,40.84779,123.78123
690.65967,284.70056,40.84779,123.78123
688.5808,289.51355,41.75155,126.51989
692.7481,285.98737,41.75155,126.51989
696.2743,289.51355,41.75155,126.51989
698.51825,285.98737,41.75155,126.51989
700.1211,288.2313,41.75155,126.51989
703.6473,284.06396,41.75155,126.51989
704.18317,288.31827,42.6753,129.31914
706.47675,286.0247,42.6753,129.31914
708.7703,288.9736,42.6753,129.31914
711.0639,286.0247,42.6753,129.31914
713.3575,290.2842,42.6753,129.31914
714.9958,286.68,42.6753,129.31914
717.28937,285.04172,42.6753,129.31914
717.617,288.64594,42.6753,129.31914
722.53186,284.3864,42.6753,129.31914
724.17017,282.74814,42.6753,129.31914
725.8085,281.10986,42.6753,129.31914
728.10205,282.09283,42.6753,129.31914
731.05096,285.04175,42.6753,129.31914
733.34454,282.74817,42.6753,129.31914
734.98285,286.3524,42.6753,129.31914
739.8977,282.74817,42.6753,129.31914
741.536,287.0077,42.6753,129.31914
742.519,283.40347,42.6753,129.31914
743.50195,288.3183,42.6753,129.31914
745.79553,286.68002,42.6753,129.31914
747.43384,289.62894,42.6753,129.31914
748.4168,289.9566,42.6753,129.31914
752.021,287.66302,42.6753,129.31914
755.6252,289.9566,42.6753,129.31914
758.5741,288.97363,42.6753,129.31914
761.523,291.92255,42.6753,129.31914
763.8166,291.59488,42.6753,129.31914
766.7655,294.5438,42.6753,129.31914
768.4038,291.59488,42.6753,129.31914
768.0762,289.9566,42.6753,129.31914
769.47864,288.49316,41.765236,126.56137
768.51666,289.4552,41.765236,126.56137
769.47864,286.56915,41.765236,126.56137
769.7993,287.5312,41.765236,126.56137
770.7613,284.64514,41.765236,126.56137
767.8753,288.1725,41.765236,126.56137
768.8373,284.64514,41.765236,126.56137
769.79926,283.68317,41.765236,126.56137
770.7612,282.72113,41.765236,126.56137
769.1579,279.1938,41.765236,126.56137
766.9132,282.72113,41.765236,126.56137
768.51654,278.55243,41.765236,126.56137
766.9132,276.30774,41.765236,126.56137
767.8752,276.62842,41.765236,126.56137
767.5545,278.23175,41.765236,126.56137
766.5925,279.1938,41.765236,126.56137
767.1286,279.45715,42.689293,129.36154
768.1119,277.16278,42.689293,129.36154
767.1286,276.83502,42.689293,129.36154
767.45636,273.8852,42.689293,129.36154
765.16205,275.524,42.689293,129.36154
765.4898,277.16284,42.689293,129.36154
764.50653,281.42377,42.689293,129.36154
766.1453,277.81836,42.689293,129.36154
764.50653,282.7348,42.689293,129.36154
764.8343,282.40704,42.689293,129.36154
764.50653,283.39032,42.689293,129.36154
764.3743,278.89874,43.633793,132.22366
762.6993,281.91388,43.633793,132.22366
762.36426,278.22876,43.633793,132.22366
759.3491,281.2439,43.633793,132.22366
758.34406,278.22876,43.633793,132.22366
754.6589,279.9038,43.633793,132.22366
756.3339,274.8786,43.633793,132.22366
751.3087,278.56378,43.633793,132.22366
750.30365,274.20856,43.633793,132.22366
745.9485,278.56378,43.633793,132.22366
744.27344,274.8786,43.633793,132.22366
740.58826,278.56378,43.633793,132.22366
740.25323,274.20856,43.633793,132.22366
735.8981,275.88367,43.633793,132.22366
734.893,272.1985,43.633793,132.22366
733.21796,276.5537,43.633793,132.22366
735.56305,271.5285,43.633793,132.22366
736.5681,275.21362,43.633793,132.22366
739.58325,270.85846,43.633793,132.22366
737.23816,274.54358,43.633793,132.22366
740.2533,269.51837,43.633793,132.22366
737.9082,273.8736,43.633793,132.22366
740.92334,268.17834,43.633793,132.22366
741.48334,270.53897,44.59919,135.14911
744.5652,266.08743,44.59919,135.14911
742.1682,269.16928,44.59919,135.14911
744.5652,270.8814,44.59919,135.14911
746.96216,268.4844,44.59919,135.14911
744.5652,270.19653,44.59919,135.14911
745.59247,273.27838,44.59919,135.14911
747.3046,268.82684,44.59919,135.14911
746.27734,270.53897,44.59919,135.14911
748.6743,267.45712,44.59919,135.14911
744.9076,270.53897,44.59919,135.14911
745.9349,272.93597,44.59919,135.14911
746.96216,270.53897,44.59919,135.14911
744.5652,274.30566,44.59919,135.14911
746.96216,271.22382,44.59919,135.14911
745.25,274.30566,44.59919,135.14911
745.5924,278.07236,44.59919,135.14911
746.6197,272.93594,44.59919,135.14911
744.90753,277.38748,44.59919,135.14911
745.9348,272.93594,44.59919,135.14911
744.90753,277.38748,44.59919,135.14911
745.9348,274.30563,44.59919,135.14911
746.2772,279.44205,44.59919,135.14911
747.9894,275.67535,44.59919,135.14911
744.90753,280.1269,44.59919,135.14911
745.48,273.3028,45.585945,138.13928
744.43,276.45282,45.585945,138.13928
744.77997,271.20276,45.585945,138.13928
742.32996,276.45282,45.585945,138.13928
743.6413,270.93024,46.594536,141.19562
743.28357,275.58096,46.594536,141.19562
744.3568,270.93024,46.594536,141.19562
742.56805,277.01193,46.594536,141.19562
744.3568,270.21475,46.594536,141.19562
743.28357,273.43448,46.594536,141.19562
741.4948,278.8007,46.594536,141.19562
742.56805,274.14996,46.594536,141.19562
741.4948,280.23166,46.594536,141.19562
741.85254,276.29645,46.594536,141.19562
739.3483,282.37814,46.594536,141.19562
741.1371,279.15842,46.594536,141.19562
742.2103,283.09363,46.594536,141.19562
743.28357,280.5894,46.594536,141.19562
745.7878,280.23163,46.594536,141.19562
749.0075,282.02036,46.594536,141.19562
752.94275,278.80063,46.594536,141.19562
756.1625,279.87387,46.594536,141.19562
754.3737,286.67105,46.594536,141.19562
756.1625,284.88232,46.594536,141.19562
759.3822,281.6626,46.594536,141.19562
762.6019,279.87387,46.594536,141.19562
765.10614,280.9471,46.594536,141.19562
766.1794,280.58936,46.594536,141.19562
767.96814,279.5161,46.594536,141.19562
770.47235,277.7274,46.594536,141.19562
772.97656,278.08514,46.594536,141.19562
777.62726,273.43442,46.594536,141.19562
772.26105,276.65414,46.594536,141.19562
775.4808,279.87387,46.594536,141.19562
777.985,282.3781,46.594536,141.19562
774.04974,286.31332,46.594536,141.19562
775.8385,283.80908,46.594536,141.19562
776.91174,288.4598,46.594536,141.19562
778.7005,286.67108,46.594536,141.19562
781.2047,289.17532,46.594536,141.19562
783.7089,288.10208,46.594536,141.19562
786.92865,284.16687,46.594536,141.19562
792.29486,281.66263,46.594536,141.19562
793.3681,285.59784,46.594536,141.19562
795.8723,280.9471,46.594536,141.19562
798.3765,279.1584,46.594536,141.19562
799.44977,280.9471,46.594536,141.19562
798.3765,282.02036,46.594536,141.19562
798.73425,285.24008,46.594536,141.19562
800.523,282.73584,46.594536,141.19562
800.88074,285.95557,46.594536,141.19562
801.954,284.16684,46.594536,141.19562
802.3117,288.81757,46.594536,141.19562
804.10046,284.16684,46.594536,141.19562
805.8892,280.9471,46.594536,141.19562
806.96246,282.73584,46.594536,141.19562
807.3202,285.24008,46.594536,141.19562
809.10895,283.45135,46.594536,141.19562
810.1822,286.67108,46.594536,141.19562
811.25543,282.02036,46.594536,141.19562
808.7512,284.5246,46.594536,141.19562
806.96246,291.32178,46.594536,141.19562
806.60474,293.1105,46.594536,141.19562
807.678,290.60626,46.594536,141.19562
809.46674,288.81754,46.594536,141.19562
811.2555,284.1668,46.594536,141.19562
811.6132,285.95554,46.594536,141.19562
813.402,282.02032,46.594536,141.19562
814.4752,283.09357,46.594536,141.19562
815.54846,282.02032,46.594536,141.19562
816.6217,280.94708,46.594536,141.19562
816.97943,282.02032,46.594536,141.19562
818.7682,280.2316,46.594536,141.19562
817.1392,280.52542,47.62544,144.31956
818.9675,283.08505,47.62544,144.31956
820.0645,281.25674,47.62544,144.31956
820.4302,283.08505,47.62544,144.31956
821.52716,281.98807,47.62544,144.31956
819.69885,286.01035,47.62544,144.31956
821.52716,283.4507,47.62544,144.31956
819.69885,287.473,47.62544,144.31956
821.52716,282.7194,47.62544,144.31956
820.4302,285.27902,47.62544,144.31956
822.2585,281.25674,47.62544,144.31956
821.8928,283.08505,47.62544,144.31956
822.9898,281.25674,47.62544,144.31956
821.8928,282.35373,47.62544,144.31956
822.2585,281.25674,47.62544,144.31956
820.4302,283.81638,47.62544,144.31956
821.52716,284.91336,47.62544,144.31956
821.8928,281.6224,47.62544,144.31956
820.79584,284.91336,47.62544,144.31956
821.1615,283.08505,47.62544,144.31956
820.79584,285.64468,47.62544,144.31956
820.4302,285.27902,47.62544,144.31956
820.2827,280.26813,48.67915,147.51263
819.16144,282.8844,48.67915,147.51263
820.2827,280.26813,48.67915,147.51263
817.66644,282.8844,48.67915,147.51263
818.7877,281.01562,48.67915,147.51263
816.17145,285.1269,48.67915,147.51263
815.79767,287.74316,48.67915,147.51263
816.91895,284.3794,48.67915,147.51263
817.2927,281.76312,48.67915,147.51263
815.42395,284.3794,48.67915,147.51263
816.5452,284.00565,48.67915,147.51263
813.92896,286.62192,48.67915,147.51263
812.0602,289.9857,48.67915,147.51263
813.18146,285.87442,48.67915,147.51263
812.0602,287.7432,48.67915,147.51263
810.1914,291.85446,48.67915,147.51263
810.8162,283.63052,49.756176,150.77635
808.1421,288.5968,49.756176,150.77635
808.30444,294.99127,48.69511,147.561
808.67834,291.6264,48.69511,147.561
807.39575,299.32593,47.656673,144.41422
807.02985,295.30103,47.656673,144.41422
807.39575,299.32593,47.656673,144.41422
807.76166,294.5692,47.656673,144.41422
811.05475,292.00793,47.656673,144.41422
807.76166,296.03284,47.656673,144.41422
809.5912,292.00793,47.656673,144.41422
810.6889,290.1784,47.656673,144.41422
808.8594,291.27612,47.656673,144.41422
810.6889,287.98303,47.656673,144.41422
806.664,292.00793,47.656673,144.41422
809.22534,287.25122,47.656673,144.41422
804.4686,290.54437,47.656673,144.41422
807.7617,283.59222,47.656673,144.41422
803.7368,287.61713,47.656673,144.41422
807.0299,283.59222,47.656673,144.41422
803.7368,287.61713,47.656673,144.41422
806.29816,285.05585,47.656673,144.41422
802.27325,287.61713,47.656673,144.41422
805.56635,283.59222,47.656673,144.41422
803.7368,285.4217,47.656673,144.41422
805.56635,283.59222,47.656673,144.41422
803.005,285.4217,47.656673,144.41422
804.83453,287.98303,47.656673,144.41422
805.20044,283.22632,47.656673,144.41422
801.17554,286.5194,47.656673,144.41422
803.7369,285.4217,47.656673,144.41422
802.63916,287.25122,47.656673,144.41422
804.4687,283.95807,47.656673,144.41422
802.63916,287.98303,47.656673,144.41422
804.4687,283.95807,47.656673,144.41422
802.63916,288.71478,47.656673,144.41422
803.7369,285.4217,47.656673,144.41422
802.63916,290.1784,47.656673,144.41422
803.7369,283.95807,47.656673,144.41422
802.63916,287.98297,47.656673,144.41422
803.00507,283.95807,47.656673,144.41422
803.371,287.98297,47.656673,144.41422
802.27325,284.68988,47.656673,144.41422
801.90735,289.4466,47.656673,144.41422
803.00507,283.95807,47.656673,144.41422
801.17554,288.71478,47.656673,144.41422
801.54144,283.95807,47.656673,144.41422
800.4437,289.4466,47.656673,144.41422
800.80963,283.22626,47.656673,144.41422
799.7119,287.98297,47.656673,144.41422
800.80963,281.76263,47.656673,144.41422
798.2483,286.51935,47.656673,144.41422
799.346,282.4944,47.656673,144.41422
797.5165,287.9829,47.656673,144.41422
797.8824,283.958,47.656673,144.41422
796.78467,288.71472,47.656673,144.41422
797.1506,284.68976,47.656673,144.41422
795.32104,287.9829,47.656673,144.41422
794.2233,284.68976,47.656673,144.41422
793.1256,284.32385,47.656673,144.41422
792.7597,282.4944,47.656673,144.41422
789.4666,287.2511,47.656673,144.41422
789.1007,283.22614,47.656673,144.41422
787.2712,286.5193,47.656673,144.41422
786.9053,282.49432,47.656673,144.41422
785.80756,286.5193,47.656673,144.41422
785.44165,283.22614,47.656673,144.41422
783.6121,281.39667,47.656673,144.41422
781.7826,285.42157,47.656673,144.41422
781.4167,281.39667,47.656673,144.41422
778.85535,285.42157,47.656673,144.41422
778.48944,282.12848,47.656673,144.41422
776.6599,285.42157,47.656673,144.41422
775.5622,281.39667,47.656673,144.41422
774.4645,283.22614,47.656673,144.41422
773.36676,283.59204,47.656673,144.41422
771.53723,283.95795,47.656673,144.41422
770.4395,282.12848,47.656673,144.41422
767.8782,284.68976,47.656673,144.41422
768.2441,282.12848,47.656673,144.41422
765.68274,281.03076,47.656673,144.41422
765.31683,282.86023,47.656673,144.41422
762.7555,278.83533,47.656673,144.41422
762.3896,279.93304,47.656673,144.41422
759.82825,278.10352,47.656673,144.41422
757.9987,279.20123,47.656673,144.41422
756.901,278.10352,47.656673,144.41422
755.0715,277.7376,47.656673,144.41422
753.97375,278.10352,47.656673,144.41422
752.1442,277.7376,47.656673,144.41422
751.0465,278.83533,47.656673,144.41422
748.48517,277.00586,47.656673,144.41422
746.65564,278.10358,47.656673,144.41422
744.0943,277.73767,47.656673,144.41422
742.2648,279.56714,47.656673,144.41422
740.43524,279.93304,47.656673,144.41422
738.6057,279.56714,47.656673,144.41422
736.0444,280.66486,47.656673,144.41422
736.4103,281.03076,47.656673,144.41422
733.1172,280.66486,47.656673,144.41422
732.0195,282.4944,47.656673,144.41422
730.3534,278.9987,48.71108,147.60938
728.4834,280.12067,48.71108,147.60938
727.3614,279.74667,48.71108,147.60938
726.2394,279.37268,48.71108,147.60938
725.1174,279.74667,48.71108,147.60938
723.2474,280.86865,48.71108,147.60938
722.12537,280.49466,48.71108,147.60938
720.2554,281.61664,48.71108,147.60938
719.88135,279.74664,48.71108,147.60938
718.01135,281.61664,48.71108,147.60938
716.88934,280.49466,48.71108,147.60938
715.01935,280.86865,48.71108,147.60938
713.89734,281.24265,48.71108,147.60938
712.7753,280.12067,48.71108,147.60938
710.90533,281.99066,48.71108,147.60938
710.5313,281.61667,48.71108,147.60938
709.4093,281.99066,48.71108,147.60938
708.2873,282.36465,48.71108,147.60938
707.1653,282.73865,48.71108,147.60938
706.0433,283.11264,48.71108,147.60938
704.92126,283.48663,48.71108,147.60938
703.79926,283.11264,48.71108,147.60938
702.67725,284.23462,48.71108,147.60938
702.11523,286.169,47.6723,144.46156
703.2133,286.53503,47.6723,144.46156
700.6512,286.90106,47.6723,144.46156
701.0172,286.53503,47.6723,144.46156
700.6512,286.90106,47.6723,144.46156
700.28516,287.2671,47.6723,144.46156
699.1871,287.63312,47.6723,144.46156
698.82104,288.73117,47.6723,144.46156
699.9191,288.36514,47.6723,144.46156
698.82104,287.2671,47.6723,144.46156
699.9191,287.63312,47.6723,144.46156
698.82104,287.99915,47.6723,144.46156
698.455,287.63312,47.6723,144.46156
700.28516,289.46323,47.6723,144.46156
701.38324,288.36517,47.6723,144.46156
702.4813,288.7312,47.6723,144.46156
702.84735,286.9011,47.6723,144.46156
703.94543,283.6069,47.6723,144.46156
702.1153,283.97293,47.6723,144.46156
699.68915,279.71658,48.727047,147.65778
700.8115,280.83896,48.727047,147.65778
699.68915,278.22012,48.727047,147.65778
700.8115,278.59424,48.727047,147.65778
701.18567,279.7166,48.727047,147.65778
703.0563,277.09778,48.727047,147.65778
704.9269,277.4719,48.727047,147.65778
705.301,277.846,48.727047,147.65778
704.17865,278.22012,48.727047,147.65778
703.0563,278.59424,48.727047,147.65778
704.17865,278.96835,48.727047,147.65778
701.5598,279.34247,48.727047,147.65778
704.17865,279.71658,48.727047,147.65778
702.30804,277.84598,48.727047,147.65778
704.17865,277.47186,48.727047,147.65778
703.8045,277.84598,48.727047,147.65778
704.9269,278.2201,48.727047,147.65778
703.8045,279.34247,48.727047,147.65778
704.17865,279.71658,48.727047,147.65778
703.0563,280.0907,48.727047,147.65778
705.6751,278.2201,48.727047,147.65778
705.30096,279.34247,48.727047,147.65778
704.9268,278.96835,48.727047,147.65778
705.30096,279.34247,48.727047,147.65778
705.6751,278.96835,48.727047,147.65778
706.7975,278.59424,48.727047,147.65778
705.6751,280.46484,48.727047,147.65778
706.04926,280.83896,48.727047,147.65778
707.91986,280.46484,48.727047,147.65778
710.9636,281.67868,47.687927,144.50893
709.13293,283.5094,47.687927,144.50893
711.6959,282.41098,47.687927,144.50893
709.13293,282.77713,47.687927,144.50893
712.4282,280.21414,47.687927,144.50893
710.59753,279.848,47.687927,144.50893
711.6959,280.21414,47.687927,144.50893
711.32983,279.848,47.687927,144.50893
710.2313,279.48184,47.687927,144.50893
708.40063,279.848,47.687927,144.50893
707.30225,279.48184,47.687927,144.50893
709.86523,278.38342,47.687927,144.50893
710.2313,278.74957,47.687927,144.50893
709.86523,276.18658,47.687927,144.50893
711.6959,275.08817,47.687927,144.50893
712.3079,272.3499,48.743023,147.70619
711.93365,272.72415,48.743023,147.70619
713.8049,270.10446,48.743023,147.70619
714.17914,271.2272,48.743023,147.70619
714.5534,271.60144,48.743023,147.70619
716.4246,272.72418,48.743023,147.70619
718.29584,272.34995,48.743023,147.70619
717.1731,273.4727,48.743023,147.70619
718.29584,273.84692,48.743023,147.70619
719.4186,273.4727,48.743023,147.70619
719.79285,273.84692,48.743023,147.70619
720.9156,271.22723,48.743023,147.70619
721.28986,271.60147,48.743023,147.70619
722.1703,274.25854,47.703564,144.55632
722.53656,273.89227,47.703564,144.55632
723.6354,275.72357,47.703564,144.55632
724.4971,274.0877,46.68627,141.47362
722.70483,276.59686,46.68627,141.47362
721.62946,278.38913,46.68627,141.47362
721.271,277.31378,46.68627,141.47362
720.91254,278.38913,46.68627,141.47362
722.7048,277.31378,46.68627,141.47362
721.4751,279.85876,45.690674,138.45665
723.9307,278.80634,45.690674,138.45665
722.8783,277.7539,45.690674,138.45665
724.6323,275.99988,45.690674,138.45665
724.2815,274.24585,45.690674,138.45665
723.93066,275.29828,45.690674,138.45665
724.9831,272.84262,45.690674,138.45665
723.93066,273.89505,45.690674,138.45665
724.9831,273.54425,45.690674,138.45665
725.3339,271.79022,45.690674,138.45665
727.08795,270.7378,45.690674,138.45665
725.3339,271.79022,45.690674,138.45665
728.4912,269.33456,45.690674,138.45665
726.7372,271.0886,45.690674,138.45665
728.0516,268.46503,46.70158,141.52
726.9759,268.8236,46.70158,141.52
726.0872,267.63007,47.73485,144.65114
728.6527,265.79755,47.73485,144.65114
726.8202,266.89706,47.73485,144.65114
726.67236,264.1561,48.790985,147.85155
724.9667,262.90918,49.870487,151.12276
727.647,263.29208,49.870487,151.12276
726.4983,262.14337,49.870487,151.12276
726.88116,262.52628,49.870487,151.12276
728.79565,261.37756,49.870487,151.12276
728.4128,262.52628,49.870487,151.12276
728.0299,261.37756,49.870487,151.12276
726.8812,264.05786,49.870487,151.12276
726.49835,265.20657,49.870487,151.12276
726.1155,267.12106,49.870487,151.12276
726.49835,266.73816,49.870487,151.12276
726.1155,265.58945,49.870487,151.12276
727.26416,265.97235,49.870487,151.12276
726.8813,267.88684,49.870487,151.12276
725.7326,267.50394,49.870487,151.12276
724.5839,267.12103,49.870487,151.12276
724.9668,266.73813,49.870487,151.12276
724.5839,264.82364,49.870487,151.12276
723.43524,265.20654,49.870487,151.12276
723.8181,266.35526,49.870487,151.12276
724.9668,262.90915,49.870487,151.12276
726.1155,260.22885,49.870487,151.12276
724.201,259.84595,49.870487,151.12276
725.3497,260.22885,49.870487,151.12276
724.9668,260.61176,49.870487,151.12276
725.3497,257.93146,49.870487,151.12276
723.4352,259.08017,49.870487,151.12276
723.81805,258.69727,49.870487,151.12276
724.2009,256.78278,49.870487,151.12276
722.28644,259.46307,49.870487,151.12276
722.6693,258.31436,49.870487,151.12276
721.5206,260.22885,49.870487,151.12276
721.9035,261.37756,49.870487,151.12276
721.5206,261.76047,49.870487,151.12276
720.37195,262.14337,49.870487,151.12276
719.9891,262.52628,49.870487,151.12276
720.37195,262.90918,49.870487,151.12276
719.22327,262.52628,49.870487,151.12276
718.8404,261.37756,49.870487,151.12276
719.9891,263.29205,49.870487,151.12276
719.6062,261.37756,49.870487,151.12276
719.9891,262.52628,49.870487,151.12276
718.8404,260.6118,49.870487,151.12276
718.4575,262.52628,49.870487,151.12276
717.30884,261.37756,49.870487,151.12276
716.92596,263.29205,49.870487,151.12276
716.3505,264.53436,48.806984,147.90002
715.97577,265.65857,48.806984,147.90002
716.3505,263.03543,48.806984,147.90002
715.2263,264.15964,48.806984,147.90002
714.85156,264.53436,48.806984,147.90002
715.2263,265.65857,48.806984,147.90002
715.6011,261.5365,48.806984,147.90002
714.67236,263.39944,49.886837,151.17232
716.58746,259.9522,49.886837,151.17232
716.01184,263.41003,48.822987,147.94852
718.3389,261.01315,47.781822,144.79347
718.7058,265.04865,47.781822,144.79347
716.8715,260.27942,47.781822,144.79347
715.77094,262.84747,47.781822,144.79347
714.67035,263.94806,47.781822,144.79347
715.03723,260.6463,47.781822,144.79347
715.4041,263.21436,47.781822,144.79347
715.771,261.38004,47.781822,144.79347
714.6704,263.21436,47.781822,144.79347
714.3035,258.44513,47.781822,144.79347
713.93665,261.01318,47.781822,144.79347
713.56976,257.71143,47.781822,144.79347
714.67035,259.54575,47.781822,144.79347
714.30347,256.9777,47.781822,144.79347
716.13776,258.812,47.781822,144.79347
717.23834,259.9126,47.781822,144.79347
716.87146,261.01318,47.781822,144.79347
715.7709,262.8475,47.781822,144.79347
715.9268,265.4522,46.76286,141.7057
716.2859,267.96548,46.76286,141.7057
717.8227,269.8225,45.76563,138.68379
717.2946,269.60782,44.78966,135.72632
717.44073,274.03815,43.834507,132.83191
718.4504,277.74026,43.834507,132.83191
718.7869,281.44238,43.834507,132.83191
719.7966,284.47137,43.834507,132.83191
720.1331,282.7886,43.834507,132.83191
721.14276,280.4327,43.834507,132.83191
723.8004,280.70914,44.804344,135.77081
693.8722,341.59753,44.804344,135.77081
691.4642,345.38156,44.804344,135.77081
693.8722,344.34955,44.804344,135.77081
695.8748,343.91827,45.79564,138.77475
696.9296,343.56665,45.79564,138.77475
695.3286,341.66666,46.80887,141.84514
696.6752,341.21613,47.844513,144.98346
694.83844,344.52222,47.844513,144.98346
695.2058,343.4202,47.844513,144.98346
694.10376,347.461,47.844513,144.98346
698.14453,345.62427,47.844513,144.98346
698.5119,345.25693,47.844513,144.98346
701.0833,347.82834,47.844513,144.98346
703.6547,346.72632,47.844513,144.98346
706.22614,345.6243,47.844513,144.98346
705.1241,347.46103,47.844513,144.98346
707.26263,343.1893,48.903072,148.19122
704.77386,339.60217,49.985054,151.46996
708.2279,343.82373,49.985054,151.46996
707.8441,342.6724,49.985054,151.46996
706.893,338.20956,51.090973,154.82123
708.0698,337.8173,51.090973,154.82123
708.4621,342.9168,51.090973,154.82123
708.0698,340.95544,51.090973,154.82123
706.893,340.56317,51.090973,154.82123
708.8544,344.87814,51.090973,154.82123
706.10846,343.70132,51.090973,154.82123
702.578,342.5245,51.090973,154.82123
706.893,345.2704,51.090973,154.82123
705.7162,343.30902,51.090973,154.82123
703.1161,339.5614,52.22136,158.24664
701.29047,334.06693,53.37676,161.74785
697.72363,308.8922,54.55772,165.32652
694.07794,299.67517,55.76481,168.98438
691.0809,301.81595,55.76481,168.98438
687.35443,304.8329,56.998604,172.72316
683.54565,308.82462,58.259697,176.54466
684.2934,302.69482,59.548695,180.45071
680.31415,305.9165,60.86621,184.44319
681.7161,304.51453,60.86621,184.44319
676.67914,306.83774,62.212875,188.524
679.06744,303.4941,62.212875,188.524
679.5451,305.88242,62.212875,188.524
680.02277,305.40475,62.212875,188.524
679.5451,303.97177,62.212875,188.524
681.9334,301.58347,62.212875,188.524
676.67914,300.15048,62.212875,188.524
680.02277,296.80685,62.212875,188.524
677.63446,294.41855,62.212875,188.524
678.1121,297.76218,62.212875,188.524
676.67914,292.50787,62.212875,188.524
678.1121,296.80682,62.212875,188.524
680.5004,299.19513,62.212875,188.524
676.2015,293.94083,62.212875,188.524
681.45575,303.01642,62.212875,188.524
678.2896,295.47955,63.589336,192.6951
676.0666,299.93286,64.996254,196.95848
678.56177,296.43964,64.996254,196.95848
674.2185,296.84955,66.434296,201.3162
672.9544,291.97647,67.90415,205.77031
671.3903,287.28424,67.90415,205.77031
673.3437,295.28522,69.40653,210.32298
672.8108,289.42337,69.40653,210.32298
670.1463,277.16678,69.40653,210.32298
671.0371,282.0275,70.942154,214.97638
668.31366,269.49973,70.942154,214.97638
670.35443,272.20755,72.51175,219.73273
671.2851,283.0619,74.11607,224.59431
672.99225,273.38797,74.11607,224.59431
671.582,283.30164,75.75589,229.56346
672.55426,280.15863,77.43199,234.64255
669.8473,276.9461,79.14517,239.83401
672.8856,273.90778,79.14517,239.83401
668.8578,269.36325,80.896255,245.14034
671.18494,266.00696,82.68609,250.56407
668.29425,262.57645,84.51552,256.1078
668.9432,258.03415,84.51552,256.1078
669.5921,249.59845,84.51552,256.1078
672.0233,260.90317,86.38542,261.77417
666.054,252.28082,86.38542,261.77417
669.3703,241.00546,86.38542,261.77417
669.1027,251.18402,88.2967,267.56592
668.4248,241.01505,88.2967,267.56592
671.81445,252.53989,88.2967,267.56592
667.0689,242.37091,88.2967,267.56592
671.0156,254.18138,90.25027,273.4858
664.9848,244.6857,92.247055,279.53668
669.9426,234.06177,92.247055,279.53668
669.2344,248.93527,92.247055,279.53668
665.69305,241.14441,92.247055,279.53668
666.4013,229.10397,92.247055,279.53668
667.10956,241.14441,92.247055,279.53668
664.9848,229.10397,92.247055,279.53668
668.5261,243.97748,92.247055,279.53668
662.0004,231.25688,90.27986,273.57547
666.03577,241.89433,92.277306,279.62833
675.24615,253.93874,92.277306,279.62833
661.8895,222.09317,90.30946,273.66516
666.7432,228.33365,90.30946,273.66516
668.82336,235.96088,90.30946,273.66516
659.8094,220.01303,90.30946,273.66516
664.6631,226.25351,90.30946,273.66516
665.82214,235.45567,92.30756,279.72
721.8115,278.68793,92.30756,279.72
732.4424,285.06647,92.30756,279.72
737.40344,290.0276,92.30756,279.72
743.16943,296.4257,90.33908,273.75488
747.4754,301.35025,88.412575,267.917
744.0813,302.02908,88.412575,267.917
742.04486,298.63498,88.412575,267.917
746.25903,304.76312,86.52715,262.20358
749.10266,310.76056,84.68194,256.612
750.6322,311.6167,82.87607,251.13968
753.35583,314.9078,81.10871,245.78404
753.6205,315.72784,79.37904,240.54262
754.2299,312.68054,79.37904,240.54262
751.1826,309.63324,79.37904,240.54262
754.9662,304.56143,77.686264,235.41298
751.7702,313.3955,76.02958,230.39273
754.6889,301.13684,76.02958,230.39273
751.56104,294.02844,74.408226,225.47954
755.10767,289.27423,72.82145,220.67111
752.3121,292.06982,72.82145,220.67111
755.783,291.7282,71.26851,215.96524
757.0704,293.5036,69.74869,211.35971
755.4638,292.96808,69.74869,211.35971
757.0704,290.29047,69.74869,211.35971
757.6059,291.89703,69.74869,211.35971
758.1414,289.21942,69.74869,211.35971
757.6059,290.826,69.74869,211.35971
760.2835,289.21942,69.74869,211.35971
758.67694,291.89703,69.74869,211.35971
759.21246,293.5036,69.74869,211.35971
758.67694,295.11017,69.74869,211.35971
758.1414,296.71674,69.74869,211.35971
757.6059,297.25226,69.74869,211.35971
757.0704,296.71674,69.74869,211.35971
754.39276,297.25226,69.74869,211.35971
756.685,297.9574,68.26128,206.8524
758.2573,296.3851,68.26128,206.8524
757.7332,296.9092,68.26128,206.8524
759.30554,295.3369,68.26128,206.8524
756.68506,295.86102,68.26128,206.8524
761.402,294.28873,68.26128,206.8524
754.5887,294.81284,68.26128,206.8524
759.3056,293.24054,68.26128,206.8524
751.4441,292.71643,68.26128,206.8524
755.1128,291.14413,68.26128,206.8524
750.3959,290.62003,68.26128,206.8524
754.0646,287.9995,68.26128,206.8524
752.49225,288.52362,68.26128,206.8524
754.0646,285.9031,68.26128,206.8524
751.4441,287.4754,68.26128,206.8524
753.0164,285.9031,68.26128,206.8524
750.39594,288.52362,68.26128,206.8524
752.3595,283.51654,69.77156,211.42902
749.681,286.19504,69.77156,211.42902
751.28815,283.51654,69.77156,211.42902
750.75244,286.19504,69.77156,211.42902
750.21674,284.58795,69.77156,211.42902
749.681,286.19504,69.77156,211.42902
749.1453,284.58795,69.77156,211.42902
750.75244,287.26645,69.77156,211.42902
747.00256,285.65936,69.77156,211.42902
748.6097,286.19507,69.77156,211.42902
745.9312,285.65936,69.77156,211.42902
744.3241,286.19507,69.77156,211.42902
744.8598,285.65936,69.77156,211.42902
742.18134,286.19507,69.77156,211.42902
742.71704,286.73077,69.77156,211.42902
743.25275,287.26648,69.77156,211.42902
744.85986,287.8022,69.77156,211.42902
745.39557,288.3379,69.77156,211.42902
747.0027,287.8022,69.77156,211.42902
749.68115,288.3379,69.77156,211.42902
747.0027,286.7308,69.77156,211.42902
750.75256,286.1951,69.77156,211.42902
753.431,284.588,69.77156,211.42902
755.03815,287.2665,69.77156,211.42902
756.64526,283.51663,69.77156,211.42902
757.18097,284.05234,69.77156,211.42902
759.18805,280.04605,71.315254,216.10689
760.8307,277.3083,71.315254,216.10689
762.4733,275.66565,71.315254,216.10689
761.9258,275.1181,71.315254,216.10689
761.37823,275.66565,71.315254,216.10689
761.9258,276.2132,71.315254,216.10689
764.6635,275.66565,71.315254,216.10689
765.21106,275.1181,71.315254,216.10689
767.9488,271.28525,71.315254,216.10689
768.86414,269.46265,72.893105,220.88826
770.961,264.1158,74.50587,225.7754
773.8212,261.25558,74.50587,225.7754
774.39325,264.1158,74.50587,225.7754
774.9653,262.3997,74.50587,225.7754
775.5373,265.25992,74.50587,225.7754
779.5416,264.68787,74.50587,225.7754
780.11365,262.97174,74.50587,225.7754
781.8298,263.5438,74.50587,225.7754
783.5459,262.97174,74.50587,225.7754
784.1179,264.68787,74.50587,225.7754
785.83405,264.1158,74.50587,225.7754
788.6943,264.68787,74.50587,225.7754
791.5545,266.404,74.50587,225.7754
795.55884,266.97604,74.50587,225.7754
797.27496,267.5481,74.50587,225.7754
801.2793,266.97604,74.50587,225.7754
802.9954,268.69217,74.50587,225.7754
804.71155,269.26422,74.50587,225.7754
808.7159,268.69217,74.50587,225.7754
812.7202,268.12012,74.50587,225.7754
816.72455,267.54807,74.50587,225.7754
821.873,266.976,74.50587,225.7754
824.01624,261.51086,76.15431,230.77069
826.2069,257.13806,77.839226,235.8765
829.1951,256.54047,77.839226,235.8765
832.18335,257.13806,77.839226,235.8765
836.3668,257.73572,77.839226,235.8765
840.5503,255.9428,77.839226,235.8765
844.73376,256.5404,77.839226,235.8765
847.722,257.13806,77.839226,235.8765
851.90546,258.93097,77.839226,235.8765
856.0889,259.52856,77.839226,235.8765
860.2724,261.32147,77.839226,235.8765
864.4559,260.72388,77.839226,235.8765
868.63934,260.12622,77.839226,235.8765
874.0181,258.3333,77.839226,235.8765
879.3969,255.34514,77.839226,235.8765
884.7757,254.74751,77.839226,235.8765
890.1545,251.75932,77.839226,235.8765
894.33795,251.1617,77.839226,235.8765
898.5214,250.56407,77.839226,235.8765
902.7049,249.96645,77.839226,235.8765
904.9441,245.49689,79.56142,241.09526
907.9984,246.10776,79.56142,241.09526
912.2745,241.83173,79.56142,241.09526
915.3288,242.4426,79.56142,241.09526
918.3831,243.05347,79.56142,241.09526
921.43744,241.22089,79.56142,241.09526
920.8266,241.83176,79.56142,241.09526
923.8809,241.22089,79.56142,241.09526
925.7135,243.05347,79.56142,241.09526
929.2698,235.94995,81.32172,246.42949
932.3916,237.82309,81.32172,246.42949
931.7672,237.1987,81.32172,246.42949
936.13794,236.57431,81.32172,246.42949
933.016,238.44745,81.32172,246.42949
936.13794,237.82306,81.32172,246.42949
936.7623,238.44745,81.32172,246.42949
939.88416,239.07184,81.32172,246.42949
931.76733,242.19373,81.32172,246.42949
941.13293,237.82309,81.32172,246.42949
934.1765,243.45975,79.58751,241.1743
943.34247,244.0708,79.58751,241.1743
939.065,245.90399,79.58751,241.1743
947.0088,246.51505,79.58751,241.1743
940.20074,249.6756,77.89028,236.03119
949.1712,246.68542,77.89028,236.03119
955.7496,248.47952,77.89028,236.03119
950.3673,251.4697,77.89028,236.03119
956.9457,253.2638,77.89028,236.03119
955.4635,253.755,79.6136,241.25337
959.7424,245.8086,79.6136,241.25337
961.5762,247.6424,79.6136,241.25337
959.7424,248.25366,79.6136,241.25337
962.7987,241.52975,79.6136,241.25337
964.6325,242.14102,79.6136,241.25337
967.68884,237.86218,79.6136,241.25337
971.9677,233.58334,79.6136,241.25337
975.02405,231.74954,79.6136,241.25337
976.85785,228.69324,79.6136,241.25337
974.07465,224.1218,81.37505,246.59111
975.94904,225.99615,81.37505,246.59111
977.8234,224.1218,81.37505,246.59111
979.6978,224.74658,81.37505,246.59111
980.32263,222.87222,81.37505,246.59111
980.94745,223.49701,81.37505,246.59111
982.82184,224.1218,81.37505,246.59111
983.44666,222.24744,81.37505,246.59111
982.82184,219.1235,81.37505,246.59111
982.5698,213.15451,83.175476,252.04694
979.3767,215.07034,83.175476,252.04694
981.2926,214.43173,83.175476,252.04694
981.93115,215.07034,83.175476,252.04694
982.5698,216.98618,83.175476,252.04694
983.2084,217.62479,83.175476,252.04694
985.12415,218.2634,83.175476,252.04694
983.2084,217.62479,83.175476,252.04694
985.12415,216.98618,83.175476,252.04694
981.93115,216.34756,83.175476,252.04694
985.12415,215.70895,83.175476,252.04694
980.65393,216.34756,83.175476,252.04694
983.8469,216.98618,83.175476,252.04694
979.3767,213.79312,83.175476,252.04694
986.40137,214.43173,83.175476,252.04694
979.3767,216.34756,83.175476,252.04694
986.40137,214.43173,83.175476,252.04694
979.3767,216.34756,83.175476,252.04694
986.40137,213.15451,83.175476,252.04694
979.3767,215.07034,83.175476,252.04694
982.5697,213.15451,83.175476,252.04694
977.9169,218.91963,81.40173,246.67197
978.5419,218.29463,81.40173,246.67197
980.4169,220.1696,81.40173,246.67197
974.79193,220.7946,81.40173,246.67197
977.9169,215.16966,81.40173,246.67197
977.2919,218.29463,81.40173,246.67197
977.9169,218.91963,81.40173,246.67197
974.79193,218.29463,81.40173,246.67197
975.41693,218.91963,81.40173,246.67197
974.79193,217.04466,81.40173,246.67197
977.9169,211.41972,81.40173,246.67197
974.56805,213.44748,79.66582,241.4116
978.84973,210.38916,79.66582,241.4116
975.7914,211.00082,79.66582,241.4116
976.4031,211.61249,79.66582,241.4116
977.0148,212.22415,79.66582,241.4116
975.17975,211.61249,79.66582,241.4116
974.56805,212.22415,79.66582,241.4116
972.73303,212.83582,79.66582,241.4116
970.898,212.22415,79.66582,241.4116
971.5097,212.83582,79.66582,241.4116
973.3447,211.00082,79.66582,241.4116
972.73303,210.38916,79.66582,241.4116
972.12134,208.55417,79.66582,241.4116
970.2863,207.9425,79.66582,241.4116
969.6746,206.10751,79.66582,241.4116
967.5763,210.45029,77.96692,236.26343
965.78046,207.45718,77.96692,236.26343
966.3791,206.85855,77.96692,236.26343
965.78046,206.25992,77.96692,236.26343
966.3791,206.85855,77.96692,236.26343
964.58325,208.65442,77.96692,236.26343
966.3791,209.25305,77.96692,236.26343
960.9915,209.85168,77.96692,236.26343
963.9846,211.64755,77.96692,236.26343
960.9915,208.65445,77.96692,236.26343
961.59015,210.45032,77.96692,236.26343
956.0747,214.70047,76.30425,231.22504
962.5191,214.11462,76.30425,231.22504
954.903,214.70047,76.30425,231.22504
961.3474,211.77121,76.30425,231.22504
954.903,213.52878,76.30425,231.22504
956.6606,215.28635,76.30425,231.22504
952.55963,215.8722,76.30425,231.22504
956.6606,216.45804,76.30425,231.22504
952.55963,214.70047,76.30425,231.22504
955.4889,216.45804,76.30425,231.22504
952.55963,217.04388,76.30425,231.22504
955.4889,212.9429,76.30425,231.22504
956.07477,213.52875,76.30425,231.22504
956.66064,214.1146,76.30425,231.22504
954.9031,215.87216,76.30425,231.22504
955.48895,216.45801,76.30425,231.22504
952.5597,218.21558,76.30425,231.22504
953.14557,218.80142,76.30425,231.22504
954.90314,215.87216,76.30425,231.22504
953.14557,216.45801,76.30425,231.22504
956.0748,214.70044,76.30425,231.22504
954.31726,215.28629,76.30425,231.22504
957.2465,213.52872,76.30425,231.22504
954.31726,211.77115,76.30425,231.22504
958.4182,213.52872,76.30425,231.22504
953.1455,212.94287,76.30425,231.22504
958.4182,212.35703,76.30425,231.22504
951.9738,214.1146,76.30425,231.22504
957.2465,212.35703,76.30425,231.22504
953.14557,212.94287,76.30425,231.22504
956.0748,212.35703,76.30425,231.22504
950.8021,214.1146,76.30425,231.22504
957.2465,206.49847,76.30425,231.22504
949.63043,207.08432,76.30425,231.22504
951.388,207.67017,76.30425,231.22504
953.14557,207.08432,76.30425,231.22504
953.73145,204.15506,76.30425,231.22504
955.489,203.56921,76.30425,231.22504
954.90314,204.15506,76.30425,231.22504
957.8324,201.2258,76.30425,231.22504
954.90314,200.63995,76.30425,231.22504
953.14557,201.2258,76.30425,231.22504
955.6532,200.86787,74.67704,226.2941
952.7864,202.58797,74.67704,226.2941
957.4511,204.44821,73.084526,221.4683
952.4009,205.00934,73.084526,221.4683
957.4511,203.32593,73.084526,221.4683
951.2786,205.00934,73.084526,221.4683
955.20654,205.57047,73.084526,221.4683
946.78955,207.25388,73.084526,221.4683
954.0843,202.20367,73.084526,221.4683
950.1564,202.7648,73.084526,221.4683
957.4511,199.95914,73.084526,221.4683
950.1564,200.52026,73.084526,221.4683
958.57336,197.7146,73.084526,221.4683
952.4009,199.39801,73.084526,221.4683
960.8179,194.34781,73.084526,221.4683
954.6454,198.27576,73.084526,221.4683
961.9401,193.22556,73.084526,221.4683
956.8899,197.1535,73.084526,221.4683
961.9401,192.1033,73.084526,221.4683
955.76764,196.03125,73.084526,221.4683
959.69556,190.98105,73.084526,221.4683
954.6453,193.78671,73.084526,221.4683
958.57324,189.85876,73.084526,221.4683
956.6482,193.84277,71.52598,216.74542
959.39404,194.39194,71.52598,216.74542
961.04156,190.54776,71.52598,216.74542
958.2957,192.19525,71.52598,216.74542
962.1399,191.64609,71.52598,216.74542
960.4924,192.19525,71.52598,216.74542
959.9432,191.64609,71.52598,216.74542
958.29565,189.9986,71.52598,216.74542
959.9432,190.54776,71.52598,216.74542
958.29565,186.70358,71.52598,216.74542
959.9432,186.15442,71.52598,216.74542
960.4924,185.60526,71.52598,216.74542
961.04156,186.15442,71.52598,216.74542
960.4924,182.31024,71.52598,216.74542
962.1399,183.95773,71.52598,216.74542
962.3733,183.62224,70.00066,212.12326
962.91077,182.00987,70.00066,212.12326
962.103,186.86182,68.50788,207.59967
961.577,184.23184,68.50788,207.59967
962.103,182.65387,68.50788,207.59967
959.4731,181.0759,68.50788,207.59967
957.8951,183.70587,68.50788,207.59967
958.4211,186.33585,68.50788,207.59967
955.79114,187.91382,68.50788,207.59967
958.4211,187.38782,68.50788,207.59967
953.68713,187.91382,68.50788,207.59967
956.3171,186.33585,68.50788,207.59967
951.5831,184.75787,68.50788,207.59967
954.8486,187.47842,67.04693,203.17255
952.27466,184.90454,67.04693,203.17255
954.8486,185.41931,67.04693,203.17255
948.15643,185.93408,67.04693,203.17255
951.7599,186.44885,67.04693,203.17255
946.09735,186.96362,67.04693,203.17255
950.73035,184.38974,67.04693,203.17255
946.09735,185.93408,67.04693,203.17255
953.81903,182.33063,67.04693,203.17255
948.1565,186.96362,67.04693,203.17255
952.7895,183.36017,67.04693,203.17255
947.12695,185.93405,67.04693,203.17255
949.70087,182.3306,67.04693,203.17255
943.96545,185.98547,65.617134,198.83983
948.49963,182.45886,65.617134,198.83983
940.9443,187.00699,64.21783,194.5995
944.3957,183.5556,64.21783,194.5995
940.8033,188.00673,62.848362,190.44962
944.1811,185.59401,62.848362,190.44962
939.8382,185.11147,62.848362,190.44962
944.1811,181.73366,62.848362,190.44962
939.8382,185.11147,62.848362,190.44962
942.2509,184.62892,62.848362,190.44962
937.908,183.18129,62.848362,190.44962
940.32074,182.69875,62.848362,190.44962
936.94293,181.25111,62.848362,190.44962
938.39056,180.76857,62.848362,190.44962
935.97784,178.35585,62.848362,190.44962
937.1131,181.78185,61.508102,186.38821
933.8073,181.30959,61.508102,186.38821
933.3351,179.89284,61.508102,186.38821
934.4461,183.24576,60.196423,182.41344
932.1352,180.93484,60.196423,182.41344
932.59735,180.47266,60.196423,182.41344
932.1352,180.93484,60.196423,182.41344
930.74866,179.54831,60.196423,182.41344
930.2865,181.85922,60.196423,182.41344
927.9756,179.54831,60.196423,182.41344
928.17194,182.82974,58.912716,178.52342
925.91034,182.37741,58.912716,178.52342
922.7441,181.92508,58.912716,178.52342
921.3871,182.37741,58.912716,178.52342
920.0301,181.92508,58.912716,178.52342
919.35034,183.39264,57.656384,174.71635
918.0223,182.94995,57.656384,174.71635
914.9235,183.39264,57.656384,174.71635
914.48083,182.94995,57.656384,174.71635
912.26746,184.27798,57.656384,174.71635
909.0421,188.27432,56.426846,170.99048
913.80774,185.24167,56.426846,170.99048
907.30914,186.54138,56.426846,170.99048
902.5435,187.8411,56.426846,170.99048
908.1756,187.40787,56.426846,170.99048
901.677,188.70758,56.426846,170.99048
896.0449,190.0073,56.426846,170.99048
902.5435,186.97464,56.426846,170.99048
896.0449,189.14084,56.426846,170.99048
891.2793,189.57407,56.426846,170.99048
896.0449,187.40787,56.426846,170.99048
889.5463,188.70758,56.426846,170.99048
885.64716,190.0073,56.426846,170.99048
888.6798,186.97464,56.426846,170.99048
883.85297,191.72092,55.223526,167.34406
885.97296,187.90494,55.223526,167.34406
881.249,192.54999,54.045868,163.77539
883.3238,189.6453,54.045868,163.77539
878.7593,191.7201,54.045868,163.77539
879.17426,191.30515,54.045868,163.77539
873.7798,191.7201,54.045868,163.77539
875.85455,189.6453,54.045868,163.77539
871.29004,190.89017,54.045868,163.77539
869.2153,189.6453,54.045868,163.77539
867.1405,190.06024,54.045868,163.77539
864.2358,190.47519,54.045868,163.77539
862.161,187.5705,54.045868,163.77539
860.08624,187.98544,54.045868,163.77539
858.0115,188.40039,54.045868,163.77539
856.7666,185.4957,54.045868,163.77539
855.5217,186.74057,54.045868,163.77539
853.44696,187.15552,54.045868,163.77539
852.82336,189.30176,52.893322,160.28284
849.1684,189.70786,52.893322,160.28284
847.7752,191.80832,51.765354,156.86476
844.99304,191.41086,51.765354,156.86476
844.5956,192.60321,51.765354,156.86476
841.8134,191.41086,51.765354,156.86476
839.03125,192.60321,51.765354,156.86476
838.6338,189.82108,51.765354,156.86476
835.05676,189.42361,51.765354,156.86476
833.86444,191.41086,51.765354,156.86476
831.8772,192.60321,51.765354,156.86476
829.09503,189.82108,51.765354,156.86476
830.28735,191.80832,51.765354,156.86476
825.85925,194.63016,50.66144,153.51958
821.58057,195.01913,50.66144,153.51958
826.6372,194.63016,50.66144,153.51958
820.8026,195.79709,50.66144,153.51958
815.7191,199.3086,49.58107,150.24573
810.744,202.01135,48.52374,147.04169
817.0775,198.65833,48.52374,147.04169
812.23425,202.01135,48.52374,147.04169
817.0775,199.40344,48.52374,147.04169
813.64484,203.48494,47.488956,143.90598
809.6341,205.308,47.488956,143.90598
806.2747,208.59958,46.47624,140.83714
811.6273,205.38803,46.47624,140.83714
808.4158,207.17221,46.47624,140.83714
803.77686,208.24274,46.47624,140.83714
809.84314,205.03119,46.47624,140.83714
808.05896,207.52905,46.47624,140.83714
807.70215,208.59958,46.47624,140.83714
805.2043,209.6701,46.47624,140.83714
802.6044,211.51575,45.48512,137.83376
805.04895,208.37268,45.48512,137.83376
799.8105,205.92807,45.48512,137.83376
798.06433,204.88037,45.48512,137.83376
797.01666,205.22961,45.48512,137.83376
795.969,202.785,45.48512,137.83376
792.1275,201.03885,45.48512,137.83376
793.87366,199.99115,45.48512,137.83376
791.4291,198.245,45.48512,137.83376
793.17523,197.89575,45.48512,137.83376
789.33374,196.1496,45.48512,137.83376
789.683,197.89575,45.48512,137.83376
786.5399,196.1496,45.48512,137.83376
786.1907,194.40344,45.48512,137.83376
784.4445,194.75269,45.48512,137.83376
784.79376,194.40344,45.48512,137.83376
781.6507,195.45114,45.48512,137.83376
782.69836,195.1019,45.48512,137.83376
779.5553,194.75266,45.48512,137.83376
778.5076,195.80035,45.48512,137.83376
778.8569,196.1496,45.48512,137.83376
775.0154,197.1973,45.48512,137.83376
772.5708,199.6419,45.48512,137.83376
777.1108,198.59421,45.48512,137.83376
772.5467,201.74692,44.515137,134.89441
768.7388,205.49124,43.565838,132.01775
774.4252,204.48776,43.565838,132.01775
770.0536,208.79704,42.636784,129.20242
774.30927,205.85081,42.636784,129.20242
770.7083,208.14232,42.636784,129.20242
768.32324,209.83548,41.727543,126.44714
766.08057,209.5151,41.727543,126.44714
770.8862,207.27246,41.727543,126.44714
768.552,208.92953,40.837692,123.75062
766.3572,209.24307,40.837692,123.75062
769.1791,206.42114,40.837692,123.75062
767.6113,207.98886,40.837692,123.75062
766.6707,207.04822,40.837692,123.75062
769.4926,206.73468,40.837692,123.75062
766.6707,207.04822,40.837692,123.75062
766.98425,206.10757,40.837692,123.75062
766.04364,203.91275,40.837692,123.75062
765.103,204.22629,40.837692,123.75062
764.1624,201.40436,40.837692,123.75062
764.47595,202.345,40.837692,123.75062
763.53534,201.40436,40.837692,123.75062
761.9676,201.7179,40.837692,123.75062
764.1624,198.89597,40.837692,123.75062
760.0863,199.2095,40.837692,123.75062
762.9082,197.64178,40.837692,123.75062
760.0863,196.70114,40.837692,123.75062
761.65405,195.7605,40.837692,123.75062
759.4592,194.81985,40.837692,123.75062
757.2644,195.13342,40.837692,123.75062
759.4592,194.81985,40.837692,123.75062
756.0102,195.7605,40.837692,123.75062
758.205,194.81985,40.837692,123.75062
755.3831,194.5063,40.837692,123.75062
752.5612,195.44696,40.837692,123.75062
756.6373,192.62503,40.837692,123.75062
752.5612,192.93858,40.837692,123.75062
750.99347,191.99794,40.837692,123.75062
753.81537,192.3115,40.837692,123.75062
749.73926,193.87923,40.837692,123.75062
745.66315,194.81989,40.837692,123.75062
750.99347,193.87923,40.837692,123.75062
746.91736,195.44696,40.837692,123.75062
743.4683,197.01468,40.837692,123.75062
739.975,199.84526,39.966816,121.111595
746.41907,197.08351,39.966816,121.111595
743.65735,198.61781,39.966816,121.111595
740.28186,199.5384,39.966816,121.111595
743.65735,197.3904,39.966816,121.111595
741.50934,199.5384,39.966816,121.111595
742.42993,196.16295,39.966816,121.111595
741.50934,197.69725,39.966816,121.111595
740.58875,198.0041,39.966816,121.111595
740.28186,198.31096,39.966816,121.111595
738.74756,198.0041,39.966816,121.111595
738.8779,197.81662,39.114513,118.528854
737.37634,198.71756,39.114513,118.528854
735.87476,197.81662,39.114513,118.528854
734.8445,198.21207,38.280384,116.00119
733.96277,196.15468,38.280384,116.00119
732.38794,197.67485,37.464043,113.52743
733.8262,194.51076,37.464043,113.52743
731.8127,194.7984,37.464043,113.52743
728.6486,195.08604,37.464043,113.52743
726.63513,194.7984,37.464043,113.52743
728.9065,190.25977,38.292934,116.03922
725.0844,191.14178,38.292934,116.03922
727.14246,188.49571,38.292934,116.03922
724.4964,188.2017,38.292934,116.03922
723.02637,188.49571,38.292934,116.03922
721.55634,185.84964,38.292934,116.03922
720.0863,187.31969,38.292934,116.03922
720.9683,188.2017,38.292934,116.03922
717.73425,186.73166,38.292934,116.03922
717.44025,187.02567,38.292934,116.03922
714.7942,187.31967,38.292934,116.03922
715.6762,187.61368,38.292934,116.03922
713.03015,187.31967,38.292934,116.03922
713.32416,187.61368,38.292934,116.03922
710.6781,187.31967,38.292934,116.03922
709.20807,188.20169,38.292934,116.03922
710.6781,187.31967,38.292934,116.03922
706.856,188.78972,38.292934,116.03922
705.2807,190.87714,37.476326,113.56465
706.7194,188.86298,37.476326,113.56465
702.9788,190.87714,37.476326,113.56465
706.1439,188.86298,37.476326,113.56465
702.4033,190.30167,37.476326,113.56465
704.993,188.28748,37.476326,113.56465
700.6769,190.30167,37.476326,113.56465
703.26654,188.86298,37.476326,113.56465
700.6769,190.87714,37.476326,113.56465
702.1156,191.16489,37.476326,113.56465
700.01917,194.31715,36.67713,111.14285
699.59595,196.3165,35.89498,108.7727
698.6505,198.80449,35.12951,106.45309
698.3808,198.53477,35.12951,106.45309
699.7294,199.88338,35.12951,106.45309
697.3019,199.07422,35.12951,106.45309
699.7294,199.88338,35.12951,106.45309
696.223,200.69254,35.12951,106.45309
697.03217,200.96225,35.12951,106.45309
696.62683,199.23764,34.380363,104.182945
697.41876,199.5016,34.380363,104.182945
696.62683,198.18176,34.380363,104.182945
698.4746,198.97366,34.380363,104.182945
696.62683,197.12589,34.380363,104.182945
697.94666,197.38985,34.380363,104.182945
695.5709,196.59795,34.380363,104.182945
697.4187,194.75017,34.380363,104.182945
694.5151,195.01413,34.380363,104.182945
695.307,193.16635,34.380363,104.182945
693.9872,192.90239,34.380363,104.182945
694.25116,193.69429,34.380363,104.182945
694.51514,193.43033,34.380363,104.182945
694.7791,192.63843,34.380363,104.182945
694.51514,191.84653,34.380363,104.182945
694.4087,190.42014,35.14103,106.48799
692.62024,188.96219,35.918526,108.84404
692.896,189.78952,35.918526,108.84404
692.06866,190.61685,35.918526,108.84404
691.24133,191.44418,35.918526,108.84404
692.62024,192.27151,35.918526,108.84404
690.6898,194.20197,35.918526,108.84404
691.51715,195.58087,35.918526,108.84404
690.13824,196.4082,35.918526,108.84404
691.51715,198.33865,35.918526,108.84404
690.13824,199.16599,35.918526,108.84404
692.62024,198.8902,35.918526,108.84404
694.55066,199.16599,35.918526,108.84404
692.06866,201.09644,35.918526,108.84404
696.7569,201.3722,35.918526,108.84404
694.8265,202.75107,35.918526,108.84404
697.86005,200.2691,35.918526,108.84404
694.78754,204.35356,35.152554,106.52291
692.3008,207.31036,34.402916,104.251274
695.9773,209.18576,33.669262,102.02808
699.8549,207.37619,33.669262,102.02808
697.01135,208.66873,33.669262,102.02808
694.1678,209.96127,33.669262,102.02808
698.0454,210.73679,33.669262,102.02808
695.20184,211.5123,33.669262,102.02808
699.5965,209.18573,33.669262,102.02808
697.7869,210.47827,33.669262,102.02808
699.07947,210.73679,33.669262,102.02808
699.51166,206.65787,34.414196,104.28545
698.1905,206.39365,34.414196,104.28545
698.98315,206.12943,34.414196,104.28545
699.2474,205.8652,34.414196,104.28545
698.98315,204.01561,34.414196,104.28545
699.2474,203.75139,34.414196,104.28545
699.14075,201.77533,35.17561,106.592766
700.4911,200.9651,35.17561,106.592766
698.14056,200.62653,35.95387,108.95113
698.4166,200.90257,35.95387,108.95113
698.6927,201.73071,35.95387,108.95113
696.7603,202.00676,35.95387,108.95113
698.14056,202.83492,35.95387,108.95113
698.9687,203.66304,35.95387,108.95113
696.48425,205.04329,35.95387,108.95113
700.0729,205.31935,35.95387,108.95113
697.0363,207.2517,35.95387,108.95113
700.0729,207.52776,35.95387,108.95113
695.9321,208.908,35.95387,108.95113
699.7744,210.86794,35.18714,106.627716
703.82684,211.1381,35.18714,106.627716
701.9357,212.4889,35.18714,106.627716
705.4478,211.1381,35.18714,106.627716
703.01636,213.02925,35.18714,106.627716
701.12524,214.38005,35.18714,106.627716
705.1777,211.9486,35.18714,106.627716
701.12524,214.38005,35.18714,106.627716
704.6373,214.65022,35.18714,106.627716
707.60913,213.29942,35.18714,106.627716
704.6373,214.65022,35.18714,106.627716
708.68976,215.46071,35.18714,106.627716
705.71796,215.73088,35.18714,106.627716
710.3107,213.29942,35.18714,106.627716
708.4196,214.65022,35.18714,106.627716
710.553,211.50859,35.965656,108.986855
709.1723,212.33702,35.965656,108.986855
711.1053,210.95631,35.965656,108.986855
710.82916,211.23247,35.965656,108.986855
711.1053,210.40404,35.965656,108.986855
712.13995,208.33887,36.7614,111.398186
712.4222,208.05661,36.7614,111.398186
713.2689,207.77435,36.7614,111.398186
713.55115,208.6211,36.7614,111.398186
714.9624,208.90335,36.7614,111.398186
716.9382,208.6211,36.7614,111.398186
713.3103,207.68161,37.574745,113.86287
715.3298,206.81613,37.574745,113.86287
716.19525,207.10461,37.574745,113.86287
716.48376,207.9701,37.574745,113.86287
717.9262,209.41257,37.574745,113.86287
715.3298,210.85504,37.574745,113.86287
718.50323,211.14352,37.574745,113.86287
717.0608,212.009,37.574745,113.86287
720.23425,212.87448,37.574745,113.86287
718.2148,213.73996,37.574745,113.86287
722.5422,214.02844,37.574745,113.86287
719.32794,216.63284,36.773453,111.43471
724.12775,217.47986,36.773453,111.43471
722.71606,218.32687,36.773453,111.43471
728.08057,218.04453,36.773453,111.43471
726.6689,218.89154,36.773453,111.43471
725.82184,219.73856,36.773453,111.43471
727.2335,221.15027,36.773453,111.43471
724.12775,221.43262,36.773453,111.43471
727.7982,221.15027,36.773453,111.43471
725.1968,222.61058,35.989246,109.05833
728.78894,221.78163,35.989246,109.05833
725.7494,223.16322,35.989246,109.05833
727.68365,222.33427,35.989246,109.05833
725.1968,223.16322,35.989246,109.05833
727.13104,222.88692,35.989246,109.05833
725.74945,224.26851,35.989246,109.05833
727.46484,225.16502,35.221764,106.73263
725.031,225.43544,35.221764,106.73263
728.5466,225.16502,35.221764,106.73263
725.031,225.9763,35.221764,106.73263
729.0874,224.62416,35.221764,106.73263
725.57184,224.35374,35.221764,106.73263
728.26843,221.77019,36.001045,109.094086
724.6751,224.81071,36.001045,109.094086
728.00494,221.59642,36.79757,111.50779
724.89716,223.57411,36.79757,111.50779
729.1351,222.72652,36.79757,111.50779
725.4622,222.44398,36.79757,111.50779
728.57,221.03136,36.79757,111.50779
724.3321,221.87895,36.79757,111.50779
725.3907,220.35226,37.611717,113.9749
722.2141,221.79614,37.611717,113.9749
723.08044,222.08493,37.611717,113.9749
722.2141,222.37372,37.611717,113.9749
722.69684,222.61093,38.44388,116.4966
721.221,223.49643,38.44388,116.4966
722.1065,223.7916,38.44388,116.4966
721.221,224.08676,38.44388,116.4966
722.1065,224.97226,38.44388,116.4966
720.6307,225.85776,38.44388,116.4966
722.1065,226.15292,38.44388,116.4966
720.04034,227.03842,38.44388,116.4966
720.92584,227.33359,38.44388,116.4966
719.45,228.21909,38.44388,116.4966
720.3355,229.10458,38.44388,116.4966
719.45,229.99008,38.44388,116.4966
719.7452,230.28525,38.44388,116.4966
720.04034,230.58041,38.44388,116.4966
719.15485,231.46591,38.44388,116.4966
719.45,232.35141,38.44388,116.4966
719.15485,233.23691,38.44388,116.4966
718.8597,234.1224,38.44388,116.4966
717.9742,234.41757,38.44388,116.4966
719.2376,237.08221,37.62405,114.012276
716.63776,237.3711,37.62405,114.012276
717.5044,238.2377,37.62405,114.012276
715.4823,239.10431,37.62405,114.012276
716.34894,239.39319,37.62405,114.012276
714.9046,239.68207,37.62405,114.012276
716.34894,239.97095,37.62405,114.012276
714.32684,239.68207,37.62405,114.012276
716.34894,238.2377,37.62405,114.012276
714.9046,238.52658,37.62405,114.012276
715.77124,239.39319,37.62405,114.012276
716.0601,239.10431,37.62405,114.012276
715.77124,239.39319,37.62405,114.012276
716.0601,239.68207,37.62405,114.012276
716.349,239.39319,37.62405,114.012276
714.3269,239.68207,37.62405,114.012276
714.038,238.81546,37.62405,114.012276
714.3269,239.10434,37.62405,114.012276
712.3048,238.81546,37.62405,114.012276
713.17145,239.68207,37.62405,114.012276
714.0381,239.97095,37.62405,114.012276
711.43823,240.83755,37.62405,114.012276
711.7271,241.12643,37.62405,114.012276
710.2828,240.83755,37.62405,114.012276
708.2607,241.70416,37.62405,114.012276
708.54956,242.57077,37.62405,114.012276
708.83844,243.43738,37.62405,114.012276
706.2386,244.30399,37.62405,114.012276
707.1052,243.43738,37.62405,114.012276
705.6609,243.72626,37.62405,114.012276
704.79425,244.01514,37.62405,114.012276
703.9276,243.72626,37.62405,114.012276
704.79425,245.17062,37.62405,114.012276
699.9052,248.3353,36.821705,111.58093
701.8842,250.31427,36.821705,111.58093
699.9052,250.59698,36.821705,111.58093
701.3188,249.18341,36.821705,111.58093
697.64355,249.46613,36.821705,111.58093
698.4917,250.8797,36.821705,111.58093
696.5127,251.16241,36.821705,111.58093
694.5337,252.57599,36.821705,111.58093
694.251,253.98956,36.821705,111.58093
692.8374,253.70685,36.821705,111.58093
691.98926,255.68582,36.821705,111.58093
691.1411,254.83768,36.821705,111.58093
689.1621,254.55496,36.821705,111.58093
687.1831,255.4031,36.821705,111.58093
685.76953,256.81668,36.821705,111.58093
686.6177,255.96854,36.821705,111.58093
685.76953,256.81668,36.821705,111.58093
684.35596,257.66483,36.821705,111.58093
685.2041,258.51297,36.821705,111.58093
682.65967,259.3611,36.821705,111.58093
683.5078,260.7747,36.821705,111.58093
682.2205,260.42026,37.636387,114.04966
679.0419,260.70923,37.636387,114.04966
679.90875,262.15405,37.636387,114.04966
678.3604,261.97754,36.83378,111.617516
677.512,259.43228,36.83378,111.617516
676.098,261.97754,36.83378,111.617516
677.512,261.12912,36.83378,111.617516
677.22925,260.8463,36.83378,111.617516
675.24963,260.5635,36.83378,111.617516
674.96686,263.10876,36.83378,111.617516
675.81525,261.69473,36.83378,111.617516
673.83563,260.8463,36.83378,111.617516
673.55286,262.26035,36.83378,111.617516
672.70447,263.10876,36.83378,111.617516
672.4217,262.26035,36.83378,111.617516
671.0077,263.10876,36.83378,111.617516
671.29047,262.26035,36.83378,111.617516
669.31085,263.10876,36.83378,111.617516
670.72485,262.82596,36.83378,111.617516
669.31085,263.10876,36.83378,111.617516
669.5936,263.95718,36.83378,111.617516
670.442,264.24,36.83378,111.617516
670.15924,265.65402,36.83378,111.617516
670.442,266.50244,36.83378,111.617516
671.856,267.35086,36.83378,111.617516
672.1388,268.19928,36.83378,111.617516
670.1592,268.4821,36.83378,111.617516
671.00757,269.3305,36.83378,111.617516
671.85596,269.6133,36.83378,111.617516
672.13873,268.19928,36.83378,111.617516
671.43787,265.49747,37.648727,114.08705
672.30505,264.63028,37.648727,114.08705
672.42786,265.5681,36.845856,111.65411
672.71075,265.851,36.845856,111.65411
670.73047,266.6997,36.845856,111.65411
672.71075,266.9826,36.845856,111.65411
670.1647,268.3971,36.845856,111.65411
672.71075,269.2458,36.845856,111.65411
671.29626,268.9629,36.845856,111.65411
673.84235,270.94318,36.845856,111.65411
672.42786,269.5287,36.845856,111.65411
674.40814,270.37738,36.845856,111.65411
675.25684,270.09448,36.845856,111.65411
673.84235,270.94318,36.845856,111.65411
675.25684,271.79187,36.845856,111.65411
676.6713,272.07477,36.845856,111.65411
676.9542,272.92346,36.845856,111.65411
678.3687,273.77216,36.845856,111.65411
677.52,274.62085,36.845856,111.65411
677.8029,275.46954,36.845856,111.65411
678.0858,276.31824,36.845856,111.65411
678.9345,276.03534,36.845856,111.65411
679.7832,275.75244,36.845856,111.65411
680.0661,276.03534,36.845856,111.65411
681.4806,276.31824,36.845856,111.65411
682.8951,273.77216,36.845856,111.65411
682.6122,275.18665,36.845856,111.65411
683.4609,273.77216,36.845856,111.65411
684.87537,274.62085,36.845856,111.65411
683.4609,273.20636,36.845856,111.65411
684.87537,272.35767,36.845856,111.65411
683.4609,273.20636,36.845856,111.65411
685.44116,273.48926,36.845856,111.65411
686.85565,272.64056,36.845856,111.65411
687.70435,272.92346,36.845856,111.65411
688.55304,273.20636,36.845856,111.65411
690.5333,271.22607,36.845856,111.65411
689.68463,273.20636,36.845856,111.65411
691.0991,271.79187,36.845856,111.65411
692.5136,273.20636,36.845856,111.65411
694.4939,271.79187,36.845856,111.65411
695.9084,273.20636,36.845856,111.65411
696.7571,272.35767,36.845856,111.65411
698.73737,272.64056,36.845856,111.65411
701.28345,274.05505,36.845856,111.65411
703.26373,276.03534,36.845856,111.65411
705.8098,272.92346,36.845856,111.65411
707.2243,278.29852,36.845856,111.65411
709.2046,279.14722,36.845856,111.65411
711.1849,279.4301,36.845856,111.65411
714.29675,276.31824,36.845856,111.65411
717.9744,274.33795,36.845856,111.65411
719.9547,275.75244,36.845856,111.65411
723.0666,277.16693,36.845856,111.65411
725.6127,278.01562,36.845856,111.65411
728.72455,277.73273,36.845856,111.65411
731.2706,278.01562,36.845856,111.65411
734.3825,278.86432,36.845856,111.65411
738.0602,278.58142,36.845856,111.65411
741.73785,277.73273,36.845856,111.65411
744.28394,277.44983,36.845856,111.65411
746.83,276.60114,36.845856,111.65411
748.8103,278.01562,36.845856,111.65411
751.9222,276.03534,36.845856,111.65411
755.59985,274.62085,36.845856,111.65411
759.59485,271.33115,37.66107,114.12446
764.5105,273.35526,37.66107,114.12446
768.8478,267.28296,37.66107,114.12446
774.92004,271.042,37.66107,114.12446
778.1008,271.33115,37.66107,114.12446
780.98413,271.56863,38.494324,116.64946
785.4175,272.4553,38.494324,116.64946
791.62415,272.75085,38.494324,116.64946
797.8308,271.8642,38.494324,116.64946
801.673,273.34198,38.494324,116.64946
807.87964,273.63754,38.494324,116.64946
812.90405,273.9331,38.494324,116.64946
819.1107,274.22867,38.494324,116.64946
825.90845,274.52423,38.494324,116.64946
832.1151,276.002,38.494324,116.64946
842.4596,278.0709,38.494324,116.64946
850.4396,279.54868,38.494324,116.64946
859.6017,281.02646,38.494324,116.64946
869.355,280.7309,38.494324,116.64946
879.1083,281.61755,38.494324,116.64946
889.45276,281.91312,38.494324,116.64946
899.7971,281.61755,38.494324,116.64946
908.3683,283.09534,38.494324,116.64946
917.5304,283.982,38.494324,116.64946
924.9193,286.05087,38.494324,116.64946
932.8993,287.52866,38.494324,116.64946
941.0012,291.90604,37.67342,114.16187
950.5465,291.6168,37.67342,114.16187
958.3563,292.48456,37.67342,114.16187
966.7446,292.1953,37.67342,114.16187
973.8303,290.6323,38.506943,116.687706
981.6863,289.64816,39.35891,119.269424
991.05426,292.3679,39.35891,119.269424
998.0047,291.4613,39.35891,119.269424
1005.5596,290.55472,39.35891,119.269424
1012.5099,291.4613,39.35891,119.269424
1021.27344,288.13718,39.35891,119.269424
1026.4108,288.43936,39.35891,119.269424
1035.1743,290.55472,39.35891,119.269424
1040.3116,288.43936,39.35891,119.269424
1047.2621,288.74155,39.35891,119.269424
1053.0038,290.2525,39.35891,119.269424
1059.3499,290.5547,39.35891,119.269424
1066.7526,287.66763,40.229725,121.908264
1072.0035,289.82977,40.229725,121.908264
1077.2545,291.37418,40.229725,121.908264
1083.1232,291.68304,40.229725,121.908264
1088.9918,292.60968,40.229725,121.908264
1094.8605,292.91855,40.229725,121.908264
1105.6713,293.22742,40.229725,121.908264
1109.069,294.15405,40.229725,121.908264
1122.4038,290.56223,41.11981,124.605484
1127.5173,288.85623,42.029583,127.36238
1132.3578,289.8243,42.029583,127.36238
1139.7798,291.4378,42.029583,127.36238
1146.5564,291.7605,42.029583,127.36238
1154.4614,290.68634,42.959488,130.18027
1162.0477,292.33557,42.959488,130.18027
1170.9534,294.6444,42.959488,130.18027
1179.1993,295.6339,42.959488,130.18027
1186.126,296.6234,42.959488,130.18027
1193.0526,295.6339,42.959488,130.18027
1199.9792,295.96375,42.959488,130.18027
1208.2252,295.6339,42.959488,130.18027
1214.4922,293.98474,42.959488,130.18027
1222.0785,295.6339,42.959488,130.18027
1227.026,296.6234,42.959488,130.18027
1231.3138,298.27264,42.959488,130.18027
1237.1764,299.9786,42.043365,127.40414
1239.436,299.6558,42.043365,127.40414
1243.9292,301.32538,41.14678,124.6872
1244.877,302.90497,41.14678,124.6872
1247.4471,306.36597,40.26931,122.02821
1247.7563,311.0037,40.26931,122.02821
1249.0797,305.45068,39.410553,119.42593
1249.3823,312.41025,39.410553,119.42593
1249.511,314.5586,38.57011,116.879135
1252.4911,316.09027,37.747593,114.38665
1220.3209,345.3622,37.747593,114.38665
1215.9736,345.65204,37.747593,114.38665
1216.2634,344.78256,37.747593,114.38665
1218.2922,344.49274,37.747593,114.38665
1219.7413,343.62326,37.747593,114.38665
1218.8718,343.33344,37.747593,114.38665
1222.6395,343.0436,37.747593,114.38665
1224.4387,344.54263,36.942616,111.94732
1227.5587,344.259,36.942616,111.94732
1230.1115,344.54263,36.942616,111.94732
1236.2466,348.74356,36.154804,109.560005
1233.7483,347.3556,36.154804,109.560005
1236.8018,346.52283,36.154804,109.560005
1241.5209,346.24524,36.154804,109.560005
1247.9055,344.85727,36.154804,109.560005
1250.0975,341.62924,36.95473,111.984024
1248.6788,341.34552,36.95473,111.984024
1249.53,339.92685,36.95473,111.984024
1249.2463,339.64313,36.95473,111.984024
1248.82,342.7515,36.16666,109.59593
1244.6547,343.58453,36.16666,109.59593
1249.9307,343.8622,36.16666,109.59593
1249.0977,344.69525,36.16666,109.59593
1249.3754,341.64075,36.16666,109.59593
1253.7756,341.4711,35.395397,107.258766
1252.4169,313.47968,35.395397,107.258766
1251.6016,308.31622,35.395397,107.258766
1250.9281,306.2838,36.17852,109.63187
1250.6503,308.22827,36.17852,109.63187
1253.7058,298.50616,36.17852,109.63187
1256.5011,303.69116,35.407,107.29394
1254.0544,294.1764,35.407,107.29394
1253.6459,292.43817,34.651936,105.00586
1252.4343,294.31287,35.41861,107.32912
1251.0746,298.39197,35.41861,107.32912
1251.5293,296.35822,36.202248,109.70377
1254.8623,280.11383,35.430225,107.36431
1256.2224,271.68094,35.430225,107.36431
1255.9504,267.6005,35.430225,107.36431
1255.5416,271.62946,34.674664,105.07474
1253.7769,269.6384,35.44184,107.39951
1257.5645,273.1441,34.68603,105.109184
1257.2981,261.69257,34.68603,105.109184
1255.533,257.49048,35.45346,107.43472
1254.2935,271.27,36.23787,109.811714
1253.0266,279.00375,37.03963,112.241295
1252.1735,279.28815,37.03963,112.241295
1252.0587,276.57123,37.85913,114.72463
1252.1823,278.07468,37.051773,112.27809
1252.0675,275.35684,37.871544,114.762245
1252.191,283.02658,37.063923,112.3149
1253.4092,283.94986,36.273525,109.919754
1252.141,276.08807,37.076077,112.35173
1250.8448,269.23373,37.896385,114.83751
1250.1238,267.66147,38.734844,117.37829
1250.2502,267.47977,37.908813,114.87516
1251.7056,267.7708,37.908813,114.87516
1253.7429,267.47977,37.908813,114.87516
1251.7056,265.44235,37.908813,114.87516
1252.5786,263.98706,37.908813,114.87516
1255.1982,265.44235,37.908813,114.87516
1254.9072,270.39035,37.908813,114.87516
1253.5819,274.2531,38.747547,117.41677
1252.5614,276.3653,37.921246,114.91283
1251.688,277.82108,37.921246,114.91283
1252.9342,282.69455,37.112564,112.46227
1254.3589,280.13004,37.112564,112.46227
1256.9233,277.56552,37.112564,112.46227
1254.9287,274.43112,37.112564,112.46227
1256.3534,245.08176,37.112564,112.46227
1253.2822,234.08182,37.933678,114.9505
1253.5735,232.04306,37.933678,114.9505
1255.6122,234.6643,37.933678,114.9505
1256.2974,241.22372,37.12473,112.499146
1256.0123,235.23792,37.12473,112.499146
1257.2324,233.96483,36.333035,110.10007
1254.1638,254.88686,36.333035,110.10007
1255.7878,263.79865,37.1369,112.53603
1254.3622,258.9514,37.1369,112.53603
1235.8286,280.3363,37.1369,112.53603
1251.3401,282.91037,36.344948,110.13617
1250.5029,282.63132,36.344948,110.13617
1251.8982,281.79416,36.344948,110.13617
1253.2935,282.0732,36.344948,110.13617
1255.5638,279.21307,35.56988,107.78748
1256.7328,255.88199,34.811344,105.488884
1255.9309,249.20007,34.811344,105.488884
1255.129,246.26004,34.811344,105.488884
1256.273,243.52057,34.06898,103.2393
1256.0114,242.21268,34.06898,103.2393
1257.131,248.10384,33.34245,101.0377
1256.875,260.64777,33.34245,101.0377
1256.619,264.48776,33.34245,101.0377
1257.7148,267.7858,32.631413,98.88303
1256.0542,261.75317,33.353382,101.07082
1256.3103,258.4241,33.353382,101.07082
1258.3937,253.33109,32.642113,98.91546
1259.1455,253.5817,32.642113,98.91546
1260.2183,254.87798,31.94601,96.80605
1260.3225,256.1466,31.264751,94.74164
1259.499,255.5372,30.59802,92.721245
1260.0516,249.05348,29.945509,90.743935
1259.3619,249.2834,29.945509,90.743935
1260.7893,236.73291,29.306911,88.80879
1261.3187,234.86038,28.681932,86.91492
1262.8602,231.99756,28.681932,86.91492
1261.6802,198.32649,28.070282,85.06143
1263.0182,197.77936,27.471674,83.247475
1264.7343,196.4307,26.885832,81.4722
1261.2242,189.7469,27.48068,83.27477
1227.4277,202.17891,28.08869,85.117226
1228.2357,200.56604,28.710152,87.00044
1235.51,202.54996,28.710152,87.00044
1259.0963,201.00693,28.710152,87.00044
1259.3168,200.34561,28.710152,87.00044
1259.5372,193.5122,28.710152,87.00044
1261.5211,191.08743,28.710152,87.00044
1261.7416,184.25403,28.710152,87.00044
1259.823,184.43507,29.345364,88.92532
1259.4845,182.56009,28.719564,87.02896
1260.146,183.66261,28.719564,87.02896
1260.2396,186.50339,28.107111,85.17304
1259.9153,188.45157,27.507719,83.356705
1261.816,189.50757,27.507719,83.356705
1243.7631,182.23093,28.116327,85.20097
1256.3389,186.67659,27.516739,83.38404
1259.5079,188.57802,27.516739,83.38404
1261.2268,187.6344,26.929935,81.60585
1261.3146,176.74637,26.355646,79.86558
1262.7311,174.11575,26.355646,79.86558
1264.5522,175.93695,26.355646,79.86558
1260.2719,184.92078,26.938765,81.63261
1261.0469,188.52408,27.534784,83.43873
1260.4126,188.31267,27.534784,83.43873
1263.1609,190.21535,27.534784,83.43873
1261.6206,183.97318,26.947598,81.65937
1261.1079,175.55675,27.543814,83.46609
1264.0514,165.23584,26.956434,81.68615
1260.9618,168.84149,27.552845,83.493454
1260.7502,167.36066,27.552845,83.493454
1256.7308,169.26459,27.552845,83.493454
1259.2675,172.80557,26.965273,81.71293
1262.373,168.87189,26.965273,81.71293
1263.8223,167.42264,26.965273,81.71293
1262.373,166.80153,26.965273,81.71293
1263.6584,165.47772,26.39023,79.970375
1262.6454,138.52916,26.39023,79.970375
1265.8562,138.40536,25.82745,78.264984
1265.5582,138.66647,25.276672,76.59596
1264.1443,138.92203,24.73764,74.96253
1263.1946,129.23547,24.73764,74.96253
1262.6248,126.38649,24.73764,74.96253
1264.1699,126.27045,24.210102,73.36393
1263.2405,124.96927,24.210102,73.36393
1262.6028,124.49737,23.693815,71.79942
1262.152,124.26931,24.21804,73.387985
1264.1974,124.45525,24.21804,73.387985
1263.201,123.26631,23.701584,71.82297
1262.6552,125.63202,23.701584,71.82297
1265.1881,125.52084,23.19614,70.29132
1263.5852,124.98656,23.19614,70.29132
1263.0509,125.16466,23.19614,70.29132
1262.5166,123.56178,23.19614,70.29132
1264.1195,124.09607,23.19614,70.29132
1263.9414,124.630356,23.19614,70.29132
1262.7609,124.407074,23.709354,71.84652
1264.7633,124.58911,23.709354,71.84652
1263.8531,125.86337,23.709354,71.84652
1267.0887,127.506744,23.203745,70.31437
1264.7727,135.16742,23.203745,70.31437
1263.882,139.265,23.203745,70.31437
1262.9912,140.51208,23.203745,70.31437
1262.1005,138.90869,23.203745,70.31437
1261.659,137.20667,23.717127,71.87007
1261.8412,137.02457,23.717127,71.87007
1262.2695,139.72156,23.211351,70.33742
1262.4478,139.89975,23.211351,70.33742
1262.2695,140.07797,23.211351,70.33742
1264.063,140.99973,22.716362,68.83745
1264.5862,140.82532,22.716362,68.83745
1265.4583,142.39502,22.716362,68.83745
1266.4736,140.72874,23.218962,70.36047
1264.5521,139.76543,23.732681,71.9172
1266.9209,139.94765,23.732681,71.9172
1265.7131,139.34113,24.257767,73.50837
1264.4094,138.40988,24.257767,73.50837
1264.2231,137.85114,24.257767,73.50837
1264.6614,138.09637,23.740463,71.94078
1264.3875,139.39053,23.23419,70.406624
1264.2091,141.35281,23.23419,70.406624
1265.9879,152.23389,23.748247,71.96437
1264.3469,154.60425,23.748247,71.96437
1262.76,152.86229,24.273678,73.55658
1264.6355,152.38916,23.756035,71.98796
1264.0883,148.92365,23.756035,71.98796
1266.0946,148.37646,23.756035,71.98796
1264.453,146.37012,23.756035,71.98796
1265.2338,144.85226,23.24943,70.4528
1264.3412,141.46065,23.24943,70.4528
1267.514,149.61018,22.753628,68.95037
1266.7186,146.49117,23.257051,70.4759
1265.1644,143.30313,23.771614,72.03518
1264.2518,141.66049,23.771614,72.03518
1262.6093,138.55772,23.771614,72.03518
1262.3351,138.09439,23.264677,70.49901
1262.411,137.29659,22.76855,68.9956
1263.1593,137.18979,22.283005,67.52425
1264.6991,135.99219,22.283005,67.52425
1266.7506,135.55786,21.807814,66.084274
1265.2933,132.56848,22.290312,67.54639
1267.8605,135.47789,22.290312,67.54639
1266.2836,133.39386,21.814964,66.10594
1264.4783,135.26915,22.29762,67.568535
1252.6656,151.53297,22.29762,67.568535
1252.5966,150.25266,22.790956,69.06349
1253.4714,150.42764,22.790956,69.06349
1254.3463,151.30255,22.790956,69.06349
1259.3591,151.08319,23.295206,70.59152
1262.042,136.95345,23.295206,70.59152
1262.7122,132.6468,23.810612,72.15336
1261.5004,135.45233,24.337421,73.74975
1263.0206,134.97797,23.818419,72.17701
1264.1559,138.039,23.310484,70.63781
1264.6927,133.20668,23.310484,70.63781
1264.2493,133.72507,23.82623,72.20067
1263.7004,135.00562,23.82623,72.20067
1260.2103,134.01709,24.353384,73.79811
1260.7712,133.08218,24.353384,73.79811
1260.9583,133.26917,24.353384,73.79811
1261.6588,141.5705,24.892202,75.43089
1263.7611,129.14777,24.892202,75.43089
1262.4232,126.663216,24.892202,75.43089
1260.3633,126.42363,25.442942,77.0998
1260.4463,129.69344,24.900364,75.45563
1262.5493,129.88461,24.900364,75.45563
1262.6305,130.50491,24.369356,73.84651
1262.3494,128.94785,23.849672,72.27171
1261.8,132.79327,23.849672,72.27171
1261.3462,128.76407,24.377346,73.87073
1261.9077,126.3309,24.377346,73.87073
1262.3481,124.05174,23.857492,72.29541
1262.779,126.05847,23.348724,70.753685
1262.8552,137.6986,22.850805,69.24484
1262.6798,138.57582,22.850805,69.24484
1263.2062,138.40038,22.850805,69.24484
1262.6798,136.82137,22.850805,69.24484
1261.8026,135.94414,22.850805,69.24484
1262.2153,135.49875,22.363504,67.76817
1262.7305,134.98364,22.363504,67.76817
1263.2456,134.12512,22.363504,67.76817
1263.3186,133.68922,21.886597,66.323
1263.3899,136.17807,21.419859,64.90864
1263.4597,136.71165,20.963074,63.52444
1263.9426,138.16022,20.963074,63.52444
1263.8777,137.2905,21.426882,64.92992
1263.3842,137.12598,21.426882,64.92992
1263.8777,137.6195,21.426882,64.92992
1263.4701,130.92735,21.900951,66.36649
1264.3109,129.41399,21.900951,66.36649
1263.8942,127.458595,22.38551,67.834854
1262.6418,131.32945,21.908133,66.38825
1263.1465,130.152,21.908133,66.38825
1263.218,124.86113,21.440935,64.9725
1264.24,124.44322,20.9837,63.586945
1264.4011,124.282104,20.9837,63.586945
1263.9178,124.76544,20.9837,63.586945
1264.079,124.282104,20.9837,63.586945
1263.5262,126.04712,20.536217,62.230934
1263.684,125.25874,20.536217,62.230934
1264.9667,125.77031,20.098276,60.90384
1265.0323,125.67604,19.669674,59.605045
1265.3876,125.87489,19.250212,58.33395
1266.5901,125.49968,18.839695,57.089962
1268.1813,125.35503,18.839695,57.089962
1267.1687,124.34248,18.839695,57.089962
1265.2882,116.0975,18.839695,57.089962
1265.3496,124.93205,18.437933,55.8725
1266.7612,127.10455,18.845873,57.10868
1266.9059,137.66737,18.845873,57.10868
1267.9187,138.68025,18.845873,57.10868
1256.1508,151.70961,19.262838,58.37221
1257.4818,152.4491,19.262838,58.37221
1259.8256,153.78426,18.852053,57.127407
1263.7336,153.929,18.852053,57.127407
1265.7483,154.95667,18.450027,55.90915
1267.993,155.96242,18.056576,54.71687
1267.2998,155.26924,18.056576,54.71687
1269.7639,159.19328,17.671515,53.550014
1267.7288,159.87167,17.671515,53.550014
1268.1357,160.00735,17.671515,53.550014
1267.4574,156.34401,17.671515,53.550014
1268.1357,157.0224,17.671515,53.550014
1269.8995,154.44449,17.671515,53.550014
1268.1556,161.59431,18.062496,54.73481
1266.9486,160.84494,18.46213,55.945816
1266.5973,199.19836,18.870604,57.183617
1266.9381,197.15475,18.468182,55.964157
1265.7041,194.62318,18.876791,57.202366
1265.3448,192.0356,19.29444,58.467968
1263.7153,193.07259,19.29444,58.467968
1263.3481,190.73514,19.721329,59.76157
1264.858,188.34596,20.157663,61.083794
1266.251,182.61955,20.157663,61.083794
1267.5101,163.43076,19.727795,59.781162
1266.147,158.43233,19.727795,59.781162
1265.0867,156.76619,19.727795,59.781162
1264.3293,142.67972,19.727795,59.781162
1264.1779,140.10477,19.727795,59.781162
1265.541,141.16504,19.727795,59.781162
1267.6493,127.34918,19.307093,58.50631
1265.4263,125.258316,18.895363,57.258644
1267.3123,124.24278,18.895363,57.258644
1261.074,122.9371,18.895363,57.258644
1266.1696,123.128136,18.492414,56.037586
1265.7437,122.98615,18.492414,56.037586
1265.6017,121.99227,18.492414,56.037586
1264.6605,121.225044,18.90156,57.277416
1264.7222,122.535164,18.498478,56.055958
1265.4324,120.40473,18.498478,56.055958
1265.0804,121.700226,18.907757,57.296196
1265.2256,122.13574,18.907757,57.296196
1266.372,104.48239,19.326092,58.563873
1267.2358,101.52531,19.753681,59.8596
1266.7809,101.070305,19.753681,59.8596
1265.4609,97.7331,20.190731,61.183994
1266.3634,96.252075,20.637451,62.53769
1266.6283,94.40949,21.094055,63.921337
1267.4381,92.95187,21.094055,63.921337
1267.1947,89.41865,20.644218,62.558197
1265.7682,87.04109,20.644218,62.558197
1266.2437,87.5166,20.644218,62.558197
1266.311,88.64196,20.203974,61.224125
1267.8721,89.44428,19.773117,59.918503
1267.113,89.89973,19.773117,59.918503
1266.4218,89.39439,20.210598,61.244198
1265.3933,87.26794,20.657757,62.599224
1264.6711,86.41087,21.114809,63.98423
1265.6149,85.53485,21.581974,65.39988
1264.1727,82.92027,22.059475,66.846855
1263.9182,83.79629,21.58905,65.421326
1265.5863,84.97315,21.128656,64.0262
1264.4507,84.81093,21.128656,64.0262
1263.964,84.97315,21.128656,64.0262
1264.7751,85.135376,21.128656,64.0262
1263.6395,84.648705,21.128656,64.0262
1264.7751,84.48648,21.128656,64.0262
1267.3458,86.26369,20.678082,62.66082
1266.4951,87.08485,20.237116,61.32456
1268.9573,89.08658,19.805553,60.016792
1267.5887,88.63039,19.805553,60.016792
1266.8284,87.87007,19.805553,60.016792
1266.068,88.63039,19.805553,60.016792
1267.4365,88.47833,19.805553,60.016792
1266.3721,88.32626,19.805553,60.016792
1266.1436,90.57846,19.383194,58.736916
1268.3759,90.13199,19.383194,58.736916
1266.7388,88.7926,19.383194,58.736916
1267.7805,89.83435,19.383194,58.736916
1266.7388,90.28081,19.383194,58.736916
1266.59,89.83435,19.383194,58.736916
1265.8458,90.28081,19.383194,58.736916
1268.2563,88.55022,19.812048,60.03647
1266.3011,87.09697,20.25039,61.364777
1265.5238,87.25245,20.25039,61.364777
1266.6122,88.651764,20.25039,61.364777
1265.8348,88.80724,20.25039,61.364777
1267.7079,87.96709,20.69843,62.722473
1266.2776,87.172485,20.69843,62.722473
1264.8473,87.013565,20.69843,62.722473
1267.2311,86.536804,20.69843,62.722473
1265.1884,85.678055,21.156382,64.11021
1264.3762,85.8405,21.156382,64.11021
1263.8889,85.678055,21.156382,64.11021
1265.026,84.865875,21.156382,64.11021
1263.8889,84.703445,21.156382,64.11021
1265.6757,84.21614,21.156382,64.11021
1266.8127,85.353195,21.156382,64.11021
1266.3254,85.19075,21.156382,64.11021
1265.5133,84.703445,21.156382,64.11021
1266.9752,84.541016,21.156382,64.11021
1265.8381,83.728836,21.156382,64.11021
1268.2747,83.56639,21.156382,64.11021
1267.0912,84.71967,20.705215,62.74304
1268.204,85.514534,20.705215,62.74304
1267.4092,85.35556,20.705215,62.74304
1267.8861,85.83247,20.705215,62.74304
1268.9989,86.30939,20.705215,62.74304
1268.2751,85.45036,21.163319,64.131226
1268.1127,85.28787,21.163319,64.131226
1267.2421,85.81506,20.712004,62.763607
1266.188,84.62578,21.170258,64.15225
1266.6757,84.463234,21.170258,64.15225
1266.2728,83.922195,21.638649,65.57162
1264.7776,84.42061,21.638649,65.57162
1264.6115,84.91902,21.638649,65.57162
1265.6428,87.05939,21.177198,64.17329
1265.0851,88.52724,20.725588,62.80477
1266.199,86.776825,20.725588,62.80477
1264.7668,86.61769,20.725588,62.80477
1266.6749,85.90697,20.28361,61.465443
1265.3196,86.03488,20.732384,62.825367
1266.4338,86.83079,20.732384,62.825367
1267.3605,85.64033,21.191088,64.21538
1266.8024,85.540924,20.739182,62.845966
1265.4166,82.69804,21.198036,64.236435
1266.7407,83.22609,20.745981,62.866573
1265.9443,82.429665,20.745981,62.866573
1265.4664,82.90752,20.745981,62.866573
1264.9885,83.38537,20.745981,62.866573
1266.7406,82.27037,20.745981,62.866573
1264.6932,81.40965,21.204987,64.2575
1264.5304,80.92122,21.204987,64.2575
1265.1405,80.37929,21.674147,65.6792
1263.9756,80.5457,21.674147,65.6792
1263.4763,80.04646,21.674147,65.6792
1262.977,80.212875,21.674147,65.6792
1263.1434,80.04646,21.674147,65.6792
1264.3083,79.21441,21.674147,65.6792
1263.8091,79.713646,21.674147,65.6792
1264.2006,80.89514,21.211939,64.27857
1264.0377,82.68663,21.211939,64.27857
1263.793,82.58713,20.759588,62.907814
1264.59,82.74652,20.759588,62.907814
1266.3433,82.9059,20.759588,62.907814
1267.1403,83.06529,20.759588,62.907814
1266.3433,82.58713,20.759588,62.907814
1266.5027,83.70285,20.759588,62.907814
1266.8777,84.52724,20.316883,61.566284
1266.1675,83.68432,20.766394,62.92844
1267.6024,83.20599,20.766394,62.92844
1266.4863,83.36543,20.766394,62.92844
1266.3269,83.84376,20.766394,62.92844
1266.1675,84.0032,20.766394,62.92844
1265.6892,83.84376,20.766394,62.92844
1264.5731,83.36543,20.766394,62.92844
1265.2556,83.57538,20.323544,61.58647
1264.7875,83.419334,20.323544,61.58647
1264.9435,84.51163,20.323544,61.58647
1264.4753,84.97975,20.323544,61.58647
1264.6313,87.00829,20.323544,61.58647
1264.9984,89.620186,19.890139,60.27312
1265.1511,89.46747,19.890139,60.27312
1265.216,93.20122,19.465975,58.987778
1265.5676,95.99101,19.050858,57.729847
1265.4214,96.429825,19.050858,57.729847
1264.7552,99.281555,19.472359,59.00712
1264.6057,109.29848,19.472359,59.00712
1264.7552,111.84009,19.472359,59.00712
1256.1726,113.18976,19.057104,57.748775
1255.1484,114.799255,19.057104,57.748775
1250.4156,119.50485,18.650705,56.517265
1251.7045,119.36165,18.650705,56.517265
1253.9736,118.72208,18.252974,55.31202
1253.4928,124.0396,17.863724,54.132473
1250.6428,125.01338,17.482775,52.97808
1248.0924,124.07378,17.482775,52.97808
1248.4951,123.13417,17.482775,52.97808
1250.2401,126.221466,17.482775,52.97808
1255.7435,125.0134,17.482775,52.97808
1257.757,124.879166,17.482775,52.97808
1265.318,120.915794,17.10995,51.84831
1266.7631,120.52169,17.10995,51.84831
1267.5785,130.82426,16.745075,50.742626
1267.707,134.03842,16.745075,50.742626
1268.1888,127.47463,17.11556,51.865307
1269.0046,123.341194,16.750566,50.759262
1267.0756,116.010506,16.750566,50.759262
1267.2905,115.58242,17.121172,51.88231
1268.6013,114.59932,17.499977,53.030205
1267.3921,114.19623,17.499977,53.030205
1269.5684,119.32503,17.887163,54.2035
1267.5083,122.483734,17.887163,54.2035
1267.371,120.97305,17.887163,54.2035
1268.0576,119.73703,17.887163,54.2035
1267.3218,120.71209,17.505714,53.047592
1268.9409,119.14912,17.893028,54.22127
1268.254,119.28649,17.893028,54.22127
1260.502,119.684395,18.288912,55.420918
1263.6504,118.63424,18.693554,56.647106
1262.4012,118.156494,19.10715,57.900425
1265.1886,119.18341,19.10715,57.900425
1265.0419,121.97075,19.10715,57.900425
1265.7754,114.78235,19.10715,57.900425
1266.5089,114.04884,19.10715,57.900425
1266.2885,116.78722,18.699684,56.66568
1265.6346,113.62807,19.113415,57.919407
1264.9664,113.7486,19.536299,59.200874
1266.0164,113.89859,19.536299,59.200874
1264.3997,122.736626,19.96854,60.510693
1263.8737,126.189545,19.542706,59.220284
1263.4235,126.93977,19.542706,59.220284
1263.4872,128.29433,19.125952,57.957394
1263.0466,126.385315,19.125952,57.957394
1265.0906,125.163284,18.718084,56.721436
1265.6289,124.08849,19.132221,57.9764
1264.6006,124.23539,19.132221,57.9764
1263.8661,126.14503,19.132221,57.9764
1263.1316,126.87949,19.132221,57.9764
1263.1941,128.48877,18.72422,56.740036
1263.2551,130.61801,18.32492,55.530037
1264.9423,131.0745,17.934135,54.34584
1264.2538,131.76297,17.934135,54.34584
1263.5159,130.08623,17.551685,53.186897
1262.5725,131.02954,17.551685,53.186897
1264.4482,129.64832,17.177391,52.05267
1261.9321,131.67227,17.557442,53.204334
1264.9547,129.82498,17.9459,54.38148
1263.7554,131.36768,18.342953,55.58467
1261.9148,127.7523,17.951784,54.39931
1256.5394,130.3711,17.951784,54.39931
1257.5043,134.09254,17.951784,54.39931
1258.6257,137.99384,17.568956,53.23923
1259.9832,137.6514,17.194294,52.10389
1261.1713,135.67116,17.194294,52.10389
1265.227,133.58813,17.574718,53.256687
1267.7909,131.29422,17.574718,53.256687
1268.8887,130.69154,17.199932,52.12097
1268.2874,128.60783,17.58048,53.274147
1268.6923,127.393005,17.58048,53.274147
1270.447,126.98807,17.58048,53.274147
1265.3511,118.97648,17.969448,54.45284
1264.6613,119.94225,17.969448,54.45284
1263.9714,120.35615,17.969448,54.45284
1262.1981,119.61062,18.367022,55.657608
1260.6469,119.75164,18.367022,55.657608
1259.6194,121.02471,17.97534,54.47069
1261.0083,120.9404,17.59201,53.30909
1264.1149,121.34561,17.59201,53.30909
1264.52,120.9404,17.59201,53.30909
1264.1853,120.77107,17.981234,54.488552
1262.9836,135.4944,18.379068,55.69411
1262.9268,135.0247,18.785706,56.926342
1262.8685,133.34744,19.20134,58.185837
1264.6445,136.52762,19.62617,59.473198
1263.5897,138.48656,19.62617,59.473198
1261.3403,141.11174,20.060398,60.789043
1259.3606,133.568,20.504234,62.134003
1262.7657,131.95444,20.066975,60.808975
1261.0709,129.64334,20.066975,60.808975
1260.2452,129.25221,19.63904,59.512207
1263.4117,128.79985,19.63904,59.512207
1263.9768,126.420654,20.073553,60.828915
1256.733,131.81493,20.073553,60.828915
1256.2706,131.6608,20.073553,60.828915
1258.767,129.86858,20.517681,62.174755
1256.719,127.50559,20.517681,62.174755
1258.767,130.81377,20.517681,62.174755
1260.1848,129.71104,20.517681,62.174755
1263.178,133.01921,20.517681,62.174755
1263.9657,133.4918,20.517681,62.174755
1260.9602,131.00615,20.971634,63.550373
1260.5612,129.13374,21.43563,64.95643
1262.8519,128.71594,20.97851,63.571213
1261.7245,125.011314,20.97851,63.571213
1261.8855,121.306694,20.97851,63.571213
1263.3351,122.43418,20.97851,63.571213
1262.9359,112.539856,21.44266,64.97772
1261.7365,113.391365,20.985388,63.592052
1261.1837,93.72521,20.537868,62.23593
1262.1626,93.324905,20.099892,60.90873
1262.4205,91.2101,20.544601,62.256336
1255.9532,91.05236,20.544601,62.256336
1256.9325,91.86822,20.106482,60.9287
1259.5569,91.40509,20.106482,60.9287
1255.9711,88.64893,20.551338,62.27675
1256.3423,86.72749,20.113075,60.948677
1258.041,86.57306,20.113075,60.948677
1260.6663,88.88945,20.113075,60.948677
1261.9226,91.77198,19.684158,59.64893
1261.4692,90.41179,19.684158,59.64893
1262.8295,89.65613,19.684158,59.64893
1262.9806,88.90047,19.684158,59.64893
1261.9226,88.44707,19.684158,59.64893
1264.0261,87.77205,19.264387,58.3769
1262.9485,90.24783,18.853569,57.131996
1261.9352,91.55063,18.853569,57.131996
1261.2114,91.40587,18.853569,57.131996
1260.1567,90.759346,18.451511,55.91364
1260.015,89.76767,18.451511,55.91364
1262.2599,88.04254,18.058027,54.721264
1262.3188,89.56146,17.672934,53.554317
1264.897,93.49648,17.672934,53.554317
1264.8422,94.45261,18.063948,54.73921
1265.9706,95.704666,17.678728,53.571877
1266.8132,96.406715,17.301723,52.42944
1267.1257,96.581635,16.932758,51.311367
1265.6957,89.69124,16.932758,51.311367
1264.5256,88.52117,16.932758,51.311367
1263.6156,87.87113,16.932758,51.311367
1262.2144,86.89885,17.307396,52.446632
1261.0184,87.2975,17.307396,52.446632
1260.0883,87.16463,17.307396,52.446632
1261.2842,87.56328,17.307396,52.446632
1263.39,88.50673,16.93831,51.328194
1262.9999,85.51558,16.93831,51.328194
1262.9474,84.27313,17.31307,52.46383
1262.0168,83.60849,17.31307,52.46383
1261.0863,83.741425,17.31307,52.46383
1260.4216,83.342636,17.31307,52.46383
1261.3522,83.741425,17.31307,52.46383
1261.751,84.40605,17.31307,52.46383
1262.9473,85.070694,17.31307,52.46383
1263.6119,86.267044,17.31307,52.46383
1264.4371,87.97955,16.943863,51.34502
1263.5748,87.27657,17.318747,52.48103
1264.2396,89.005196,17.318747,52.48103
1263.9102,89.666245,17.701923,53.642174
1262.7273,89.21383,18.093578,54.829006
1261.7549,88.797066,18.093578,54.829006
1263.5608,89.76951,18.093578,54.829006
1263.4219,90.74195,18.093578,54.829006
1263.5608,91.158714,18.093578,54.829006
1263.4219,91.85332,18.093578,54.829006
1261.6362,91.96742,18.493898,56.0421
1260.9263,93.52935,18.493898,56.0421
1259.9851,93.35134,18.903076,57.282032
1257.5173,92.86824,19.321306,58.549397
1255.2921,91.23643,19.321306,58.549397
1253.3854,90.434814,19.74879,59.844803
1252.0657,89.61546,20.185732,61.16887
1253.0278,90.71583,19.755264,59.864426
1253.5962,89.58148,20.19235,61.188927
1254.177,88.74373,20.639107,62.542732
1254.6523,88.90219,20.639107,62.542732
1254.8108,89.37758,20.639107,62.542732
1254.0894,89.50774,21.095747,63.92649
1253.6879,89.30469,21.56249,65.340866
1253.8534,88.80803,21.56249,65.340866
1252.7561,88.94401,22.03956,66.78653
1251.2332,88.09792,22.03956,66.78653
1249.7102,87.59027,22.03956,66.78653
1248.8641,87.08262,22.03956,66.78653
1250.3871,86.57497,22.03956,66.78653
1250.5563,87.08262,22.03956,66.78653
1251.064,87.25184,22.03956,66.78653
1251.7882,88.45326,21.569561,65.36229
1252.1779,89.94831,21.109583,63.96842
1252.34,89.137924,21.109583,63.96842
1252.8262,89.62415,21.109583,63.96842
1249.3977,89.75728,21.576632,65.38372
1244.3585,87.73997,21.116503,63.98939
1249.0603,86.2808,21.116503,63.98939
1253.7047,89.44174,21.583706,65.40516
1252.8168,87.42377,21.123426,64.010376
1253.1985,82.32241,20.672962,62.645336
1254.1837,81.91947,20.232105,61.309406
1254.5493,76.733925,19.80065,60.001965
1255.493,79.278625,19.378395,58.722404
1256.4167,80.908615,18.965145,57.47013
1257.0399,81.66174,18.560707,56.244564
1257.65,81.84939,18.164894,55.04513
1258.247,82.30189,17.777523,53.871277
1258.0419,80.90289,17.398413,52.722454
1257.3739,80.76931,17.398413,52.722454
1258.0419,81.437225,17.398413,52.722454
1257.1068,82.10514,17.398413,52.722454
1257.0529,83.04642,17.783352,53.88894
1257.7356,84.27525,17.783352,53.88894
1257.8722,83.86565,17.783352,53.88894
1257.1895,83.18295,17.783352,53.88894
1257.0529,78.677185,17.783352,53.88894
1257.7356,77.72142,17.783352,53.88894
1257.599,78.40411,17.783352,53.88894
1257.4624,78.54065,17.783352,53.88894
1257.599,77.584885,17.783352,53.88894
1256.9774,77.69704,18.17681,55.08123
1257.117,75.04541,18.17681,55.08123
1257.2565,72.95201,18.17681,55.08123
1257.117,72.812454,18.17681,55.08123
1257.1763,72.727196,17.789183,53.906605
1267.1469,75.595436,17.789183,53.906605
1269.5745,76.82845,17.409822,52.75703
1268.6886,77.21561,17.795015,53.92428
1268.35,77.04433,18.18873,55.11735
1270.0245,78.84345,17.80085,53.941956
1269.0679,93.74077,17.80085,53.941956
1269.0128,102.36089,18.194695,55.13542
1269.2463,99.576935,18.597252,56.355293
1269.307,105.54526,18.20066,55.1535
1270.1206,94.64136,18.60335,56.37377
1269.7666,87.94191,19.014948,57.62104
1268.4526,86.91995,19.014948,57.62104
1270.0586,91.445786,19.014948,57.62104
1269.0366,58.305073,19.014948,57.62104
1267.766,61.15143,19.435654,58.895905
1269.8732,60.03543,19.865667,60.198975
1268.8055,54.086914,19.865667,60.198975
1267.1616,53.895702,20.305195,61.530876
1266.4518,57.582184,20.754448,62.892246
1269.5913,56.256107,20.311853,61.55105
1268.4996,56.41206,20.311853,61.55105
1267.3634,56.316788,19.878696,60.238453
1269.782,56.811977,19.454777,58.95385
1268.9817,57.584557,19.039898,57.69664
1268.4802,60.876896,18.633867,56.46624
1267.7649,53.866543,18.633867,56.46624
1270.4832,51.434383,18.633867,56.46624
1269.4817,47.85767,18.633867,56.46624
1268.1941,47.14233,18.633867,56.46624
1267.4788,42.42107,18.633867,56.46624
1256.7338,38.679306,19.04614,57.715557
1257.6416,36.898582,18.639977,56.484756
1258.6434,38.472855,18.639977,56.484756
1230.4497,36.61236,18.639977,56.484756
1202.3702,39.283768,18.242474,55.2802
1175.8663,37.073753,18.646088,56.503277
1149.6676,38.93486,18.646088,56.503277
1123.4689,37.6464,18.646088,56.503277
1097.2701,36.644264,18.646088,56.503277
1073.597,39.592537,18.248455,55.29833
1056.9241,37.77112,18.248455,55.29833
1040.5312,37.07057,18.248455,55.29833
1025.7358,36.444794,17.8593,54.119076
1011.256,39.53298,17.478445,52.96497
996.6285,38.05681,17.478445,52.96497
981.2591,35.93936,17.865156,54.136818
966.7744,34.533478,17.484177,52.982334
949.2345,37.039246,17.11132,51.85247
934.91425,35.06857,17.11132,51.85247
920.594,37.302002,17.11132,51.85247
906.97375,35.70218,16.746416,50.7467
897.07336,37.373672,16.746416,50.7467
887.4301,35.959328,16.746416,50.7467
877.5297,37.373672,16.746416,50.7467
868.4136,35.80797,16.389294,49.664513
858.97595,35.933804,16.389294,49.664513
849.2867,36.05964,16.389294,49.664513
842.1141,34.927124,16.389294,49.664513
832.1731,36.311306,16.389294,49.664513
825.9197,38.417587,16.039787,48.6054
817.4256,40.95375,15.697734,47.568874
811.90076,42.971153,15.362975,46.554455
802.58234,47.09958,15.362975,46.554455
797.4026,50.21088,15.035355,45.56167
792.11084,55.036102,14.714721,44.590054
784.7541,59.105057,14.400925,43.639156
780.325,64.15296,14.093821,42.708538
775.78186,69.09322,13.793265,41.797764
771.01624,74.07066,13.793265,41.797764
766.6742,79.47171,13.793265,41.797764
764.6777,87.16471,13.49912,40.906414
760.52594,92.296104,13.2112465,40.034073
758.8016,100.106544,13.2112465,40.034073
757.2804,108.25708,12.929513,39.180336
755.5928,116.29805,12.929513,39.180336
753.7213,124.27477,12.653788,38.344803
751.6811,134.67026,12.653788,38.344803
749.83514,144.67715,12.653788,38.344803
750.4383,154.16933,12.383942,37.52709
749.0121,164.5333,12.383942,37.52709
748.1564,174.7071,12.383942,37.52709
749.0121,185.26125,12.383942,37.52709
747.7694,195.46747,12.11985,36.72681
749.06464,208.14677,11.861391,35.9436
748.06287,218.25557,11.861391,35.9436
747.57495,230.48892,11.608443,35.177094
747.12933,240.02562,11.608443,35.177094
746.86194,249.91884,11.608443,35.177094
746.23804,259.6338,11.608443,35.177094
745.4359,268.99225,11.608443,35.177094
744.812,278.529,11.608443,35.177094
744.3664,286.28314,11.608443,35.177094
744.812,295.81982,11.608443,35.177094
745.0794,303.39575,11.608443,35.177094
744.812,312.93243,11.608443,35.177094
745.7924,320.15186,11.608443,35.177094
745.3149,326.7981,11.360889,34.426933
746.7977,333.34015,11.360889,34.426933
746.18713,339.5333,11.360889,34.426933
746.97217,345.9009,11.360889,34.426933
747.0594,350.0006,11.360889,34.426933
746.4488,354.1003,11.360889,34.426933
746.48584,358.75522,11.118615,33.69277
742.4736,362.25528,11.118615,33.69277
736.24176,365.0724,11.118615,33.69277
727.7904,368.231,11.118615,33.69277
716.6073,369.17,11.118615,33.69277
704.912,370.45053,11.118615,33.69277
689.9727,373.4384,11.118615,33.69277
672.131,374.7189,11.118615,33.69277
654.28925,376.17014,11.118615,33.69277
636.27673,376.597,11.118615,33.69277
618.94714,377.536,11.118615,33.69277
603.0208,378.30667,10.881507,32.97426
593.9142,378.39023,10.881507,32.97426
588.1495,378.4738,10.881507,32.97426
586.8963,378.72443,10.881507,32.97426
587.48114,376.96994,10.881507,32.97426
588.40015,377.0535,10.881507,32.97426
589.15204,376.30157,10.881507,32.97426
588.7343,377.0535,10.881507,32.97426
589.5674,374.86844,11.12226,33.703815
588.62805,375.637,11.12226,33.703815
589.2258,374.35608,11.12226,33.703815
589.36865,373.54022,11.3683405,34.449512
588.93225,373.6275,11.3683405,34.449512
589.8924,373.0165,11.3683405,34.449512
589.676,372.0015,11.619865,35.211708
589.94366,372.0907,11.619865,35.211708
590.27795,370.86813,11.876955,35.99077
590.80884,371.13226,12.139732,36.787064
591.08844,371.03906,12.139732,36.787064
590.08386,370.1486,12.408324,37.60098
590.9413,370.4344,12.408324,37.60098
591.2982,368.93115,12.682858,38.4329
591.8651,368.00085,12.963467,39.283226
592.5618,367.70227,12.963467,39.283226
591.8651,368.399,12.963467,39.283226
592.95996,368.1004,12.963467,39.283226
593.8558,367.80182,12.963467,39.283226
592.7609,368.29947,12.963467,39.283226
593.8558,367.80182,12.963467,39.283226
593.7562,368.49854,12.963467,39.283226
594.2539,368.59805,12.963467,39.283226
594.62683,367.44064,13.250283,40.152367
593.9147,367.3389,13.250283,40.152367
593.6095,368.25452,13.250283,40.152367
594.32166,368.35626,13.250283,40.152367
593.2026,368.458,13.250283,40.152367
593.71124,367.5424,13.250283,40.152367
594.2199,367.8476,13.250283,40.152367
593.50775,368.7632,13.250283,40.152367
593.8889,367.7913,13.543446,41.040737
593.369,369.35107,13.543446,41.040737
593.97437,368.14185,13.843094,41.948765
593.9315,368.0086,14.149372,42.87688
592.986,367.19617,14.462427,43.82553
593.8629,366.82654,14.782409,44.79517
594.6574,368.075,14.782409,44.79517
593.66956,366.9907,15.109469,45.786263
594.9457,366.64267,15.109469,45.786263
592.5095,366.29465,15.109469,45.786263
593.78564,368.4988,15.109469,45.786263
594.9425,367.1498,15.443767,46.799282
593.1639,367.50552,15.443767,46.799282
595.1797,368.80984,15.443767,46.799282
593.87537,367.97983,15.443767,46.799282
595.4169,369.28415,15.443767,46.799282
593.4007,368.6434,15.7854595,47.834717
594.86066,367.234,16.134712,48.89306
593.00244,367.85342,16.134712,48.89306
594.6129,368.47284,16.134712,48.89306
593.00244,368.34897,16.134712,48.89306
594.6129,367.97733,16.134712,48.89306
593.00244,369.09225,16.134712,48.89306
594.3651,368.2251,16.134712,48.89306
593.00244,368.10123,16.134712,48.89306
594.3651,367.97736,16.134712,48.89306
592.75464,369.34003,16.134712,48.89306
593.9899,368.15652,16.491693,49.97482
591.83734,368.28314,16.491693,49.97482
592.9769,368.91626,16.491693,49.97482
591.07764,369.54938,16.491693,49.97482
592.47046,369.42276,16.491693,49.97482
591.3309,369.8026,16.491693,49.97482
592.9769,371.19543,16.491693,49.97482
591.3309,370.56232,16.491693,49.97482
592.7237,371.7019,16.491693,49.97482
591.07764,372.33502,16.491693,49.97482
590.69775,371.95517,16.491693,49.97482
591.5841,372.84152,16.491693,49.97482
589.6848,372.46167,16.491693,49.97482
590.31793,372.5883,16.491693,49.97482
588.41864,372.20844,16.491693,49.97482
589.05176,372.5883,16.491693,49.97482
587.4057,373.47464,16.491693,49.97482
588.29205,374.10776,16.491693,49.97482
586.89923,374.9941,16.491693,49.97482
586.2661,376.38693,16.491693,49.97482
586.215,376.75366,16.856573,51.080513
585.3091,377.14194,16.856573,51.080513
586.215,376.4948,16.856573,51.080513
584.01483,377.91846,16.856573,51.080513
585.4385,378.56558,16.856573,51.080513
583.2383,378.95386,16.856573,51.080513
582.85004,379.60098,16.856573,51.080513
581.9922,377.8274,17.229525,52.21067
582.6536,379.54712,17.229525,52.21067
580.6693,379.15027,17.229525,52.21067
581.43945,378.98444,17.610727,53.365833
579.1404,378.25378,18.000364,54.54655
579.94495,376.9334,18.398623,55.753395
577.24994,377.04944,18.805693,56.98694
577.19165,375.66998,19.22177,58.247776
576.7489,376.4079,19.22177,58.247776
574.8303,375.96515,19.22177,58.247776
575.38324,375.1677,19.64705,59.536507
573.44434,373.72653,20.081741,60.853752
572.4224,372.2535,20.52605,62.20014
572.8952,372.4111,20.52605,62.20014
570.84644,371.30792,20.52605,62.20014
570.0585,369.88956,20.52605,62.20014
569.66785,368.38394,20.98019,63.57632
570.1511,367.25635,20.98019,63.57632
567.73486,366.45093,20.98019,63.57632
568.67267,364.57773,21.444378,64.98295
567.19086,363.4252,21.444378,64.98295
567.6848,361.9434,21.444378,64.98295
565.5444,361.12015,21.444378,64.98295
565.8196,357.4973,21.918835,66.42069
563.63184,355.9827,21.918835,66.42069
562.4538,355.14124,21.918835,66.42069
563.63184,354.63635,21.918835,66.42069
560.77094,353.4583,21.918835,66.42069
561.4014,350.80292,22.40379,67.89025
559.1653,350.6309,22.40379,67.89025
559.09595,348.27368,22.899473,69.39233
556.8103,348.09787,22.899473,69.39233
555.9312,347.21878,22.899473,69.39233
555.0521,346.3397,22.899473,69.39233
553.4697,344.40567,22.899473,69.39233
552.94226,342.47165,22.899473,69.39233
551.00824,341.2409,22.899473,69.39233
549.84283,338.1019,23.406124,70.927635
548.22546,336.1251,23.406124,70.927635
548.0458,338.1019,23.406124,70.927635
546.4284,336.84393,23.406124,70.927635
545.61017,335.12704,23.923985,72.49691
544.3244,334.576,23.923985,72.49691
542.67126,334.02493,23.923985,72.49691
542.4876,333.1065,23.923985,72.49691
540.4671,332.55545,23.923985,72.49691
540.393,330.80057,24.453302,74.10091
537.9523,330.2373,24.453302,74.10091
535.9286,328.4436,24.994331,75.74039
534.6566,326.21204,25.54733,77.416145
532.94946,324.74512,26.112566,79.128975
530.7885,323.24573,26.690306,80.8797
528.5797,321.28793,27.280828,82.66917
527.62604,319.72147,27.884417,84.49822
525.7627,318.5646,28.50136,86.367744
524.3122,316.92804,29.131952,88.27863
522.82965,315.25528,29.776497,90.2318
520.8399,314.9687,30.435303,92.22817
519.291,312.73618,31.108685,94.26872
519.19464,312.93234,31.796965,96.354416
515.5502,310.0934,32.500473,98.48626
513.8962,310.29837,33.219547,100.66527
515.3811,306.80316,33.95453,102.89249
510.42783,310.19226,33.95453,102.89249
513.0274,306.61972,34.705772,105.16898
509.5634,309.0179,34.705772,105.16898
505.58545,307.57803,35.473637,107.49585
502.58948,308.93985,35.473637,107.49585
506.4357,305.77264,36.25849,109.8742
502.85745,305.42365,37.06071,112.30517
499.15836,307.98456,37.06071,112.30517
494.91055,308.21826,37.88068,114.78992
492.87466,310.83585,37.88068,114.78992
489.13635,311.67822,38.718792,117.32964
486.54907,311.30554,39.575447,119.92556
483.27402,312.1856,40.451054,122.57891
479.85767,315.60196,40.451054,122.57891
476.51016,316.50153,41.346035,125.29097
474.406,315.44482,42.260815,128.06303
471.48575,318.36508,42.260815,128.06303
467.91653,321.28534,42.260815,128.06303
463.07266,322.22513,43.195835,130.89642
458.80984,323.18573,44.151543,133.79251
455.08096,318.1009,44.151543,133.79251
450.02042,324.70993,45.128395,136.75267
445.51605,331.9862,45.128395,136.75267
439.62457,334.4277,46.12686,139.77832
435.02057,341.15668,46.12686,139.77832
428.26385,332.6291,47.14742,142.87091
422.85992,335.1798,48.190556,146.03194
417.33643,338.55472,49.25677,149.2629
411.69073,342.00427,50.346577,152.56534
406.66553,348.57568,50.346577,152.56534
400.8949,350.4974,51.460495,155.94084
392.59766,348.52188,51.460495,155.94084
383.41998,348.02655,52.59906,159.39104
374.93915,349.2381,52.59906,159.39104
365.5584,352.08377,53.762814,162.91756
356.82666,357.56198,54.952316,166.52211
347.02625,362.2859,56.168137,170.2064
334.32446,368.0092,57.41086,173.97223
325.0002,382.0909,58.681072,177.82137
315.4697,391.80978,59.97939,181.75566
298.08374,402.69928,61.306435,185.77701
286.31616,425.76373,61.306435,185.77701
269.84155,444.12115,61.306435,185.77701
251.48415,461.53717,61.306435,185.77701
